invoice_id,label_kind,label,mode,true_dollar_impact
CARA:00006338,trap,rate_amendment,,0.0
CARA:00038054,clean,clean,,0.0
CARA:00085098,clean,clean,,0.0
CARA:00095621,clean,clean,,0.0
CARA:00111015,clean,clean,,0.0
CARA:00187146,clean,clean,,0.0
CARA:00373183,clean,clean,,0.0
CARA:00374283,trap,rate_amendment,,0.0
CARA:00379824,clean,clean,,0.0
CARA:00393649,clean,clean,,0.0
CARA:00444181,error,unauthorized_accessorial,liftgate,95.0
CARA:00531780,trap,bol_format,prefix_hash,0.0
CARA:00572968,clean,clean,,0.0
CARA:00667889,clean,clean,,0.0
CARA:00715070,clean,clean,,0.0
CARA:00782063,error,rate_overcharge,markup,624.31
CARA:00843787,clean,clean,,0.0
CARA:00928526,clean,clean,,0.0
CARA:00952366,error,unauthorized_accessorial,liftgate,95.0
CARA:00952366,trap,rate_amendment,,0.0
CARA:00956037,trap,rounding_noise,lh+fsc,0.0
CARA:00960681,clean,clean,,0.0
CARA:00965880,error,weight_overbilling,inflation,176.89
CARA:00994912,trap,late_authorization,liftgate,0.0
CARA:01003179,clean,clean,,0.0
CARA:01018783,clean,clean,,0.0
CARA:01183147,clean,clean,,0.0
CARA:01300215,clean,clean,,0.0
CARA:01308391,clean,clean,,0.0
CARA:01322700,clean,clean,,0.0
CARA:01375615,trap,rate_amendment,,0.0
CARA:01572061,clean,clean,,0.0
CARA:01610353,trap,rounding_noise,lh,0.0
CARA:01674759,clean,clean,,0.0
CARA:01741652,clean,clean,,0.0
CARA:01899397,clean,clean,,0.0
CARA:01899864,clean,clean,,0.0
CARA:02058732,trap,rounding_noise,lh,0.0
CARA:02059724,clean,clean,,0.0
CARA:02064556,trap,bol_format,dashes,0.0
CARA:02173360,clean,clean,,0.0
CARA:02271867,clean,clean,,0.0
CARA:02308374,clean,clean,,0.0
CARA:02372005,clean,clean,,0.0
CARA:02453805,clean,clean,,0.0
CARA:02491273,clean,clean,,0.0
CARA:02519655,trap,rebill,,0.0
CARA:02585563,clean,clean,,0.0
CARA:02676508,trap,bol_format,prefix_dash,0.0
CARA:02696033,clean,clean,,0.0
CARA:02770656,trap,rate_amendment,,0.0
CARA:02904884,clean,clean,,0.0
CARA:02945008,clean,clean,,0.0
CARA:02967885,clean,clean,,0.0
CARA:02982706,superseded,superseded,,0.0
CARA:03025227,trap,bol_format,zeros_dropped,0.0
CARA:03158659,clean,clean,,0.0
CARA:03319229,clean,clean,,0.0
CARA:03341145,clean,clean,,0.0
CARA:03514583,trap,bol_format,prefix_hash,0.0
CARA:03724919,trap,rate_amendment,,0.0
CARA:03787100,clean,clean,,0.0
CARA:03903080,clean,clean,,0.0
CARA:03951882,clean,clean,,0.0
CARA:04006852,clean,clean,,0.0
CARA:04043630,clean,clean,,0.0
CARA:04136766,clean,clean,,0.0
CARA:04145754,clean,clean,,0.0
CARA:04189196,clean,clean,,0.0
CARA:04220308,error,duplicate_invoice,resend,988.06
CARA:04281894,clean,clean,,0.0
CARA:04305203,clean,clean,,0.0
CARA:04315947,clean,clean,,0.0
CARA:04380837,error,fsc_mismatch,wrong_step,3.96
CARA:04544264,clean,clean,,0.0
CARA:04577061,trap,rounding_noise,fsc,0.0
CARA:04579676,clean,clean,,0.0
CARA:04657335,clean,clean,,0.0
CARA:04711190,trap,balance_due,,0.0
CARA:04786399,clean,clean,,0.0
CARA:04860360,clean,clean,,0.0
CARA:04914915,clean,clean,,0.0
CARA:04926513,trap,rounding_noise,lh,0.0
CARA:05003747,clean,clean,,0.0
CARA:05043576,clean,clean,,0.0
CARA:05100939,error,rate_overcharge,markup,9.6
CARA:05117260,trap,bol_format,lowercase,0.0
CARA:05154463,trap,bol_format,prefix_hash,0.0
CARA:05187209,clean,clean,,0.0
CARA:05241678,clean,clean,,0.0
CARA:05374110,trap,rate_amendment,,0.0
CARA:05440395,clean,clean,,0.0
CARA:05490520,trap,rate_amendment,,0.0
CARA:05518746,clean,clean,,0.0
CARA:05545733,trap,bol_format,spaces,0.0
CARA:05573198,clean,clean,,0.0
CARA:05682112,clean,clean,,0.0
CARA:05733436,trap,bol_format,lowercase,0.0
CARA:05733436,trap,rounding_noise,lh,0.0
CARA:05752454,clean,clean,,0.0
CARA:05801757,clean,clean,,0.0
CARA:05885175,trap,bol_format,spaces,0.0
CARA:05918821,clean,clean,,0.0
CARA:06023016,trap,rate_amendment,,0.0
CARA:06044276,clean,clean,,0.0
CARA:06080178,trap,bol_format,prefix_hash,0.0
CARA:06080178,trap,rounding_noise,fsc,0.0
CARA:06204791,trap,rounding_noise,lh,0.0
CARA:06395680,clean,clean,,0.0
CARA:06436883,clean,clean,,0.0
CARA:06563330,clean,clean,,0.0
CARA:06589484,clean,clean,,0.0
CARA:06593592,trap,rate_amendment,,0.0
CARA:06802133,error,fsc_mismatch,wrong_step,17.62
CARA:06802133,trap,bol_format,dashes,0.0
CARA:06906807,clean,clean,,0.0
CARA:06972538,clean,clean,,0.0
CARA:06979347,clean,clean,,0.0
CARA:07023392,clean,clean,,0.0
CARA:07113681,trap,rate_amendment,,0.0
CARA:07274603,error,duplicate_invoice,rekeyed,220.51
CARA:07286558,error,rate_overcharge,markup,64.49
CARA:07367300,clean,clean,,0.0
CARA:07396495,clean,clean,,0.0
CARA:07438084,error,rate_overcharge,markup,300.05
CARA:07438084,trap,bol_format,lowercase,0.0
CARA:07534128,clean,clean,,0.0
CARA:07596232,clean,clean,,0.0
CARA:07613639,trap,late_authorization,liftgate,0.0
CARA:07700852,trap,balance_due,,0.0
CARA:07700852,trap,bol_format,spaces,0.0
CARA:07713886,trap,bol_format,spaces,0.0
CARA:08066962,trap,rate_amendment,,0.0
CARA:08220950,clean,clean,,0.0
CARA:08245797,clean,clean,,0.0
CARA:08268831,clean,clean,,0.0
CARA:08269102,trap,bol_format,lowercase,0.0
CARA:08269102,trap,rounding_noise,lh+fsc,0.0
CARA:08407785,clean,clean,,0.0
CARA:08416536,clean,clean,,0.0
CARA:08441782,clean,clean,,0.0
CARA:08487352,trap,bol_format,spaces,0.0
CARA:08487352,trap,rate_amendment,,0.0
CARA:08640123,trap,bol_format,lowercase,0.0
CARA:08727300,error,weight_overbilling,inflation,418.97
CARA:08727300,trap,bol_format,dashes,0.0
CARA:08727300,trap,rounding_noise,fsc,0.0
CARA:08754964,clean,clean,,0.0
CARA:08788334,clean,clean,,0.0
CARA:08822943,trap,bol_typo,,0.0
CARA:08982081,trap,rounding_noise,lh,0.0
CARA:09009988,clean,clean,,0.0
CARA:09016684,error,weight_overbilling,inflation,21.99
CARA:09109563,error,fsc_mismatch,wrong_step,19.99
CARA:09109563,error,weight_overbilling,inflation,79.21
CARA:09109563,trap,bol_format,lowercase,0.0
CARA:09118861,clean,clean,,0.0
CARA:09225953,trap,bol_format,spaces,0.0
CARA:09227425,clean,clean,,0.0
CARA:09342409,trap,rounding_noise,lh,0.0
CARA:09354270,clean,clean,,0.0
CARA:09402757,trap,rate_amendment,,0.0
CARA:09413563,error,unauthorized_accessorial,liftgate,95.0
CARA:09413563,trap,bol_format,prefix_hash,0.0
CARA:09413563,trap,rate_amendment,,0.0
CARA:09466512,clean,clean,,0.0
CARA:09500486,clean,clean,,0.0
CARA:09549580,clean,clean,,0.0
CARA:09588955,trap,rounding_noise,fsc,0.0
CARA:09645669,clean,clean,,0.0
CARA:09851036,error,unauthorized_accessorial,liftgate,95.0
CARA:09851036,trap,rate_amendment,,0.0
CARA:09881774,clean,clean,,0.0
CARA:09972314,clean,clean,,0.0
CARA:09989789,clean,clean,,0.0
CARA:10037504,clean,clean,,0.0
CARA:10148804,clean,clean,,0.0
CARA:10238179,error,weight_overbilling,inflation,105.03
CARA:10287015,clean,clean,,0.0
CARA:10373551,clean,clean,,0.0
CARA:10388755,clean,clean,,0.0
CARA:10401131,error,weight_overbilling,inflation,109.66
CARA:10401131,trap,bol_format,lowercase,0.0
CARA:10407768,clean,clean,,0.0
CARA:10409250,clean,clean,,0.0
CARA:10434809,clean,clean,,0.0
CARA:10503341,clean,clean,,0.0
CARA:10507941,clean,clean,,0.0
CARA:10613770,clean,clean,,0.0
CARA:10743874,clean,clean,,0.0
CARA:10870170,clean,clean,,0.0
CARA:10888341,clean,clean,,0.0
CARA:10984935,trap,late_authorization,liftgate,0.0
CARA:11184445,clean,clean,,0.0
CARA:11198280,clean,clean,,0.0
CARA:11404793,clean,clean,,0.0
CARA:11547507,trap,balance_due,,0.0
CARA:11587863,clean,clean,,0.0
CARA:11625065,clean,clean,,0.0
CARA:11647472,clean,clean,,0.0
CARA:11686031,trap,rate_amendment,,0.0
CARA:11709039,clean,clean,,0.0
CARA:11761583,clean,clean,,0.0
CARA:11803931,clean,clean,,0.0
CARA:11807576,clean,clean,,0.0
CARA:11894563,clean,clean,,0.0
CARA:11953350,clean,clean,,0.0
CARA:12035308,error,fsc_mismatch,wrong_week,12.34
CARA:12035308,trap,rounding_noise,lh,0.0
CARA:12038872,trap,rounding_noise,lh,0.0
CARA:12111773,clean,clean,,0.0
CARA:12295286,trap,rate_amendment,,0.0
CARA:12435645,clean,clean,,0.0
CARA:12522932,clean,clean,,0.0
CARA:12645450,clean,clean,,0.0
CARA:12704795,clean,clean,,0.0
CARA:12715807,trap,rebill,,0.0
CARA:12788181,error,rate_overcharge,markup,168.15
CARA:12915225,trap,rate_amendment,,0.0
CARA:12963352,trap,bol_format,spaces,0.0
CARA:12975137,clean,clean,,0.0
CARA:12992112,clean,clean,,0.0
CARA:13112564,trap,rounding_noise,fsc,0.0
CARA:13259990,clean,clean,,0.0
CARA:13329126,trap,late_authorization,residential,0.0
CARA:13463803,trap,bol_format,dashes,0.0
CARA:13521977,clean,clean,,0.0
CARA:13559961,trap,bol_format,prefix_hash,0.0
CARA:13686207,clean,clean,,0.0
CARA:13730392,clean,clean,,0.0
CARA:13794526,trap,bol_format,prefix_hash,0.0
CARA:13803161,error,unauthorized_accessorial,residential,125.0
CARA:13858622,clean,clean,,0.0
CARA:13874131,trap,late_authorization,liftgate,0.0
CARA:13909496,error,rate_overcharge,markup,46.69
CARA:13909496,trap,rounding_noise,lh,0.0
CARA:13944578,clean,clean,,0.0
CARA:14052470,trap,rate_amendment,,0.0
CARA:14086541,trap,bol_format,prefix_dash,0.0
CARA:14125770,clean,clean,,0.0
CARA:14217584,clean,clean,,0.0
CARA:14265949,clean,clean,,0.0
CARA:14401101,error,phantom_invoice,,633.19
CARA:14416076,trap,late_authorization,liftgate,0.0
CARA:14416076,trap,rounding_noise,lh+fsc,0.0
CARA:14609939,clean,clean,,0.0
CARA:14650184,clean,clean,,0.0
CARA:14664879,clean,clean,,0.0
CARA:14828954,clean,clean,,0.0
CARA:14912448,clean,clean,,0.0
CARA:14986569,clean,clean,,0.0
CARA:15001035,clean,clean,,0.0
CARA:15076538,clean,clean,,0.0
CARA:15128119,clean,clean,,0.0
CARA:15173113,error,fsc_mismatch,wrong_week,4.87
CARA:15254921,trap,balance_due,,0.0
CARA:15254921,trap,bol_typo,,0.0
CARA:15264655,clean,clean,,0.0
CARA:15309727,clean,clean,,0.0
CARA:15375068,trap,balance_due,,0.0
CARA:15621831,clean,clean,,0.0
CARA:15665055,clean,clean,,0.0
CARA:15716982,clean,clean,,0.0
CARA:15723976,trap,rate_amendment,,0.0
CARA:15866842,error,fsc_mismatch,wrong_week,22.66
CARA:15890098,clean,clean,,0.0
CARA:15952461,trap,bol_format,prefix_dash,0.0
CARA:15952461,trap,rounding_noise,fsc,0.0
CARA:15981659,clean,clean,,0.0
CARA:16077063,error,fsc_mismatch,sub_tolerance,0.94
CARA:16120857,trap,rounding_noise,lh+fsc,0.0
CARA:16222034,trap,rounding_noise,lh+fsc,0.0
CARA:16230339,clean,clean,,0.0
CARA:16280505,clean,clean,,0.0
CARA:16386902,clean,clean,,0.0
CARA:16413617,error,rate_overcharge,markup,82.88
CARA:16413617,trap,rounding_noise,lh,0.0
CARA:16649274,clean,clean,,0.0
CARA:16664678,clean,clean,,0.0
CARA:16673185,superseded,superseded,,0.0
CARA:16732084,error,fsc_mismatch,sub_tolerance,0.47
CARA:16754586,clean,clean,,0.0
CARA:16807933,trap,bol_format,lowercase,0.0
CARA:16819707,clean,clean,,0.0
CARA:16862605,trap,rebill,,0.0
CARA:17028869,clean,clean,,0.0
CARA:17058497,clean,clean,,0.0
CARA:17175665,clean,clean,,0.0
CARA:17198502,trap,rate_amendment,,0.0
CARA:17218534,clean,clean,,0.0
CARA:17264600,error,rate_overcharge,markup,36.35
CARA:17264600,trap,rounding_noise,fsc,0.0
CARA:17404099,clean,clean,,0.0
CARA:17496189,superseded,superseded,,0.0
CARA:17626203,trap,rounding_noise,lh,0.0
CARA:17717841,clean,clean,,0.0
CARA:17863652,clean,clean,,0.0
CARA:17870984,trap,bol_format,spaces,0.0
CARA:17921177,clean,clean,,0.0
CARA:18116671,error,unauthorized_accessorial,residential,125.0
CARA:18156946,trap,rounding_noise,fsc,0.0
CARA:18205725,trap,rounding_noise,fsc,0.0
CARA:18317470,clean,clean,,0.0
CARA:18324235,clean,clean,,0.0
CARA:18343542,clean,clean,,0.0
CARA:18593087,clean,clean,,0.0
CARA:18616410,error,unauthorized_accessorial,residential,125.0
CARA:18616410,trap,rounding_noise,fsc,0.0
CARA:18619826,trap,bol_format,lowercase,0.0
CARA:18635131,trap,balance_due,,0.0
CARA:18770262,clean,clean,,0.0
CARA:18794587,trap,bol_format,prefix_hash,0.0
CARA:18810622,trap,rounding_noise,fsc,0.0
CARA:18928316,trap,bol_format,prefix_dash,0.0
CARA:18930601,clean,clean,,0.0
CARA:19033269,trap,bol_format,spaces,0.0
CARA:19190581,error,unauthorized_accessorial,liftgate,95.0
CARA:19190581,trap,documented_reweigh,,0.0
CARA:19242202,trap,rounding_noise,fsc,0.0
CARA:19299196,clean,clean,,0.0
CARA:19477179,clean,clean,,0.0
CARA:19483658,clean,clean,,0.0
CARA:19483952,clean,clean,,0.0
CARA:19554053,clean,clean,,0.0
CARA:19563650,clean,clean,,0.0
CARA:19592392,clean,clean,,0.0
CARA:19644310,clean,clean,,0.0
CARA:19763254,clean,clean,,0.0
CARA:19806355,clean,clean,,0.0
CARA:19815245,clean,clean,,0.0
CARA:19858514,clean,clean,,0.0
CARA:19866920,clean,clean,,0.0
CARA:20141693,clean,clean,,0.0
CARA:20143829,clean,clean,,0.0
CARA:20224830,clean,clean,,0.0
CARA:20259491,clean,clean,,0.0
CARA:20292228,trap,bol_format,spaces,0.0
CARA:20292228,trap,rate_amendment,,0.0
CARA:20362719,clean,clean,,0.0
CARA:20510152,clean,clean,,0.0
CARA:20553326,trap,rate_amendment,,0.0
CARA:20620293,error,fsc_mismatch,wrong_step,5.75
CARA:20637991,clean,clean,,0.0
CARA:20689858,clean,clean,,0.0
CARA:20690398,superseded,superseded,,0.0
CARA:20750891,clean,clean,,0.0
CARA:21040963,trap,bol_format,dashes,0.0
CARA:21058436,clean,clean,,0.0
CARA:21063132,clean,clean,,0.0
CARA:21143821,clean,clean,,0.0
CARA:21143854,trap,rate_amendment,,0.0
CARA:21200277,trap,bol_format,lowercase,0.0
CARA:21261855,clean,clean,,0.0
CARA:21283954,clean,clean,,0.0
CARA:21285063,clean,clean,,0.0
CARA:21371199,clean,clean,,0.0
CARA:21484571,clean,clean,,0.0
CARA:21643475,clean,clean,,0.0
CARA:21697107,trap,rate_amendment,,0.0
CARA:21713270,clean,clean,,0.0
CARA:21813276,clean,clean,,0.0
CARA:21908168,clean,clean,,0.0
CARA:21949728,clean,clean,,0.0
CARA:21996938,trap,bol_format,lowercase,0.0
CARA:22188822,clean,clean,,0.0
CARA:22290782,clean,clean,,0.0
CARA:22402943,error,rate_overcharge,markup,231.82
CARA:22402943,error,unauthorized_accessorial,residential,125.0
CARA:22479019,clean,clean,,0.0
CARA:22504066,clean,clean,,0.0
CARA:22587497,clean,clean,,0.0
CARA:22627127,clean,clean,,0.0
CARA:22731885,trap,bol_format,prefix_hash,0.0
CARA:22731885,trap,rate_amendment,,0.0
CARA:22761733,trap,rounding_noise,fsc,0.0
CARA:23058651,trap,bol_format,dashes,0.0
CARA:23105109,clean,clean,,0.0
CARA:23105632,error,weight_overbilling,inflation,35.29
CARA:23117517,error,weight_overbilling,inflation,167.51
CARA:23189017,error,rate_overcharge,markup,16.15
CARA:23202043,trap,bol_format,spaces,0.0
CARA:23300438,error,fsc_mismatch,sub_tolerance,1.53
CARA:23388955,trap,rate_amendment,,0.0
CARA:23388955,trap,rounding_noise,fsc,0.0
CARA:23609280,clean,clean,,0.0
CARA:23613990,error,fsc_mismatch,wrong_week,12.75
CARA:23712174,error,weight_overbilling,inflation,397.0
CARA:23737918,trap,documented_reweigh,,0.0
CARA:23737918,trap,rate_amendment,,0.0
CARA:24059429,trap,bol_format,prefix_dash,0.0
CARA:24227449,superseded,superseded,,0.0
CARA:24664846,clean,clean,,0.0
CARA:24666026,clean,clean,,0.0
CARA:24689402,trap,rounding_noise,lh,0.0
CARA:24756854,trap,late_authorization,liftgate,0.0
CARA:24877801,clean,clean,,0.0
CARA:24984615,clean,clean,,0.0
CARA:25026518,clean,clean,,0.0
CARA:25045859,trap,documented_reweigh,,0.0
CARA:25045859,trap,rate_amendment,,0.0
CARA:25073059,trap,bol_format,lowercase,0.0
CARA:25073942,clean,clean,,0.0
CARA:25241614,clean,clean,,0.0
CARA:25300545,trap,bol_format,spaces,0.0
CARA:25319484,error,fsc_mismatch,wrong_week,5.87
CARA:25319484,trap,rate_amendment,,0.0
CARA:25336993,clean,clean,,0.0
CARA:25460167,trap,bol_format,lowercase,0.0
CARA:25482088,clean,clean,,0.0
CARA:25536500,trap,late_authorization,residential,0.0
CARA:25552321,error,duplicate_invoice,resend,857.43
CARA:25584999,trap,rate_amendment,,0.0
CARA:25712315,clean,clean,,0.0
CARA:25725877,clean,clean,,0.0
CARA:25727949,trap,bol_format,zeros_dropped,0.0
CARA:25746117,clean,clean,,0.0
CARA:25760102,error,fsc_mismatch,wrong_step,32.53
CARA:25762812,clean,clean,,0.0
CARA:25820662,clean,clean,,0.0
CARA:25854310,clean,clean,,0.0
CARA:25912339,trap,bol_format,prefix_dash,0.0
CARA:26019822,trap,rate_amendment,,0.0
CARA:26093378,trap,rounding_noise,fsc,0.0
CARA:26096284,clean,clean,,0.0
CARA:26113230,clean,clean,,0.0
CARA:26136203,clean,clean,,0.0
CARA:26172127,clean,clean,,0.0
CARA:26280576,clean,clean,,0.0
CARA:26297094,trap,bol_format,prefix_dash,0.0
CARA:26312675,clean,clean,,0.0
CARA:26472328,clean,clean,,0.0
CARA:26525945,trap,bol_format,dashes,0.0
CARA:26533925,clean,clean,,0.0
CARA:26567528,clean,clean,,0.0
CARA:26582671,trap,rounding_noise,lh+fsc,0.0
CARA:26682934,clean,clean,,0.0
CARA:26779041,clean,clean,,0.0
CARA:26832525,trap,bol_format,zeros_dropped,0.0
CARA:26893355,clean,clean,,0.0
CARA:27053622,trap,balance_due,,0.0
CARA:27064827,trap,late_authorization,liftgate,0.0
CARA:27073904,error,fsc_mismatch,wrong_step,6.31
CARA:27073904,trap,rate_amendment,,0.0
CARA:27179869,clean,clean,,0.0
CARA:27211061,clean,clean,,0.0
CARA:27275772,clean,clean,,0.0
CARA:27307052,trap,rate_amendment,,0.0
CARA:27332239,error,weight_overbilling,inflation,83.22
CARA:27383872,clean,clean,,0.0
CARA:27473514,clean,clean,,0.0
CARA:27527483,trap,late_authorization,liftgate,0.0
CARA:27531487,error,rate_overcharge,sub_tolerance,5.73
CARA:27531487,trap,rate_amendment,,0.0
CARA:27646456,trap,late_authorization,liftgate,0.0
CARA:27700151,clean,clean,,0.0
CARA:27714466,clean,clean,,0.0
CARA:27742596,clean,clean,,0.0
CARA:27743361,clean,clean,,0.0
CARA:27753492,clean,clean,,0.0
CARA:27786122,clean,clean,,0.0
CARA:27786210,trap,rate_amendment,,0.0
CARA:27831186,error,rate_overcharge,markup,79.83
CARA:27944360,trap,rate_amendment,,0.0
CARA:28074919,trap,bol_format,spaces,0.0
CARA:28126700,trap,bol_format,prefix_dash,0.0
CARA:28136289,clean,clean,,0.0
CARA:28160946,error,unauthorized_accessorial,liftgate,95.0
CARA:28277776,clean,clean,,0.0
CARA:28297843,error,rate_overcharge,markup,31.8
CARA:28421712,clean,clean,,0.0
CARA:28466192,error,unauthorized_accessorial,liftgate,95.0
CARA:28504416,clean,clean,,0.0
CARA:28544357,trap,bol_format,lowercase,0.0
CARA:28681941,clean,clean,,0.0
CARA:28761281,clean,clean,,0.0
CARA:28790848,clean,clean,,0.0
CARA:28816436,clean,clean,,0.0
CARA:28901253,clean,clean,,0.0
CARA:29040375,trap,bol_format,prefix_dash,0.0
CARA:29068907,clean,clean,,0.0
CARA:29108607,trap,rounding_noise,fsc,0.0
CARA:29305729,clean,clean,,0.0
CARA:29463240,error,rate_overcharge,markup,70.1
CARA:29489637,error,unauthorized_accessorial,residential,125.0
CARA:29528967,trap,rounding_noise,lh,0.0
CARA:29530122,trap,rounding_noise,fsc,0.0
CARA:29683231,trap,bol_format,spaces,0.0
CARA:29938521,error,unauthorized_accessorial,liftgate,95.0
CARA:29938521,trap,rate_amendment,,0.0
CARA:30022010,clean,clean,,0.0
CARA:30046853,clean,clean,,0.0
CARA:30266692,clean,clean,,0.0
CARA:30583376,clean,clean,,0.0
CARA:30826928,trap,rate_amendment,,0.0
CARA:30830477,clean,clean,,0.0
CARA:30919926,trap,bol_format,prefix_hash,0.0
CARA:30919926,trap,rate_amendment,,0.0
CARA:31056780,clean,clean,,0.0
CARA:31128288,trap,late_authorization,residential,0.0
CARA:31128288,trap,rate_amendment,,0.0
CARA:31138675,clean,clean,,0.0
CARA:31277664,clean,clean,,0.0
CARA:31444524,clean,clean,,0.0
CARA:31476189,error,duplicate_invoice,rekeyed,442.59
CARA:31476189,trap,bol_format,lowercase,0.0
CARA:31581910,clean,clean,,0.0
CARA:31601339,trap,bol_format,lowercase,0.0
CARA:31693994,clean,clean,,0.0
CARA:31694222,clean,clean,,0.0
CARA:31710440,clean,clean,,0.0
CARA:31767397,clean,clean,,0.0
CARA:31848735,error,unauthorized_accessorial,residential,125.0
CARA:31907576,error,rate_overcharge,markup,67.46
CARA:31907576,trap,bol_format,dashes,0.0
CARA:31909930,clean,clean,,0.0
CARA:31956326,clean,clean,,0.0
CARA:31956695,clean,clean,,0.0
CARA:31995355,clean,clean,,0.0
CARA:32089488,clean,clean,,0.0
CARA:32162766,trap,bol_format,lowercase,0.0
CARA:32193643,clean,clean,,0.0
CARA:32206583,trap,rounding_noise,lh+fsc,0.0
CARA:32215981,error,rate_overcharge,markup,139.81
CARA:32215996,error,rate_overcharge,markup,38.78
CARA:32322032,trap,bol_format,prefix_hash,0.0
CARA:32364353,trap,rate_amendment,,0.0
CARA:32406352,clean,clean,,0.0
CARA:32445325,superseded,superseded,,0.0
CARA:32507462,trap,rounding_noise,fsc,0.0
CARA:32559941,trap,documented_reweigh,,0.0
CARA:32559941,trap,rounding_noise,lh,0.0
CARA:32623419,clean,clean,,0.0
CARA:32750302,clean,clean,,0.0
CARA:32903913,clean,clean,,0.0
CARA:32961153,trap,bol_format,prefix_dash,0.0
CARA:32971925,clean,clean,,0.0
CARA:32999531,clean,clean,,0.0
CARA:33086267,trap,bol_format,dashes,0.0
CARA:33233379,clean,clean,,0.0
CARA:33284485,trap,documented_reweigh,,0.0
CARA:33284566,clean,clean,,0.0
CARA:33430383,trap,bol_format,prefix_dash,0.0
CARA:33482308,clean,clean,,0.0
CARA:33519283,clean,clean,,0.0
CARA:33554059,clean,clean,,0.0
CARA:33559226,clean,clean,,0.0
CARA:33803329,clean,clean,,0.0
CARA:33860188,error,weight_overbilling,inflation,60.96
CARA:33863840,error,phantom_invoice,,1437.91
CARA:33898015,clean,clean,,0.0
CARA:33965649,clean,clean,,0.0
CARA:34056389,trap,late_authorization,residential,0.0
CARA:34056389,trap,rate_amendment,,0.0
CARA:34068850,clean,clean,,0.0
CARA:34176148,trap,rebill,,0.0
CARA:34258434,trap,bol_format,prefix_dash,0.0
CARA:34286304,trap,bol_format,lowercase,0.0
CARA:34378593,trap,bol_format,prefix_hash,0.0
CARA:34378593,trap,rounding_noise,lh,0.0
CARA:34492362,clean,clean,,0.0
CARA:34629723,clean,clean,,0.0
CARA:34652677,clean,clean,,0.0
CARA:34754038,clean,clean,,0.0
CARA:34790481,trap,rounding_noise,lh+fsc,0.0
CARA:34848682,trap,rounding_noise,lh+fsc,0.0
CARA:34911625,clean,clean,,0.0
CARA:34989793,clean,clean,,0.0
CARA:35003418,trap,bol_format,lowercase,0.0
CARA:35003418,trap,rate_amendment,,0.0
CARA:35046446,clean,clean,,0.0
CARA:35159103,clean,clean,,0.0
CARA:35276010,clean,clean,,0.0
CARA:35336703,clean,clean,,0.0
CARA:35348309,clean,clean,,0.0
CARA:35357324,clean,clean,,0.0
CARA:35538164,trap,rounding_noise,lh,0.0
CARA:35543767,clean,clean,,0.0
CARA:35545705,clean,clean,,0.0
CARA:35656852,trap,documented_reweigh,,0.0
CARA:35725886,clean,clean,,0.0
CARA:35762782,trap,bol_format,dashes,0.0
CARA:35925794,trap,bol_format,lowercase,0.0
CARA:35999038,clean,clean,,0.0
CARA:36006194,trap,bol_format,prefix_dash,0.0
CARA:36029689,clean,clean,,0.0
CARA:36093163,clean,clean,,0.0
CARA:36110550,trap,bol_format,prefix_dash,0.0
CARA:36182981,clean,clean,,0.0
CARA:36301659,clean,clean,,0.0
CARA:36348655,trap,bol_format,prefix_dash,0.0
CARA:36348655,trap,rounding_noise,lh+fsc,0.0
CARA:36455039,clean,clean,,0.0
CARA:36477548,clean,clean,,0.0
CARA:36732168,trap,rounding_noise,lh+fsc,0.0
CARA:37074140,clean,clean,,0.0
CARA:37116567,clean,clean,,0.0
CARA:37156971,clean,clean,,0.0
CARA:37235936,clean,clean,,0.0
CARA:37297802,clean,clean,,0.0
CARA:37330275,clean,clean,,0.0
CARA:37441693,clean,clean,,0.0
CARA:37476542,error,weight_overbilling,inflation,269.8
CARA:37530923,clean,clean,,0.0
CARA:37639953,trap,bol_format,lowercase,0.0
CARA:37678354,clean,clean,,0.0
CARA:37770453,clean,clean,,0.0
CARA:37776034,clean,clean,,0.0
CARA:37799802,trap,bol_format,prefix_hash,0.0
CARA:37841328,trap,bol_format,spaces,0.0
CARA:37841328,trap,rounding_noise,fsc,0.0
CARA:37885301,trap,bol_format,spaces,0.0
CARA:37885301,trap,rounding_noise,fsc,0.0
CARA:37968377,clean,clean,,0.0
CARA:38135268,error,weight_overbilling,inflation,74.47
CARA:38135268,trap,late_authorization,residential,0.0
CARA:38166552,clean,clean,,0.0
CARA:38168545,trap,bol_format,prefix_hash,0.0
CARA:38168545,trap,rounding_noise,fsc,0.0
CARA:38240927,error,duplicate_invoice,rekeyed,722.44
CARA:38267840,clean,clean,,0.0
CARA:38289712,clean,clean,,0.0
CARA:38372612,clean,clean,,0.0
CARA:38390603,clean,clean,,0.0
CARA:38435115,clean,clean,,0.0
CARA:38681472,clean,clean,,0.0
CARA:38698018,clean,clean,,0.0
CARA:38725736,clean,clean,,0.0
CARA:38875704,clean,clean,,0.0
CARA:38984038,trap,bol_format,zeros_dropped,0.0
CARA:39039497,clean,clean,,0.0
CARA:39045538,trap,bol_format,dashes,0.0
CARA:39161561,clean,clean,,0.0
CARA:39203586,error,rate_overcharge,markup,380.82
CARA:39213435,trap,rate_amendment,,0.0
CARA:39218896,error,rate_overcharge,markup,119.89
CARA:39218896,trap,late_authorization,residential,0.0
CARA:39264017,error,duplicate_invoice,resend,2025.95
CARA:39264017,trap,bol_format,prefix_dash,0.0
CARA:39341588,trap,bol_format,spaces,0.0
CARA:39341588,trap,rounding_noise,lh+fsc,0.0
CARA:39597359,error,weight_overbilling,inflation,123.33
CARA:39597359,trap,rounding_noise,lh,0.0
CARA:39674130,trap,rounding_noise,lh+fsc,0.0
CARA:39725018,clean,clean,,0.0
CARA:39889541,clean,clean,,0.0
CARA:40003577,clean,clean,,0.0
CARA:40035039,clean,clean,,0.0
CARA:40069188,clean,clean,,0.0
CARA:40090118,clean,clean,,0.0
CARA:40117201,trap,rounding_noise,lh,0.0
CARA:40318871,trap,late_authorization,residential,0.0
CARA:40331764,clean,clean,,0.0
CARA:40381750,superseded,superseded,,0.0
CARA:40459283,clean,clean,,0.0
CARA:40514210,clean,clean,,0.0
CARA:40575835,clean,clean,,0.0
CARA:40630643,clean,clean,,0.0
CARA:40662934,clean,clean,,0.0
CARA:40678948,trap,rounding_noise,lh+fsc,0.0
CARA:40820441,error,weight_overbilling,inflation,58.03
CARA:40820441,trap,rounding_noise,fsc,0.0
CARA:40845509,clean,clean,,0.0
CARA:40879842,clean,clean,,0.0
CARA:40984102,clean,clean,,0.0
CARA:41053902,error,phantom_invoice,,238.59
CARA:41077368,error,weight_overbilling,inflation,84.05
CARA:41201150,clean,clean,,0.0
CARA:41291189,clean,clean,,0.0
CARA:41316627,trap,rate_amendment,,0.0
CARA:41408061,clean,clean,,0.0
CARA:41440128,clean,clean,,0.0
CARA:41531109,clean,clean,,0.0
CARA:41536901,clean,clean,,0.0
CARA:41722422,error,rate_overcharge,markup,189.34
CARA:41722422,trap,rounding_noise,lh+fsc,0.0
CARA:41744630,clean,clean,,0.0
CARA:41841046,trap,rounding_noise,fsc,0.0
CARA:41844247,clean,clean,,0.0
CARA:41859782,clean,clean,,0.0
CARA:41965104,clean,clean,,0.0
CARA:42125973,trap,rate_amendment,,0.0
CARA:42243406,clean,clean,,0.0
CARA:42262155,clean,clean,,0.0
CARA:42724903,trap,rate_amendment,,0.0
CARA:42765518,trap,rounding_noise,lh,0.0
CARA:42815508,error,duplicate_invoice,rekeyed,279.65
CARA:42815508,trap,bol_format,lowercase,0.0
CARA:42853125,error,weight_overbilling,inflation,42.94
CARA:43023400,clean,clean,,0.0
CARA:43027244,clean,clean,,0.0
CARA:43169252,trap,rate_amendment,,0.0
CARA:43169252,trap,rounding_noise,lh,0.0
CARA:43326186,clean,clean,,0.0
CARA:43327708,clean,clean,,0.0
CARA:43334308,trap,bol_format,dashes,0.0
CARA:43439904,clean,clean,,0.0
CARA:43454719,clean,clean,,0.0
CARA:43566506,clean,clean,,0.0
CARA:43605740,clean,clean,,0.0
CARA:43633734,superseded,superseded,,0.0
CARA:43659082,clean,clean,,0.0
CARA:43725231,trap,bol_format,prefix_dash,0.0
CARA:43802702,clean,clean,,0.0
CARA:43907653,error,phantom_invoice,,1163.71
CARA:43980462,clean,clean,,0.0
CARA:43983977,clean,clean,,0.0
CARA:44064118,clean,clean,,0.0
CARA:44206048,trap,bol_format,prefix_dash,0.0
CARA:44263885,clean,clean,,0.0
CARA:44436194,trap,bol_format,spaces,0.0
CARA:44505172,trap,bol_format,spaces,0.0
CARA:44561113,clean,clean,,0.0
CARA:44575977,clean,clean,,0.0
CARA:44631806,clean,clean,,0.0
CARA:44636998,clean,clean,,0.0
CARA:44730147,clean,clean,,0.0
CARA:44731891,clean,clean,,0.0
CARA:44767278,clean,clean,,0.0
CARA:44785956,clean,clean,,0.0
CARA:44819631,clean,clean,,0.0
CARA:44830194,error,unauthorized_accessorial,residential,125.0
CARA:44916269,error,fsc_mismatch,wrong_step,6.82
CARA:45069405,clean,clean,,0.0
CARA:45075653,trap,rounding_noise,lh+fsc,0.0
CARA:45080994,clean,clean,,0.0
CARA:45106836,clean,clean,,0.0
CARA:45154664,trap,bol_format,prefix_hash,0.0
CARA:45154664,trap,rounding_noise,lh,0.0
CARA:45242177,clean,clean,,0.0
CARA:45246413,trap,late_authorization,liftgate,0.0
CARA:45283110,clean,clean,,0.0
CARA:45390809,clean,clean,,0.0
CARA:45507072,trap,rate_amendment,,0.0
CARA:45626625,clean,clean,,0.0
CARA:45761969,trap,rate_amendment,,0.0
CARA:45792033,trap,bol_format,dashes,0.0
CARA:45926785,clean,clean,,0.0
CARA:45928550,clean,clean,,0.0
CARA:45945003,trap,rate_amendment,,0.0
CARA:46149272,trap,late_authorization,liftgate,0.0
CARA:46164632,clean,clean,,0.0
CARA:46183907,clean,clean,,0.0
CARA:46207179,trap,late_authorization,liftgate,0.0
CARA:46268382,clean,clean,,0.0
CARA:46289662,error,fsc_mismatch,wrong_step,40.23
CARA:46302852,error,rate_overcharge,markup,63.33
CARA:46302852,trap,rounding_noise,lh,0.0
CARA:46361344,error,rate_overcharge,markup,69.22
CARA:46387256,clean,clean,,0.0
CARA:46605368,trap,bol_format,dashes,0.0
CARA:46624556,clean,clean,,0.0
CARA:46667677,clean,clean,,0.0
CARA:46728290,superseded,superseded,,0.0
CARA:46755991,error,weight_overbilling,sub_tolerance,5.02
CARA:46815124,error,rate_overcharge,markup,38.83
CARA:47007831,clean,clean,,0.0
CARA:47099417,clean,clean,,0.0
CARA:47099834,clean,clean,,0.0
CARA:47116630,clean,clean,,0.0
CARA:47122231,trap,bol_format,spaces,0.0
CARA:47132816,clean,clean,,0.0
CARA:47149388,clean,clean,,0.0
CARA:47164270,clean,clean,,0.0
CARA:47231228,clean,clean,,0.0
CARA:47262462,error,phantom_invoice,,740.62
CARA:47286419,trap,bol_format,lowercase,0.0
CARA:47382395,clean,clean,,0.0
CARA:47389742,clean,clean,,0.0
CARA:47390171,error,rate_overcharge,markup,62.96
CARA:47390171,trap,bol_format,prefix_dash,0.0
CARA:47452629,clean,clean,,0.0
CARA:47474184,trap,rate_amendment,,0.0
CARA:47843283,clean,clean,,0.0
CARA:47898541,clean,clean,,0.0
CARA:47907437,clean,clean,,0.0
CARA:47947611,error,weight_overbilling,inflation,68.32
CARA:48115462,clean,clean,,0.0
CARA:48313212,trap,documented_reweigh,,0.0
CARA:48363966,error,unauthorized_accessorial,liftgate,95.0
CARA:48439587,clean,clean,,0.0
CARA:48596131,trap,bol_format,prefix_dash,0.0
CARA:48605088,clean,clean,,0.0
CARA:48874975,trap,rate_amendment,,0.0
CARA:48932293,clean,clean,,0.0
CARA:48953755,clean,clean,,0.0
CARA:48970536,clean,clean,,0.0
CARA:49006806,clean,clean,,0.0
CARA:49034239,trap,rounding_noise,fsc,0.0
CARA:49040172,trap,bol_format,lowercase,0.0
CARA:49040172,trap,rate_amendment,,0.0
CARA:49040172,trap,rounding_noise,fsc,0.0
CARA:49053288,clean,clean,,0.0
CARA:49100598,clean,clean,,0.0
CARA:49107091,clean,clean,,0.0
CARA:49116140,trap,documented_reweigh,,0.0
CARA:49272559,clean,clean,,0.0
CARA:49301708,trap,rate_amendment,,0.0
CARA:49348983,trap,bol_format,prefix_hash,0.0
CARA:49558690,clean,clean,,0.0
CARA:49602250,trap,rounding_noise,lh+fsc,0.0
CARA:49646841,clean,clean,,0.0
CARA:49652443,clean,clean,,0.0
CARA:49676407,clean,clean,,0.0
CARA:49740188,clean,clean,,0.0
CARA:49744123,trap,bol_format,dashes,0.0
CARA:49799404,clean,clean,,0.0
CARA:49804075,trap,bol_format,lowercase,0.0
CARA:49947530,clean,clean,,0.0
CARA:50035272,clean,clean,,0.0
CARA:50046740,clean,clean,,0.0
CARA:50107141,clean,clean,,0.0
CARA:50218689,clean,clean,,0.0
CARA:50279096,trap,bol_format,prefix_dash,0.0
CARA:50351075,clean,clean,,0.0
CARA:50450243,trap,documented_reweigh,,0.0
CARA:50450243,trap,rounding_noise,lh+fsc,0.0
CARA:50508562,clean,clean,,0.0
CARA:50636964,trap,bol_typo,,0.0
CARA:50642216,error,weight_overbilling,sub_tolerance,3.27
CARA:50645531,clean,clean,,0.0
CARA:50663045,clean,clean,,0.0
CARA:50782482,clean,clean,,0.0
CARA:50835932,trap,documented_reweigh,,0.0
CARA:50835932,trap,rounding_noise,fsc,0.0
CARA:50875438,clean,clean,,0.0
CARA:50922324,clean,clean,,0.0
CARA:50934546,trap,rate_amendment,,0.0
CARA:51032152,clean,clean,,0.0
CARA:51066358,trap,rounding_noise,fsc,0.0
CARA:51150877,trap,rebill,,0.0
CARA:51171332,clean,clean,,0.0
CARA:51204218,trap,documented_reweigh,,0.0
CARA:51286069,clean,clean,,0.0
CARA:51357185,trap,rounding_noise,lh+fsc,0.0
CARA:51389529,clean,clean,,0.0
CARA:51414215,clean,clean,,0.0
CARA:51534095,clean,clean,,0.0
CARA:51609646,clean,clean,,0.0
CARA:51620951,clean,clean,,0.0
CARA:51757538,clean,clean,,0.0
CARA:51761582,trap,bol_format,lowercase,0.0
CARA:51964059,clean,clean,,0.0
CARA:52017808,clean,clean,,0.0
CARA:52108727,clean,clean,,0.0
CARA:52110560,error,weight_overbilling,inflation,215.91
CARA:52267647,clean,clean,,0.0
CARA:52338767,trap,bol_format,prefix_hash,0.0
CARA:52363364,clean,clean,,0.0
CARA:52372219,clean,clean,,0.0
CARA:52412500,clean,clean,,0.0
CARA:52458077,clean,clean,,0.0
CARA:52520647,clean,clean,,0.0
CARA:52657671,clean,clean,,0.0
CARA:52774184,clean,clean,,0.0
CARA:52783754,clean,clean,,0.0
CARA:52880130,error,rate_overcharge,markup,25.25
CARA:53112917,clean,clean,,0.0
CARA:53116388,clean,clean,,0.0
CARA:53163630,clean,clean,,0.0
CARA:53271691,clean,clean,,0.0
CARA:53415432,trap,bol_format,spaces,0.0
CARA:53415432,trap,rounding_noise,fsc,0.0
CARA:53437415,trap,late_authorization,liftgate,0.0
CARA:53587488,trap,late_authorization,liftgate,0.0
CARA:53587488,trap,rounding_noise,lh,0.0
CARA:53594317,clean,clean,,0.0
CARA:53622374,error,weight_overbilling,inflation,584.41
CARA:53622374,trap,rate_amendment,,0.0
CARA:53652039,trap,balance_due,,0.0
CARA:53697619,clean,clean,,0.0
CARA:53877890,trap,bol_format,prefix_hash,0.0
CARA:53962494,trap,rate_amendment,,0.0
CARA:54052197,error,fsc_mismatch,wrong_step,14.21
CARA:54130934,clean,clean,,0.0
CARA:54163560,trap,bol_format,prefix_hash,0.0
CARA:54222869,trap,rate_amendment,,0.0
CARA:54282355,clean,clean,,0.0
CARA:54424263,clean,clean,,0.0
CARA:54552632,trap,rounding_noise,lh,0.0
CARA:54557394,clean,clean,,0.0
CARA:54669035,trap,rate_amendment,,0.0
CARA:54709482,clean,clean,,0.0
CARA:54769045,clean,clean,,0.0
CARA:54774337,clean,clean,,0.0
CARA:54892446,error,rate_overcharge,markup,118.33
CARA:54902855,clean,clean,,0.0
CARA:54925338,trap,rounding_noise,fsc,0.0
CARA:54982842,trap,rate_amendment,,0.0
CARA:55022948,clean,clean,,0.0
CARA:55054362,clean,clean,,0.0
CARA:55114287,trap,bol_format,spaces,0.0
CARA:55114287,trap,late_authorization,liftgate,0.0
CARA:55144148,clean,clean,,0.0
CARA:55267955,error,weight_overbilling,inflation,19.84
CARA:55304462,clean,clean,,0.0
CARA:55329921,trap,bol_format,lowercase,0.0
CARA:55837700,trap,late_authorization,liftgate,0.0
CARA:55874941,clean,clean,,0.0
CARA:55917541,error,weight_overbilling,inflation,130.04
CARA:55917541,trap,bol_format,dashes,0.0
CARA:56200387,clean,clean,,0.0
CARA:56204352,clean,clean,,0.0
CARA:56205614,trap,rate_amendment,,0.0
CARA:56209260,clean,clean,,0.0
CARA:56252006,trap,bol_format,prefix_dash,0.0
CARA:56259837,clean,clean,,0.0
CARA:56296677,clean,clean,,0.0
CARA:56481852,clean,clean,,0.0
CARA:56487117,clean,clean,,0.0
CARA:56642511,clean,clean,,0.0
CARA:56646655,clean,clean,,0.0
CARA:56943043,clean,clean,,0.0
CARA:57003905,trap,bol_format,lowercase,0.0
CARA:57003905,trap,rate_amendment,,0.0
CARA:57084722,clean,clean,,0.0
CARA:57166628,clean,clean,,0.0
CARA:57218432,trap,bol_format,dashes,0.0
CARA:57253610,clean,clean,,0.0
CARA:57306043,clean,clean,,0.0
CARA:57323614,clean,clean,,0.0
CARA:57394042,clean,clean,,0.0
CARA:57520515,trap,rounding_noise,fsc,0.0
CARA:57530615,trap,balance_due,,0.0
CARA:57657872,clean,clean,,0.0
CARA:57732675,clean,clean,,0.0
CARA:57828062,clean,clean,,0.0
CARA:57869236,trap,rounding_noise,lh+fsc,0.0
CARA:57871385,clean,clean,,0.0
CARA:57963133,trap,bol_format,prefix_hash,0.0
CARA:57963133,trap,rate_amendment,,0.0
CARA:58130542,clean,clean,,0.0
CARA:58159536,trap,rounding_noise,fsc,0.0
CARA:58264567,clean,clean,,0.0
CARA:58279373,clean,clean,,0.0
CARA:58317929,error,duplicate_invoice,resend,491.94
CARA:58335065,clean,clean,,0.0
CARA:58483979,trap,bol_format,prefix_dash,0.0
CARA:58483979,trap,rounding_noise,fsc,0.0
CARA:58508312,clean,clean,,0.0
CARA:58709534,superseded,superseded,,0.0
CARA:58726816,trap,late_authorization,liftgate,0.0
CARA:58853271,clean,clean,,0.0
CARA:58959153,clean,clean,,0.0
CARA:58986590,clean,clean,,0.0
CARA:58990350,error,unauthorized_accessorial,residential,125.0
CARA:59035856,clean,clean,,0.0
CARA:59044047,clean,clean,,0.0
CARA:59075540,error,duplicate_invoice,resend,909.72
CARA:59165430,clean,clean,,0.0
CARA:59185113,clean,clean,,0.0
CARA:59222008,error,unauthorized_accessorial,liftgate,95.0
CARA:59222008,trap,rate_amendment,,0.0
CARA:59239455,clean,clean,,0.0
CARA:59246666,trap,bol_format,prefix_hash,0.0
CARA:59285228,clean,clean,,0.0
CARA:59310438,clean,clean,,0.0
CARA:59372992,error,unauthorized_accessorial,residential,125.0
CARA:59372992,trap,bol_format,dashes,0.0
CARA:59532580,clean,clean,,0.0
CARA:59538813,trap,bol_format,dashes,0.0
CARA:59547535,clean,clean,,0.0
CARA:59733859,trap,bol_format,spaces,0.0
CARA:59797318,clean,clean,,0.0
CARA:59822534,clean,clean,,0.0
CARA:59982379,clean,clean,,0.0
CARA:60028024,trap,bol_format,prefix_dash,0.0
CARA:60103563,clean,clean,,0.0
CARA:60311517,clean,clean,,0.0
CARA:60336265,error,weight_overbilling,inflation,121.92
CARA:60336265,trap,bol_format,dashes,0.0
CARA:60440068,trap,rounding_noise,lh,0.0
CARA:60523447,clean,clean,,0.0
CARA:60592169,error,duplicate_invoice,rekeyed,418.42
CARA:60675935,clean,clean,,0.0
CARA:60682864,clean,clean,,0.0
CARA:60762523,clean,clean,,0.0
CARA:60790527,clean,clean,,0.0
CARA:60830046,clean,clean,,0.0
CARA:60880890,clean,clean,,0.0
CARA:60883027,error,unauthorized_accessorial,liftgate,95.0
CARA:60883027,trap,bol_format,lowercase,0.0
CARA:60883027,trap,rounding_noise,fsc,0.0
CARA:61053457,clean,clean,,0.0
CARA:61063719,clean,clean,,0.0
CARA:61217449,clean,clean,,0.0
CARA:61302698,clean,clean,,0.0
CARA:61491324,clean,clean,,0.0
CARA:61497913,error,unauthorized_accessorial,liftgate,95.0
CARA:61583469,clean,clean,,0.0
CARA:61672299,clean,clean,,0.0
CARA:61683903,clean,clean,,0.0
CARA:61742847,clean,clean,,0.0
CARA:61772114,clean,clean,,0.0
CARA:61813679,trap,bol_format,spaces,0.0
CARA:61815138,clean,clean,,0.0
CARA:61924024,clean,clean,,0.0
CARA:61978513,clean,clean,,0.0
CARA:62022446,clean,clean,,0.0
CARA:62064494,trap,rebill,,0.0
CARA:62085986,clean,clean,,0.0
CARA:62095599,error,fsc_mismatch,wrong_step,8.31
CARA:62095637,clean,clean,,0.0
CARA:62125270,clean,clean,,0.0
CARA:62129498,clean,clean,,0.0
CARA:62157704,trap,rate_amendment,,0.0
CARA:62235408,clean,clean,,0.0
CARA:62367373,clean,clean,,0.0
CARA:62433871,clean,clean,,0.0
CARA:62454598,trap,balance_due,,0.0
CARA:62455234,clean,clean,,0.0
CARA:62526125,trap,bol_format,prefix_hash,0.0
CARA:62625952,trap,bol_format,prefix_hash,0.0
CARA:62625952,trap,rate_amendment,,0.0
CARA:62658055,trap,rate_amendment,,0.0
CARA:62819400,clean,clean,,0.0
CARA:62899591,clean,clean,,0.0
CARA:63297927,error,weight_overbilling,inflation,141.95
CARA:63297927,trap,rate_amendment,,0.0
CARA:63410887,clean,clean,,0.0
CARA:63430139,clean,clean,,0.0
CARA:63449491,clean,clean,,0.0
CARA:63493998,error,duplicate_invoice,rekeyed,659.58
CARA:63493998,trap,bol_format,spaces,0.0
CARA:63790702,clean,clean,,0.0
CARA:63857155,clean,clean,,0.0
CARA:63892383,trap,rounding_noise,lh+fsc,0.0
CARA:63926111,error,rate_overcharge,sub_tolerance,3.09
CARA:64069989,trap,balance_due,,0.0
CARA:64172410,error,duplicate_invoice,resend,935.32
CARA:64175121,clean,clean,,0.0
CARA:64208448,clean,clean,,0.0
CARA:64237968,clean,clean,,0.0
CARA:64243825,trap,documented_reweigh,,0.0
CARA:64243825,trap,late_authorization,liftgate,0.0
CARA:64280074,clean,clean,,0.0
CARA:64398282,clean,clean,,0.0
CARA:64441536,trap,balance_due,,0.0
CARA:64611811,trap,bol_format,prefix_dash,0.0
CARA:64696725,clean,clean,,0.0
CARA:64719244,clean,clean,,0.0
CARA:64739633,superseded,superseded,,0.0
CARA:64858010,clean,clean,,0.0
CARA:64880764,trap,rate_amendment,,0.0
CARA:65024956,clean,clean,,0.0
CARA:65034552,clean,clean,,0.0
CARA:65048370,clean,clean,,0.0
CARA:65082490,superseded,superseded,,0.0
CARA:65124041,trap,rebill,,0.0
CARA:65191133,error,unauthorized_accessorial,residential,125.0
CARA:65241425,trap,bol_format,spaces,0.0
CARA:65273605,trap,documented_reweigh,,0.0
CARA:65293873,trap,rounding_noise,lh+fsc,0.0
CARA:65336868,clean,clean,,0.0
CARA:65339398,clean,clean,,0.0
CARA:65457581,trap,bol_format,lowercase,0.0
CARA:65506621,clean,clean,,0.0
CARA:65518130,clean,clean,,0.0
CARA:65580194,clean,clean,,0.0
CARA:65646522,trap,bol_format,prefix_dash,0.0
CARA:65677892,trap,bol_format,spaces,0.0
CARA:65746537,clean,clean,,0.0
CARA:65764682,clean,clean,,0.0
CARA:65825047,clean,clean,,0.0
CARA:65850912,trap,balance_due,,0.0
CARA:66035748,clean,clean,,0.0
CARA:66056658,clean,clean,,0.0
CARA:66111421,superseded,superseded,,0.0
CARA:66123002,clean,clean,,0.0
CARA:66184883,trap,bol_format,prefix_hash,0.0
CARA:66317104,clean,clean,,0.0
CARA:66351443,clean,clean,,0.0
CARA:66455906,clean,clean,,0.0
CARA:66463862,trap,bol_format,lowercase,0.0
CARA:66478278,trap,rate_amendment,,0.0
CARA:66496341,trap,bol_format,spaces,0.0
CARA:66577893,trap,rate_amendment,,0.0
CARA:66595484,clean,clean,,0.0
CARA:66642905,trap,rate_amendment,,0.0
CARA:66716157,error,phantom_invoice,,1317.22
CARA:66737576,clean,clean,,0.0
CARA:66738946,clean,clean,,0.0
CARA:66810786,trap,late_authorization,residential,0.0
CARA:66860084,clean,clean,,0.0
CARA:66890478,clean,clean,,0.0
CARA:67014424,clean,clean,,0.0
CARA:67019574,trap,rate_amendment,,0.0
CARA:67020917,clean,clean,,0.0
CARA:67043011,trap,rounding_noise,lh+fsc,0.0
CARA:67043743,trap,rounding_noise,fsc,0.0
CARA:67233543,clean,clean,,0.0
CARA:67240018,trap,bol_format,lowercase,0.0
CARA:67285683,error,weight_overbilling,inflation,81.58
CARA:67285683,trap,late_authorization,liftgate,0.0
CARA:67346951,clean,clean,,0.0
CARA:67471463,clean,clean,,0.0
CARA:67477836,clean,clean,,0.0
CARA:67513052,trap,rebill,,0.0
CARA:67557598,trap,late_authorization,liftgate,0.0
CARA:67562305,clean,clean,,0.0
CARA:67736735,trap,rate_amendment,,0.0
CARA:67853953,clean,clean,,0.0
CARA:67855474,trap,bol_format,prefix_dash,0.0
CARA:67915037,trap,bol_format,prefix_hash,0.0
CARA:68133066,trap,bol_format,prefix_dash,0.0
CARA:68149119,trap,rate_amendment,,0.0
CARA:68276066,clean,clean,,0.0
CARA:68277911,clean,clean,,0.0
CARA:68280575,trap,rate_amendment,,0.0
CARA:68301746,trap,bol_format,prefix_hash,0.0
CARA:68410203,clean,clean,,0.0
CARA:68448983,clean,clean,,0.0
CARA:68484532,trap,bol_format,prefix_hash,0.0
CARA:68515605,clean,clean,,0.0
CARA:68562203,trap,bol_format,lowercase,0.0
CARA:68864256,trap,bol_format,prefix_hash,0.0
CARA:68864256,trap,rebill,,0.0
CARA:68887864,trap,rate_amendment,,0.0
CARA:68913888,clean,clean,,0.0
CARA:69006587,error,phantom_invoice,,254.19
CARA:69046159,error,fsc_mismatch,wrong_step,45.06
CARA:69046159,trap,rate_amendment,,0.0
CARA:69063244,trap,bol_format,dashes,0.0
CARA:69608698,clean,clean,,0.0
CARA:69610008,clean,clean,,0.0
CARA:69726084,clean,clean,,0.0
CARA:69748396,clean,clean,,0.0
CARA:69822868,error,unauthorized_accessorial,residential,125.0
CARA:69845889,clean,clean,,0.0
CARA:69846473,trap,bol_format,spaces,0.0
CARA:69900043,superseded,superseded,,0.0
CARA:69998577,clean,clean,,0.0
CARA:70106922,error,phantom_invoice,,957.38
CARA:70125325,clean,clean,,0.0
CARA:70247828,clean,clean,,0.0
CARA:70278239,clean,clean,,0.0
CARA:70467749,trap,late_authorization,residential,0.0
CARA:70501712,clean,clean,,0.0
CARA:70511985,clean,clean,,0.0
CARA:70618331,clean,clean,,0.0
CARA:70683299,error,fsc_mismatch,wrong_step,31.16
CARA:70683299,trap,bol_format,prefix_hash,0.0
CARA:70838370,clean,clean,,0.0
CARA:70868885,clean,clean,,0.0
CARA:70918305,clean,clean,,0.0
CARA:70938119,clean,clean,,0.0
CARA:71000023,error,unauthorized_accessorial,residential,125.0
CARA:71020850,trap,rebill,,0.0
CARA:71028509,clean,clean,,0.0
CARA:71080417,clean,clean,,0.0
CARA:71181668,trap,rate_amendment,,0.0
CARA:71450181,clean,clean,,0.0
CARA:71596655,clean,clean,,0.0
CARA:71641798,clean,clean,,0.0
CARA:71698333,trap,balance_due,,0.0
CARA:71791277,clean,clean,,0.0
CARA:71834906,trap,late_authorization,liftgate,0.0
CARA:71834906,trap,rounding_noise,lh+fsc,0.0
CARA:71839932,clean,clean,,0.0
CARA:71947313,trap,rate_amendment,,0.0
CARA:72004177,clean,clean,,0.0
CARA:72086241,clean,clean,,0.0
CARA:72123009,error,fsc_mismatch,wrong_step,3.89
CARA:72143964,clean,clean,,0.0
CARA:72190156,clean,clean,,0.0
CARA:72279789,clean,clean,,0.0
CARA:72294361,clean,clean,,0.0
CARA:72476825,error,rate_overcharge,markup,86.8
CARA:72521478,clean,clean,,0.0
CARA:72580390,clean,clean,,0.0
CARA:72587091,trap,bol_format,spaces,0.0
CARA:72658212,clean,clean,,0.0
CARA:72679789,clean,clean,,0.0
CARA:72686107,clean,clean,,0.0
CARA:72693113,clean,clean,,0.0
CARA:72720377,clean,clean,,0.0
CARA:72743891,error,weight_overbilling,inflation,32.18
CARA:72800208,clean,clean,,0.0
CARA:72922744,trap,bol_format,lowercase,0.0
CARA:73151677,trap,balance_due,,0.0
CARA:73296265,error,fsc_mismatch,wrong_step,8.79
CARA:73296265,trap,rounding_noise,fsc,0.0
CARA:73316970,trap,rounding_noise,lh,0.0
CARA:73590679,clean,clean,,0.0
CARA:73693244,clean,clean,,0.0
CARA:73754048,clean,clean,,0.0
CARA:73968244,trap,rounding_noise,fsc,0.0
CARA:73986062,trap,bol_format,lowercase,0.0
CARA:74054149,clean,clean,,0.0
CARA:74194426,trap,bol_format,lowercase,0.0
CARA:74232996,clean,clean,,0.0
CARA:74238841,error,unauthorized_accessorial,liftgate,95.0
CARA:74310145,clean,clean,,0.0
CARA:74341782,clean,clean,,0.0
CARA:74409244,trap,documented_reweigh,,0.0
CARA:74418320,clean,clean,,0.0
CARA:74509194,clean,clean,,0.0
CARA:74552056,error,rate_overcharge,sub_tolerance,3.28
CARA:74552056,trap,rate_amendment,,0.0
CARA:74668179,trap,bol_format,prefix_dash,0.0
CARA:74668179,trap,rate_amendment,,0.0
CARA:74674351,clean,clean,,0.0
CARA:74679847,trap,bol_format,lowercase,0.0
CARA:74724542,trap,balance_due,,0.0
CARA:74727343,trap,rate_amendment,,0.0
CARA:74778226,clean,clean,,0.0
CARA:74790501,clean,clean,,0.0
CARA:74792742,trap,rate_amendment,,0.0
CARA:74818636,clean,clean,,0.0
CARA:74826155,error,weight_overbilling,inflation,185.33
CARA:74826155,trap,bol_format,prefix_hash,0.0
CARA:74859311,clean,clean,,0.0
CARA:74962515,clean,clean,,0.0
CARA:75007034,trap,rate_amendment,,0.0
CARA:75029717,clean,clean,,0.0
CARA:75047050,clean,clean,,0.0
CARA:75101574,clean,clean,,0.0
CARA:75142834,clean,clean,,0.0
CARA:75177123,clean,clean,,0.0
CARA:75188020,clean,clean,,0.0
CARA:75303000,trap,bol_format,prefix_hash,0.0
CARA:75347833,clean,clean,,0.0
CARA:75392429,trap,rounding_noise,fsc,0.0
CARA:75450409,clean,clean,,0.0
CARA:75462355,clean,clean,,0.0
CARA:75528010,clean,clean,,0.0
CARA:75705613,clean,clean,,0.0
CARA:75710802,error,fsc_mismatch,wrong_step,11.52
CARA:75710802,error,unauthorized_accessorial,liftgate,95.0
CARA:75740142,clean,clean,,0.0
CARA:75755047,trap,bol_format,spaces,0.0
CARA:75796665,trap,bol_format,spaces,0.0
CARA:75853018,clean,clean,,0.0
CARA:75912410,superseded,superseded,,0.0
CARA:75914541,trap,rate_amendment,,0.0
CARA:75936106,clean,clean,,0.0
CARA:76131715,trap,bol_format,prefix_hash,0.0
CARA:76161683,clean,clean,,0.0
CARA:76172943,clean,clean,,0.0
CARA:76268969,clean,clean,,0.0
CARA:76270783,clean,clean,,0.0
CARA:76357700,trap,rate_amendment,,0.0
CARA:76561541,trap,bol_format,prefix_dash,0.0
CARA:76753526,error,rate_overcharge,markup,42.81
CARA:76847092,clean,clean,,0.0
CARA:76895076,error,fsc_mismatch,sub_tolerance,1.27
CARA:76895076,trap,bol_format,lowercase,0.0
CARA:76932245,error,unauthorized_accessorial,liftgate,95.0
CARA:76932245,trap,rate_amendment,,0.0
CARA:76944234,clean,clean,,0.0
CARA:76961405,clean,clean,,0.0
CARA:77119235,clean,clean,,0.0
CARA:77163438,clean,clean,,0.0
CARA:77274583,clean,clean,,0.0
CARA:77287447,trap,bol_format,dashes,0.0
CARA:77406094,trap,bol_format,spaces,0.0
CARA:77406094,trap,rate_amendment,,0.0
CARA:77470020,trap,bol_format,prefix_dash,0.0
CARA:77639741,trap,bol_format,prefix_hash,0.0
CARA:77639741,trap,rounding_noise,fsc,0.0
CARA:77670726,clean,clean,,0.0
CARA:77718272,trap,rate_amendment,,0.0
CARA:77743935,trap,bol_format,prefix_hash,0.0
CARA:77806265,clean,clean,,0.0
CARA:77855270,error,rate_overcharge,markup,68.42
CARA:77855270,trap,rounding_noise,fsc,0.0
CARA:77865875,error,duplicate_invoice,rekeyed,306.89
CARA:77866420,trap,bol_format,dashes,0.0
CARA:77883867,clean,clean,,0.0
CARA:77950944,clean,clean,,0.0
CARA:78231414,clean,clean,,0.0
CARA:78256140,clean,clean,,0.0
CARA:78261649,clean,clean,,0.0
CARA:78309870,clean,clean,,0.0
CARA:78445001,trap,documented_reweigh,,0.0
CARA:78529457,trap,bol_format,lowercase,0.0
CARA:78572353,clean,clean,,0.0
CARA:78573802,clean,clean,,0.0
CARA:78623606,trap,late_authorization,liftgate,0.0
CARA:78633937,clean,clean,,0.0
CARA:78705351,trap,balance_due,,0.0
CARA:78711385,clean,clean,,0.0
CARA:78858503,clean,clean,,0.0
CARA:78886799,clean,clean,,0.0
CARA:79038242,error,fsc_mismatch,sub_tolerance,0.75
CARA:79044621,trap,rate_amendment,,0.0
CARA:79067887,clean,clean,,0.0
CARA:79153821,trap,rounding_noise,lh+fsc,0.0
CARA:79200550,clean,clean,,0.0
CARA:79223475,clean,clean,,0.0
CARA:79235208,clean,clean,,0.0
CARA:79266051,trap,bol_format,prefix_hash,0.0
CARA:79369500,error,weight_overbilling,inflation,27.9
CARA:79369500,trap,rate_amendment,,0.0
CARA:79369500,trap,rounding_noise,lh,0.0
CARA:79389260,clean,clean,,0.0
CARA:79398718,trap,bol_format,prefix_hash,0.0
CARA:79398718,trap,rounding_noise,lh+fsc,0.0
CARA:79474292,clean,clean,,0.0
CARA:79479836,clean,clean,,0.0
CARA:79487907,clean,clean,,0.0
CARA:79527550,trap,bol_format,lowercase,0.0
CARA:79558637,clean,clean,,0.0
CARA:79639789,clean,clean,,0.0
CARA:79733113,error,rate_overcharge,sub_tolerance,1.97
CARA:79863346,trap,bol_format,lowercase,0.0
CARA:79863346,trap,late_authorization,residential,0.0
CARA:79930210,clean,clean,,0.0
CARA:80148644,clean,clean,,0.0
CARA:80189720,clean,clean,,0.0
CARA:80240898,clean,clean,,0.0
CARA:80246734,trap,rate_amendment,,0.0
CARA:80281953,clean,clean,,0.0
CARA:80408125,trap,documented_reweigh,,0.0
CARA:80510175,clean,clean,,0.0
CARA:80515389,clean,clean,,0.0
CARA:80522857,trap,bol_format,prefix_dash,0.0
CARA:80522857,trap,documented_reweigh,,0.0
CARA:80577629,trap,rounding_noise,lh,0.0
CARA:80602986,clean,clean,,0.0
CARA:80605727,clean,clean,,0.0
CARA:80616208,clean,clean,,0.0
CARA:80864408,trap,rounding_noise,lh,0.0
CARA:80944480,clean,clean,,0.0
CARA:80971456,clean,clean,,0.0
CARA:81027476,clean,clean,,0.0
CARA:81037903,trap,bol_format,spaces,0.0
CARA:81140486,clean,clean,,0.0
CARA:81172412,clean,clean,,0.0
CARA:81207822,trap,rounding_noise,lh,0.0
CARA:81274165,trap,bol_format,prefix_hash,0.0
CARA:81330033,clean,clean,,0.0
CARA:81336284,trap,bol_format,spaces,0.0
CARA:81466259,clean,clean,,0.0
CARA:81522281,trap,balance_due,,0.0
CARA:81534634,clean,clean,,0.0
CARA:81596240,error,fsc_mismatch,sub_tolerance,2.08
CARA:81633832,trap,bol_format,spaces,0.0
CARA:81720227,error,rate_overcharge,markup,13.58
CARA:81934614,clean,clean,,0.0
CARA:81981595,trap,rebill,,0.0
CARA:82095793,trap,bol_format,spaces,0.0
CARA:82143303,error,weight_overbilling,inflation,47.57
CARA:82159291,trap,rounding_noise,lh,0.0
CARA:82187285,clean,clean,,0.0
CARA:82239545,trap,rebill,,0.0
CARA:82271296,clean,clean,,0.0
CARA:82316599,clean,clean,,0.0
CARA:82374104,clean,clean,,0.0
CARA:82391670,clean,clean,,0.0
CARA:82447082,clean,clean,,0.0
CARA:82447644,clean,clean,,0.0
CARA:82467502,clean,clean,,0.0
CARA:82501432,error,unauthorized_accessorial,liftgate,95.0
CARA:82501432,trap,bol_format,lowercase,0.0
CARA:82677748,clean,clean,,0.0
CARA:82693421,clean,clean,,0.0
CARA:82756579,clean,clean,,0.0
CARA:82764380,clean,clean,,0.0
CARA:82838780,clean,clean,,0.0
CARA:82873367,trap,rounding_noise,lh,0.0
CARA:82881915,clean,clean,,0.0
CARA:82886577,trap,bol_format,prefix_hash,0.0
CARA:83075201,clean,clean,,0.0
CARA:83319468,trap,documented_reweigh,,0.0
CARA:83473311,clean,clean,,0.0
CARA:83547529,trap,rounding_noise,fsc,0.0
CARA:83605845,clean,clean,,0.0
CARA:83646344,trap,bol_format,lowercase,0.0
CARA:83654620,clean,clean,,0.0
CARA:83664728,trap,documented_reweigh,,0.0
CARA:83777927,clean,clean,,0.0
CARA:83781688,clean,clean,,0.0
CARA:83817291,clean,clean,,0.0
CARA:83856487,trap,rate_amendment,,0.0
CARA:83856487,trap,rounding_noise,lh+fsc,0.0
CARA:83919783,clean,clean,,0.0
CARA:84075629,clean,clean,,0.0
CARA:84079424,trap,rate_amendment,,0.0
CARA:84087614,trap,rate_amendment,,0.0
CARA:84098449,clean,clean,,0.0
CARA:84170230,clean,clean,,0.0
CARA:84212344,clean,clean,,0.0
CARA:84257871,clean,clean,,0.0
CARA:84275660,clean,clean,,0.0
CARA:84284532,clean,clean,,0.0
CARA:84448438,error,weight_overbilling,inflation,69.46
CARA:84715740,clean,clean,,0.0
CARA:84805273,clean,clean,,0.0
CARA:84805704,clean,clean,,0.0
CARA:84806817,clean,clean,,0.0
CARA:84812420,clean,clean,,0.0
CARA:84819265,trap,bol_format,spaces,0.0
CARA:84889343,error,fsc_mismatch,wrong_step,15.26
CARA:84889343,trap,bol_format,prefix_dash,0.0
CARA:84889343,trap,documented_reweigh,,0.0
CARA:85185398,trap,late_authorization,residential,0.0
CARA:85300564,clean,clean,,0.0
CARA:85412557,error,fsc_mismatch,wrong_step,17.45
CARA:85449740,clean,clean,,0.0
CARA:85479195,clean,clean,,0.0
CARA:85494743,clean,clean,,0.0
CARA:85508183,trap,bol_format,prefix_hash,0.0
CARA:85508183,trap,late_authorization,liftgate,0.0
CARA:85508183,trap,rate_amendment,,0.0
CARA:85514251,clean,clean,,0.0
CARA:85606180,error,unauthorized_accessorial,residential,125.0
CARA:85636552,clean,clean,,0.0
CARA:85682204,trap,bol_format,lowercase,0.0
CARA:85805035,clean,clean,,0.0
CARA:85877049,trap,rounding_noise,fsc,0.0
CARA:85959956,clean,clean,,0.0
CARA:86013158,trap,rate_amendment,,0.0
CARA:86033714,trap,balance_due,,0.0
CARA:86206883,clean,clean,,0.0
CARA:86382850,clean,clean,,0.0
CARA:86392806,clean,clean,,0.0
CARA:86419684,clean,clean,,0.0
CARA:86462026,trap,rounding_noise,lh,0.0
CARA:86489545,clean,clean,,0.0
CARA:86604165,trap,bol_format,spaces,0.0
CARA:86752877,trap,rebill,,0.0
CARA:86756410,trap,bol_format,prefix_dash,0.0
CARA:86756410,trap,late_authorization,residential,0.0
CARA:86870221,clean,clean,,0.0
CARA:86949766,trap,late_authorization,liftgate,0.0
CARA:86969574,clean,clean,,0.0
CARA:86978223,clean,clean,,0.0
CARA:87005214,clean,clean,,0.0
CARA:87234016,trap,bol_format,lowercase,0.0
CARA:87327510,clean,clean,,0.0
CARA:87406821,clean,clean,,0.0
CARA:87484596,trap,rate_amendment,,0.0
CARA:87484596,trap,rounding_noise,lh+fsc,0.0
CARA:87522708,clean,clean,,0.0
CARA:87591613,trap,bol_format,prefix_dash,0.0
CARA:87951178,clean,clean,,0.0
CARA:88212623,error,fsc_mismatch,wrong_step,19.83
CARA:88255252,trap,bol_format,prefix_hash,0.0
CARA:88255252,trap,rounding_noise,fsc,0.0
CARA:88263067,trap,rounding_noise,lh,0.0
CARA:88408552,error,unauthorized_accessorial,residential,125.0
CARA:88408552,trap,rounding_noise,fsc,0.0
CARA:88462967,trap,bol_format,prefix_dash,0.0
CARA:88499852,clean,clean,,0.0
CARA:88606918,clean,clean,,0.0
CARA:88612441,clean,clean,,0.0
CARA:88751555,clean,clean,,0.0
CARA:88784112,trap,rounding_noise,lh,0.0
CARA:89035335,clean,clean,,0.0
CARA:89053091,clean,clean,,0.0
CARA:89096497,trap,bol_format,spaces,0.0
CARA:89096497,trap,rate_amendment,,0.0
CARA:89096497,trap,rounding_noise,fsc,0.0
CARA:89151952,error,weight_overbilling,inflation,71.23
CARA:89157467,trap,bol_format,prefix_hash,0.0
CARA:89173544,clean,clean,,0.0
CARA:89275864,clean,clean,,0.0
CARA:89277574,clean,clean,,0.0
CARA:89363296,clean,clean,,0.0
CARA:89440794,clean,clean,,0.0
CARA:89441530,error,weight_overbilling,inflation,38.18
CARA:89441530,trap,rounding_noise,fsc,0.0
CARA:89461952,clean,clean,,0.0
CARA:89465253,clean,clean,,0.0
CARA:89470176,trap,bol_format,prefix_dash,0.0
CARA:89526421,trap,bol_format,prefix_dash,0.0
CARA:89603080,clean,clean,,0.0
CARA:89668064,trap,rate_amendment,,0.0
CARA:89679480,error,duplicate_invoice,rekeyed,1095.64
CARA:89739149,clean,clean,,0.0
CARA:89825918,clean,clean,,0.0
CARA:89893431,clean,clean,,0.0
CARA:89894586,clean,clean,,0.0
CARA:89950332,clean,clean,,0.0
CARA:89990681,clean,clean,,0.0
CARA:90052755,clean,clean,,0.0
CARA:90085578,clean,clean,,0.0
CARA:90156195,trap,rate_amendment,,0.0
CARA:90337656,clean,clean,,0.0
CARA:90427816,error,fsc_mismatch,sub_tolerance,1.17
CARA:90438718,trap,bol_format,prefix_dash,0.0
CARA:90508127,trap,bol_format,spaces,0.0
CARA:90677957,clean,clean,,0.0
CARA:90732100,clean,clean,,0.0
CARA:90735499,trap,rate_amendment,,0.0
CARA:90735499,trap,rounding_noise,lh+fsc,0.0
CARA:90755803,clean,clean,,0.0
CARA:90789105,error,unauthorized_accessorial,residential,125.0
CARA:90826769,clean,clean,,0.0
CARA:90882392,clean,clean,,0.0
CARA:90886025,clean,clean,,0.0
CARA:90975850,trap,bol_format,dashes,0.0
CARA:91062306,clean,clean,,0.0
CARA:91104507,clean,clean,,0.0
CARA:91271628,clean,clean,,0.0
CARA:91334518,clean,clean,,0.0
CARA:91401139,trap,rate_amendment,,0.0
CARA:91424762,clean,clean,,0.0
CARA:91441503,clean,clean,,0.0
CARA:91498535,error,unauthorized_accessorial,liftgate,95.0
CARA:91498535,trap,bol_format,prefix_dash,0.0
CARA:91498535,trap,rounding_noise,lh,0.0
CARA:91620615,clean,clean,,0.0
CARA:91665565,clean,clean,,0.0
CARA:91776802,trap,rate_amendment,,0.0
CARA:91885561,trap,rate_amendment,,0.0
CARA:91886869,trap,rounding_noise,lh+fsc,0.0
CARA:91915630,clean,clean,,0.0
CARA:92043239,trap,rate_amendment,,0.0
CARA:92056857,clean,clean,,0.0
CARA:92109235,clean,clean,,0.0
CARA:92155471,trap,documented_reweigh,,0.0
CARA:92200220,clean,clean,,0.0
CARA:92296321,clean,clean,,0.0
CARA:92326196,clean,clean,,0.0
CARA:92730032,trap,bol_format,prefix_dash,0.0
CARA:92755020,clean,clean,,0.0
CARA:92779919,error,rate_overcharge,markup,89.36
CARA:92800757,error,fsc_mismatch,wrong_week,4.3
CARA:92809843,trap,bol_typo,,0.0
CARA:92819628,clean,clean,,0.0
CARA:93079406,error,rate_overcharge,markup,49.68
CARA:93079406,trap,rate_amendment,,0.0
CARA:93284439,trap,bol_typo,,0.0
CARA:93410861,clean,clean,,0.0
CARA:93439515,trap,bol_format,dashes,0.0
CARA:93444441,clean,clean,,0.0
CARA:93574871,trap,bol_format,spaces,0.0
CARA:93674100,clean,clean,,0.0
CARA:93771125,clean,clean,,0.0
CARA:93788907,trap,bol_format,prefix_dash,0.0
CARA:93810443,clean,clean,,0.0
CARA:93829981,clean,clean,,0.0
CARA:93893507,trap,documented_reweigh,,0.0
CARA:93902071,clean,clean,,0.0
CARA:93955235,clean,clean,,0.0
CARA:93980615,trap,bol_format,zeros_dropped,0.0
CARA:94092050,trap,rounding_noise,fsc,0.0
CARA:94108635,trap,bol_format,zeros_dropped,0.0
CARA:94284664,clean,clean,,0.0
CARA:94331265,clean,clean,,0.0
CARA:94364600,trap,bol_format,spaces,0.0
CARA:94364600,trap,rounding_noise,lh+fsc,0.0
CARA:94449962,error,rate_overcharge,markup,50.01
CARA:94449962,trap,late_authorization,residential,0.0
CARA:94544987,clean,clean,,0.0
CARA:94552229,clean,clean,,0.0
CARA:94558055,clean,clean,,0.0
CARA:94582193,clean,clean,,0.0
CARA:94646293,clean,clean,,0.0
CARA:94701124,clean,clean,,0.0
CARA:94850734,trap,bol_format,prefix_dash,0.0
CARA:94912199,trap,bol_format,prefix_dash,0.0
CARA:95003727,clean,clean,,0.0
CARA:95109584,error,fsc_mismatch,sub_tolerance,1.69
CARA:95169106,trap,rebill,,0.0
CARA:95227044,clean,clean,,0.0
CARA:95311554,error,weight_overbilling,inflation,85.98
CARA:95311554,trap,rate_amendment,,0.0
CARA:95373042,clean,clean,,0.0
CARA:95380052,error,unauthorized_accessorial,residential,125.0
CARA:95380052,trap,late_authorization,liftgate,0.0
CARA:95380052,trap,rounding_noise,fsc,0.0
CARA:95407570,clean,clean,,0.0
CARA:95461314,clean,clean,,0.0
CARA:95464485,trap,bol_format,dashes,0.0
CARA:95547857,clean,clean,,0.0
CARA:95556594,trap,rounding_noise,lh,0.0
CARA:95759883,trap,bol_format,lowercase,0.0
CARA:95800669,clean,clean,,0.0
CARA:95847355,error,rate_overcharge,markup,12.65
CARA:96022270,trap,bol_format,lowercase,0.0
CARA:96023027,trap,rebill,,0.0
CARA:96083008,clean,clean,,0.0
CARA:96144437,clean,clean,,0.0
CARA:96300640,clean,clean,,0.0
CARA:96302124,trap,late_authorization,residential,0.0
CARA:96603056,trap,bol_format,lowercase,0.0
CARA:96629144,clean,clean,,0.0
CARA:96723672,error,rate_overcharge,stale_rate,12.25
CARA:96770532,clean,clean,,0.0
CARA:96808855,trap,late_authorization,liftgate,0.0
CARA:96927168,clean,clean,,0.0
CARA:97015140,error,unauthorized_accessorial,residential,125.0
CARA:97029443,clean,clean,,0.0
CARA:97061115,error,unauthorized_accessorial,residential,125.0
CARA:97348569,clean,clean,,0.0
CARA:97403528,clean,clean,,0.0
CARA:97448734,clean,clean,,0.0
CARA:97608040,trap,bol_typo,,0.0
CARA:97608040,trap,rounding_noise,fsc,0.0
CARA:97650864,trap,bol_format,lowercase,0.0
CARA:97728078,trap,rounding_noise,lh+fsc,0.0
CARA:97805419,clean,clean,,0.0
CARA:97897257,clean,clean,,0.0
CARA:97901612,clean,clean,,0.0
CARA:97972639,clean,clean,,0.0
CARA:98032912,trap,late_authorization,residential,0.0
CARA:98071072,trap,rate_amendment,,0.0
CARA:98080474,clean,clean,,0.0
CARA:98137013,clean,clean,,0.0
CARA:98198249,clean,clean,,0.0
CARA:98200681,clean,clean,,0.0
CARA:98236228,clean,clean,,0.0
CARA:98286254,clean,clean,,0.0
CARA:98398759,error,rate_overcharge,sub_tolerance,5.05
CARA:98398759,trap,rounding_noise,fsc,0.0
CARA:98405743,clean,clean,,0.0
CARA:98473198,error,duplicate_invoice,resend,1281.09
CARA:98537626,clean,clean,,0.0
CARA:98677164,trap,rounding_noise,fsc,0.0
CARA:98713704,clean,clean,,0.0
CARA:98742651,clean,clean,,0.0
CARA:98823861,clean,clean,,0.0
CARA:98926434,trap,bol_format,lowercase,0.0
CARA:99040178,error,weight_overbilling,inflation,238.15
CARA:99164174,clean,clean,,0.0
CARA:99186714,clean,clean,,0.0
CARA:99213825,clean,clean,,0.0
CARA:99241207,trap,bol_format,prefix_dash,0.0
CARA:99241207,trap,late_authorization,liftgate,0.0
CARA:99260859,error,rate_overcharge,markup,19.81
CARA:99260859,trap,bol_format,spaces,0.0
CARA:99260859,trap,rounding_noise,fsc,0.0
CARA:99335321,clean,clean,,0.0
CARA:99341464,trap,late_authorization,liftgate,0.0
CARA:99396354,trap,bol_format,spaces,0.0
CARA:99402803,clean,clean,,0.0
CARA:99586620,error,duplicate_invoice,rekeyed,897.99
CARA:99596975,error,fsc_mismatch,sub_tolerance,0.66
CARA:99596975,trap,late_authorization,liftgate,0.0
CARA:99608018,trap,rounding_noise,lh,0.0
CARA:99647698,error,duplicate_invoice,rekeyed,763.63
CARA:99693554,clean,clean,,0.0
CARA:99773800,clean,clean,,0.0
CARA:99813643,clean,clean,,0.0
CARA:99928752,trap,balance_due,,0.0
CARA:99928752,trap,bol_format,prefix_hash,0.0
CARA:99969306,trap,bol_format,prefix_dash,0.0
CARA:99985281,clean,clean,,0.0
CARB:00001543,trap,bol_format,lowercase,0.0
CARB:00077977,clean,clean,,0.0
CARB:00146805,trap,late_authorization,residential,0.0
CARB:00146805,trap,rate_amendment,,0.0
CARB:00176732,clean,clean,,0.0
CARB:00189929,clean,clean,,0.0
CARB:00288600,trap,bol_format,prefix_dash,0.0
CARB:00451238,clean,clean,,0.0
CARB:00490309,clean,clean,,0.0
CARB:00516153,trap,rounding_noise,fsc,0.0
CARB:00531958,superseded,superseded,,0.0
CARB:00576007,clean,clean,,0.0
CARB:00580967,error,rate_overcharge,markup,46.8
CARB:00608284,clean,clean,,0.0
CARB:00754887,clean,clean,,0.0
CARB:00757202,clean,clean,,0.0
CARB:00817405,trap,bol_format,lowercase,0.0
CARB:00873976,clean,clean,,0.0
CARB:00880941,clean,clean,,0.0
CARB:00928927,trap,rebill,,0.0
CARB:00933707,trap,rounding_noise,fsc,0.0
CARB:00935983,trap,bol_format,lowercase,0.0
CARB:01113277,error,rate_overcharge,markup,48.11
CARB:01113277,trap,bol_format,spaces,0.0
CARB:01113277,trap,rate_amendment,,0.0
CARB:01177882,trap,bol_format,lowercase,0.0
CARB:01177882,trap,late_authorization,liftgate,0.0
CARB:01195415,clean,clean,,0.0
CARB:01244093,clean,clean,,0.0
CARB:01260957,clean,clean,,0.0
CARB:01267331,clean,clean,,0.0
CARB:01340033,clean,clean,,0.0
CARB:01407989,clean,clean,,0.0
CARB:01418837,trap,rate_amendment,,0.0
CARB:01434538,clean,clean,,0.0
CARB:01467732,error,weight_overbilling,inflation,76.23
CARB:01467732,trap,rate_amendment,,0.0
CARB:01467732,trap,rounding_noise,lh+fsc,0.0
CARB:01548466,trap,rounding_noise,lh+fsc,0.0
CARB:01650763,trap,rebill,,0.0
CARB:01918740,trap,rate_amendment,,0.0
CARB:01918740,trap,rounding_noise,fsc,0.0
CARB:02039938,trap,rate_amendment,,0.0
CARB:02116232,clean,clean,,0.0
CARB:02204199,clean,clean,,0.0
CARB:02227315,clean,clean,,0.0
CARB:02321679,clean,clean,,0.0
CARB:02391314,trap,rate_amendment,,0.0
CARB:02391314,trap,rounding_noise,lh+fsc,0.0
CARB:02515487,clean,clean,,0.0
CARB:02603085,trap,rate_amendment,,0.0
CARB:02607864,error,weight_overbilling,inflation,62.46
CARB:02657395,clean,clean,,0.0
CARB:02680699,clean,clean,,0.0
CARB:02815674,clean,clean,,0.0
CARB:02892822,clean,clean,,0.0
CARB:02929993,clean,clean,,0.0
CARB:02938470,error,unauthorized_accessorial,residential,125.0
CARB:02938470,trap,late_authorization,liftgate,0.0
CARB:02969438,clean,clean,,0.0
CARB:03209604,clean,clean,,0.0
CARB:03235738,trap,rate_amendment,,0.0
CARB:03329868,clean,clean,,0.0
CARB:03339527,clean,clean,,0.0
CARB:03386689,trap,rate_amendment,,0.0
CARB:03472855,clean,clean,,0.0
CARB:03611546,clean,clean,,0.0
CARB:03789927,trap,rebill,,0.0
CARB:03817508,error,rate_overcharge,markup,31.47
CARB:03838084,clean,clean,,0.0
CARB:03839511,clean,clean,,0.0
CARB:03854480,error,fsc_mismatch,sub_tolerance,0.11
CARB:03878216,trap,rounding_noise,lh+fsc,0.0
CARB:03947559,error,phantom_invoice,,166.96
CARB:04112616,trap,late_authorization,residential,0.0
CARB:04112616,trap,rounding_noise,fsc,0.0
CARB:04131656,clean,clean,,0.0
CARB:04162637,clean,clean,,0.0
CARB:04350008,clean,clean,,0.0
CARB:04371478,trap,documented_reweigh,,0.0
CARB:04371478,trap,rounding_noise,lh+fsc,0.0
CARB:04379695,clean,clean,,0.0
CARB:04442018,trap,rounding_noise,lh+fsc,0.0
CARB:04518203,clean,clean,,0.0
CARB:04587496,trap,late_authorization,liftgate,0.0
CARB:04645667,trap,rate_amendment,,0.0
CARB:04735638,trap,late_authorization,liftgate,0.0
CARB:04904013,clean,clean,,0.0
CARB:04941503,trap,bol_format,dashes,0.0
CARB:04966734,clean,clean,,0.0
CARB:05026336,clean,clean,,0.0
CARB:05058437,clean,clean,,0.0
CARB:05133397,clean,clean,,0.0
CARB:05265561,clean,clean,,0.0
CARB:05337304,trap,balance_due,,0.0
CARB:05339025,trap,rounding_noise,lh,0.0
CARB:05346504,error,unauthorized_accessorial,residential,125.0
CARB:05346504,trap,documented_reweigh,,0.0
CARB:05346504,trap,rate_amendment,,0.0
CARB:05417058,clean,clean,,0.0
CARB:05431358,clean,clean,,0.0
CARB:05537382,trap,bol_format,lowercase,0.0
CARB:05552959,trap,bol_format,prefix_dash,0.0
CARB:05566034,trap,bol_format,prefix_dash,0.0
CARB:05656574,clean,clean,,0.0
CARB:05656946,clean,clean,,0.0
CARB:05660325,clean,clean,,0.0
CARB:05756634,clean,clean,,0.0
CARB:05759755,clean,clean,,0.0
CARB:05782337,trap,documented_reweigh,,0.0
CARB:05856441,clean,clean,,0.0
CARB:05880130,clean,clean,,0.0
CARB:05943255,clean,clean,,0.0
CARB:06017856,trap,late_authorization,residential,0.0
CARB:06090614,clean,clean,,0.0
CARB:06147004,clean,clean,,0.0
CARB:06150556,error,fsc_mismatch,wrong_week,1.79
CARB:06191042,trap,bol_format,dashes,0.0
CARB:06191042,trap,rate_amendment,,0.0
CARB:06211048,clean,clean,,0.0
CARB:06237726,clean,clean,,0.0
CARB:06246912,clean,clean,,0.0
CARB:06253996,trap,bol_format,dashes,0.0
CARB:06445246,trap,rounding_noise,lh+fsc,0.0
CARB:06580828,trap,rounding_noise,lh,0.0
CARB:06581272,clean,clean,,0.0
CARB:06739060,clean,clean,,0.0
CARB:06876360,error,duplicate_invoice,resend,528.01
CARB:07051491,clean,clean,,0.0
CARB:07057265,clean,clean,,0.0
CARB:07058883,trap,bol_format,dashes,0.0
CARB:07069347,clean,clean,,0.0
CARB:07098873,trap,rate_amendment,,0.0
CARB:07166683,trap,rate_amendment,,0.0
CARB:07169781,trap,documented_reweigh,,0.0
CARB:07169781,trap,rebill,,0.0
CARB:07198777,superseded,superseded,,0.0
CARB:07203511,clean,clean,,0.0
CARB:07220686,clean,clean,,0.0
CARB:07419002,trap,bol_format,dashes,0.0
CARB:07442995,trap,rebill,,0.0
CARB:07458940,clean,clean,,0.0
CARB:07580208,clean,clean,,0.0
CARB:07663753,trap,bol_format,spaces,0.0
CARB:07675468,trap,rounding_noise,lh+fsc,0.0
CARB:07691522,clean,clean,,0.0
CARB:07739942,clean,clean,,0.0
CARB:07790977,clean,clean,,0.0
CARB:07831114,clean,clean,,0.0
CARB:07913948,trap,bol_format,dashes,0.0
CARB:08010850,trap,bol_format,prefix_hash,0.0
CARB:08016585,clean,clean,,0.0
CARB:08091892,trap,rebill,,0.0
CARB:08132423,clean,clean,,0.0
CARB:08155747,clean,clean,,0.0
CARB:08235747,trap,rounding_noise,lh,0.0
CARB:08258216,clean,clean,,0.0
CARB:08413222,error,duplicate_invoice,rekeyed,1100.46
CARB:08498130,clean,clean,,0.0
CARB:08803659,clean,clean,,0.0
CARB:08807122,trap,rounding_noise,lh,0.0
CARB:08853282,clean,clean,,0.0
CARB:08890744,error,unauthorized_accessorial,liftgate,95.0
CARB:08891342,clean,clean,,0.0
CARB:08990199,clean,clean,,0.0
CARB:09120016,trap,late_authorization,liftgate,0.0
CARB:09178751,trap,bol_format,spaces,0.0
CARB:09218607,clean,clean,,0.0
CARB:09228902,error,fsc_mismatch,wrong_step,16.41
CARB:09254442,trap,bol_format,spaces,0.0
CARB:09414501,clean,clean,,0.0
CARB:09431871,trap,bol_format,prefix_dash,0.0
CARB:09602016,clean,clean,,0.0
CARB:09613422,clean,clean,,0.0
CARB:09656922,clean,clean,,0.0
CARB:09662720,clean,clean,,0.0
CARB:09727577,clean,clean,,0.0
CARB:09761546,clean,clean,,0.0
CARB:09804811,clean,clean,,0.0
CARB:09873317,clean,clean,,0.0
CARB:09898334,clean,clean,,0.0
CARB:09933112,clean,clean,,0.0
CARB:10048316,clean,clean,,0.0
CARB:10093254,trap,bol_format,prefix_dash,0.0
CARB:10165772,clean,clean,,0.0
CARB:10231117,clean,clean,,0.0
CARB:10280761,clean,clean,,0.0
CARB:10288567,clean,clean,,0.0
CARB:10320400,superseded,superseded,,0.0
CARB:10493778,trap,bol_format,lowercase,0.0
CARB:10495969,clean,clean,,0.0
CARB:10532494,clean,clean,,0.0
CARB:10546455,trap,bol_format,lowercase,0.0
CARB:10742790,trap,late_authorization,liftgate,0.0
CARB:10784231,trap,bol_format,spaces,0.0
CARB:10794569,trap,rate_amendment,,0.0
CARB:10798269,clean,clean,,0.0
CARB:10854937,clean,clean,,0.0
CARB:10873758,trap,bol_format,lowercase,0.0
CARB:11095562,trap,late_authorization,liftgate,0.0
CARB:11126544,clean,clean,,0.0
CARB:11166868,clean,clean,,0.0
CARB:11177021,error,weight_overbilling,inflation,46.98
CARB:11177021,trap,bol_format,lowercase,0.0
CARB:11214193,clean,clean,,0.0
CARB:11404354,trap,bol_format,prefix_hash,0.0
CARB:11463670,clean,clean,,0.0
CARB:11475236,clean,clean,,0.0
CARB:11583789,clean,clean,,0.0
CARB:11616316,clean,clean,,0.0
CARB:11804288,error,fsc_mismatch,wrong_step,13.85
CARB:11857077,trap,rounding_noise,lh+fsc,0.0
CARB:11924429,trap,rate_amendment,,0.0
CARB:11979338,clean,clean,,0.0
CARB:12055905,clean,clean,,0.0
CARB:12235025,trap,late_authorization,residential,0.0
CARB:12255222,trap,rate_amendment,,0.0
CARB:12314930,clean,clean,,0.0
CARB:12352695,trap,rate_amendment,,0.0
CARB:12352695,trap,rounding_noise,lh,0.0
CARB:12429170,clean,clean,,0.0
CARB:12440660,trap,bol_format,spaces,0.0
CARB:12613109,clean,clean,,0.0
CARB:12665151,error,unauthorized_accessorial,liftgate,95.0
CARB:12665151,trap,bol_format,prefix_dash,0.0
CARB:12694907,clean,clean,,0.0
CARB:12785861,trap,rate_amendment,,0.0
CARB:12828893,clean,clean,,0.0
CARB:12835245,clean,clean,,0.0
CARB:12947660,trap,rate_amendment,,0.0
CARB:13052912,trap,bol_format,spaces,0.0
CARB:13052912,trap,rate_amendment,,0.0
CARB:13082001,clean,clean,,0.0
CARB:13178434,clean,clean,,0.0
CARB:13180550,clean,clean,,0.0
CARB:13189471,clean,clean,,0.0
CARB:13232944,clean,clean,,0.0
CARB:13243601,trap,rate_amendment,,0.0
CARB:13244239,clean,clean,,0.0
CARB:13244655,clean,clean,,0.0
CARB:13306713,trap,rate_amendment,,0.0
CARB:13334881,clean,clean,,0.0
CARB:13340668,clean,clean,,0.0
CARB:13353467,trap,rebill,,0.0
CARB:13406035,clean,clean,,0.0
CARB:13451321,trap,bol_format,dashes,0.0
CARB:13451321,trap,rounding_noise,fsc,0.0
CARB:13566440,clean,clean,,0.0
CARB:13567383,trap,bol_format,dashes,0.0
CARB:13567383,trap,rate_amendment,,0.0
CARB:13583854,clean,clean,,0.0
CARB:13613346,clean,clean,,0.0
CARB:13629966,clean,clean,,0.0
CARB:13630679,clean,clean,,0.0
CARB:13652795,trap,bol_format,lowercase,0.0
CARB:13667980,trap,rate_amendment,,0.0
CARB:13750038,clean,clean,,0.0
CARB:13773651,trap,rate_amendment,,0.0
CARB:13803128,clean,clean,,0.0
CARB:13823975,clean,clean,,0.0
CARB:13836822,clean,clean,,0.0
CARB:14034562,clean,clean,,0.0
CARB:14037682,clean,clean,,0.0
CARB:14040597,clean,clean,,0.0
CARB:14112997,clean,clean,,0.0
CARB:14269729,clean,clean,,0.0
CARB:14324731,superseded,superseded,,0.0
CARB:14393792,clean,clean,,0.0
CARB:14427130,clean,clean,,0.0
CARB:14505173,error,weight_overbilling,inflation,23.5
CARB:14505173,trap,rounding_noise,lh+fsc,0.0
CARB:14563102,trap,late_authorization,liftgate,0.0
CARB:14563102,trap,late_authorization,residential,0.0
CARB:14570024,trap,bol_typo,,0.0
CARB:14587201,clean,clean,,0.0
CARB:14658618,clean,clean,,0.0
CARB:14716091,error,fsc_mismatch,sub_tolerance,4.83
CARB:15183428,error,duplicate_invoice,rekeyed,469.73
CARB:15353257,clean,clean,,0.0
CARB:15354689,clean,clean,,0.0
CARB:15492571,clean,clean,,0.0
CARB:15497293,clean,clean,,0.0
CARB:15566418,clean,clean,,0.0
CARB:15578683,trap,bol_format,spaces,0.0
CARB:15594533,clean,clean,,0.0
CARB:15603292,clean,clean,,0.0
CARB:15683632,clean,clean,,0.0
CARB:15721384,trap,rounding_noise,lh+fsc,0.0
CARB:15739257,clean,clean,,0.0
CARB:15770982,clean,clean,,0.0
CARB:15786603,trap,late_authorization,liftgate,0.0
CARB:15786603,trap,rate_amendment,,0.0
CARB:15897656,clean,clean,,0.0
CARB:15904673,trap,bol_format,prefix_dash,0.0
CARB:15954197,clean,clean,,0.0
CARB:16056946,trap,rate_amendment,,0.0
CARB:16056946,trap,rounding_noise,lh+fsc,0.0
CARB:16081129,error,duplicate_invoice,rekeyed,1021.99
CARB:16097198,trap,rebill,,0.0
CARB:16198357,trap,bol_format,dashes,0.0
CARB:16250946,clean,clean,,0.0
CARB:16314178,clean,clean,,0.0
CARB:16388542,clean,clean,,0.0
CARB:16423087,clean,clean,,0.0
CARB:16449240,clean,clean,,0.0
CARB:16568482,trap,bol_format,lowercase,0.0
CARB:16708310,clean,clean,,0.0
CARB:16749296,clean,clean,,0.0
CARB:16949077,clean,clean,,0.0
CARB:16971270,trap,rate_amendment,,0.0
CARB:16971291,clean,clean,,0.0
CARB:16984206,clean,clean,,0.0
CARB:17002763,clean,clean,,0.0
CARB:17207186,trap,bol_format,lowercase,0.0
CARB:17340157,clean,clean,,0.0
CARB:17383417,clean,clean,,0.0
CARB:17458929,clean,clean,,0.0
CARB:17481215,clean,clean,,0.0
CARB:17529477,trap,bol_format,prefix_hash,0.0
CARB:17635017,clean,clean,,0.0
CARB:17653518,trap,rounding_noise,lh,0.0
CARB:18092453,clean,clean,,0.0
CARB:18134895,clean,clean,,0.0
CARB:18172240,trap,rate_amendment,,0.0
CARB:18252147,clean,clean,,0.0
CARB:18259577,clean,clean,,0.0
CARB:18302395,trap,rate_amendment,,0.0
CARB:18394339,clean,clean,,0.0
CARB:18481578,trap,rate_amendment,,0.0
CARB:18506819,trap,bol_format,dashes,0.0
CARB:18534370,trap,bol_format,spaces,0.0
CARB:18534370,trap,rounding_noise,lh,0.0
CARB:18691760,clean,clean,,0.0
CARB:18701167,clean,clean,,0.0
CARB:18758822,clean,clean,,0.0
CARB:18804582,error,unauthorized_accessorial,residential,125.0
CARB:18859588,trap,rounding_noise,lh,0.0
CARB:18872856,clean,clean,,0.0
CARB:18894358,clean,clean,,0.0
CARB:18915451,clean,clean,,0.0
CARB:19037146,error,duplicate_invoice,resend,1601.25
CARB:19065375,clean,clean,,0.0
CARB:19222428,clean,clean,,0.0
CARB:19253880,clean,clean,,0.0
CARB:19312854,clean,clean,,0.0
CARB:19350587,clean,clean,,0.0
CARB:19426460,superseded,superseded,,0.0
CARB:19547171,clean,clean,,0.0
CARB:19646501,trap,bol_format,prefix_hash,0.0
CARB:19646501,trap,rate_amendment,,0.0
CARB:19646501,trap,rounding_noise,fsc,0.0
CARB:19685122,clean,clean,,0.0
CARB:19703371,clean,clean,,0.0
CARB:19725372,clean,clean,,0.0
CARB:19738968,error,fsc_mismatch,wrong_step,4.67
CARB:19753548,clean,clean,,0.0
CARB:19961029,clean,clean,,0.0
CARB:20025281,clean,clean,,0.0
CARB:20135933,clean,clean,,0.0
CARB:20146737,trap,bol_format,lowercase,0.0
CARB:20157538,trap,rate_amendment,,0.0
CARB:20229516,clean,clean,,0.0
CARB:20330320,clean,clean,,0.0
CARB:20338156,clean,clean,,0.0
CARB:20433183,error,weight_overbilling,inflation,64.3
CARB:20433183,trap,rounding_noise,lh+fsc,0.0
CARB:20449872,clean,clean,,0.0
CARB:20452762,clean,clean,,0.0
CARB:20624984,clean,clean,,0.0
CARB:20638603,clean,clean,,0.0
CARB:20666571,trap,bol_format,zeros_dropped,0.0
CARB:20668747,clean,clean,,0.0
CARB:21135933,trap,documented_reweigh,,0.0
CARB:21135933,trap,rate_amendment,,0.0
CARB:21166164,trap,bol_format,prefix_hash,0.0
CARB:21166553,trap,bol_format,prefix_dash,0.0
CARB:21166553,trap,rounding_noise,fsc,0.0
CARB:21224053,clean,clean,,0.0
CARB:21258930,clean,clean,,0.0
CARB:21286055,clean,clean,,0.0
CARB:21290243,trap,bol_format,spaces,0.0
CARB:21323995,error,duplicate_invoice,rekeyed,577.96
CARB:21352913,clean,clean,,0.0
CARB:21353904,clean,clean,,0.0
CARB:21487868,trap,rate_amendment,,0.0
CARB:21578985,error,duplicate_invoice,rekeyed,260.47
CARB:21718225,trap,late_authorization,residential,0.0
CARB:21739033,trap,documented_reweigh,,0.0
CARB:21739033,trap,rate_amendment,,0.0
CARB:21766011,clean,clean,,0.0
CARB:21820973,clean,clean,,0.0
CARB:21840930,clean,clean,,0.0
CARB:21875775,trap,rounding_noise,lh+fsc,0.0
CARB:21934586,clean,clean,,0.0
CARB:21988329,trap,rate_amendment,,0.0
CARB:22068036,trap,rate_amendment,,0.0
CARB:22345400,error,fsc_mismatch,wrong_step,23.1
CARB:22371156,clean,clean,,0.0
CARB:22666424,clean,clean,,0.0
CARB:22837617,clean,clean,,0.0
CARB:22855964,trap,rate_amendment,,0.0
CARB:22859389,clean,clean,,0.0
CARB:22877205,trap,bol_format,lowercase,0.0
CARB:22877205,trap,rate_amendment,,0.0
CARB:22877205,trap,rounding_noise,fsc,0.0
CARB:22930851,clean,clean,,0.0
CARB:22972754,clean,clean,,0.0
CARB:22992588,clean,clean,,0.0
CARB:23003681,clean,clean,,0.0
CARB:23134871,trap,bol_format,lowercase,0.0
CARB:23199428,clean,clean,,0.0
CARB:23264969,clean,clean,,0.0
CARB:23339464,clean,clean,,0.0
CARB:23432447,clean,clean,,0.0
CARB:23519730,trap,balance_due,,0.0
CARB:23641819,clean,clean,,0.0
CARB:23714033,clean,clean,,0.0
CARB:23759010,clean,clean,,0.0
CARB:23804213,clean,clean,,0.0
CARB:23990422,trap,rounding_noise,lh+fsc,0.0
CARB:24056276,clean,clean,,0.0
CARB:24080100,clean,clean,,0.0
CARB:24081107,clean,clean,,0.0
CARB:24088232,clean,clean,,0.0
CARB:24125417,trap,rate_amendment,,0.0
CARB:24160850,clean,clean,,0.0
CARB:24184481,clean,clean,,0.0
CARB:24208076,clean,clean,,0.0
CARB:24253065,clean,clean,,0.0
CARB:24257628,clean,clean,,0.0
CARB:24506418,clean,clean,,0.0
CARB:24521673,clean,clean,,0.0
CARB:24540208,trap,late_authorization,residential,0.0
CARB:24723504,clean,clean,,0.0
CARB:24729551,error,rate_overcharge,markup,17.8
CARB:24775376,clean,clean,,0.0
CARB:24787539,trap,bol_format,lowercase,0.0
CARB:24900118,clean,clean,,0.0
CARB:24915361,clean,clean,,0.0
CARB:24939194,error,fsc_mismatch,wrong_week,3.44
CARB:25012977,clean,clean,,0.0
CARB:25117015,trap,bol_format,dashes,0.0
CARB:25146680,clean,clean,,0.0
CARB:25197424,clean,clean,,0.0
CARB:25347947,superseded,superseded,,0.0
CARB:25461445,error,fsc_mismatch,sub_tolerance,0.53
CARB:25466038,trap,bol_format,lowercase,0.0
CARB:25466038,trap,late_authorization,liftgate,0.0
CARB:25466038,trap,rate_amendment,,0.0
CARB:25494290,clean,clean,,0.0
CARB:25564380,clean,clean,,0.0
CARB:25641595,clean,clean,,0.0
CARB:25657066,trap,rate_amendment,,0.0
CARB:25752646,clean,clean,,0.0
CARB:25816384,clean,clean,,0.0
CARB:25818416,error,duplicate_invoice,rekeyed,132.77
CARB:25835748,clean,clean,,0.0
CARB:25854530,clean,clean,,0.0
CARB:25860638,trap,rounding_noise,lh,0.0
CARB:25867194,clean,clean,,0.0
CARB:25930703,trap,rate_amendment,,0.0
CARB:25947640,trap,late_authorization,liftgate,0.0
CARB:25947640,trap,rounding_noise,fsc,0.0
CARB:25982338,clean,clean,,0.0
CARB:26151297,trap,rounding_noise,lh+fsc,0.0
CARB:26179077,trap,rate_amendment,,0.0
CARB:26315070,trap,bol_format,prefix_dash,0.0
CARB:26407981,trap,rate_amendment,,0.0
CARB:26475889,clean,clean,,0.0
CARB:26516066,clean,clean,,0.0
CARB:26520457,clean,clean,,0.0
CARB:26630746,clean,clean,,0.0
CARB:26674578,trap,rounding_noise,fsc,0.0
CARB:26809722,error,rate_overcharge,markup,53.28
CARB:26809722,trap,bol_format,dashes,0.0
CARB:26810190,trap,bol_format,prefix_hash,0.0
CARB:27109447,clean,clean,,0.0
CARB:27196976,clean,clean,,0.0
CARB:27213978,clean,clean,,0.0
CARB:27282995,trap,rounding_noise,fsc,0.0
CARB:27285009,clean,clean,,0.0
CARB:27404220,error,rate_overcharge,markup,66.75
CARB:27418755,clean,clean,,0.0
CARB:27511071,clean,clean,,0.0
CARB:27542992,clean,clean,,0.0
CARB:27559729,trap,rate_amendment,,0.0
CARB:27610182,trap,bol_format,zeros_dropped,0.0
CARB:27669232,clean,clean,,0.0
CARB:27683136,trap,bol_format,prefix_hash,0.0
CARB:27683136,trap,late_authorization,liftgate,0.0
CARB:27724652,clean,clean,,0.0
CARB:27818511,clean,clean,,0.0
CARB:27824125,clean,clean,,0.0
CARB:27836548,trap,bol_format,lowercase,0.0
CARB:27838394,clean,clean,,0.0
CARB:27998435,clean,clean,,0.0
CARB:28002792,trap,rate_amendment,,0.0
CARB:28087713,trap,late_authorization,liftgate,0.0
CARB:28335357,trap,bol_format,prefix_dash,0.0
CARB:28335357,trap,rate_amendment,,0.0
CARB:28345542,clean,clean,,0.0
CARB:28376181,trap,bol_format,prefix_dash,0.0
CARB:28381928,trap,rounding_noise,fsc,0.0
CARB:28389619,clean,clean,,0.0
CARB:28463645,trap,rate_amendment,,0.0
CARB:28489024,clean,clean,,0.0
CARB:28533270,trap,bol_format,spaces,0.0
CARB:28574721,clean,clean,,0.0
CARB:28576527,trap,bol_format,spaces,0.0
CARB:28576527,trap,rounding_noise,fsc,0.0
CARB:28629469,clean,clean,,0.0
CARB:28632260,trap,bol_format,spaces,0.0
CARB:28716704,clean,clean,,0.0
CARB:28833772,clean,clean,,0.0
CARB:28984447,trap,rebill,,0.0
CARB:29038094,clean,clean,,0.0
CARB:29038356,trap,bol_format,prefix_dash,0.0
CARB:29064566,clean,clean,,0.0
CARB:29186994,trap,rate_amendment,,0.0
CARB:29186994,trap,rounding_noise,fsc,0.0
CARB:29253593,error,rate_overcharge,markup,122.33
CARB:29253593,error,weight_overbilling,inflation,235.02
CARB:29276400,clean,clean,,0.0
CARB:29393796,trap,bol_format,dashes,0.0
CARB:29393796,trap,rate_amendment,,0.0
CARB:29393796,trap,rounding_noise,fsc,0.0
CARB:29439398,clean,clean,,0.0
CARB:29569055,clean,clean,,0.0
CARB:29708334,trap,bol_format,spaces,0.0
CARB:29708334,trap,rounding_noise,fsc,0.0
CARB:29804864,clean,clean,,0.0
CARB:29809659,clean,clean,,0.0
CARB:29853243,error,weight_overbilling,inflation,42.71
CARB:29853243,trap,rounding_noise,lh+fsc,0.0
CARB:29870546,clean,clean,,0.0
CARB:30005876,clean,clean,,0.0
CARB:30040492,clean,clean,,0.0
CARB:30105828,error,fsc_mismatch,wrong_step,4.07
CARB:30105828,trap,rate_amendment,,0.0
CARB:30120937,clean,clean,,0.0
CARB:30144844,clean,clean,,0.0
CARB:30186407,trap,rate_amendment,,0.0
CARB:30255463,error,unauthorized_accessorial,liftgate,95.0
CARB:30327135,trap,documented_reweigh,,0.0
CARB:30327135,trap,rounding_noise,lh+fsc,0.0
CARB:30419444,clean,clean,,0.0
CARB:30497860,clean,clean,,0.0
CARB:30507004,clean,clean,,0.0
CARB:30511017,error,phantom_invoice,,336.36
CARB:30517389,trap,rate_amendment,,0.0
CARB:30591076,clean,clean,,0.0
CARB:30594140,clean,clean,,0.0
CARB:30682716,trap,rate_amendment,,0.0
CARB:30726182,trap,bol_format,zeros_dropped,0.0
CARB:30812962,error,unauthorized_accessorial,residential,125.0
CARB:30812962,trap,documented_reweigh,,0.0
CARB:30814698,clean,clean,,0.0
CARB:30898818,clean,clean,,0.0
CARB:30920874,clean,clean,,0.0
CARB:30954763,trap,rate_amendment,,0.0
CARB:30994327,error,unauthorized_accessorial,residential,125.0
CARB:30994327,trap,late_authorization,liftgate,0.0
CARB:31168496,clean,clean,,0.0
CARB:31349549,error,fsc_mismatch,wrong_step,12.36
CARB:31379599,clean,clean,,0.0
CARB:31527616,clean,clean,,0.0
CARB:31587251,clean,clean,,0.0
CARB:31639237,clean,clean,,0.0
CARB:31648159,clean,clean,,0.0
CARB:31819658,trap,late_authorization,liftgate,0.0
CARB:31820295,clean,clean,,0.0
CARB:31822728,clean,clean,,0.0
CARB:31860298,trap,rounding_noise,fsc,0.0
CARB:31906976,clean,clean,,0.0
CARB:31972823,trap,bol_format,dashes,0.0
CARB:31982964,trap,late_authorization,residential,0.0
CARB:32033218,clean,clean,,0.0
CARB:32075599,error,weight_overbilling,sub_tolerance,14.24
CARB:32075599,trap,rounding_noise,fsc,0.0
CARB:32077417,clean,clean,,0.0
CARB:32145905,trap,rounding_noise,lh,0.0
CARB:32213109,trap,rate_amendment,,0.0
CARB:32218802,clean,clean,,0.0
CARB:32224864,trap,late_authorization,residential,0.0
CARB:32284071,trap,bol_format,lowercase,0.0
CARB:32284071,trap,rounding_noise,lh+fsc,0.0
CARB:32305625,error,unauthorized_accessorial,liftgate,95.0
CARB:32415425,clean,clean,,0.0
CARB:32485373,clean,clean,,0.0
CARB:32510175,error,rate_overcharge,markup,91.72
CARB:32552932,clean,clean,,0.0
CARB:32597322,clean,clean,,0.0
CARB:32647885,clean,clean,,0.0
CARB:32887681,clean,clean,,0.0
CARB:32913841,superseded,superseded,,0.0
CARB:32947982,trap,rounding_noise,lh+fsc,0.0
CARB:32951314,trap,bol_format,lowercase,0.0
CARB:32976627,clean,clean,,0.0
CARB:33001597,trap,rate_amendment,,0.0
CARB:33059149,clean,clean,,0.0
CARB:33092161,clean,clean,,0.0
CARB:33276950,trap,bol_format,spaces,0.0
CARB:33331561,clean,clean,,0.0
CARB:33341574,clean,clean,,0.0
CARB:33378699,trap,balance_due,,0.0
CARB:33378699,trap,bol_format,spaces,0.0
CARB:33383105,error,rate_overcharge,markup,37.5
CARB:33392266,error,weight_overbilling,inflation,45.8
CARB:33407393,trap,bol_format,dashes,0.0
CARB:33425874,error,unauthorized_accessorial,liftgate,95.0
CARB:33425874,trap,rate_amendment,,0.0
CARB:33523581,trap,balance_due,,0.0
CARB:33616284,trap,rate_amendment,,0.0
CARB:33663536,clean,clean,,0.0
CARB:33670889,clean,clean,,0.0
CARB:33687850,clean,clean,,0.0
CARB:33710528,clean,clean,,0.0
CARB:33739690,clean,clean,,0.0
CARB:33781874,clean,clean,,0.0
CARB:33877863,clean,clean,,0.0
CARB:33910616,clean,clean,,0.0
CARB:33985167,trap,rate_amendment,,0.0
CARB:34035455,trap,rate_amendment,,0.0
CARB:34035455,trap,rounding_noise,fsc,0.0
CARB:34153471,error,duplicate_invoice,resend,547.95
CARB:34218555,clean,clean,,0.0
CARB:34262710,clean,clean,,0.0
CARB:34275163,clean,clean,,0.0
CARB:34350786,clean,clean,,0.0
CARB:34455590,clean,clean,,0.0
CARB:34527316,clean,clean,,0.0
CARB:34639725,clean,clean,,0.0
CARB:34671920,trap,rounding_noise,fsc,0.0
CARB:34690618,trap,bol_format,prefix_hash,0.0
CARB:34732133,clean,clean,,0.0
CARB:34795437,trap,bol_format,dashes,0.0
CARB:34835842,clean,clean,,0.0
CARB:34950552,clean,clean,,0.0
CARB:35003084,trap,bol_format,zeros_dropped,0.0
CARB:35080209,trap,rounding_noise,lh+fsc,0.0
CARB:35105372,trap,rounding_noise,lh+fsc,0.0
CARB:35200075,trap,bol_format,prefix_dash,0.0
CARB:35237289,clean,clean,,0.0
CARB:35240329,clean,clean,,0.0
CARB:35271724,clean,clean,,0.0
CARB:35354486,trap,bol_format,prefix_hash,0.0
CARB:35403456,clean,clean,,0.0
CARB:35432454,trap,late_authorization,liftgate,0.0
CARB:35445751,trap,rate_amendment,,0.0
CARB:35493619,clean,clean,,0.0
CARB:35575404,trap,late_authorization,liftgate,0.0
CARB:35626428,error,rate_overcharge,sub_tolerance,4.76
CARB:35710316,trap,bol_format,lowercase,0.0
CARB:35778154,clean,clean,,0.0
CARB:35784626,clean,clean,,0.0
CARB:35817825,clean,clean,,0.0
CARB:35841132,clean,clean,,0.0
CARB:35857105,clean,clean,,0.0
CARB:35859258,clean,clean,,0.0
CARB:35934676,trap,bol_format,prefix_dash,0.0
CARB:35965560,trap,rate_amendment,,0.0
CARB:36056665,trap,rounding_noise,lh,0.0
CARB:36284798,clean,clean,,0.0
CARB:36347285,clean,clean,,0.0
CARB:36445798,trap,bol_format,dashes,0.0
CARB:36451423,trap,bol_format,lowercase,0.0
CARB:36462295,clean,clean,,0.0
CARB:36463989,trap,bol_format,prefix_hash,0.0
CARB:36502568,trap,late_authorization,liftgate,0.0
CARB:36511541,clean,clean,,0.0
CARB:36515404,clean,clean,,0.0
CARB:36568987,clean,clean,,0.0
CARB:36579591,clean,clean,,0.0
CARB:36640504,clean,clean,,0.0
CARB:36669898,clean,clean,,0.0
CARB:36674345,clean,clean,,0.0
CARB:36695076,clean,clean,,0.0
CARB:36873027,clean,clean,,0.0
CARB:36919578,superseded,superseded,,0.0
CARB:36928900,clean,clean,,0.0
CARB:36935843,clean,clean,,0.0
CARB:36969773,clean,clean,,0.0
CARB:36980970,trap,bol_format,spaces,0.0
CARB:37191505,trap,rate_amendment,,0.0
CARB:37264270,clean,clean,,0.0
CARB:37344756,clean,clean,,0.0
CARB:37443045,clean,clean,,0.0
CARB:37535286,clean,clean,,0.0
CARB:37648072,trap,rounding_noise,fsc,0.0
CARB:37648694,clean,clean,,0.0
CARB:37664259,clean,clean,,0.0
CARB:37786535,trap,rounding_noise,lh,0.0
CARB:37812789,clean,clean,,0.0
CARB:37824296,trap,rate_amendment,,0.0
CARB:37825614,error,duplicate_invoice,resend,866.05
CARB:37978431,clean,clean,,0.0
CARB:38014382,trap,bol_format,prefix_dash,0.0
CARB:38014382,trap,late_authorization,liftgate,0.0
CARB:38042482,error,fsc_mismatch,sub_tolerance,0.83
CARB:38199759,trap,rate_amendment,,0.0
CARB:38202126,trap,balance_due,,0.0
CARB:38202126,trap,bol_format,dashes,0.0
CARB:38216200,trap,bol_format,spaces,0.0
CARB:38253801,clean,clean,,0.0
CARB:38289146,clean,clean,,0.0
CARB:38313788,clean,clean,,0.0
CARB:38371032,clean,clean,,0.0
CARB:38382991,clean,clean,,0.0
CARB:38522260,trap,bol_format,spaces,0.0
CARB:38661905,clean,clean,,0.0
CARB:38677063,clean,clean,,0.0
CARB:38736178,trap,rounding_noise,lh+fsc,0.0
CARB:38841566,trap,bol_format,prefix_hash,0.0
CARB:38841566,trap,rounding_noise,lh+fsc,0.0
CARB:38901235,clean,clean,,0.0
CARB:38990347,trap,late_authorization,residential,0.0
CARB:39042625,error,rate_overcharge,markup,263.75
CARB:39042625,trap,rate_amendment,,0.0
CARB:39101819,trap,rate_amendment,,0.0
CARB:39115883,trap,rate_amendment,,0.0
CARB:39123645,trap,bol_format,prefix_dash,0.0
CARB:39220774,trap,rounding_noise,lh+fsc,0.0
CARB:39224936,clean,clean,,0.0
CARB:39250135,trap,rate_amendment,,0.0
CARB:39309558,clean,clean,,0.0
CARB:39427733,clean,clean,,0.0
CARB:39437815,error,fsc_mismatch,wrong_week,14.92
CARB:39610008,error,rate_overcharge,markup,267.0
CARB:39659809,error,rate_overcharge,markup,39.69
CARB:39659809,trap,rate_amendment,,0.0
CARB:39660070,clean,clean,,0.0
CARB:39777639,clean,clean,,0.0
CARB:39822866,trap,balance_due,,0.0
CARB:39863326,clean,clean,,0.0
CARB:39922613,clean,clean,,0.0
CARB:39939799,clean,clean,,0.0
CARB:39940891,clean,clean,,0.0
CARB:39966337,superseded,superseded,,0.0
CARB:39969803,clean,clean,,0.0
CARB:39972511,clean,clean,,0.0
CARB:40026023,trap,rate_amendment,,0.0
CARB:40053017,clean,clean,,0.0
CARB:40103057,trap,bol_format,prefix_dash,0.0
CARB:40105509,trap,rate_amendment,,0.0
CARB:40161882,clean,clean,,0.0
CARB:40262863,trap,rounding_noise,fsc,0.0
CARB:40267395,clean,clean,,0.0
CARB:40298239,clean,clean,,0.0
CARB:40303492,clean,clean,,0.0
CARB:40359364,clean,clean,,0.0
CARB:40369602,clean,clean,,0.0
CARB:40543005,clean,clean,,0.0
CARB:40557271,clean,clean,,0.0
CARB:40618012,trap,late_authorization,liftgate,0.0
CARB:40775403,clean,clean,,0.0
CARB:40820497,clean,clean,,0.0
CARB:40862079,error,fsc_mismatch,sub_tolerance,0.87
CARB:40862079,trap,bol_format,dashes,0.0
CARB:40945444,clean,clean,,0.0
CARB:40973104,trap,rounding_noise,fsc,0.0
CARB:40975481,clean,clean,,0.0
CARB:41068314,trap,bol_format,zeros_dropped,0.0
CARB:41132326,trap,bol_format,prefix_dash,0.0
CARB:41132326,trap,late_authorization,liftgate,0.0
CARB:41148837,trap,rounding_noise,lh+fsc,0.0
CARB:41238631,trap,rounding_noise,lh+fsc,0.0
CARB:41331877,clean,clean,,0.0
CARB:41343825,trap,rate_amendment,,0.0
CARB:41349613,clean,clean,,0.0
CARB:41391307,clean,clean,,0.0
CARB:41447470,clean,clean,,0.0
CARB:41691528,clean,clean,,0.0
CARB:41778390,trap,rounding_noise,lh+fsc,0.0
CARB:41799842,trap,bol_format,spaces,0.0
CARB:41816558,clean,clean,,0.0
CARB:41943150,clean,clean,,0.0
CARB:41956827,clean,clean,,0.0
CARB:41958421,trap,bol_typo,,0.0
CARB:41962935,clean,clean,,0.0
CARB:42066315,trap,bol_format,dashes,0.0
CARB:42083573,clean,clean,,0.0
CARB:42223487,clean,clean,,0.0
CARB:42228430,trap,bol_format,spaces,0.0
CARB:42267884,trap,rate_amendment,,0.0
CARB:42327383,clean,clean,,0.0
CARB:42365935,error,unauthorized_accessorial,liftgate,95.0
CARB:42365935,trap,rate_amendment,,0.0
CARB:42414561,error,fsc_mismatch,wrong_step,5.75
CARB:42419353,trap,bol_format,spaces,0.0
CARB:42419353,trap,late_authorization,liftgate,0.0
CARB:42419353,trap,rounding_noise,lh+fsc,0.0
CARB:42441809,clean,clean,,0.0
CARB:42446628,clean,clean,,0.0
CARB:42481152,trap,rate_amendment,,0.0
CARB:42481152,trap,rounding_noise,fsc,0.0
CARB:42543768,clean,clean,,0.0
CARB:42578076,trap,bol_format,lowercase,0.0
CARB:42619419,clean,clean,,0.0
CARB:42667188,trap,rounding_noise,lh,0.0
CARB:42840734,clean,clean,,0.0
CARB:42895519,trap,bol_format,lowercase,0.0
CARB:43010818,trap,rate_amendment,,0.0
CARB:43030202,trap,bol_format,dashes,0.0
CARB:43041186,trap,rounding_noise,lh,0.0
CARB:43078839,clean,clean,,0.0
CARB:43308588,trap,rate_amendment,,0.0
CARB:43319498,clean,clean,,0.0
CARB:43401336,superseded,superseded,,0.0
CARB:43453198,trap,bol_format,prefix_hash,0.0
CARB:43504066,trap,rounding_noise,fsc,0.0
CARB:43551645,trap,bol_format,prefix_dash,0.0
CARB:43551645,trap,rounding_noise,lh+fsc,0.0
CARB:43633084,clean,clean,,0.0
CARB:43634385,error,weight_overbilling,inflation,69.96
CARB:43718475,clean,clean,,0.0
CARB:43836340,trap,late_authorization,residential,0.0
CARB:43849614,clean,clean,,0.0
CARB:43861152,trap,rounding_noise,lh+fsc,0.0
CARB:43878940,trap,rounding_noise,lh+fsc,0.0
CARB:43898068,clean,clean,,0.0
CARB:43910795,trap,bol_format,dashes,0.0
CARB:43910795,trap,rate_amendment,,0.0
CARB:44013256,error,weight_overbilling,sub_tolerance,16.64
CARB:44013256,trap,rate_amendment,,0.0
CARB:44013256,trap,rounding_noise,fsc,0.0
CARB:44108715,clean,clean,,0.0
CARB:44112758,superseded,superseded,,0.0
CARB:44116182,clean,clean,,0.0
CARB:44132663,trap,rounding_noise,fsc,0.0
CARB:44182858,clean,clean,,0.0
CARB:44187431,clean,clean,,0.0
CARB:44239475,clean,clean,,0.0
CARB:44260878,clean,clean,,0.0
CARB:44299215,trap,bol_format,prefix_dash,0.0
CARB:44447890,clean,clean,,0.0
CARB:44511433,trap,rounding_noise,lh+fsc,0.0
CARB:44514535,trap,late_authorization,liftgate,0.0
CARB:44729102,trap,bol_format,prefix_hash,0.0
CARB:44729102,trap,rate_amendment,,0.0
CARB:44740907,trap,bol_format,spaces,0.0
CARB:44923669,clean,clean,,0.0
CARB:44948994,trap,rate_amendment,,0.0
CARB:45042608,trap,rate_amendment,,0.0
CARB:45109228,clean,clean,,0.0
CARB:45149994,clean,clean,,0.0
CARB:45215279,trap,rate_amendment,,0.0
CARB:45222113,clean,clean,,0.0
CARB:45289573,clean,clean,,0.0
CARB:45459491,trap,rate_amendment,,0.0
CARB:45521948,trap,rounding_noise,fsc,0.0
CARB:45567125,trap,rounding_noise,lh,0.0
CARB:45570929,clean,clean,,0.0
CARB:45716720,clean,clean,,0.0
CARB:45835442,clean,clean,,0.0
CARB:45944206,error,rate_overcharge,markup,162.67
CARB:46024167,clean,clean,,0.0
CARB:46074482,clean,clean,,0.0
CARB:46077328,trap,rounding_noise,fsc,0.0
CARB:46190383,clean,clean,,0.0
CARB:46193296,trap,bol_format,prefix_hash,0.0
CARB:46302603,clean,clean,,0.0
CARB:46356717,clean,clean,,0.0
CARB:46357814,trap,rounding_noise,lh,0.0
CARB:46472176,trap,rate_amendment,,0.0
CARB:46504815,clean,clean,,0.0
CARB:46517869,trap,rounding_noise,fsc,0.0
CARB:46663858,superseded,superseded,,0.0
CARB:46669697,clean,clean,,0.0
CARB:46737549,trap,bol_format,prefix_dash,0.0
CARB:46741147,trap,bol_format,prefix_dash,0.0
CARB:46760929,clean,clean,,0.0
CARB:46904253,clean,clean,,0.0
CARB:46925321,clean,clean,,0.0
CARB:46927367,trap,bol_format,spaces,0.0
CARB:46959096,trap,rounding_noise,lh,0.0
CARB:47019169,clean,clean,,0.0
CARB:47122654,trap,rounding_noise,fsc,0.0
CARB:47257004,trap,bol_format,spaces,0.0
CARB:47331055,clean,clean,,0.0
CARB:47369368,trap,balance_due,,0.0
CARB:47374480,trap,bol_format,lowercase,0.0
CARB:47401375,trap,rate_amendment,,0.0
CARB:47451328,clean,clean,,0.0
CARB:47451888,clean,clean,,0.0
CARB:47504176,clean,clean,,0.0
CARB:47539038,trap,rate_amendment,,0.0
CARB:47588138,clean,clean,,0.0
CARB:47616105,clean,clean,,0.0
CARB:47657609,clean,clean,,0.0
CARB:47687908,clean,clean,,0.0
CARB:47734396,error,fsc_mismatch,wrong_step,0.99
CARB:47832942,clean,clean,,0.0
CARB:47908816,clean,clean,,0.0
CARB:47938113,trap,rounding_noise,lh,0.0
CARB:48053257,trap,rounding_noise,lh,0.0
CARB:48074385,clean,clean,,0.0
CARB:48075081,trap,bol_format,lowercase,0.0
CARB:48093193,clean,clean,,0.0
CARB:48101176,clean,clean,,0.0
CARB:48129593,clean,clean,,0.0
CARB:48144303,error,weight_overbilling,sub_tolerance,1.5
CARB:48176276,clean,clean,,0.0
CARB:48194341,clean,clean,,0.0
CARB:48228277,clean,clean,,0.0
CARB:48228632,error,duplicate_invoice,resend,1260.99
CARB:48228779,trap,rebill,,0.0
CARB:48250785,clean,clean,,0.0
CARB:48267165,clean,clean,,0.0
CARB:48336164,trap,bol_format,lowercase,0.0
CARB:48367758,clean,clean,,0.0
CARB:48517312,clean,clean,,0.0
CARB:48635637,clean,clean,,0.0
CARB:48641605,trap,bol_format,dashes,0.0
CARB:48641605,trap,rounding_noise,lh,0.0
CARB:48654385,clean,clean,,0.0
CARB:48696181,clean,clean,,0.0
CARB:48697063,clean,clean,,0.0
CARB:48737147,trap,rate_amendment,,0.0
CARB:48754179,trap,documented_reweigh,,0.0
CARB:48773715,clean,clean,,0.0
CARB:48778837,clean,clean,,0.0
CARB:48897588,clean,clean,,0.0
CARB:48918295,trap,rate_amendment,,0.0
CARB:48958835,trap,rounding_noise,lh+fsc,0.0
CARB:49135871,trap,bol_format,prefix_hash,0.0
CARB:49302603,error,rate_overcharge,sub_tolerance,2.23
CARB:49302603,trap,rounding_noise,fsc,0.0
CARB:49312734,trap,bol_format,spaces,0.0
CARB:49430946,trap,rate_amendment,,0.0
CARB:49590208,clean,clean,,0.0
CARB:49592914,clean,clean,,0.0
CARB:49725178,clean,clean,,0.0
CARB:49735017,clean,clean,,0.0
CARB:49742690,clean,clean,,0.0
CARB:49744200,clean,clean,,0.0
CARB:49755851,trap,bol_format,prefix_hash,0.0
CARB:49755851,trap,rounding_noise,lh,0.0
CARB:49832711,clean,clean,,0.0
CARB:49883557,trap,bol_format,spaces,0.0
CARB:49883557,trap,rounding_noise,lh,0.0
CARB:49943251,clean,clean,,0.0
CARB:50046849,trap,late_authorization,liftgate,0.0
CARB:50128090,clean,clean,,0.0
CARB:50146079,clean,clean,,0.0
CARB:50488798,trap,rate_amendment,,0.0
CARB:50528900,trap,rate_amendment,,0.0
CARB:50564597,clean,clean,,0.0
CARB:50602346,clean,clean,,0.0
CARB:50612769,error,duplicate_invoice,resend,656.42
CARB:50714563,trap,bol_format,spaces,0.0
CARB:50761475,trap,bol_format,prefix_hash,0.0
CARB:50779340,clean,clean,,0.0
CARB:50803881,clean,clean,,0.0
CARB:50804130,error,rate_overcharge,markup,91.13
CARB:50856808,clean,clean,,0.0
CARB:50959185,error,fsc_mismatch,wrong_week,2.43
CARB:50959185,trap,bol_format,lowercase,0.0
CARB:51026360,superseded,superseded,,0.0
CARB:51057980,clean,clean,,0.0
CARB:51067438,trap,bol_format,zeros_dropped,0.0
CARB:51161831,clean,clean,,0.0
CARB:51165871,trap,rate_amendment,,0.0
CARB:51168982,trap,rounding_noise,fsc,0.0
CARB:51207893,trap,documented_reweigh,,0.0
CARB:51332955,clean,clean,,0.0
CARB:51390990,trap,bol_format,dashes,0.0
CARB:51562954,clean,clean,,0.0
CARB:51609389,trap,rounding_noise,lh,0.0
CARB:51670603,clean,clean,,0.0
CARB:51747613,trap,rate_amendment,,0.0
CARB:51779829,clean,clean,,0.0
CARB:51790731,trap,bol_format,spaces,0.0
CARB:51799968,trap,bol_format,prefix_dash,0.0
CARB:51806586,clean,clean,,0.0
CARB:51811994,clean,clean,,0.0
CARB:51900405,clean,clean,,0.0
CARB:51909739,error,phantom_invoice,,775.21
CARB:52034135,trap,bol_format,prefix_dash,0.0
CARB:52081981,clean,clean,,0.0
CARB:52119984,clean,clean,,0.0
CARB:52150455,error,unauthorized_accessorial,liftgate,95.0
CARB:52150455,trap,bol_format,lowercase,0.0
CARB:52173111,clean,clean,,0.0
CARB:52190892,clean,clean,,0.0
CARB:52206686,clean,clean,,0.0
CARB:52254351,clean,clean,,0.0
CARB:52325339,clean,clean,,0.0
CARB:52512853,clean,clean,,0.0
CARB:52519167,error,rate_overcharge,markup,88.26
CARB:52540468,trap,rate_amendment,,0.0
CARB:52540468,trap,rebill,,0.0
CARB:52587840,trap,rate_amendment,,0.0
CARB:52609068,trap,bol_format,dashes,0.0
CARB:52614974,clean,clean,,0.0
CARB:52810562,clean,clean,,0.0
CARB:52812848,clean,clean,,0.0
CARB:52833306,clean,clean,,0.0
CARB:52940950,trap,rate_amendment,,0.0
CARB:53129894,clean,clean,,0.0
CARB:53144250,clean,clean,,0.0
CARB:53175383,trap,rounding_noise,fsc,0.0
CARB:53286926,clean,clean,,0.0
CARB:53401714,trap,bol_format,dashes,0.0
CARB:53455876,superseded,superseded,,0.0
CARB:53734336,trap,rounding_noise,fsc,0.0
CARB:53745442,clean,clean,,0.0
CARB:53763515,clean,clean,,0.0
CARB:53788879,trap,rate_amendment,,0.0
CARB:53788879,trap,rounding_noise,fsc,0.0
CARB:53805147,trap,rounding_noise,lh+fsc,0.0
CARB:53870798,clean,clean,,0.0
CARB:53919359,clean,clean,,0.0
CARB:53933224,clean,clean,,0.0
CARB:54043554,clean,clean,,0.0
CARB:54063584,clean,clean,,0.0
CARB:54120519,trap,documented_reweigh,,0.0
CARB:54129401,clean,clean,,0.0
CARB:54130132,trap,bol_format,spaces,0.0
CARB:54130132,trap,rate_amendment,,0.0
CARB:54146726,trap,rounding_noise,lh,0.0
CARB:54326081,clean,clean,,0.0
CARB:54340549,trap,bol_format,spaces,0.0
CARB:54354747,clean,clean,,0.0
CARB:54458154,clean,clean,,0.0
CARB:54730605,trap,bol_format,prefix_dash,0.0
CARB:54730605,trap,documented_reweigh,,0.0
CARB:54760928,clean,clean,,0.0
CARB:54768815,clean,clean,,0.0
CARB:54816053,trap,bol_format,lowercase,0.0
CARB:54853010,trap,bol_format,lowercase,0.0
CARB:54853010,trap,rounding_noise,lh,0.0
CARB:54866489,trap,rate_amendment,,0.0
CARB:54866489,trap,rounding_noise,lh,0.0
CARB:54900063,clean,clean,,0.0
CARB:55030338,clean,clean,,0.0
CARB:55223733,clean,clean,,0.0
CARB:55275779,clean,clean,,0.0
CARB:55306709,trap,rate_amendment,,0.0
CARB:55371856,trap,bol_format,prefix_dash,0.0
CARB:55380634,clean,clean,,0.0
CARB:55484131,trap,balance_due,,0.0
CARB:55494280,clean,clean,,0.0
CARB:55770707,clean,clean,,0.0
CARB:55834517,trap,rounding_noise,fsc,0.0
CARB:55858725,trap,bol_format,dashes,0.0
CARB:55864216,clean,clean,,0.0
CARB:55920340,error,unauthorized_accessorial,residential,125.0
CARB:56104347,trap,bol_format,dashes,0.0
CARB:56131689,clean,clean,,0.0
CARB:56142332,trap,rounding_noise,fsc,0.0
CARB:56196740,trap,bol_format,prefix_hash,0.0
CARB:56205187,clean,clean,,0.0
CARB:56234543,clean,clean,,0.0
CARB:56254961,trap,bol_format,dashes,0.0
CARB:56264929,clean,clean,,0.0
CARB:56575839,trap,rate_amendment,,0.0
CARB:56575839,trap,rounding_noise,fsc,0.0
CARB:56576540,clean,clean,,0.0
CARB:56625219,trap,rate_amendment,,0.0
CARB:56788980,trap,bol_format,spaces,0.0
CARB:56788980,trap,rounding_noise,lh+fsc,0.0
CARB:56797791,clean,clean,,0.0
CARB:56840166,clean,clean,,0.0
CARB:56888133,clean,clean,,0.0
CARB:56928940,clean,clean,,0.0
CARB:57012312,clean,clean,,0.0
CARB:57137496,clean,clean,,0.0
CARB:57146789,clean,clean,,0.0
CARB:57163515,trap,bol_format,spaces,0.0
CARB:57270324,trap,bol_format,lowercase,0.0
CARB:57270324,trap,rate_amendment,,0.0
CARB:57270324,trap,rebill,,0.0
CARB:57272614,trap,rate_amendment,,0.0
CARB:57311602,trap,bol_format,prefix_hash,0.0
CARB:57332700,clean,clean,,0.0
CARB:57356970,clean,clean,,0.0
CARB:57445889,clean,clean,,0.0
CARB:57447621,clean,clean,,0.0
CARB:57461020,clean,clean,,0.0
CARB:57469369,trap,rounding_noise,lh+fsc,0.0
CARB:57546220,trap,rounding_noise,lh,0.0
CARB:57553492,error,rate_overcharge,markup,65.51
CARB:57581099,trap,rounding_noise,lh+fsc,0.0
CARB:57706768,superseded,superseded,,0.0
CARB:57718206,trap,bol_format,prefix_hash,0.0
CARB:57718206,trap,rounding_noise,lh+fsc,0.0
CARB:58117249,clean,clean,,0.0
CARB:58148769,clean,clean,,0.0
CARB:58195377,trap,rate_amendment,,0.0
CARB:58195377,trap,rebill,,0.0
CARB:58201633,clean,clean,,0.0
CARB:58204872,trap,bol_format,lowercase,0.0
CARB:58204872,trap,documented_reweigh,,0.0
CARB:58230973,trap,bol_format,dashes,0.0
CARB:58256066,clean,clean,,0.0
CARB:58325154,clean,clean,,0.0
CARB:58369724,trap,bol_format,spaces,0.0
CARB:58449460,clean,clean,,0.0
CARB:58584321,trap,balance_due,,0.0
CARB:58595026,trap,late_authorization,liftgate,0.0
CARB:58607561,trap,rate_amendment,,0.0
CARB:58694982,clean,clean,,0.0
CARB:58699490,trap,balance_due,,0.0
CARB:58810001,clean,clean,,0.0
CARB:58872455,clean,clean,,0.0
CARB:59054244,clean,clean,,0.0
CARB:59102561,clean,clean,,0.0
CARB:59194087,clean,clean,,0.0
CARB:59219517,trap,bol_format,dashes,0.0
CARB:59268889,trap,bol_format,prefix_hash,0.0
CARB:59268889,trap,rebill,,0.0
CARB:59288913,trap,rounding_noise,lh+fsc,0.0
CARB:59325340,trap,bol_format,spaces,0.0
CARB:59353685,clean,clean,,0.0
CARB:59362636,clean,clean,,0.0
CARB:59406041,trap,bol_format,lowercase,0.0
CARB:59488556,trap,rate_amendment,,0.0
CARB:59510715,trap,rounding_noise,fsc,0.0
CARB:59532474,clean,clean,,0.0
CARB:59596420,clean,clean,,0.0
CARB:59658638,clean,clean,,0.0
CARB:59691258,trap,bol_format,dashes,0.0
CARB:59691258,trap,late_authorization,liftgate,0.0
CARB:59724449,clean,clean,,0.0
CARB:59779924,clean,clean,,0.0
CARB:59812827,clean,clean,,0.0
CARB:59835973,clean,clean,,0.0
CARB:59949996,clean,clean,,0.0
CARB:59972922,trap,late_authorization,residential,0.0
CARB:60007626,clean,clean,,0.0
CARB:60026055,clean,clean,,0.0
CARB:60106468,clean,clean,,0.0
CARB:60197537,trap,bol_format,spaces,0.0
CARB:60202173,trap,documented_reweigh,,0.0
CARB:60234109,trap,rate_amendment,,0.0
CARB:60244097,trap,bol_format,lowercase,0.0
CARB:60263136,trap,rounding_noise,lh,0.0
CARB:60289649,clean,clean,,0.0
CARB:60526811,trap,rounding_noise,lh,0.0
CARB:60536920,clean,clean,,0.0
CARB:60540951,trap,rate_amendment,,0.0
CARB:60620552,clean,clean,,0.0
CARB:60624919,trap,balance_due,,0.0
CARB:60815665,error,weight_overbilling,sub_tolerance,21.06
CARB:60857861,trap,rate_amendment,,0.0
CARB:61184656,error,rate_overcharge,markup,138.13
CARB:61184656,trap,rate_amendment,,0.0
CARB:61200789,clean,clean,,0.0
CARB:61247330,clean,clean,,0.0
CARB:61297260,clean,clean,,0.0
CARB:61305328,clean,clean,,0.0
CARB:61314829,trap,bol_format,prefix_dash,0.0
CARB:61381309,error,fsc_mismatch,wrong_step,4.4
CARB:61381309,trap,rate_amendment,,0.0
CARB:61406641,trap,rounding_noise,fsc,0.0
CARB:61492635,trap,bol_format,zeros_dropped,0.0
CARB:61601269,trap,rate_amendment,,0.0
CARB:61606941,clean,clean,,0.0
CARB:61676914,trap,rounding_noise,lh,0.0
CARB:61680184,trap,late_authorization,residential,0.0
CARB:61711128,clean,clean,,0.0
CARB:61820992,clean,clean,,0.0
CARB:61921724,trap,balance_due,,0.0
CARB:61949634,clean,clean,,0.0
CARB:62014901,clean,clean,,0.0
CARB:62142511,trap,rebill,,0.0
CARB:62200931,error,fsc_mismatch,wrong_step,2.99
CARB:62385099,clean,clean,,0.0
CARB:62505023,clean,clean,,0.0
CARB:62518488,clean,clean,,0.0
CARB:62537695,trap,rate_amendment,,0.0
CARB:62543197,clean,clean,,0.0
CARB:62738267,trap,bol_format,spaces,0.0
CARB:62776696,trap,documented_reweigh,,0.0
CARB:62789302,trap,bol_format,dashes,0.0
CARB:62793268,clean,clean,,0.0
CARB:62795842,clean,clean,,0.0
CARB:62833994,clean,clean,,0.0
CARB:62848197,error,rate_overcharge,markup,71.54
CARB:62894565,clean,clean,,0.0
CARB:62923775,clean,clean,,0.0
CARB:63000352,trap,rate_amendment,,0.0
CARB:63020032,clean,clean,,0.0
CARB:63225657,clean,clean,,0.0
CARB:63236160,clean,clean,,0.0
CARB:63263836,clean,clean,,0.0
CARB:63270915,error,fsc_mismatch,sub_tolerance,1.04
CARB:63379475,trap,bol_format,dashes,0.0
CARB:63399630,clean,clean,,0.0
CARB:63561476,clean,clean,,0.0
CARB:63601824,clean,clean,,0.0
CARB:63622446,clean,clean,,0.0
CARB:63634286,clean,clean,,0.0
CARB:63640143,superseded,superseded,,0.0
CARB:63660591,trap,rounding_noise,fsc,0.0
CARB:63694685,clean,clean,,0.0
CARB:63847625,error,weight_overbilling,inflation,136.95
CARB:63868579,clean,clean,,0.0
CARB:63985990,clean,clean,,0.0
CARB:64006325,clean,clean,,0.0
CARB:64015724,trap,rounding_noise,fsc,0.0
CARB:64062190,trap,bol_format,dashes,0.0
CARB:64237103,trap,rate_amendment,,0.0
CARB:64304772,clean,clean,,0.0
CARB:64407569,clean,clean,,0.0
CARB:64428537,clean,clean,,0.0
CARB:64437019,clean,clean,,0.0
CARB:64480212,trap,rate_amendment,,0.0
CARB:64517531,trap,rounding_noise,lh,0.0
CARB:64604627,clean,clean,,0.0
CARB:64826467,error,unauthorized_accessorial,liftgate,95.0
CARB:64826467,trap,late_authorization,residential,0.0
CARB:64840118,clean,clean,,0.0
CARB:64851425,clean,clean,,0.0
CARB:64862759,trap,rate_amendment,,0.0
CARB:64879331,clean,clean,,0.0
CARB:64999350,trap,bol_format,lowercase,0.0
CARB:64999561,clean,clean,,0.0
CARB:65025010,clean,clean,,0.0
CARB:65043377,trap,bol_format,prefix_hash,0.0
CARB:65043377,trap,rate_amendment,,0.0
CARB:65112627,error,fsc_mismatch,wrong_step,4.49
CARB:65255601,clean,clean,,0.0
CARB:65307654,clean,clean,,0.0
CARB:65341078,trap,rate_amendment,,0.0
CARB:65426562,trap,bol_format,prefix_hash,0.0
CARB:65499210,trap,late_authorization,liftgate,0.0
CARB:65541670,clean,clean,,0.0
CARB:65662395,clean,clean,,0.0
CARB:65705974,trap,bol_format,spaces,0.0
CARB:65705974,trap,rounding_noise,lh,0.0
CARB:65729161,clean,clean,,0.0
CARB:65730081,trap,rebill,,0.0
CARB:65751174,clean,clean,,0.0
CARB:65816438,clean,clean,,0.0
CARB:65961672,trap,rate_amendment,,0.0
CARB:65961672,trap,rounding_noise,lh+fsc,0.0
CARB:66122930,clean,clean,,0.0
CARB:66301136,clean,clean,,0.0
CARB:66320734,clean,clean,,0.0
CARB:66769253,clean,clean,,0.0
CARB:66833266,clean,clean,,0.0
CARB:66871157,clean,clean,,0.0
CARB:66880617,trap,bol_format,spaces,0.0
CARB:66880617,trap,rate_amendment,,0.0
CARB:66986655,clean,clean,,0.0
CARB:67035191,trap,rate_amendment,,0.0
CARB:67039518,trap,rounding_noise,lh,0.0
CARB:67173506,clean,clean,,0.0
CARB:67175696,clean,clean,,0.0
CARB:67213569,clean,clean,,0.0
CARB:67222349,clean,clean,,0.0
CARB:67397644,trap,bol_format,dashes,0.0
CARB:67459507,error,fsc_mismatch,wrong_week,13.8
CARB:67459507,trap,rate_amendment,,0.0
CARB:67513604,clean,clean,,0.0
CARB:67595343,clean,clean,,0.0
CARB:67619882,clean,clean,,0.0
CARB:67621077,clean,clean,,0.0
CARB:67646174,clean,clean,,0.0
CARB:67673608,clean,clean,,0.0
CARB:67781331,error,rate_overcharge,markup,156.38
CARB:67781331,trap,rounding_noise,lh,0.0
CARB:67832248,clean,clean,,0.0
CARB:67944988,trap,balance_due,,0.0
CARB:68112900,clean,clean,,0.0
CARB:68136939,clean,clean,,0.0
CARB:68238213,clean,clean,,0.0
CARB:68267253,clean,clean,,0.0
CARB:68328044,trap,bol_format,lowercase,0.0
CARB:68356419,clean,clean,,0.0
CARB:68370348,clean,clean,,0.0
CARB:68463379,clean,clean,,0.0
CARB:68627998,trap,bol_format,lowercase,0.0
CARB:68665773,clean,clean,,0.0
CARB:68670806,trap,bol_format,prefix_dash,0.0
CARB:68691516,clean,clean,,0.0
CARB:68866202,trap,rebill,,0.0
CARB:69056953,trap,rounding_noise,fsc,0.0
CARB:69072730,clean,clean,,0.0
CARB:69104162,clean,clean,,0.0
CARB:69184750,clean,clean,,0.0
CARB:69228156,error,weight_overbilling,inflation,36.9
CARB:69228156,trap,rate_amendment,,0.0
CARB:69243601,trap,late_authorization,liftgate,0.0
CARB:69304463,clean,clean,,0.0
CARB:69323035,trap,rate_amendment,,0.0
CARB:69373385,clean,clean,,0.0
CARB:69375612,error,weight_overbilling,inflation,69.35
CARB:69386488,clean,clean,,0.0
CARB:69495156,trap,bol_format,prefix_dash,0.0
CARB:69498962,trap,bol_format,dashes,0.0
CARB:69635497,clean,clean,,0.0
CARB:69682510,trap,bol_format,prefix_dash,0.0
CARB:69727631,error,weight_overbilling,inflation,83.5
CARB:69741284,clean,clean,,0.0
CARB:69771250,trap,rounding_noise,fsc,0.0
CARB:69791729,clean,clean,,0.0
CARB:69821331,clean,clean,,0.0
CARB:69854031,trap,rate_amendment,,0.0
CARB:69854031,trap,rounding_noise,fsc,0.0
CARB:69896121,clean,clean,,0.0
CARB:69914759,error,fsc_mismatch,wrong_week,24.85
CARB:69939841,error,rate_overcharge,markup,55.85
CARB:69939841,trap,rate_amendment,,0.0
CARB:70014780,error,unauthorized_accessorial,liftgate,95.0
CARB:70149376,error,weight_overbilling,inflation,50.2
CARB:70303924,trap,bol_format,spaces,0.0
CARB:70371302,trap,documented_reweigh,,0.0
CARB:70371302,trap,rate_amendment,,0.0
CARB:70420564,clean,clean,,0.0
CARB:70472012,clean,clean,,0.0
CARB:70627797,clean,clean,,0.0
CARB:70668783,clean,clean,,0.0
CARB:70677765,trap,bol_format,spaces,0.0
CARB:70677765,trap,late_authorization,residential,0.0
CARB:70851005,clean,clean,,0.0
CARB:70966882,clean,clean,,0.0
CARB:70980826,trap,bol_format,prefix_hash,0.0
CARB:70980826,trap,rounding_noise,lh+fsc,0.0
CARB:71001391,superseded,superseded,,0.0
CARB:71020505,trap,documented_reweigh,,0.0
CARB:71080069,clean,clean,,0.0
CARB:71099903,clean,clean,,0.0
CARB:71247541,trap,bol_format,lowercase,0.0
CARB:71247541,trap,late_authorization,liftgate,0.0
CARB:71280971,clean,clean,,0.0
CARB:71302800,clean,clean,,0.0
CARB:71323842,trap,rate_amendment,,0.0
CARB:71335193,clean,clean,,0.0
CARB:71376112,clean,clean,,0.0
CARB:71433587,clean,clean,,0.0
CARB:71439165,clean,clean,,0.0
CARB:71450273,clean,clean,,0.0
CARB:71483881,clean,clean,,0.0
CARB:71531815,clean,clean,,0.0
CARB:71578479,clean,clean,,0.0
CARB:71607103,clean,clean,,0.0
CARB:71681432,clean,clean,,0.0
CARB:71716455,trap,rate_amendment,,0.0
CARB:71871010,clean,clean,,0.0
CARB:71881400,clean,clean,,0.0
CARB:72054173,clean,clean,,0.0
CARB:72061990,trap,rate_amendment,,0.0
CARB:72126738,clean,clean,,0.0
CARB:72139651,trap,rounding_noise,fsc,0.0
CARB:72233904,clean,clean,,0.0
CARB:72251641,clean,clean,,0.0
CARB:72421492,error,weight_overbilling,inflation,17.37
CARB:72506554,trap,bol_format,prefix_hash,0.0
CARB:72640349,trap,rate_amendment,,0.0
CARB:72678524,clean,clean,,0.0
CARB:72693571,trap,bol_format,zeros_dropped,0.0
CARB:72693571,trap,rounding_noise,lh,0.0
CARB:72716618,trap,bol_format,prefix_hash,0.0
CARB:72813503,trap,bol_format,prefix_dash,0.0
CARB:72813503,trap,late_authorization,residential,0.0
CARB:72982088,trap,rounding_noise,lh+fsc,0.0
CARB:72982357,trap,bol_format,spaces,0.0
CARB:72991494,trap,rate_amendment,,0.0
CARB:73213628,trap,bol_format,lowercase,0.0
CARB:73368721,clean,clean,,0.0
CARB:73374743,trap,bol_format,spaces,0.0
CARB:73386483,clean,clean,,0.0
CARB:73445593,clean,clean,,0.0
CARB:73461690,clean,clean,,0.0
CARB:73531402,clean,clean,,0.0
CARB:73699562,clean,clean,,0.0
CARB:73737410,trap,rounding_noise,fsc,0.0
CARB:73751245,clean,clean,,0.0
CARB:73834190,trap,rate_amendment,,0.0
CARB:73897216,clean,clean,,0.0
CARB:73987183,error,rate_overcharge,markup,12.03
CARB:73987183,trap,documented_reweigh,,0.0
CARB:74133384,trap,bol_format,dashes,0.0
CARB:74143782,error,rate_overcharge,markup,44.35
CARB:74143782,trap,bol_format,spaces,0.0
CARB:74160292,trap,rate_amendment,,0.0
CARB:74176563,clean,clean,,0.0
CARB:74307332,clean,clean,,0.0
CARB:74377783,trap,bol_format,spaces,0.0
CARB:74404110,clean,clean,,0.0
CARB:74448891,trap,rounding_noise,fsc,0.0
CARB:74463602,clean,clean,,0.0
CARB:74479253,clean,clean,,0.0
CARB:74480909,clean,clean,,0.0
CARB:74523474,trap,bol_format,spaces,0.0
CARB:74523474,trap,rate_amendment,,0.0
CARB:74532137,clean,clean,,0.0
CARB:74629508,clean,clean,,0.0
CARB:74658129,trap,rounding_noise,lh+fsc,0.0
CARB:74827510,clean,clean,,0.0
CARB:74835715,clean,clean,,0.0
CARB:74941357,clean,clean,,0.0
CARB:74949386,error,duplicate_invoice,rekeyed,659.82
CARB:75019186,trap,rounding_noise,lh+fsc,0.0
CARB:75087042,trap,bol_format,dashes,0.0
CARB:75159678,clean,clean,,0.0
CARB:75205402,clean,clean,,0.0
CARB:75246216,trap,rate_amendment,,0.0
CARB:75260545,superseded,superseded,,0.0
CARB:75428731,trap,rate_amendment,,0.0
CARB:75459940,clean,clean,,0.0
CARB:75464681,clean,clean,,0.0
CARB:75484690,clean,clean,,0.0
CARB:75595771,error,unauthorized_accessorial,residential,125.0
CARB:75596162,error,weight_overbilling,inflation,310.33
CARB:75596162,trap,rate_amendment,,0.0
CARB:75631325,clean,clean,,0.0
CARB:75676158,clean,clean,,0.0
CARB:75716755,clean,clean,,0.0
CARB:75779215,trap,late_authorization,liftgate,0.0
CARB:75779215,trap,rounding_noise,fsc,0.0
CARB:75782131,trap,bol_format,zeros_dropped,0.0
CARB:75838633,trap,late_authorization,residential,0.0
CARB:75859116,trap,bol_format,prefix_dash,0.0
CARB:75932516,trap,rounding_noise,lh+fsc,0.0
CARB:75968309,trap,late_authorization,residential,0.0
CARB:76012730,trap,documented_reweigh,,0.0
CARB:76012730,trap,rounding_noise,fsc,0.0
CARB:76113577,clean,clean,,0.0
CARB:76199876,clean,clean,,0.0
CARB:76205785,clean,clean,,0.0
CARB:76214952,trap,balance_due,,0.0
CARB:76214952,trap,bol_format,spaces,0.0
CARB:76264673,clean,clean,,0.0
CARB:76306041,clean,clean,,0.0
CARB:76387965,clean,clean,,0.0
CARB:76409186,trap,bol_format,dashes,0.0
CARB:76592855,clean,clean,,0.0
CARB:76691330,clean,clean,,0.0
CARB:76758512,clean,clean,,0.0
CARB:76885222,clean,clean,,0.0
CARB:77128851,trap,rate_amendment,,0.0
CARB:77233128,error,fsc_mismatch,wrong_week,1.99
CARB:77311622,trap,bol_format,prefix_hash,0.0
CARB:77370250,clean,clean,,0.0
CARB:77386129,clean,clean,,0.0
CARB:77449437,trap,rounding_noise,lh,0.0
CARB:77455535,clean,clean,,0.0
CARB:77622631,clean,clean,,0.0
CARB:77705311,clean,clean,,0.0
CARB:77715665,trap,rate_amendment,,0.0
CARB:77774754,trap,rate_amendment,,0.0
CARB:77799284,clean,clean,,0.0
CARB:77830825,clean,clean,,0.0
CARB:77919753,clean,clean,,0.0
CARB:77974340,clean,clean,,0.0
CARB:77978346,trap,bol_format,spaces,0.0
CARB:78004621,clean,clean,,0.0
CARB:78008506,clean,clean,,0.0
CARB:78026650,clean,clean,,0.0
CARB:78103349,clean,clean,,0.0
CARB:78134156,trap,rate_amendment,,0.0
CARB:78248431,trap,bol_format,prefix_hash,0.0
CARB:78248431,trap,rate_amendment,,0.0
CARB:78319845,clean,clean,,0.0
CARB:78509585,superseded,superseded,,0.0
CARB:78599903,clean,clean,,0.0
CARB:78644575,clean,clean,,0.0
CARB:78655005,clean,clean,,0.0
CARB:78673867,clean,clean,,0.0
CARB:78741659,clean,clean,,0.0
CARB:78754060,clean,clean,,0.0
CARB:78771877,clean,clean,,0.0
CARB:78809016,clean,clean,,0.0
CARB:78828849,clean,clean,,0.0
CARB:78882354,clean,clean,,0.0
CARB:78990084,trap,rate_amendment,,0.0
CARB:79022158,clean,clean,,0.0
CARB:79025398,clean,clean,,0.0
CARB:79077350,clean,clean,,0.0
CARB:79078131,trap,bol_format,spaces,0.0
CARB:79255753,clean,clean,,0.0
CARB:79330295,clean,clean,,0.0
CARB:79336053,trap,rate_amendment,,0.0
CARB:79366937,clean,clean,,0.0
CARB:79407462,clean,clean,,0.0
CARB:79414630,clean,clean,,0.0
CARB:79472458,trap,bol_format,prefix_dash,0.0
CARB:79524768,trap,bol_format,spaces,0.0
CARB:79551564,trap,rate_amendment,,0.0
CARB:79611192,clean,clean,,0.0
CARB:79614278,clean,clean,,0.0
CARB:79857116,clean,clean,,0.0
CARB:79866512,trap,bol_format,prefix_dash,0.0
CARB:79876037,trap,rounding_noise,lh,0.0
CARB:80014018,trap,bol_format,dashes,0.0
CARB:80078585,clean,clean,,0.0
CARB:80087560,error,rate_overcharge,markup,66.0
CARB:80087560,trap,bol_format,lowercase,0.0
CARB:80128338,error,weight_overbilling,inflation,90.59
CARB:80325564,trap,bol_format,dashes,0.0
CARB:80325564,trap,late_authorization,residential,0.0
CARB:80576681,clean,clean,,0.0
CARB:80577086,clean,clean,,0.0
CARB:80613520,trap,rate_amendment,,0.0
CARB:80624875,clean,clean,,0.0
CARB:80652243,clean,clean,,0.0
CARB:80677622,trap,rebill,,0.0
CARB:80717640,error,unauthorized_accessorial,liftgate,95.0
CARB:80954740,clean,clean,,0.0
CARB:80962221,clean,clean,,0.0
CARB:80972627,error,rate_overcharge,markup,62.98
CARB:80991839,clean,clean,,0.0
CARB:81021089,error,unauthorized_accessorial,residential,125.0
CARB:81021089,trap,bol_format,prefix_dash,0.0
CARB:81024808,error,weight_overbilling,sub_tolerance,2.79
CARB:81069465,error,rate_overcharge,markup,24.19
CARB:81104231,trap,rebill,,0.0
CARB:81243465,clean,clean,,0.0
CARB:81250783,trap,bol_format,prefix_dash,0.0
CARB:81250783,trap,rate_amendment,,0.0
CARB:81428071,trap,bol_format,spaces,0.0
CARB:81436431,trap,bol_format,lowercase,0.0
CARB:81639232,trap,late_authorization,residential,0.0
CARB:81645186,clean,clean,,0.0
CARB:81652886,clean,clean,,0.0
CARB:81725183,clean,clean,,0.0
CARB:81731075,clean,clean,,0.0
CARB:81785296,clean,clean,,0.0
CARB:81800492,trap,rate_amendment,,0.0
CARB:81886965,trap,late_authorization,residential,0.0
CARB:81886965,trap,rounding_noise,fsc,0.0
CARB:81905738,trap,bol_format,lowercase,0.0
CARB:81960381,clean,clean,,0.0
CARB:81999824,clean,clean,,0.0
CARB:82098455,clean,clean,,0.0
CARB:82170714,clean,clean,,0.0
CARB:82183317,trap,rate_amendment,,0.0
CARB:82209242,clean,clean,,0.0
CARB:82211794,clean,clean,,0.0
CARB:82316446,clean,clean,,0.0
CARB:82319773,trap,bol_format,dashes,0.0
CARB:82319773,trap,late_authorization,liftgate,0.0
CARB:82335198,clean,clean,,0.0
CARB:82499472,clean,clean,,0.0
CARB:82508539,clean,clean,,0.0
CARB:82509160,trap,rounding_noise,lh+fsc,0.0
CARB:82516327,error,fsc_mismatch,sub_tolerance,0.14
CARB:82516327,trap,rate_amendment,,0.0
CARB:82570208,trap,documented_reweigh,,0.0
CARB:82580038,clean,clean,,0.0
CARB:82617928,clean,clean,,0.0
CARB:82649431,clean,clean,,0.0
CARB:82668552,error,duplicate_invoice,resend,838.3
CARB:82728459,clean,clean,,0.0
CARB:82748796,clean,clean,,0.0
CARB:82764770,clean,clean,,0.0
CARB:82835939,clean,clean,,0.0
CARB:82853389,trap,rounding_noise,lh,0.0
CARB:82874846,clean,clean,,0.0
CARB:82948289,clean,clean,,0.0
CARB:82989392,trap,late_authorization,liftgate,0.0
CARB:82989392,trap,rate_amendment,,0.0
CARB:82995382,clean,clean,,0.0
CARB:83140034,clean,clean,,0.0
CARB:83255396,clean,clean,,0.0
CARB:83290963,clean,clean,,0.0
CARB:83325341,clean,clean,,0.0
CARB:83327117,clean,clean,,0.0
CARB:83361986,clean,clean,,0.0
CARB:83493482,clean,clean,,0.0
CARB:83540423,error,rate_overcharge,markup,34.85
CARB:83614438,clean,clean,,0.0
CARB:83655733,clean,clean,,0.0
CARB:83663339,error,rate_overcharge,markup,11.13
CARB:83663339,trap,documented_reweigh,,0.0
CARB:83694120,clean,clean,,0.0
CARB:83727808,clean,clean,,0.0
CARB:83781791,trap,rounding_noise,fsc,0.0
CARB:83813371,clean,clean,,0.0
CARB:83830489,clean,clean,,0.0
CARB:83972389,clean,clean,,0.0
CARB:83974052,clean,clean,,0.0
CARB:84026443,trap,rounding_noise,lh,0.0
CARB:84046767,clean,clean,,0.0
CARB:84056192,clean,clean,,0.0
CARB:84066238,superseded,superseded,,0.0
CARB:84159027,trap,bol_format,lowercase,0.0
CARB:84424335,clean,clean,,0.0
CARB:84552772,trap,rate_amendment,,0.0
CARB:84552772,trap,rounding_noise,lh+fsc,0.0
CARB:84557765,clean,clean,,0.0
CARB:84578251,clean,clean,,0.0
CARB:84647641,trap,rate_amendment,,0.0
CARB:84732616,clean,clean,,0.0
CARB:84956047,clean,clean,,0.0
CARB:84970079,clean,clean,,0.0
CARB:85049857,trap,bol_format,spaces,0.0
CARB:85049857,trap,rounding_noise,lh+fsc,0.0
CARB:85082008,clean,clean,,0.0
CARB:85133743,clean,clean,,0.0
CARB:85287940,clean,clean,,0.0
CARB:85292541,clean,clean,,0.0
CARB:85352447,clean,clean,,0.0
CARB:85381879,clean,clean,,0.0
CARB:85404187,clean,clean,,0.0
CARB:85420703,clean,clean,,0.0
CARB:85435126,trap,late_authorization,residential,0.0
CARB:85515212,trap,rounding_noise,fsc,0.0
CARB:85545109,trap,bol_format,dashes,0.0
CARB:85545109,trap,rate_amendment,,0.0
CARB:85560133,clean,clean,,0.0
CARB:85580914,clean,clean,,0.0
CARB:85631691,clean,clean,,0.0
CARB:85697728,clean,clean,,0.0
CARB:85715995,clean,clean,,0.0
CARB:85742109,trap,balance_due,,0.0
CARB:85745416,trap,rate_amendment,,0.0
CARB:85782091,clean,clean,,0.0
CARB:85882670,clean,clean,,0.0
CARB:85890425,clean,clean,,0.0
CARB:86016442,superseded,superseded,,0.0
CARB:86024510,clean,clean,,0.0
CARB:86266352,clean,clean,,0.0
CARB:86335716,trap,bol_format,spaces,0.0
CARB:86354346,clean,clean,,0.0
CARB:86374310,trap,bol_format,spaces,0.0
CARB:86479637,trap,bol_format,dashes,0.0
CARB:86479637,trap,rounding_noise,lh,0.0
CARB:86511152,clean,clean,,0.0
CARB:86548329,clean,clean,,0.0
CARB:86556131,clean,clean,,0.0
CARB:86577873,error,weight_overbilling,inflation,104.23
CARB:86579524,clean,clean,,0.0
CARB:86648117,clean,clean,,0.0
CARB:86667090,clean,clean,,0.0
CARB:86716609,clean,clean,,0.0
CARB:86726168,trap,bol_format,prefix_dash,0.0
CARB:86726168,trap,rounding_noise,fsc,0.0
CARB:86752580,clean,clean,,0.0
CARB:86756694,clean,clean,,0.0
CARB:86803018,clean,clean,,0.0
CARB:86822369,clean,clean,,0.0
CARB:86858732,clean,clean,,0.0
CARB:86885935,error,fsc_mismatch,wrong_step,10.61
CARB:86885935,error,rate_overcharge,markup,50.03
CARB:86892851,clean,clean,,0.0
CARB:86899994,trap,rate_amendment,,0.0
CARB:86985036,clean,clean,,0.0
CARB:86990413,clean,clean,,0.0
CARB:86995573,clean,clean,,0.0
CARB:87134897,clean,clean,,0.0
CARB:87192208,clean,clean,,0.0
CARB:87339829,trap,rounding_noise,lh+fsc,0.0
CARB:87391826,trap,bol_format,spaces,0.0
CARB:87456589,trap,rounding_noise,lh+fsc,0.0
CARB:87530012,trap,bol_format,prefix_dash,0.0
CARB:87530012,trap,rate_amendment,,0.0
CARB:87594723,clean,clean,,0.0
CARB:87662894,trap,rate_amendment,,0.0
CARB:87682205,trap,bol_format,prefix_dash,0.0
CARB:87682205,trap,late_authorization,residential,0.0
CARB:87774456,clean,clean,,0.0
CARB:87955602,clean,clean,,0.0
CARB:88050344,error,rate_overcharge,markup,21.4
CARB:88063731,clean,clean,,0.0
CARB:88095494,clean,clean,,0.0
CARB:88100061,trap,rounding_noise,fsc,0.0
CARB:88119306,clean,clean,,0.0
CARB:88131121,clean,clean,,0.0
CARB:88137381,trap,bol_format,prefix_dash,0.0
CARB:88148999,clean,clean,,0.0
CARB:88168388,clean,clean,,0.0
CARB:88195876,trap,bol_format,dashes,0.0
CARB:88244452,trap,rate_amendment,,0.0
CARB:88291722,clean,clean,,0.0
CARB:88362418,clean,clean,,0.0
CARB:88401159,clean,clean,,0.0
CARB:88422773,clean,clean,,0.0
CARB:88427279,clean,clean,,0.0
CARB:88451908,error,weight_overbilling,sub_tolerance,37.01
CARB:88451908,trap,bol_format,lowercase,0.0
CARB:88555667,trap,rate_amendment,,0.0
CARB:88561091,trap,rounding_noise,lh,0.0
CARB:88720168,clean,clean,,0.0
CARB:88774170,trap,rate_amendment,,0.0
CARB:88835956,trap,rounding_noise,lh,0.0
CARB:88845711,clean,clean,,0.0
CARB:88947886,trap,bol_format,dashes,0.0
CARB:88977658,clean,clean,,0.0
CARB:89184745,clean,clean,,0.0
CARB:89189838,trap,rounding_noise,fsc,0.0
CARB:89267764,trap,bol_format,prefix_hash,0.0
CARB:89288035,clean,clean,,0.0
CARB:89288677,clean,clean,,0.0
CARB:89322454,clean,clean,,0.0
CARB:89368609,clean,clean,,0.0
CARB:89373836,trap,bol_format,spaces,0.0
CARB:89409037,error,duplicate_invoice,resend,2045.87
CARB:89437924,trap,late_authorization,residential,0.0
CARB:89437924,trap,rate_amendment,,0.0
CARB:89470188,clean,clean,,0.0
CARB:89474699,clean,clean,,0.0
CARB:89529791,error,duplicate_invoice,resend,281.06
CARB:89540394,clean,clean,,0.0
CARB:89586104,clean,clean,,0.0
CARB:89594820,clean,clean,,0.0
CARB:89604321,trap,late_authorization,liftgate,0.0
CARB:89623181,trap,bol_format,prefix_dash,0.0
CARB:89663061,clean,clean,,0.0
CARB:89784248,clean,clean,,0.0
CARB:89854320,clean,clean,,0.0
CARB:89854594,error,fsc_mismatch,sub_tolerance,0.26
CARB:89909371,trap,bol_format,spaces,0.0
CARB:89909371,trap,rate_amendment,,0.0
CARB:89919184,trap,late_authorization,liftgate,0.0
CARB:89927196,clean,clean,,0.0
CARB:89928977,error,duplicate_invoice,rekeyed,667.5
CARB:90068905,trap,bol_format,prefix_dash,0.0
CARB:90103393,clean,clean,,0.0
CARB:90103966,clean,clean,,0.0
CARB:90165949,clean,clean,,0.0
CARB:90217084,trap,rounding_noise,fsc,0.0
CARB:90262189,clean,clean,,0.0
CARB:90326752,clean,clean,,0.0
CARB:90412852,trap,bol_format,lowercase,0.0
CARB:90412852,trap,rate_amendment,,0.0
CARB:90428946,clean,clean,,0.0
CARB:90515417,clean,clean,,0.0
CARB:90523652,trap,bol_format,dashes,0.0
CARB:90523652,trap,late_authorization,residential,0.0
CARB:90620361,clean,clean,,0.0
CARB:90652152,superseded,superseded,,0.0
CARB:90653948,clean,clean,,0.0
CARB:90785119,trap,rate_amendment,,0.0
CARB:90795758,clean,clean,,0.0
CARB:90891193,trap,late_authorization,liftgate,0.0
CARB:90927654,trap,balance_due,,0.0
CARB:90934546,clean,clean,,0.0
CARB:91179036,trap,rate_amendment,,0.0
CARB:91179036,trap,rounding_noise,lh,0.0
CARB:91189860,clean,clean,,0.0
CARB:91303008,trap,late_authorization,liftgate,0.0
CARB:91345659,clean,clean,,0.0
CARB:91347276,trap,late_authorization,liftgate,0.0
CARB:91523405,clean,clean,,0.0
CARB:91523487,trap,late_authorization,liftgate,0.0
CARB:91548479,error,fsc_mismatch,wrong_step,6.46
CARB:91548479,trap,documented_reweigh,,0.0
CARB:91553001,trap,bol_format,lowercase,0.0
CARB:91557027,clean,clean,,0.0
CARB:91574890,clean,clean,,0.0
CARB:91585484,trap,bol_format,dashes,0.0
CARB:91659225,trap,rounding_noise,lh+fsc,0.0
CARB:91661713,clean,clean,,0.0
CARB:91681868,clean,clean,,0.0
CARB:91734901,clean,clean,,0.0
CARB:91746626,clean,clean,,0.0
CARB:91846150,trap,rate_amendment,,0.0
CARB:92046977,clean,clean,,0.0
CARB:92072025,clean,clean,,0.0
CARB:92076414,trap,bol_format,spaces,0.0
CARB:92097563,clean,clean,,0.0
CARB:92161550,error,weight_overbilling,sub_tolerance,12.95
CARB:92161550,trap,rounding_noise,fsc,0.0
CARB:92202276,clean,clean,,0.0
CARB:92205299,clean,clean,,0.0
CARB:92210211,clean,clean,,0.0
CARB:92235185,clean,clean,,0.0
CARB:92291233,clean,clean,,0.0
CARB:92386596,trap,rounding_noise,lh,0.0
CARB:92448948,trap,bol_format,dashes,0.0
CARB:92513668,clean,clean,,0.0
CARB:92589213,trap,bol_format,prefix_hash,0.0
CARB:92622084,trap,late_authorization,liftgate,0.0
CARB:92700766,trap,rebill,,0.0
CARB:92753123,clean,clean,,0.0
CARB:92789302,trap,bol_format,dashes,0.0
CARB:92789302,trap,rate_amendment,,0.0
CARB:92805295,trap,rounding_noise,fsc,0.0
CARB:92864172,clean,clean,,0.0
CARB:92895006,clean,clean,,0.0
CARB:92949631,clean,clean,,0.0
CARB:92958980,clean,clean,,0.0
CARB:92987582,clean,clean,,0.0
CARB:93020317,trap,bol_format,prefix_dash,0.0
CARB:93020317,trap,rate_amendment,,0.0
CARB:93072675,clean,clean,,0.0
CARB:93242013,clean,clean,,0.0
CARB:93291255,clean,clean,,0.0
CARB:93465487,error,fsc_mismatch,sub_tolerance,0.32
CARB:93478591,clean,clean,,0.0
CARB:93644694,clean,clean,,0.0
CARB:93689163,trap,rate_amendment,,0.0
CARB:93701732,clean,clean,,0.0
CARB:93719112,trap,rate_amendment,,0.0
CARB:93721497,trap,documented_reweigh,,0.0
CARB:93813383,trap,rate_amendment,,0.0
CARB:93837815,trap,rounding_noise,lh,0.0
CARB:93932222,trap,rate_amendment,,0.0
CARB:93933783,clean,clean,,0.0
CARB:94042173,trap,rate_amendment,,0.0
CARB:94051833,trap,bol_format,zeros_dropped,0.0
CARB:94085032,trap,bol_format,lowercase,0.0
CARB:94229251,clean,clean,,0.0
CARB:94237302,trap,bol_format,prefix_dash,0.0
CARB:94287040,clean,clean,,0.0
CARB:94295450,error,unauthorized_accessorial,residential,125.0
CARB:94342636,trap,rounding_noise,lh,0.0
CARB:94366720,clean,clean,,0.0
CARB:94404197,trap,late_authorization,residential,0.0
CARB:94592387,error,weight_overbilling,inflation,353.58
CARB:94592387,trap,rate_amendment,,0.0
CARB:94764062,trap,bol_format,lowercase,0.0
CARB:94813338,clean,clean,,0.0
CARB:94814936,clean,clean,,0.0
CARB:94823227,clean,clean,,0.0
CARB:94867462,trap,rate_amendment,,0.0
CARB:94867893,clean,clean,,0.0
CARB:94903789,clean,clean,,0.0
CARB:94932197,clean,clean,,0.0
CARB:95040408,clean,clean,,0.0
CARB:95052049,clean,clean,,0.0
CARB:95063802,clean,clean,,0.0
CARB:95070777,clean,clean,,0.0
CARB:95098711,clean,clean,,0.0
CARB:95109942,clean,clean,,0.0
CARB:95214430,clean,clean,,0.0
CARB:95223957,clean,clean,,0.0
CARB:95232510,trap,rate_amendment,,0.0
CARB:95286033,trap,rounding_noise,lh,0.0
CARB:95296384,trap,rebill,,0.0
CARB:95325074,error,rate_overcharge,markup,12.5
CARB:95465118,clean,clean,,0.0
CARB:95526607,trap,rounding_noise,lh,0.0
CARB:95583923,error,duplicate_invoice,resend,526.89
CARB:95605647,clean,clean,,0.0
CARB:95662402,clean,clean,,0.0
CARB:95843042,clean,clean,,0.0
CARB:95905259,trap,rate_amendment,,0.0
CARB:96049642,trap,rounding_noise,lh+fsc,0.0
CARB:96089251,clean,clean,,0.0
CARB:96162537,clean,clean,,0.0
CARB:96267794,trap,bol_format,spaces,0.0
CARB:96267794,trap,rounding_noise,fsc,0.0
CARB:96379066,clean,clean,,0.0
CARB:96387282,trap,rate_amendment,,0.0
CARB:96446852,error,weight_overbilling,inflation,12.8
CARB:96446852,trap,late_authorization,liftgate,0.0
CARB:96462219,trap,bol_format,prefix_hash,0.0
CARB:96462219,trap,late_authorization,liftgate,0.0
CARB:96466136,clean,clean,,0.0
CARB:96467862,trap,bol_format,prefix_hash,0.0
CARB:96467862,trap,rebill,,0.0
CARB:96468103,clean,clean,,0.0
CARB:96518365,superseded,superseded,,0.0
CARB:96568282,trap,rate_amendment,,0.0
CARB:96668700,trap,rounding_noise,lh+fsc,0.0
CARB:96679968,clean,clean,,0.0
CARB:96738153,trap,rate_amendment,,0.0
CARB:96751263,clean,clean,,0.0
CARB:96769211,clean,clean,,0.0
CARB:96769703,clean,clean,,0.0
CARB:96858947,clean,clean,,0.0
CARB:97044839,clean,clean,,0.0
CARB:97066456,trap,rounding_noise,lh+fsc,0.0
CARB:97169975,error,rate_overcharge,markup,399.98
CARB:97169975,trap,bol_format,spaces,0.0
CARB:97178078,clean,clean,,0.0
CARB:97301752,clean,clean,,0.0
CARB:97335332,clean,clean,,0.0
CARB:97420283,trap,bol_format,dashes,0.0
CARB:97565969,trap,rate_amendment,,0.0
CARB:97763054,clean,clean,,0.0
CARB:97810413,trap,bol_format,lowercase,0.0
CARB:98000359,trap,rate_amendment,,0.0
CARB:98035514,clean,clean,,0.0
CARB:98264920,clean,clean,,0.0
CARB:98267141,clean,clean,,0.0
CARB:98324878,trap,rounding_noise,lh+fsc,0.0
CARB:98336204,clean,clean,,0.0
CARB:98403927,clean,clean,,0.0
CARB:98410425,clean,clean,,0.0
CARB:98534964,clean,clean,,0.0
CARB:98551464,clean,clean,,0.0
CARB:98566535,clean,clean,,0.0
CARB:98697745,clean,clean,,0.0
CARB:98706460,clean,clean,,0.0
CARB:98748822,clean,clean,,0.0
CARB:98761839,trap,rate_amendment,,0.0
CARB:98761839,trap,rounding_noise,lh,0.0
CARB:98783815,clean,clean,,0.0
CARB:98815719,clean,clean,,0.0
CARB:98847502,clean,clean,,0.0
CARB:98876073,trap,rate_amendment,,0.0
CARB:98907383,clean,clean,,0.0
CARB:99006924,clean,clean,,0.0
CARB:99026071,trap,bol_format,prefix_dash,0.0
CARB:99028659,clean,clean,,0.0
CARB:99066500,clean,clean,,0.0
CARB:99156130,clean,clean,,0.0
CARB:99170963,clean,clean,,0.0
CARB:99205902,clean,clean,,0.0
CARB:99225629,trap,bol_format,spaces,0.0
CARB:99326947,trap,rounding_noise,lh,0.0
CARB:99376070,trap,rate_amendment,,0.0
CARB:99376070,trap,rebill,,0.0
CARB:99463151,clean,clean,,0.0
CARB:99476443,clean,clean,,0.0
CARB:99553298,clean,clean,,0.0
CARB:99580310,trap,bol_format,prefix_dash,0.0
CARB:99607868,clean,clean,,0.0
CARB:99661656,clean,clean,,0.0
CARB:99663767,trap,rate_amendment,,0.0
CARB:99696760,trap,bol_format,prefix_hash,0.0
CARB:99743831,clean,clean,,0.0
CARB:99816988,clean,clean,,0.0
CARC:00000465,trap,bol_format,lowercase,0.0
CARC:00082889,clean,clean,,0.0
CARC:00105709,trap,rounding_noise,lh,0.0
CARC:00191066,clean,clean,,0.0
CARC:00215052,trap,rounding_noise,fsc,0.0
CARC:00263410,clean,clean,,0.0
CARC:00433354,trap,rounding_noise,lh+fsc,0.0
CARC:00567858,trap,rounding_noise,fsc,0.0
CARC:00596522,clean,clean,,0.0
CARC:00631922,error,weight_overbilling,inflation,77.75
CARC:00631922,trap,bol_format,spaces,0.0
CARC:00673447,clean,clean,,0.0
CARC:00753116,clean,clean,,0.0
CARC:00753474,trap,bol_format,lowercase,0.0
CARC:00773076,clean,clean,,0.0
CARC:00877213,trap,documented_reweigh,,0.0
CARC:01071116,clean,clean,,0.0
CARC:01096893,clean,clean,,0.0
CARC:01114710,clean,clean,,0.0
CARC:01202617,clean,clean,,0.0
CARC:01252223,trap,rounding_noise,lh,0.0
CARC:01273578,error,unauthorized_accessorial,liftgate,95.0
CARC:01319141,clean,clean,,0.0
CARC:01338096,error,rate_overcharge,markup,98.92
CARC:01338096,trap,bol_format,spaces,0.0
CARC:01483607,clean,clean,,0.0
CARC:01541541,clean,clean,,0.0
CARC:01632252,trap,documented_reweigh,,0.0
CARC:01683714,clean,clean,,0.0
CARC:01770457,clean,clean,,0.0
CARC:01791971,clean,clean,,0.0
CARC:01853819,clean,clean,,0.0
CARC:01895862,trap,bol_format,prefix_dash,0.0
CARC:01947821,trap,bol_format,spaces,0.0
CARC:01951722,clean,clean,,0.0
CARC:01985800,clean,clean,,0.0
CARC:02032554,error,rate_overcharge,markup,38.67
CARC:02035472,clean,clean,,0.0
CARC:02040641,clean,clean,,0.0
CARC:02131359,clean,clean,,0.0
CARC:02159870,clean,clean,,0.0
CARC:02195641,clean,clean,,0.0
CARC:02204621,clean,clean,,0.0
CARC:02227171,trap,bol_format,prefix_hash,0.0
CARC:02279184,clean,clean,,0.0
CARC:02288759,trap,rate_amendment,,0.0
CARC:02299419,trap,bol_format,prefix_dash,0.0
CARC:02368433,clean,clean,,0.0
CARC:02401371,clean,clean,,0.0
CARC:02455824,error,fsc_mismatch,wrong_step,5.87
CARC:02455824,trap,late_authorization,liftgate,0.0
CARC:02574057,trap,bol_typo,,0.0
CARC:02574057,trap,documented_reweigh,,0.0
CARC:02581213,superseded,superseded,,0.0
CARC:02582499,clean,clean,,0.0
CARC:02631883,clean,clean,,0.0
CARC:02783906,clean,clean,,0.0
CARC:02848804,clean,clean,,0.0
CARC:03006004,trap,bol_format,dashes,0.0
CARC:03032087,clean,clean,,0.0
CARC:03110017,trap,rounding_noise,lh+fsc,0.0
CARC:03157952,trap,rounding_noise,fsc,0.0
CARC:03190378,clean,clean,,0.0
CARC:03221987,clean,clean,,0.0
CARC:03233845,trap,balance_due,,0.0
CARC:03312899,clean,clean,,0.0
CARC:03320450,clean,clean,,0.0
CARC:03337898,error,duplicate_invoice,rekeyed,936.1
CARC:03345361,clean,clean,,0.0
CARC:03346125,clean,clean,,0.0
CARC:03355253,trap,bol_format,lowercase,0.0
CARC:03375102,clean,clean,,0.0
CARC:03585780,clean,clean,,0.0
CARC:03727835,trap,rate_amendment,,0.0
CARC:03798406,clean,clean,,0.0
CARC:03863100,clean,clean,,0.0
CARC:03899708,clean,clean,,0.0
CARC:03985946,trap,bol_format,dashes,0.0
CARC:04016771,trap,rounding_noise,lh,0.0
CARC:04030430,error,unauthorized_accessorial,liftgate,95.0
CARC:04030430,trap,bol_format,lowercase,0.0
CARC:04030430,trap,rounding_noise,lh+fsc,0.0
CARC:04099641,clean,clean,,0.0
CARC:04198331,clean,clean,,0.0
CARC:04229849,trap,late_authorization,liftgate,0.0
CARC:04230315,clean,clean,,0.0
CARC:04303104,error,fsc_mismatch,wrong_step,2.97
CARC:04330371,clean,clean,,0.0
CARC:04373519,trap,late_authorization,liftgate,0.0
CARC:04391504,clean,clean,,0.0
CARC:04532486,clean,clean,,0.0
CARC:04548680,clean,clean,,0.0
CARC:04594730,trap,bol_format,prefix_hash,0.0
CARC:04767075,clean,clean,,0.0
CARC:04953603,error,fsc_mismatch,wrong_step,61.73
CARC:04983761,clean,clean,,0.0
CARC:05017422,trap,rounding_noise,lh,0.0
CARC:05073833,error,phantom_invoice,,993.79
CARC:05231144,clean,clean,,0.0
CARC:05259619,clean,clean,,0.0
CARC:05274297,clean,clean,,0.0
CARC:05309398,error,duplicate_invoice,rekeyed,808.91
CARC:05309398,trap,bol_format,spaces,0.0
CARC:05324819,trap,late_authorization,liftgate,0.0
CARC:05348269,clean,clean,,0.0
CARC:05390526,clean,clean,,0.0
CARC:05489715,error,rate_overcharge,markup,136.71
CARC:05489715,trap,bol_format,lowercase,0.0
CARC:05589785,trap,late_authorization,residential,0.0
CARC:05589785,trap,rounding_noise,lh,0.0
CARC:05600072,clean,clean,,0.0
CARC:05661793,clean,clean,,0.0
CARC:05682897,clean,clean,,0.0
CARC:05687560,trap,bol_format,dashes,0.0
CARC:05691249,clean,clean,,0.0
CARC:05804053,trap,rounding_noise,lh+fsc,0.0
CARC:05940477,trap,bol_format,zeros_dropped,0.0
CARC:05940477,trap,rounding_noise,fsc,0.0
CARC:06018851,clean,clean,,0.0
CARC:06205575,clean,clean,,0.0
CARC:06260663,clean,clean,,0.0
CARC:06285413,clean,clean,,0.0
CARC:06296857,clean,clean,,0.0
CARC:06469678,clean,clean,,0.0
CARC:06520630,error,duplicate_invoice,resend,171.98
CARC:06520630,trap,bol_format,lowercase,0.0
CARC:06671552,trap,bol_format,spaces,0.0
CARC:06706408,trap,bol_format,zeros_dropped,0.0
CARC:06786482,trap,bol_format,prefix_hash,0.0
CARC:06806935,trap,rounding_noise,lh,0.0
CARC:06864981,clean,clean,,0.0
CARC:06902071,clean,clean,,0.0
CARC:07049601,clean,clean,,0.0
CARC:07063008,clean,clean,,0.0
CARC:07085272,trap,bol_format,prefix_hash,0.0
CARC:07191802,trap,bol_format,prefix_hash,0.0
CARC:07347850,trap,bol_format,spaces,0.0
CARC:07413646,clean,clean,,0.0
CARC:07475557,trap,rate_amendment,,0.0
CARC:07475557,trap,rounding_noise,lh,0.0
CARC:07488562,clean,clean,,0.0
CARC:07491816,clean,clean,,0.0
CARC:07571356,trap,bol_typo,,0.0
CARC:07643189,trap,rate_amendment,,0.0
CARC:07660916,clean,clean,,0.0
CARC:07824497,clean,clean,,0.0
CARC:07924303,clean,clean,,0.0
CARC:08063894,clean,clean,,0.0
CARC:08177285,error,fsc_mismatch,wrong_week,11.45
CARC:08203959,trap,bol_format,spaces,0.0
CARC:08354827,clean,clean,,0.0
CARC:08537973,error,weight_overbilling,inflation,45.95
CARC:08539596,clean,clean,,0.0
CARC:08590673,trap,bol_format,prefix_hash,0.0
CARC:08715348,clean,clean,,0.0
CARC:08752437,clean,clean,,0.0
CARC:08963292,clean,clean,,0.0
CARC:09066846,trap,bol_format,dashes,0.0
CARC:09119692,trap,late_authorization,liftgate,0.0
CARC:09187556,clean,clean,,0.0
CARC:09214431,trap,bol_format,spaces,0.0
CARC:09253158,clean,clean,,0.0
CARC:09359535,trap,rounding_noise,fsc,0.0
CARC:09405163,clean,clean,,0.0
CARC:09481406,error,unauthorized_accessorial,residential,125.0
CARC:09481406,trap,rounding_noise,lh,0.0
CARC:09513576,clean,clean,,0.0
CARC:09592380,clean,clean,,0.0
CARC:09641182,trap,bol_format,prefix_hash,0.0
CARC:09673525,clean,clean,,0.0
CARC:09729386,error,weight_overbilling,inflation,36.71
CARC:09729386,trap,bol_format,dashes,0.0
CARC:09788619,clean,clean,,0.0
CARC:09979493,clean,clean,,0.0
CARC:10008506,clean,clean,,0.0
CARC:10020321,clean,clean,,0.0
CARC:10033466,clean,clean,,0.0
CARC:10035554,trap,rounding_noise,fsc,0.0
CARC:10064931,clean,clean,,0.0
CARC:10156598,error,unauthorized_accessorial,residential,125.0
CARC:10218741,clean,clean,,0.0
CARC:10287887,clean,clean,,0.0
CARC:10346410,clean,clean,,0.0
CARC:10370265,clean,clean,,0.0
CARC:10384066,trap,documented_reweigh,,0.0
CARC:10545194,clean,clean,,0.0
CARC:10680616,error,rate_overcharge,markup,73.83
CARC:10714877,clean,clean,,0.0
CARC:10722544,trap,bol_format,prefix_dash,0.0
CARC:10800134,clean,clean,,0.0
CARC:10803962,clean,clean,,0.0
CARC:10809229,clean,clean,,0.0
CARC:10818211,trap,bol_format,dashes,0.0
CARC:10829571,error,rate_overcharge,markup,25.28
CARC:10835383,clean,clean,,0.0
CARC:10867252,clean,clean,,0.0
CARC:10891467,clean,clean,,0.0
CARC:10907096,clean,clean,,0.0
CARC:10944319,trap,bol_format,dashes,0.0
CARC:10944588,clean,clean,,0.0
CARC:11095270,error,weight_overbilling,inflation,36.34
CARC:11095270,trap,bol_format,prefix_hash,0.0
CARC:11175829,clean,clean,,0.0
CARC:11202378,clean,clean,,0.0
CARC:11431086,clean,clean,,0.0
CARC:11473856,error,rate_overcharge,sub_tolerance,1.85
CARC:11541015,clean,clean,,0.0
CARC:11935388,clean,clean,,0.0
CARC:12206207,error,weight_overbilling,sub_tolerance,2.93
CARC:12206207,trap,rounding_noise,lh,0.0
CARC:12279913,clean,clean,,0.0
CARC:12297354,clean,clean,,0.0
CARC:12335285,clean,clean,,0.0
CARC:12356472,trap,rounding_noise,lh+fsc,0.0
CARC:12363505,clean,clean,,0.0
CARC:12503825,clean,clean,,0.0
CARC:12577600,error,rate_overcharge,markup,77.77
CARC:12577600,trap,bol_format,dashes,0.0
CARC:12577600,trap,rounding_noise,fsc,0.0
CARC:12680286,clean,clean,,0.0
CARC:12809135,clean,clean,,0.0
CARC:12885184,clean,clean,,0.0
CARC:12956062,clean,clean,,0.0
CARC:12972182,clean,clean,,0.0
CARC:13048129,trap,rebill,,0.0
CARC:13068471,clean,clean,,0.0
CARC:13114851,trap,bol_format,spaces,0.0
CARC:13114851,trap,rounding_noise,fsc,0.0
CARC:13119157,clean,clean,,0.0
CARC:13133785,trap,balance_due,,0.0
CARC:13133785,trap,bol_format,zeros_dropped,0.0
CARC:13155507,trap,bol_format,lowercase,0.0
CARC:13170976,clean,clean,,0.0
CARC:13247337,trap,bol_format,dashes,0.0
CARC:13277672,clean,clean,,0.0
CARC:13339032,error,rate_overcharge,markup,147.51
CARC:13500445,trap,rounding_noise,fsc,0.0
CARC:13500765,error,weight_overbilling,inflation,12.36
CARC:13500765,trap,bol_format,prefix_dash,0.0
CARC:13549021,trap,late_authorization,liftgate,0.0
CARC:13577180,trap,rounding_noise,lh,0.0
CARC:13595669,clean,clean,,0.0
CARC:13636486,trap,bol_format,dashes,0.0
CARC:13691963,clean,clean,,0.0
CARC:13711201,trap,bol_format,lowercase,0.0
CARC:13754117,error,unauthorized_accessorial,liftgate,95.0
CARC:13811334,clean,clean,,0.0
CARC:13866535,clean,clean,,0.0
CARC:13910241,trap,late_authorization,liftgate,0.0
CARC:13976420,clean,clean,,0.0
CARC:14052378,clean,clean,,0.0
CARC:14101492,trap,rounding_noise,lh+fsc,0.0
CARC:14108531,clean,clean,,0.0
CARC:14137905,trap,rate_amendment,,0.0
CARC:14148321,trap,bol_format,prefix_dash,0.0
CARC:14172198,error,fsc_mismatch,wrong_step,2.37
CARC:14263491,error,rate_overcharge,markup,182.61
CARC:14311823,clean,clean,,0.0
CARC:14393023,clean,clean,,0.0
CARC:14451134,clean,clean,,0.0
CARC:14463114,trap,bol_format,prefix_hash,0.0
CARC:14463114,trap,bol_typo,,0.0
CARC:14465483,clean,clean,,0.0
CARC:14477859,clean,clean,,0.0
CARC:14522840,error,fsc_mismatch,wrong_step,88.57
CARC:14535740,clean,clean,,0.0
CARC:14667508,clean,clean,,0.0
CARC:14715073,error,phantom_invoice,,1251.63
CARC:14807616,clean,clean,,0.0
CARC:14973447,error,rate_overcharge,markup,75.28
CARC:15030804,clean,clean,,0.0
CARC:15117431,clean,clean,,0.0
CARC:15136818,error,fsc_mismatch,wrong_step,2.47
CARC:15141651,trap,bol_format,prefix_dash,0.0
CARC:15173840,clean,clean,,0.0
CARC:15176873,trap,rounding_noise,lh+fsc,0.0
CARC:15178935,error,weight_overbilling,sub_tolerance,4.36
CARC:15219602,trap,documented_reweigh,,0.0
CARC:15219851,trap,rounding_noise,lh+fsc,0.0
CARC:15349515,clean,clean,,0.0
CARC:15570396,trap,bol_format,lowercase,0.0
CARC:15570396,trap,rebill,,0.0
CARC:15619179,clean,clean,,0.0
CARC:15751838,error,rate_overcharge,markup,105.99
CARC:15751838,trap,late_authorization,liftgate,0.0
CARC:15767325,clean,clean,,0.0
CARC:15848035,trap,rate_amendment,,0.0
CARC:15971887,clean,clean,,0.0
CARC:16163356,clean,clean,,0.0
CARC:16191752,clean,clean,,0.0
CARC:16274675,trap,bol_format,prefix_hash,0.0
CARC:16286194,trap,bol_format,spaces,0.0
CARC:16329192,error,rate_overcharge,markup,64.8
CARC:16373903,clean,clean,,0.0
CARC:16443879,clean,clean,,0.0
CARC:16450121,clean,clean,,0.0
CARC:16499509,trap,bol_format,spaces,0.0
CARC:16664631,clean,clean,,0.0
CARC:16673863,error,duplicate_invoice,resend,928.29
CARC:16713942,clean,clean,,0.0
CARC:16800392,trap,bol_format,prefix_hash,0.0
CARC:16861555,clean,clean,,0.0
CARC:16883377,error,duplicate_invoice,rekeyed,255.77
CARC:16950235,error,phantom_invoice,,345.32
CARC:16961850,error,rate_overcharge,markup,54.46
CARC:16993507,clean,clean,,0.0
CARC:17021190,trap,late_authorization,residential,0.0
CARC:17258812,clean,clean,,0.0
CARC:17258862,clean,clean,,0.0
CARC:17267206,clean,clean,,0.0
CARC:17290363,error,fsc_mismatch,wrong_step,4.56
CARC:17290363,error,unauthorized_accessorial,residential,125.0
CARC:17290363,trap,bol_format,lowercase,0.0
CARC:17293781,trap,late_authorization,residential,0.0
CARC:17293781,trap,rounding_noise,lh+fsc,0.0
CARC:17313578,trap,rounding_noise,lh,0.0
CARC:17411010,trap,bol_format,lowercase,0.0
CARC:17433689,trap,rate_amendment,,0.0
CARC:17433689,trap,rounding_noise,fsc,0.0
CARC:17444352,trap,documented_reweigh,,0.0
CARC:17471451,error,rate_overcharge,markup,29.63
CARC:17569065,clean,clean,,0.0
CARC:17720280,clean,clean,,0.0
CARC:17880207,error,rate_overcharge,markup,27.27
CARC:17885650,clean,clean,,0.0
CARC:17900482,clean,clean,,0.0
CARC:17964975,error,rate_overcharge,markup,27.19
CARC:17981413,clean,clean,,0.0
CARC:17993696,trap,rate_amendment,,0.0
CARC:18055540,clean,clean,,0.0
CARC:18106963,clean,clean,,0.0
CARC:18108487,error,fsc_mismatch,wrong_week,5.47
CARC:18108487,error,rate_overcharge,markup,31.09
CARC:18114760,trap,bol_format,prefix_dash,0.0
CARC:18228509,trap,bol_format,lowercase,0.0
CARC:18470537,clean,clean,,0.0
CARC:18653367,clean,clean,,0.0
CARC:18729774,clean,clean,,0.0
CARC:18749500,trap,rounding_noise,fsc,0.0
CARC:18781288,clean,clean,,0.0
CARC:18884288,trap,bol_format,spaces,0.0
CARC:18884288,trap,rate_amendment,,0.0
CARC:18904107,clean,clean,,0.0
CARC:18922914,clean,clean,,0.0
CARC:18923357,clean,clean,,0.0
CARC:18939590,clean,clean,,0.0
CARC:18987975,clean,clean,,0.0
CARC:19019239,error,duplicate_invoice,rekeyed,1036.53
CARC:19115188,trap,bol_format,lowercase,0.0
CARC:19115188,trap,rounding_noise,fsc,0.0
CARC:19347215,clean,clean,,0.0
CARC:19392469,clean,clean,,0.0
CARC:19393167,clean,clean,,0.0
CARC:19452749,clean,clean,,0.0
CARC:19494032,clean,clean,,0.0
CARC:19611867,clean,clean,,0.0
CARC:19679878,trap,bol_format,dashes,0.0
CARC:19746912,clean,clean,,0.0
CARC:19849762,clean,clean,,0.0
CARC:19871053,trap,rate_amendment,,0.0
CARC:19879173,trap,bol_format,spaces,0.0
CARC:20046639,trap,bol_format,dashes,0.0
CARC:20051085,trap,bol_format,dashes,0.0
CARC:20085482,error,duplicate_invoice,resend,1331.82
CARC:20161650,clean,clean,,0.0
CARC:20222356,clean,clean,,0.0
CARC:20302192,clean,clean,,0.0
CARC:20311983,error,fsc_mismatch,sub_tolerance,1.13
CARC:20311983,trap,rounding_noise,lh,0.0
CARC:20392526,trap,rounding_noise,lh+fsc,0.0
CARC:20440699,clean,clean,,0.0
CARC:20471735,clean,clean,,0.0
CARC:20490634,trap,bol_format,dashes,0.0
CARC:20533893,trap,bol_format,lowercase,0.0
CARC:20675668,clean,clean,,0.0
CARC:20689216,clean,clean,,0.0
CARC:20732323,trap,late_authorization,liftgate,0.0
CARC:20812415,clean,clean,,0.0
CARC:20842579,clean,clean,,0.0
CARC:20967489,trap,rounding_noise,lh,0.0
CARC:20978386,clean,clean,,0.0
CARC:21029952,clean,clean,,0.0
CARC:21100203,clean,clean,,0.0
CARC:21181441,error,rate_overcharge,sub_tolerance,9.78
CARC:21259870,trap,bol_format,lowercase,0.0
CARC:21297481,clean,clean,,0.0
CARC:21344920,error,rate_overcharge,markup,155.71
CARC:21344920,trap,bol_format,dashes,0.0
CARC:21432065,error,duplicate_invoice,resend,499.19
CARC:21443896,trap,rounding_noise,lh,0.0
CARC:21455417,error,rate_overcharge,markup,27.79
CARC:21489824,clean,clean,,0.0
CARC:21559623,clean,clean,,0.0
CARC:21577190,clean,clean,,0.0
CARC:21587455,trap,bol_format,lowercase,0.0
CARC:21587455,trap,rebill,,0.0
CARC:21642943,error,rate_overcharge,markup,31.54
CARC:21691702,clean,clean,,0.0
CARC:21738336,clean,clean,,0.0
CARC:21868273,clean,clean,,0.0
CARC:22058879,clean,clean,,0.0
CARC:22071620,clean,clean,,0.0
CARC:22084719,error,fsc_mismatch,sub_tolerance,0.48
CARC:22217239,trap,rounding_noise,lh,0.0
CARC:22219324,clean,clean,,0.0
CARC:22234479,trap,rounding_noise,lh,0.0
CARC:22252032,clean,clean,,0.0
CARC:22256807,clean,clean,,0.0
CARC:22308543,clean,clean,,0.0
CARC:22384370,clean,clean,,0.0
CARC:22459288,clean,clean,,0.0
CARC:22481846,clean,clean,,0.0
CARC:22544427,clean,clean,,0.0
CARC:22568272,clean,clean,,0.0
CARC:22579625,clean,clean,,0.0
CARC:22658994,trap,bol_format,prefix_dash,0.0
CARC:22683191,clean,clean,,0.0
CARC:22721323,trap,bol_format,prefix_hash,0.0
CARC:22769220,clean,clean,,0.0
CARC:22822143,trap,bol_format,spaces,0.0
CARC:22844624,clean,clean,,0.0
CARC:22903241,clean,clean,,0.0
CARC:22935786,clean,clean,,0.0
CARC:22940127,clean,clean,,0.0
CARC:22975691,trap,late_authorization,residential,0.0
CARC:23018554,error,rate_overcharge,markup,98.13
CARC:23022218,clean,clean,,0.0
CARC:23104082,superseded,superseded,,0.0
CARC:23247616,trap,bol_format,dashes,0.0
CARC:23254776,error,rate_overcharge,markup,206.84
CARC:23262213,clean,clean,,0.0
CARC:23337775,clean,clean,,0.0
CARC:23424130,error,weight_overbilling,inflation,20.97
CARC:23424130,trap,bol_format,prefix_dash,0.0
CARC:23518332,clean,clean,,0.0
CARC:23657105,trap,bol_typo,,0.0
CARC:23703123,clean,clean,,0.0
CARC:23805402,clean,clean,,0.0
CARC:23805808,trap,rounding_noise,fsc,0.0
CARC:23876692,trap,bol_format,spaces,0.0
CARC:24106706,error,rate_overcharge,markup,53.05
CARC:24213732,trap,bol_format,spaces,0.0
CARC:24226323,trap,documented_reweigh,,0.0
CARC:24349069,trap,bol_format,prefix_hash,0.0
CARC:24459092,clean,clean,,0.0
CARC:24605854,trap,rounding_noise,fsc,0.0
CARC:24757352,error,unauthorized_accessorial,liftgate,95.0
CARC:24757352,trap,bol_format,prefix_hash,0.0
CARC:24757352,trap,rounding_noise,fsc,0.0
CARC:24764857,clean,clean,,0.0
CARC:24786999,clean,clean,,0.0
CARC:24901057,trap,bol_format,prefix_dash,0.0
CARC:24933071,clean,clean,,0.0
CARC:24969566,trap,rounding_noise,lh+fsc,0.0
CARC:25027485,clean,clean,,0.0
CARC:25124768,clean,clean,,0.0
CARC:25160716,clean,clean,,0.0
CARC:25171089,trap,late_authorization,liftgate,0.0
CARC:25198136,clean,clean,,0.0
CARC:25201081,clean,clean,,0.0
CARC:25221042,error,weight_overbilling,inflation,145.74
CARC:25226089,clean,clean,,0.0
CARC:25230036,clean,clean,,0.0
CARC:25265450,clean,clean,,0.0
CARC:25295179,clean,clean,,0.0
CARC:25313148,clean,clean,,0.0
CARC:25440328,trap,bol_format,zeros_dropped,0.0
CARC:25458911,trap,bol_format,prefix_dash,0.0
CARC:25479860,clean,clean,,0.0
CARC:25714181,clean,clean,,0.0
CARC:25761614,clean,clean,,0.0
CARC:25896587,trap,bol_format,spaces,0.0
CARC:25896587,trap,late_authorization,liftgate,0.0
CARC:26004144,error,fsc_mismatch,wrong_week,4.59
CARC:26004144,trap,bol_format,lowercase,0.0
CARC:26088877,trap,rounding_noise,lh+fsc,0.0
CARC:26149008,clean,clean,,0.0
CARC:26259878,clean,clean,,0.0
CARC:26283691,clean,clean,,0.0
CARC:26285917,clean,clean,,0.0
CARC:26296926,clean,clean,,0.0
CARC:26311862,clean,clean,,0.0
CARC:26410679,clean,clean,,0.0
CARC:26572989,clean,clean,,0.0
CARC:26715130,clean,clean,,0.0
CARC:26788840,error,fsc_mismatch,wrong_step,20.2
CARC:26802202,trap,bol_format,dashes,0.0
CARC:26825756,trap,bol_format,lowercase,0.0
CARC:26833744,clean,clean,,0.0
CARC:27179465,error,rate_overcharge,markup,8.82
CARC:27179465,trap,rounding_noise,lh+fsc,0.0
CARC:27223516,error,rate_overcharge,markup,240.28
CARC:27345082,trap,rounding_noise,lh,0.0
CARC:27363110,clean,clean,,0.0
CARC:27373379,clean,clean,,0.0
CARC:27422512,trap,rounding_noise,lh,0.0
CARC:27429149,trap,balance_due,,0.0
CARC:27444488,clean,clean,,0.0
CARC:27529280,trap,rounding_noise,lh+fsc,0.0
CARC:27614135,clean,clean,,0.0
CARC:27617759,clean,clean,,0.0
CARC:27667584,clean,clean,,0.0
CARC:28055252,clean,clean,,0.0
CARC:28060427,clean,clean,,0.0
CARC:28083431,clean,clean,,0.0
CARC:28099324,error,rate_overcharge,markup,57.44
CARC:28099324,trap,bol_format,prefix_hash,0.0
CARC:28118583,trap,balance_due,,0.0
CARC:28118583,trap,bol_format,zeros_dropped,0.0
CARC:28184041,trap,rounding_noise,lh+fsc,0.0
CARC:28294645,clean,clean,,0.0
CARC:28300126,error,fsc_mismatch,sub_tolerance,1.66
CARC:28318354,error,rate_overcharge,markup,10.52
CARC:28338949,clean,clean,,0.0
CARC:28358308,clean,clean,,0.0
CARC:28372550,clean,clean,,0.0
CARC:28421394,trap,late_authorization,liftgate,0.0
CARC:28445858,clean,clean,,0.0
CARC:28482952,clean,clean,,0.0
CARC:28517634,clean,clean,,0.0
CARC:28531794,clean,clean,,0.0
CARC:28595519,clean,clean,,0.0
CARC:28651062,trap,rounding_noise,fsc,0.0
CARC:28691250,trap,bol_format,dashes,0.0
CARC:28691250,trap,rounding_noise,fsc,0.0
CARC:28704418,error,weight_overbilling,inflation,21.62
CARC:28704418,trap,late_authorization,residential,0.0
CARC:28704418,trap,rounding_noise,fsc,0.0
CARC:28742186,clean,clean,,0.0
CARC:28923328,trap,rounding_noise,fsc,0.0
CARC:28924536,clean,clean,,0.0
CARC:28954883,trap,bol_format,dashes,0.0
CARC:28959786,clean,clean,,0.0
CARC:29167893,clean,clean,,0.0
CARC:29181766,trap,bol_format,prefix_dash,0.0
CARC:29204427,trap,rate_amendment,,0.0
CARC:29290436,error,rate_overcharge,markup,67.3
CARC:29296959,trap,bol_format,spaces,0.0
CARC:29296959,trap,late_authorization,liftgate,0.0
CARC:29316565,error,rate_overcharge,sub_tolerance,2.57
CARC:29333842,clean,clean,,0.0
CARC:29423477,clean,clean,,0.0
CARC:29482483,error,rate_overcharge,markup,27.14
CARC:29515971,clean,clean,,0.0
CARC:29591370,clean,clean,,0.0
CARC:29703448,clean,clean,,0.0
CARC:29930837,trap,bol_format,prefix_hash,0.0
CARC:30049679,error,weight_overbilling,inflation,1128.98
CARC:30049679,trap,bol_format,lowercase,0.0
CARC:30059259,trap,bol_format,lowercase,0.0
CARC:30064849,error,weight_overbilling,inflation,22.61
CARC:30127673,clean,clean,,0.0
CARC:30262458,clean,clean,,0.0
CARC:30274151,clean,clean,,0.0
CARC:30326295,clean,clean,,0.0
CARC:30344403,trap,balance_due,,0.0
CARC:30356601,trap,rounding_noise,lh,0.0
CARC:30464405,clean,clean,,0.0
CARC:30507285,clean,clean,,0.0
CARC:30531431,clean,clean,,0.0
CARC:30560101,trap,bol_format,dashes,0.0
CARC:30560658,clean,clean,,0.0
CARC:30622001,trap,rate_amendment,,0.0
CARC:30638729,trap,rounding_noise,fsc,0.0
CARC:30779384,clean,clean,,0.0
CARC:30823964,clean,clean,,0.0
CARC:30829082,trap,bol_format,dashes,0.0
CARC:30829082,trap,rounding_noise,fsc,0.0
CARC:30855509,clean,clean,,0.0
CARC:30870264,clean,clean,,0.0
CARC:30915804,trap,late_authorization,liftgate,0.0
CARC:30936188,clean,clean,,0.0
CARC:30938579,clean,clean,,0.0
CARC:30956593,clean,clean,,0.0
CARC:30987070,trap,late_authorization,liftgate,0.0
CARC:30987923,trap,late_authorization,liftgate,0.0
CARC:31015178,clean,clean,,0.0
CARC:31059561,error,duplicate_invoice,resend,1133.25
CARC:31116510,clean,clean,,0.0
CARC:31201238,error,rate_overcharge,sub_tolerance,1.83
CARC:31333885,trap,bol_format,prefix_dash,0.0
CARC:31409689,trap,bol_format,lowercase,0.0
CARC:31409689,trap,rounding_noise,fsc,0.0
CARC:31443390,clean,clean,,0.0
CARC:31500211,trap,bol_format,spaces,0.0
CARC:31500211,trap,rounding_noise,lh,0.0
CARC:31514128,clean,clean,,0.0
CARC:31656628,clean,clean,,0.0
CARC:31684746,clean,clean,,0.0
CARC:31796589,clean,clean,,0.0
CARC:31875637,trap,rounding_noise,fsc,0.0
CARC:31914234,trap,bol_format,prefix_dash,0.0
CARC:31914234,trap,rebill,,0.0
CARC:31928284,trap,bol_format,prefix_hash,0.0
CARC:31935293,clean,clean,,0.0
CARC:31949798,clean,clean,,0.0
CARC:32005804,error,unauthorized_accessorial,residential,125.0
CARC:32005804,trap,documented_reweigh,,0.0
CARC:32053661,error,weight_overbilling,inflation,201.56
CARC:32053661,trap,rounding_noise,lh+fsc,0.0
CARC:32072326,clean,clean,,0.0
CARC:32096284,clean,clean,,0.0
CARC:32131768,trap,bol_format,lowercase,0.0
CARC:32131768,trap,rounding_noise,lh,0.0
CARC:32169437,clean,clean,,0.0
CARC:32212615,trap,bol_format,spaces,0.0
CARC:32215984,trap,late_authorization,liftgate,0.0
CARC:32378851,trap,bol_format,prefix_dash,0.0
CARC:32378851,trap,rounding_noise,fsc,0.0
CARC:32468566,clean,clean,,0.0
CARC:32488340,clean,clean,,0.0
CARC:32504953,error,fsc_mismatch,wrong_step,7.63
CARC:32504953,trap,rounding_noise,fsc,0.0
CARC:32688003,clean,clean,,0.0
CARC:32693880,trap,bol_format,prefix_dash,0.0
CARC:32915168,clean,clean,,0.0
CARC:32940048,trap,late_authorization,residential,0.0
CARC:33037351,clean,clean,,0.0
CARC:33042263,error,unauthorized_accessorial,liftgate,95.0
CARC:33198551,error,unauthorized_accessorial,residential,125.0
CARC:33354918,clean,clean,,0.0
CARC:33456576,clean,clean,,0.0
CARC:33509496,trap,late_authorization,liftgate,0.0
CARC:33524534,clean,clean,,0.0
CARC:33627593,trap,bol_format,spaces,0.0
CARC:33627593,trap,rounding_noise,fsc,0.0
CARC:33633207,clean,clean,,0.0
CARC:33647237,trap,bol_format,lowercase,0.0
CARC:33716357,clean,clean,,0.0
CARC:33800375,clean,clean,,0.0
CARC:33948779,clean,clean,,0.0
CARC:34146808,clean,clean,,0.0
CARC:34256718,clean,clean,,0.0
CARC:34307565,error,rate_overcharge,markup,30.53
CARC:34312757,trap,bol_format,prefix_dash,0.0
CARC:34497462,trap,bol_format,prefix_dash,0.0
CARC:34545015,clean,clean,,0.0
CARC:34642894,trap,bol_format,dashes,0.0
CARC:34642894,trap,rounding_noise,fsc,0.0
CARC:34675542,trap,bol_format,prefix_dash,0.0
CARC:34716753,clean,clean,,0.0
CARC:34735079,trap,late_authorization,liftgate,0.0
CARC:34756931,clean,clean,,0.0
CARC:34769422,trap,bol_format,prefix_dash,0.0
CARC:34823299,clean,clean,,0.0
CARC:34976346,clean,clean,,0.0
CARC:35286815,trap,rounding_noise,lh,0.0
CARC:35289261,clean,clean,,0.0
CARC:35319452,error,weight_overbilling,inflation,519.04
CARC:35319452,trap,bol_format,spaces,0.0
CARC:35432464,error,rate_overcharge,markup,30.59
CARC:35447319,clean,clean,,0.0
CARC:35495583,clean,clean,,0.0
CARC:35555084,clean,clean,,0.0
CARC:35568015,trap,bol_format,prefix_dash,0.0
CARC:35595417,error,weight_overbilling,inflation,75.56
CARC:35691000,clean,clean,,0.0
CARC:35839018,clean,clean,,0.0
CARC:35911386,clean,clean,,0.0
CARC:36049583,clean,clean,,0.0
CARC:36323939,clean,clean,,0.0
CARC:36332509,trap,bol_format,lowercase,0.0
CARC:36564711,clean,clean,,0.0
CARC:36589336,clean,clean,,0.0
CARC:36758159,clean,clean,,0.0
CARC:36767028,error,fsc_mismatch,wrong_step,5.71
CARC:36767028,trap,late_authorization,residential,0.0
CARC:36902590,clean,clean,,0.0
CARC:36961922,clean,clean,,0.0
CARC:37042853,error,weight_overbilling,inflation,176.3
CARC:37042853,trap,bol_format,prefix_hash,0.0
CARC:37091503,clean,clean,,0.0
CARC:37250789,clean,clean,,0.0
CARC:37252726,clean,clean,,0.0
CARC:37338586,clean,clean,,0.0
CARC:37593362,clean,clean,,0.0
CARC:37598482,clean,clean,,0.0
CARC:37685648,clean,clean,,0.0
CARC:37701420,trap,rounding_noise,fsc,0.0
CARC:37854847,trap,bol_format,prefix_hash,0.0
CARC:38101024,trap,bol_format,lowercase,0.0
CARC:38116817,trap,rounding_noise,lh+fsc,0.0
CARC:38186133,clean,clean,,0.0
CARC:38210664,clean,clean,,0.0
CARC:38324141,clean,clean,,0.0
CARC:38360525,clean,clean,,0.0
CARC:38467749,clean,clean,,0.0
CARC:38499056,clean,clean,,0.0
CARC:38532151,clean,clean,,0.0
CARC:38551204,clean,clean,,0.0
CARC:38669936,clean,clean,,0.0
CARC:38708894,clean,clean,,0.0
CARC:38933829,clean,clean,,0.0
CARC:38941016,clean,clean,,0.0
CARC:38956093,clean,clean,,0.0
CARC:38987991,clean,clean,,0.0
CARC:39132755,trap,rounding_noise,lh+fsc,0.0
CARC:39187766,error,weight_overbilling,inflation,45.33
CARC:39187766,trap,bol_format,lowercase,0.0
CARC:39232373,trap,rounding_noise,lh,0.0
CARC:39327149,clean,clean,,0.0
CARC:39372992,clean,clean,,0.0
CARC:39490681,clean,clean,,0.0
CARC:39556456,clean,clean,,0.0
CARC:39629899,clean,clean,,0.0
CARC:39743162,clean,clean,,0.0
CARC:39763654,clean,clean,,0.0
CARC:39881243,clean,clean,,0.0
CARC:39957890,trap,late_authorization,liftgate,0.0
CARC:39980184,trap,rounding_noise,lh+fsc,0.0
CARC:40048163,trap,bol_format,dashes,0.0
CARC:40113538,clean,clean,,0.0
CARC:40191054,clean,clean,,0.0
CARC:40397117,clean,clean,,0.0
CARC:40427693,trap,bol_format,prefix_dash,0.0
CARC:40620012,clean,clean,,0.0
CARC:40652442,trap,bol_format,prefix_dash,0.0
CARC:40652442,trap,rounding_noise,lh+fsc,0.0
CARC:40672975,clean,clean,,0.0
CARC:40730823,clean,clean,,0.0
CARC:40772866,clean,clean,,0.0
CARC:40919894,clean,clean,,0.0
CARC:40988277,clean,clean,,0.0
CARC:41029697,clean,clean,,0.0
CARC:41054766,clean,clean,,0.0
CARC:41138239,error,weight_overbilling,inflation,278.28
CARC:41141753,clean,clean,,0.0
CARC:41206583,error,weight_overbilling,inflation,41.11
CARC:41220508,error,unauthorized_accessorial,liftgate,95.0
CARC:41268799,clean,clean,,0.0
CARC:41363597,clean,clean,,0.0
CARC:41439994,clean,clean,,0.0
CARC:41445635,error,unauthorized_accessorial,residential,125.0
CARC:41445635,trap,bol_format,prefix_dash,0.0
CARC:41457394,error,weight_overbilling,inflation,411.35
CARC:41463823,clean,clean,,0.0
CARC:41466212,clean,clean,,0.0
CARC:41490121,trap,late_authorization,residential,0.0
CARC:41545149,clean,clean,,0.0
CARC:41547906,trap,late_authorization,liftgate,0.0
CARC:41564688,clean,clean,,0.0
CARC:41652728,clean,clean,,0.0
CARC:41744938,error,weight_overbilling,inflation,34.05
CARC:41781385,clean,clean,,0.0
CARC:41799234,error,duplicate_invoice,resend,1005.73
CARC:41799234,trap,bol_format,spaces,0.0
CARC:41810388,trap,bol_format,prefix_dash,0.0
CARC:41916425,clean,clean,,0.0
CARC:41934551,clean,clean,,0.0
CARC:42091658,clean,clean,,0.0
CARC:42131415,clean,clean,,0.0
CARC:42179500,clean,clean,,0.0
CARC:42196409,trap,documented_reweigh,,0.0
CARC:42200201,clean,clean,,0.0
CARC:42222929,error,fsc_mismatch,wrong_step,2.97
CARC:42222929,error,rate_overcharge,markup,20.93
CARC:42229752,error,unauthorized_accessorial,residential,125.0
CARC:42329834,clean,clean,,0.0
CARC:42342518,clean,clean,,0.0
CARC:42400446,clean,clean,,0.0
CARC:42533448,clean,clean,,0.0
CARC:42564656,clean,clean,,0.0
CARC:42730161,trap,bol_format,prefix_hash,0.0
CARC:42806148,clean,clean,,0.0
CARC:42826646,error,phantom_invoice,,994.38
CARC:42838785,trap,late_authorization,liftgate,0.0
CARC:42842773,error,duplicate_invoice,rekeyed,2161.44
CARC:42846818,error,fsc_mismatch,wrong_week,1.03
CARC:42846818,trap,bol_format,lowercase,0.0
CARC:42884861,error,weight_overbilling,inflation,36.82
CARC:42884861,trap,rounding_noise,lh+fsc,0.0
CARC:42949465,clean,clean,,0.0
CARC:43148596,clean,clean,,0.0
CARC:43218203,trap,bol_format,lowercase,0.0
CARC:43218203,trap,late_authorization,liftgate,0.0
CARC:43222124,clean,clean,,0.0
CARC:43264526,clean,clean,,0.0
CARC:43313173,clean,clean,,0.0
CARC:43355110,trap,bol_format,prefix_hash,0.0
CARC:43417925,clean,clean,,0.0
CARC:43469423,clean,clean,,0.0
CARC:43483139,clean,clean,,0.0
CARC:43483582,superseded,superseded,,0.0
CARC:43507592,clean,clean,,0.0
CARC:43620854,clean,clean,,0.0
CARC:43787751,trap,documented_reweigh,,0.0
CARC:43798066,clean,clean,,0.0
CARC:43931567,clean,clean,,0.0
CARC:43933675,clean,clean,,0.0
CARC:43937430,clean,clean,,0.0
CARC:43958583,trap,late_authorization,liftgate,0.0
CARC:43958583,trap,rounding_noise,lh,0.0
CARC:44031222,trap,late_authorization,liftgate,0.0
CARC:44039647,clean,clean,,0.0
CARC:44154180,clean,clean,,0.0
CARC:44174954,clean,clean,,0.0
CARC:44199455,trap,late_authorization,liftgate,0.0
CARC:44254264,error,fsc_mismatch,wrong_step,8.7
CARC:44254264,trap,rounding_noise,fsc,0.0
CARC:44280561,clean,clean,,0.0
CARC:44363043,trap,rounding_noise,lh+fsc,0.0
CARC:44420698,trap,bol_format,dashes,0.0
CARC:44482872,clean,clean,,0.0
CARC:44684032,trap,balance_due,,0.0
CARC:44684032,trap,bol_format,prefix_dash,0.0
CARC:44804077,clean,clean,,0.0
CARC:44916785,error,rate_overcharge,markup,45.87
CARC:44980169,clean,clean,,0.0
CARC:45144341,trap,bol_format,prefix_hash,0.0
CARC:45155818,clean,clean,,0.0
CARC:45253274,error,weight_overbilling,inflation,134.34
CARC:45266789,error,rate_overcharge,markup,40.07
CARC:45269648,clean,clean,,0.0
CARC:45271105,clean,clean,,0.0
CARC:45367665,clean,clean,,0.0
CARC:45555506,clean,clean,,0.0
CARC:45595809,trap,late_authorization,residential,0.0
CARC:45595809,trap,rounding_noise,lh,0.0
CARC:45739232,error,rate_overcharge,markup,242.3
CARC:45796627,error,unauthorized_accessorial,liftgate,95.0
CARC:45909485,clean,clean,,0.0
CARC:45932502,error,rate_overcharge,markup,220.13
CARC:45964913,trap,balance_due,,0.0
CARC:45973337,trap,bol_format,dashes,0.0
CARC:45999491,trap,bol_format,prefix_hash,0.0
CARC:46014865,error,weight_overbilling,inflation,54.6
CARC:46017605,clean,clean,,0.0
CARC:46060037,trap,rounding_noise,lh,0.0
CARC:46163734,error,rate_overcharge,sub_tolerance,2.23
CARC:46163734,trap,rounding_noise,fsc,0.0
CARC:46286654,clean,clean,,0.0
CARC:46293194,clean,clean,,0.0
CARC:46362292,clean,clean,,0.0
CARC:46477748,clean,clean,,0.0
CARC:46680603,trap,rebill,,0.0
CARC:46724679,error,weight_overbilling,inflation,257.22
CARC:46724679,trap,bol_format,lowercase,0.0
CARC:46862773,clean,clean,,0.0
CARC:46956536,clean,clean,,0.0
CARC:47009207,clean,clean,,0.0
CARC:47011862,trap,rounding_noise,lh+fsc,0.0
CARC:47066216,clean,clean,,0.0
CARC:47068214,clean,clean,,0.0
CARC:47079278,clean,clean,,0.0
CARC:47085315,clean,clean,,0.0
CARC:47200372,trap,rounding_noise,lh+fsc,0.0
CARC:47212777,clean,clean,,0.0
CARC:47260239,clean,clean,,0.0
CARC:47467628,clean,clean,,0.0
CARC:47475949,trap,documented_reweigh,,0.0
CARC:47587312,clean,clean,,0.0
CARC:47721182,clean,clean,,0.0
CARC:47729336,error,fsc_mismatch,wrong_week,2.24
CARC:47766156,trap,bol_format,prefix_hash,0.0
CARC:47836819,clean,clean,,0.0
CARC:47945111,clean,clean,,0.0
CARC:47995059,clean,clean,,0.0
CARC:48000281,clean,clean,,0.0
CARC:48032245,clean,clean,,0.0
CARC:48033802,clean,clean,,0.0
CARC:48050685,clean,clean,,0.0
CARC:48077915,clean,clean,,0.0
CARC:48135875,error,duplicate_invoice,rekeyed,2862.28
CARC:48370192,trap,bol_format,lowercase,0.0
CARC:48380022,trap,rounding_noise,lh+fsc,0.0
CARC:48425434,trap,bol_typo,,0.0
CARC:48473958,clean,clean,,0.0
CARC:48515380,clean,clean,,0.0
CARC:48531237,clean,clean,,0.0
CARC:48569256,clean,clean,,0.0
CARC:48610291,clean,clean,,0.0
CARC:48639499,trap,rounding_noise,fsc,0.0
CARC:48644684,trap,bol_format,prefix_hash,0.0
CARC:48644684,trap,rounding_noise,fsc,0.0
CARC:48790316,error,unauthorized_accessorial,liftgate,95.0
CARC:48790316,trap,bol_format,spaces,0.0
CARC:48829715,clean,clean,,0.0
CARC:48952151,trap,rounding_noise,lh,0.0
CARC:48953614,clean,clean,,0.0
CARC:49014970,clean,clean,,0.0
CARC:49071478,clean,clean,,0.0
CARC:49152559,trap,bol_format,spaces,0.0
CARC:49225302,trap,rounding_noise,lh+fsc,0.0
CARC:49233250,clean,clean,,0.0
CARC:49327348,error,unauthorized_accessorial,residential,125.0
CARC:49378245,error,rate_overcharge,markup,19.09
CARC:49397750,error,rate_overcharge,markup,37.97
CARC:49397750,trap,bol_format,lowercase,0.0
CARC:49434985,trap,bol_format,dashes,0.0
CARC:49599877,clean,clean,,0.0
CARC:49627834,clean,clean,,0.0
CARC:49705610,clean,clean,,0.0
CARC:49710879,trap,bol_format,prefix_hash,0.0
CARC:49717319,trap,bol_format,lowercase,0.0
CARC:49748409,trap,bol_format,lowercase,0.0
CARC:49748409,trap,rounding_noise,fsc,0.0
CARC:49788844,clean,clean,,0.0
CARC:49918242,trap,rate_amendment,,0.0
CARC:49940544,trap,documented_reweigh,,0.0
CARC:49988320,trap,bol_format,dashes,0.0
CARC:50016477,clean,clean,,0.0
CARC:50117900,clean,clean,,0.0
CARC:50413525,clean,clean,,0.0
CARC:50439406,trap,rounding_noise,lh+fsc,0.0
CARC:50461203,trap,bol_format,spaces,0.0
CARC:50461203,trap,documented_reweigh,,0.0
CARC:50467854,clean,clean,,0.0
CARC:50530878,error,fsc_mismatch,wrong_week,14.38
CARC:50625749,clean,clean,,0.0
CARC:50638597,trap,bol_format,zeros_dropped,0.0
CARC:50651284,clean,clean,,0.0
CARC:50721560,trap,bol_format,prefix_dash,0.0
CARC:50721560,trap,rate_amendment,,0.0
CARC:50765346,trap,late_authorization,liftgate,0.0
CARC:50765346,trap,rounding_noise,fsc,0.0
CARC:50870064,clean,clean,,0.0
CARC:50891886,clean,clean,,0.0
CARC:50948844,error,fsc_mismatch,wrong_week,2.27
CARC:50948844,trap,bol_format,prefix_dash,0.0
CARC:50948844,trap,rounding_noise,fsc,0.0
CARC:51051797,clean,clean,,0.0
CARC:51064711,trap,rounding_noise,fsc,0.0
CARC:51112294,clean,clean,,0.0
CARC:51119932,clean,clean,,0.0
CARC:51206799,clean,clean,,0.0
CARC:51337180,clean,clean,,0.0
CARC:51382724,trap,bol_format,spaces,0.0
CARC:51392672,clean,clean,,0.0
CARC:51434845,clean,clean,,0.0
CARC:51442410,error,phantom_invoice,,2984.22
CARC:51536784,superseded,superseded,,0.0
CARC:51665977,trap,late_authorization,liftgate,0.0
CARC:51675625,trap,bol_format,spaces,0.0
CARC:51752489,trap,bol_format,prefix_dash,0.0
CARC:51752489,trap,rounding_noise,fsc,0.0
CARC:51897165,trap,rate_amendment,,0.0
CARC:51907587,trap,rate_amendment,,0.0
CARC:51916963,clean,clean,,0.0
CARC:51944868,clean,clean,,0.0
CARC:51947128,clean,clean,,0.0
CARC:52048483,trap,bol_format,dashes,0.0
CARC:52066008,trap,bol_typo,,0.0
CARC:52076011,clean,clean,,0.0
CARC:52091420,clean,clean,,0.0
CARC:52123921,trap,bol_format,prefix_hash,0.0
CARC:52203095,clean,clean,,0.0
CARC:52221412,trap,bol_format,dashes,0.0
CARC:52351517,clean,clean,,0.0
CARC:52479099,clean,clean,,0.0
CARC:52492102,error,duplicate_invoice,rekeyed,687.44
CARC:52667172,clean,clean,,0.0
CARC:52671578,error,unauthorized_accessorial,liftgate,95.0
CARC:52697780,clean,clean,,0.0
CARC:52932119,trap,bol_format,spaces,0.0
CARC:52962950,error,duplicate_invoice,rekeyed,966.43
CARC:52964164,clean,clean,,0.0
CARC:53022627,clean,clean,,0.0
CARC:53051691,clean,clean,,0.0
CARC:53104653,clean,clean,,0.0
CARC:53229637,clean,clean,,0.0
CARC:53260624,clean,clean,,0.0
CARC:53340006,error,phantom_invoice,,759.98
CARC:53443389,trap,rounding_noise,fsc,0.0
CARC:53486179,clean,clean,,0.0
CARC:53597467,clean,clean,,0.0
CARC:53600885,clean,clean,,0.0
CARC:53617919,clean,clean,,0.0
CARC:53746709,clean,clean,,0.0
CARC:53781792,trap,bol_format,zeros_dropped,0.0
CARC:53875788,clean,clean,,0.0
CARC:53876084,clean,clean,,0.0
CARC:53969999,trap,bol_format,dashes,0.0
CARC:54011410,clean,clean,,0.0
CARC:54093682,trap,documented_reweigh,,0.0
CARC:54093682,trap,rounding_noise,lh,0.0
CARC:54125929,clean,clean,,0.0
CARC:54236289,clean,clean,,0.0
CARC:54415381,clean,clean,,0.0
CARC:54474996,clean,clean,,0.0
CARC:54599592,error,weight_overbilling,inflation,31.62
CARC:54599592,trap,bol_format,dashes,0.0
CARC:54607840,clean,clean,,0.0
CARC:54652055,clean,clean,,0.0
CARC:54713216,clean,clean,,0.0
CARC:54714451,clean,clean,,0.0
CARC:54719746,clean,clean,,0.0
CARC:54757969,trap,bol_format,dashes,0.0
CARC:54796872,clean,clean,,0.0
CARC:54813770,clean,clean,,0.0
CARC:54844444,clean,clean,,0.0
CARC:54985388,clean,clean,,0.0
CARC:55066339,clean,clean,,0.0
CARC:55083407,trap,bol_format,prefix_hash,0.0
CARC:55145334,clean,clean,,0.0
CARC:55166177,clean,clean,,0.0
CARC:55222978,trap,bol_format,prefix_dash,0.0
CARC:55283147,clean,clean,,0.0
CARC:55350587,clean,clean,,0.0
CARC:55512481,clean,clean,,0.0
CARC:55516618,clean,clean,,0.0
CARC:55531744,clean,clean,,0.0
CARC:55543383,trap,rounding_noise,lh+fsc,0.0
CARC:55587711,clean,clean,,0.0
CARC:55639655,clean,clean,,0.0
CARC:55727633,clean,clean,,0.0
CARC:55739692,clean,clean,,0.0
CARC:55906472,trap,bol_format,lowercase,0.0
CARC:55949174,trap,rounding_noise,lh+fsc,0.0
CARC:55949811,clean,clean,,0.0
CARC:56052217,trap,bol_format,spaces,0.0
CARC:56088450,clean,clean,,0.0
CARC:56223996,clean,clean,,0.0
CARC:56253256,trap,balance_due,,0.0
CARC:56370820,clean,clean,,0.0
CARC:56419432,clean,clean,,0.0
CARC:56443460,error,weight_overbilling,inflation,44.55
CARC:56489825,clean,clean,,0.0
CARC:56497320,trap,documented_reweigh,,0.0
CARC:56516316,clean,clean,,0.0
CARC:56521103,trap,late_authorization,liftgate,0.0
CARC:56521103,trap,rounding_noise,lh,0.0
CARC:56574682,error,weight_overbilling,sub_tolerance,2.54
CARC:56662807,clean,clean,,0.0
CARC:56728899,clean,clean,,0.0
CARC:56832037,clean,clean,,0.0
CARC:56857517,clean,clean,,0.0
CARC:56876041,clean,clean,,0.0
CARC:56902076,trap,bol_format,spaces,0.0
CARC:56923106,error,duplicate_invoice,resend,709.02
CARC:56947313,clean,clean,,0.0
CARC:57062820,clean,clean,,0.0
CARC:57154875,clean,clean,,0.0
CARC:57245977,clean,clean,,0.0
CARC:57338540,clean,clean,,0.0
CARC:57394079,trap,bol_format,prefix_dash,0.0
CARC:57418660,clean,clean,,0.0
CARC:57610285,clean,clean,,0.0
CARC:57627430,clean,clean,,0.0
CARC:57737964,clean,clean,,0.0
CARC:57885483,error,rate_overcharge,markup,39.19
CARC:57900844,trap,bol_format,dashes,0.0
CARC:57943126,trap,rounding_noise,lh+fsc,0.0
CARC:57996503,clean,clean,,0.0
CARC:58018548,error,weight_overbilling,inflation,52.78
CARC:58018548,trap,rounding_noise,fsc,0.0
CARC:58018632,clean,clean,,0.0
CARC:58065404,clean,clean,,0.0
CARC:58121525,trap,bol_format,dashes,0.0
CARC:58133118,clean,clean,,0.0
CARC:58159012,clean,clean,,0.0
CARC:58206713,trap,late_authorization,liftgate,0.0
CARC:58207871,trap,documented_reweigh,,0.0
CARC:58243369,clean,clean,,0.0
CARC:58318106,clean,clean,,0.0
CARC:58361836,clean,clean,,0.0
CARC:58430641,clean,clean,,0.0
CARC:58432843,clean,clean,,0.0
CARC:58457430,clean,clean,,0.0
CARC:58462433,clean,clean,,0.0
CARC:58507217,trap,rate_amendment,,0.0
CARC:58515906,trap,bol_format,dashes,0.0
CARC:58564818,clean,clean,,0.0
CARC:58600895,trap,bol_format,prefix_dash,0.0
CARC:58628553,trap,rounding_noise,lh+fsc,0.0
CARC:58629838,clean,clean,,0.0
CARC:58640739,trap,rounding_noise,lh+fsc,0.0
CARC:58696465,trap,bol_format,dashes,0.0
CARC:58712707,error,unauthorized_accessorial,residential,125.0
CARC:58741532,trap,bol_typo,,0.0
CARC:58862688,clean,clean,,0.0
CARC:58868152,clean,clean,,0.0
CARC:58873234,trap,bol_format,dashes,0.0
CARC:58873234,trap,rounding_noise,fsc,0.0
CARC:58876404,clean,clean,,0.0
CARC:58933522,clean,clean,,0.0
CARC:59198895,error,unauthorized_accessorial,liftgate,95.0
CARC:59198895,error,weight_overbilling,inflation,100.97
CARC:59210896,trap,late_authorization,liftgate,0.0
CARC:59222220,clean,clean,,0.0
CARC:59271875,trap,bol_format,prefix_dash,0.0
CARC:59314015,trap,bol_format,prefix_hash,0.0
CARC:59448761,clean,clean,,0.0
CARC:59685113,clean,clean,,0.0
CARC:59750089,clean,clean,,0.0
CARC:59804545,trap,late_authorization,liftgate,0.0
CARC:59893794,clean,clean,,0.0
CARC:59915190,error,rate_overcharge,markup,15.93
CARC:59915736,trap,rounding_noise,lh+fsc,0.0
CARC:59916082,trap,bol_format,dashes,0.0
CARC:60132195,clean,clean,,0.0
CARC:60212624,error,fsc_mismatch,wrong_week,1.75
CARC:60276833,clean,clean,,0.0
CARC:60316065,trap,bol_format,zeros_dropped,0.0
CARC:60582143,clean,clean,,0.0
CARC:60669297,clean,clean,,0.0
CARC:60716566,trap,bol_format,spaces,0.0
CARC:60777818,clean,clean,,0.0
CARC:60975828,clean,clean,,0.0
CARC:60995060,trap,bol_format,prefix_hash,0.0
CARC:61029028,clean,clean,,0.0
CARC:61261294,clean,clean,,0.0
CARC:61286495,clean,clean,,0.0
CARC:61325683,error,rate_overcharge,markup,53.58
CARC:61388423,error,weight_overbilling,inflation,21.51
CARC:61418098,trap,rounding_noise,lh,0.0
CARC:61431862,clean,clean,,0.0
CARC:61435253,trap,bol_format,dashes,0.0
CARC:61724406,clean,clean,,0.0
CARC:61852374,trap,rounding_noise,lh+fsc,0.0
CARC:61873624,clean,clean,,0.0
CARC:61892999,clean,clean,,0.0
CARC:62033225,clean,clean,,0.0
CARC:62122731,clean,clean,,0.0
CARC:62198858,clean,clean,,0.0
CARC:62250819,error,weight_overbilling,inflation,72.64
CARC:62287093,clean,clean,,0.0
CARC:62289367,trap,rounding_noise,fsc,0.0
CARC:62295177,clean,clean,,0.0
CARC:62321612,clean,clean,,0.0
CARC:62356482,clean,clean,,0.0
CARC:62406819,clean,clean,,0.0
CARC:62476641,error,weight_overbilling,sub_tolerance,10.03
CARC:62495850,error,unauthorized_accessorial,liftgate,95.0
CARC:62576921,clean,clean,,0.0
CARC:62627164,clean,clean,,0.0
CARC:62735798,error,unauthorized_accessorial,residential,125.0
CARC:62743466,clean,clean,,0.0
CARC:62907395,clean,clean,,0.0
CARC:63068981,trap,bol_format,lowercase,0.0
CARC:63068981,trap,rounding_noise,lh,0.0
CARC:63205612,error,duplicate_invoice,resend,517.65
CARC:63211161,clean,clean,,0.0
CARC:63302696,clean,clean,,0.0
CARC:63334449,error,rate_overcharge,markup,159.04
CARC:63344838,clean,clean,,0.0
CARC:63396914,clean,clean,,0.0
CARC:63515666,clean,clean,,0.0
CARC:63528468,clean,clean,,0.0
CARC:63545128,clean,clean,,0.0
CARC:63608858,trap,bol_format,prefix_dash,0.0
CARC:63673845,error,phantom_invoice,,1507.84
CARC:63717918,trap,rounding_noise,lh,0.0
CARC:63752802,clean,clean,,0.0
CARC:63783424,clean,clean,,0.0
CARC:63828575,trap,bol_typo,,0.0
CARC:63828575,trap,rounding_noise,lh,0.0
CARC:63841679,clean,clean,,0.0
CARC:63888602,trap,bol_format,prefix_hash,0.0
CARC:63889934,clean,clean,,0.0
CARC:63929607,clean,clean,,0.0
CARC:63932855,clean,clean,,0.0
CARC:64013098,clean,clean,,0.0
CARC:64069134,clean,clean,,0.0
CARC:64071455,error,phantom_invoice,,576.12
CARC:64083938,superseded,superseded,,0.0
CARC:64113904,trap,balance_due,,0.0
CARC:64132363,clean,clean,,0.0
CARC:64215238,clean,clean,,0.0
CARC:64315532,clean,clean,,0.0
CARC:64325432,clean,clean,,0.0
CARC:64414811,trap,rate_amendment,,0.0
CARC:64454730,trap,bol_format,prefix_hash,0.0
CARC:64506254,clean,clean,,0.0
CARC:64537390,clean,clean,,0.0
CARC:64609407,clean,clean,,0.0
CARC:64615374,trap,rounding_noise,lh,0.0
CARC:64706452,trap,documented_reweigh,,0.0
CARC:64732821,error,weight_overbilling,inflation,114.13
CARC:64732821,trap,bol_format,dashes,0.0
CARC:64837644,trap,documented_reweigh,,0.0
CARC:64869589,trap,bol_format,spaces,0.0
CARC:64925180,error,rate_overcharge,sub_tolerance,1.0
CARC:64925180,error,unauthorized_accessorial,liftgate,95.0
CARC:64925180,trap,rounding_noise,lh+fsc,0.0
CARC:64951197,trap,rounding_noise,lh+fsc,0.0
CARC:64968565,error,rate_overcharge,markup,38.9
CARC:64969428,clean,clean,,0.0
CARC:65042424,clean,clean,,0.0
CARC:65184757,clean,clean,,0.0
CARC:65221377,clean,clean,,0.0
CARC:65290404,clean,clean,,0.0
CARC:65396607,clean,clean,,0.0
CARC:65562401,clean,clean,,0.0
CARC:65596957,clean,clean,,0.0
CARC:65674768,clean,clean,,0.0
CARC:65761851,clean,clean,,0.0
CARC:65783972,trap,rate_amendment,,0.0
CARC:65803760,clean,clean,,0.0
CARC:65836220,clean,clean,,0.0
CARC:65902103,error,fsc_mismatch,wrong_week,2.91
CARC:65927881,error,rate_overcharge,markup,41.13
CARC:65933082,clean,clean,,0.0
CARC:66077959,clean,clean,,0.0
CARC:66207598,trap,bol_format,dashes,0.0
CARC:66207598,trap,rounding_noise,lh,0.0
CARC:66317279,trap,bol_format,zeros_dropped,0.0
CARC:66374803,clean,clean,,0.0
CARC:66505097,clean,clean,,0.0
CARC:66598419,clean,clean,,0.0
CARC:66662060,trap,bol_format,spaces,0.0
CARC:66752515,trap,bol_format,lowercase,0.0
CARC:66797335,error,duplicate_invoice,resend,398.89
CARC:66797335,trap,bol_format,spaces,0.0
CARC:66855059,clean,clean,,0.0
CARC:66917434,trap,rate_amendment,,0.0
CARC:66947613,clean,clean,,0.0
CARC:67076789,trap,rounding_noise,fsc,0.0
CARC:67088759,trap,bol_format,spaces,0.0
CARC:67191668,error,weight_overbilling,inflation,32.92
CARC:67191668,trap,bol_format,spaces,0.0
CARC:67191668,trap,rounding_noise,lh,0.0
CARC:67248804,trap,bol_format,prefix_dash,0.0
CARC:67263914,error,fsc_mismatch,wrong_week,3.04
CARC:67272202,clean,clean,,0.0
CARC:67301463,trap,bol_format,prefix_hash,0.0
CARC:67322365,error,fsc_mismatch,wrong_step,3.8
CARC:67322365,trap,documented_reweigh,,0.0
CARC:67322365,trap,rounding_noise,lh+fsc,0.0
CARC:67447867,clean,clean,,0.0
CARC:67514803,error,weight_overbilling,inflation,46.83
CARC:67554754,trap,rounding_noise,lh+fsc,0.0
CARC:67566343,clean,clean,,0.0
CARC:67571951,error,duplicate_invoice,resend,2182.85
CARC:67596937,clean,clean,,0.0
CARC:67642848,clean,clean,,0.0
CARC:67856821,clean,clean,,0.0
CARC:67967043,error,fsc_mismatch,wrong_week,30.04
CARC:67967043,error,weight_overbilling,inflation,586.44
CARC:67967043,trap,rounding_noise,lh+fsc,0.0
CARC:68026896,trap,bol_format,prefix_hash,0.0
CARC:68088217,clean,clean,,0.0
CARC:68276759,trap,rounding_noise,fsc,0.0
CARC:68329024,error,rate_overcharge,markup,103.28
CARC:68329024,trap,bol_format,prefix_dash,0.0
CARC:68342544,clean,clean,,0.0
CARC:68477587,clean,clean,,0.0
CARC:68501549,error,weight_overbilling,inflation,28.46
CARC:68551450,error,rate_overcharge,markup,30.33
CARC:68551450,trap,bol_format,lowercase,0.0
CARC:68629078,clean,clean,,0.0
CARC:68649949,error,fsc_mismatch,wrong_step,4.34
CARC:68651859,error,rate_overcharge,markup,21.79
CARC:68681515,clean,clean,,0.0
CARC:68738430,clean,clean,,0.0
CARC:68804173,clean,clean,,0.0
CARC:68860485,clean,clean,,0.0
CARC:69093429,error,unauthorized_accessorial,liftgate,95.0
CARC:69093429,trap,documented_reweigh,,0.0
CARC:69093429,trap,late_authorization,residential,0.0
CARC:69175171,superseded,superseded,,0.0
CARC:69241032,clean,clean,,0.0
CARC:69260905,trap,rounding_noise,lh,0.0
CARC:69270738,clean,clean,,0.0
CARC:69327175,error,phantom_invoice,,171.88
CARC:69507460,clean,clean,,0.0
CARC:69527357,trap,bol_format,dashes,0.0
CARC:69534733,clean,clean,,0.0
CARC:69698201,clean,clean,,0.0
CARC:69791402,clean,clean,,0.0
CARC:69911693,error,fsc_mismatch,wrong_step,8.56
CARC:69911693,trap,late_authorization,liftgate,0.0
CARC:69952514,clean,clean,,0.0
CARC:69973425,clean,clean,,0.0
CARC:69999359,clean,clean,,0.0
CARC:70068113,error,rate_overcharge,markup,112.53
CARC:70169869,clean,clean,,0.0
CARC:70245672,clean,clean,,0.0
CARC:70382908,clean,clean,,0.0
CARC:70415046,error,rate_overcharge,markup,33.73
CARC:70415046,trap,rounding_noise,fsc,0.0
CARC:70438360,clean,clean,,0.0
CARC:70456637,clean,clean,,0.0
CARC:70494240,clean,clean,,0.0
CARC:70526620,trap,rounding_noise,lh+fsc,0.0
CARC:70540752,trap,rate_amendment,,0.0
CARC:70559882,clean,clean,,0.0
CARC:70599662,clean,clean,,0.0
CARC:70612053,superseded,superseded,,0.0
CARC:70625250,clean,clean,,0.0
CARC:70675354,superseded,superseded,,0.0
CARC:70752693,trap,late_authorization,liftgate,0.0
CARC:70815181,clean,clean,,0.0
CARC:70819343,clean,clean,,0.0
CARC:71069340,clean,clean,,0.0
CARC:71144693,clean,clean,,0.0
CARC:71172500,clean,clean,,0.0
CARC:71181001,trap,rounding_noise,lh,0.0
CARC:71217854,clean,clean,,0.0
CARC:71226802,clean,clean,,0.0
CARC:71233035,clean,clean,,0.0
CARC:71236652,clean,clean,,0.0
CARC:71360708,clean,clean,,0.0
CARC:71441843,trap,bol_format,prefix_hash,0.0
CARC:71502266,clean,clean,,0.0
CARC:71679377,trap,bol_format,spaces,0.0
CARC:71728094,trap,rebill,,0.0
CARC:71809123,clean,clean,,0.0
CARC:71856414,error,weight_overbilling,inflation,42.94
CARC:71893433,clean,clean,,0.0
CARC:71916817,clean,clean,,0.0
CARC:71965269,clean,clean,,0.0
CARC:72009742,clean,clean,,0.0
CARC:72039837,clean,clean,,0.0
CARC:72123028,error,phantom_invoice,,243.28
CARC:72210886,trap,bol_format,dashes,0.0
CARC:72210886,trap,late_authorization,liftgate,0.0
CARC:72257228,clean,clean,,0.0
CARC:72294916,clean,clean,,0.0
CARC:72437767,trap,bol_format,dashes,0.0
CARC:72514243,error,weight_overbilling,inflation,166.07
CARC:72515841,error,duplicate_invoice,rekeyed,277.08
CARC:72574999,error,fsc_mismatch,wrong_week,15.95
CARC:72591592,trap,late_authorization,residential,0.0
CARC:72675456,clean,clean,,0.0
CARC:72700000,clean,clean,,0.0
CARC:72842271,trap,rounding_noise,fsc,0.0
CARC:72994193,error,weight_overbilling,sub_tolerance,3.06
CARC:72994193,trap,bol_format,spaces,0.0
CARC:72994193,trap,bol_typo,,0.0
CARC:73035582,error,duplicate_invoice,rekeyed,428.99
CARC:73078162,clean,clean,,0.0
CARC:73102653,trap,documented_reweigh,,0.0
CARC:73102653,trap,rounding_noise,lh+fsc,0.0
CARC:73121607,trap,rounding_noise,lh+fsc,0.0
CARC:73164277,clean,clean,,0.0
CARC:73180633,clean,clean,,0.0
CARC:73248374,error,rate_overcharge,markup,20.95
CARC:73256406,error,unauthorized_accessorial,residential,125.0
CARC:73256406,trap,bol_format,spaces,0.0
CARC:73256406,trap,rounding_noise,fsc,0.0
CARC:73321110,clean,clean,,0.0
CARC:73327391,trap,bol_format,spaces,0.0
CARC:73374708,clean,clean,,0.0
CARC:73412615,clean,clean,,0.0
CARC:73418014,trap,rounding_noise,fsc,0.0
CARC:73455679,trap,rounding_noise,fsc,0.0
CARC:73499572,clean,clean,,0.0
CARC:73620315,clean,clean,,0.0
CARC:73660696,trap,bol_format,prefix_dash,0.0
CARC:73693203,clean,clean,,0.0
CARC:73729229,clean,clean,,0.0
CARC:73748006,clean,clean,,0.0
CARC:73830791,trap,bol_format,spaces,0.0
CARC:73834036,trap,rounding_noise,lh+fsc,0.0
CARC:73842268,trap,bol_format,spaces,0.0
CARC:73865174,clean,clean,,0.0
CARC:74011038,clean,clean,,0.0
CARC:74201262,clean,clean,,0.0
CARC:74207930,clean,clean,,0.0
CARC:74232312,clean,clean,,0.0
CARC:74350530,clean,clean,,0.0
CARC:74429716,trap,bol_format,lowercase,0.0
CARC:74439772,trap,rebill,,0.0
CARC:74444182,error,weight_overbilling,inflation,16.62
CARC:74444182,trap,bol_format,prefix_hash,0.0
CARC:74457417,trap,rounding_noise,lh+fsc,0.0
CARC:74468148,clean,clean,,0.0
CARC:74556369,clean,clean,,0.0
CARC:74777273,clean,clean,,0.0
CARC:74816326,trap,bol_format,prefix_hash,0.0
CARC:75030671,error,weight_overbilling,inflation,105.11
CARC:75030671,trap,bol_format,spaces,0.0
CARC:75174344,clean,clean,,0.0
CARC:75247006,error,weight_overbilling,inflation,118.85
CARC:75284002,error,fsc_mismatch,sub_tolerance,1.13
CARC:75290820,trap,bol_format,prefix_dash,0.0
CARC:75291309,clean,clean,,0.0
CARC:75343204,clean,clean,,0.0
CARC:75363916,trap,rate_amendment,,0.0
CARC:75421231,trap,bol_format,spaces,0.0
CARC:75457145,clean,clean,,0.0
CARC:75539759,trap,rounding_noise,fsc,0.0
CARC:75593005,trap,bol_format,spaces,0.0
CARC:75593005,trap,rounding_noise,fsc,0.0
CARC:75660148,error,weight_overbilling,sub_tolerance,4.61
CARC:75660148,trap,bol_format,prefix_dash,0.0
CARC:75660148,trap,rounding_noise,fsc,0.0
CARC:75690354,error,rate_overcharge,markup,248.48
CARC:75762369,trap,bol_format,prefix_dash,0.0
CARC:75891812,trap,bol_format,spaces,0.0
CARC:75901935,clean,clean,,0.0
CARC:75963724,clean,clean,,0.0
CARC:75966628,clean,clean,,0.0
CARC:76034211,clean,clean,,0.0
CARC:76058521,error,rate_overcharge,markup,64.17
CARC:76058521,trap,bol_format,prefix_dash,0.0
CARC:76103723,error,unauthorized_accessorial,residential,125.0
CARC:76103723,trap,late_authorization,liftgate,0.0
CARC:76149622,clean,clean,,0.0
CARC:76163774,clean,clean,,0.0
CARC:76302377,error,duplicate_invoice,resend,426.71
CARC:76452508,error,weight_overbilling,inflation,26.25
CARC:76452508,trap,bol_format,dashes,0.0
CARC:76567836,trap,bol_format,dashes,0.0
CARC:76602037,clean,clean,,0.0
CARC:76624192,clean,clean,,0.0
CARC:76627707,clean,clean,,0.0
CARC:76711278,error,weight_overbilling,inflation,50.96
CARC:76711278,trap,bol_format,zeros_dropped,0.0
CARC:76744975,clean,clean,,0.0
CARC:76757954,clean,clean,,0.0
CARC:76788844,error,rate_overcharge,markup,80.76
CARC:76806808,clean,clean,,0.0
CARC:76807122,trap,bol_format,lowercase,0.0
CARC:76807122,trap,rebill,,0.0
CARC:76808176,clean,clean,,0.0
CARC:76863154,trap,bol_format,dashes,0.0
CARC:76978106,clean,clean,,0.0
CARC:76990783,clean,clean,,0.0
CARC:76990932,clean,clean,,0.0
CARC:77081114,clean,clean,,0.0
CARC:77156139,trap,bol_format,prefix_dash,0.0
CARC:77160054,clean,clean,,0.0
CARC:77294287,trap,bol_typo,,0.0
CARC:77311164,clean,clean,,0.0
CARC:77371219,trap,bol_format,spaces,0.0
CARC:77475468,clean,clean,,0.0
CARC:77549424,error,phantom_invoice,,239.43
CARC:77562282,clean,clean,,0.0
CARC:77589421,trap,bol_format,prefix_dash,0.0
CARC:77723464,clean,clean,,0.0
CARC:77742154,error,fsc_mismatch,sub_tolerance,0.47
CARC:77746847,clean,clean,,0.0
CARC:78024549,clean,clean,,0.0
CARC:78088288,clean,clean,,0.0
CARC:78167188,trap,bol_format,prefix_dash,0.0
CARC:78169540,trap,bol_format,lowercase,0.0
CARC:78169540,trap,documented_reweigh,,0.0
CARC:78173657,trap,rounding_noise,lh,0.0
CARC:78240655,trap,bol_format,dashes,0.0
CARC:78257102,clean,clean,,0.0
CARC:78275938,clean,clean,,0.0
CARC:78333695,clean,clean,,0.0
CARC:78370724,clean,clean,,0.0
CARC:78381639,trap,rebill,,0.0
CARC:78427864,trap,bol_format,dashes,0.0
CARC:78491620,trap,bol_format,spaces,0.0
CARC:78523956,clean,clean,,0.0
CARC:78565933,clean,clean,,0.0
CARC:78578777,trap,rounding_noise,lh+fsc,0.0
CARC:78653867,trap,bol_format,prefix_hash,0.0
CARC:78705332,trap,rate_amendment,,0.0
CARC:78721511,error,weight_overbilling,inflation,25.39
CARC:78732776,clean,clean,,0.0
CARC:78903903,clean,clean,,0.0
CARC:79025451,clean,clean,,0.0
CARC:79033016,clean,clean,,0.0
CARC:79098499,error,unauthorized_accessorial,liftgate,95.0
CARC:79133998,trap,rate_amendment,,0.0
CARC:79224238,error,weight_overbilling,inflation,75.15
CARC:79369750,clean,clean,,0.0
CARC:79458221,trap,bol_format,dashes,0.0
CARC:79566884,clean,clean,,0.0
CARC:79628865,clean,clean,,0.0
CARC:79695139,clean,clean,,0.0
CARC:79751923,clean,clean,,0.0
CARC:79759418,clean,clean,,0.0
CARC:79868567,clean,clean,,0.0
CARC:79871286,error,weight_overbilling,sub_tolerance,10.74
CARC:79884342,clean,clean,,0.0
CARC:79891266,clean,clean,,0.0
CARC:80049467,clean,clean,,0.0
CARC:80053334,clean,clean,,0.0
CARC:80288329,trap,late_authorization,liftgate,0.0
CARC:80302963,clean,clean,,0.0
CARC:80303259,clean,clean,,0.0
CARC:80363905,error,weight_overbilling,sub_tolerance,20.92
CARC:80368945,clean,clean,,0.0
CARC:80456001,clean,clean,,0.0
CARC:80486794,clean,clean,,0.0
CARC:80517540,clean,clean,,0.0
CARC:80566909,clean,clean,,0.0
CARC:80600517,trap,rounding_noise,fsc,0.0
CARC:80620252,error,rate_overcharge,markup,49.66
CARC:80714708,clean,clean,,0.0
CARC:80737059,clean,clean,,0.0
CARC:80755033,clean,clean,,0.0
CARC:80811162,clean,clean,,0.0
CARC:80906276,clean,clean,,0.0
CARC:80924838,trap,rounding_noise,lh,0.0
CARC:80974419,clean,clean,,0.0
CARC:81011025,clean,clean,,0.0
CARC:81131165,error,unauthorized_accessorial,residential,125.0
CARC:81131165,error,weight_overbilling,sub_tolerance,4.34
CARC:81195389,clean,clean,,0.0
CARC:81332465,clean,clean,,0.0
CARC:81352661,clean,clean,,0.0
CARC:81392740,error,rate_overcharge,sub_tolerance,0.28
CARC:81392740,trap,bol_format,lowercase,0.0
CARC:81415133,clean,clean,,0.0
CARC:81518399,clean,clean,,0.0
CARC:81540705,clean,clean,,0.0
CARC:81570776,error,unauthorized_accessorial,liftgate,95.0
CARC:81570776,trap,bol_format,dashes,0.0
CARC:81634628,trap,bol_format,prefix_dash,0.0
CARC:81792009,clean,clean,,0.0
CARC:81837861,clean,clean,,0.0
CARC:81891512,clean,clean,,0.0
CARC:81921984,trap,late_authorization,residential,0.0
CARC:81931372,trap,rounding_noise,lh,0.0
CARC:81968057,clean,clean,,0.0
CARC:82004035,clean,clean,,0.0
CARC:82243234,trap,bol_format,spaces,0.0
CARC:82254071,clean,clean,,0.0
CARC:82298374,error,phantom_invoice,,411.91
CARC:82335710,error,duplicate_invoice,rekeyed,2059.93
CARC:82378659,clean,clean,,0.0
CARC:82467651,clean,clean,,0.0
CARC:82498817,clean,clean,,0.0
CARC:82686321,clean,clean,,0.0
CARC:82701185,clean,clean,,0.0
CARC:82884720,clean,clean,,0.0
CARC:82997518,clean,clean,,0.0
CARC:83060697,clean,clean,,0.0
CARC:83081101,clean,clean,,0.0
CARC:83120588,clean,clean,,0.0
CARC:83124995,trap,rounding_noise,lh,0.0
CARC:83176684,clean,clean,,0.0
CARC:83177559,clean,clean,,0.0
CARC:83284101,clean,clean,,0.0
CARC:83286966,trap,bol_format,lowercase,0.0
CARC:83319190,error,rate_overcharge,markup,373.14
CARC:83351040,error,weight_overbilling,inflation,301.82
CARC:83354165,clean,clean,,0.0
CARC:83400895,clean,clean,,0.0
CARC:83440852,clean,clean,,0.0
CARC:83475525,clean,clean,,0.0
CARC:83585436,clean,clean,,0.0
CARC:83616331,clean,clean,,0.0
CARC:83686835,trap,rounding_noise,lh+fsc,0.0
CARC:83722449,clean,clean,,0.0
CARC:83819925,trap,rounding_noise,lh+fsc,0.0
CARC:83865318,trap,rounding_noise,lh,0.0
CARC:83973821,trap,bol_format,spaces,0.0
CARC:83993153,error,phantom_invoice,,426.95
CARC:84101439,clean,clean,,0.0
CARC:84329061,trap,rounding_noise,lh+fsc,0.0
CARC:84334264,trap,bol_format,spaces,0.0
CARC:84373354,clean,clean,,0.0
CARC:84410946,clean,clean,,0.0
CARC:84422356,trap,bol_format,prefix_dash,0.0
CARC:84448225,clean,clean,,0.0
CARC:84635240,trap,bol_format,dashes,0.0
CARC:84654465,clean,clean,,0.0
CARC:84682118,trap,bol_format,dashes,0.0
CARC:84798934,trap,balance_due,,0.0
CARC:84810514,error,weight_overbilling,inflation,89.75
CARC:84823014,clean,clean,,0.0
CARC:84850593,trap,rounding_noise,lh,0.0
CARC:84861089,error,fsc_mismatch,sub_tolerance,6.18
CARC:84973345,trap,bol_format,prefix_hash,0.0
CARC:85125289,trap,bol_format,lowercase,0.0
CARC:85246068,clean,clean,,0.0
CARC:85507552,clean,clean,,0.0
CARC:85526864,error,duplicate_invoice,rekeyed,132.77
CARC:85526864,trap,bol_format,prefix_dash,0.0
CARC:85544292,clean,clean,,0.0
CARC:85561480,clean,clean,,0.0
CARC:85608699,trap,rounding_noise,fsc,0.0
CARC:85634414,clean,clean,,0.0
CARC:85639162,clean,clean,,0.0
CARC:85741686,clean,clean,,0.0
CARC:85778567,clean,clean,,0.0
CARC:85796537,clean,clean,,0.0
CARC:85891011,clean,clean,,0.0
CARC:85921415,trap,rate_amendment,,0.0
CARC:86030014,error,unauthorized_accessorial,residential,125.0
CARC:86071059,clean,clean,,0.0
CARC:86089441,error,unauthorized_accessorial,residential,125.0
CARC:86122666,error,phantom_invoice,,604.74
CARC:86133061,clean,clean,,0.0
CARC:86250526,trap,bol_format,lowercase,0.0
CARC:86274683,trap,late_authorization,residential,0.0
CARC:86298495,clean,clean,,0.0
CARC:86306800,clean,clean,,0.0
CARC:86318067,trap,late_authorization,residential,0.0
CARC:86323670,clean,clean,,0.0
CARC:86392217,clean,clean,,0.0
CARC:86441997,error,rate_overcharge,markup,44.17
CARC:86527752,clean,clean,,0.0
CARC:86550134,error,rate_overcharge,markup,49.56
CARC:86677947,trap,late_authorization,liftgate,0.0
CARC:86725849,trap,balance_due,,0.0
CARC:86742616,clean,clean,,0.0
CARC:86829905,trap,rounding_noise,lh+fsc,0.0
CARC:86865087,clean,clean,,0.0
CARC:86898405,trap,balance_due,,0.0
CARC:86939437,clean,clean,,0.0
CARC:86944665,error,duplicate_invoice,resend,1019.54
CARC:86985133,clean,clean,,0.0
CARC:87013274,error,rate_overcharge,sub_tolerance,3.15
CARC:87074164,clean,clean,,0.0
CARC:87374291,trap,rate_amendment,,0.0
CARC:87471044,trap,rounding_noise,fsc,0.0
CARC:87534129,clean,clean,,0.0
CARC:87601565,clean,clean,,0.0
CARC:87686624,error,fsc_mismatch,sub_tolerance,0.99
CARC:87724808,error,fsc_mismatch,sub_tolerance,0.11
CARC:87774896,trap,rounding_noise,lh+fsc,0.0
CARC:87806026,trap,bol_format,zeros_dropped,0.0
CARC:87910359,trap,late_authorization,residential,0.0
CARC:88031568,clean,clean,,0.0
CARC:88082984,clean,clean,,0.0
CARC:88084421,clean,clean,,0.0
CARC:88124159,clean,clean,,0.0
CARC:88132230,trap,rounding_noise,lh+fsc,0.0
CARC:88152309,clean,clean,,0.0
CARC:88209542,clean,clean,,0.0
CARC:88307831,clean,clean,,0.0
CARC:88308116,trap,rounding_noise,lh,0.0
CARC:88371165,clean,clean,,0.0
CARC:88437963,clean,clean,,0.0
CARC:88527584,trap,bol_format,prefix_dash,0.0
CARC:88546079,error,unauthorized_accessorial,residential,125.0
CARC:88546079,trap,bol_format,prefix_dash,0.0
CARC:88588686,trap,late_authorization,liftgate,0.0
CARC:88641311,clean,clean,,0.0
CARC:88834718,clean,clean,,0.0
CARC:88837619,error,duplicate_invoice,resend,335.53
CARC:88884847,clean,clean,,0.0
CARC:88893068,error,rate_overcharge,sub_tolerance,10.73
CARC:88893068,trap,bol_format,lowercase,0.0
CARC:89030029,trap,bol_format,spaces,0.0
CARC:89030029,trap,documented_reweigh,,0.0
CARC:89058339,clean,clean,,0.0
CARC:89087865,clean,clean,,0.0
CARC:89169312,clean,clean,,0.0
CARC:89243755,clean,clean,,0.0
CARC:89286738,clean,clean,,0.0
CARC:89311472,clean,clean,,0.0
CARC:89399780,trap,bol_format,prefix_dash,0.0
CARC:89516382,trap,bol_format,dashes,0.0
CARC:89569156,clean,clean,,0.0
CARC:89646180,trap,bol_format,spaces,0.0
CARC:89704027,trap,rounding_noise,lh,0.0
CARC:89760941,error,rate_overcharge,sub_tolerance,5.97
CARC:89806745,trap,bol_format,lowercase,0.0
CARC:89811088,clean,clean,,0.0
CARC:89811628,clean,clean,,0.0
CARC:89818551,clean,clean,,0.0
CARC:89858817,clean,clean,,0.0
CARC:89918785,clean,clean,,0.0
CARC:89930655,trap,bol_format,prefix_dash,0.0
CARC:89950607,trap,balance_due,,0.0
CARC:90144037,clean,clean,,0.0
CARC:90146831,clean,clean,,0.0
CARC:90170795,error,rate_overcharge,markup,61.59
CARC:90276694,clean,clean,,0.0
CARC:90287132,trap,bol_format,prefix_dash,0.0
CARC:90390251,clean,clean,,0.0
CARC:90447629,clean,clean,,0.0
CARC:90460249,clean,clean,,0.0
CARC:90583835,clean,clean,,0.0
CARC:90625445,error,weight_overbilling,inflation,133.13
CARC:90828253,clean,clean,,0.0
CARC:90916481,error,fsc_mismatch,wrong_step,10.87
CARC:90916481,trap,late_authorization,liftgate,0.0
CARC:90916481,trap,rounding_noise,lh+fsc,0.0
CARC:91002567,error,weight_overbilling,inflation,16.42
CARC:91002567,trap,bol_format,spaces,0.0
CARC:91181918,clean,clean,,0.0
CARC:91238456,superseded,superseded,,0.0
CARC:91397750,trap,bol_format,spaces,0.0
CARC:91508146,error,rate_overcharge,markup,38.73
CARC:91546099,clean,clean,,0.0
CARC:91556488,error,fsc_mismatch,wrong_step,4.11
CARC:91591616,clean,clean,,0.0
CARC:91628125,error,duplicate_invoice,rekeyed,323.84
CARC:91655680,error,weight_overbilling,inflation,143.58
CARC:91914938,clean,clean,,0.0
CARC:92002702,trap,bol_format,prefix_hash,0.0
CARC:92059513,clean,clean,,0.0
CARC:92059797,trap,bol_format,lowercase,0.0
CARC:92100378,clean,clean,,0.0
CARC:92156691,trap,rounding_noise,fsc,0.0
CARC:92165817,clean,clean,,0.0
CARC:92252297,trap,rounding_noise,lh,0.0
CARC:92292292,clean,clean,,0.0
CARC:92418490,error,rate_overcharge,markup,19.57
CARC:92446893,clean,clean,,0.0
CARC:92473175,error,rate_overcharge,markup,26.28
CARC:92473175,error,weight_overbilling,inflation,20.11
CARC:92500850,clean,clean,,0.0
CARC:92514874,clean,clean,,0.0
CARC:92524470,trap,rebill,,0.0
CARC:92542483,clean,clean,,0.0
CARC:92559376,clean,clean,,0.0
CARC:92565479,clean,clean,,0.0
CARC:92645885,clean,clean,,0.0
CARC:92708833,clean,clean,,0.0
CARC:92726298,clean,clean,,0.0
CARC:92751163,clean,clean,,0.0
CARC:92817907,clean,clean,,0.0
CARC:92887371,clean,clean,,0.0
CARC:93045679,clean,clean,,0.0
CARC:93051448,clean,clean,,0.0
CARC:93095382,clean,clean,,0.0
CARC:93229986,clean,clean,,0.0
CARC:93253292,error,rate_overcharge,markup,50.95
CARC:93373143,clean,clean,,0.0
CARC:93382511,error,unauthorized_accessorial,liftgate,95.0
CARC:93427743,clean,clean,,0.0
CARC:93479912,trap,bol_format,spaces,0.0
CARC:93479912,trap,rate_amendment,,0.0
CARC:93529707,clean,clean,,0.0
CARC:93537325,clean,clean,,0.0
CARC:93550804,clean,clean,,0.0
CARC:93609603,trap,rate_amendment,,0.0
CARC:93621311,clean,clean,,0.0
CARC:93627435,superseded,superseded,,0.0
CARC:93644342,clean,clean,,0.0
CARC:93651573,clean,clean,,0.0
CARC:93673237,clean,clean,,0.0
CARC:93732338,clean,clean,,0.0
CARC:93771717,clean,clean,,0.0
CARC:93925789,clean,clean,,0.0
CARC:93980028,trap,rounding_noise,fsc,0.0
CARC:93992448,clean,clean,,0.0
CARC:94031465,clean,clean,,0.0
CARC:94156579,clean,clean,,0.0
CARC:94212119,trap,rounding_noise,fsc,0.0
CARC:94247907,clean,clean,,0.0
CARC:94320720,clean,clean,,0.0
CARC:94379869,trap,bol_format,prefix_hash,0.0
CARC:94394289,trap,rounding_noise,lh,0.0
CARC:94427897,trap,bol_format,spaces,0.0
CARC:94444329,clean,clean,,0.0
CARC:94517493,clean,clean,,0.0
CARC:94558645,clean,clean,,0.0
CARC:94592763,trap,bol_format,dashes,0.0
CARC:94605841,clean,clean,,0.0
CARC:94618346,trap,bol_format,dashes,0.0
CARC:94758084,clean,clean,,0.0
CARC:94789931,trap,late_authorization,residential,0.0
CARC:94929781,clean,clean,,0.0
CARC:94980630,error,duplicate_invoice,rekeyed,136.73
CARC:95091960,error,weight_overbilling,inflation,84.35
CARC:95117374,clean,clean,,0.0
CARC:95305443,trap,bol_format,lowercase,0.0
CARC:95553600,error,rate_overcharge,markup,47.86
CARC:95563449,clean,clean,,0.0
CARC:95589434,trap,bol_format,lowercase,0.0
CARC:95600418,trap,bol_format,prefix_hash,0.0
CARC:95620859,clean,clean,,0.0
CARC:95627629,error,weight_overbilling,inflation,100.87
CARC:95714285,clean,clean,,0.0
CARC:95722606,clean,clean,,0.0
CARC:95730427,trap,bol_format,spaces,0.0
CARC:95754751,clean,clean,,0.0
CARC:95788179,error,unauthorized_accessorial,residential,125.0
CARC:95876030,clean,clean,,0.0
CARC:96077563,trap,late_authorization,liftgate,0.0
CARC:96261189,trap,late_authorization,liftgate,0.0
CARC:96315264,trap,bol_format,prefix_dash,0.0
CARC:96400935,clean,clean,,0.0
CARC:96415230,clean,clean,,0.0
CARC:96541104,clean,clean,,0.0
CARC:96544092,clean,clean,,0.0
CARC:96648225,trap,bol_format,spaces,0.0
CARC:96718016,clean,clean,,0.0
CARC:96749813,clean,clean,,0.0
CARC:96849745,clean,clean,,0.0
CARC:96880183,error,fsc_mismatch,wrong_step,10.59
CARC:96880183,trap,rounding_noise,lh,0.0
CARC:96896101,clean,clean,,0.0
CARC:96965494,clean,clean,,0.0
CARC:97012741,error,fsc_mismatch,wrong_step,4.44
CARC:97012741,error,unauthorized_accessorial,residential,125.0
CARC:97062663,trap,rate_amendment,,0.0
CARC:97124748,clean,clean,,0.0
CARC:97163979,clean,clean,,0.0
CARC:97247266,clean,clean,,0.0
CARC:97279687,clean,clean,,0.0
CARC:97371872,trap,bol_format,spaces,0.0
CARC:97371872,trap,rate_amendment,,0.0
CARC:97374390,trap,rate_amendment,,0.0
CARC:97419246,clean,clean,,0.0
CARC:97515189,clean,clean,,0.0
CARC:97543826,clean,clean,,0.0
CARC:97545913,error,unauthorized_accessorial,liftgate,95.0
CARC:97554058,trap,bol_format,dashes,0.0
CARC:97727549,clean,clean,,0.0
CARC:97915514,error,duplicate_invoice,resend,526.35
CARC:97915514,trap,bol_format,dashes,0.0
CARC:97921822,clean,clean,,0.0
CARC:97935781,trap,bol_format,dashes,0.0
CARC:97935781,trap,late_authorization,liftgate,0.0
CARC:97936676,clean,clean,,0.0
CARC:98132008,trap,documented_reweigh,,0.0
CARC:98137120,error,rate_overcharge,markup,21.06
CARC:98151743,clean,clean,,0.0
CARC:98160147,clean,clean,,0.0
CARC:98161101,clean,clean,,0.0
CARC:98225686,clean,clean,,0.0
CARC:98238684,error,fsc_mismatch,wrong_step,32.6
CARC:98238684,trap,rounding_noise,fsc,0.0
CARC:98305140,clean,clean,,0.0
CARC:98341788,error,fsc_mismatch,sub_tolerance,0.69
CARC:98341788,trap,bol_format,prefix_hash,0.0
CARC:98361031,error,unauthorized_accessorial,residential,125.0
CARC:98361031,trap,rounding_noise,lh,0.0
CARC:98420323,clean,clean,,0.0
CARC:98486385,trap,bol_format,lowercase,0.0
CARC:98547450,trap,rounding_noise,lh,0.0
CARC:98613385,clean,clean,,0.0
CARC:98692373,clean,clean,,0.0
CARC:98699961,clean,clean,,0.0
CARC:98729728,trap,rate_amendment,,0.0
CARC:98729728,trap,rounding_noise,fsc,0.0
CARC:98750291,clean,clean,,0.0
CARC:98801578,clean,clean,,0.0
CARC:98814173,clean,clean,,0.0
CARC:98814771,clean,clean,,0.0
CARC:98835216,clean,clean,,0.0
CARC:98844352,trap,bol_format,lowercase,0.0
CARC:98885711,clean,clean,,0.0
CARC:99034885,trap,rounding_noise,lh,0.0
CARC:99081568,clean,clean,,0.0
CARC:99082698,error,fsc_mismatch,wrong_step,3.63
CARC:99082698,error,rate_overcharge,markup,22.0
CARC:99111799,trap,bol_format,lowercase,0.0
CARC:99111799,trap,rate_amendment,,0.0
CARC:99329402,clean,clean,,0.0
CARC:99391865,clean,clean,,0.0
CARC:99432434,clean,clean,,0.0
CARC:99567842,clean,clean,,0.0
CARC:99592456,trap,bol_format,prefix_dash,0.0
CARC:99634488,trap,rounding_noise,lh+fsc,0.0
CARC:99641072,error,rate_overcharge,markup,21.31
CARC:99705081,clean,clean,,0.0
CARC:99888926,clean,clean,,0.0
CARD:00010892,clean,clean,,0.0
CARD:00018997,error,weight_overbilling,inflation,35.27
CARD:00282747,clean,clean,,0.0
CARD:00323186,clean,clean,,0.0
CARD:00442684,error,weight_overbilling,inflation,222.45
CARD:00491726,trap,bol_format,dashes,0.0
CARD:00536385,trap,bol_format,lowercase,0.0
CARD:00562066,trap,bol_format,dashes,0.0
CARD:00653162,clean,clean,,0.0
CARD:00684232,clean,clean,,0.0
CARD:00783699,trap,bol_format,prefix_hash,0.0
CARD:00789464,clean,clean,,0.0
CARD:00809139,trap,rounding_noise,lh+fsc,0.0
CARD:00843642,trap,rate_amendment,,0.0
CARD:00870168,clean,clean,,0.0
CARD:00907639,trap,rounding_noise,lh+fsc,0.0
CARD:00921545,clean,clean,,0.0
CARD:00960954,trap,bol_format,prefix_hash,0.0
CARD:00962526,clean,clean,,0.0
CARD:01119866,clean,clean,,0.0
CARD:01253669,clean,clean,,0.0
CARD:01337048,error,unauthorized_accessorial,residential,125.0
CARD:01350231,trap,bol_format,prefix_dash,0.0
CARD:01350231,trap,rate_amendment,,0.0
CARD:01409344,clean,clean,,0.0
CARD:01417607,error,rate_overcharge,sub_tolerance,10.42
CARD:01549330,trap,bol_format,lowercase,0.0
CARD:01549330,trap,rounding_noise,lh+fsc,0.0
CARD:01720824,clean,clean,,0.0
CARD:01806429,trap,rounding_noise,lh,0.0
CARD:01859216,trap,bol_format,prefix_hash,0.0
CARD:01859216,trap,rounding_noise,lh+fsc,0.0
CARD:01881716,clean,clean,,0.0
CARD:01896664,clean,clean,,0.0
CARD:01989201,error,rate_overcharge,markup,9.55
CARD:02006523,trap,late_authorization,residential,0.0
CARD:02125416,clean,clean,,0.0
CARD:02137870,clean,clean,,0.0
CARD:02253796,clean,clean,,0.0
CARD:02416137,clean,clean,,0.0
CARD:02438205,trap,rate_amendment,,0.0
CARD:02478146,error,unauthorized_accessorial,residential,125.0
CARD:02478146,trap,rate_amendment,,0.0
CARD:02551160,clean,clean,,0.0
CARD:02574051,trap,rounding_noise,fsc,0.0
CARD:02627567,trap,rate_amendment,,0.0
CARD:02645883,trap,bol_format,spaces,0.0
CARD:02746699,clean,clean,,0.0
CARD:02819059,error,rate_overcharge,markup,42.45
CARD:02819059,trap,late_authorization,liftgate,0.0
CARD:02840797,clean,clean,,0.0
CARD:02897419,clean,clean,,0.0
CARD:02913217,error,unauthorized_accessorial,residential,125.0
CARD:02913217,trap,bol_format,lowercase,0.0
CARD:02924811,clean,clean,,0.0
CARD:02933485,trap,bol_format,spaces,0.0
CARD:03213431,trap,rounding_noise,fsc,0.0
CARD:03221838,clean,clean,,0.0
CARD:03324242,trap,rounding_noise,lh+fsc,0.0
CARD:03351306,clean,clean,,0.0
CARD:03358133,trap,bol_format,lowercase,0.0
CARD:03362852,trap,rate_amendment,,0.0
CARD:03501284,superseded,superseded,,0.0
CARD:03516373,trap,bol_format,prefix_hash,0.0
CARD:03675556,error,duplicate_invoice,rekeyed,947.5
CARD:03675556,trap,bol_format,dashes,0.0
CARD:03684327,clean,clean,,0.0
CARD:03754464,trap,late_authorization,liftgate,0.0
CARD:03754464,trap,rate_amendment,,0.0
CARD:03761705,clean,clean,,0.0
CARD:03844805,error,fsc_mismatch,wrong_step,17.92
CARD:03972374,error,phantom_invoice,,309.11
CARD:03986602,clean,clean,,0.0
CARD:04066815,trap,late_authorization,liftgate,0.0
CARD:04134977,clean,clean,,0.0
CARD:04170591,superseded,superseded,,0.0
CARD:04182863,clean,clean,,0.0
CARD:04220132,clean,clean,,0.0
CARD:04255050,clean,clean,,0.0
CARD:04268000,clean,clean,,0.0
CARD:04268283,clean,clean,,0.0
CARD:04284261,trap,bol_format,lowercase,0.0
CARD:04290084,trap,bol_format,spaces,0.0
CARD:04290084,trap,rounding_noise,lh,0.0
CARD:04294703,clean,clean,,0.0
CARD:04310072,trap,bol_format,prefix_dash,0.0
CARD:04402006,clean,clean,,0.0
CARD:04462610,clean,clean,,0.0
CARD:04473869,clean,clean,,0.0
CARD:04562850,trap,documented_reweigh,,0.0
CARD:04757430,trap,bol_format,prefix_dash,0.0
CARD:04757430,trap,late_authorization,liftgate,0.0
CARD:04844618,clean,clean,,0.0
CARD:04965806,trap,bol_format,lowercase,0.0
CARD:04970123,error,duplicate_invoice,rekeyed,395.76
CARD:04995306,clean,clean,,0.0
CARD:05032834,clean,clean,,0.0
CARD:05048754,clean,clean,,0.0
CARD:05196522,clean,clean,,0.0
CARD:05236278,clean,clean,,0.0
CARD:05257801,trap,rate_amendment,,0.0
CARD:05367076,clean,clean,,0.0
CARD:05506050,trap,rate_amendment,,0.0
CARD:05590929,clean,clean,,0.0
CARD:05614529,clean,clean,,0.0
CARD:05629417,trap,late_authorization,liftgate,0.0
CARD:05636910,clean,clean,,0.0
CARD:05642094,clean,clean,,0.0
CARD:05657549,clean,clean,,0.0
CARD:05748326,trap,rate_amendment,,0.0
CARD:05748326,trap,rounding_noise,lh+fsc,0.0
CARD:05753769,clean,clean,,0.0
CARD:05847506,clean,clean,,0.0
CARD:06001443,clean,clean,,0.0
CARD:06062586,trap,late_authorization,liftgate,0.0
CARD:06094368,clean,clean,,0.0
CARD:06221289,error,weight_overbilling,inflation,59.92
CARD:06269781,trap,bol_typo,,0.0
CARD:06311186,error,fsc_mismatch,sub_tolerance,0.08
CARD:06344344,trap,bol_format,spaces,0.0
CARD:06355521,clean,clean,,0.0
CARD:06371321,clean,clean,,0.0
CARD:06427466,error,fsc_mismatch,wrong_step,3.18
CARD:06520699,clean,clean,,0.0
CARD:06558571,error,rate_overcharge,markup,57.22
CARD:06573355,trap,bol_format,prefix_hash,0.0
CARD:06630746,superseded,superseded,,0.0
CARD:06664876,error,rate_overcharge,stale_rate,16.24
CARD:06693744,clean,clean,,0.0
CARD:06726457,trap,documented_reweigh,,0.0
CARD:06726457,trap,late_authorization,liftgate,0.0
CARD:06745477,clean,clean,,0.0
CARD:06760196,clean,clean,,0.0
CARD:06840254,clean,clean,,0.0
CARD:06878153,trap,late_authorization,liftgate,0.0
CARD:06905044,clean,clean,,0.0
CARD:06964459,error,fsc_mismatch,wrong_week,6.51
CARD:06964459,trap,rate_amendment,,0.0
CARD:06975888,clean,clean,,0.0
CARD:06992864,clean,clean,,0.0
CARD:07174524,clean,clean,,0.0
CARD:07184981,clean,clean,,0.0
CARD:07256023,clean,clean,,0.0
CARD:07279696,clean,clean,,0.0
CARD:07340515,clean,clean,,0.0
CARD:07409637,clean,clean,,0.0
CARD:07436014,trap,bol_format,prefix_dash,0.0
CARD:07445591,trap,rate_amendment,,0.0
CARD:07452775,trap,late_authorization,liftgate,0.0
CARD:07508649,clean,clean,,0.0
CARD:07534429,trap,bol_format,prefix_hash,0.0
CARD:07535872,clean,clean,,0.0
CARD:07664693,clean,clean,,0.0
CARD:07666386,clean,clean,,0.0
CARD:07795633,clean,clean,,0.0
CARD:07895352,clean,clean,,0.0
CARD:07899511,clean,clean,,0.0
CARD:07950859,trap,rate_amendment,,0.0
CARD:07976552,clean,clean,,0.0
CARD:08011562,trap,rate_amendment,,0.0
CARD:08129450,trap,rate_amendment,,0.0
CARD:08168649,trap,bol_format,dashes,0.0
CARD:08210340,error,fsc_mismatch,wrong_week,3.48
CARD:08280884,clean,clean,,0.0
CARD:08347192,trap,balance_due,,0.0
CARD:08383941,error,weight_overbilling,inflation,43.8
CARD:08400343,clean,clean,,0.0
CARD:08431062,error,unauthorized_accessorial,liftgate,95.0
CARD:08431062,trap,rounding_noise,lh,0.0
CARD:08447092,clean,clean,,0.0
CARD:08450443,clean,clean,,0.0
CARD:08498780,trap,documented_reweigh,,0.0
CARD:08533219,clean,clean,,0.0
CARD:08537376,clean,clean,,0.0
CARD:08664523,clean,clean,,0.0
CARD:08676319,clean,clean,,0.0
CARD:08724638,trap,bol_format,prefix_dash,0.0
CARD:08906805,trap,rounding_noise,fsc,0.0
CARD:08949837,clean,clean,,0.0
CARD:08993618,trap,bol_format,lowercase,0.0
CARD:09086229,trap,bol_format,lowercase,0.0
CARD:09105114,error,weight_overbilling,inflation,272.68
CARD:09293418,clean,clean,,0.0
CARD:09313350,clean,clean,,0.0
CARD:09410103,trap,rate_amendment,,0.0
CARD:09438380,trap,bol_format,prefix_hash,0.0
CARD:09457333,error,unauthorized_accessorial,liftgate,95.0
CARD:09510713,clean,clean,,0.0
CARD:09607811,trap,bol_format,lowercase,0.0
CARD:09670033,trap,documented_reweigh,,0.0
CARD:09703057,trap,rounding_noise,fsc,0.0
CARD:09714383,error,phantom_invoice,,501.39
CARD:09722541,clean,clean,,0.0
CARD:09750396,trap,late_authorization,liftgate,0.0
CARD:09771312,clean,clean,,0.0
CARD:09865683,trap,rate_amendment,,0.0
CARD:09910574,clean,clean,,0.0
CARD:10113442,clean,clean,,0.0
CARD:10126771,trap,bol_format,lowercase,0.0
CARD:10146105,trap,rounding_noise,fsc,0.0
CARD:10254498,clean,clean,,0.0
CARD:10266315,trap,balance_due,,0.0
CARD:10284520,clean,clean,,0.0
CARD:10618528,error,unauthorized_accessorial,residential,125.0
CARD:10618528,trap,bol_typo,,0.0
CARD:10650472,trap,rounding_noise,lh+fsc,0.0
CARD:10667935,trap,late_authorization,liftgate,0.0
CARD:10667935,trap,late_authorization,residential,0.0
CARD:10671824,clean,clean,,0.0
CARD:10792274,clean,clean,,0.0
CARD:10807853,trap,rounding_noise,lh,0.0
CARD:10871256,trap,late_authorization,liftgate,0.0
CARD:10871256,trap,rate_amendment,,0.0
CARD:10889561,clean,clean,,0.0
CARD:10907117,clean,clean,,0.0
CARD:10914314,clean,clean,,0.0
CARD:10930937,trap,rate_amendment,,0.0
CARD:10934206,clean,clean,,0.0
CARD:10937351,trap,rounding_noise,fsc,0.0
CARD:10967123,trap,rounding_noise,lh+fsc,0.0
CARD:11006153,clean,clean,,0.0
CARD:11049078,clean,clean,,0.0
CARD:11071016,clean,clean,,0.0
CARD:11094538,error,duplicate_invoice,resend,763.4
CARD:11165610,trap,rounding_noise,lh,0.0
CARD:11183304,clean,clean,,0.0
CARD:11222178,clean,clean,,0.0
CARD:11248084,trap,rate_amendment,,0.0
CARD:11284440,trap,rate_amendment,,0.0
CARD:11293606,error,duplicate_invoice,rekeyed,582.2
CARD:11308698,trap,rebill,,0.0
CARD:11334031,clean,clean,,0.0
CARD:11392163,clean,clean,,0.0
CARD:11576661,clean,clean,,0.0
CARD:11594019,trap,bol_format,dashes,0.0
CARD:11594019,trap,rate_amendment,,0.0
CARD:11599023,clean,clean,,0.0
CARD:11630742,clean,clean,,0.0
CARD:11639304,clean,clean,,0.0
CARD:11642163,clean,clean,,0.0
CARD:11774648,trap,rounding_noise,lh+fsc,0.0
CARD:11907683,error,unauthorized_accessorial,liftgate,95.0
CARD:11913967,trap,bol_format,prefix_dash,0.0
CARD:11913967,trap,rate_amendment,,0.0
CARD:11926022,trap,bol_format,prefix_hash,0.0
CARD:11931082,clean,clean,,0.0
CARD:12089293,trap,bol_format,spaces,0.0
CARD:12089293,trap,documented_reweigh,,0.0
CARD:12089293,trap,rate_amendment,,0.0
CARD:12161760,clean,clean,,0.0
CARD:12164569,clean,clean,,0.0
CARD:12231896,clean,clean,,0.0
CARD:12260497,clean,clean,,0.0
CARD:12290705,trap,late_authorization,residential,0.0
CARD:12420648,clean,clean,,0.0
CARD:12603269,trap,rounding_noise,fsc,0.0
CARD:12625463,trap,rate_amendment,,0.0
CARD:12704369,error,fsc_mismatch,wrong_week,12.49
CARD:12749943,trap,bol_format,spaces,0.0
CARD:12793802,clean,clean,,0.0
CARD:12884986,clean,clean,,0.0
CARD:12910060,trap,rate_amendment,,0.0
CARD:12925922,clean,clean,,0.0
CARD:12976394,clean,clean,,0.0
CARD:13022113,clean,clean,,0.0
CARD:13121991,clean,clean,,0.0
CARD:13150009,clean,clean,,0.0
CARD:13189645,trap,late_authorization,liftgate,0.0
CARD:13189645,trap,rate_amendment,,0.0
CARD:13193668,trap,bol_format,prefix_hash,0.0
CARD:13193668,trap,late_authorization,residential,0.0
CARD:13264231,clean,clean,,0.0
CARD:13346293,error,phantom_invoice,,332.65
CARD:13455447,trap,rate_amendment,,0.0
CARD:13598029,trap,rebill,,0.0
CARD:13601167,clean,clean,,0.0
CARD:13615254,trap,rate_amendment,,0.0
CARD:13615254,trap,rounding_noise,lh,0.0
CARD:13701683,clean,clean,,0.0
CARD:13712682,clean,clean,,0.0
CARD:13831545,clean,clean,,0.0
CARD:13860744,trap,rounding_noise,fsc,0.0
CARD:13868400,trap,rate_amendment,,0.0
CARD:13888963,clean,clean,,0.0
CARD:13933659,trap,rounding_noise,lh,0.0
CARD:13995979,trap,bol_format,spaces,0.0
CARD:14016644,clean,clean,,0.0
CARD:14018757,trap,bol_format,prefix_dash,0.0
CARD:14018757,trap,rate_amendment,,0.0
CARD:14030961,clean,clean,,0.0
CARD:14035612,clean,clean,,0.0
CARD:14040472,trap,balance_due,,0.0
CARD:14168168,clean,clean,,0.0
CARD:14173968,trap,rate_amendment,,0.0
CARD:14248351,clean,clean,,0.0
CARD:14248403,clean,clean,,0.0
CARD:14255521,clean,clean,,0.0
CARD:14268488,trap,rounding_noise,lh,0.0
CARD:14389936,clean,clean,,0.0
CARD:14433089,trap,bol_format,lowercase,0.0
CARD:14593533,trap,bol_format,lowercase,0.0
CARD:14639406,clean,clean,,0.0
CARD:14848838,clean,clean,,0.0
CARD:15051292,trap,bol_format,dashes,0.0
CARD:15075975,clean,clean,,0.0
CARD:15080268,trap,bol_format,prefix_hash,0.0
CARD:15179582,trap,rate_amendment,,0.0
CARD:15205039,trap,late_authorization,liftgate,0.0
CARD:15279094,error,phantom_invoice,,145.71
CARD:15299717,trap,bol_format,spaces,0.0
CARD:15299717,trap,rounding_noise,lh,0.0
CARD:15301900,trap,bol_format,lowercase,0.0
CARD:15333180,trap,bol_format,lowercase,0.0
CARD:15593165,clean,clean,,0.0
CARD:15602130,trap,bol_format,spaces,0.0
CARD:15623811,clean,clean,,0.0
CARD:15742172,trap,rounding_noise,lh+fsc,0.0
CARD:15748184,clean,clean,,0.0
CARD:15822848,clean,clean,,0.0
CARD:15843606,clean,clean,,0.0
CARD:15973047,clean,clean,,0.0
CARD:15976155,clean,clean,,0.0
CARD:15978243,clean,clean,,0.0
CARD:16027197,error,weight_overbilling,inflation,24.13
CARD:16027197,trap,rate_amendment,,0.0
CARD:16027197,trap,rounding_noise,lh,0.0
CARD:16049153,trap,rate_amendment,,0.0
CARD:16072969,trap,rate_amendment,,0.0
CARD:16077883,error,rate_overcharge,markup,19.58
CARD:16077883,trap,late_authorization,liftgate,0.0
CARD:16134297,trap,bol_format,lowercase,0.0
CARD:16134297,trap,rebill,,0.0
CARD:16177158,trap,bol_format,spaces,0.0
CARD:16251176,clean,clean,,0.0
CARD:16264775,clean,clean,,0.0
CARD:16457030,error,rate_overcharge,markup,25.33
CARD:16457030,trap,rate_amendment,,0.0
CARD:16487293,clean,clean,,0.0
CARD:16553469,trap,bol_format,prefix_hash,0.0
CARD:16664492,trap,rate_amendment,,0.0
CARD:16744286,clean,clean,,0.0
CARD:16746541,clean,clean,,0.0
CARD:16853905,clean,clean,,0.0
CARD:16879159,trap,rate_amendment,,0.0
CARD:16892731,trap,rate_amendment,,0.0
CARD:16978209,trap,bol_format,spaces,0.0
CARD:16978209,trap,rate_amendment,,0.0
CARD:17053196,trap,rate_amendment,,0.0
CARD:17059832,clean,clean,,0.0
CARD:17062732,clean,clean,,0.0
CARD:17075470,clean,clean,,0.0
CARD:17223658,trap,bol_format,prefix_dash,0.0
CARD:17330700,clean,clean,,0.0
CARD:17474657,clean,clean,,0.0
CARD:17551615,clean,clean,,0.0
CARD:17616507,trap,bol_format,prefix_dash,0.0
CARD:17619802,trap,balance_due,,0.0
CARD:17633796,clean,clean,,0.0
CARD:17665783,trap,bol_format,prefix_dash,0.0
CARD:17692482,clean,clean,,0.0
CARD:17732136,clean,clean,,0.0
CARD:17785169,trap,bol_format,dashes,0.0
CARD:17801730,trap,rounding_noise,lh+fsc,0.0
CARD:17879272,trap,bol_format,prefix_hash,0.0
CARD:17879272,trap,rounding_noise,fsc,0.0
CARD:18102659,clean,clean,,0.0
CARD:18197700,clean,clean,,0.0
CARD:18202087,error,rate_overcharge,markup,26.91
CARD:18232636,clean,clean,,0.0
CARD:18287316,error,phantom_invoice,,1939.03
CARD:18293345,trap,bol_format,lowercase,0.0
CARD:18390468,trap,bol_format,prefix_hash,0.0
CARD:18390468,trap,rate_amendment,,0.0
CARD:18404673,clean,clean,,0.0
CARD:18411200,trap,bol_format,prefix_dash,0.0
CARD:18484339,clean,clean,,0.0
CARD:18597965,clean,clean,,0.0
CARD:18714756,clean,clean,,0.0
CARD:18946635,clean,clean,,0.0
CARD:19157493,trap,late_authorization,liftgate,0.0
CARD:19169875,error,rate_overcharge,markup,91.37
CARD:19285901,clean,clean,,0.0
CARD:19340632,clean,clean,,0.0
CARD:19353766,clean,clean,,0.0
CARD:19380964,clean,clean,,0.0
CARD:19452353,clean,clean,,0.0
CARD:19477081,trap,bol_format,dashes,0.0
CARD:19477081,trap,rate_amendment,,0.0
CARD:19481313,error,unauthorized_accessorial,residential,125.0
CARD:19481313,trap,bol_format,prefix_dash,0.0
CARD:19481313,trap,rounding_noise,lh+fsc,0.0
CARD:19515322,clean,clean,,0.0
CARD:19555944,clean,clean,,0.0
CARD:19580558,clean,clean,,0.0
CARD:19586090,trap,bol_format,spaces,0.0
CARD:19593603,clean,clean,,0.0
CARD:19623706,trap,rate_amendment,,0.0
CARD:19673475,trap,rate_amendment,,0.0
CARD:19697044,clean,clean,,0.0
CARD:19768676,error,rate_overcharge,markup,32.56
CARD:19830630,clean,clean,,0.0
CARD:19876274,trap,bol_format,dashes,0.0
CARD:19883501,clean,clean,,0.0
CARD:19903268,clean,clean,,0.0
CARD:19911247,clean,clean,,0.0
CARD:19919826,error,duplicate_invoice,rekeyed,316.52
CARD:19921231,clean,clean,,0.0
CARD:20026311,clean,clean,,0.0
CARD:20241279,clean,clean,,0.0
CARD:20274884,clean,clean,,0.0
CARD:20299938,clean,clean,,0.0
CARD:20307603,clean,clean,,0.0
CARD:20325923,error,weight_overbilling,inflation,69.14
CARD:20325923,trap,bol_format,lowercase,0.0
CARD:20371196,clean,clean,,0.0
CARD:20545858,clean,clean,,0.0
CARD:20594399,clean,clean,,0.0
CARD:20626592,clean,clean,,0.0
CARD:20636214,trap,bol_format,dashes,0.0
CARD:20704646,trap,balance_due,,0.0
CARD:20737714,trap,bol_format,prefix_dash,0.0
CARD:20924877,error,unauthorized_accessorial,residential,125.0
CARD:20924877,trap,rounding_noise,fsc,0.0
CARD:20926140,clean,clean,,0.0
CARD:21010413,trap,rate_amendment,,0.0
CARD:21133334,trap,rate_amendment,,0.0
CARD:21176129,clean,clean,,0.0
CARD:21352661,clean,clean,,0.0
CARD:21386074,trap,bol_format,prefix_hash,0.0
CARD:21386074,trap,documented_reweigh,,0.0
CARD:21386074,trap,rate_amendment,,0.0
CARD:21386074,trap,rounding_noise,fsc,0.0
CARD:21429527,trap,rate_amendment,,0.0
CARD:21529810,trap,rate_amendment,,0.0
CARD:21529810,trap,rebill,,0.0
CARD:21543625,trap,late_authorization,liftgate,0.0
CARD:21615551,clean,clean,,0.0
CARD:21630644,trap,rounding_noise,lh,0.0
CARD:21735611,trap,bol_format,prefix_dash,0.0
CARD:21735611,trap,rounding_noise,lh+fsc,0.0
CARD:21893158,clean,clean,,0.0
CARD:21928207,clean,clean,,0.0
CARD:21967928,clean,clean,,0.0
CARD:22159640,clean,clean,,0.0
CARD:22201990,clean,clean,,0.0
CARD:22224360,trap,bol_format,prefix_dash,0.0
CARD:22288837,clean,clean,,0.0
CARD:22312141,trap,late_authorization,residential,0.0
CARD:22323788,clean,clean,,0.0
CARD:22440191,clean,clean,,0.0
CARD:22453636,trap,rate_amendment,,0.0
CARD:22463199,trap,rounding_noise,lh,0.0
CARD:22480222,clean,clean,,0.0
CARD:22510989,clean,clean,,0.0
CARD:22554990,error,fsc_mismatch,sub_tolerance,0.47
CARD:22663817,trap,rate_amendment,,0.0
CARD:22667621,trap,rate_amendment,,0.0
CARD:22676511,trap,rate_amendment,,0.0
CARD:22685119,clean,clean,,0.0
CARD:22724233,clean,clean,,0.0
CARD:22750598,clean,clean,,0.0
CARD:22876260,clean,clean,,0.0
CARD:22920151,clean,clean,,0.0
CARD:22957296,clean,clean,,0.0
CARD:22960176,trap,rounding_noise,lh+fsc,0.0
CARD:22969961,trap,late_authorization,liftgate,0.0
CARD:23010391,clean,clean,,0.0
CARD:23097728,clean,clean,,0.0
CARD:23099589,clean,clean,,0.0
CARD:23101239,error,duplicate_invoice,rekeyed,1540.5
CARD:23169109,clean,clean,,0.0
CARD:23385084,error,weight_overbilling,inflation,22.32
CARD:23385084,trap,rounding_noise,lh+fsc,0.0
CARD:23418578,clean,clean,,0.0
CARD:23627603,clean,clean,,0.0
CARD:23922234,trap,bol_format,prefix_dash,0.0
CARD:23928402,clean,clean,,0.0
CARD:24019583,trap,documented_reweigh,,0.0
CARD:24019583,trap,rate_amendment,,0.0
CARD:24193581,trap,bol_format,spaces,0.0
CARD:24285648,clean,clean,,0.0
CARD:24318529,trap,rate_amendment,,0.0
CARD:24336193,clean,clean,,0.0
CARD:24336981,clean,clean,,0.0
CARD:24389542,clean,clean,,0.0
CARD:24413849,trap,rate_amendment,,0.0
CARD:24455117,error,fsc_mismatch,wrong_step,5.86
CARD:24463669,trap,bol_format,spaces,0.0
CARD:24477442,clean,clean,,0.0
CARD:24583156,trap,late_authorization,residential,0.0
CARD:24603815,trap,rounding_noise,lh+fsc,0.0
CARD:24669605,superseded,superseded,,0.0
CARD:24689228,trap,rounding_noise,lh,0.0
CARD:24799408,error,duplicate_invoice,resend,680.66
CARD:24868378,trap,balance_due,,0.0
CARD:24956749,trap,bol_typo,,0.0
CARD:25012833,trap,rounding_noise,lh+fsc,0.0
CARD:25019588,trap,bol_format,dashes,0.0
CARD:25020623,trap,rate_amendment,,0.0
CARD:25020877,error,phantom_invoice,,1809.94
CARD:25070315,clean,clean,,0.0
CARD:25271746,clean,clean,,0.0
CARD:25360164,trap,bol_format,lowercase,0.0
CARD:25360164,trap,rate_amendment,,0.0
CARD:25361597,trap,rebill,,0.0
CARD:25414673,trap,balance_due,,0.0
CARD:25426691,clean,clean,,0.0
CARD:25574397,clean,clean,,0.0
CARD:25578533,error,rate_overcharge,markup,173.99
CARD:25578533,trap,rounding_noise,lh+fsc,0.0
CARD:25580704,trap,rounding_noise,fsc,0.0
CARD:25665921,trap,rounding_noise,lh+fsc,0.0
CARD:25680836,clean,clean,,0.0
CARD:25681917,clean,clean,,0.0
CARD:25683763,trap,rate_amendment,,0.0
CARD:25686950,clean,clean,,0.0
CARD:25711685,clean,clean,,0.0
CARD:25722765,clean,clean,,0.0
CARD:25745142,clean,clean,,0.0
CARD:25851211,clean,clean,,0.0
CARD:25852421,error,rate_overcharge,markup,36.63
CARD:25913855,clean,clean,,0.0
CARD:26040500,clean,clean,,0.0
CARD:26104157,clean,clean,,0.0
CARD:26144231,trap,late_authorization,residential,0.0
CARD:26144231,trap,rate_amendment,,0.0
CARD:26158893,clean,clean,,0.0
CARD:26276320,clean,clean,,0.0
CARD:26401424,clean,clean,,0.0
CARD:26472307,clean,clean,,0.0
CARD:26474446,clean,clean,,0.0
CARD:26530850,clean,clean,,0.0
CARD:26535733,trap,rate_amendment,,0.0
CARD:26579990,trap,rate_amendment,,0.0
CARD:26665870,clean,clean,,0.0
CARD:26672877,clean,clean,,0.0
CARD:26703214,trap,bol_format,prefix_dash,0.0
CARD:26727089,clean,clean,,0.0
CARD:26760436,trap,bol_format,spaces,0.0
CARD:26783210,clean,clean,,0.0
CARD:26871669,clean,clean,,0.0
CARD:26910185,clean,clean,,0.0
CARD:26964367,trap,rounding_noise,lh+fsc,0.0
CARD:26981957,error,rate_overcharge,markup,29.51
CARD:27036227,clean,clean,,0.0
CARD:27043486,error,fsc_mismatch,wrong_week,3.86
CARD:27066532,trap,rate_amendment,,0.0
CARD:27141393,clean,clean,,0.0
CARD:27172395,trap,rate_amendment,,0.0
CARD:27333956,error,fsc_mismatch,wrong_step,1.39
CARD:27416283,trap,bol_format,dashes,0.0
CARD:27416283,trap,rate_amendment,,0.0
CARD:27445186,clean,clean,,0.0
CARD:27553834,clean,clean,,0.0
CARD:27604969,trap,bol_format,dashes,0.0
CARD:27708367,clean,clean,,0.0
CARD:27750741,clean,clean,,0.0
CARD:27812279,trap,rate_amendment,,0.0
CARD:27874515,clean,clean,,0.0
CARD:28015352,clean,clean,,0.0
CARD:28082724,clean,clean,,0.0
CARD:28082766,error,phantom_invoice,,485.58
CARD:28208597,clean,clean,,0.0
CARD:28264617,clean,clean,,0.0
CARD:28310483,clean,clean,,0.0
CARD:28391339,clean,clean,,0.0
CARD:28409337,clean,clean,,0.0
CARD:28456021,trap,rounding_noise,fsc,0.0
CARD:28493008,error,duplicate_invoice,rekeyed,191.25
CARD:28555486,trap,late_authorization,liftgate,0.0
CARD:28555486,trap,rate_amendment,,0.0
CARD:28625611,clean,clean,,0.0
CARD:28661143,trap,rate_amendment,,0.0
CARD:28685928,clean,clean,,0.0
CARD:28855767,clean,clean,,0.0
CARD:28950304,clean,clean,,0.0
CARD:29061820,clean,clean,,0.0
CARD:29141035,error,unauthorized_accessorial,liftgate,95.0
CARD:29164908,clean,clean,,0.0
CARD:29211129,clean,clean,,0.0
CARD:29253101,error,weight_overbilling,sub_tolerance,6.48
CARD:29272241,clean,clean,,0.0
CARD:29272394,clean,clean,,0.0
CARD:29330070,superseded,superseded,,0.0
CARD:29410306,clean,clean,,0.0
CARD:29413645,trap,bol_format,prefix_hash,0.0
CARD:29541499,trap,bol_format,spaces,0.0
CARD:29562395,trap,rate_amendment,,0.0
CARD:29562395,trap,rounding_noise,fsc,0.0
CARD:29588763,clean,clean,,0.0
CARD:29610795,error,duplicate_invoice,rekeyed,920.72
CARD:29622494,clean,clean,,0.0
CARD:29708098,clean,clean,,0.0
CARD:29710731,trap,documented_reweigh,,0.0
CARD:29725542,clean,clean,,0.0
CARD:29751684,trap,balance_due,,0.0
CARD:29794849,clean,clean,,0.0
CARD:29808348,clean,clean,,0.0
CARD:29845045,clean,clean,,0.0
CARD:29919158,trap,rounding_noise,lh+fsc,0.0
CARD:30026170,trap,rounding_noise,lh,0.0
CARD:30052561,error,rate_overcharge,markup,606.29
CARD:30073723,trap,balance_due,,0.0
CARD:30140722,clean,clean,,0.0
CARD:30236308,error,rate_overcharge,markup,146.35
CARD:30247175,trap,bol_format,dashes,0.0
CARD:30247175,trap,late_authorization,residential,0.0
CARD:30263177,clean,clean,,0.0
CARD:30269489,error,unauthorized_accessorial,residential,125.0
CARD:30269489,trap,rate_amendment,,0.0
CARD:30370812,trap,bol_format,lowercase,0.0
CARD:30409049,trap,bol_format,prefix_dash,0.0
CARD:30409049,trap,rounding_noise,fsc,0.0
CARD:30424868,error,fsc_mismatch,wrong_week,17.16
CARD:30514122,clean,clean,,0.0
CARD:30543022,trap,bol_format,spaces,0.0
CARD:30601191,trap,rate_amendment,,0.0
CARD:30657071,trap,bol_format,dashes,0.0
CARD:30672702,trap,bol_format,dashes,0.0
CARD:30677430,clean,clean,,0.0
CARD:30683070,trap,rate_amendment,,0.0
CARD:30697109,clean,clean,,0.0
CARD:30722443,clean,clean,,0.0
CARD:30788087,clean,clean,,0.0
CARD:30814880,trap,bol_format,spaces,0.0
CARD:31125285,clean,clean,,0.0
CARD:31134539,clean,clean,,0.0
CARD:31211849,trap,rate_amendment,,0.0
CARD:31211849,trap,rounding_noise,lh+fsc,0.0
CARD:31273238,trap,rate_amendment,,0.0
CARD:31284625,clean,clean,,0.0
CARD:31305231,clean,clean,,0.0
CARD:31336929,clean,clean,,0.0
CARD:31374155,clean,clean,,0.0
CARD:31434793,clean,clean,,0.0
CARD:31436281,trap,bol_format,lowercase,0.0
CARD:31436281,trap,rounding_noise,lh,0.0
CARD:31489897,trap,rounding_noise,fsc,0.0
CARD:31513232,clean,clean,,0.0
CARD:31543482,error,weight_overbilling,inflation,222.03
CARD:31543482,trap,bol_format,spaces,0.0
CARD:31635480,clean,clean,,0.0
CARD:31716466,trap,rate_amendment,,0.0
CARD:31735267,trap,rate_amendment,,0.0
CARD:31772848,clean,clean,,0.0
CARD:32017479,error,duplicate_invoice,rekeyed,295.88
CARD:32044628,clean,clean,,0.0
CARD:32139479,clean,clean,,0.0
CARD:32213347,clean,clean,,0.0
CARD:32283816,superseded,superseded,,0.0
CARD:32359272,clean,clean,,0.0
CARD:32595496,trap,rate_amendment,,0.0
CARD:32634133,trap,rounding_noise,lh+fsc,0.0
CARD:32767940,error,duplicate_invoice,resend,144.83
CARD:32778620,clean,clean,,0.0
CARD:33077848,clean,clean,,0.0
CARD:33092013,clean,clean,,0.0
CARD:33123405,clean,clean,,0.0
CARD:33164800,error,weight_overbilling,inflation,25.28
CARD:33223911,clean,clean,,0.0
CARD:33231866,clean,clean,,0.0
CARD:33242989,trap,rounding_noise,fsc,0.0
CARD:33329524,clean,clean,,0.0
CARD:33405845,clean,clean,,0.0
CARD:33553531,trap,bol_format,lowercase,0.0
CARD:33650977,trap,bol_format,dashes,0.0
CARD:33650977,trap,rate_amendment,,0.0
CARD:33687096,error,unauthorized_accessorial,liftgate,95.0
CARD:33714992,clean,clean,,0.0
CARD:33768256,trap,rate_amendment,,0.0
CARD:33773614,trap,rounding_noise,lh+fsc,0.0
CARD:34104234,trap,late_authorization,liftgate,0.0
CARD:34104234,trap,late_authorization,residential,0.0
CARD:34104234,trap,rate_amendment,,0.0
CARD:34164404,trap,bol_format,dashes,0.0
CARD:34208842,clean,clean,,0.0
CARD:34221543,clean,clean,,0.0
CARD:34331477,clean,clean,,0.0
CARD:34358391,clean,clean,,0.0
CARD:34394334,clean,clean,,0.0
CARD:34473102,clean,clean,,0.0
CARD:34503732,clean,clean,,0.0
CARD:34518551,trap,rate_amendment,,0.0
CARD:34524342,clean,clean,,0.0
CARD:34549117,trap,rate_amendment,,0.0
CARD:34566918,trap,balance_due,,0.0
CARD:34621900,clean,clean,,0.0
CARD:34698420,trap,bol_format,prefix_hash,0.0
CARD:34800351,clean,clean,,0.0
CARD:34910800,trap,bol_format,lowercase,0.0
CARD:34920285,clean,clean,,0.0
CARD:35000495,trap,late_authorization,residential,0.0
CARD:35002704,trap,rate_amendment,,0.0
CARD:35004521,clean,clean,,0.0
CARD:35175229,clean,clean,,0.0
CARD:35242039,clean,clean,,0.0
CARD:35242533,clean,clean,,0.0
CARD:35383812,error,duplicate_invoice,resend,244.0
CARD:35413550,clean,clean,,0.0
CARD:35459719,trap,late_authorization,residential,0.0
CARD:35459719,trap,rounding_noise,lh,0.0
CARD:35480994,clean,clean,,0.0
CARD:35514389,trap,bol_format,spaces,0.0
CARD:35543317,clean,clean,,0.0
CARD:35561149,error,rate_overcharge,sub_tolerance,1.54
CARD:35561149,trap,bol_format,dashes,0.0
CARD:35648298,clean,clean,,0.0
CARD:35813198,clean,clean,,0.0
CARD:35852010,error,fsc_mismatch,wrong_step,7.0
CARD:35852010,error,weight_overbilling,inflation,45.99
CARD:35855429,trap,bol_format,spaces,0.0
CARD:35938186,clean,clean,,0.0
CARD:35994090,clean,clean,,0.0
CARD:36061474,error,fsc_mismatch,sub_tolerance,0.62
CARD:36277822,clean,clean,,0.0
CARD:36365235,clean,clean,,0.0
CARD:36402500,error,weight_overbilling,inflation,109.4
CARD:36434636,clean,clean,,0.0
CARD:36547314,clean,clean,,0.0
CARD:36650513,trap,bol_format,lowercase,0.0
CARD:36752860,trap,rounding_noise,lh,0.0
CARD:36764326,trap,bol_format,lowercase,0.0
CARD:36764326,trap,rebill,,0.0
CARD:36814701,clean,clean,,0.0
CARD:36898572,clean,clean,,0.0
CARD:36929841,trap,rounding_noise,lh+fsc,0.0
CARD:37036490,trap,rounding_noise,lh+fsc,0.0
CARD:37163068,clean,clean,,0.0
CARD:37217060,clean,clean,,0.0
CARD:37264875,clean,clean,,0.0
CARD:37269711,error,duplicate_invoice,rekeyed,257.24
CARD:37290155,trap,bol_format,spaces,0.0
CARD:37290155,trap,rounding_noise,lh,0.0
CARD:37361612,clean,clean,,0.0
CARD:37464820,trap,bol_format,prefix_hash,0.0
CARD:37560240,clean,clean,,0.0
CARD:37587466,clean,clean,,0.0
CARD:37589218,error,weight_overbilling,sub_tolerance,7.58
CARD:37623226,trap,bol_format,dashes,0.0
CARD:37657783,trap,bol_format,prefix_hash,0.0
CARD:37663246,trap,bol_format,prefix_dash,0.0
CARD:37666199,clean,clean,,0.0
CARD:37707350,clean,clean,,0.0
CARD:37855592,clean,clean,,0.0
CARD:37932779,clean,clean,,0.0
CARD:37972270,error,duplicate_invoice,rekeyed,1647.04
CARD:38142386,clean,clean,,0.0
CARD:38176801,clean,clean,,0.0
CARD:38178488,clean,clean,,0.0
CARD:38299333,clean,clean,,0.0
CARD:38321122,clean,clean,,0.0
CARD:38348323,trap,bol_format,dashes,0.0
CARD:38348323,trap,rate_amendment,,0.0
CARD:38379131,trap,bol_format,lowercase,0.0
CARD:38393535,clean,clean,,0.0
CARD:38393707,trap,rounding_noise,fsc,0.0
CARD:38445278,error,unauthorized_accessorial,liftgate,95.0
CARD:38445278,trap,bol_format,lowercase,0.0
CARD:38448353,clean,clean,,0.0
CARD:38456533,trap,late_authorization,liftgate,0.0
CARD:38481792,trap,bol_format,prefix_hash,0.0
CARD:38481792,trap,rate_amendment,,0.0
CARD:38497904,trap,bol_format,dashes,0.0
CARD:38592659,trap,rate_amendment,,0.0
CARD:38614585,trap,bol_format,prefix_hash,0.0
CARD:38614585,trap,late_authorization,liftgate,0.0
CARD:38629518,trap,rate_amendment,,0.0
CARD:38651943,trap,rate_amendment,,0.0
CARD:38651943,trap,rounding_noise,lh,0.0
CARD:38773914,trap,balance_due,,0.0
CARD:38862224,clean,clean,,0.0
CARD:38883653,clean,clean,,0.0
CARD:38884352,trap,bol_format,spaces,0.0
CARD:38971609,trap,rate_amendment,,0.0
CARD:39021528,clean,clean,,0.0
CARD:39048375,trap,late_authorization,liftgate,0.0
CARD:39093967,trap,rounding_noise,lh,0.0
CARD:39097979,error,weight_overbilling,sub_tolerance,8.65
CARD:39133880,trap,bol_format,prefix_dash,0.0
CARD:39294755,trap,bol_format,spaces,0.0
CARD:39319173,trap,rate_amendment,,0.0
CARD:39332635,error,rate_overcharge,markup,55.39
CARD:39361457,clean,clean,,0.0
CARD:39451129,clean,clean,,0.0
CARD:39537848,trap,bol_format,prefix_hash,0.0
CARD:39537848,trap,rebill,,0.0
CARD:39563830,trap,bol_format,prefix_hash,0.0
CARD:39603367,trap,bol_format,prefix_dash,0.0
CARD:39612728,clean,clean,,0.0
CARD:39666658,clean,clean,,0.0
CARD:39842650,clean,clean,,0.0
CARD:39906456,clean,clean,,0.0
CARD:39924466,clean,clean,,0.0
CARD:39987567,clean,clean,,0.0
CARD:40010514,clean,clean,,0.0
CARD:40032928,superseded,superseded,,0.0
CARD:40083170,trap,bol_format,spaces,0.0
CARD:40100784,trap,rate_amendment,,0.0
CARD:40100784,trap,rounding_noise,lh,0.0
CARD:40112065,clean,clean,,0.0
CARD:40165843,trap,bol_format,prefix_hash,0.0
CARD:40177240,clean,clean,,0.0
CARD:40212410,trap,late_authorization,liftgate,0.0
CARD:40302069,clean,clean,,0.0
CARD:40337750,trap,bol_format,prefix_dash,0.0
CARD:40337750,trap,rate_amendment,,0.0
CARD:40337750,trap,rounding_noise,lh,0.0
CARD:40357588,clean,clean,,0.0
CARD:40639155,clean,clean,,0.0
CARD:40655923,clean,clean,,0.0
CARD:40730884,error,rate_overcharge,markup,35.0
CARD:40730884,trap,late_authorization,liftgate,0.0
CARD:40770863,trap,bol_format,dashes,0.0
CARD:40770863,trap,rate_amendment,,0.0
CARD:40770863,trap,rounding_noise,lh+fsc,0.0
CARD:40787961,trap,rounding_noise,lh+fsc,0.0
CARD:40935539,clean,clean,,0.0
CARD:41014750,clean,clean,,0.0
CARD:41062410,clean,clean,,0.0
CARD:41129094,clean,clean,,0.0
CARD:41136940,trap,rate_amendment,,0.0
CARD:41181025,clean,clean,,0.0
CARD:41255352,error,unauthorized_accessorial,residential,125.0
CARD:41373118,trap,late_authorization,liftgate,0.0
CARD:41373118,trap,rounding_noise,lh,0.0
CARD:41424547,trap,late_authorization,liftgate,0.0
CARD:41433748,trap,bol_format,prefix_hash,0.0
CARD:41433748,trap,rate_amendment,,0.0
CARD:41433748,trap,rounding_noise,fsc,0.0
CARD:41435529,trap,bol_format,spaces,0.0
CARD:41460914,clean,clean,,0.0
CARD:41467917,clean,clean,,0.0
CARD:41527746,clean,clean,,0.0
CARD:41576119,trap,rate_amendment,,0.0
CARD:41652850,trap,bol_format,prefix_dash,0.0
CARD:41660787,clean,clean,,0.0
CARD:41664992,clean,clean,,0.0
CARD:41669599,clean,clean,,0.0
CARD:41715709,trap,bol_format,spaces,0.0
CARD:41793378,trap,bol_format,lowercase,0.0
CARD:41793378,trap,rounding_noise,lh,0.0
CARD:41873597,clean,clean,,0.0
CARD:41886165,clean,clean,,0.0
CARD:41943447,trap,bol_format,prefix_dash,0.0
CARD:42014425,clean,clean,,0.0
CARD:42030131,clean,clean,,0.0
CARD:42052638,trap,rounding_noise,lh,0.0
CARD:42060911,trap,rounding_noise,lh,0.0
CARD:42085907,trap,rounding_noise,lh+fsc,0.0
CARD:42176895,trap,bol_format,dashes,0.0
CARD:42199741,clean,clean,,0.0
CARD:42206632,error,fsc_mismatch,wrong_step,6.14
CARD:42206632,error,rate_overcharge,markup,13.22
CARD:42206632,error,weight_overbilling,inflation,33.64
CARD:42213533,trap,rate_amendment,,0.0
CARD:42213924,clean,clean,,0.0
CARD:42228434,trap,bol_typo,,0.0
CARD:42253580,clean,clean,,0.0
CARD:42270899,trap,bol_format,lowercase,0.0
CARD:42504480,trap,rate_amendment,,0.0
CARD:42504480,trap,rounding_noise,lh,0.0
CARD:42515993,trap,bol_format,prefix_hash,0.0
CARD:42698378,trap,late_authorization,liftgate,0.0
CARD:42698378,trap,rounding_noise,lh+fsc,0.0
CARD:42698450,trap,bol_format,lowercase,0.0
CARD:42849539,trap,late_authorization,liftgate,0.0
CARD:42905618,trap,late_authorization,liftgate,0.0
CARD:42905618,trap,rate_amendment,,0.0
CARD:42937679,clean,clean,,0.0
CARD:43000420,clean,clean,,0.0
CARD:43018373,trap,rounding_noise,lh+fsc,0.0
CARD:43055099,clean,clean,,0.0
CARD:43116532,clean,clean,,0.0
CARD:43291629,error,rate_overcharge,markup,20.79
CARD:43291629,trap,rate_amendment,,0.0
CARD:43360490,clean,clean,,0.0
CARD:43520757,trap,bol_format,dashes,0.0
CARD:43526573,trap,late_authorization,liftgate,0.0
CARD:43536664,trap,bol_format,dashes,0.0
CARD:43547286,clean,clean,,0.0
CARD:43582450,clean,clean,,0.0
CARD:43607734,clean,clean,,0.0
CARD:43624145,clean,clean,,0.0
CARD:43633232,clean,clean,,0.0
CARD:43636453,clean,clean,,0.0
CARD:43728473,clean,clean,,0.0
CARD:43818619,clean,clean,,0.0
CARD:43860208,clean,clean,,0.0
CARD:43866933,trap,rounding_noise,lh,0.0
CARD:43960425,clean,clean,,0.0
CARD:44022642,clean,clean,,0.0
CARD:44053242,error,unauthorized_accessorial,liftgate,95.0
CARD:44062706,clean,clean,,0.0
CARD:44080989,clean,clean,,0.0
CARD:44110581,clean,clean,,0.0
CARD:44128162,trap,rate_amendment,,0.0
CARD:44158324,clean,clean,,0.0
CARD:44308718,trap,bol_format,lowercase,0.0
CARD:44404584,trap,rebill,,0.0
CARD:44556728,clean,clean,,0.0
CARD:44644758,clean,clean,,0.0
CARD:44760705,clean,clean,,0.0
CARD:44804551,clean,clean,,0.0
CARD:44946568,error,fsc_mismatch,wrong_step,5.31
CARD:44946568,error,rate_overcharge,markup,35.62
CARD:44946568,trap,bol_format,lowercase,0.0
CARD:44960171,trap,rounding_noise,lh+fsc,0.0
CARD:44969171,trap,bol_format,lowercase,0.0
CARD:44969235,clean,clean,,0.0
CARD:45296268,clean,clean,,0.0
CARD:45303259,trap,rate_amendment,,0.0
CARD:45311413,trap,bol_format,prefix_hash,0.0
CARD:45329557,clean,clean,,0.0
CARD:45433854,clean,clean,,0.0
CARD:45439941,clean,clean,,0.0
CARD:45441397,error,weight_overbilling,inflation,163.16
CARD:45455648,clean,clean,,0.0
CARD:45530075,clean,clean,,0.0
CARD:45556723,clean,clean,,0.0
CARD:45598093,clean,clean,,0.0
CARD:45608370,clean,clean,,0.0
CARD:45626612,clean,clean,,0.0
CARD:45716576,clean,clean,,0.0
CARD:45722226,clean,clean,,0.0
CARD:45804979,clean,clean,,0.0
CARD:45899329,clean,clean,,0.0
CARD:45913962,clean,clean,,0.0
CARD:45921622,trap,rate_amendment,,0.0
CARD:45921622,trap,rounding_noise,lh,0.0
CARD:45924003,trap,rate_amendment,,0.0
CARD:45937117,trap,rate_amendment,,0.0
CARD:45947493,trap,bol_format,dashes,0.0
CARD:45998825,trap,rounding_noise,lh+fsc,0.0
CARD:46009740,error,duplicate_invoice,rekeyed,1548.76
CARD:46053916,error,phantom_invoice,,168.32
CARD:46059778,clean,clean,,0.0
CARD:46079074,clean,clean,,0.0
CARD:46132476,trap,rounding_noise,lh+fsc,0.0
CARD:46205603,trap,rate_amendment,,0.0
CARD:46217419,trap,late_authorization,residential,0.0
CARD:46247587,clean,clean,,0.0
CARD:46261177,clean,clean,,0.0
CARD:46273146,clean,clean,,0.0
CARD:46296524,clean,clean,,0.0
CARD:46349096,clean,clean,,0.0
CARD:46376756,trap,rounding_noise,lh+fsc,0.0
CARD:46389242,clean,clean,,0.0
CARD:46401231,trap,rounding_noise,lh,0.0
CARD:46557249,clean,clean,,0.0
CARD:46616907,clean,clean,,0.0
CARD:46616977,trap,rate_amendment,,0.0
CARD:46715589,trap,bol_format,dashes,0.0
CARD:46738030,trap,rounding_noise,fsc,0.0
CARD:46793140,trap,rounding_noise,fsc,0.0
CARD:46850192,clean,clean,,0.0
CARD:46977562,clean,clean,,0.0
CARD:46978807,trap,late_authorization,liftgate,0.0
CARD:47007978,error,fsc_mismatch,wrong_step,3.65
CARD:47007978,trap,rounding_noise,lh,0.0
CARD:47017175,clean,clean,,0.0
CARD:47087926,clean,clean,,0.0
CARD:47115403,trap,bol_format,prefix_dash,0.0
CARD:47419669,clean,clean,,0.0
CARD:47423927,trap,bol_format,dashes,0.0
CARD:47592236,error,unauthorized_accessorial,residential,125.0
CARD:47592236,trap,rounding_noise,lh+fsc,0.0
CARD:47752840,clean,clean,,0.0
CARD:47766695,clean,clean,,0.0
CARD:47801252,error,duplicate_invoice,resend,409.03
CARD:47823740,trap,bol_format,prefix_dash,0.0
CARD:47823740,trap,rate_amendment,,0.0
CARD:47829333,clean,clean,,0.0
CARD:47928886,error,unauthorized_accessorial,residential,125.0
CARD:47928886,trap,rounding_noise,lh,0.0
CARD:47938457,trap,rounding_noise,fsc,0.0
CARD:47988784,clean,clean,,0.0
CARD:48002810,trap,rounding_noise,lh,0.0
CARD:48002849,trap,bol_format,lowercase,0.0
CARD:48030088,clean,clean,,0.0
CARD:48037369,trap,rate_amendment,,0.0
CARD:48303964,error,rate_overcharge,markup,41.3
CARD:48303964,trap,bol_format,dashes,0.0
CARD:48377376,trap,rounding_noise,fsc,0.0
CARD:48455316,error,rate_overcharge,markup,22.47
CARD:48474612,trap,rate_amendment,,0.0
CARD:48505870,clean,clean,,0.0
CARD:48516340,trap,rounding_noise,lh+fsc,0.0
CARD:48522626,error,unauthorized_accessorial,liftgate,95.0
CARD:48535664,trap,rate_amendment,,0.0
CARD:48834672,trap,bol_format,dashes,0.0
CARD:48867226,clean,clean,,0.0
CARD:48896108,trap,rounding_noise,lh+fsc,0.0
CARD:48901404,clean,clean,,0.0
CARD:48914146,trap,rounding_noise,fsc,0.0
CARD:48947647,trap,bol_format,spaces,0.0
CARD:49076487,clean,clean,,0.0
CARD:49080137,clean,clean,,0.0
CARD:49244578,clean,clean,,0.0
CARD:49300246,trap,bol_format,lowercase,0.0
CARD:49327618,trap,bol_format,spaces,0.0
CARD:49331012,clean,clean,,0.0
CARD:49339691,clean,clean,,0.0
CARD:49393827,trap,rounding_noise,fsc,0.0
CARD:49455811,clean,clean,,0.0
CARD:49465523,trap,rate_amendment,,0.0
CARD:49485967,clean,clean,,0.0
CARD:49530751,trap,rate_amendment,,0.0
CARD:49557670,error,unauthorized_accessorial,residential,125.0
CARD:49585780,trap,rate_amendment,,0.0
CARD:49631806,clean,clean,,0.0
CARD:49636953,clean,clean,,0.0
CARD:49640109,trap,bol_format,zeros_dropped,0.0
CARD:49680229,error,weight_overbilling,sub_tolerance,8.55
CARD:49698884,clean,clean,,0.0
CARD:49806500,trap,bol_format,spaces,0.0
CARD:49806500,trap,documented_reweigh,,0.0
CARD:49811726,clean,clean,,0.0
CARD:49928059,error,duplicate_invoice,rekeyed,524.29
CARD:49998987,clean,clean,,0.0
CARD:50052850,trap,rate_amendment,,0.0
CARD:50092765,error,rate_overcharge,markup,35.82
CARD:50092765,trap,bol_format,spaces,0.0
CARD:50221972,trap,bol_format,prefix_dash,0.0
CARD:50247499,error,phantom_invoice,,619.14
CARD:50267664,clean,clean,,0.0
CARD:50269578,clean,clean,,0.0
CARD:50280059,clean,clean,,0.0
CARD:50336509,clean,clean,,0.0
CARD:50341900,trap,bol_format,prefix_dash,0.0
CARD:50401986,trap,rate_amendment,,0.0
CARD:50429088,clean,clean,,0.0
CARD:50483850,trap,bol_format,lowercase,0.0
CARD:50668110,clean,clean,,0.0
CARD:50726724,clean,clean,,0.0
CARD:50749633,trap,rate_amendment,,0.0
CARD:50749633,trap,rounding_noise,fsc,0.0
CARD:50759619,trap,rate_amendment,,0.0
CARD:50922571,clean,clean,,0.0
CARD:50956190,trap,rate_amendment,,0.0
CARD:51064233,clean,clean,,0.0
CARD:51197497,trap,bol_format,dashes,0.0
CARD:51197497,trap,rate_amendment,,0.0
CARD:51231520,trap,bol_format,prefix_dash,0.0
CARD:51231520,trap,rounding_noise,lh+fsc,0.0
CARD:51239109,clean,clean,,0.0
CARD:51249866,clean,clean,,0.0
CARD:51354768,superseded,superseded,,0.0
CARD:51390123,clean,clean,,0.0
CARD:51473583,trap,bol_format,dashes,0.0
CARD:51512871,trap,bol_format,lowercase,0.0
CARD:51512871,trap,rate_amendment,,0.0
CARD:51554465,trap,rounding_noise,lh+fsc,0.0
CARD:51645945,clean,clean,,0.0
CARD:51650003,clean,clean,,0.0
CARD:51654410,clean,clean,,0.0
CARD:51719440,trap,bol_format,lowercase,0.0
CARD:51755766,clean,clean,,0.0
CARD:51787584,clean,clean,,0.0
CARD:51807219,clean,clean,,0.0
CARD:51992731,trap,rounding_noise,lh+fsc,0.0
CARD:52111857,trap,bol_format,prefix_hash,0.0
CARD:52116999,clean,clean,,0.0
CARD:52143193,error,weight_overbilling,sub_tolerance,1.56
CARD:52143193,trap,late_authorization,liftgate,0.0
CARD:52168806,clean,clean,,0.0
CARD:52259940,clean,clean,,0.0
CARD:52280522,clean,clean,,0.0
CARD:52327245,trap,rate_amendment,,0.0
CARD:52337490,clean,clean,,0.0
CARD:52436789,trap,rate_amendment,,0.0
CARD:52622639,trap,rate_amendment,,0.0
CARD:52860775,trap,rate_amendment,,0.0
CARD:52925669,clean,clean,,0.0
CARD:52931019,trap,rounding_noise,lh,0.0
CARD:52996366,clean,clean,,0.0
CARD:53017565,clean,clean,,0.0
CARD:53061359,error,unauthorized_accessorial,residential,125.0
CARD:53155917,clean,clean,,0.0
CARD:53411158,clean,clean,,0.0
CARD:53568827,trap,bol_format,spaces,0.0
CARD:53612007,trap,bol_format,prefix_hash,0.0
CARD:53639794,trap,rounding_noise,lh,0.0
CARD:53707486,trap,bol_format,prefix_hash,0.0
CARD:53792983,trap,rate_amendment,,0.0
CARD:53802268,error,weight_overbilling,inflation,14.82
CARD:53802268,trap,rate_amendment,,0.0
CARD:53837597,clean,clean,,0.0
CARD:53850331,trap,bol_format,lowercase,0.0
CARD:53854212,clean,clean,,0.0
CARD:53854765,trap,rate_amendment,,0.0
CARD:53855408,trap,rate_amendment,,0.0
CARD:53988234,trap,bol_format,lowercase,0.0
CARD:54000695,trap,bol_format,prefix_hash,0.0
CARD:54079205,trap,rounding_noise,lh+fsc,0.0
CARD:54092411,clean,clean,,0.0
CARD:54212929,trap,rounding_noise,fsc,0.0
CARD:54236662,clean,clean,,0.0
CARD:54391754,trap,bol_format,prefix_dash,0.0
CARD:54395670,clean,clean,,0.0
CARD:54493801,trap,rate_amendment,,0.0
CARD:54495790,error,weight_overbilling,inflation,86.35
CARD:54533667,clean,clean,,0.0
CARD:54606446,trap,bol_format,prefix_dash,0.0
CARD:54689618,clean,clean,,0.0
CARD:54747519,trap,late_authorization,liftgate,0.0
CARD:54805671,trap,bol_format,prefix_dash,0.0
CARD:54861251,clean,clean,,0.0
CARD:54874520,clean,clean,,0.0
CARD:54905475,trap,rate_amendment,,0.0
CARD:54967170,clean,clean,,0.0
CARD:55106772,error,duplicate_invoice,rekeyed,133.76
CARD:55106772,trap,bol_format,spaces,0.0
CARD:55152066,clean,clean,,0.0
CARD:55155815,trap,late_authorization,liftgate,0.0
CARD:55184145,clean,clean,,0.0
CARD:55223824,error,fsc_mismatch,wrong_step,11.88
CARD:55232794,clean,clean,,0.0
CARD:55277459,trap,rounding_noise,fsc,0.0
CARD:55391758,trap,rate_amendment,,0.0
CARD:55396801,clean,clean,,0.0
CARD:55410554,clean,clean,,0.0
CARD:55414626,clean,clean,,0.0
CARD:55516703,trap,bol_format,prefix_hash,0.0
CARD:55571783,trap,bol_format,prefix_dash,0.0
CARD:55571783,trap,rounding_noise,lh+fsc,0.0
CARD:55590236,error,phantom_invoice,,960.63
CARD:55596373,clean,clean,,0.0
CARD:55650583,clean,clean,,0.0
CARD:55777860,clean,clean,,0.0
CARD:55856494,error,fsc_mismatch,wrong_week,2.13
CARD:56098542,clean,clean,,0.0
CARD:56116440,clean,clean,,0.0
CARD:56173182,trap,rate_amendment,,0.0
CARD:56222900,clean,clean,,0.0
CARD:56259038,trap,bol_format,prefix_dash,0.0
CARD:56266165,clean,clean,,0.0
CARD:56289382,clean,clean,,0.0
CARD:56326006,clean,clean,,0.0
CARD:56336466,trap,rate_amendment,,0.0
CARD:56386958,error,fsc_mismatch,wrong_week,7.23
CARD:56406716,trap,rate_amendment,,0.0
CARD:56491308,error,rate_overcharge,sub_tolerance,1.03
CARD:56499758,trap,rounding_noise,lh+fsc,0.0
CARD:56552664,clean,clean,,0.0
CARD:56664251,trap,rate_amendment,,0.0
CARD:56719585,trap,rebill,,0.0
CARD:56786120,trap,late_authorization,residential,0.0
CARD:56851978,clean,clean,,0.0
CARD:56853688,clean,clean,,0.0
CARD:56891880,clean,clean,,0.0
CARD:56921562,clean,clean,,0.0
CARD:56924534,trap,rounding_noise,lh,0.0
CARD:56978588,trap,bol_format,dashes,0.0
CARD:57010898,clean,clean,,0.0
CARD:57070319,clean,clean,,0.0
CARD:57073908,clean,clean,,0.0
CARD:57232099,clean,clean,,0.0
CARD:57443869,error,fsc_mismatch,wrong_step,11.1
CARD:57443869,trap,rate_amendment,,0.0
CARD:57444414,trap,bol_format,prefix_dash,0.0
CARD:57456690,trap,bol_format,lowercase,0.0
CARD:57456690,trap,bol_typo,,0.0
CARD:57510758,clean,clean,,0.0
CARD:57598876,trap,bol_format,zeros_dropped,0.0
CARD:57672921,error,rate_overcharge,sub_tolerance,1.86
CARD:57724229,error,unauthorized_accessorial,liftgate,95.0
CARD:57739698,trap,rounding_noise,fsc,0.0
CARD:57809154,clean,clean,,0.0
CARD:57820071,clean,clean,,0.0
CARD:57826987,trap,bol_format,spaces,0.0
CARD:57919922,error,duplicate_invoice,rekeyed,487.01
CARD:57919922,trap,bol_format,dashes,0.0
CARD:57931376,trap,bol_format,dashes,0.0
CARD:57981752,clean,clean,,0.0
CARD:58017479,error,rate_overcharge,markup,36.1
CARD:58022096,trap,bol_format,lowercase,0.0
CARD:58031916,clean,clean,,0.0
CARD:58034308,trap,rate_amendment,,0.0
CARD:58034308,trap,rounding_noise,lh+fsc,0.0
CARD:58038913,trap,late_authorization,liftgate,0.0
CARD:58052482,clean,clean,,0.0
CARD:58117004,trap,rate_amendment,,0.0
CARD:58140378,clean,clean,,0.0
CARD:58151964,error,fsc_mismatch,wrong_week,8.4
CARD:58151964,trap,rounding_noise,lh+fsc,0.0
CARD:58152866,clean,clean,,0.0
CARD:58206021,clean,clean,,0.0
CARD:58239149,clean,clean,,0.0
CARD:58349202,clean,clean,,0.0
CARD:58430828,error,unauthorized_accessorial,residential,125.0
CARD:58538794,clean,clean,,0.0
CARD:58578200,clean,clean,,0.0
CARD:58630966,clean,clean,,0.0
CARD:58645789,clean,clean,,0.0
CARD:58688198,clean,clean,,0.0
CARD:58820381,clean,clean,,0.0
CARD:58889116,clean,clean,,0.0
CARD:58890425,clean,clean,,0.0
CARD:58935183,trap,rate_amendment,,0.0
CARD:59005101,clean,clean,,0.0
CARD:59044464,error,rate_overcharge,markup,83.84
CARD:59044464,trap,bol_format,lowercase,0.0
CARD:59044464,trap,rounding_noise,lh+fsc,0.0
CARD:59082700,trap,rebill,,0.0
CARD:59095097,clean,clean,,0.0
CARD:59177346,clean,clean,,0.0
CARD:59210717,trap,rounding_noise,fsc,0.0
CARD:59226782,clean,clean,,0.0
CARD:59323328,clean,clean,,0.0
CARD:59356286,trap,bol_format,prefix_dash,0.0
CARD:59381038,trap,bol_format,spaces,0.0
CARD:59389873,error,rate_overcharge,sub_tolerance,0.61
CARD:59409018,clean,clean,,0.0
CARD:59479729,clean,clean,,0.0
CARD:59646325,error,duplicate_invoice,rekeyed,454.53
CARD:59713546,clean,clean,,0.0
CARD:59827919,clean,clean,,0.0
CARD:59967342,error,rate_overcharge,sub_tolerance,2.68
CARD:59967342,trap,rate_amendment,,0.0
CARD:60049005,clean,clean,,0.0
CARD:60066647,clean,clean,,0.0
CARD:60073354,error,rate_overcharge,stale_rate,14.01
CARD:60195901,clean,clean,,0.0
CARD:60307271,clean,clean,,0.0
CARD:60352803,clean,clean,,0.0
CARD:60403512,error,weight_overbilling,inflation,78.76
CARD:60403512,trap,late_authorization,liftgate,0.0
CARD:60403512,trap,rounding_noise,fsc,0.0
CARD:60470878,error,fsc_mismatch,sub_tolerance,0.12
CARD:60470878,trap,late_authorization,liftgate,0.0
CARD:60551850,clean,clean,,0.0
CARD:60649791,trap,bol_format,prefix_hash,0.0
CARD:60733067,clean,clean,,0.0
CARD:60830279,clean,clean,,0.0
CARD:60843106,trap,rounding_noise,lh,0.0
CARD:60866512,clean,clean,,0.0
CARD:60868614,trap,bol_format,spaces,0.0
CARD:60892335,trap,rate_amendment,,0.0
CARD:60903823,clean,clean,,0.0
CARD:60911700,clean,clean,,0.0
CARD:60952866,clean,clean,,0.0
CARD:61008238,clean,clean,,0.0
CARD:61081914,trap,rate_amendment,,0.0
CARD:61082738,clean,clean,,0.0
CARD:61091370,error,unauthorized_accessorial,residential,125.0
CARD:61091370,trap,bol_format,lowercase,0.0
CARD:61091370,trap,late_authorization,liftgate,0.0
CARD:61112678,clean,clean,,0.0
CARD:61115252,trap,bol_format,lowercase,0.0
CARD:61132676,clean,clean,,0.0
CARD:61157808,trap,bol_format,spaces,0.0
CARD:61186518,clean,clean,,0.0
CARD:61463816,clean,clean,,0.0
CARD:61518188,clean,clean,,0.0
CARD:61600715,trap,late_authorization,residential,0.0
CARD:61609714,clean,clean,,0.0
CARD:61634023,error,fsc_mismatch,sub_tolerance,1.08
CARD:61634023,trap,bol_typo,,0.0
CARD:61700505,trap,bol_format,spaces,0.0
CARD:61746248,trap,bol_format,dashes,0.0
CARD:61780581,clean,clean,,0.0
CARD:61799969,clean,clean,,0.0
CARD:61837732,clean,clean,,0.0
CARD:61933039,trap,bol_format,spaces,0.0
CARD:61933039,trap,rate_amendment,,0.0
CARD:62029005,trap,late_authorization,residential,0.0
CARD:62091282,trap,bol_format,spaces,0.0
CARD:62137049,trap,rate_amendment,,0.0
CARD:62182057,clean,clean,,0.0
CARD:62212039,clean,clean,,0.0
CARD:62213944,clean,clean,,0.0
CARD:62245653,clean,clean,,0.0
CARD:62427873,clean,clean,,0.0
CARD:62599572,superseded,superseded,,0.0
CARD:62646990,clean,clean,,0.0
CARD:62665206,clean,clean,,0.0
CARD:62722808,error,fsc_mismatch,sub_tolerance,0.92
CARD:62780818,clean,clean,,0.0
CARD:62786188,trap,bol_format,prefix_hash,0.0
CARD:62786188,trap,rate_amendment,,0.0
CARD:62789910,clean,clean,,0.0
CARD:62821428,clean,clean,,0.0
CARD:62823780,trap,bol_format,lowercase,0.0
CARD:62883968,clean,clean,,0.0
CARD:62924997,trap,bol_format,spaces,0.0
CARD:62924997,trap,rate_amendment,,0.0
CARD:62932407,clean,clean,,0.0
CARD:62987125,trap,bol_format,prefix_hash,0.0
CARD:62987125,trap,rounding_noise,lh,0.0
CARD:63089622,trap,bol_format,lowercase,0.0
CARD:63097063,trap,rate_amendment,,0.0
CARD:63111827,clean,clean,,0.0
CARD:63114554,clean,clean,,0.0
CARD:63136328,clean,clean,,0.0
CARD:63136987,clean,clean,,0.0
CARD:63264417,trap,late_authorization,residential,0.0
CARD:63314674,trap,rate_amendment,,0.0
CARD:63409682,error,rate_overcharge,markup,11.64
CARD:63431297,trap,rate_amendment,,0.0
CARD:63541727,clean,clean,,0.0
CARD:63666926,trap,rounding_noise,lh+fsc,0.0
CARD:63716621,error,fsc_mismatch,wrong_step,2.15
CARD:63737056,clean,clean,,0.0
CARD:63746769,error,phantom_invoice,,742.44
CARD:63872922,clean,clean,,0.0
CARD:64002149,trap,rate_amendment,,0.0
CARD:64139325,clean,clean,,0.0
CARD:64139382,trap,rounding_noise,fsc,0.0
CARD:64163896,clean,clean,,0.0
CARD:64199686,clean,clean,,0.0
CARD:64205242,clean,clean,,0.0
CARD:64206173,clean,clean,,0.0
CARD:64391041,trap,bol_format,lowercase,0.0
CARD:64394083,error,fsc_mismatch,wrong_step,6.88
CARD:64425527,trap,rate_amendment,,0.0
CARD:64572466,clean,clean,,0.0
CARD:64574642,clean,clean,,0.0
CARD:64750147,error,unauthorized_accessorial,residential,125.0
CARD:64750147,trap,rounding_noise,lh+fsc,0.0
CARD:64793154,clean,clean,,0.0
CARD:64883177,clean,clean,,0.0
CARD:64889605,clean,clean,,0.0
CARD:64919024,trap,bol_format,dashes,0.0
CARD:64962526,trap,bol_format,prefix_hash,0.0
CARD:64971082,clean,clean,,0.0
CARD:65010480,clean,clean,,0.0
CARD:65094394,trap,rounding_noise,lh+fsc,0.0
CARD:65101838,clean,clean,,0.0
CARD:65138030,clean,clean,,0.0
CARD:65152495,clean,clean,,0.0
CARD:65171597,trap,rounding_noise,fsc,0.0
CARD:65213613,error,fsc_mismatch,wrong_step,9.44
CARD:65301449,clean,clean,,0.0
CARD:65374169,trap,balance_due,,0.0
CARD:65374169,trap,bol_format,spaces,0.0
CARD:65382341,clean,clean,,0.0
CARD:65413856,clean,clean,,0.0
CARD:65522771,trap,rate_amendment,,0.0
CARD:65554962,clean,clean,,0.0
CARD:65561228,error,fsc_mismatch,wrong_step,7.24
CARD:65581536,clean,clean,,0.0
CARD:65609494,error,rate_overcharge,markup,11.03
CARD:65901319,trap,documented_reweigh,,0.0
CARD:65904509,clean,clean,,0.0
CARD:65932825,trap,bol_format,prefix_hash,0.0
CARD:65932825,trap,rate_amendment,,0.0
CARD:66048189,clean,clean,,0.0
CARD:66059747,clean,clean,,0.0
CARD:66096376,clean,clean,,0.0
CARD:66229064,clean,clean,,0.0
CARD:66266493,trap,rate_amendment,,0.0
CARD:66323481,clean,clean,,0.0
CARD:66341042,trap,documented_reweigh,,0.0
CARD:66341042,trap,rate_amendment,,0.0
CARD:66381678,trap,rate_amendment,,0.0
CARD:66548200,clean,clean,,0.0
CARD:66606662,trap,bol_format,prefix_dash,0.0
CARD:66696442,trap,rounding_noise,fsc,0.0
CARD:66729930,clean,clean,,0.0
CARD:66751316,trap,bol_format,prefix_dash,0.0
CARD:66784658,clean,clean,,0.0
CARD:66839599,clean,clean,,0.0
CARD:66846595,error,unauthorized_accessorial,liftgate,95.0
CARD:66846595,trap,rate_amendment,,0.0
CARD:66905651,error,weight_overbilling,sub_tolerance,55.8
CARD:66991178,error,duplicate_invoice,resend,527.93
CARD:67032788,trap,rounding_noise,lh,0.0
CARD:67051092,clean,clean,,0.0
CARD:67107368,clean,clean,,0.0
CARD:67162107,clean,clean,,0.0
CARD:67216685,clean,clean,,0.0
CARD:67300541,clean,clean,,0.0
CARD:67420492,error,fsc_mismatch,wrong_step,2.75
CARD:67433338,trap,rate_amendment,,0.0
CARD:67444036,trap,bol_format,dashes,0.0
CARD:67444036,trap,rate_amendment,,0.0
CARD:67498309,clean,clean,,0.0
CARD:67511213,clean,clean,,0.0
CARD:67635967,clean,clean,,0.0
CARD:67668193,trap,rate_amendment,,0.0
CARD:67668193,trap,rounding_noise,fsc,0.0
CARD:67681831,trap,documented_reweigh,,0.0
CARD:67681831,trap,late_authorization,liftgate,0.0
CARD:67695535,error,weight_overbilling,inflation,78.23
CARD:67733000,clean,clean,,0.0
CARD:67860900,clean,clean,,0.0
CARD:67913163,clean,clean,,0.0
CARD:67979700,clean,clean,,0.0
CARD:68070718,clean,clean,,0.0
CARD:68086357,trap,bol_format,spaces,0.0
CARD:68120284,clean,clean,,0.0
CARD:68216278,clean,clean,,0.0
CARD:68222667,error,unauthorized_accessorial,liftgate,95.0
CARD:68222667,trap,rounding_noise,lh+fsc,0.0
CARD:68249687,clean,clean,,0.0
CARD:68252457,clean,clean,,0.0
CARD:68272610,clean,clean,,0.0
CARD:68332060,trap,rate_amendment,,0.0
CARD:68365249,trap,documented_reweigh,,0.0
CARD:68398680,clean,clean,,0.0
CARD:68422735,error,duplicate_invoice,rekeyed,581.38
CARD:68427576,trap,rate_amendment,,0.0
CARD:68514869,clean,clean,,0.0
CARD:68605526,clean,clean,,0.0
CARD:68617998,trap,rebill,,0.0
CARD:68642153,clean,clean,,0.0
CARD:68656351,clean,clean,,0.0
CARD:68659052,trap,rate_amendment,,0.0
CARD:68716996,clean,clean,,0.0
CARD:68739198,clean,clean,,0.0
CARD:68748435,trap,balance_due,,0.0
CARD:68840996,clean,clean,,0.0
CARD:68920991,clean,clean,,0.0
CARD:68984160,trap,late_authorization,residential,0.0
CARD:68984160,trap,rate_amendment,,0.0
CARD:69016971,trap,bol_format,spaces,0.0
CARD:69062317,clean,clean,,0.0
CARD:69076444,clean,clean,,0.0
CARD:69308090,error,weight_overbilling,inflation,456.1
CARD:69308090,trap,rounding_noise,lh+fsc,0.0
CARD:69436672,clean,clean,,0.0
CARD:69520074,trap,late_authorization,liftgate,0.0
CARD:69522573,clean,clean,,0.0
CARD:69623400,clean,clean,,0.0
CARD:69663908,trap,rate_amendment,,0.0
CARD:69677149,clean,clean,,0.0
CARD:69698719,clean,clean,,0.0
CARD:69700076,clean,clean,,0.0
CARD:69878743,clean,clean,,0.0
CARD:69879375,error,unauthorized_accessorial,liftgate,95.0
CARD:69881327,error,unauthorized_accessorial,liftgate,95.0
CARD:69881327,trap,late_authorization,residential,0.0
CARD:69927002,trap,rounding_noise,fsc,0.0
CARD:70018269,clean,clean,,0.0
CARD:70024577,clean,clean,,0.0
CARD:70078513,trap,bol_format,dashes,0.0
CARD:70078513,trap,rounding_noise,lh+fsc,0.0
CARD:70084838,superseded,superseded,,0.0
CARD:70097996,trap,rate_amendment,,0.0
CARD:70142042,trap,rounding_noise,lh+fsc,0.0
CARD:70214435,trap,rounding_noise,lh+fsc,0.0
CARD:70263512,clean,clean,,0.0
CARD:70353917,trap,rate_amendment,,0.0
CARD:70372953,clean,clean,,0.0
CARD:70416402,trap,late_authorization,liftgate,0.0
CARD:70452181,trap,bol_format,spaces,0.0
CARD:70481134,clean,clean,,0.0
CARD:70525398,clean,clean,,0.0
CARD:70563837,trap,rounding_noise,fsc,0.0
CARD:70611353,trap,rate_amendment,,0.0
CARD:70611353,trap,rounding_noise,fsc,0.0
CARD:70618671,clean,clean,,0.0
CARD:70647028,trap,rate_amendment,,0.0
CARD:70704772,clean,clean,,0.0
CARD:70737255,superseded,superseded,,0.0
CARD:70752984,trap,documented_reweigh,,0.0
CARD:70752984,trap,rate_amendment,,0.0
CARD:70795668,clean,clean,,0.0
CARD:70975467,clean,clean,,0.0
CARD:71066132,clean,clean,,0.0
CARD:71084871,trap,rate_amendment,,0.0
CARD:71122180,clean,clean,,0.0
CARD:71196528,trap,rate_amendment,,0.0
CARD:71226489,clean,clean,,0.0
CARD:71247129,clean,clean,,0.0
CARD:71259199,trap,rate_amendment,,0.0
CARD:71375729,clean,clean,,0.0
CARD:71430526,trap,bol_format,prefix_dash,0.0
CARD:71454685,trap,rate_amendment,,0.0
CARD:71454685,trap,rounding_noise,lh+fsc,0.0
CARD:71528810,trap,bol_format,spaces,0.0
CARD:71566520,clean,clean,,0.0
CARD:71606867,clean,clean,,0.0
CARD:71688323,clean,clean,,0.0
CARD:71771935,trap,rate_amendment,,0.0
CARD:71823111,clean,clean,,0.0
CARD:71830542,trap,bol_format,dashes,0.0
CARD:71848652,error,rate_overcharge,markup,35.15
CARD:71848652,trap,bol_format,prefix_hash,0.0
CARD:71848652,trap,rounding_noise,fsc,0.0
CARD:71852265,trap,bol_format,dashes,0.0
CARD:71936862,trap,rate_amendment,,0.0
CARD:71936862,trap,rounding_noise,lh,0.0
CARD:71958604,trap,rate_amendment,,0.0
CARD:72021380,clean,clean,,0.0
CARD:72187371,clean,clean,,0.0
CARD:72241083,clean,clean,,0.0
CARD:72261651,trap,bol_format,prefix_dash,0.0
CARD:72294234,trap,balance_due,,0.0
CARD:72294234,trap,bol_format,lowercase,0.0
CARD:72364445,clean,clean,,0.0
CARD:72365744,trap,bol_format,prefix_dash,0.0
CARD:72407223,trap,rate_amendment,,0.0
CARD:72712430,trap,bol_format,dashes,0.0
CARD:72759767,error,unauthorized_accessorial,residential,125.0
CARD:72759767,trap,bol_format,prefix_dash,0.0
CARD:72776726,clean,clean,,0.0
CARD:72780303,clean,clean,,0.0
CARD:72861786,clean,clean,,0.0
CARD:72904982,trap,bol_format,spaces,0.0
CARD:72915721,trap,rounding_noise,fsc,0.0
CARD:72977576,clean,clean,,0.0
CARD:73002531,error,weight_overbilling,inflation,14.33
CARD:73002531,trap,rate_amendment,,0.0
CARD:73002531,trap,rounding_noise,fsc,0.0
CARD:73071867,clean,clean,,0.0
CARD:73081607,clean,clean,,0.0
CARD:73102216,clean,clean,,0.0
CARD:73128911,clean,clean,,0.0
CARD:73149141,clean,clean,,0.0
CARD:73158772,trap,bol_format,dashes,0.0
CARD:73165863,error,weight_overbilling,inflation,197.36
CARD:73165863,trap,bol_format,lowercase,0.0
CARD:73198134,error,rate_overcharge,markup,12.27
CARD:73198134,trap,rounding_noise,lh,0.0
CARD:73229726,clean,clean,,0.0
CARD:73235050,clean,clean,,0.0
CARD:73241537,trap,rate_amendment,,0.0
CARD:73263680,trap,balance_due,,0.0
CARD:73308743,trap,bol_format,lowercase,0.0
CARD:73338788,clean,clean,,0.0
CARD:73341447,clean,clean,,0.0
CARD:73378879,clean,clean,,0.0
CARD:73404942,clean,clean,,0.0
CARD:73426100,clean,clean,,0.0
CARD:73496050,trap,rounding_noise,fsc,0.0
CARD:73561145,clean,clean,,0.0
CARD:73569714,clean,clean,,0.0
CARD:73684730,clean,clean,,0.0
CARD:73745093,clean,clean,,0.0
CARD:73745102,clean,clean,,0.0
CARD:73876422,trap,rounding_noise,fsc,0.0
CARD:73938244,clean,clean,,0.0
CARD:73956945,clean,clean,,0.0
CARD:74001753,trap,bol_format,prefix_dash,0.0
CARD:74042571,clean,clean,,0.0
CARD:74101379,error,weight_overbilling,inflation,108.64
CARD:74101379,trap,late_authorization,residential,0.0
CARD:74289608,trap,bol_format,dashes,0.0
CARD:74396011,clean,clean,,0.0
CARD:74590174,clean,clean,,0.0
CARD:74633518,trap,late_authorization,liftgate,0.0
CARD:74634005,clean,clean,,0.0
CARD:74645261,clean,clean,,0.0
CARD:74724235,clean,clean,,0.0
CARD:74833193,clean,clean,,0.0
CARD:74878793,trap,rounding_noise,lh,0.0
CARD:74935506,clean,clean,,0.0
CARD:74946722,clean,clean,,0.0
CARD:75097453,clean,clean,,0.0
CARD:75113115,clean,clean,,0.0
CARD:75127594,trap,rounding_noise,lh,0.0
CARD:75245134,trap,rounding_noise,fsc,0.0
CARD:75346760,error,rate_overcharge,markup,21.64
CARD:75348367,trap,documented_reweigh,,0.0
CARD:75348732,clean,clean,,0.0
CARD:75427739,error,weight_overbilling,inflation,79.24
CARD:75427739,trap,bol_format,prefix_dash,0.0
CARD:75430031,trap,bol_format,lowercase,0.0
CARD:75449306,error,rate_overcharge,sub_tolerance,41.48
CARD:75449306,trap,late_authorization,residential,0.0
CARD:75661569,clean,clean,,0.0
CARD:75761508,clean,clean,,0.0
CARD:75783115,trap,documented_reweigh,,0.0
CARD:75783115,trap,rate_amendment,,0.0
CARD:75862850,error,weight_overbilling,inflation,54.89
CARD:75931868,trap,rate_amendment,,0.0
CARD:75951244,superseded,superseded,,0.0
CARD:75983319,trap,rate_amendment,,0.0
CARD:76011487,trap,bol_format,prefix_dash,0.0
CARD:76029168,trap,bol_format,dashes,0.0
CARD:76077573,clean,clean,,0.0
CARD:76160469,trap,balance_due,,0.0
CARD:76219721,trap,rounding_noise,lh+fsc,0.0
CARD:76273200,trap,late_authorization,liftgate,0.0
CARD:76287336,clean,clean,,0.0
CARD:76310503,clean,clean,,0.0
CARD:76331739,trap,bol_format,spaces,0.0
CARD:76412441,clean,clean,,0.0
CARD:76426734,trap,rate_amendment,,0.0
CARD:76461079,superseded,superseded,,0.0
CARD:76543352,clean,clean,,0.0
CARD:76631994,trap,late_authorization,residential,0.0
CARD:76635580,error,rate_overcharge,markup,37.36
CARD:76635580,trap,rounding_noise,lh+fsc,0.0
CARD:76648339,trap,rate_amendment,,0.0
CARD:76682111,trap,rounding_noise,lh,0.0
CARD:76813355,trap,rounding_noise,fsc,0.0
CARD:76832451,clean,clean,,0.0
CARD:76875247,clean,clean,,0.0
CARD:76975858,clean,clean,,0.0
CARD:76985413,clean,clean,,0.0
CARD:77017066,error,weight_overbilling,sub_tolerance,5.56
CARD:77023530,trap,bol_format,prefix_hash,0.0
CARD:77034914,error,unauthorized_accessorial,liftgate,95.0
CARD:77034914,trap,bol_format,spaces,0.0
CARD:77073766,clean,clean,,0.0
CARD:77107597,trap,bol_format,lowercase,0.0
CARD:77146033,trap,late_authorization,residential,0.0
CARD:77196333,clean,clean,,0.0
CARD:77285304,trap,bol_format,dashes,0.0
CARD:77285304,trap,rate_amendment,,0.0
CARD:77302121,error,rate_overcharge,markup,70.88
CARD:77381448,clean,clean,,0.0
CARD:77385301,clean,clean,,0.0
CARD:77393405,clean,clean,,0.0
CARD:77440391,clean,clean,,0.0
CARD:77508224,clean,clean,,0.0
CARD:77536352,clean,clean,,0.0
CARD:77585473,clean,clean,,0.0
CARD:77587559,clean,clean,,0.0
CARD:77688470,trap,bol_format,prefix_dash,0.0
CARD:77689640,trap,rounding_noise,fsc,0.0
CARD:77713127,error,rate_overcharge,markup,22.41
CARD:77726018,trap,documented_reweigh,,0.0
CARD:77726018,trap,late_authorization,liftgate,0.0
CARD:77726018,trap,late_authorization,residential,0.0
CARD:77726018,trap,rate_amendment,,0.0
CARD:77864069,trap,bol_format,spaces,0.0
CARD:77950568,clean,clean,,0.0
CARD:77999991,error,unauthorized_accessorial,liftgate,95.0
CARD:78150497,clean,clean,,0.0
CARD:78175877,clean,clean,,0.0
CARD:78203812,trap,rounding_noise,lh,0.0
CARD:78363632,clean,clean,,0.0
CARD:78371572,trap,rate_amendment,,0.0
CARD:78416357,clean,clean,,0.0
CARD:78416752,clean,clean,,0.0
CARD:78498657,clean,clean,,0.0
CARD:78573898,trap,rounding_noise,fsc,0.0
CARD:78598826,trap,late_authorization,residential,0.0
CARD:78598826,trap,rate_amendment,,0.0
CARD:78724716,trap,balance_due,,0.0
CARD:78751910,trap,rate_amendment,,0.0
CARD:78903928,clean,clean,,0.0
CARD:78941787,trap,bol_format,dashes,0.0
CARD:78941787,trap,rate_amendment,,0.0
CARD:79223234,clean,clean,,0.0
CARD:79235332,trap,bol_format,lowercase,0.0
CARD:79298602,trap,late_authorization,liftgate,0.0
CARD:79298602,trap,rate_amendment,,0.0
CARD:79319344,trap,rebill,,0.0
CARD:79325542,error,weight_overbilling,inflation,48.39
CARD:79352008,clean,clean,,0.0
CARD:79465793,error,fsc_mismatch,wrong_step,6.03
CARD:79465793,error,rate_overcharge,markup,35.26
CARD:79465793,trap,bol_format,prefix_dash,0.0
CARD:79505601,clean,clean,,0.0
CARD:79519601,trap,rebill,,0.0
CARD:79688803,clean,clean,,0.0
CARD:79699103,trap,rate_amendment,,0.0
CARD:79712483,trap,bol_format,prefix_hash,0.0
CARD:79712483,trap,rounding_noise,fsc,0.0
CARD:79738242,superseded,superseded,,0.0
CARD:79765444,clean,clean,,0.0
CARD:79771936,trap,bol_format,prefix_dash,0.0
CARD:79827820,trap,bol_format,prefix_hash,0.0
CARD:79827820,trap,rate_amendment,,0.0
CARD:79937665,trap,bol_format,prefix_dash,0.0
CARD:79944524,clean,clean,,0.0
CARD:79967535,clean,clean,,0.0
CARD:80011489,clean,clean,,0.0
CARD:80089090,trap,late_authorization,liftgate,0.0
CARD:80125188,clean,clean,,0.0
CARD:80192197,clean,clean,,0.0
CARD:80203187,clean,clean,,0.0
CARD:80231599,superseded,superseded,,0.0
CARD:80256398,trap,bol_format,dashes,0.0
CARD:80369680,trap,bol_format,prefix_hash,0.0
CARD:80369680,trap,rounding_noise,lh,0.0
CARD:80416113,clean,clean,,0.0
CARD:80463310,clean,clean,,0.0
CARD:80526481,clean,clean,,0.0
CARD:80620964,trap,documented_reweigh,,0.0
CARD:80700920,clean,clean,,0.0
CARD:80711255,trap,bol_format,spaces,0.0
CARD:80711255,trap,documented_reweigh,,0.0
CARD:80712088,trap,rate_amendment,,0.0
CARD:80734327,trap,rate_amendment,,0.0
CARD:80804810,trap,bol_format,prefix_hash,0.0
CARD:80859020,clean,clean,,0.0
CARD:80862014,trap,bol_format,prefix_hash,0.0
CARD:80895717,clean,clean,,0.0
CARD:80967070,trap,rounding_noise,lh+fsc,0.0
CARD:80992359,trap,balance_due,,0.0
CARD:81017346,clean,clean,,0.0
CARD:81026410,clean,clean,,0.0
CARD:81042994,clean,clean,,0.0
CARD:81175556,clean,clean,,0.0
CARD:81338916,trap,rate_amendment,,0.0
CARD:81385112,trap,rate_amendment,,0.0
CARD:81385112,trap,rounding_noise,lh,0.0
CARD:81491154,clean,clean,,0.0
CARD:81493590,trap,rounding_noise,fsc,0.0
CARD:81516535,trap,balance_due,,0.0
CARD:81516535,trap,bol_format,prefix_dash,0.0
CARD:81649376,trap,late_authorization,liftgate,0.0
CARD:81703154,trap,rate_amendment,,0.0
CARD:81709628,trap,rate_amendment,,0.0
CARD:81744949,trap,rate_amendment,,0.0
CARD:81784624,clean,clean,,0.0
CARD:81815890,clean,clean,,0.0
CARD:81841576,trap,rounding_noise,lh+fsc,0.0
CARD:81860542,trap,rate_amendment,,0.0
CARD:81878985,clean,clean,,0.0
CARD:82005849,clean,clean,,0.0
CARD:82020755,clean,clean,,0.0
CARD:82098933,clean,clean,,0.0
CARD:82173942,clean,clean,,0.0
CARD:82177125,clean,clean,,0.0
CARD:82180951,clean,clean,,0.0
CARD:82238706,trap,rebill,,0.0
CARD:82390651,trap,rate_amendment,,0.0
CARD:82450144,clean,clean,,0.0
CARD:82466797,clean,clean,,0.0
CARD:82607787,trap,rebill,,0.0
CARD:82701568,trap,rate_amendment,,0.0
CARD:82753627,clean,clean,,0.0
CARD:82780076,error,weight_overbilling,inflation,246.86
CARD:82806004,error,fsc_mismatch,wrong_step,9.54
CARD:82973600,trap,rounding_noise,lh+fsc,0.0
CARD:83052937,error,rate_overcharge,sub_tolerance,1.24
CARD:83092230,clean,clean,,0.0
CARD:83196852,clean,clean,,0.0
CARD:83328653,superseded,superseded,,0.0
CARD:83344529,trap,bol_format,spaces,0.0
CARD:83380094,clean,clean,,0.0
CARD:83546874,trap,bol_format,lowercase,0.0
CARD:83694375,clean,clean,,0.0
CARD:83699625,clean,clean,,0.0
CARD:83708883,clean,clean,,0.0
CARD:83800196,trap,rate_amendment,,0.0
CARD:83818006,trap,bol_format,prefix_dash,0.0
CARD:83848047,trap,bol_format,lowercase,0.0
CARD:83939089,clean,clean,,0.0
CARD:83939490,clean,clean,,0.0
CARD:83997492,clean,clean,,0.0
CARD:84017129,clean,clean,,0.0
CARD:84018417,trap,rate_amendment,,0.0
CARD:84024555,clean,clean,,0.0
CARD:84131794,clean,clean,,0.0
CARD:84232242,trap,bol_format,prefix_hash,0.0
CARD:84235534,trap,rate_amendment,,0.0
CARD:84241680,trap,bol_format,lowercase,0.0
CARD:84241680,trap,rate_amendment,,0.0
CARD:84371270,trap,rate_amendment,,0.0
CARD:84502744,trap,balance_due,,0.0
CARD:84530938,clean,clean,,0.0
CARD:84538474,clean,clean,,0.0
CARD:84641461,clean,clean,,0.0
CARD:84673957,clean,clean,,0.0
CARD:84820186,clean,clean,,0.0
CARD:84824117,trap,bol_format,dashes,0.0
CARD:84833680,clean,clean,,0.0
CARD:84899567,trap,bol_format,prefix_dash,0.0
CARD:84899567,trap,rate_amendment,,0.0
CARD:84969177,clean,clean,,0.0
CARD:85000290,trap,rate_amendment,,0.0
CARD:85020325,trap,rounding_noise,fsc,0.0
CARD:85204489,trap,rounding_noise,lh+fsc,0.0
CARD:85210206,clean,clean,,0.0
CARD:85242841,clean,clean,,0.0
CARD:85326789,trap,bol_format,prefix_dash,0.0
CARD:85333654,trap,rounding_noise,lh,0.0
CARD:85385154,clean,clean,,0.0
CARD:85408799,clean,clean,,0.0
CARD:85493631,trap,late_authorization,liftgate,0.0
CARD:85529582,error,rate_overcharge,sub_tolerance,1.94
CARD:85529582,trap,rate_amendment,,0.0
CARD:85555362,trap,documented_reweigh,,0.0
CARD:85588354,error,rate_overcharge,markup,12.36
CARD:85622795,trap,rebill,,0.0
CARD:85629517,error,phantom_invoice,,250.75
CARD:85698765,clean,clean,,0.0
CARD:85723395,trap,bol_format,spaces,0.0
CARD:85777077,clean,clean,,0.0
CARD:85790917,clean,clean,,0.0
CARD:85817203,clean,clean,,0.0
CARD:85856360,trap,balance_due,,0.0
CARD:85877727,clean,clean,,0.0
CARD:86215554,clean,clean,,0.0
CARD:86302730,trap,bol_format,dashes,0.0
CARD:86316079,error,rate_overcharge,sub_tolerance,1.75
CARD:86316079,trap,bol_format,prefix_dash,0.0
CARD:86325768,clean,clean,,0.0
CARD:86347647,clean,clean,,0.0
CARD:86440765,trap,bol_format,lowercase,0.0
CARD:86453515,trap,rounding_noise,fsc,0.0
CARD:86483861,trap,bol_format,prefix_dash,0.0
CARD:86550973,error,fsc_mismatch,wrong_step,13.89
CARD:86619592,clean,clean,,0.0
CARD:86655250,trap,rate_amendment,,0.0
CARD:86668634,clean,clean,,0.0
CARD:86708513,clean,clean,,0.0
CARD:86732342,clean,clean,,0.0
CARD:86848054,clean,clean,,0.0
CARD:86866499,clean,clean,,0.0
CARD:86962466,error,rate_overcharge,sub_tolerance,2.76
CARD:86968619,error,duplicate_invoice,resend,172.16
CARD:86968619,trap,bol_format,prefix_hash,0.0
CARD:87005765,error,rate_overcharge,markup,255.59
CARD:87005765,trap,rate_amendment,,0.0
CARD:87005888,error,weight_overbilling,sub_tolerance,5.98
CARD:87110203,clean,clean,,0.0
CARD:87152435,clean,clean,,0.0
CARD:87170391,error,weight_overbilling,inflation,26.03
CARD:87217672,trap,late_authorization,residential,0.0
CARD:87466781,clean,clean,,0.0
CARD:87494155,clean,clean,,0.0
CARD:87538764,trap,rate_amendment,,0.0
CARD:87578734,trap,rounding_noise,lh,0.0
CARD:87587898,trap,rounding_noise,fsc,0.0
CARD:87636850,clean,clean,,0.0
CARD:87715266,error,fsc_mismatch,wrong_step,13.93
CARD:87727001,error,fsc_mismatch,wrong_step,14.62
CARD:87727001,error,unauthorized_accessorial,residential,125.0
CARD:87756318,clean,clean,,0.0
CARD:87759663,trap,rate_amendment,,0.0
CARD:87773711,trap,rounding_noise,lh,0.0
CARD:87807432,clean,clean,,0.0
CARD:87843429,clean,clean,,0.0
CARD:87905164,error,unauthorized_accessorial,residential,125.0
CARD:88013626,error,rate_overcharge,markup,14.38
CARD:88099413,trap,rounding_noise,fsc,0.0
CARD:88163503,trap,rounding_noise,fsc,0.0
CARD:88168855,clean,clean,,0.0
CARD:88173032,clean,clean,,0.0
CARD:88235780,clean,clean,,0.0
CARD:88245806,trap,documented_reweigh,,0.0
CARD:88245806,trap,rounding_noise,lh+fsc,0.0
CARD:88332557,error,rate_overcharge,sub_tolerance,1.58
CARD:88332557,error,unauthorized_accessorial,liftgate,95.0
CARD:88336836,clean,clean,,0.0
CARD:88359548,clean,clean,,0.0
CARD:88452231,clean,clean,,0.0
CARD:88527032,clean,clean,,0.0
CARD:88529790,clean,clean,,0.0
CARD:88576607,clean,clean,,0.0
CARD:88598897,trap,bol_format,dashes,0.0
CARD:88618113,error,unauthorized_accessorial,residential,125.0
CARD:88618113,trap,rounding_noise,lh,0.0
CARD:88668473,clean,clean,,0.0
CARD:88778481,clean,clean,,0.0
CARD:88876774,clean,clean,,0.0
CARD:88970096,trap,late_authorization,liftgate,0.0
CARD:89017864,trap,bol_format,spaces,0.0
CARD:89017864,trap,rate_amendment,,0.0
CARD:89062839,clean,clean,,0.0
CARD:89189557,clean,clean,,0.0
CARD:89226335,clean,clean,,0.0
CARD:89363230,clean,clean,,0.0
CARD:89373723,error,fsc_mismatch,wrong_step,12.25
CARD:89403059,trap,rate_amendment,,0.0
CARD:89430874,trap,bol_format,dashes,0.0
CARD:89433991,trap,rounding_noise,lh+fsc,0.0
CARD:89481504,clean,clean,,0.0
CARD:89560740,trap,balance_due,,0.0
CARD:89566533,trap,rate_amendment,,0.0
CARD:89578084,clean,clean,,0.0
CARD:89585993,clean,clean,,0.0
CARD:89596037,error,duplicate_invoice,rekeyed,866.25
CARD:89810862,clean,clean,,0.0
CARD:89931920,trap,bol_format,spaces,0.0
CARD:89947292,trap,bol_format,prefix_hash,0.0
CARD:89947292,trap,rate_amendment,,0.0
CARD:90060050,trap,rounding_noise,fsc,0.0
CARD:90221672,clean,clean,,0.0
CARD:90228982,clean,clean,,0.0
CARD:90230570,clean,clean,,0.0
CARD:90250545,error,fsc_mismatch,wrong_step,1.98
CARD:90250545,trap,rate_amendment,,0.0
CARD:90266458,clean,clean,,0.0
CARD:90285425,clean,clean,,0.0
CARD:90289876,trap,bol_format,prefix_hash,0.0
CARD:90289876,trap,late_authorization,residential,0.0
CARD:90379265,trap,bol_format,lowercase,0.0
CARD:90379265,trap,rounding_noise,lh+fsc,0.0
CARD:90431534,trap,bol_format,spaces,0.0
CARD:90510029,trap,bol_format,zeros_dropped,0.0
CARD:90510029,trap,rounding_noise,lh,0.0
CARD:90552869,trap,bol_format,prefix_hash,0.0
CARD:90565975,clean,clean,,0.0
CARD:90684536,trap,bol_format,prefix_dash,0.0
CARD:90684536,trap,rate_amendment,,0.0
CARD:90845101,trap,rebill,,0.0
CARD:90848564,trap,rate_amendment,,0.0
CARD:90859362,clean,clean,,0.0
CARD:90892747,error,duplicate_invoice,rekeyed,284.99
CARD:90944648,clean,clean,,0.0
CARD:90998360,clean,clean,,0.0
CARD:91048581,trap,bol_format,spaces,0.0
CARD:91189051,trap,rate_amendment,,0.0
CARD:91245381,trap,rate_amendment,,0.0
CARD:91258634,trap,bol_format,dashes,0.0
CARD:91282190,trap,bol_format,lowercase,0.0
CARD:91301646,clean,clean,,0.0
CARD:91375307,clean,clean,,0.0
CARD:91380946,trap,rate_amendment,,0.0
CARD:91401884,clean,clean,,0.0
CARD:91421260,trap,rate_amendment,,0.0
CARD:91421260,trap,rebill,,0.0
CARD:91444269,trap,rounding_noise,lh+fsc,0.0
CARD:91496825,trap,rebill,,0.0
CARD:91518048,error,weight_overbilling,sub_tolerance,4.43
CARD:91518048,trap,rate_amendment,,0.0
CARD:91556672,clean,clean,,0.0
CARD:91675107,error,rate_overcharge,markup,25.47
CARD:91675107,trap,rate_amendment,,0.0
CARD:91728204,clean,clean,,0.0
CARD:91747888,clean,clean,,0.0
CARD:92054523,clean,clean,,0.0
CARD:92055322,trap,rounding_noise,lh+fsc,0.0
CARD:92253937,error,rate_overcharge,markup,13.78
CARD:92261948,error,phantom_invoice,,989.29
CARD:92345937,trap,bol_format,spaces,0.0
CARD:92345937,trap,documented_reweigh,,0.0
CARD:92348975,trap,rate_amendment,,0.0
CARD:92386896,clean,clean,,0.0
CARD:92443318,clean,clean,,0.0
CARD:92449426,clean,clean,,0.0
CARD:92454680,trap,bol_format,prefix_dash,0.0
CARD:92454680,trap,rate_amendment,,0.0
CARD:92519844,clean,clean,,0.0
CARD:92579435,clean,clean,,0.0
CARD:92646049,clean,clean,,0.0
CARD:92725359,clean,clean,,0.0
CARD:92727461,clean,clean,,0.0
CARD:92859986,error,rate_overcharge,markup,28.03
CARD:92869114,clean,clean,,0.0
CARD:93094795,clean,clean,,0.0
CARD:93125650,trap,late_authorization,residential,0.0
CARD:93131011,clean,clean,,0.0
CARD:93132549,clean,clean,,0.0
CARD:93189967,clean,clean,,0.0
CARD:93226147,clean,clean,,0.0
CARD:93261091,clean,clean,,0.0
CARD:93296420,trap,rounding_noise,lh,0.0
CARD:93500133,trap,bol_format,prefix_dash,0.0
CARD:93500133,trap,bol_typo,,0.0
CARD:93500133,trap,rate_amendment,,0.0
CARD:93635867,clean,clean,,0.0
CARD:93674560,clean,clean,,0.0
CARD:93761486,clean,clean,,0.0
CARD:93774533,clean,clean,,0.0
CARD:93867336,clean,clean,,0.0
CARD:93877173,clean,clean,,0.0
CARD:93896208,error,rate_overcharge,markup,92.81
CARD:93896208,trap,bol_format,lowercase,0.0
CARD:93902609,error,unauthorized_accessorial,liftgate,95.0
CARD:93919799,superseded,superseded,,0.0
CARD:94067018,clean,clean,,0.0
CARD:94115724,clean,clean,,0.0
CARD:94157951,error,duplicate_invoice,rekeyed,332.78
CARD:94170217,clean,clean,,0.0
CARD:94181049,trap,rounding_noise,lh+fsc,0.0
CARD:94199706,clean,clean,,0.0
CARD:94209251,clean,clean,,0.0
CARD:94296988,clean,clean,,0.0
CARD:94318530,trap,bol_format,prefix_hash,0.0
CARD:94318530,trap,rate_amendment,,0.0
CARD:94343976,clean,clean,,0.0
CARD:94429884,clean,clean,,0.0
CARD:94430961,trap,rounding_noise,fsc,0.0
CARD:94451305,clean,clean,,0.0
CARD:94581558,error,weight_overbilling,inflation,33.24
CARD:94581558,trap,bol_format,prefix_hash,0.0
CARD:94609648,clean,clean,,0.0
CARD:94680746,clean,clean,,0.0
CARD:94763356,clean,clean,,0.0
CARD:94766898,clean,clean,,0.0
CARD:94788248,clean,clean,,0.0
CARD:94807567,trap,rate_amendment,,0.0
CARD:94876684,clean,clean,,0.0
CARD:94932410,trap,rate_amendment,,0.0
CARD:94937207,clean,clean,,0.0
CARD:94963740,clean,clean,,0.0
CARD:95098499,clean,clean,,0.0
CARD:95288719,clean,clean,,0.0
CARD:95335629,trap,bol_format,spaces,0.0
CARD:95375834,superseded,superseded,,0.0
CARD:95439432,trap,rate_amendment,,0.0
CARD:95473463,clean,clean,,0.0
CARD:95558133,trap,rounding_noise,fsc,0.0
CARD:95561783,trap,rate_amendment,,0.0
CARD:95697223,error,rate_overcharge,markup,10.77
CARD:95697223,trap,rate_amendment,,0.0
CARD:95751234,clean,clean,,0.0
CARD:95763212,trap,bol_format,dashes,0.0
CARD:95780404,clean,clean,,0.0
CARD:95809288,trap,bol_format,prefix_hash,0.0
CARD:95886762,clean,clean,,0.0
CARD:95904845,trap,rate_amendment,,0.0
CARD:95968574,clean,clean,,0.0
CARD:96018764,clean,clean,,0.0
CARD:96061256,trap,bol_format,spaces,0.0
CARD:96070059,trap,rate_amendment,,0.0
CARD:96077809,trap,bol_format,dashes,0.0
CARD:96125163,trap,bol_format,prefix_dash,0.0
CARD:96172137,trap,documented_reweigh,,0.0
CARD:96221681,clean,clean,,0.0
CARD:96246596,clean,clean,,0.0
CARD:96289732,clean,clean,,0.0
CARD:96400423,clean,clean,,0.0
CARD:96410697,clean,clean,,0.0
CARD:96412692,clean,clean,,0.0
CARD:96524959,trap,late_authorization,residential,0.0
CARD:96632988,clean,clean,,0.0
CARD:96646170,clean,clean,,0.0
CARD:96784078,trap,bol_format,prefix_dash,0.0
CARD:96835544,trap,bol_format,prefix_dash,0.0
CARD:96836545,clean,clean,,0.0
CARD:96841250,clean,clean,,0.0
CARD:96926608,clean,clean,,0.0
CARD:97328194,error,duplicate_invoice,resend,959.18
CARD:97343629,trap,late_authorization,residential,0.0
CARD:97391247,clean,clean,,0.0
CARD:97438223,trap,rate_amendment,,0.0
CARD:97464285,trap,late_authorization,liftgate,0.0
CARD:97572051,clean,clean,,0.0
CARD:97689179,trap,documented_reweigh,,0.0
CARD:97751356,trap,documented_reweigh,,0.0
CARD:97776383,clean,clean,,0.0
CARD:97829191,clean,clean,,0.0
CARD:97843675,clean,clean,,0.0
CARD:97909025,clean,clean,,0.0
CARD:97927813,clean,clean,,0.0
CARD:97983929,clean,clean,,0.0
CARD:98005307,clean,clean,,0.0
CARD:98012527,clean,clean,,0.0
CARD:98023125,clean,clean,,0.0
CARD:98050531,clean,clean,,0.0
CARD:98167146,clean,clean,,0.0
CARD:98243770,trap,balance_due,,0.0
CARD:98243770,trap,bol_format,dashes,0.0
CARD:98278912,trap,rate_amendment,,0.0
CARD:98345638,trap,rate_amendment,,0.0
CARD:98406403,clean,clean,,0.0
CARD:98510209,error,rate_overcharge,markup,36.91
CARD:98510209,trap,bol_format,prefix_dash,0.0
CARD:98510504,trap,rate_amendment,,0.0
CARD:98632912,error,weight_overbilling,inflation,261.64
CARD:98717166,trap,rate_amendment,,0.0
CARD:98843503,clean,clean,,0.0
CARD:99004574,clean,clean,,0.0
CARD:99044417,trap,bol_format,dashes,0.0
CARD:99044417,trap,rate_amendment,,0.0
CARD:99082551,error,fsc_mismatch,sub_tolerance,1.19
CARD:99131554,clean,clean,,0.0
CARD:99142948,trap,late_authorization,liftgate,0.0
CARD:99142948,trap,rate_amendment,,0.0
CARD:99149400,clean,clean,,0.0
CARD:99168166,error,weight_overbilling,sub_tolerance,1.92
CARD:99168166,trap,rate_amendment,,0.0
CARD:99213761,clean,clean,,0.0
CARD:99214382,clean,clean,,0.0
CARD:99268103,error,rate_overcharge,markup,46.76
CARD:99268103,trap,bol_format,prefix_dash,0.0
CARD:99392028,error,rate_overcharge,sub_tolerance,2.22
CARD:99392028,trap,late_authorization,residential,0.0
CARD:99397043,clean,clean,,0.0
CARD:99450961,trap,rate_amendment,,0.0
CARD:99497973,superseded,superseded,,0.0
CARD:99547844,clean,clean,,0.0
CARD:99604115,clean,clean,,0.0
CARD:99619470,clean,clean,,0.0
CARD:99623451,trap,late_authorization,liftgate,0.0
CARD:99640661,trap,rate_amendment,,0.0
CARD:99689593,trap,bol_format,dashes,0.0
CARD:99689593,trap,late_authorization,residential,0.0
CARD:99689593,trap,rounding_noise,fsc,0.0
CARD:99718884,error,fsc_mismatch,wrong_step,13.49
CARD:99827924,clean,clean,,0.0
CARD:99873269,trap,bol_format,spaces,0.0
CARD:99987525,clean,clean,,0.0
CARE:00131827,clean,clean,,0.0
CARE:00258765,clean,clean,,0.0
CARE:00268060,trap,rate_amendment,,0.0
CARE:00294874,clean,clean,,0.0
CARE:00384151,clean,clean,,0.0
CARE:00478712,error,duplicate_invoice,rekeyed,2441.26
CARE:00600663,clean,clean,,0.0
CARE:00621860,trap,balance_due,,0.0
CARE:00666212,clean,clean,,0.0
CARE:00731569,trap,bol_format,lowercase,0.0
CARE:00799835,trap,bol_format,prefix_dash,0.0
CARE:00816897,trap,rate_amendment,,0.0
CARE:01215991,clean,clean,,0.0
CARE:01218819,trap,bol_format,prefix_hash,0.0
CARE:01218819,trap,rounding_noise,lh,0.0
CARE:01237105,clean,clean,,0.0
CARE:01365075,error,weight_overbilling,inflation,107.87
CARE:01365075,trap,rounding_noise,fsc,0.0
CARE:01406838,clean,clean,,0.0
CARE:01513358,clean,clean,,0.0
CARE:01527712,clean,clean,,0.0
CARE:01607519,clean,clean,,0.0
CARE:01665586,trap,bol_format,prefix_dash,0.0
CARE:01668760,error,weight_overbilling,inflation,234.1
CARE:01668760,trap,rounding_noise,lh,0.0
CARE:01733059,clean,clean,,0.0
CARE:01735493,error,unauthorized_accessorial,residential,125.0
CARE:01839079,trap,rate_amendment,,0.0
CARE:01898611,clean,clean,,0.0
CARE:01904754,clean,clean,,0.0
CARE:01907209,clean,clean,,0.0
CARE:01953426,clean,clean,,0.0
CARE:01986807,clean,clean,,0.0
CARE:02053827,clean,clean,,0.0
CARE:02192362,clean,clean,,0.0
CARE:02198610,clean,clean,,0.0
CARE:02208882,clean,clean,,0.0
CARE:02233822,trap,rate_amendment,,0.0
CARE:02287216,clean,clean,,0.0
CARE:02343375,trap,bol_format,dashes,0.0
CARE:02461065,trap,bol_format,prefix_dash,0.0
CARE:02461065,trap,rate_amendment,,0.0
CARE:02523051,clean,clean,,0.0
CARE:02654144,clean,clean,,0.0
CARE:02727229,trap,bol_format,lowercase,0.0
CARE:02783373,clean,clean,,0.0
CARE:02793506,clean,clean,,0.0
CARE:02843412,trap,rounding_noise,lh,0.0
CARE:02970052,clean,clean,,0.0
CARE:03045515,trap,rate_amendment,,0.0
CARE:03085769,superseded,superseded,,0.0
CARE:03094973,error,rate_overcharge,markup,91.33
CARE:03140311,clean,clean,,0.0
CARE:03170802,trap,rate_amendment,,0.0
CARE:03226491,error,weight_overbilling,inflation,71.18
CARE:03226491,trap,bol_format,lowercase,0.0
CARE:03260516,trap,rebill,,0.0
CARE:03381454,trap,rate_amendment,,0.0
CARE:03414351,trap,rounding_noise,fsc,0.0
CARE:03546863,clean,clean,,0.0
CARE:03602015,trap,late_authorization,liftgate,0.0
CARE:03668877,trap,rate_amendment,,0.0
CARE:03682820,clean,clean,,0.0
CARE:03709289,clean,clean,,0.0
CARE:03729694,clean,clean,,0.0
CARE:03739427,clean,clean,,0.0
CARE:03794626,error,rate_overcharge,markup,24.3
CARE:03794626,trap,rate_amendment,,0.0
CARE:03963712,error,weight_overbilling,inflation,13.84
CARE:03995967,trap,rounding_noise,lh,0.0
CARE:04025140,error,duplicate_invoice,resend,1527.4
CARE:04220951,clean,clean,,0.0
CARE:04262338,trap,rate_amendment,,0.0
CARE:04368317,clean,clean,,0.0
CARE:04389680,error,weight_overbilling,inflation,15.8
CARE:04389680,trap,bol_format,spaces,0.0
CARE:04494008,trap,bol_format,lowercase,0.0
CARE:04494008,trap,rate_amendment,,0.0
CARE:04494208,clean,clean,,0.0
CARE:04539619,trap,rate_amendment,,0.0
CARE:04570092,clean,clean,,0.0
CARE:04678751,trap,rate_amendment,,0.0
CARE:04767975,trap,bol_format,dashes,0.0
CARE:04771631,error,fsc_mismatch,wrong_step,4.44
CARE:04833773,clean,clean,,0.0
CARE:04849698,clean,clean,,0.0
CARE:04959080,clean,clean,,0.0
CARE:05116772,trap,rounding_noise,lh,0.0
CARE:05144782,clean,clean,,0.0
CARE:05178080,trap,rounding_noise,lh,0.0
CARE:05204432,clean,clean,,0.0
CARE:05290286,clean,clean,,0.0
CARE:05292963,clean,clean,,0.0
CARE:05385561,trap,bol_format,prefix_dash,0.0
CARE:05480918,clean,clean,,0.0
CARE:05483692,trap,rate_amendment,,0.0
CARE:05532541,trap,rounding_noise,lh+fsc,0.0
CARE:05548359,clean,clean,,0.0
CARE:05562722,error,rate_overcharge,markup,32.26
CARE:05606723,trap,bol_format,spaces,0.0
CARE:05680708,error,unauthorized_accessorial,liftgate,95.0
CARE:05712446,trap,rounding_noise,fsc,0.0
CARE:05733314,clean,clean,,0.0
CARE:05744880,trap,rate_amendment,,0.0
CARE:05746739,clean,clean,,0.0
CARE:05772298,trap,bol_format,dashes,0.0
CARE:05826253,trap,rate_amendment,,0.0
CARE:05835631,trap,rate_amendment,,0.0
CARE:05884165,clean,clean,,0.0
CARE:06008744,clean,clean,,0.0
CARE:06050994,trap,rate_amendment,,0.0
CARE:06057967,clean,clean,,0.0
CARE:06224547,clean,clean,,0.0
CARE:06268045,clean,clean,,0.0
CARE:06302939,trap,rate_amendment,,0.0
CARE:06484721,trap,bol_format,spaces,0.0
CARE:06484721,trap,rate_amendment,,0.0
CARE:06486826,trap,rate_amendment,,0.0
CARE:06554355,clean,clean,,0.0
CARE:06575788,trap,rounding_noise,lh,0.0
CARE:06682417,error,duplicate_invoice,rekeyed,135.9
CARE:06699801,trap,documented_reweigh,,0.0
CARE:06818789,clean,clean,,0.0
CARE:06877835,clean,clean,,0.0
CARE:06909956,clean,clean,,0.0
CARE:06953137,superseded,superseded,,0.0
CARE:06964141,error,fsc_mismatch,wrong_step,11.74
CARE:07177717,trap,rounding_noise,lh+fsc,0.0
CARE:07190707,trap,bol_format,prefix_dash,0.0
CARE:07227403,clean,clean,,0.0
CARE:07244979,clean,clean,,0.0
CARE:07256879,clean,clean,,0.0
CARE:07311401,clean,clean,,0.0
CARE:07341798,error,rate_overcharge,sub_tolerance,1.39
CARE:07341798,trap,bol_format,spaces,0.0
CARE:07345295,clean,clean,,0.0
CARE:07349260,trap,rate_amendment,,0.0
CARE:07412367,error,unauthorized_accessorial,liftgate,95.0
CARE:07412367,trap,rate_amendment,,0.0
CARE:07415945,clean,clean,,0.0
CARE:07484211,trap,rate_amendment,,0.0
CARE:07549509,clean,clean,,0.0
CARE:07587909,trap,rate_amendment,,0.0
CARE:07700115,clean,clean,,0.0
CARE:07783372,error,rate_overcharge,markup,53.73
CARE:07783372,error,unauthorized_accessorial,residential,125.0
CARE:07783372,trap,rate_amendment,,0.0
CARE:07783372,trap,rounding_noise,lh,0.0
CARE:07885666,trap,rounding_noise,lh,0.0
CARE:07909463,trap,rounding_noise,lh,0.0
CARE:07958301,clean,clean,,0.0
CARE:08015511,trap,bol_format,prefix_hash,0.0
CARE:08015511,trap,rounding_noise,lh,0.0
CARE:08185508,error,unauthorized_accessorial,liftgate,95.0
CARE:08362071,clean,clean,,0.0
CARE:08434562,clean,clean,,0.0
CARE:08591607,clean,clean,,0.0
CARE:08646063,trap,balance_due,,0.0
CARE:08775850,trap,rounding_noise,fsc,0.0
CARE:08781734,trap,rate_amendment,,0.0
CARE:08815098,error,rate_overcharge,markup,32.99
CARE:08815098,trap,bol_format,dashes,0.0
CARE:08928915,error,weight_overbilling,inflation,33.68
CARE:08984699,clean,clean,,0.0
CARE:09053672,clean,clean,,0.0
CARE:09110947,clean,clean,,0.0
CARE:09129558,clean,clean,,0.0
CARE:09129682,trap,rate_amendment,,0.0
CARE:09273198,clean,clean,,0.0
CARE:09275223,error,rate_overcharge,markup,135.33
CARE:09544087,trap,late_authorization,liftgate,0.0
CARE:09609179,trap,rate_amendment,,0.0
CARE:09630589,clean,clean,,0.0
CARE:09697421,trap,rate_amendment,,0.0
CARE:09725273,clean,clean,,0.0
CARE:09756543,clean,clean,,0.0
CARE:09971472,clean,clean,,0.0
CARE:10000254,trap,bol_format,prefix_hash,0.0
CARE:10068387,clean,clean,,0.0
CARE:10075789,clean,clean,,0.0
CARE:10077340,clean,clean,,0.0
CARE:10125121,trap,late_authorization,liftgate,0.0
CARE:10207747,error,fsc_mismatch,wrong_week,0.99
CARE:10259396,trap,rate_amendment,,0.0
CARE:10285574,trap,bol_format,lowercase,0.0
CARE:10437731,clean,clean,,0.0
CARE:10448483,trap,rebill,,0.0
CARE:10464976,trap,bol_format,spaces,0.0
CARE:10484204,trap,balance_due,,0.0
CARE:10512682,trap,bol_format,spaces,0.0
CARE:10512682,trap,late_authorization,liftgate,0.0
CARE:10693149,clean,clean,,0.0
CARE:10819849,trap,rounding_noise,lh,0.0
CARE:10849861,trap,rate_amendment,,0.0
CARE:10867749,clean,clean,,0.0
CARE:10869876,clean,clean,,0.0
CARE:10891136,clean,clean,,0.0
CARE:10897719,trap,bol_format,dashes,0.0
CARE:10897719,trap,rate_amendment,,0.0
CARE:10976821,trap,bol_format,spaces,0.0
CARE:11008194,clean,clean,,0.0
CARE:11022510,clean,clean,,0.0
CARE:11038100,error,duplicate_invoice,resend,1067.04
CARE:11083126,clean,clean,,0.0
CARE:11101265,clean,clean,,0.0
CARE:11167001,trap,rate_amendment,,0.0
CARE:11187518,trap,bol_format,lowercase,0.0
CARE:11615361,clean,clean,,0.0
CARE:11630154,trap,bol_format,spaces,0.0
CARE:11726019,trap,late_authorization,residential,0.0
CARE:11726019,trap,rounding_noise,lh+fsc,0.0
CARE:11762584,error,weight_overbilling,inflation,222.58
CARE:11762584,trap,rate_amendment,,0.0
CARE:11815773,clean,clean,,0.0
CARE:11867397,clean,clean,,0.0
CARE:12015364,trap,bol_format,prefix_dash,0.0
CARE:12029757,trap,rounding_noise,lh,0.0
CARE:12083341,trap,rate_amendment,,0.0
CARE:12152802,trap,rate_amendment,,0.0
CARE:12178971,clean,clean,,0.0
CARE:12345450,clean,clean,,0.0
CARE:12347209,clean,clean,,0.0
CARE:12446533,trap,late_authorization,liftgate,0.0
CARE:12446533,trap,rounding_noise,lh+fsc,0.0
CARE:12521440,trap,bol_format,prefix_dash,0.0
CARE:12591051,error,weight_overbilling,inflation,29.2
CARE:12615337,trap,bol_format,dashes,0.0
CARE:12615337,trap,rounding_noise,lh,0.0
CARE:12756338,error,duplicate_invoice,resend,1181.36
CARE:12756338,trap,bol_format,prefix_dash,0.0
CARE:12904423,clean,clean,,0.0
CARE:12927133,clean,clean,,0.0
CARE:12999871,clean,clean,,0.0
CARE:13021862,clean,clean,,0.0
CARE:13159300,clean,clean,,0.0
CARE:13278008,clean,clean,,0.0
CARE:13286494,trap,rounding_noise,fsc,0.0
CARE:13355785,trap,late_authorization,liftgate,0.0
CARE:13358257,clean,clean,,0.0
CARE:13386477,error,unauthorized_accessorial,residential,125.0
CARE:13386477,trap,late_authorization,liftgate,0.0
CARE:13386477,trap,rate_amendment,,0.0
CARE:13531921,trap,bol_format,spaces,0.0
CARE:13531921,trap,rate_amendment,,0.0
CARE:13557935,trap,bol_format,zeros_dropped,0.0
CARE:13574197,clean,clean,,0.0
CARE:13577357,trap,documented_reweigh,,0.0
CARE:13619089,clean,clean,,0.0
CARE:13740006,clean,clean,,0.0
CARE:13759078,error,duplicate_invoice,resend,606.24
CARE:13760333,trap,bol_format,spaces,0.0
CARE:13796623,clean,clean,,0.0
CARE:13926567,trap,bol_format,dashes,0.0
CARE:13983908,clean,clean,,0.0
CARE:14237555,trap,bol_format,lowercase,0.0
CARE:14284955,trap,rate_amendment,,0.0
CARE:14312684,trap,rate_amendment,,0.0
CARE:14475823,trap,documented_reweigh,,0.0
CARE:14475823,trap,rounding_noise,fsc,0.0
CARE:14567737,clean,clean,,0.0
CARE:14634842,trap,bol_format,prefix_dash,0.0
CARE:14634842,trap,rounding_noise,fsc,0.0
CARE:14636375,trap,balance_due,,0.0
CARE:14648443,trap,rate_amendment,,0.0
CARE:14708040,trap,late_authorization,residential,0.0
CARE:14708040,trap,rate_amendment,,0.0
CARE:14874514,clean,clean,,0.0
CARE:14949148,trap,rounding_noise,lh+fsc,0.0
CARE:14997232,clean,clean,,0.0
CARE:15037318,clean,clean,,0.0
CARE:15082913,error,weight_overbilling,inflation,180.88
CARE:15248185,clean,clean,,0.0
CARE:15343010,clean,clean,,0.0
CARE:15504853,clean,clean,,0.0
CARE:15580294,clean,clean,,0.0
CARE:15587860,error,fsc_mismatch,wrong_step,1.54
CARE:15587860,trap,rounding_noise,lh+fsc,0.0
CARE:15682387,trap,rounding_noise,lh+fsc,0.0
CARE:15734083,trap,rate_amendment,,0.0
CARE:15815300,error,weight_overbilling,inflation,171.59
CARE:15815300,trap,late_authorization,liftgate,0.0
CARE:15829513,clean,clean,,0.0
CARE:15857445,clean,clean,,0.0
CARE:15947947,clean,clean,,0.0
CARE:15958732,superseded,superseded,,0.0
CARE:15959797,clean,clean,,0.0
CARE:15963559,trap,documented_reweigh,,0.0
CARE:15989653,clean,clean,,0.0
CARE:16033756,clean,clean,,0.0
CARE:16048359,clean,clean,,0.0
CARE:16100264,trap,rounding_noise,lh+fsc,0.0
CARE:16116420,trap,bol_format,prefix_dash,0.0
CARE:16140304,error,duplicate_invoice,resend,547.14
CARE:16140304,trap,bol_format,spaces,0.0
CARE:16269807,trap,late_authorization,residential,0.0
CARE:16555412,trap,late_authorization,residential,0.0
CARE:16632930,clean,clean,,0.0
CARE:16664552,trap,bol_format,lowercase,0.0
CARE:16728271,trap,rate_amendment,,0.0
CARE:16789175,clean,clean,,0.0
CARE:16883844,trap,bol_format,prefix_hash,0.0
CARE:16919393,error,duplicate_invoice,rekeyed,202.39
CARE:16919393,trap,bol_format,prefix_dash,0.0
CARE:16960796,trap,rebill,,0.0
CARE:16968798,clean,clean,,0.0
CARE:16971878,clean,clean,,0.0
CARE:16993985,clean,clean,,0.0
CARE:17130737,clean,clean,,0.0
CARE:17160322,clean,clean,,0.0
CARE:17292271,trap,rate_amendment,,0.0
CARE:17292271,trap,rounding_noise,fsc,0.0
CARE:17305892,trap,bol_format,prefix_hash,0.0
CARE:17596408,clean,clean,,0.0
CARE:17672226,clean,clean,,0.0
CARE:17741808,trap,rate_amendment,,0.0
CARE:17773173,trap,rounding_noise,fsc,0.0
CARE:17853683,clean,clean,,0.0
CARE:17920061,trap,rate_amendment,,0.0
CARE:17924357,clean,clean,,0.0
CARE:18003655,trap,late_authorization,liftgate,0.0
CARE:18022063,trap,rounding_noise,lh+fsc,0.0
CARE:18122941,clean,clean,,0.0
CARE:18165125,clean,clean,,0.0
CARE:18272881,clean,clean,,0.0
CARE:18280058,trap,late_authorization,liftgate,0.0
CARE:18280058,trap,rate_amendment,,0.0
CARE:18334960,clean,clean,,0.0
CARE:18391968,trap,rounding_noise,fsc,0.0
CARE:18414943,trap,bol_format,lowercase,0.0
CARE:18584976,clean,clean,,0.0
CARE:18669240,trap,rate_amendment,,0.0
CARE:18672005,clean,clean,,0.0
CARE:18672987,superseded,superseded,,0.0
CARE:18728726,trap,bol_format,prefix_hash,0.0
CARE:18741954,clean,clean,,0.0
CARE:18765630,clean,clean,,0.0
CARE:18772041,trap,rounding_noise,fsc,0.0
CARE:18778448,trap,bol_format,dashes,0.0
CARE:18807201,trap,rounding_noise,lh+fsc,0.0
CARE:18826756,clean,clean,,0.0
CARE:18985767,trap,rate_amendment,,0.0
CARE:19024026,trap,bol_format,dashes,0.0
CARE:19067711,trap,rate_amendment,,0.0
CARE:19291492,clean,clean,,0.0
CARE:19328517,clean,clean,,0.0
CARE:19373439,trap,rate_amendment,,0.0
CARE:19373439,trap,rounding_noise,lh,0.0
CARE:19397877,error,rate_overcharge,sub_tolerance,5.08
CARE:19418971,trap,bol_format,lowercase,0.0
CARE:19418971,trap,rounding_noise,lh,0.0
CARE:19504323,clean,clean,,0.0
CARE:19505471,clean,clean,,0.0
CARE:19587800,trap,rounding_noise,lh+fsc,0.0
CARE:19647685,clean,clean,,0.0
CARE:19679320,trap,rate_amendment,,0.0
CARE:19683346,trap,bol_format,lowercase,0.0
CARE:19729089,trap,bol_format,lowercase,0.0
CARE:19855568,clean,clean,,0.0
CARE:19858449,clean,clean,,0.0
CARE:20137262,error,duplicate_invoice,resend,575.65
CARE:20144006,clean,clean,,0.0
CARE:20166020,error,rate_overcharge,sub_tolerance,3.42
CARE:20166020,error,unauthorized_accessorial,residential,125.0
CARE:20178876,trap,rate_amendment,,0.0
CARE:20230250,trap,bol_format,lowercase,0.0
CARE:20230250,trap,rounding_noise,lh+fsc,0.0
CARE:20271346,clean,clean,,0.0
CARE:20388322,clean,clean,,0.0
CARE:20445811,clean,clean,,0.0
CARE:20475253,trap,late_authorization,liftgate,0.0
CARE:20553048,clean,clean,,0.0
CARE:20707165,error,rate_overcharge,sub_tolerance,7.97
CARE:20707165,trap,rate_amendment,,0.0
CARE:20761396,trap,bol_format,spaces,0.0
CARE:20940858,clean,clean,,0.0
CARE:20993095,clean,clean,,0.0
CARE:21028029,clean,clean,,0.0
CARE:21052370,clean,clean,,0.0
CARE:21065634,trap,rate_amendment,,0.0
CARE:21150832,clean,clean,,0.0
CARE:21218923,clean,clean,,0.0
CARE:21241763,error,duplicate_invoice,resend,742.73
CARE:21241763,trap,bol_format,prefix_hash,0.0
CARE:21320896,trap,bol_format,prefix_hash,0.0
CARE:21353932,clean,clean,,0.0
CARE:21374480,clean,clean,,0.0
CARE:21756658,trap,rounding_noise,lh+fsc,0.0
CARE:21774279,trap,rate_amendment,,0.0
CARE:21780790,error,unauthorized_accessorial,residential,125.0
CARE:21780790,trap,bol_format,lowercase,0.0
CARE:21780790,trap,rate_amendment,,0.0
CARE:21780790,trap,rounding_noise,lh+fsc,0.0
CARE:21828509,trap,documented_reweigh,,0.0
CARE:21898822,trap,rate_amendment,,0.0
CARE:21930338,trap,rounding_noise,lh,0.0
CARE:21931412,clean,clean,,0.0
CARE:21979990,clean,clean,,0.0
CARE:22144929,clean,clean,,0.0
CARE:22293438,clean,clean,,0.0
CARE:22365578,trap,late_authorization,residential,0.0
CARE:22559742,clean,clean,,0.0
CARE:22630935,clean,clean,,0.0
CARE:22693435,clean,clean,,0.0
CARE:22860057,trap,bol_format,prefix_hash,0.0
CARE:22904836,clean,clean,,0.0
CARE:23142514,trap,bol_format,prefix_hash,0.0
CARE:23178819,error,rate_overcharge,markup,54.01
CARE:23197117,trap,rate_amendment,,0.0
CARE:23201362,trap,bol_format,lowercase,0.0
CARE:23210260,trap,documented_reweigh,,0.0
CARE:23210260,trap,rate_amendment,,0.0
CARE:23210260,trap,rounding_noise,fsc,0.0
CARE:23249166,clean,clean,,0.0
CARE:23294721,trap,rounding_noise,lh+fsc,0.0
CARE:23384458,clean,clean,,0.0
CARE:23460238,clean,clean,,0.0
CARE:23464982,clean,clean,,0.0
CARE:23517322,clean,clean,,0.0
CARE:23624565,trap,rate_amendment,,0.0
CARE:23630294,clean,clean,,0.0
CARE:23643119,clean,clean,,0.0
CARE:23646529,clean,clean,,0.0
CARE:23710698,trap,bol_format,prefix_dash,0.0
CARE:23795556,trap,bol_format,prefix_dash,0.0
CARE:23907769,error,rate_overcharge,markup,43.16
CARE:24010314,clean,clean,,0.0
CARE:24052919,trap,bol_format,prefix_hash,0.0
CARE:24105581,trap,late_authorization,liftgate,0.0
CARE:24235686,trap,bol_format,lowercase,0.0
CARE:24235686,trap,rate_amendment,,0.0
CARE:24389970,error,unauthorized_accessorial,residential,125.0
CARE:24434057,clean,clean,,0.0
CARE:24511677,trap,bol_format,lowercase,0.0
CARE:24617310,clean,clean,,0.0
CARE:24623648,trap,bol_format,dashes,0.0
CARE:24623648,trap,rate_amendment,,0.0
CARE:24634920,clean,clean,,0.0
CARE:24820937,clean,clean,,0.0
CARE:24888338,trap,bol_format,spaces,0.0
CARE:24922589,trap,rate_amendment,,0.0
CARE:24926483,clean,clean,,0.0
CARE:24952576,trap,rounding_noise,fsc,0.0
CARE:24981558,clean,clean,,0.0
CARE:25102209,trap,rate_amendment,,0.0
CARE:25102227,trap,rounding_noise,fsc,0.0
CARE:25307656,trap,bol_format,prefix_dash,0.0
CARE:25432920,clean,clean,,0.0
CARE:25500102,clean,clean,,0.0
CARE:25644371,clean,clean,,0.0
CARE:25682263,trap,bol_format,prefix_hash,0.0
CARE:25742728,clean,clean,,0.0
CARE:25763379,clean,clean,,0.0
CARE:25905811,trap,late_authorization,residential,0.0
CARE:25909510,clean,clean,,0.0
CARE:25919831,clean,clean,,0.0
CARE:25925715,trap,rounding_noise,fsc,0.0
CARE:26019901,clean,clean,,0.0
CARE:26056641,trap,rounding_noise,lh+fsc,0.0
CARE:26127949,trap,balance_due,,0.0
CARE:26145722,trap,rate_amendment,,0.0
CARE:26175272,trap,bol_format,prefix_hash,0.0
CARE:26175272,trap,rebill,,0.0
CARE:26349893,clean,clean,,0.0
CARE:26579106,trap,bol_format,dashes,0.0
CARE:26659281,clean,clean,,0.0
CARE:26699298,trap,rate_amendment,,0.0
CARE:26726584,clean,clean,,0.0
CARE:26932677,clean,clean,,0.0
CARE:27039844,trap,rate_amendment,,0.0
CARE:27057935,clean,clean,,0.0
CARE:27084400,clean,clean,,0.0
CARE:27093071,error,rate_overcharge,sub_tolerance,0.49
CARE:27185749,clean,clean,,0.0
CARE:27197477,trap,documented_reweigh,,0.0
CARE:27202329,clean,clean,,0.0
CARE:27224546,trap,documented_reweigh,,0.0
CARE:27257773,clean,clean,,0.0
CARE:27430055,trap,rate_amendment,,0.0
CARE:27533812,clean,clean,,0.0
CARE:27538778,clean,clean,,0.0
CARE:27573561,clean,clean,,0.0
CARE:27577915,trap,rate_amendment,,0.0
CARE:27582288,clean,clean,,0.0
CARE:27619888,trap,bol_format,prefix_hash,0.0
CARE:27657028,clean,clean,,0.0
CARE:27664597,trap,bol_format,prefix_dash,0.0
CARE:27738302,clean,clean,,0.0
CARE:27741176,clean,clean,,0.0
CARE:27819738,error,weight_overbilling,inflation,110.55
CARE:28005559,clean,clean,,0.0
CARE:28201070,trap,bol_format,prefix_hash,0.0
CARE:28201070,trap,late_authorization,liftgate,0.0
CARE:28245070,clean,clean,,0.0
CARE:28337442,error,fsc_mismatch,wrong_step,17.82
CARE:28380889,error,unauthorized_accessorial,residential,125.0
CARE:28416508,clean,clean,,0.0
CARE:28440514,trap,bol_format,prefix_hash,0.0
CARE:28528810,clean,clean,,0.0
CARE:28615660,superseded,superseded,,0.0
CARE:28637731,error,rate_overcharge,markup,43.45
CARE:28637731,trap,rate_amendment,,0.0
CARE:28663915,clean,clean,,0.0
CARE:28675342,trap,rounding_noise,lh+fsc,0.0
CARE:28759139,trap,rate_amendment,,0.0
CARE:28777408,trap,rounding_noise,lh,0.0
CARE:28852068,clean,clean,,0.0
CARE:28872191,clean,clean,,0.0
CARE:28937008,clean,clean,,0.0
CARE:29003955,trap,rounding_noise,lh,0.0
CARE:29044673,clean,clean,,0.0
CARE:29051164,trap,rate_amendment,,0.0
CARE:29129446,trap,late_authorization,liftgate,0.0
CARE:29152839,trap,rounding_noise,fsc,0.0
CARE:29179106,clean,clean,,0.0
CARE:29207805,trap,bol_format,lowercase,0.0
CARE:29270869,error,weight_overbilling,sub_tolerance,2.25
CARE:29326869,clean,clean,,0.0
CARE:29338675,trap,documented_reweigh,,0.0
CARE:29354376,clean,clean,,0.0
CARE:29502754,trap,bol_format,lowercase,0.0
CARE:29502754,trap,rate_amendment,,0.0
CARE:29616229,trap,bol_format,prefix_dash,0.0
CARE:29646200,error,weight_overbilling,inflation,347.89
CARE:29660037,trap,bol_format,prefix_dash,0.0
CARE:29660037,trap,rebill,,0.0
CARE:29802653,clean,clean,,0.0
CARE:29823634,trap,rounding_noise,lh,0.0
CARE:29838995,error,rate_overcharge,markup,27.73
CARE:29838995,trap,rounding_noise,lh+fsc,0.0
CARE:29898112,trap,rate_amendment,,0.0
CARE:29936524,clean,clean,,0.0
CARE:30073839,trap,late_authorization,liftgate,0.0
CARE:30073839,trap,rate_amendment,,0.0
CARE:30092822,trap,rebill,,0.0
CARE:30253223,trap,rate_amendment,,0.0
CARE:30282724,trap,bol_format,prefix_hash,0.0
CARE:30293791,clean,clean,,0.0
CARE:30333421,trap,balance_due,,0.0
CARE:30415927,error,fsc_mismatch,wrong_step,9.29
CARE:30431464,trap,rate_amendment,,0.0
CARE:30550708,clean,clean,,0.0
CARE:30664552,trap,bol_format,spaces,0.0
CARE:30725286,clean,clean,,0.0
CARE:30740494,clean,clean,,0.0
CARE:30792874,clean,clean,,0.0
CARE:30840348,clean,clean,,0.0
CARE:30885854,trap,rate_amendment,,0.0
CARE:30911752,clean,clean,,0.0
CARE:31004092,clean,clean,,0.0
CARE:31037657,trap,rounding_noise,fsc,0.0
CARE:31073091,clean,clean,,0.0
CARE:31167389,error,unauthorized_accessorial,residential,125.0
CARE:31167389,trap,bol_format,spaces,0.0
CARE:31167389,trap,late_authorization,liftgate,0.0
CARE:31200199,clean,clean,,0.0
CARE:31247835,trap,rate_amendment,,0.0
CARE:31325269,trap,bol_format,dashes,0.0
CARE:31361188,clean,clean,,0.0
CARE:31432491,trap,bol_format,prefix_dash,0.0
CARE:31538641,clean,clean,,0.0
CARE:31538751,clean,clean,,0.0
CARE:31554448,trap,rate_amendment,,0.0
CARE:31622413,trap,bol_format,spaces,0.0
CARE:31681419,clean,clean,,0.0
CARE:31874296,clean,clean,,0.0
CARE:31901127,clean,clean,,0.0
CARE:31929719,clean,clean,,0.0
CARE:32044310,clean,clean,,0.0
CARE:32179088,trap,rate_amendment,,0.0
CARE:32433145,trap,bol_format,lowercase,0.0
CARE:32710188,clean,clean,,0.0
CARE:32767256,trap,rate_amendment,,0.0
CARE:32831012,trap,rounding_noise,lh,0.0
CARE:32966217,clean,clean,,0.0
CARE:33013282,clean,clean,,0.0
CARE:33205281,trap,balance_due,,0.0
CARE:33558664,clean,clean,,0.0
CARE:33826119,error,fsc_mismatch,sub_tolerance,1.04
CARE:33826119,trap,rounding_noise,fsc,0.0
CARE:33858547,clean,clean,,0.0
CARE:33909234,clean,clean,,0.0
CARE:34011644,trap,bol_format,prefix_dash,0.0
CARE:34020988,trap,rate_amendment,,0.0
CARE:34057053,clean,clean,,0.0
CARE:34113167,clean,clean,,0.0
CARE:34251455,clean,clean,,0.0
CARE:34330860,trap,rate_amendment,,0.0
CARE:34371271,clean,clean,,0.0
CARE:34446543,clean,clean,,0.0
CARE:34471236,clean,clean,,0.0
CARE:34499383,clean,clean,,0.0
CARE:34529863,trap,balance_due,,0.0
CARE:34564136,trap,bol_format,prefix_hash,0.0
CARE:34566678,trap,bol_format,prefix_hash,0.0
CARE:34572431,error,fsc_mismatch,wrong_step,34.79
CARE:34575186,trap,late_authorization,residential,0.0
CARE:34608809,clean,clean,,0.0
CARE:34613520,trap,balance_due,,0.0
CARE:34825308,clean,clean,,0.0
CARE:34859590,trap,bol_format,prefix_hash,0.0
CARE:34919261,clean,clean,,0.0
CARE:34945320,clean,clean,,0.0
CARE:35055995,error,unauthorized_accessorial,liftgate,95.0
CARE:35141852,error,weight_overbilling,inflation,71.8
CARE:35159999,trap,rate_amendment,,0.0
CARE:35251722,clean,clean,,0.0
CARE:35258799,trap,rate_amendment,,0.0
CARE:35277053,trap,bol_format,zeros_dropped,0.0
CARE:35393873,error,rate_overcharge,markup,9.8
CARE:35435180,clean,clean,,0.0
CARE:35441108,clean,clean,,0.0
CARE:35521390,clean,clean,,0.0
CARE:35595011,trap,rate_amendment,,0.0
CARE:35618947,clean,clean,,0.0
CARE:35800311,superseded,superseded,,0.0
CARE:35807687,clean,clean,,0.0
CARE:35827385,trap,rate_amendment,,0.0
CARE:35873085,clean,clean,,0.0
CARE:35898183,clean,clean,,0.0
CARE:35946781,clean,clean,,0.0
CARE:36005694,trap,bol_format,prefix_hash,0.0
CARE:36064206,superseded,superseded,,0.0
CARE:36118518,clean,clean,,0.0
CARE:36240175,clean,clean,,0.0
CARE:36336489,clean,clean,,0.0
CARE:36348020,clean,clean,,0.0
CARE:36447037,clean,clean,,0.0
CARE:36596196,clean,clean,,0.0
CARE:36643829,error,duplicate_invoice,rekeyed,1146.03
CARE:36666445,clean,clean,,0.0
CARE:36813479,trap,rate_amendment,,0.0
CARE:36813479,trap,rounding_noise,lh+fsc,0.0
CARE:36868209,clean,clean,,0.0
CARE:36942061,trap,rate_amendment,,0.0
CARE:36963276,trap,rate_amendment,,0.0
CARE:37051237,trap,bol_format,spaces,0.0
CARE:37051237,trap,late_authorization,liftgate,0.0
CARE:37061534,clean,clean,,0.0
CARE:37084904,trap,rate_amendment,,0.0
CARE:37084904,trap,rounding_noise,lh,0.0
CARE:37094700,clean,clean,,0.0
CARE:37097667,clean,clean,,0.0
CARE:37217544,clean,clean,,0.0
CARE:37243207,clean,clean,,0.0
CARE:37322505,clean,clean,,0.0
CARE:37442974,clean,clean,,0.0
CARE:37571376,clean,clean,,0.0
CARE:37582038,trap,rounding_noise,lh,0.0
CARE:37768991,clean,clean,,0.0
CARE:37820646,trap,rounding_noise,fsc,0.0
CARE:37948393,trap,rate_amendment,,0.0
CARE:38049906,clean,clean,,0.0
CARE:38056317,trap,balance_due,,0.0
CARE:38094964,trap,rate_amendment,,0.0
CARE:38293465,trap,rate_amendment,,0.0
CARE:38326552,superseded,superseded,,0.0
CARE:38336925,clean,clean,,0.0
CARE:38409195,trap,balance_due,,0.0
CARE:38559186,trap,rate_amendment,,0.0
CARE:38617201,clean,clean,,0.0
CARE:38668024,trap,bol_format,dashes,0.0
CARE:38668024,trap,rate_amendment,,0.0
CARE:38705881,clean,clean,,0.0
CARE:38709527,clean,clean,,0.0
CARE:38715410,clean,clean,,0.0
CARE:38827579,trap,bol_format,prefix_hash,0.0
CARE:38878456,trap,bol_format,lowercase,0.0
CARE:38921653,trap,bol_format,lowercase,0.0
CARE:38921653,trap,bol_typo,,0.0
CARE:39035381,trap,late_authorization,liftgate,0.0
CARE:39043170,trap,bol_format,lowercase,0.0
CARE:39202944,clean,clean,,0.0
CARE:39258486,trap,rate_amendment,,0.0
CARE:39373974,clean,clean,,0.0
CARE:39379646,clean,clean,,0.0
CARE:39415616,trap,late_authorization,liftgate,0.0
CARE:39434318,clean,clean,,0.0
CARE:39494012,trap,bol_format,dashes,0.0
CARE:39534720,clean,clean,,0.0
CARE:39535907,error,fsc_mismatch,wrong_week,3.54
CARE:39535907,error,rate_overcharge,sub_tolerance,0.49
CARE:39535907,trap,bol_format,dashes,0.0
CARE:39535907,trap,rounding_noise,lh,0.0
CARE:39581861,trap,rate_amendment,,0.0
CARE:39613503,trap,rounding_noise,lh,0.0
CARE:39752517,clean,clean,,0.0
CARE:40072414,clean,clean,,0.0
CARE:40349247,clean,clean,,0.0
CARE:40408355,error,fsc_mismatch,wrong_step,0.99
CARE:40408355,error,unauthorized_accessorial,residential,125.0
CARE:40461421,trap,documented_reweigh,,0.0
CARE:40463342,trap,rate_amendment,,0.0
CARE:40474745,trap,bol_format,spaces,0.0
CARE:40585097,trap,bol_format,spaces,0.0
CARE:40688419,clean,clean,,0.0
CARE:40746935,clean,clean,,0.0
CARE:40760392,clean,clean,,0.0
CARE:40886072,trap,rounding_noise,lh+fsc,0.0
CARE:40895217,clean,clean,,0.0
CARE:40958284,clean,clean,,0.0
CARE:41009302,clean,clean,,0.0
CARE:41060672,clean,clean,,0.0
CARE:41134002,trap,bol_format,dashes,0.0
CARE:41139686,error,rate_overcharge,sub_tolerance,0.76
CARE:41139686,error,unauthorized_accessorial,residential,125.0
CARE:41153843,trap,late_authorization,liftgate,0.0
CARE:41153843,trap,rate_amendment,,0.0
CARE:41238398,clean,clean,,0.0
CARE:41276349,clean,clean,,0.0
CARE:41440734,trap,bol_format,spaces,0.0
CARE:41459385,trap,documented_reweigh,,0.0
CARE:41460845,trap,rounding_noise,fsc,0.0
CARE:41480986,clean,clean,,0.0
CARE:41507261,trap,rate_amendment,,0.0
CARE:41507261,trap,rounding_noise,lh+fsc,0.0
CARE:41589226,clean,clean,,0.0
CARE:41612710,trap,rate_amendment,,0.0
CARE:41636193,clean,clean,,0.0
CARE:41723189,clean,clean,,0.0
CARE:41738735,trap,rate_amendment,,0.0
CARE:41742391,clean,clean,,0.0
CARE:41776416,clean,clean,,0.0
CARE:41821460,clean,clean,,0.0
CARE:41846402,trap,bol_format,lowercase,0.0
CARE:41869646,trap,balance_due,,0.0
CARE:42007360,clean,clean,,0.0
CARE:42022069,error,phantom_invoice,,374.73
CARE:42087070,clean,clean,,0.0
CARE:42099347,clean,clean,,0.0
CARE:42129036,clean,clean,,0.0
CARE:42226724,trap,rate_amendment,,0.0
CARE:42309695,clean,clean,,0.0
CARE:42377764,trap,late_authorization,liftgate,0.0
CARE:42456388,clean,clean,,0.0
CARE:42524204,trap,bol_format,prefix_dash,0.0
CARE:42555246,error,weight_overbilling,inflation,11.82
CARE:42900189,clean,clean,,0.0
CARE:42906899,clean,clean,,0.0
CARE:43087700,clean,clean,,0.0
CARE:43159263,clean,clean,,0.0
CARE:43191053,clean,clean,,0.0
CARE:43230013,error,fsc_mismatch,wrong_step,14.7
CARE:43230013,trap,rate_amendment,,0.0
CARE:43309275,clean,clean,,0.0
CARE:43321324,trap,documented_reweigh,,0.0
CARE:43383764,trap,bol_format,spaces,0.0
CARE:43383764,trap,rate_amendment,,0.0
CARE:43423795,trap,rate_amendment,,0.0
CARE:43512601,trap,rate_amendment,,0.0
CARE:43526702,clean,clean,,0.0
CARE:43671206,clean,clean,,0.0
CARE:43767533,trap,rate_amendment,,0.0
CARE:43771577,clean,clean,,0.0
CARE:43862803,clean,clean,,0.0
CARE:43882185,clean,clean,,0.0
CARE:43896461,trap,rate_amendment,,0.0
CARE:43978363,clean,clean,,0.0
CARE:44049395,trap,rounding_noise,lh,0.0
CARE:44081240,trap,rate_amendment,,0.0
CARE:44193415,trap,bol_format,lowercase,0.0
CARE:44193415,trap,late_authorization,residential,0.0
CARE:44220352,error,weight_overbilling,inflation,531.97
CARE:44224912,trap,rate_amendment,,0.0
CARE:44414290,trap,rate_amendment,,0.0
CARE:44462829,clean,clean,,0.0
CARE:44544588,clean,clean,,0.0
CARE:44621757,trap,balance_due,,0.0
CARE:44621757,trap,bol_format,lowercase,0.0
CARE:44699771,clean,clean,,0.0
CARE:44908854,trap,rebill,,0.0
CARE:44928670,trap,bol_format,lowercase,0.0
CARE:45153600,clean,clean,,0.0
CARE:45237589,clean,clean,,0.0
CARE:45465923,trap,bol_format,lowercase,0.0
CARE:45465923,trap,late_authorization,residential,0.0
CARE:45465923,trap,rate_amendment,,0.0
CARE:45499197,clean,clean,,0.0
CARE:45529849,clean,clean,,0.0
CARE:45606454,clean,clean,,0.0
CARE:45623378,trap,bol_format,prefix_dash,0.0
CARE:45623378,trap,late_authorization,liftgate,0.0
CARE:45914615,clean,clean,,0.0
CARE:46037876,trap,balance_due,,0.0
CARE:46069163,trap,bol_format,dashes,0.0
CARE:46131937,clean,clean,,0.0
CARE:46154310,clean,clean,,0.0
CARE:46198189,error,unauthorized_accessorial,liftgate,95.0
CARE:46276729,trap,rounding_noise,lh,0.0
CARE:46425493,trap,rounding_noise,fsc,0.0
CARE:46454542,trap,rounding_noise,fsc,0.0
CARE:46471129,trap,rate_amendment,,0.0
CARE:46528702,clean,clean,,0.0
CARE:46539248,clean,clean,,0.0
CARE:46569893,clean,clean,,0.0
CARE:46658550,clean,clean,,0.0
CARE:46776707,clean,clean,,0.0
CARE:46793632,clean,clean,,0.0
CARE:46861493,trap,documented_reweigh,,0.0
CARE:46861493,trap,rounding_noise,lh+fsc,0.0
CARE:46965878,trap,bol_format,prefix_dash,0.0
CARE:46965878,trap,rate_amendment,,0.0
CARE:46965878,trap,rounding_noise,fsc,0.0
CARE:47020103,trap,rounding_noise,lh,0.0
CARE:47073854,clean,clean,,0.0
CARE:47103582,clean,clean,,0.0
CARE:47140714,trap,rate_amendment,,0.0
CARE:47145505,clean,clean,,0.0
CARE:47187251,clean,clean,,0.0
CARE:47263178,clean,clean,,0.0
CARE:47304016,trap,bol_format,prefix_dash,0.0
CARE:47393211,trap,rate_amendment,,0.0
CARE:47515285,trap,rate_amendment,,0.0
CARE:47515285,trap,rounding_noise,fsc,0.0
CARE:47661502,trap,bol_format,prefix_dash,0.0
CARE:47697832,trap,bol_format,prefix_dash,0.0
CARE:47748661,trap,balance_due,,0.0
CARE:47756436,trap,bol_format,prefix_dash,0.0
CARE:47815422,trap,bol_format,dashes,0.0
CARE:47825271,clean,clean,,0.0
CARE:47949098,trap,rate_amendment,,0.0
CARE:48075085,error,unauthorized_accessorial,residential,125.0
CARE:48075085,trap,rate_amendment,,0.0
CARE:48123140,clean,clean,,0.0
CARE:48144627,clean,clean,,0.0
CARE:48200616,trap,rounding_noise,lh,0.0
CARE:48452775,clean,clean,,0.0
CARE:48643097,error,rate_overcharge,markup,102.51
CARE:48643097,trap,rounding_noise,fsc,0.0
CARE:48648210,clean,clean,,0.0
CARE:48679232,trap,bol_format,dashes,0.0
CARE:48679232,trap,rate_amendment,,0.0
CARE:48717676,trap,late_authorization,liftgate,0.0
CARE:48717676,trap,rate_amendment,,0.0
CARE:48717676,trap,rounding_noise,lh,0.0
CARE:48730586,clean,clean,,0.0
CARE:48758500,trap,rebill,,0.0
CARE:48759572,clean,clean,,0.0
CARE:48795623,clean,clean,,0.0
CARE:48898491,error,rate_overcharge,markup,45.95
CARE:48898491,trap,rate_amendment,,0.0
CARE:48986783,trap,bol_format,spaces,0.0
CARE:48986783,trap,rounding_noise,lh+fsc,0.0
CARE:49024816,clean,clean,,0.0
CARE:49043793,trap,balance_due,,0.0
CARE:49087121,clean,clean,,0.0
CARE:49127747,trap,rate_amendment,,0.0
CARE:49206126,clean,clean,,0.0
CARE:49206152,clean,clean,,0.0
CARE:49206413,trap,rounding_noise,fsc,0.0
CARE:49265614,trap,rate_amendment,,0.0
CARE:49347899,trap,late_authorization,residential,0.0
CARE:49370767,trap,rate_amendment,,0.0
CARE:49460560,error,fsc_mismatch,wrong_step,8.52
CARE:49476009,trap,bol_format,lowercase,0.0
CARE:49476009,trap,rate_amendment,,0.0
CARE:49476009,trap,rounding_noise,fsc,0.0
CARE:49534060,trap,bol_format,prefix_dash,0.0
CARE:49719804,trap,bol_format,prefix_hash,0.0
CARE:49758857,trap,rounding_noise,fsc,0.0
CARE:49901180,clean,clean,,0.0
CARE:49920980,trap,rounding_noise,lh,0.0
CARE:49963107,trap,bol_format,lowercase,0.0
CARE:49963107,trap,late_authorization,liftgate,0.0
CARE:49963107,trap,rate_amendment,,0.0
CARE:50011617,trap,late_authorization,residential,0.0
CARE:50095101,clean,clean,,0.0
CARE:50177201,trap,rate_amendment,,0.0
CARE:50203289,trap,rounding_noise,fsc,0.0
CARE:50225023,clean,clean,,0.0
CARE:50259092,trap,bol_format,spaces,0.0
CARE:50442736,clean,clean,,0.0
CARE:50460409,trap,rounding_noise,lh+fsc,0.0
CARE:50475247,clean,clean,,0.0
CARE:50708040,clean,clean,,0.0
CARE:50776678,trap,rounding_noise,fsc,0.0
CARE:50806830,trap,rate_amendment,,0.0
CARE:50989420,clean,clean,,0.0
CARE:51044518,clean,clean,,0.0
CARE:51094786,clean,clean,,0.0
CARE:51104659,clean,clean,,0.0
CARE:51362756,clean,clean,,0.0
CARE:51393970,error,duplicate_invoice,rekeyed,1165.27
CARE:51424412,trap,rate_amendment,,0.0
CARE:51564913,clean,clean,,0.0
CARE:51705666,clean,clean,,0.0
CARE:51713562,trap,bol_format,lowercase,0.0
CARE:51713562,trap,rate_amendment,,0.0
CARE:51728939,trap,bol_format,prefix_dash,0.0
CARE:51757956,clean,clean,,0.0
CARE:51820069,trap,documented_reweigh,,0.0
CARE:51820069,trap,rate_amendment,,0.0
CARE:52030323,clean,clean,,0.0
CARE:52057373,trap,bol_format,dashes,0.0
CARE:52070736,trap,late_authorization,liftgate,0.0
CARE:52073274,clean,clean,,0.0
CARE:52080233,trap,rate_amendment,,0.0
CARE:52129959,clean,clean,,0.0
CARE:52284094,trap,bol_format,spaces,0.0
CARE:52284094,trap,rate_amendment,,0.0
CARE:52348023,clean,clean,,0.0
CARE:52375572,error,unauthorized_accessorial,residential,125.0
CARE:52375572,trap,rounding_noise,lh,0.0
CARE:52395615,clean,clean,,0.0
CARE:52460504,trap,rate_amendment,,0.0
CARE:52482763,clean,clean,,0.0
CARE:52548660,clean,clean,,0.0
CARE:52559506,clean,clean,,0.0
CARE:52564312,clean,clean,,0.0
CARE:52656891,trap,rate_amendment,,0.0
CARE:52663133,clean,clean,,0.0
CARE:52734445,clean,clean,,0.0
CARE:52738440,clean,clean,,0.0
CARE:52794377,clean,clean,,0.0
CARE:52811512,clean,clean,,0.0
CARE:52914362,clean,clean,,0.0
CARE:52991677,clean,clean,,0.0
CARE:53124664,clean,clean,,0.0
CARE:53129295,trap,bol_format,dashes,0.0
CARE:53159149,clean,clean,,0.0
CARE:53161490,clean,clean,,0.0
CARE:53219392,trap,bol_format,spaces,0.0
CARE:53221056,clean,clean,,0.0
CARE:53256440,clean,clean,,0.0
CARE:53296389,trap,rate_amendment,,0.0
CARE:53296389,trap,rounding_noise,lh+fsc,0.0
CARE:53337331,trap,rate_amendment,,0.0
CARE:53460906,trap,bol_format,dashes,0.0
CARE:53460906,trap,rounding_noise,lh,0.0
CARE:53482199,trap,rounding_noise,fsc,0.0
CARE:53511902,clean,clean,,0.0
CARE:53655757,trap,bol_format,prefix_dash,0.0
CARE:53661015,error,unauthorized_accessorial,residential,125.0
CARE:53697670,clean,clean,,0.0
CARE:53830188,clean,clean,,0.0
CARE:53862320,error,weight_overbilling,sub_tolerance,4.1
CARE:53984674,trap,late_authorization,liftgate,0.0
CARE:53999897,clean,clean,,0.0
CARE:54026007,trap,late_authorization,liftgate,0.0
CARE:54026007,trap,late_authorization,residential,0.0
CARE:54093707,trap,rate_amendment,,0.0
CARE:54104227,clean,clean,,0.0
CARE:54125286,clean,clean,,0.0
CARE:54229728,trap,rate_amendment,,0.0
CARE:54260087,clean,clean,,0.0
CARE:54321189,clean,clean,,0.0
CARE:54373165,trap,rate_amendment,,0.0
CARE:54398386,trap,bol_format,dashes,0.0
CARE:54398386,trap,late_authorization,residential,0.0
CARE:54412439,trap,bol_format,prefix_hash,0.0
CARE:54522731,clean,clean,,0.0
CARE:54656601,clean,clean,,0.0
CARE:54677003,clean,clean,,0.0
CARE:54684934,trap,late_authorization,residential,0.0
CARE:54703626,clean,clean,,0.0
CARE:54729261,clean,clean,,0.0
CARE:54739361,clean,clean,,0.0
CARE:54825471,clean,clean,,0.0
CARE:54864010,clean,clean,,0.0
CARE:54899844,clean,clean,,0.0
CARE:54964654,error,unauthorized_accessorial,residential,125.0
CARE:54977986,clean,clean,,0.0
CARE:55002059,trap,bol_format,prefix_hash,0.0
CARE:55002059,trap,documented_reweigh,,0.0
CARE:55002059,trap,rate_amendment,,0.0
CARE:55044235,clean,clean,,0.0
CARE:55115702,trap,rounding_noise,lh+fsc,0.0
CARE:55151178,clean,clean,,0.0
CARE:55223433,trap,rate_amendment,,0.0
CARE:55223433,trap,rounding_noise,lh+fsc,0.0
CARE:55280297,clean,clean,,0.0
CARE:55292066,clean,clean,,0.0
CARE:55327762,trap,rounding_noise,lh+fsc,0.0
CARE:55549048,error,unauthorized_accessorial,residential,125.0
CARE:55746923,clean,clean,,0.0
CARE:55752143,clean,clean,,0.0
CARE:55833273,clean,clean,,0.0
CARE:55844343,trap,rounding_noise,fsc,0.0
CARE:55878050,clean,clean,,0.0
CARE:55884524,error,unauthorized_accessorial,liftgate,95.0
CARE:55934726,clean,clean,,0.0
CARE:55964202,trap,rounding_noise,lh+fsc,0.0
CARE:56046587,clean,clean,,0.0
CARE:56074872,trap,bol_format,prefix_dash,0.0
CARE:56115194,error,unauthorized_accessorial,liftgate,95.0
CARE:56115194,trap,rounding_noise,fsc,0.0
CARE:56144988,trap,late_authorization,liftgate,0.0
CARE:56144988,trap,rate_amendment,,0.0
CARE:56314892,trap,late_authorization,residential,0.0
CARE:56342050,trap,late_authorization,liftgate,0.0
CARE:56343230,clean,clean,,0.0
CARE:56356750,trap,bol_format,prefix_dash,0.0
CARE:56482694,clean,clean,,0.0
CARE:56491168,trap,rounding_noise,lh+fsc,0.0
CARE:56597400,clean,clean,,0.0
CARE:56601413,clean,clean,,0.0
CARE:56639783,clean,clean,,0.0
CARE:56650669,trap,bol_format,lowercase,0.0
CARE:56650669,trap,rate_amendment,,0.0
CARE:56685733,clean,clean,,0.0
CARE:56926872,trap,bol_format,lowercase,0.0
CARE:56931116,clean,clean,,0.0
CARE:56958027,trap,bol_format,spaces,0.0
CARE:56958027,trap,documented_reweigh,,0.0
CARE:56958027,trap,rate_amendment,,0.0
CARE:56983383,trap,late_authorization,liftgate,0.0
CARE:56985854,clean,clean,,0.0
CARE:57053809,clean,clean,,0.0
CARE:57106032,superseded,superseded,,0.0
CARE:57127272,clean,clean,,0.0
CARE:57147410,trap,late_authorization,residential,0.0
CARE:57209213,clean,clean,,0.0
CARE:57441640,clean,clean,,0.0
CARE:57478249,trap,rate_amendment,,0.0
CARE:57480400,clean,clean,,0.0
CARE:57573462,clean,clean,,0.0
CARE:57586425,clean,clean,,0.0
CARE:57688883,clean,clean,,0.0
CARE:57855985,error,duplicate_invoice,rekeyed,902.08
CARE:57910009,clean,clean,,0.0
CARE:57977558,trap,documented_reweigh,,0.0
CARE:58128918,clean,clean,,0.0
CARE:58131609,trap,bol_format,lowercase,0.0
CARE:58131609,trap,rate_amendment,,0.0
CARE:58202955,clean,clean,,0.0
CARE:58269829,error,rate_overcharge,markup,24.25
CARE:58301253,trap,late_authorization,liftgate,0.0
CARE:58370057,clean,clean,,0.0
CARE:58509357,trap,bol_format,spaces,0.0
CARE:58564756,clean,clean,,0.0
CARE:58734539,trap,documented_reweigh,,0.0
CARE:58778127,clean,clean,,0.0
CARE:58869848,clean,clean,,0.0
CARE:58885583,trap,rate_amendment,,0.0
CARE:58885583,trap,rounding_noise,lh,0.0
CARE:58889633,clean,clean,,0.0
CARE:58904885,trap,rate_amendment,,0.0
CARE:58976934,trap,rate_amendment,,0.0
CARE:59066720,trap,bol_format,prefix_hash,0.0
CARE:59066720,trap,rounding_noise,fsc,0.0
CARE:59135264,trap,documented_reweigh,,0.0
CARE:59135264,trap,rate_amendment,,0.0
CARE:59244762,trap,balance_due,,0.0
CARE:59276758,clean,clean,,0.0
CARE:59277044,clean,clean,,0.0
CARE:59413035,clean,clean,,0.0
CARE:59416974,trap,bol_format,lowercase,0.0
CARE:59443413,trap,bol_format,dashes,0.0
CARE:59498895,trap,bol_format,prefix_dash,0.0
CARE:59602630,clean,clean,,0.0
CARE:59674567,trap,late_authorization,residential,0.0
CARE:59682101,trap,rate_amendment,,0.0
CARE:59699248,trap,bol_format,lowercase,0.0
CARE:59732005,error,duplicate_invoice,resend,158.23
CARE:59822705,trap,bol_format,prefix_hash,0.0
CARE:59822705,trap,late_authorization,liftgate,0.0
CARE:59882710,clean,clean,,0.0
CARE:59899008,clean,clean,,0.0
CARE:59925339,trap,rounding_noise,lh+fsc,0.0
CARE:59931171,clean,clean,,0.0
CARE:60059851,clean,clean,,0.0
CARE:60213113,clean,clean,,0.0
CARE:60252523,clean,clean,,0.0
CARE:60314442,clean,clean,,0.0
CARE:60439620,clean,clean,,0.0
CARE:60441822,clean,clean,,0.0
CARE:60518036,trap,rate_amendment,,0.0
CARE:60566320,clean,clean,,0.0
CARE:60807420,trap,rate_amendment,,0.0
CARE:60919325,clean,clean,,0.0
CARE:60932055,clean,clean,,0.0
CARE:61072184,trap,late_authorization,liftgate,0.0
CARE:61088238,trap,rounding_noise,fsc,0.0
CARE:61109714,trap,rounding_noise,lh,0.0
CARE:61182846,clean,clean,,0.0
CARE:61244646,trap,bol_format,prefix_dash,0.0
CARE:61244646,trap,rate_amendment,,0.0
CARE:61245160,clean,clean,,0.0
CARE:61280997,clean,clean,,0.0
CARE:61525875,error,fsc_mismatch,wrong_step,2.86
CARE:61545052,trap,bol_format,dashes,0.0
CARE:61545052,trap,rate_amendment,,0.0
CARE:61549443,clean,clean,,0.0
CARE:61569704,clean,clean,,0.0
CARE:61620686,clean,clean,,0.0
CARE:61631913,clean,clean,,0.0
CARE:61648586,trap,bol_format,prefix_hash,0.0
CARE:61777721,clean,clean,,0.0
CARE:61823466,clean,clean,,0.0
CARE:61855561,clean,clean,,0.0
CARE:61933742,clean,clean,,0.0
CARE:61941894,clean,clean,,0.0
CARE:62014603,trap,bol_format,dashes,0.0
CARE:62106598,clean,clean,,0.0
CARE:62204087,trap,rate_amendment,,0.0
CARE:62208685,clean,clean,,0.0
CARE:62222075,trap,rounding_noise,lh+fsc,0.0
CARE:62240916,trap,bol_format,spaces,0.0
CARE:62240916,trap,rate_amendment,,0.0
CARE:62266194,trap,bol_format,spaces,0.0
CARE:62362676,trap,late_authorization,liftgate,0.0
CARE:62373312,error,weight_overbilling,inflation,125.81
CARE:62373312,trap,rate_amendment,,0.0
CARE:62383798,clean,clean,,0.0
CARE:62449345,error,unauthorized_accessorial,liftgate,95.0
CARE:62449345,trap,bol_format,prefix_dash,0.0
CARE:62563114,clean,clean,,0.0
CARE:62589945,trap,late_authorization,residential,0.0
CARE:62601722,trap,rounding_noise,lh+fsc,0.0
CARE:62762162,error,weight_overbilling,inflation,123.76
CARE:62762162,trap,bol_format,prefix_dash,0.0
CARE:62762162,trap,rate_amendment,,0.0
CARE:62778182,clean,clean,,0.0
CARE:62824040,clean,clean,,0.0
CARE:62887073,clean,clean,,0.0
CARE:62939608,trap,late_authorization,liftgate,0.0
CARE:62939608,trap,rate_amendment,,0.0
CARE:62989029,clean,clean,,0.0
CARE:63042135,trap,rate_amendment,,0.0
CARE:63042135,trap,rounding_noise,lh+fsc,0.0
CARE:63044437,error,duplicate_invoice,resend,225.61
CARE:63142345,clean,clean,,0.0
CARE:63159785,clean,clean,,0.0
CARE:63166438,clean,clean,,0.0
CARE:63218722,clean,clean,,0.0
CARE:63342740,clean,clean,,0.0
CARE:63400870,trap,late_authorization,liftgate,0.0
CARE:63507464,error,weight_overbilling,inflation,156.15
CARE:63538722,trap,rate_amendment,,0.0
CARE:63588259,error,weight_overbilling,inflation,152.04
CARE:63588259,trap,bol_format,spaces,0.0
CARE:63608326,trap,bol_format,lowercase,0.0
CARE:63659162,trap,bol_format,lowercase,0.0
CARE:63659162,trap,rate_amendment,,0.0
CARE:63852651,trap,rate_amendment,,0.0
CARE:63886712,clean,clean,,0.0
CARE:63887387,trap,rounding_noise,fsc,0.0
CARE:63966007,clean,clean,,0.0
CARE:64007107,clean,clean,,0.0
CARE:64041517,trap,rate_amendment,,0.0
CARE:64111779,clean,clean,,0.0
CARE:64247385,clean,clean,,0.0
CARE:64325049,trap,bol_format,dashes,0.0
CARE:64327452,trap,rate_amendment,,0.0
CARE:64364411,clean,clean,,0.0
CARE:64611131,clean,clean,,0.0
CARE:64619077,trap,rate_amendment,,0.0
CARE:64625173,trap,rate_amendment,,0.0
CARE:64625173,trap,rounding_noise,lh,0.0
CARE:64801992,clean,clean,,0.0
CARE:64821314,trap,rate_amendment,,0.0
CARE:65084692,error,weight_overbilling,sub_tolerance,30.98
CARE:65084692,trap,rate_amendment,,0.0
CARE:65102083,clean,clean,,0.0
CARE:65129275,clean,clean,,0.0
CARE:65174395,trap,rate_amendment,,0.0
CARE:65314718,clean,clean,,0.0
CARE:65349660,clean,clean,,0.0
CARE:65454234,clean,clean,,0.0
CARE:65536671,trap,bol_format,prefix_hash,0.0
CARE:65779314,trap,bol_format,spaces,0.0
CARE:65779314,trap,rate_amendment,,0.0
CARE:65826951,trap,late_authorization,liftgate,0.0
CARE:65826951,trap,rate_amendment,,0.0
CARE:66035620,clean,clean,,0.0
CARE:66204233,clean,clean,,0.0
CARE:66240671,clean,clean,,0.0
CARE:66279963,clean,clean,,0.0
CARE:66442745,trap,bol_format,lowercase,0.0
CARE:66555208,clean,clean,,0.0
CARE:66709939,clean,clean,,0.0
CARE:66888512,trap,rate_amendment,,0.0
CARE:66904490,trap,bol_format,lowercase,0.0
CARE:66913749,trap,rebill,,0.0
CARE:67098412,clean,clean,,0.0
CARE:67121667,trap,rounding_noise,fsc,0.0
CARE:67209292,clean,clean,,0.0
CARE:67248506,trap,rate_amendment,,0.0
CARE:67439074,clean,clean,,0.0
CARE:67452976,clean,clean,,0.0
CARE:67459321,clean,clean,,0.0
CARE:67500517,clean,clean,,0.0
CARE:67524118,error,weight_overbilling,inflation,148.09
CARE:67524118,trap,rate_amendment,,0.0
CARE:67554159,clean,clean,,0.0
CARE:67559088,trap,rate_amendment,,0.0
CARE:67585359,clean,clean,,0.0
CARE:67705308,error,fsc_mismatch,wrong_step,3.21
CARE:67705308,trap,bol_format,dashes,0.0
CARE:67830256,clean,clean,,0.0
CARE:67842753,trap,late_authorization,residential,0.0
CARE:68123850,trap,rate_amendment,,0.0
CARE:68157675,trap,rate_amendment,,0.0
CARE:68206438,trap,rate_amendment,,0.0
CARE:68230569,error,fsc_mismatch,wrong_step,2.26
CARE:68230569,trap,rate_amendment,,0.0
CARE:68270611,trap,bol_format,prefix_hash,0.0
CARE:68325446,trap,rate_amendment,,0.0
CARE:68352107,clean,clean,,0.0
CARE:68417814,clean,clean,,0.0
CARE:68574916,error,rate_overcharge,markup,9.04
CARE:68652840,clean,clean,,0.0
CARE:68696258,trap,bol_format,dashes,0.0
CARE:68696258,trap,rate_amendment,,0.0
CARE:68718656,trap,bol_format,lowercase,0.0
CARE:68741421,clean,clean,,0.0
CARE:68790289,clean,clean,,0.0
CARE:68808708,clean,clean,,0.0
CARE:68956670,clean,clean,,0.0
CARE:69083134,trap,bol_format,spaces,0.0
CARE:69140341,trap,bol_format,dashes,0.0
CARE:69159747,clean,clean,,0.0
CARE:69233696,trap,rate_amendment,,0.0
CARE:69284915,error,rate_overcharge,markup,9.05
CARE:69303392,trap,bol_format,lowercase,0.0
CARE:69428799,clean,clean,,0.0
CARE:69527363,clean,clean,,0.0
CARE:69617143,clean,clean,,0.0
CARE:69635867,clean,clean,,0.0
CARE:69797489,clean,clean,,0.0
CARE:69811080,clean,clean,,0.0
CARE:69878516,trap,rate_amendment,,0.0
CARE:69904303,error,duplicate_invoice,resend,458.73
CARE:69904303,trap,bol_format,dashes,0.0
CARE:69914989,clean,clean,,0.0
CARE:70111452,clean,clean,,0.0
CARE:70184904,clean,clean,,0.0
CARE:70191156,clean,clean,,0.0
CARE:70196892,trap,rounding_noise,lh,0.0
CARE:70201957,trap,bol_format,dashes,0.0
CARE:70244410,clean,clean,,0.0
CARE:70396593,trap,bol_format,dashes,0.0
CARE:70396593,trap,rate_amendment,,0.0
CARE:70479598,clean,clean,,0.0
CARE:70482038,clean,clean,,0.0
CARE:70488841,trap,late_authorization,liftgate,0.0
CARE:70537911,trap,bol_format,prefix_dash,0.0
CARE:70611265,clean,clean,,0.0
CARE:70649655,trap,rate_amendment,,0.0
CARE:70735399,clean,clean,,0.0
CARE:70765650,clean,clean,,0.0
CARE:70784225,trap,rate_amendment,,0.0
CARE:70791676,clean,clean,,0.0
CARE:71097778,clean,clean,,0.0
CARE:71136126,error,rate_overcharge,markup,19.99
CARE:71136126,trap,documented_reweigh,,0.0
CARE:71217996,trap,bol_format,dashes,0.0
CARE:71441747,clean,clean,,0.0
CARE:71474264,trap,bol_format,spaces,0.0
CARE:71685979,clean,clean,,0.0
CARE:71712194,clean,clean,,0.0
CARE:71750163,clean,clean,,0.0
CARE:71778001,trap,rounding_noise,fsc,0.0
CARE:71828139,clean,clean,,0.0
CARE:71852036,trap,rate_amendment,,0.0
CARE:71949585,clean,clean,,0.0
CARE:72049851,clean,clean,,0.0
CARE:72096485,clean,clean,,0.0
CARE:72288769,clean,clean,,0.0
CARE:72327438,trap,rate_amendment,,0.0
CARE:72389365,error,unauthorized_accessorial,liftgate,95.0
CARE:72417362,trap,rate_amendment,,0.0
CARE:72593794,trap,rate_amendment,,0.0
CARE:72664131,trap,rate_amendment,,0.0
CARE:72664131,trap,rounding_noise,lh+fsc,0.0
CARE:72687387,error,fsc_mismatch,wrong_step,9.84
CARE:72687387,trap,rate_amendment,,0.0
CARE:72875959,trap,bol_format,prefix_hash,0.0
CARE:72876937,clean,clean,,0.0
CARE:72954164,clean,clean,,0.0
CARE:73035745,clean,clean,,0.0
CARE:73070961,clean,clean,,0.0
CARE:73165371,clean,clean,,0.0
CARE:73197885,clean,clean,,0.0
CARE:73238642,trap,rate_amendment,,0.0
CARE:73260211,clean,clean,,0.0
CARE:73328988,clean,clean,,0.0
CARE:73357161,trap,late_authorization,liftgate,0.0
CARE:73365499,trap,rate_amendment,,0.0
CARE:73492380,clean,clean,,0.0
CARE:73606905,trap,bol_format,spaces,0.0
CARE:73606905,trap,rate_amendment,,0.0
CARE:73606905,trap,rounding_noise,lh+fsc,0.0
CARE:73620076,clean,clean,,0.0
CARE:73676115,trap,balance_due,,0.0
CARE:73705429,error,rate_overcharge,markup,17.35
CARE:73705429,trap,rounding_noise,lh+fsc,0.0
CARE:73785492,clean,clean,,0.0
CARE:73838548,clean,clean,,0.0
CARE:73861199,clean,clean,,0.0
CARE:73939240,clean,clean,,0.0
CARE:74122193,clean,clean,,0.0
CARE:74124072,trap,bol_format,prefix_dash,0.0
CARE:74164488,trap,rounding_noise,lh,0.0
CARE:74189473,trap,bol_format,spaces,0.0
CARE:74189473,trap,rounding_noise,lh,0.0
CARE:74205414,clean,clean,,0.0
CARE:74230973,trap,rate_amendment,,0.0
CARE:74273017,clean,clean,,0.0
CARE:74367548,error,rate_overcharge,markup,51.89
CARE:74367548,error,weight_overbilling,inflation,101.69
CARE:74367548,trap,rate_amendment,,0.0
CARE:74367548,trap,rounding_noise,fsc,0.0
CARE:74388177,clean,clean,,0.0
CARE:74410104,clean,clean,,0.0
CARE:74509229,clean,clean,,0.0
CARE:74597720,trap,bol_format,dashes,0.0
CARE:74609667,trap,rounding_noise,fsc,0.0
CARE:74656757,clean,clean,,0.0
CARE:74675029,clean,clean,,0.0
CARE:74773454,clean,clean,,0.0
CARE:74883731,trap,rate_amendment,,0.0
CARE:75077138,clean,clean,,0.0
CARE:75199153,clean,clean,,0.0
CARE:75277839,trap,rate_amendment,,0.0
CARE:75278947,trap,rate_amendment,,0.0
CARE:75338881,clean,clean,,0.0
CARE:75428196,clean,clean,,0.0
CARE:75454185,trap,bol_format,prefix_hash,0.0
CARE:75468414,clean,clean,,0.0
CARE:75522818,clean,clean,,0.0
CARE:75555776,clean,clean,,0.0
CARE:75576556,clean,clean,,0.0
CARE:76077843,clean,clean,,0.0
CARE:76115065,clean,clean,,0.0
CARE:76285296,clean,clean,,0.0
CARE:76314894,clean,clean,,0.0
CARE:76332112,clean,clean,,0.0
CARE:76405936,clean,clean,,0.0
CARE:76685030,clean,clean,,0.0
CARE:76709920,trap,rate_amendment,,0.0
CARE:76722175,trap,rounding_noise,lh,0.0
CARE:76746266,trap,bol_format,prefix_dash,0.0
CARE:76746266,trap,rate_amendment,,0.0
CARE:76755506,clean,clean,,0.0
CARE:76836790,trap,rounding_noise,lh+fsc,0.0
CARE:76846297,trap,rate_amendment,,0.0
CARE:76913102,trap,rate_amendment,,0.0
CARE:76936945,trap,rate_amendment,,0.0
CARE:76950193,clean,clean,,0.0
CARE:76956912,trap,rate_amendment,,0.0
CARE:76956912,trap,rounding_noise,fsc,0.0
CARE:76998738,clean,clean,,0.0
CARE:77024559,error,weight_overbilling,inflation,24.41
CARE:77122687,trap,late_authorization,liftgate,0.0
CARE:77245022,error,fsc_mismatch,wrong_week,5.29
CARE:77245022,trap,rate_amendment,,0.0
CARE:77258667,clean,clean,,0.0
CARE:77286020,trap,bol_format,spaces,0.0
CARE:77343009,clean,clean,,0.0
CARE:77418024,clean,clean,,0.0
CARE:77544942,clean,clean,,0.0
CARE:77618035,clean,clean,,0.0
CARE:77673695,trap,rate_amendment,,0.0
CARE:77673695,trap,rounding_noise,lh,0.0
CARE:77765341,error,phantom_invoice,,426.26
CARE:77809164,trap,late_authorization,residential,0.0
CARE:77888643,error,unauthorized_accessorial,residential,125.0
CARE:77939310,clean,clean,,0.0
CARE:77963943,trap,rate_amendment,,0.0
CARE:78133240,clean,clean,,0.0
CARE:78160035,trap,bol_format,prefix_hash,0.0
CARE:78200834,trap,bol_format,dashes,0.0
CARE:78243676,trap,bol_format,prefix_hash,0.0
CARE:78243676,trap,late_authorization,liftgate,0.0
CARE:78267611,clean,clean,,0.0
CARE:78296549,trap,rate_amendment,,0.0
CARE:78333224,trap,rate_amendment,,0.0
CARE:78343865,clean,clean,,0.0
CARE:78352554,trap,late_authorization,liftgate,0.0
CARE:78388058,clean,clean,,0.0
CARE:78450893,clean,clean,,0.0
CARE:78541263,clean,clean,,0.0
CARE:78542154,trap,rate_amendment,,0.0
CARE:78612472,clean,clean,,0.0
CARE:78613525,trap,rate_amendment,,0.0
CARE:78634291,clean,clean,,0.0
CARE:78656918,trap,late_authorization,liftgate,0.0
CARE:78656918,trap,rate_amendment,,0.0
CARE:78662556,trap,bol_format,prefix_hash,0.0
CARE:78826691,clean,clean,,0.0
CARE:78858520,trap,late_authorization,liftgate,0.0
CARE:78910893,trap,rate_amendment,,0.0
CARE:78940485,trap,bol_format,prefix_hash,0.0
CARE:78965867,trap,rate_amendment,,0.0
CARE:79000631,trap,rate_amendment,,0.0
CARE:79209444,trap,bol_format,prefix_hash,0.0
CARE:79209444,trap,rate_amendment,,0.0
CARE:79224484,clean,clean,,0.0
CARE:79290480,clean,clean,,0.0
CARE:79301841,clean,clean,,0.0
CARE:79555020,trap,rounding_noise,lh,0.0
CARE:79585403,trap,rate_amendment,,0.0
CARE:79641410,trap,late_authorization,residential,0.0
CARE:79670968,trap,bol_format,prefix_dash,0.0
CARE:79670968,trap,rate_amendment,,0.0
CARE:79693894,clean,clean,,0.0
CARE:79768263,clean,clean,,0.0
CARE:79770337,clean,clean,,0.0
CARE:79858746,trap,rate_amendment,,0.0
CARE:79882257,clean,clean,,0.0
CARE:79944911,trap,rate_amendment,,0.0
CARE:79951531,error,rate_overcharge,markup,7.81
CARE:79990009,trap,rate_amendment,,0.0
CARE:80059108,clean,clean,,0.0
CARE:80084461,trap,rate_amendment,,0.0
CARE:80099091,clean,clean,,0.0
CARE:80156741,clean,clean,,0.0
CARE:80255856,trap,bol_format,dashes,0.0
CARE:80318283,trap,balance_due,,0.0
CARE:80322466,clean,clean,,0.0
CARE:80324325,clean,clean,,0.0
CARE:80364167,trap,rate_amendment,,0.0
CARE:80405562,trap,bol_format,spaces,0.0
CARE:80405562,trap,rate_amendment,,0.0
CARE:80405562,trap,rebill,,0.0
CARE:80429047,clean,clean,,0.0
CARE:80580395,clean,clean,,0.0
CARE:80589793,clean,clean,,0.0
CARE:80617303,clean,clean,,0.0
CARE:80648406,clean,clean,,0.0
CARE:80711949,clean,clean,,0.0
CARE:80732972,clean,clean,,0.0
CARE:80752404,clean,clean,,0.0
CARE:80866964,clean,clean,,0.0
CARE:80873619,clean,clean,,0.0
CARE:80895937,trap,rate_amendment,,0.0
CARE:81058608,trap,bol_format,prefix_hash,0.0
CARE:81058608,trap,rate_amendment,,0.0
CARE:81063075,clean,clean,,0.0
CARE:81084940,clean,clean,,0.0
CARE:81159321,trap,rounding_noise,fsc,0.0
CARE:81251108,trap,bol_format,prefix_dash,0.0
CARE:81251108,trap,rate_amendment,,0.0
CARE:81304209,trap,rate_amendment,,0.0
CARE:81371478,trap,bol_format,prefix_hash,0.0
CARE:81371478,trap,rate_amendment,,0.0
CARE:81462597,clean,clean,,0.0
CARE:81462704,clean,clean,,0.0
CARE:81486463,error,rate_overcharge,sub_tolerance,2.01
CARE:81504303,trap,rate_amendment,,0.0
CARE:81645755,trap,bol_format,dashes,0.0
CARE:81647609,clean,clean,,0.0
CARE:81673618,clean,clean,,0.0
CARE:81808764,clean,clean,,0.0
CARE:81907830,clean,clean,,0.0
CARE:81954134,trap,bol_format,prefix_hash,0.0
CARE:82011424,trap,rate_amendment,,0.0
CARE:82026504,clean,clean,,0.0
CARE:82051194,clean,clean,,0.0
CARE:82074386,trap,bol_format,lowercase,0.0
CARE:82074386,trap,late_authorization,residential,0.0
CARE:82074386,trap,rounding_noise,lh+fsc,0.0
CARE:82129620,clean,clean,,0.0
CARE:82186397,error,rate_overcharge,markup,6.06
CARE:82219988,clean,clean,,0.0
CARE:82263890,error,fsc_mismatch,wrong_week,1.72
CARE:82263890,trap,rate_amendment,,0.0
CARE:82299569,trap,rate_amendment,,0.0
CARE:82328420,clean,clean,,0.0
CARE:82331248,trap,late_authorization,residential,0.0
CARE:82343442,trap,rounding_noise,lh,0.0
CARE:82360707,clean,clean,,0.0
CARE:82475823,trap,rate_amendment,,0.0
CARE:82538955,trap,rate_amendment,,0.0
CARE:82565860,trap,documented_reweigh,,0.0
CARE:82973047,clean,clean,,0.0
CARE:82985727,clean,clean,,0.0
CARE:83081865,trap,bol_format,lowercase,0.0
CARE:83121159,trap,documented_reweigh,,0.0
CARE:83121159,trap,rate_amendment,,0.0
CARE:83194351,clean,clean,,0.0
CARE:83282212,clean,clean,,0.0
CARE:83451574,trap,bol_format,prefix_dash,0.0
CARE:83457126,clean,clean,,0.0
CARE:83501642,trap,rate_amendment,,0.0
CARE:83574536,clean,clean,,0.0
CARE:83602482,clean,clean,,0.0
CARE:83637621,clean,clean,,0.0
CARE:83642000,clean,clean,,0.0
CARE:83669066,trap,documented_reweigh,,0.0
CARE:83669066,trap,rate_amendment,,0.0
CARE:83669066,trap,rounding_noise,lh+fsc,0.0
CARE:83697528,clean,clean,,0.0
CARE:83712922,clean,clean,,0.0
CARE:83713806,clean,clean,,0.0
CARE:83756046,clean,clean,,0.0
CARE:83793905,trap,bol_format,lowercase,0.0
CARE:83793905,trap,rounding_noise,fsc,0.0
CARE:83923643,clean,clean,,0.0
CARE:83944393,clean,clean,,0.0
CARE:84049802,clean,clean,,0.0
CARE:84071221,trap,late_authorization,liftgate,0.0
CARE:84091890,clean,clean,,0.0
CARE:84127842,clean,clean,,0.0
CARE:84194809,clean,clean,,0.0
CARE:84339539,clean,clean,,0.0
CARE:84404719,trap,rounding_noise,lh+fsc,0.0
CARE:84423850,trap,bol_format,zeros_dropped,0.0
CARE:84455438,clean,clean,,0.0
CARE:84658852,trap,late_authorization,liftgate,0.0
CARE:84658852,trap,rate_amendment,,0.0
CARE:84689910,clean,clean,,0.0
CARE:84703739,clean,clean,,0.0
CARE:84746344,superseded,superseded,,0.0
CARE:84805429,clean,clean,,0.0
CARE:84906014,clean,clean,,0.0
CARE:85023180,trap,rounding_noise,fsc,0.0
CARE:85273719,trap,rounding_noise,fsc,0.0
CARE:85626395,clean,clean,,0.0
CARE:85650974,clean,clean,,0.0
CARE:85662646,clean,clean,,0.0
CARE:85701516,error,weight_overbilling,inflation,103.68
CARE:85701516,trap,bol_format,spaces,0.0
CARE:85782087,trap,rebill,,0.0
CARE:85842088,trap,bol_format,lowercase,0.0
CARE:85851661,clean,clean,,0.0
CARE:86030782,trap,bol_format,prefix_hash,0.0
CARE:86030782,trap,late_authorization,residential,0.0
CARE:86318138,clean,clean,,0.0
CARE:86490422,trap,rounding_noise,lh+fsc,0.0
CARE:86552343,trap,late_authorization,residential,0.0
CARE:86552343,trap,rate_amendment,,0.0
CARE:86552343,trap,rounding_noise,fsc,0.0
CARE:86596143,superseded,superseded,,0.0
CARE:86657141,trap,rate_amendment,,0.0
CARE:86657141,trap,rounding_noise,fsc,0.0
CARE:86671606,clean,clean,,0.0
CARE:86687080,trap,rate_amendment,,0.0
CARE:86687080,trap,rounding_noise,fsc,0.0
CARE:86687614,clean,clean,,0.0
CARE:86688339,clean,clean,,0.0
CARE:86700323,clean,clean,,0.0
CARE:86716391,trap,bol_format,spaces,0.0
CARE:86804408,clean,clean,,0.0
CARE:86828612,clean,clean,,0.0
CARE:87057549,clean,clean,,0.0
CARE:87263283,clean,clean,,0.0
CARE:87522805,clean,clean,,0.0
CARE:87556508,clean,clean,,0.0
CARE:87676357,clean,clean,,0.0
CARE:87784887,clean,clean,,0.0
CARE:87803279,clean,clean,,0.0
CARE:88316748,clean,clean,,0.0
CARE:88358155,trap,balance_due,,0.0
CARE:88413844,clean,clean,,0.0
CARE:88529620,clean,clean,,0.0
CARE:88600765,error,rate_overcharge,markup,49.26
CARE:88616377,trap,bol_format,prefix_dash,0.0
CARE:88616377,trap,documented_reweigh,,0.0
CARE:88719532,clean,clean,,0.0
CARE:88763730,clean,clean,,0.0
CARE:88842115,trap,rounding_noise,lh,0.0
CARE:88916965,trap,rebill,,0.0
CARE:88941397,clean,clean,,0.0
CARE:88963508,trap,rounding_noise,lh,0.0
CARE:89038462,clean,clean,,0.0
CARE:89051212,clean,clean,,0.0
CARE:89079951,trap,bol_format,spaces,0.0
CARE:89079951,trap,late_authorization,liftgate,0.0
CARE:89198717,clean,clean,,0.0
CARE:89319610,clean,clean,,0.0
CARE:89448383,clean,clean,,0.0
CARE:89496324,trap,balance_due,,0.0
CARE:89501636,trap,rate_amendment,,0.0
CARE:89518713,clean,clean,,0.0
CARE:89527935,trap,rate_amendment,,0.0
CARE:89719535,trap,bol_format,spaces,0.0
CARE:89794987,trap,rounding_noise,fsc,0.0
CARE:89798465,trap,rate_amendment,,0.0
CARE:90150954,clean,clean,,0.0
CARE:90183150,trap,late_authorization,liftgate,0.0
CARE:90212281,clean,clean,,0.0
CARE:90244828,trap,rounding_noise,lh+fsc,0.0
CARE:90334225,trap,late_authorization,residential,0.0
CARE:90334239,clean,clean,,0.0
CARE:90786763,clean,clean,,0.0
CARE:90898947,trap,bol_format,prefix_hash,0.0
CARE:91062828,clean,clean,,0.0
CARE:91103549,clean,clean,,0.0
CARE:91176761,trap,rate_amendment,,0.0
CARE:91241913,trap,rate_amendment,,0.0
CARE:91368139,clean,clean,,0.0
CARE:91413526,clean,clean,,0.0
CARE:91542734,clean,clean,,0.0
CARE:91652710,error,unauthorized_accessorial,liftgate,95.0
CARE:91739904,trap,bol_format,spaces,0.0
CARE:91765267,trap,bol_format,spaces,0.0
CARE:91765267,trap,rate_amendment,,0.0
CARE:91765267,trap,rounding_noise,fsc,0.0
CARE:91819855,clean,clean,,0.0
CARE:91827188,clean,clean,,0.0
CARE:91872873,trap,late_authorization,residential,0.0
CARE:91882041,clean,clean,,0.0
CARE:91885620,trap,bol_format,prefix_hash,0.0
CARE:91885620,trap,rounding_noise,lh,0.0
CARE:91929196,clean,clean,,0.0
CARE:91930366,clean,clean,,0.0
CARE:92535039,trap,late_authorization,residential,0.0
CARE:92554067,trap,bol_format,lowercase,0.0
CARE:92598068,trap,rate_amendment,,0.0
CARE:92819246,superseded,superseded,,0.0
CARE:93095589,clean,clean,,0.0
CARE:93177231,clean,clean,,0.0
CARE:93413570,error,unauthorized_accessorial,residential,125.0
CARE:93436145,clean,clean,,0.0
CARE:93456464,clean,clean,,0.0
CARE:93586259,error,weight_overbilling,inflation,57.29
CARE:93586259,trap,rounding_noise,lh+fsc,0.0
CARE:93628947,clean,clean,,0.0
CARE:93631694,trap,bol_format,spaces,0.0
CARE:93660341,clean,clean,,0.0
CARE:93693528,clean,clean,,0.0
CARE:93810819,trap,late_authorization,liftgate,0.0
CARE:93897954,clean,clean,,0.0
CARE:93928624,error,weight_overbilling,inflation,49.87
CARE:94008328,clean,clean,,0.0
CARE:94009518,trap,rate_amendment,,0.0
CARE:94040839,clean,clean,,0.0
CARE:94142520,clean,clean,,0.0
CARE:94151443,clean,clean,,0.0
CARE:94311250,trap,bol_format,prefix_hash,0.0
CARE:94311250,trap,rounding_noise,lh,0.0
CARE:94374285,trap,rounding_noise,lh,0.0
CARE:94444075,trap,rounding_noise,lh,0.0
CARE:94521936,clean,clean,,0.0
CARE:94635027,clean,clean,,0.0
CARE:94640194,clean,clean,,0.0
CARE:94649475,trap,rate_amendment,,0.0
CARE:94658206,clean,clean,,0.0
CARE:94666324,trap,late_authorization,liftgate,0.0
CARE:94706139,clean,clean,,0.0
CARE:94736178,trap,rate_amendment,,0.0
CARE:94817336,clean,clean,,0.0
CARE:94829422,trap,bol_format,lowercase,0.0
CARE:94903140,trap,rate_amendment,,0.0
CARE:94953373,trap,bol_format,lowercase,0.0
CARE:95016507,clean,clean,,0.0
CARE:95065614,trap,rate_amendment,,0.0
CARE:95184894,trap,late_authorization,liftgate,0.0
CARE:95184894,trap,rate_amendment,,0.0
CARE:95194807,clean,clean,,0.0
CARE:95321370,trap,bol_format,prefix_hash,0.0
CARE:95321370,trap,rate_amendment,,0.0
CARE:95321370,trap,rounding_noise,lh+fsc,0.0
CARE:95506112,trap,rate_amendment,,0.0
CARE:95506112,trap,rounding_noise,fsc,0.0
CARE:95695353,trap,bol_format,prefix_dash,0.0
CARE:95695353,trap,rate_amendment,,0.0
CARE:95883273,trap,bol_format,lowercase,0.0
CARE:95984024,trap,rate_amendment,,0.0
CARE:96023438,clean,clean,,0.0
CARE:96028054,trap,late_authorization,liftgate,0.0
CARE:96036712,trap,bol_format,dashes,0.0
CARE:96103665,clean,clean,,0.0
CARE:96113317,trap,balance_due,,0.0
CARE:96120420,clean,clean,,0.0
CARE:96123931,trap,documented_reweigh,,0.0
CARE:96152860,clean,clean,,0.0
CARE:96155066,clean,clean,,0.0
CARE:96234323,clean,clean,,0.0
CARE:96431046,clean,clean,,0.0
CARE:96492187,trap,documented_reweigh,,0.0
CARE:96518552,clean,clean,,0.0
CARE:96522953,clean,clean,,0.0
CARE:96595390,clean,clean,,0.0
CARE:96599042,error,weight_overbilling,inflation,303.4
CARE:96624694,clean,clean,,0.0
CARE:96632053,clean,clean,,0.0
CARE:96685103,clean,clean,,0.0
CARE:96728410,clean,clean,,0.0
CARE:96743552,trap,rebill,,0.0
CARE:96744848,clean,clean,,0.0
CARE:96760366,clean,clean,,0.0
CARE:96762686,clean,clean,,0.0
CARE:96768253,trap,rate_amendment,,0.0
CARE:96795684,clean,clean,,0.0
CARE:96858671,trap,rate_amendment,,0.0
CARE:96862429,clean,clean,,0.0
CARE:96880215,clean,clean,,0.0
CARE:96907106,clean,clean,,0.0
CARE:97103043,trap,rounding_noise,lh,0.0
CARE:97121969,clean,clean,,0.0
CARE:97153561,clean,clean,,0.0
CARE:97269707,error,unauthorized_accessorial,residential,125.0
CARE:97269707,trap,rate_amendment,,0.0
CARE:97423270,trap,rate_amendment,,0.0
CARE:97480598,clean,clean,,0.0
CARE:97523608,clean,clean,,0.0
CARE:97643827,clean,clean,,0.0
CARE:97680533,clean,clean,,0.0
CARE:97760628,error,unauthorized_accessorial,residential,125.0
CARE:97811550,clean,clean,,0.0
CARE:97815184,trap,rate_amendment,,0.0
CARE:97943428,error,duplicate_invoice,rekeyed,1056.05
CARE:98016273,superseded,superseded,,0.0
CARE:98038420,trap,rate_amendment,,0.0
CARE:98059640,trap,rate_amendment,,0.0
CARE:98109853,clean,clean,,0.0
CARE:98121217,clean,clean,,0.0
CARE:98180335,clean,clean,,0.0
CARE:98271617,clean,clean,,0.0
CARE:98398556,clean,clean,,0.0
CARE:98440159,clean,clean,,0.0
CARE:98450405,clean,clean,,0.0
CARE:98480722,error,weight_overbilling,inflation,98.88
CARE:98480722,trap,rate_amendment,,0.0
CARE:98483849,clean,clean,,0.0
CARE:98692627,trap,rounding_noise,lh,0.0
CARE:98796132,trap,rate_amendment,,0.0
CARE:98819660,clean,clean,,0.0
CARE:99005345,clean,clean,,0.0
CARE:99043657,clean,clean,,0.0
CARE:99190689,clean,clean,,0.0
CARE:99243753,trap,rate_amendment,,0.0
CARE:99251684,clean,clean,,0.0
CARE:99270468,clean,clean,,0.0
CARE:99494832,trap,bol_format,lowercase,0.0
CARE:99494832,trap,rounding_noise,fsc,0.0
CARE:99572521,trap,rate_amendment,,0.0
CARE:99692156,trap,bol_format,prefix_dash,0.0
CARE:99692156,trap,rate_amendment,,0.0
CARE:99750193,clean,clean,,0.0
CARF:00168414,clean,clean,,0.0
CARF:00217323,trap,rounding_noise,lh+fsc,0.0
CARF:00218891,error,fsc_mismatch,wrong_table,49.8
CARF:00219557,trap,balance_due,,0.0
CARF:00284044,clean,clean,,0.0
CARF:00426123,clean,clean,,0.0
CARF:00490748,error,fsc_mismatch,wrong_table,49.35
CARF:00503805,clean,clean,,0.0
CARF:00582329,clean,clean,,0.0
CARF:00586006,clean,clean,,0.0
CARF:00625452,error,fsc_mismatch,wrong_step,33.24
CARF:00631639,clean,clean,,0.0
CARF:00853090,clean,clean,,0.0
CARF:00916184,trap,rounding_noise,fsc,0.0
CARF:01189948,clean,clean,,0.0
CARF:01350587,error,fsc_mismatch,wrong_table,65.33
CARF:01350587,trap,bol_format,spaces,0.0
CARF:01376135,error,fsc_mismatch,wrong_table,45.9
CARF:01376135,trap,bol_format,spaces,0.0
CARF:01786079,clean,clean,,0.0
CARF:01818017,clean,clean,,0.0
CARF:02104426,clean,clean,,0.0
CARF:02497520,clean,clean,,0.0
CARF:02526078,error,fsc_mismatch,wrong_table,58.57
CARF:02625810,trap,rounding_noise,lh,0.0
CARF:02739188,clean,clean,,0.0
CARF:02830694,error,fsc_mismatch,wrong_table,44.69
CARF:02830694,error,rate_overcharge,markup,207.41
CARF:02830694,trap,rounding_noise,lh+fsc,0.0
CARF:03003734,clean,clean,,0.0
CARF:03065499,trap,bol_format,prefix_dash,0.0
CARF:03135104,error,fsc_mismatch,wrong_table,14.21
CARF:03152961,trap,rounding_noise,fsc,0.0
CARF:03161274,trap,bol_format,spaces,0.0
CARF:03279148,error,fsc_mismatch,wrong_week,5.71
CARF:03279148,trap,rounding_noise,fsc,0.0
CARF:03534487,clean,clean,,0.0
CARF:03775313,clean,clean,,0.0
CARF:03881248,error,fsc_mismatch,wrong_step,100.72
CARF:03901331,clean,clean,,0.0
CARF:04191346,clean,clean,,0.0
CARF:04193204,clean,clean,,0.0
CARF:04213604,error,fsc_mismatch,wrong_table,8.86
CARF:04247886,clean,clean,,0.0
CARF:04325703,error,fsc_mismatch,wrong_table,57.75
CARF:04325703,trap,rate_amendment,,0.0
CARF:04582152,clean,clean,,0.0
CARF:04596530,clean,clean,,0.0
CARF:04654747,trap,bol_format,dashes,0.0
CARF:05008952,error,fsc_mismatch,wrong_table,32.55
CARF:05191462,clean,clean,,0.0
CARF:05276312,trap,bol_format,spaces,0.0
CARF:05375985,clean,clean,,0.0
CARF:05407325,trap,bol_format,prefix_hash,0.0
CARF:05410985,clean,clean,,0.0
CARF:05566222,clean,clean,,0.0
CARF:05680855,clean,clean,,0.0
CARF:05681747,clean,clean,,0.0
CARF:06010623,error,phantom_invoice,,3556.9
CARF:06050785,clean,clean,,0.0
CARF:06156530,error,fsc_mismatch,wrong_table,57.33
CARF:06156530,trap,rate_amendment,,0.0
CARF:06160923,clean,clean,,0.0
CARF:06271989,clean,clean,,0.0
CARF:06359607,trap,bol_format,prefix_hash,0.0
CARF:06411461,clean,clean,,0.0
CARF:06532828,error,fsc_mismatch,wrong_table,91.18
CARF:06620393,clean,clean,,0.0
CARF:06640023,clean,clean,,0.0
CARF:06952958,clean,clean,,0.0
CARF:07010085,trap,bol_format,spaces,0.0
CARF:07072572,clean,clean,,0.0
CARF:07120466,clean,clean,,0.0
CARF:07382863,clean,clean,,0.0
CARF:07485533,trap,rounding_noise,fsc,0.0
CARF:07498846,clean,clean,,0.0
CARF:07684576,clean,clean,,0.0
CARF:07714215,superseded,superseded,,0.0
CARF:08232475,error,fsc_mismatch,wrong_table,25.13
CARF:08304119,clean,clean,,0.0
CARF:08446890,clean,clean,,0.0
CARF:08517291,clean,clean,,0.0
CARF:08633372,clean,clean,,0.0
CARF:08634020,error,fsc_mismatch,wrong_table,21.74
CARF:08709517,clean,clean,,0.0
CARF:09027497,clean,clean,,0.0
CARF:09092659,superseded,superseded,,0.0
CARF:09328026,clean,clean,,0.0
CARF:09392301,error,fsc_mismatch,wrong_table,13.87
CARF:09398372,clean,clean,,0.0
CARF:09612700,error,fsc_mismatch,wrong_table,62.94
CARF:09684723,error,phantom_invoice,,1531.8
CARF:09685134,clean,clean,,0.0
CARF:09817269,clean,clean,,0.0
CARF:09992244,error,fsc_mismatch,wrong_table,62.94
CARF:10032829,error,unauthorized_accessorial,detention,150.0
CARF:10057068,clean,clean,,0.0
CARF:10307655,error,fsc_mismatch,wrong_week,1.18
CARF:10307655,trap,bol_format,dashes,0.0
CARF:10377387,error,fsc_mismatch,wrong_table,35.93
CARF:10380822,trap,bol_format,lowercase,0.0
CARF:10529731,error,fsc_mismatch,wrong_table,29.58
CARF:11060006,trap,rebill,,0.0
CARF:11261618,clean,clean,,0.0
CARF:11534962,error,fsc_mismatch,wrong_table,80.01
CARF:11973012,clean,clean,,0.0
CARF:12156381,clean,clean,,0.0
CARF:12312879,error,fsc_mismatch,wrong_table,89.7
CARF:12331481,trap,rebill,,0.0
CARF:12719929,clean,clean,,0.0
CARF:12953349,clean,clean,,0.0
CARF:12963997,error,fsc_mismatch,wrong_table,63.89
CARF:13029930,clean,clean,,0.0
CARF:13144693,clean,clean,,0.0
CARF:13255094,clean,clean,,0.0
CARF:13330971,clean,clean,,0.0
CARF:13405257,clean,clean,,0.0
CARF:13554926,error,phantom_invoice,,836.22
CARF:13566309,clean,clean,,0.0
CARF:13760092,error,fsc_mismatch,wrong_table,50.35
CARF:13806743,trap,bol_format,dashes,0.0
CARF:13840525,clean,clean,,0.0
CARF:14284536,error,duplicate_invoice,rekeyed,5691.37
CARF:14285055,clean,clean,,0.0
CARF:14467088,clean,clean,,0.0
CARF:14554643,trap,rate_amendment,,0.0
CARF:14664665,trap,rounding_noise,fsc,0.0
CARF:14967878,clean,clean,,0.0
CARF:15160230,error,fsc_mismatch,wrong_step,26.12
CARF:15265212,trap,bol_format,prefix_dash,0.0
CARF:15277433,clean,clean,,0.0
CARF:15752080,trap,late_authorization,detention,0.0
CARF:16068205,clean,clean,,0.0
CARF:16110220,trap,bol_format,prefix_dash,0.0
CARF:16147833,error,fsc_mismatch,wrong_table,34.96
CARF:16170277,clean,clean,,0.0
CARF:16209036,clean,clean,,0.0
CARF:16224959,clean,clean,,0.0
CARF:16314212,clean,clean,,0.0
CARF:16314640,error,fsc_mismatch,wrong_table,10.37
CARF:16314640,trap,late_authorization,detention,0.0
CARF:16362635,trap,bol_format,lowercase,0.0
CARF:16638204,error,fsc_mismatch,wrong_table,47.76
CARF:16753134,error,fsc_mismatch,wrong_table,13.25
CARF:16755095,trap,bol_format,prefix_hash,0.0
CARF:16771893,trap,bol_format,prefix_hash,0.0
CARF:16893897,error,fsc_mismatch,wrong_table,12.87
CARF:16893897,trap,bol_format,lowercase,0.0
CARF:17062821,clean,clean,,0.0
CARF:17347267,error,fsc_mismatch,wrong_table,13.25
CARF:17586436,clean,clean,,0.0
CARF:18034528,clean,clean,,0.0
CARF:18214226,clean,clean,,0.0
CARF:18443406,error,fsc_mismatch,wrong_table,82.34
CARF:18661219,clean,clean,,0.0
CARF:18741660,trap,rounding_noise,lh+fsc,0.0
CARF:18781454,trap,bol_format,lowercase,0.0
CARF:19450751,clean,clean,,0.0
CARF:19530787,clean,clean,,0.0
CARF:19532450,trap,bol_format,spaces,0.0
CARF:19728468,error,fsc_mismatch,wrong_table,49.1
CARF:19728468,trap,bol_format,dashes,0.0
CARF:19795047,trap,rounding_noise,fsc,0.0
CARF:20226484,trap,rebill,,0.0
CARF:20307036,error,fsc_mismatch,wrong_table,36.64
CARF:20413316,trap,bol_format,spaces,0.0
CARF:20491024,clean,clean,,0.0
CARF:20542559,trap,bol_format,spaces,0.0
CARF:20675808,trap,bol_format,dashes,0.0
CARF:20675808,trap,rounding_noise,lh+fsc,0.0
CARF:20959628,trap,bol_format,dashes,0.0
CARF:21047876,clean,clean,,0.0
CARF:21145748,trap,rounding_noise,lh,0.0
CARF:21152193,clean,clean,,0.0
CARF:21200612,error,fsc_mismatch,wrong_table,106.06
CARF:21200612,trap,rounding_noise,lh+fsc,0.0
CARF:21222474,error,phantom_invoice,,1535.42
CARF:21254596,error,fsc_mismatch,wrong_table,92.05
CARF:21303597,clean,clean,,0.0
CARF:21353518,error,fsc_mismatch,wrong_table,8.06
CARF:21353518,trap,rounding_noise,fsc,0.0
CARF:21490974,trap,bol_format,spaces,0.0
CARF:21512866,clean,clean,,0.0
CARF:21729717,error,fsc_mismatch,wrong_table,52.43
CARF:21729717,trap,rate_amendment,,0.0
CARF:22142047,clean,clean,,0.0
CARF:22177349,clean,clean,,0.0
CARF:22184569,error,fsc_mismatch,wrong_table,48.47
CARF:22212524,clean,clean,,0.0
CARF:22673081,clean,clean,,0.0
CARF:22917218,clean,clean,,0.0
CARF:23099438,error,fsc_mismatch,wrong_table,22.92
CARF:23286198,trap,bol_format,prefix_hash,0.0
CARF:23286198,trap,rebill,,0.0
CARF:23447482,trap,late_authorization,detention,0.0
CARF:23591929,clean,clean,,0.0
CARF:23618094,clean,clean,,0.0
CARF:23718426,trap,bol_format,dashes,0.0
CARF:24055776,error,fsc_mismatch,wrong_table,43.44
CARF:24055776,trap,bol_format,prefix_dash,0.0
CARF:24291774,clean,clean,,0.0
CARF:24319395,clean,clean,,0.0
CARF:24553168,clean,clean,,0.0
CARF:24684610,trap,bol_format,prefix_dash,0.0
CARF:24732457,clean,clean,,0.0
CARF:24749083,clean,clean,,0.0
CARF:24845542,clean,clean,,0.0
CARF:24867832,clean,clean,,0.0
CARF:24990491,error,fsc_mismatch,wrong_table,50.82
CARF:25047821,clean,clean,,0.0
CARF:25300128,clean,clean,,0.0
CARF:25333656,trap,bol_format,dashes,0.0
CARF:25400164,error,rate_overcharge,markup,277.43
CARF:25476657,clean,clean,,0.0
CARF:25586210,clean,clean,,0.0
CARF:25625340,clean,clean,,0.0
CARF:25787484,clean,clean,,0.0
CARF:25800798,error,fsc_mismatch,wrong_table,26.85
CARF:25835436,error,fsc_mismatch,wrong_table,9.27
CARF:25849177,error,fsc_mismatch,wrong_table,58.63
CARF:26040169,clean,clean,,0.0
CARF:26044665,error,fsc_mismatch,wrong_table,58.57
CARF:26044665,trap,bol_format,dashes,0.0
CARF:26203604,error,duplicate_invoice,rekeyed,2927.74
CARF:26206562,trap,bol_format,dashes,0.0
CARF:26429743,error,rate_overcharge,sub_tolerance,30.18
CARF:26471918,error,fsc_mismatch,wrong_table,34.75
CARF:26672833,trap,rate_amendment,,0.0
CARF:26891825,trap,rounding_noise,lh,0.0
CARF:26964747,clean,clean,,0.0
CARF:27326907,clean,clean,,0.0
CARF:27487087,clean,clean,,0.0
CARF:27613577,trap,bol_format,prefix_dash,0.0
CARF:27764623,error,fsc_mismatch,wrong_table,81.71
CARF:27775605,trap,bol_format,prefix_dash,0.0
CARF:27784624,error,fsc_mismatch,wrong_step,10.52
CARF:27784624,trap,rounding_noise,lh,0.0
CARF:27978118,clean,clean,,0.0
CARF:28238565,clean,clean,,0.0
CARF:28347475,clean,clean,,0.0
CARF:28434535,error,fsc_mismatch,wrong_table,23.79
CARF:28437631,clean,clean,,0.0
CARF:28470117,trap,late_authorization,detention,0.0
CARF:28470117,trap,rounding_noise,lh,0.0
CARF:28612334,clean,clean,,0.0
CARF:28631649,error,fsc_mismatch,wrong_table,56.47
CARF:28631649,trap,rate_amendment,,0.0
CARF:28667570,trap,bol_format,prefix_hash,0.0
CARF:28688749,error,fsc_mismatch,wrong_table,32.33
CARF:28839180,clean,clean,,0.0
CARF:28868054,trap,bol_format,spaces,0.0
CARF:29236417,clean,clean,,0.0
CARF:29406950,error,fsc_mismatch,wrong_table,90.04
CARF:29508026,clean,clean,,0.0
CARF:29513421,trap,bol_format,spaces,0.0
CARF:29561606,error,fsc_mismatch,wrong_step,100.81
CARF:29561606,trap,bol_format,dashes,0.0
CARF:29668679,clean,clean,,0.0
CARF:29701421,clean,clean,,0.0
CARF:29895399,error,fsc_mismatch,wrong_step,46.33
CARF:29948769,clean,clean,,0.0
CARF:29972703,trap,rounding_noise,fsc,0.0
CARF:30026813,error,fsc_mismatch,wrong_table,21.37
CARF:30127889,trap,bol_format,prefix_hash,0.0
CARF:30163213,clean,clean,,0.0
CARF:30456677,clean,clean,,0.0
CARF:30511285,clean,clean,,0.0
CARF:30524086,clean,clean,,0.0
CARF:30534336,clean,clean,,0.0
CARF:30607748,trap,bol_format,spaces,0.0
CARF:30723299,error,fsc_mismatch,wrong_table,35.6
CARF:30723299,trap,rounding_noise,fsc,0.0
CARF:30844669,clean,clean,,0.0
CARF:30848332,clean,clean,,0.0
CARF:30965482,trap,rate_amendment,,0.0
CARF:31237891,error,fsc_mismatch,wrong_table,35.54
CARF:31288537,clean,clean,,0.0
CARF:31320445,error,fsc_mismatch,wrong_table,103.73
CARF:31320445,trap,bol_format,prefix_hash,0.0
CARF:31420007,error,rate_overcharge,markup,40.92
CARF:31420007,error,unauthorized_accessorial,detention,300.0
CARF:31478676,error,fsc_mismatch,wrong_table,10.14
CARF:31869618,clean,clean,,0.0
CARF:31894504,superseded,superseded,,0.0
CARF:31938310,trap,late_authorization,detention,0.0
CARF:31962949,error,fsc_mismatch,wrong_table,13.24
CARF:31990412,clean,clean,,0.0
CARF:32200849,clean,clean,,0.0
CARF:32235982,clean,clean,,0.0
CARF:32409773,clean,clean,,0.0
CARF:32659975,clean,clean,,0.0
CARF:32717753,clean,clean,,0.0
CARF:32741618,clean,clean,,0.0
CARF:33086065,error,fsc_mismatch,wrong_table,9.99
CARF:33086065,trap,rounding_noise,lh+fsc,0.0
CARF:33140078,clean,clean,,0.0
CARF:33460210,trap,bol_format,prefix_hash,0.0
CARF:33781863,clean,clean,,0.0
CARF:33815913,clean,clean,,0.0
CARF:33965083,clean,clean,,0.0
CARF:33989835,clean,clean,,0.0
CARF:34009934,clean,clean,,0.0
CARF:34114270,error,fsc_mismatch,wrong_table,45.11
CARF:34114270,trap,late_authorization,detention,0.0
CARF:34118918,clean,clean,,0.0
CARF:34159736,clean,clean,,0.0
CARF:34208513,clean,clean,,0.0
CARF:34226127,trap,bol_format,lowercase,0.0
CARF:34937389,trap,rounding_noise,lh,0.0
CARF:35135438,error,fsc_mismatch,wrong_table,30.47
CARF:35135438,trap,rounding_noise,lh,0.0
CARF:35504480,error,fsc_mismatch,wrong_table,82.34
CARF:35689813,clean,clean,,0.0
CARF:35749286,clean,clean,,0.0
CARF:35934254,error,fsc_mismatch,wrong_week,12.31
CARF:36209720,clean,clean,,0.0
CARF:36757382,clean,clean,,0.0
CARF:36820407,clean,clean,,0.0
CARF:36910035,error,fsc_mismatch,wrong_table,97.09
CARF:37075501,error,fsc_mismatch,wrong_table,84.59
CARF:37075501,trap,bol_format,lowercase,0.0
CARF:37148822,clean,clean,,0.0
CARF:37313879,error,fsc_mismatch,wrong_table,45.18
CARF:37893533,clean,clean,,0.0
CARF:37938273,error,fsc_mismatch,wrong_table,8.07
CARF:38350183,error,fsc_mismatch,wrong_table,52.55
CARF:38350183,trap,rate_amendment,,0.0
CARF:38389836,clean,clean,,0.0
CARF:38416862,clean,clean,,0.0
CARF:38457503,error,fsc_mismatch,wrong_table,53.57
CARF:38716668,clean,clean,,0.0
CARF:38817589,clean,clean,,0.0
CARF:38863965,clean,clean,,0.0
CARF:38950401,clean,clean,,0.0
CARF:38988178,error,fsc_mismatch,wrong_table,35.86
CARF:39004911,clean,clean,,0.0
CARF:39170913,clean,clean,,0.0
CARF:39331811,error,fsc_mismatch,wrong_table,26.91
CARF:39401079,trap,bol_format,spaces,0.0
CARF:39401079,trap,late_authorization,detention,0.0
CARF:39530670,clean,clean,,0.0
CARF:39652449,clean,clean,,0.0
CARF:39702942,clean,clean,,0.0
CARF:39813666,trap,rounding_noise,fsc,0.0
CARF:39832845,error,fsc_mismatch,wrong_table,48.92
CARF:39955800,clean,clean,,0.0
CARF:40059731,clean,clean,,0.0
CARF:40197014,error,fsc_mismatch,wrong_table,96.94
CARF:40284731,clean,clean,,0.0
CARF:40332336,clean,clean,,0.0
CARF:40777610,clean,clean,,0.0
CARF:41104276,clean,clean,,0.0
CARF:41366199,clean,clean,,0.0
CARF:41457545,clean,clean,,0.0
CARF:41494542,error,fsc_mismatch,wrong_table,74.45
CARF:41650850,clean,clean,,0.0
CARF:41840913,clean,clean,,0.0
CARF:41993561,clean,clean,,0.0
CARF:42702936,clean,clean,,0.0
CARF:42912995,clean,clean,,0.0
CARF:43004009,trap,bol_format,dashes,0.0
CARF:43035181,clean,clean,,0.0
CARF:43430166,clean,clean,,0.0
CARF:43586079,clean,clean,,0.0
CARF:43587710,error,fsc_mismatch,wrong_table,30.47
CARF:43668387,clean,clean,,0.0
CARF:44154324,clean,clean,,0.0
CARF:44281400,clean,clean,,0.0
CARF:44297701,clean,clean,,0.0
CARF:44339723,error,fsc_mismatch,wrong_table,33.62
CARF:44339723,trap,rounding_noise,lh,0.0
CARF:44352742,clean,clean,,0.0
CARF:44476919,error,fsc_mismatch,wrong_table,106.42
CARF:44513099,error,fsc_mismatch,wrong_table,13.23
CARF:44513099,trap,bol_format,dashes,0.0
CARF:44513099,trap,rounding_noise,lh+fsc,0.0
CARF:44595088,error,fsc_mismatch,wrong_table,46.19
CARF:44595088,trap,bol_format,dashes,0.0
CARF:44600576,clean,clean,,0.0
CARF:44617712,error,fsc_mismatch,wrong_table,88.27
CARF:44617712,error,rate_overcharge,markup,715.89
CARF:44623547,error,fsc_mismatch,wrong_table,43.51
CARF:44623547,trap,rounding_noise,fsc,0.0
CARF:44840700,error,fsc_mismatch,wrong_table,30.43
CARF:45130076,clean,clean,,0.0
CARF:45256455,trap,rounding_noise,lh,0.0
CARF:45505830,trap,bol_format,dashes,0.0
CARF:45539292,trap,bol_format,lowercase,0.0
CARF:45909478,error,fsc_mismatch,wrong_table,106.42
CARF:45909478,trap,late_authorization,detention,0.0
CARF:45956315,trap,bol_format,prefix_hash,0.0
CARF:46019439,error,fsc_mismatch,wrong_table,45.9
CARF:46151165,error,fsc_mismatch,wrong_table,12.92
CARF:46267978,clean,clean,,0.0
CARF:46472961,error,fsc_mismatch,wrong_step,99.23
CARF:46717115,trap,rebill,,0.0
CARF:46799604,clean,clean,,0.0
CARF:46982767,clean,clean,,0.0
CARF:47024574,error,fsc_mismatch,wrong_table,14.54
CARF:47125533,error,fsc_mismatch,wrong_table,33.82
CARF:47233313,trap,bol_format,prefix_dash,0.0
CARF:47291086,error,fsc_mismatch,wrong_table,56.47
CARF:47291086,trap,rate_amendment,,0.0
CARF:47392535,error,fsc_mismatch,wrong_table,54.37
CARF:47392535,error,rate_overcharge,markup,234.97
CARF:47392535,trap,rate_amendment,,0.0
CARF:47478524,trap,rate_amendment,,0.0
CARF:47478524,trap,rebill,,0.0
CARF:47481733,clean,clean,,0.0
CARF:47492592,clean,clean,,0.0
CARF:48291594,error,fsc_mismatch,wrong_table,32.45
CARF:48291594,trap,rounding_noise,lh+fsc,0.0
CARF:48302889,error,unauthorized_accessorial,detention,75.0
CARF:48363196,clean,clean,,0.0
CARF:48392583,clean,clean,,0.0
CARF:48492577,trap,bol_format,dashes,0.0
CARF:48691341,error,fsc_mismatch,wrong_table,8.06
CARF:48834424,clean,clean,,0.0
CARF:49187253,clean,clean,,0.0
CARF:49537359,trap,rebill,,0.0
CARF:49581419,error,fsc_mismatch,wrong_table,14.39
CARF:49581419,trap,bol_format,spaces,0.0
CARF:49752198,error,fsc_mismatch,wrong_table,33.94
CARF:49783767,clean,clean,,0.0
CARF:49796233,trap,bol_format,dashes,0.0
CARF:49796233,trap,rounding_noise,lh,0.0
CARF:49809485,trap,bol_format,lowercase,0.0
CARF:49946536,trap,late_authorization,detention,0.0
CARF:50255019,error,fsc_mismatch,wrong_table,49.8
CARF:50257267,error,fsc_mismatch,wrong_table,43.51
CARF:50289805,clean,clean,,0.0
CARF:50290087,error,rate_overcharge,sub_tolerance,8.86
CARF:50329623,clean,clean,,0.0
CARF:50451475,trap,bol_format,prefix_dash,0.0
CARF:50462460,clean,clean,,0.0
CARF:50473223,trap,bol_format,lowercase,0.0
CARF:50473223,trap,rounding_noise,fsc,0.0
CARF:50499021,clean,clean,,0.0
CARF:50500683,clean,clean,,0.0
CARF:50518726,superseded,superseded,,0.0
CARF:50742632,clean,clean,,0.0
CARF:50818822,error,fsc_mismatch,wrong_table,26.08
CARF:50920745,error,fsc_mismatch,wrong_table,8.87
CARF:50920745,trap,rounding_noise,lh+fsc,0.0
CARF:50955157,clean,clean,,0.0
CARF:51250773,error,fsc_mismatch,wrong_table,8.06
CARF:51479871,error,fsc_mismatch,wrong_table,47.76
CARF:51479871,error,rate_overcharge,sub_tolerance,9.81
CARF:51502206,clean,clean,,0.0
CARF:51660503,trap,bol_format,dashes,0.0
CARF:51670053,error,rate_overcharge,sub_tolerance,42.7
CARF:51784715,clean,clean,,0.0
CARF:51850657,trap,rounding_noise,lh+fsc,0.0
CARF:51995792,clean,clean,,0.0
CARF:52173268,error,fsc_mismatch,wrong_table,35.6
CARF:52241621,clean,clean,,0.0
CARF:52580717,error,fsc_mismatch,wrong_table,59.56
CARF:52586694,clean,clean,,0.0
CARF:52949164,trap,bol_format,spaces,0.0
CARF:52949164,trap,rounding_noise,lh,0.0
CARF:53058562,error,fsc_mismatch,wrong_table,46.7
CARF:53396385,error,fsc_mismatch,wrong_week,41.84
CARF:53571586,clean,clean,,0.0
CARF:53640404,clean,clean,,0.0
CARF:53654357,superseded,superseded,,0.0
CARF:53742574,clean,clean,,0.0
CARF:53749871,clean,clean,,0.0
CARF:53819241,clean,clean,,0.0
CARF:53842257,clean,clean,,0.0
CARF:53950713,clean,clean,,0.0
CARF:54193322,clean,clean,,0.0
CARF:54239767,clean,clean,,0.0
CARF:54324633,error,fsc_mismatch,wrong_week,1.68
CARF:54417564,trap,bol_format,spaces,0.0
CARF:54601781,clean,clean,,0.0
CARF:54610639,clean,clean,,0.0
CARF:54686442,clean,clean,,0.0
CARF:55422668,clean,clean,,0.0
CARF:55608028,clean,clean,,0.0
CARF:55660491,clean,clean,,0.0
CARF:55739923,clean,clean,,0.0
CARF:55769687,clean,clean,,0.0
CARF:55887086,clean,clean,,0.0
CARF:55941516,clean,clean,,0.0
CARF:56032017,trap,bol_format,dashes,0.0
CARF:56131851,superseded,superseded,,0.0
CARF:56336889,error,phantom_invoice,,4937.69
CARF:56486495,trap,rate_amendment,,0.0
CARF:56532411,clean,clean,,0.0
CARF:56644503,trap,rounding_noise,lh+fsc,0.0
CARF:56733675,clean,clean,,0.0
CARF:56792240,clean,clean,,0.0
CARF:57227110,error,fsc_mismatch,wrong_table,56.47
CARF:57227110,trap,rate_amendment,,0.0
CARF:57319698,trap,bol_format,spaces,0.0
CARF:57319698,trap,rounding_noise,lh+fsc,0.0
CARF:57389494,error,fsc_mismatch,wrong_table,36.64
CARF:57714559,clean,clean,,0.0
CARF:57738917,clean,clean,,0.0
CARF:58208346,error,duplicate_invoice,rekeyed,841.31
CARF:58551827,clean,clean,,0.0
CARF:58563671,trap,rounding_noise,lh,0.0
CARF:58655174,superseded,superseded,,0.0
CARF:58799357,superseded,superseded,,0.0
CARF:58920352,error,fsc_mismatch,wrong_table,13.25
CARF:59238869,error,fsc_mismatch,wrong_table,23.34
CARF:59238869,trap,bol_format,spaces,0.0
CARF:59368389,clean,clean,,0.0
CARF:59599975,trap,rounding_noise,lh,0.0
CARF:59759318,error,fsc_mismatch,wrong_table,34.65
CARF:59770225,error,fsc_mismatch,wrong_table,87.85
CARF:60026332,clean,clean,,0.0
CARF:60039209,error,fsc_mismatch,wrong_table,26.08
CARF:60039209,trap,bol_format,prefix_hash,0.0
CARF:60259351,error,fsc_mismatch,wrong_table,90.04
CARF:60259351,trap,bol_format,prefix_dash,0.0
CARF:60259351,trap,late_authorization,detention,0.0
CARF:60281618,clean,clean,,0.0
CARF:60545252,error,fsc_mismatch,wrong_table,62.94
CARF:60557716,error,fsc_mismatch,wrong_table,104.22
CARF:60635396,clean,clean,,0.0
CARF:60682465,error,rate_overcharge,markup,203.1
CARF:60768009,clean,clean,,0.0
CARF:61206083,clean,clean,,0.0
CARF:61678293,error,fsc_mismatch,wrong_table,25.66
CARF:61827716,clean,clean,,0.0
CARF:62005712,clean,clean,,0.0
CARF:62428133,clean,clean,,0.0
CARF:62439697,error,fsc_mismatch,wrong_table,52.52
CARF:62439697,error,rate_overcharge,markup,219.51
CARF:62671311,clean,clean,,0.0
CARF:62785256,clean,clean,,0.0
CARF:62869772,error,fsc_mismatch,wrong_table,74.54
CARF:62869772,trap,rounding_noise,fsc,0.0
CARF:62873042,error,fsc_mismatch,wrong_table,97.09
CARF:63114431,clean,clean,,0.0
CARF:63138510,clean,clean,,0.0
CARF:63253962,trap,bol_format,zeros_dropped,0.0
CARF:63379489,error,fsc_mismatch,wrong_table,13.69
CARF:63404030,trap,late_authorization,detention,0.0
CARF:63749001,error,unauthorized_accessorial,detention,75.0
CARF:63871160,error,fsc_mismatch,wrong_table,53.43
CARF:64105163,trap,rounding_noise,lh,0.0
CARF:64298004,clean,clean,,0.0
CARF:64343597,error,fsc_mismatch,wrong_table,25.51
CARF:64343597,trap,rounding_noise,lh+fsc,0.0
CARF:64413099,clean,clean,,0.0
CARF:64659723,error,rate_overcharge,markup,808.9
CARF:64659723,trap,rounding_noise,fsc,0.0
CARF:64678767,clean,clean,,0.0
CARF:64763171,trap,bol_format,prefix_hash,0.0
CARF:64763171,trap,rounding_noise,fsc,0.0
CARF:64766200,clean,clean,,0.0
CARF:64781999,error,fsc_mismatch,wrong_table,46.7
CARF:64781999,trap,bol_format,prefix_hash,0.0
CARF:64934900,clean,clean,,0.0
CARF:64963841,clean,clean,,0.0
CARF:65289782,error,rate_overcharge,markup,255.05
CARF:65289782,trap,bol_format,prefix_hash,0.0
CARF:65393292,error,fsc_mismatch,wrong_table,89.19
CARF:65393292,trap,rounding_noise,lh,0.0
CARF:65590188,clean,clean,,0.0
CARF:66292826,clean,clean,,0.0
CARF:66652874,trap,bol_format,spaces,0.0
CARF:66652874,trap,rounding_noise,lh,0.0
CARF:66663075,clean,clean,,0.0
CARF:66702137,error,fsc_mismatch,wrong_table,32.73
CARF:67032638,trap,bol_format,prefix_dash,0.0
CARF:67432787,clean,clean,,0.0
CARF:67446567,trap,bol_format,spaces,0.0
CARF:67602489,clean,clean,,0.0
CARF:68124025,error,fsc_mismatch,wrong_table,30.43
CARF:68124025,trap,rounding_noise,lh,0.0
CARF:68139003,clean,clean,,0.0
CARF:68158685,error,fsc_mismatch,wrong_table,45.4
CARF:68232911,clean,clean,,0.0
CARF:68320857,clean,clean,,0.0
CARF:68325420,error,fsc_mismatch,wrong_table,31.49
CARF:68325480,clean,clean,,0.0
CARF:68712917,trap,rate_amendment,,0.0
CARF:68778774,clean,clean,,0.0
CARF:68787450,clean,clean,,0.0
CARF:69021967,clean,clean,,0.0
CARF:69031196,clean,clean,,0.0
CARF:69034200,trap,bol_format,prefix_hash,0.0
CARF:69334955,clean,clean,,0.0
CARF:69427108,error,fsc_mismatch,wrong_table,27.36
CARF:69517349,error,fsc_mismatch,wrong_table,49.07
CARF:69990885,error,fsc_mismatch,sub_tolerance,1.51
CARF:69990885,trap,rounding_noise,lh+fsc,0.0
CARF:70025227,clean,clean,,0.0
CARF:70108564,clean,clean,,0.0
CARF:70185817,error,fsc_mismatch,wrong_table,28.92
CARF:70289242,trap,rounding_noise,lh,0.0
CARF:71419763,clean,clean,,0.0
CARF:71468917,error,fsc_mismatch,wrong_table,54.77
CARF:71574596,error,fsc_mismatch,wrong_table,46.7
CARF:71679925,error,fsc_mismatch,wrong_table,33.52
CARF:71780863,error,fsc_mismatch,wrong_table,81.7
CARF:71780863,trap,bol_format,spaces,0.0
CARF:71894565,clean,clean,,0.0
CARF:72079670,clean,clean,,0.0
CARF:72137252,trap,bol_format,dashes,0.0
CARF:72204186,error,fsc_mismatch,wrong_table,21.74
CARF:72220383,clean,clean,,0.0
CARF:72434100,clean,clean,,0.0
CARF:72536643,clean,clean,,0.0
CARF:72565704,clean,clean,,0.0
CARF:72585819,clean,clean,,0.0
CARF:72748064,error,rate_overcharge,markup,51.26
CARF:73012148,clean,clean,,0.0
CARF:73292779,error,unauthorized_accessorial,detention,75.0
CARF:73414968,trap,bol_format,spaces,0.0
CARF:73450072,clean,clean,,0.0
CARF:73464313,clean,clean,,0.0
CARF:73564973,error,fsc_mismatch,wrong_table,14.39
CARF:73564973,trap,bol_format,prefix_hash,0.0
CARF:73603198,clean,clean,,0.0
CARF:73667031,trap,rounding_noise,lh+fsc,0.0
CARF:73694384,clean,clean,,0.0
CARF:73836070,error,fsc_mismatch,wrong_table,23.38
CARF:74398291,trap,late_authorization,detention,0.0
CARF:74407400,clean,clean,,0.0
CARF:74452542,error,fsc_mismatch,wrong_table,9.3
CARF:74519713,error,fsc_mismatch,wrong_table,10.16
CARF:74519713,trap,bol_format,dashes,0.0
CARF:74520712,error,fsc_mismatch,wrong_table,8.08
CARF:74646023,clean,clean,,0.0
CARF:75820428,trap,rounding_noise,lh,0.0
CARF:76005640,clean,clean,,0.0
CARF:76062632,trap,rounding_noise,fsc,0.0
CARF:76149127,clean,clean,,0.0
CARF:76364218,clean,clean,,0.0
CARF:76381710,clean,clean,,0.0
CARF:76485825,error,fsc_mismatch,wrong_table,52.77
CARF:76485825,trap,rounding_noise,lh,0.0
CARF:76551956,clean,clean,,0.0
CARF:76706133,error,fsc_mismatch,wrong_table,36.13
CARF:76706133,trap,bol_format,prefix_dash,0.0
CARF:76754307,error,fsc_mismatch,wrong_table,26.85
CARF:76915315,trap,bol_format,dashes,0.0
CARF:76943366,trap,bol_format,lowercase,0.0
CARF:76943366,trap,rate_amendment,,0.0
CARF:77081726,error,fsc_mismatch,wrong_table,74.42
CARF:77236279,error,fsc_mismatch,wrong_table,48.86
CARF:77428373,clean,clean,,0.0
CARF:77555563,clean,clean,,0.0
CARF:77600843,error,fsc_mismatch,wrong_table,80.01
CARF:77847637,clean,clean,,0.0
CARF:77993397,clean,clean,,0.0
CARF:78030789,clean,clean,,0.0
CARF:78097371,clean,clean,,0.0
CARF:78193057,trap,bol_format,dashes,0.0
CARF:78322599,clean,clean,,0.0
CARF:78356934,error,duplicate_invoice,rekeyed,909.84
CARF:78446321,error,fsc_mismatch,wrong_table,97.09
CARF:78447938,clean,clean,,0.0
CARF:78575651,error,fsc_mismatch,wrong_table,52.52
CARF:78691806,error,fsc_mismatch,wrong_table,43.5
CARF:78716768,clean,clean,,0.0
CARF:79033618,clean,clean,,0.0
CARF:79594531,clean,clean,,0.0
CARF:79602612,clean,clean,,0.0
CARF:79605209,trap,bol_format,prefix_dash,0.0
CARF:79796222,clean,clean,,0.0
CARF:79835001,clean,clean,,0.0
CARF:79866189,clean,clean,,0.0
CARF:80028332,error,fsc_mismatch,wrong_table,82.52
CARF:80028332,trap,bol_format,prefix_hash,0.0
CARF:80103115,error,fsc_mismatch,wrong_table,81.23
CARF:80150963,clean,clean,,0.0
CARF:80437837,clean,clean,,0.0
CARF:80455699,trap,bol_format,prefix_hash,0.0
CARF:81230941,trap,bol_format,spaces,0.0
CARF:81390756,error,fsc_mismatch,wrong_table,43.36
CARF:81390756,error,unauthorized_accessorial,detention,150.0
CARF:81445631,clean,clean,,0.0
CARF:81493267,error,unauthorized_accessorial,detention,300.0
CARF:81493267,trap,rounding_noise,fsc,0.0
CARF:81620272,error,fsc_mismatch,wrong_table,8.07
CARF:81652320,clean,clean,,0.0
CARF:81662068,clean,clean,,0.0
CARF:81764129,error,fsc_mismatch,wrong_table,48.99
CARF:81978083,error,fsc_mismatch,wrong_table,31.49
CARF:82049762,clean,clean,,0.0
CARF:82325822,error,phantom_invoice,,2771.16
CARF:82506791,error,fsc_mismatch,wrong_table,13.22
CARF:82511098,trap,rate_amendment,,0.0
CARF:82616306,clean,clean,,0.0
CARF:82725779,trap,bol_format,dashes,0.0
CARF:82839818,error,fsc_mismatch,wrong_table,8.07
CARF:82839818,trap,bol_format,dashes,0.0
CARF:83007362,error,fsc_mismatch,wrong_table,9.29
CARF:83126462,clean,clean,,0.0
CARF:83444367,error,fsc_mismatch,wrong_table,14.21
CARF:83815348,trap,bol_format,spaces,0.0
CARF:83894288,trap,bol_format,prefix_hash,0.0
CARF:84110460,clean,clean,,0.0
CARF:84215744,clean,clean,,0.0
CARF:84270511,trap,bol_format,prefix_dash,0.0
CARF:84380855,clean,clean,,0.0
CARF:84475838,clean,clean,,0.0
CARF:84482846,error,fsc_mismatch,wrong_step,177.69
CARF:84482846,trap,bol_format,prefix_hash,0.0
CARF:84482846,trap,late_authorization,detention,0.0
CARF:84482846,trap,rounding_noise,lh,0.0
CARF:84519791,error,fsc_mismatch,wrong_table,14.47
CARF:84681611,trap,late_authorization,detention,0.0
CARF:84950006,trap,rounding_noise,lh,0.0
CARF:85086187,trap,bol_format,prefix_dash,0.0
CARF:85173533,clean,clean,,0.0
CARF:85175344,clean,clean,,0.0
CARF:85256753,error,fsc_mismatch,wrong_table,52.77
CARF:85301233,clean,clean,,0.0
CARF:85426420,clean,clean,,0.0
CARF:85428411,clean,clean,,0.0
CARF:85667193,clean,clean,,0.0
CARF:85754599,clean,clean,,0.0
CARF:86065677,clean,clean,,0.0
CARF:86066688,error,fsc_mismatch,wrong_table,49.24
CARF:86068522,error,fsc_mismatch,wrong_table,8.8
CARF:86303914,error,rate_overcharge,markup,72.96
CARF:86303914,trap,rounding_noise,lh+fsc,0.0
CARF:86341194,error,fsc_mismatch,wrong_table,30.94
CARF:86548876,error,fsc_mismatch,wrong_table,30.47
CARF:86548876,trap,bol_format,spaces,0.0
CARF:86651171,clean,clean,,0.0
CARF:86689558,trap,rounding_noise,fsc,0.0
CARF:86848344,error,fsc_mismatch,wrong_step,38.5
CARF:86848344,error,rate_overcharge,sub_tolerance,18.37
CARF:86848344,trap,bol_format,prefix_dash,0.0
CARF:87046457,clean,clean,,0.0
CARF:87082765,trap,rounding_noise,lh,0.0
CARF:87210010,trap,bol_format,dashes,0.0
CARF:87368449,clean,clean,,0.0
CARF:87443240,trap,balance_due,,0.0
CARF:87521978,error,fsc_mismatch,wrong_table,96.76
CARF:87521978,trap,late_authorization,detention,0.0
CARF:87561514,error,duplicate_invoice,resend,2174.46
CARF:87827988,trap,bol_format,lowercase,0.0
CARF:87842938,error,fsc_mismatch,wrong_table,14.11
CARF:87842938,error,unauthorized_accessorial,detention,300.0
CARF:88071240,error,phantom_invoice,,1977.37
CARF:88237061,clean,clean,,0.0
CARF:88341681,clean,clean,,0.0
CARF:88462351,clean,clean,,0.0
CARF:88615977,clean,clean,,0.0
CARF:88672484,clean,clean,,0.0
CARF:88751100,clean,clean,,0.0
CARF:88811882,trap,bol_format,prefix_hash,0.0
CARF:89040195,trap,rounding_noise,lh,0.0
CARF:89134251,trap,bol_format,dashes,0.0
CARF:89134251,trap,rounding_noise,fsc,0.0
CARF:89144002,clean,clean,,0.0
CARF:89161785,clean,clean,,0.0
CARF:89200921,clean,clean,,0.0
CARF:89895415,error,fsc_mismatch,wrong_table,8.05
CARF:89904588,error,fsc_mismatch,wrong_table,82.52
CARF:89904588,trap,bol_format,prefix_dash,0.0
CARF:90011131,clean,clean,,0.0
CARF:90038562,error,rate_overcharge,markup,373.72
CARF:90044420,clean,clean,,0.0
CARF:90092020,clean,clean,,0.0
CARF:90133659,trap,bol_format,prefix_dash,0.0
CARF:90340521,clean,clean,,0.0
CARF:90398011,error,fsc_mismatch,wrong_table,36.13
CARF:90461831,clean,clean,,0.0
CARF:90809369,trap,bol_format,prefix_hash,0.0
CARF:90833782,error,fsc_mismatch,wrong_table,33.39
CARF:90833782,trap,bol_format,dashes,0.0
CARF:91487888,error,fsc_mismatch,wrong_table,104.22
CARF:91487888,error,rate_overcharge,markup,316.9
CARF:91487888,trap,bol_format,prefix_hash,0.0
CARF:91607427,trap,bol_format,dashes,0.0
CARF:91643972,clean,clean,,0.0
CARF:91674430,clean,clean,,0.0
CARF:91753141,clean,clean,,0.0
CARF:91776896,error,fsc_mismatch,wrong_table,74.57
CARF:91776896,trap,bol_format,lowercase,0.0
CARF:91815621,trap,bol_format,prefix_hash,0.0
CARF:91937406,clean,clean,,0.0
CARF:92069014,clean,clean,,0.0
CARF:92150167,clean,clean,,0.0
CARF:92236462,clean,clean,,0.0
CARF:92244578,trap,bol_format,prefix_hash,0.0
CARF:92378048,clean,clean,,0.0
CARF:92700363,clean,clean,,0.0
CARF:92719655,clean,clean,,0.0
CARF:92804084,error,fsc_mismatch,wrong_table,21.04
CARF:92942892,clean,clean,,0.0
CARF:93104933,trap,bol_format,prefix_hash,0.0
CARF:93131353,clean,clean,,0.0
CARF:93222819,trap,bol_format,dashes,0.0
CARF:93565658,trap,bol_format,dashes,0.0
CARF:93766824,trap,bol_format,prefix_dash,0.0
CARF:93781718,trap,bol_format,prefix_hash,0.0
CARF:93796630,clean,clean,,0.0
CARF:93910054,clean,clean,,0.0
CARF:93954399,trap,bol_format,prefix_hash,0.0
CARF:93954399,trap,late_authorization,detention,0.0
CARF:93981006,error,fsc_mismatch,wrong_table,22.92
CARF:93981006,trap,rounding_noise,lh,0.0
CARF:94054963,trap,bol_format,prefix_dash,0.0
CARF:94327326,error,rate_overcharge,sub_tolerance,14.09
CARF:94327326,trap,bol_format,prefix_dash,0.0
CARF:94328405,error,phantom_invoice,,2122.95
CARF:94699555,clean,clean,,0.0
CARF:94848237,trap,bol_format,prefix_hash,0.0
CARF:94904338,error,fsc_mismatch,wrong_table,47.98
CARF:95115702,clean,clean,,0.0
CARF:95261563,error,fsc_mismatch,wrong_table,10.14
CARF:95377056,error,duplicate_invoice,rekeyed,1741.96
CARF:95523848,trap,bol_format,prefix_dash,0.0
CARF:95523848,trap,rounding_noise,lh,0.0
CARF:95715883,error,fsc_mismatch,wrong_table,45.03
CARF:95786659,error,fsc_mismatch,wrong_table,49.09
CARF:95787482,clean,clean,,0.0
CARF:95905099,clean,clean,,0.0
CARF:96482813,clean,clean,,0.0
CARF:96527895,error,fsc_mismatch,wrong_table,9.27
CARF:96956981,clean,clean,,0.0
CARF:97390258,error,fsc_mismatch,sub_tolerance,0.54
CARF:97390258,error,rate_overcharge,markup,718.2
CARF:97434601,clean,clean,,0.0
CARF:97795276,trap,rounding_noise,lh,0.0
CARF:97846860,trap,rebill,,0.0
CARF:98061444,clean,clean,,0.0
CARF:98230932,trap,bol_format,dashes,0.0
CARF:98236379,trap,bol_format,lowercase,0.0
CARF:98287736,clean,clean,,0.0
CARF:98610190,clean,clean,,0.0
CARF:98664657,error,fsc_mismatch,wrong_table,48.75
CARF:98900521,clean,clean,,0.0
CARF:99086349,clean,clean,,0.0
CARF:99249768,clean,clean,,0.0
CARF:99461802,clean,clean,,0.0
CARF:99542379,error,fsc_mismatch,wrong_table,96.94
CARF:99734468,error,fsc_mismatch,wrong_table,26.9
CARF:99784855,clean,clean,,0.0
CARF:99888440,clean,clean,,0.0
CARG:00153548,clean,clean,,0.0
CARG:00327155,clean,clean,,0.0
CARG:00376461,clean,clean,,0.0
CARG:00387927,clean,clean,,0.0
CARG:00459419,clean,clean,,0.0
CARG:00528255,error,duplicate_invoice,rekeyed,740.58
CARG:00673190,trap,bol_format,lowercase,0.0
CARG:00765892,superseded,superseded,,0.0
CARG:00787359,clean,clean,,0.0
CARG:00858272,error,rate_overcharge,markup,179.38
CARG:01093063,error,rate_overcharge,markup,198.38
CARG:01206110,clean,clean,,0.0
CARG:01576514,error,duplicate_invoice,rekeyed,528.33
CARG:01677789,trap,bol_typo,,0.0
CARG:01725254,trap,rebill,,0.0
CARG:01974587,trap,bol_format,lowercase,0.0
CARG:02088750,trap,rounding_noise,fsc,0.0
CARG:02258038,clean,clean,,0.0
CARG:02268298,clean,clean,,0.0
CARG:02309455,clean,clean,,0.0
CARG:02346809,clean,clean,,0.0
CARG:02420160,clean,clean,,0.0
CARG:02558851,clean,clean,,0.0
CARG:02665059,error,phantom_invoice,,527.58
CARG:02697197,clean,clean,,0.0
CARG:02780386,trap,rate_amendment,,0.0
CARG:02806789,superseded,superseded,,0.0
CARG:02949582,trap,bol_format,spaces,0.0
CARG:03103092,trap,rounding_noise,lh,0.0
CARG:03401945,trap,bol_format,prefix_dash,0.0
CARG:03401945,trap,rate_amendment,,0.0
CARG:04239439,trap,bol_format,spaces,0.0
CARG:04604160,clean,clean,,0.0
CARG:05096507,error,fsc_mismatch,wrong_week,3.71
CARG:05291533,clean,clean,,0.0
CARG:05316612,clean,clean,,0.0
CARG:05417199,clean,clean,,0.0
CARG:05562772,clean,clean,,0.0
CARG:05747826,clean,clean,,0.0
CARG:05777192,clean,clean,,0.0
CARG:05911627,clean,clean,,0.0
CARG:05934686,trap,bol_format,prefix_hash,0.0
CARG:06009661,clean,clean,,0.0
CARG:06136161,clean,clean,,0.0
CARG:06196581,trap,bol_format,prefix_hash,0.0
CARG:06257346,clean,clean,,0.0
CARG:06306572,clean,clean,,0.0
CARG:06319642,clean,clean,,0.0
CARG:06356083,clean,clean,,0.0
CARG:06453928,trap,bol_format,spaces,0.0
CARG:06580813,error,rate_overcharge,markup,23.31
CARG:06791193,trap,rate_amendment,,0.0
CARG:07012494,clean,clean,,0.0
CARG:07102044,trap,rounding_noise,lh,0.0
CARG:07174754,clean,clean,,0.0
CARG:07416861,trap,rate_amendment,,0.0
CARG:07495908,error,rate_overcharge,markup,307.86
CARG:07520887,trap,bol_format,prefix_dash,0.0
CARG:07528095,clean,clean,,0.0
CARG:07745896,trap,rounding_noise,lh+fsc,0.0
CARG:08174701,clean,clean,,0.0
CARG:08610642,trap,bol_format,spaces,0.0
CARG:08639299,clean,clean,,0.0
CARG:08641324,error,fsc_mismatch,wrong_step,19.96
CARG:08641324,trap,rounding_noise,lh+fsc,0.0
CARG:08783059,clean,clean,,0.0
CARG:08830987,clean,clean,,0.0
CARG:09200008,trap,bol_format,dashes,0.0
CARG:09200008,trap,late_authorization,detention,0.0
CARG:09200008,trap,rate_amendment,,0.0
CARG:09646473,trap,bol_format,prefix_dash,0.0
CARG:09761373,trap,bol_format,spaces,0.0
CARG:09761373,trap,late_authorization,detention,0.0
CARG:09881570,trap,rounding_noise,fsc,0.0
CARG:09946514,clean,clean,,0.0
CARG:10384720,clean,clean,,0.0
CARG:10563028,trap,bol_format,spaces,0.0
CARG:10563028,trap,rebill,,0.0
CARG:10728688,clean,clean,,0.0
CARG:10733520,clean,clean,,0.0
CARG:10900920,clean,clean,,0.0
CARG:11037450,clean,clean,,0.0
CARG:11092787,clean,clean,,0.0
CARG:11258571,clean,clean,,0.0
CARG:11349355,clean,clean,,0.0
CARG:11569379,clean,clean,,0.0
CARG:11693571,trap,rate_amendment,,0.0
CARG:11730662,clean,clean,,0.0
CARG:11899284,clean,clean,,0.0
CARG:11979404,clean,clean,,0.0
CARG:12059787,clean,clean,,0.0
CARG:12100399,trap,rate_amendment,,0.0
CARG:12217005,error,fsc_mismatch,wrong_week,6.39
CARG:12408211,clean,clean,,0.0
CARG:12460001,clean,clean,,0.0
CARG:12496691,clean,clean,,0.0
CARG:12729305,trap,rate_amendment,,0.0
CARG:12825403,trap,rate_amendment,,0.0
CARG:13058759,clean,clean,,0.0
CARG:13332635,trap,rate_amendment,,0.0
CARG:13361882,error,fsc_mismatch,wrong_week,34.05
CARG:13361882,trap,bol_format,spaces,0.0
CARG:13485505,clean,clean,,0.0
CARG:13488462,clean,clean,,0.0
CARG:14141786,trap,bol_format,spaces,0.0
CARG:14246104,clean,clean,,0.0
CARG:14334748,error,unauthorized_accessorial,detention,300.0
CARG:14625575,error,fsc_mismatch,wrong_week,0.51
CARG:14645090,trap,bol_format,prefix_hash,0.0
CARG:14697771,error,rate_overcharge,sub_tolerance,9.22
CARG:14855998,clean,clean,,0.0
CARG:15090662,trap,bol_format,prefix_dash,0.0
CARG:15188492,trap,rate_amendment,,0.0
CARG:15214297,trap,bol_format,prefix_dash,0.0
CARG:15214297,trap,late_authorization,detention,0.0
CARG:15469552,clean,clean,,0.0
CARG:15663231,trap,rounding_noise,lh+fsc,0.0
CARG:15720189,clean,clean,,0.0
CARG:15808919,clean,clean,,0.0
CARG:16438220,clean,clean,,0.0
CARG:16661392,clean,clean,,0.0
CARG:16790150,clean,clean,,0.0
CARG:17115952,clean,clean,,0.0
CARG:17160181,clean,clean,,0.0
CARG:17259636,trap,bol_format,dashes,0.0
CARG:17467666,clean,clean,,0.0
CARG:17677695,trap,bol_format,prefix_dash,0.0
CARG:17810579,trap,rate_amendment,,0.0
CARG:18028911,clean,clean,,0.0
CARG:18236602,clean,clean,,0.0
CARG:18381404,trap,rate_amendment,,0.0
CARG:18381404,trap,rounding_noise,fsc,0.0
CARG:18425454,clean,clean,,0.0
CARG:18491422,clean,clean,,0.0
CARG:18537746,clean,clean,,0.0
CARG:18565351,clean,clean,,0.0
CARG:18723069,trap,bol_format,prefix_dash,0.0
CARG:18856466,clean,clean,,0.0
CARG:18975576,trap,late_authorization,detention,0.0
CARG:18980420,trap,bol_format,lowercase,0.0
CARG:19156712,error,unauthorized_accessorial,detention,150.0
CARG:19156712,trap,bol_format,lowercase,0.0
CARG:19194531,clean,clean,,0.0
CARG:19201879,clean,clean,,0.0
CARG:19602143,clean,clean,,0.0
CARG:19660439,trap,rate_amendment,,0.0
CARG:19863448,error,unauthorized_accessorial,detention,225.0
CARG:19863448,trap,bol_format,spaces,0.0
CARG:19931371,clean,clean,,0.0
CARG:20147970,clean,clean,,0.0
CARG:20363153,trap,rate_amendment,,0.0
CARG:20416894,clean,clean,,0.0
CARG:20422814,trap,bol_format,spaces,0.0
CARG:20422814,trap,rate_amendment,,0.0
CARG:20576302,clean,clean,,0.0
CARG:20890530,error,unauthorized_accessorial,detention,150.0
CARG:21021220,clean,clean,,0.0
CARG:21056737,clean,clean,,0.0
CARG:21289476,error,rate_overcharge,markup,40.73
CARG:21289476,trap,bol_format,dashes,0.0
CARG:21686137,trap,bol_format,prefix_dash,0.0
CARG:21737984,clean,clean,,0.0
CARG:22335730,trap,bol_format,prefix_hash,0.0
CARG:22422401,clean,clean,,0.0
CARG:22471456,clean,clean,,0.0
CARG:22493054,trap,late_authorization,detention,0.0
CARG:22601768,error,duplicate_invoice,resend,537.95
CARG:22867115,trap,rounding_noise,lh,0.0
CARG:22888457,clean,clean,,0.0
CARG:22907935,clean,clean,,0.0
CARG:23012910,clean,clean,,0.0
CARG:23224333,clean,clean,,0.0
CARG:23224612,trap,rounding_noise,lh+fsc,0.0
CARG:23239973,trap,rounding_noise,fsc,0.0
CARG:23303878,clean,clean,,0.0
CARG:23356276,clean,clean,,0.0
CARG:24260031,clean,clean,,0.0
CARG:24380004,trap,rate_amendment,,0.0
CARG:24542587,clean,clean,,0.0
CARG:24545975,clean,clean,,0.0
CARG:24569763,trap,rate_amendment,,0.0
CARG:24715404,clean,clean,,0.0
CARG:24738085,trap,rate_amendment,,0.0
CARG:24783598,clean,clean,,0.0
CARG:25054831,clean,clean,,0.0
CARG:25201221,clean,clean,,0.0
CARG:25344005,clean,clean,,0.0
CARG:25376748,trap,rate_amendment,,0.0
CARG:25785763,clean,clean,,0.0
CARG:25895229,clean,clean,,0.0
CARG:25930186,clean,clean,,0.0
CARG:25968671,clean,clean,,0.0
CARG:26012855,clean,clean,,0.0
CARG:26064730,clean,clean,,0.0
CARG:26075432,clean,clean,,0.0
CARG:26218837,error,fsc_mismatch,wrong_week,1.98
CARG:26312989,clean,clean,,0.0
CARG:26387180,clean,clean,,0.0
CARG:26653790,clean,clean,,0.0
CARG:26787235,clean,clean,,0.0
CARG:26851340,clean,clean,,0.0
CARG:26991075,clean,clean,,0.0
CARG:27066909,clean,clean,,0.0
CARG:27126761,clean,clean,,0.0
CARG:27464411,clean,clean,,0.0
CARG:27768242,clean,clean,,0.0
CARG:27936792,clean,clean,,0.0
CARG:28068023,clean,clean,,0.0
CARG:28071123,clean,clean,,0.0
CARG:28188888,trap,rate_amendment,,0.0
CARG:28261037,error,rate_overcharge,markup,247.4
CARG:28353698,clean,clean,,0.0
CARG:28464880,clean,clean,,0.0
CARG:28513594,clean,clean,,0.0
CARG:28602141,clean,clean,,0.0
CARG:28633558,trap,late_authorization,detention,0.0
CARG:28658682,trap,rounding_noise,fsc,0.0
CARG:28683261,clean,clean,,0.0
CARG:28821770,trap,rounding_noise,lh,0.0
CARG:28840550,clean,clean,,0.0
CARG:28850049,trap,bol_format,prefix_dash,0.0
CARG:28963606,trap,rounding_noise,lh,0.0
CARG:29034642,trap,rate_amendment,,0.0
CARG:29246632,clean,clean,,0.0
CARG:29358023,error,rate_overcharge,markup,43.65
CARG:29528156,clean,clean,,0.0
CARG:29562422,trap,balance_due,,0.0
CARG:29972157,clean,clean,,0.0
CARG:30001298,error,duplicate_invoice,rekeyed,3733.24
CARG:30001298,trap,bol_format,spaces,0.0
CARG:30418974,trap,bol_format,prefix_dash,0.0
CARG:30462594,clean,clean,,0.0
CARG:30463932,clean,clean,,0.0
CARG:30468147,error,fsc_mismatch,wrong_week,0.49
CARG:30468147,trap,rate_amendment,,0.0
CARG:30483898,clean,clean,,0.0
CARG:30658232,clean,clean,,0.0
CARG:30919989,trap,bol_format,spaces,0.0
CARG:30923969,clean,clean,,0.0
CARG:30928418,clean,clean,,0.0
CARG:30948364,clean,clean,,0.0
CARG:31290334,clean,clean,,0.0
CARG:31481431,clean,clean,,0.0
CARG:32073181,clean,clean,,0.0
CARG:32490368,clean,clean,,0.0
CARG:32581581,clean,clean,,0.0
CARG:32596207,error,fsc_mismatch,sub_tolerance,1.11
CARG:32814972,clean,clean,,0.0
CARG:32840561,trap,rounding_noise,lh,0.0
CARG:32863275,error,rate_overcharge,markup,38.82
CARG:32863275,trap,rounding_noise,lh+fsc,0.0
CARG:32888381,clean,clean,,0.0
CARG:32952763,error,rate_overcharge,markup,415.28
CARG:33152450,trap,rate_amendment,,0.0
CARG:33209265,clean,clean,,0.0
CARG:33248058,clean,clean,,0.0
CARG:33291484,trap,rounding_noise,lh,0.0
CARG:33427948,clean,clean,,0.0
CARG:33572382,clean,clean,,0.0
CARG:33799157,clean,clean,,0.0
CARG:33846364,trap,rounding_noise,fsc,0.0
CARG:33849964,clean,clean,,0.0
CARG:33908546,clean,clean,,0.0
CARG:33917465,clean,clean,,0.0
CARG:33932550,trap,rebill,,0.0
CARG:34111019,clean,clean,,0.0
CARG:34194143,trap,rounding_noise,fsc,0.0
CARG:34231899,clean,clean,,0.0
CARG:34363224,error,rate_overcharge,markup,69.03
CARG:34391379,clean,clean,,0.0
CARG:34563603,trap,bol_format,prefix_hash,0.0
CARG:34578979,clean,clean,,0.0
CARG:34680083,trap,rounding_noise,lh,0.0
CARG:34774674,clean,clean,,0.0
CARG:34915862,error,rate_overcharge,markup,422.98
CARG:35256267,trap,rate_amendment,,0.0
CARG:35306557,clean,clean,,0.0
CARG:35720937,clean,clean,,0.0
CARG:35889851,clean,clean,,0.0
CARG:36135746,trap,rounding_noise,lh,0.0
CARG:36186775,clean,clean,,0.0
CARG:36439358,clean,clean,,0.0
CARG:36562236,clean,clean,,0.0
CARG:36572770,clean,clean,,0.0
CARG:36586944,superseded,superseded,,0.0
CARG:36628599,clean,clean,,0.0
CARG:36700394,clean,clean,,0.0
CARG:36704750,clean,clean,,0.0
CARG:36736244,clean,clean,,0.0
CARG:36870803,clean,clean,,0.0
CARG:36885087,clean,clean,,0.0
CARG:36980854,clean,clean,,0.0
CARG:37160746,clean,clean,,0.0
CARG:37460324,trap,rounding_noise,lh+fsc,0.0
CARG:37501437,trap,bol_format,zeros_dropped,0.0
CARG:37645304,trap,rounding_noise,fsc,0.0
CARG:37982197,clean,clean,,0.0
CARG:37991085,clean,clean,,0.0
CARG:38108151,clean,clean,,0.0
CARG:38144789,clean,clean,,0.0
CARG:38310600,clean,clean,,0.0
CARG:38319490,error,phantom_invoice,,5680.52
CARG:38385222,error,duplicate_invoice,rekeyed,3699.63
CARG:38549604,trap,bol_format,prefix_dash,0.0
CARG:38597410,clean,clean,,0.0
CARG:38699256,clean,clean,,0.0
CARG:38729661,clean,clean,,0.0
CARG:38762185,clean,clean,,0.0
CARG:38838676,error,duplicate_invoice,rekeyed,539.0
CARG:39085312,trap,rate_amendment,,0.0
CARG:39907226,trap,bol_format,spaces,0.0
CARG:39910790,clean,clean,,0.0
CARG:39996582,trap,bol_format,prefix_hash,0.0
CARG:39996582,trap,rate_amendment,,0.0
CARG:40033310,clean,clean,,0.0
CARG:40046928,clean,clean,,0.0
CARG:40204816,clean,clean,,0.0
CARG:40377756,trap,bol_format,dashes,0.0
CARG:40377756,trap,late_authorization,detention,0.0
CARG:40385652,clean,clean,,0.0
CARG:40473826,clean,clean,,0.0
CARG:40772607,trap,bol_format,prefix_hash,0.0
CARG:40772607,trap,rate_amendment,,0.0
CARG:40772607,trap,rounding_noise,lh,0.0
CARG:41164508,trap,bol_format,prefix_dash,0.0
CARG:41264979,clean,clean,,0.0
CARG:41290726,clean,clean,,0.0
CARG:41720531,clean,clean,,0.0
CARG:41797960,clean,clean,,0.0
CARG:41837110,clean,clean,,0.0
CARG:41920934,trap,rate_amendment,,0.0
CARG:41920934,trap,rounding_noise,lh,0.0
CARG:41979651,clean,clean,,0.0
CARG:41998731,clean,clean,,0.0
CARG:42018684,clean,clean,,0.0
CARG:42085232,clean,clean,,0.0
CARG:42140895,clean,clean,,0.0
CARG:42143277,trap,bol_format,dashes,0.0
CARG:42143277,trap,rounding_noise,lh,0.0
CARG:42455524,trap,rate_amendment,,0.0
CARG:42455524,trap,rounding_noise,lh,0.0
CARG:42540794,clean,clean,,0.0
CARG:42580986,clean,clean,,0.0
CARG:42817590,clean,clean,,0.0
CARG:42850616,error,duplicate_invoice,resend,2792.61
CARG:42850616,trap,bol_format,spaces,0.0
CARG:42947150,trap,bol_format,dashes,0.0
CARG:43011674,clean,clean,,0.0
CARG:43168599,clean,clean,,0.0
CARG:43219979,trap,bol_format,lowercase,0.0
CARG:43290919,clean,clean,,0.0
CARG:43320280,clean,clean,,0.0
CARG:43914789,trap,bol_format,prefix_dash,0.0
CARG:44066876,clean,clean,,0.0
CARG:44071957,clean,clean,,0.0
CARG:44126617,clean,clean,,0.0
CARG:44146972,clean,clean,,0.0
CARG:44185786,clean,clean,,0.0
CARG:44235278,clean,clean,,0.0
CARG:44291558,error,unauthorized_accessorial,detention,225.0
CARG:44291558,trap,rate_amendment,,0.0
CARG:44626691,clean,clean,,0.0
CARG:44711425,clean,clean,,0.0
CARG:44723828,trap,rounding_noise,lh+fsc,0.0
CARG:44907710,clean,clean,,0.0
CARG:45237811,trap,rounding_noise,fsc,0.0
CARG:45349965,clean,clean,,0.0
CARG:45496298,clean,clean,,0.0
CARG:45618819,clean,clean,,0.0
CARG:45644662,trap,bol_format,lowercase,0.0
CARG:45744072,trap,rounding_noise,fsc,0.0
CARG:45780546,clean,clean,,0.0
CARG:45824982,clean,clean,,0.0
CARG:45888190,clean,clean,,0.0
CARG:45929592,error,rate_overcharge,markup,48.07
CARG:45929592,trap,bol_format,prefix_hash,0.0
CARG:46047887,trap,rate_amendment,,0.0
CARG:46112583,trap,rounding_noise,fsc,0.0
CARG:46231379,clean,clean,,0.0
CARG:46252605,clean,clean,,0.0
CARG:46294722,clean,clean,,0.0
CARG:46482336,trap,bol_format,spaces,0.0
CARG:46519706,trap,bol_format,dashes,0.0
CARG:46519706,trap,rounding_noise,fsc,0.0
CARG:46583964,clean,clean,,0.0
CARG:46853881,error,rate_overcharge,markup,321.92
CARG:47062417,clean,clean,,0.0
CARG:47230377,trap,late_authorization,detention,0.0
CARG:47380381,clean,clean,,0.0
CARG:47651932,clean,clean,,0.0
CARG:47730165,clean,clean,,0.0
CARG:47771865,clean,clean,,0.0
CARG:48024275,clean,clean,,0.0
CARG:48028800,trap,rebill,,0.0
CARG:48303202,clean,clean,,0.0
CARG:48410458,trap,rounding_noise,fsc,0.0
CARG:48532729,trap,bol_format,prefix_hash,0.0
CARG:48577131,clean,clean,,0.0
CARG:48818599,clean,clean,,0.0
CARG:49317713,clean,clean,,0.0
CARG:49372261,trap,rounding_noise,lh+fsc,0.0
CARG:49680856,trap,bol_format,prefix_dash,0.0
CARG:49705612,trap,rounding_noise,fsc,0.0
CARG:49745352,clean,clean,,0.0
CARG:49962629,clean,clean,,0.0
CARG:50075407,trap,bol_format,prefix_dash,0.0
CARG:50438188,clean,clean,,0.0
CARG:50577856,clean,clean,,0.0
CARG:50580629,clean,clean,,0.0
CARG:50897679,clean,clean,,0.0
CARG:50919000,clean,clean,,0.0
CARG:51276591,trap,rate_amendment,,0.0
CARG:51748080,clean,clean,,0.0
CARG:51949156,clean,clean,,0.0
CARG:52008809,clean,clean,,0.0
CARG:52227122,clean,clean,,0.0
CARG:52490528,clean,clean,,0.0
CARG:52637531,clean,clean,,0.0
CARG:52654771,clean,clean,,0.0
CARG:52780935,clean,clean,,0.0
CARG:52887295,error,rate_overcharge,markup,20.02
CARG:52887295,trap,bol_format,dashes,0.0
CARG:52887295,trap,rate_amendment,,0.0
CARG:53074093,clean,clean,,0.0
CARG:53150580,clean,clean,,0.0
CARG:53231682,clean,clean,,0.0
CARG:53327792,error,rate_overcharge,markup,131.37
CARG:53327792,trap,bol_format,dashes,0.0
CARG:53820180,clean,clean,,0.0
CARG:53864963,trap,bol_format,lowercase,0.0
CARG:54051974,clean,clean,,0.0
CARG:54073314,clean,clean,,0.0
CARG:54181061,clean,clean,,0.0
CARG:54350839,clean,clean,,0.0
CARG:54580872,trap,rounding_noise,fsc,0.0
CARG:54693612,clean,clean,,0.0
CARG:54821855,clean,clean,,0.0
CARG:54919510,clean,clean,,0.0
CARG:55067722,clean,clean,,0.0
CARG:55285737,clean,clean,,0.0
CARG:55296897,trap,rounding_noise,fsc,0.0
CARG:55417635,clean,clean,,0.0
CARG:55420910,error,phantom_invoice,,528.24
CARG:55439103,error,unauthorized_accessorial,detention,300.0
CARG:55692123,clean,clean,,0.0
CARG:55766116,trap,late_authorization,detention,0.0
CARG:55890478,trap,rate_amendment,,0.0
CARG:56026223,trap,rounding_noise,lh+fsc,0.0
CARG:56223805,trap,bol_format,spaces,0.0
CARG:56236008,clean,clean,,0.0
CARG:56458270,error,rate_overcharge,markup,124.28
CARG:56458270,trap,rounding_noise,fsc,0.0
CARG:56479943,clean,clean,,0.0
CARG:56535295,clean,clean,,0.0
CARG:56594763,trap,rounding_noise,lh,0.0
CARG:56701105,error,duplicate_invoice,rekeyed,1010.95
CARG:56809614,error,rate_overcharge,markup,126.0
CARG:56940988,clean,clean,,0.0
CARG:57150495,trap,rate_amendment,,0.0
CARG:57231253,clean,clean,,0.0
CARG:57339208,superseded,superseded,,0.0
CARG:57388229,trap,rate_amendment,,0.0
CARG:57403848,trap,bol_format,prefix_dash,0.0
CARG:57689317,clean,clean,,0.0
CARG:57875011,clean,clean,,0.0
CARG:57928150,clean,clean,,0.0
CARG:58001323,clean,clean,,0.0
CARG:58087375,trap,bol_format,prefix_hash,0.0
CARG:58235985,clean,clean,,0.0
CARG:58246694,trap,bol_format,dashes,0.0
CARG:58246694,trap,rounding_noise,fsc,0.0
CARG:58387721,clean,clean,,0.0
CARG:58443057,clean,clean,,0.0
CARG:58742878,trap,rounding_noise,lh,0.0
CARG:58847984,clean,clean,,0.0
CARG:58867770,clean,clean,,0.0
CARG:58928543,trap,late_authorization,detention,0.0
CARG:58942436,trap,bol_format,prefix_dash,0.0
CARG:59018791,clean,clean,,0.0
CARG:59039839,clean,clean,,0.0
CARG:59119713,clean,clean,,0.0
CARG:59192267,clean,clean,,0.0
CARG:59257630,clean,clean,,0.0
CARG:59287500,clean,clean,,0.0
CARG:59539334,clean,clean,,0.0
CARG:59664972,trap,rate_amendment,,0.0
CARG:59664972,trap,rounding_noise,lh,0.0
CARG:59755420,clean,clean,,0.0
CARG:59782758,clean,clean,,0.0
CARG:59905172,trap,rounding_noise,lh,0.0
CARG:60056671,trap,rounding_noise,lh+fsc,0.0
CARG:60238666,error,rate_overcharge,markup,86.01
CARG:60249732,clean,clean,,0.0
CARG:60291195,clean,clean,,0.0
CARG:60365804,trap,bol_format,spaces,0.0
CARG:60587194,error,fsc_mismatch,wrong_week,3.78
CARG:60593700,clean,clean,,0.0
CARG:60837513,trap,rate_amendment,,0.0
CARG:61014951,error,rate_overcharge,stale_rate,56.16
CARG:61064496,trap,rate_amendment,,0.0
CARG:61205630,clean,clean,,0.0
CARG:61266377,error,duplicate_invoice,rekeyed,3065.55
CARG:61266377,trap,bol_format,dashes,0.0
CARG:61321569,clean,clean,,0.0
CARG:61401074,error,fsc_mismatch,wrong_step,48.87
CARG:61567194,clean,clean,,0.0
CARG:61596762,clean,clean,,0.0
CARG:61644009,clean,clean,,0.0
CARG:61827220,trap,rounding_noise,fsc,0.0
CARG:61902760,clean,clean,,0.0
CARG:61971721,clean,clean,,0.0
CARG:62149983,error,rate_overcharge,markup,259.95
CARG:62241161,error,unauthorized_accessorial,detention,150.0
CARG:62241161,trap,rate_amendment,,0.0
CARG:62384007,clean,clean,,0.0
CARG:62806650,clean,clean,,0.0
CARG:62920654,clean,clean,,0.0
CARG:63112085,clean,clean,,0.0
CARG:63181291,clean,clean,,0.0
CARG:63479104,clean,clean,,0.0
CARG:63500617,clean,clean,,0.0
CARG:63508464,clean,clean,,0.0
CARG:63957104,clean,clean,,0.0
CARG:63976517,error,phantom_invoice,,2809.51
CARG:64022001,trap,bol_format,lowercase,0.0
CARG:64064907,error,duplicate_invoice,rekeyed,977.34
CARG:64085005,trap,bol_format,spaces,0.0
CARG:64085005,trap,rate_amendment,,0.0
CARG:64187769,clean,clean,,0.0
CARG:64334819,clean,clean,,0.0
CARG:64380116,clean,clean,,0.0
CARG:64405758,error,rate_overcharge,markup,263.0
CARG:64405758,trap,bol_format,dashes,0.0
CARG:64418424,clean,clean,,0.0
CARG:64431527,trap,rounding_noise,lh+fsc,0.0
CARG:64551616,trap,late_authorization,detention,0.0
CARG:64551616,trap,rate_amendment,,0.0
CARG:64563429,trap,bol_format,spaces,0.0
CARG:64563429,trap,rate_amendment,,0.0
CARG:64577854,clean,clean,,0.0
CARG:64579145,trap,rounding_noise,lh,0.0
CARG:64630530,clean,clean,,0.0
CARG:65026055,trap,rounding_noise,lh+fsc,0.0
CARG:65088794,clean,clean,,0.0
CARG:65157827,trap,rounding_noise,fsc,0.0
CARG:65213816,clean,clean,,0.0
CARG:65409632,error,rate_overcharge,markup,167.79
CARG:65409632,trap,bol_format,prefix_dash,0.0
CARG:65450068,error,fsc_mismatch,wrong_step,146.89
CARG:65465364,clean,clean,,0.0
CARG:65599032,clean,clean,,0.0
CARG:65654919,clean,clean,,0.0
CARG:65800731,clean,clean,,0.0
CARG:65857207,clean,clean,,0.0
CARG:66263621,trap,rate_amendment,,0.0
CARG:66546408,clean,clean,,0.0
CARG:66559943,clean,clean,,0.0
CARG:66929603,clean,clean,,0.0
CARG:67058610,clean,clean,,0.0
CARG:67108461,clean,clean,,0.0
CARG:67142750,clean,clean,,0.0
CARG:67239787,clean,clean,,0.0
CARG:67318448,trap,rate_amendment,,0.0
CARG:67318448,trap,rebill,,0.0
CARG:67425261,clean,clean,,0.0
CARG:67448751,trap,bol_format,lowercase,0.0
CARG:67448751,trap,rounding_noise,lh,0.0
CARG:67466935,clean,clean,,0.0
CARG:67531192,trap,bol_format,dashes,0.0
CARG:67860651,clean,clean,,0.0
CARG:68160465,clean,clean,,0.0
CARG:68263382,clean,clean,,0.0
CARG:68344263,clean,clean,,0.0
CARG:68358093,trap,bol_format,prefix_hash,0.0
CARG:68497113,trap,bol_format,prefix_hash,0.0
CARG:68998082,error,fsc_mismatch,wrong_step,36.57
CARG:68998082,trap,bol_format,prefix_hash,0.0
CARG:69049180,clean,clean,,0.0
CARG:69405649,error,rate_overcharge,markup,362.66
CARG:69586730,trap,rounding_noise,lh,0.0
CARG:69658350,trap,bol_format,prefix_dash,0.0
CARG:69658350,trap,rate_amendment,,0.0
CARG:69679402,clean,clean,,0.0
CARG:69692633,trap,rate_amendment,,0.0
CARG:69884326,clean,clean,,0.0
CARG:69998596,clean,clean,,0.0
CARG:70462116,error,fsc_mismatch,wrong_week,6.58
CARG:70498944,trap,bol_format,lowercase,0.0
CARG:70498944,trap,rate_amendment,,0.0
CARG:70499923,clean,clean,,0.0
CARG:70525462,error,duplicate_invoice,resend,5639.79
CARG:70613051,error,rate_overcharge,markup,17.3
CARG:70627681,clean,clean,,0.0
CARG:71007574,trap,rate_amendment,,0.0
CARG:71102551,clean,clean,,0.0
CARG:71135230,clean,clean,,0.0
CARG:71300625,clean,clean,,0.0
CARG:71499777,clean,clean,,0.0
CARG:71868017,clean,clean,,0.0
CARG:72066142,clean,clean,,0.0
CARG:72511529,clean,clean,,0.0
CARG:72878016,trap,rate_amendment,,0.0
CARG:73066941,trap,rounding_noise,lh,0.0
CARG:73123295,trap,rate_amendment,,0.0
CARG:73706339,trap,bol_format,prefix_dash,0.0
CARG:73757938,clean,clean,,0.0
CARG:73786224,error,unauthorized_accessorial,detention,225.0
CARG:74009130,clean,clean,,0.0
CARG:74062926,error,fsc_mismatch,wrong_week,11.23
CARG:74197032,clean,clean,,0.0
CARG:74362162,trap,rounding_noise,lh,0.0
CARG:74508092,trap,rate_amendment,,0.0
CARG:74526167,clean,clean,,0.0
CARG:74873588,trap,bol_format,zeros_dropped,0.0
CARG:74957962,clean,clean,,0.0
CARG:75052542,trap,bol_format,prefix_hash,0.0
CARG:75052542,trap,late_authorization,detention,0.0
CARG:75052756,trap,rounding_noise,lh+fsc,0.0
CARG:75298520,trap,rate_amendment,,0.0
CARG:75298520,trap,rounding_noise,lh,0.0
CARG:75375554,trap,bol_format,prefix_dash,0.0
CARG:75418638,clean,clean,,0.0
CARG:75420375,clean,clean,,0.0
CARG:75555522,clean,clean,,0.0
CARG:75655363,trap,rounding_noise,lh+fsc,0.0
CARG:75713540,clean,clean,,0.0
CARG:75858653,trap,rounding_noise,fsc,0.0
CARG:75867248,trap,rate_amendment,,0.0
CARG:76032030,clean,clean,,0.0
CARG:76154542,clean,clean,,0.0
CARG:76347313,trap,rate_amendment,,0.0
CARG:76392095,clean,clean,,0.0
CARG:76698588,clean,clean,,0.0
CARG:76795768,clean,clean,,0.0
CARG:76916260,clean,clean,,0.0
CARG:77261861,clean,clean,,0.0
CARG:77290088,clean,clean,,0.0
CARG:77654412,trap,rounding_noise,lh+fsc,0.0
CARG:77799501,trap,bol_format,prefix_hash,0.0
CARG:77799501,trap,rate_amendment,,0.0
CARG:78038383,clean,clean,,0.0
CARG:78092391,trap,bol_format,prefix_dash,0.0
CARG:78092391,trap,rounding_noise,fsc,0.0
CARG:78578510,clean,clean,,0.0
CARG:78591910,clean,clean,,0.0
CARG:78682313,trap,rounding_noise,fsc,0.0
CARG:78861355,trap,bol_format,prefix_hash,0.0
CARG:78861355,trap,rounding_noise,lh+fsc,0.0
CARG:78952693,clean,clean,,0.0
CARG:78981920,clean,clean,,0.0
CARG:79039831,clean,clean,,0.0
CARG:79122866,clean,clean,,0.0
CARG:79204689,trap,bol_format,zeros_dropped,0.0
CARG:79225511,trap,bol_format,prefix_hash,0.0
CARG:79243814,clean,clean,,0.0
CARG:79536672,trap,rounding_noise,fsc,0.0
CARG:79682295,error,fsc_mismatch,wrong_week,14.67
CARG:79866034,clean,clean,,0.0
CARG:79869424,clean,clean,,0.0
CARG:80004043,error,fsc_mismatch,wrong_step,144.15
CARG:80105573,error,duplicate_invoice,resend,537.42
CARG:80339445,trap,bol_format,spaces,0.0
CARG:80377494,error,rate_overcharge,markup,42.78
CARG:80377494,trap,rounding_noise,fsc,0.0
CARG:80506891,clean,clean,,0.0
CARG:80599018,error,rate_overcharge,markup,112.45
CARG:80599018,trap,rounding_noise,lh+fsc,0.0
CARG:80674176,clean,clean,,0.0
CARG:80746756,clean,clean,,0.0
CARG:80982880,trap,rounding_noise,fsc,0.0
CARG:81229758,trap,rate_amendment,,0.0
CARG:81245582,clean,clean,,0.0
CARG:81510684,error,rate_overcharge,markup,29.3
CARG:81526569,trap,bol_format,spaces,0.0
CARG:81552608,clean,clean,,0.0
CARG:81563803,clean,clean,,0.0
CARG:81605866,clean,clean,,0.0
CARG:81957655,clean,clean,,0.0
CARG:81994460,clean,clean,,0.0
CARG:82061439,clean,clean,,0.0
CARG:82137400,trap,bol_format,spaces,0.0
CARG:82137400,trap,rounding_noise,fsc,0.0
CARG:82571927,trap,bol_format,prefix_hash,0.0
CARG:82692272,clean,clean,,0.0
CARG:82740191,clean,clean,,0.0
CARG:82755238,clean,clean,,0.0
CARG:83018186,error,rate_overcharge,sub_tolerance,5.18
CARG:83074071,clean,clean,,0.0
CARG:83393895,clean,clean,,0.0
CARG:83412369,trap,bol_format,prefix_dash,0.0
CARG:83554256,clean,clean,,0.0
CARG:83572710,clean,clean,,0.0
CARG:83592104,clean,clean,,0.0
CARG:83620290,trap,bol_format,spaces,0.0
CARG:83752676,clean,clean,,0.0
CARG:83963317,error,rate_overcharge,markup,304.5
CARG:83998432,trap,rounding_noise,lh,0.0
CARG:84444751,trap,rate_amendment,,0.0
CARG:84491399,clean,clean,,0.0
CARG:84551595,clean,clean,,0.0
CARG:84774607,trap,late_authorization,detention,0.0
CARG:84791139,trap,bol_format,lowercase,0.0
CARG:85140042,clean,clean,,0.0
CARG:85178061,clean,clean,,0.0
CARG:85479149,clean,clean,,0.0
CARG:85658079,clean,clean,,0.0
CARG:85696315,clean,clean,,0.0
CARG:85947767,clean,clean,,0.0
CARG:86007106,clean,clean,,0.0
CARG:86011483,clean,clean,,0.0
CARG:86461369,clean,clean,,0.0
CARG:86641811,trap,rate_amendment,,0.0
CARG:86774366,trap,bol_format,prefix_dash,0.0
CARG:86940370,clean,clean,,0.0
CARG:86955132,clean,clean,,0.0
CARG:87034593,clean,clean,,0.0
CARG:87220390,clean,clean,,0.0
CARG:87241996,trap,bol_format,lowercase,0.0
CARG:87268683,trap,rate_amendment,,0.0
CARG:87296059,trap,rate_amendment,,0.0
CARG:87313622,clean,clean,,0.0
CARG:87349687,trap,rounding_noise,lh,0.0
CARG:87547066,error,fsc_mismatch,wrong_week,1.12
CARG:87739763,clean,clean,,0.0
CARG:87813097,clean,clean,,0.0
CARG:88200846,clean,clean,,0.0
CARG:88275522,error,rate_overcharge,sub_tolerance,13.67
CARG:88275522,trap,rounding_noise,lh,0.0
CARG:88787152,clean,clean,,0.0
CARG:88791049,clean,clean,,0.0
CARG:89024605,clean,clean,,0.0
CARG:89061404,clean,clean,,0.0
CARG:89221523,clean,clean,,0.0
CARG:89648470,clean,clean,,0.0
CARG:89972909,clean,clean,,0.0
CARG:90164448,trap,bol_format,prefix_hash,0.0
CARG:90201556,clean,clean,,0.0
CARG:90351472,trap,rounding_noise,fsc,0.0
CARG:90466171,clean,clean,,0.0
CARG:90493404,clean,clean,,0.0
CARG:90603998,clean,clean,,0.0
CARG:90613155,error,fsc_mismatch,wrong_step,57.1
CARG:90755689,trap,rate_amendment,,0.0
CARG:90849385,clean,clean,,0.0
CARG:91041612,clean,clean,,0.0
CARG:91683026,clean,clean,,0.0
CARG:91763706,trap,bol_format,prefix_hash,0.0
CARG:91763706,trap,rate_amendment,,0.0
CARG:92061554,trap,rate_amendment,,0.0
CARG:92514915,trap,bol_format,lowercase,0.0
CARG:92514915,trap,rounding_noise,fsc,0.0
CARG:92540087,clean,clean,,0.0
CARG:92672900,clean,clean,,0.0
CARG:92685992,clean,clean,,0.0
CARG:92724996,trap,rate_amendment,,0.0
CARG:92919366,trap,bol_format,dashes,0.0
CARG:93065905,trap,bol_format,spaces,0.0
CARG:93065905,trap,rate_amendment,,0.0
CARG:93238050,trap,rounding_noise,fsc,0.0
CARG:93449139,clean,clean,,0.0
CARG:93640804,clean,clean,,0.0
CARG:93834755,error,rate_overcharge,markup,427.04
CARG:93834755,trap,bol_format,prefix_dash,0.0
CARG:94059776,clean,clean,,0.0
CARG:94181407,clean,clean,,0.0
CARG:94396858,error,rate_overcharge,markup,141.06
CARG:94506210,error,fsc_mismatch,wrong_week,7.17
CARG:94584009,clean,clean,,0.0
CARG:94629718,error,fsc_mismatch,wrong_step,42.09
CARG:94778419,trap,bol_format,lowercase,0.0
CARG:94778419,trap,rate_amendment,,0.0
CARG:94882449,clean,clean,,0.0
CARG:95036140,error,fsc_mismatch,wrong_step,16.94
CARG:95431097,trap,bol_format,spaces,0.0
CARG:95431097,trap,rate_amendment,,0.0
CARG:95542199,clean,clean,,0.0
CARG:95578991,clean,clean,,0.0
CARG:95797620,error,rate_overcharge,markup,181.78
CARG:95837919,trap,bol_format,dashes,0.0
CARG:95879326,clean,clean,,0.0
CARG:96030716,clean,clean,,0.0
CARG:96105826,clean,clean,,0.0
CARG:96153253,clean,clean,,0.0
CARG:96453481,trap,rate_amendment,,0.0
CARG:96581419,trap,rounding_noise,lh,0.0
CARG:96914784,clean,clean,,0.0
CARG:96936892,clean,clean,,0.0
CARG:96983194,trap,rounding_noise,lh+fsc,0.0
CARG:97208722,trap,bol_format,prefix_dash,0.0
CARG:97365939,trap,bol_format,dashes,0.0
CARG:97365939,trap,rate_amendment,,0.0
CARG:97365939,trap,rounding_noise,fsc,0.0
CARG:97602015,superseded,superseded,,0.0
CARG:97651432,clean,clean,,0.0
CARG:98135661,clean,clean,,0.0
CARG:98621896,trap,rate_amendment,,0.0
CARG:98840451,trap,rate_amendment,,0.0
CARG:98924245,clean,clean,,0.0
CARG:99042230,clean,clean,,0.0
CARG:99043783,clean,clean,,0.0
CARG:99150141,clean,clean,,0.0
CARG:99158451,clean,clean,,0.0
CARG:99259989,trap,rate_amendment,,0.0
CARG:99508865,clean,clean,,0.0
CARG:99551723,error,duplicate_invoice,rekeyed,3757.94
CARG:99551723,trap,bol_format,prefix_dash,0.0
CARG:99633044,trap,bol_format,prefix_hash,0.0
CARG:99683036,clean,clean,,0.0
CARG:99730705,clean,clean,,0.0
CARG:99871960,clean,clean,,0.0
CARG:99878123,clean,clean,,0.0
CARG:99891415,error,rate_overcharge,markup,22.53
CARG:99925578,clean,clean,,0.0
CARH:00021633,trap,rate_amendment,,0.0
CARH:00078367,trap,bol_format,dashes,0.0
CARH:00078367,trap,rate_amendment,,0.0
CARH:00294526,clean,clean,,0.0
CARH:00382217,clean,clean,,0.0
CARH:00540071,error,duplicate_invoice,resend,4793.91
CARH:00896790,error,fsc_mismatch,wrong_week,10.29
CARH:00896790,trap,rate_amendment,,0.0
CARH:00966161,trap,rounding_noise,lh,0.0
CARH:01418484,clean,clean,,0.0
CARH:01587099,clean,clean,,0.0
CARH:01769931,trap,bol_format,zeros_dropped,0.0
CARH:01769931,trap,rebill,,0.0
CARH:01820841,clean,clean,,0.0
CARH:02170000,error,rate_overcharge,markup,66.77
CARH:02198935,clean,clean,,0.0
CARH:02397745,trap,bol_format,lowercase,0.0
CARH:02530929,clean,clean,,0.0
CARH:02772545,trap,bol_format,prefix_dash,0.0
CARH:02984755,clean,clean,,0.0
CARH:03144049,trap,bol_format,prefix_dash,0.0
CARH:03144049,trap,rebill,,0.0
CARH:03439238,clean,clean,,0.0
CARH:03471303,clean,clean,,0.0
CARH:03588077,trap,rate_amendment,,0.0
CARH:03608484,trap,rate_amendment,,0.0
CARH:03775054,trap,rounding_noise,lh,0.0
CARH:03929760,clean,clean,,0.0
CARH:04019757,clean,clean,,0.0
CARH:04229357,clean,clean,,0.0
CARH:04364972,trap,rebill,,0.0
CARH:04410465,trap,rate_amendment,,0.0
CARH:04413604,clean,clean,,0.0
CARH:04992215,trap,bol_format,dashes,0.0
CARH:05080074,clean,clean,,0.0
CARH:05679426,trap,bol_format,prefix_dash,0.0
CARH:06957761,clean,clean,,0.0
CARH:07102311,trap,rate_amendment,,0.0
CARH:07286510,trap,rate_amendment,,0.0
CARH:07407633,trap,bol_typo,,0.0
CARH:07407633,trap,rate_amendment,,0.0
CARH:07685236,trap,rate_amendment,,0.0
CARH:07920856,clean,clean,,0.0
CARH:07926899,clean,clean,,0.0
CARH:07977219,clean,clean,,0.0
CARH:08035306,trap,bol_format,lowercase,0.0
CARH:08233752,trap,rounding_noise,lh+fsc,0.0
CARH:08694316,clean,clean,,0.0
CARH:08712897,trap,bol_format,lowercase,0.0
CARH:08779078,trap,rate_amendment,,0.0
CARH:08939672,clean,clean,,0.0
CARH:09345008,trap,bol_format,dashes,0.0
CARH:09353759,trap,bol_format,prefix_dash,0.0
CARH:09712095,clean,clean,,0.0
CARH:10073868,error,unauthorized_accessorial,detention,300.0
CARH:10145093,trap,bol_format,prefix_hash,0.0
CARH:10425113,trap,bol_format,lowercase,0.0
CARH:10439470,clean,clean,,0.0
CARH:10730838,trap,rate_amendment,,0.0
CARH:11304892,superseded,superseded,,0.0
CARH:11529461,clean,clean,,0.0
CARH:11673505,trap,bol_format,dashes,0.0
CARH:11707978,trap,rebill,,0.0
CARH:11861231,clean,clean,,0.0
CARH:11915630,trap,bol_format,spaces,0.0
CARH:11919856,clean,clean,,0.0
CARH:11965866,clean,clean,,0.0
CARH:12466025,trap,bol_format,lowercase,0.0
CARH:12929745,clean,clean,,0.0
CARH:13199226,trap,bol_format,prefix_dash,0.0
CARH:13273440,trap,rate_amendment,,0.0
CARH:13273440,trap,rounding_noise,fsc,0.0
CARH:13660020,clean,clean,,0.0
CARH:13674607,clean,clean,,0.0
CARH:13833345,trap,bol_format,dashes,0.0
CARH:13833345,trap,rounding_noise,lh+fsc,0.0
CARH:13931528,clean,clean,,0.0
CARH:13967053,clean,clean,,0.0
CARH:13990944,clean,clean,,0.0
CARH:14441256,clean,clean,,0.0
CARH:14614557,clean,clean,,0.0
CARH:14899089,clean,clean,,0.0
CARH:14960262,clean,clean,,0.0
CARH:15198989,clean,clean,,0.0
CARH:15217773,trap,rate_amendment,,0.0
CARH:15440005,clean,clean,,0.0
CARH:15504893,trap,rate_amendment,,0.0
CARH:15504893,trap,rounding_noise,fsc,0.0
CARH:15599296,trap,rounding_noise,lh+fsc,0.0
CARH:15937216,clean,clean,,0.0
CARH:16090222,trap,rounding_noise,lh+fsc,0.0
CARH:16098139,trap,rate_amendment,,0.0
CARH:16132452,trap,late_authorization,detention,0.0
CARH:16314629,clean,clean,,0.0
CARH:16947448,error,unauthorized_accessorial,detention,225.0
CARH:16947448,trap,rounding_noise,fsc,0.0
CARH:17011918,trap,bol_format,prefix_hash,0.0
CARH:17011918,trap,rate_amendment,,0.0
CARH:17546917,error,fsc_mismatch,wrong_week,5.8
CARH:17675391,clean,clean,,0.0
CARH:17870759,clean,clean,,0.0
CARH:17989959,clean,clean,,0.0
CARH:18075349,clean,clean,,0.0
CARH:18279716,clean,clean,,0.0
CARH:18606722,clean,clean,,0.0
CARH:18760377,clean,clean,,0.0
CARH:18849981,trap,bol_format,spaces,0.0
CARH:19331173,clean,clean,,0.0
CARH:19409861,trap,rate_amendment,,0.0
CARH:19680199,clean,clean,,0.0
CARH:19729563,clean,clean,,0.0
CARH:19773997,clean,clean,,0.0
CARH:20079213,clean,clean,,0.0
CARH:20388400,clean,clean,,0.0
CARH:20554783,clean,clean,,0.0
CARH:20630439,clean,clean,,0.0
CARH:20695990,clean,clean,,0.0
CARH:20725157,clean,clean,,0.0
CARH:20859270,clean,clean,,0.0
CARH:21027777,clean,clean,,0.0
CARH:21548871,clean,clean,,0.0
CARH:21648865,clean,clean,,0.0
CARH:22093556,error,rate_overcharge,markup,193.53
CARH:22093556,trap,bol_format,prefix_dash,0.0
CARH:22093556,trap,rate_amendment,,0.0
CARH:22266676,clean,clean,,0.0
CARH:22403251,trap,bol_format,dashes,0.0
CARH:22403251,trap,rebill,,0.0
CARH:22508908,clean,clean,,0.0
CARH:22540666,clean,clean,,0.0
CARH:22548820,clean,clean,,0.0
CARH:22731998,trap,bol_format,lowercase,0.0
CARH:23377476,clean,clean,,0.0
CARH:23813298,clean,clean,,0.0
CARH:23867570,clean,clean,,0.0
CARH:23877179,trap,bol_format,dashes,0.0
CARH:23877179,trap,rate_amendment,,0.0
CARH:23891557,trap,balance_due,,0.0
CARH:23974671,trap,rate_amendment,,0.0
CARH:24023544,clean,clean,,0.0
CARH:24476646,error,unauthorized_accessorial,detention,225.0
CARH:24476646,trap,bol_format,prefix_hash,0.0
CARH:24588878,clean,clean,,0.0
CARH:24704505,clean,clean,,0.0
CARH:24994110,error,fsc_mismatch,wrong_step,11.33
CARH:25185160,clean,clean,,0.0
CARH:25407908,clean,clean,,0.0
CARH:25578741,trap,rate_amendment,,0.0
CARH:25603745,clean,clean,,0.0
CARH:25702515,trap,bol_typo,,0.0
CARH:25702515,trap,rate_amendment,,0.0
CARH:25802434,trap,rate_amendment,,0.0
CARH:25824611,clean,clean,,0.0
CARH:25825392,trap,rate_amendment,,0.0
CARH:25927449,clean,clean,,0.0
CARH:25938605,clean,clean,,0.0
CARH:25951165,clean,clean,,0.0
CARH:26075743,clean,clean,,0.0
CARH:26208534,clean,clean,,0.0
CARH:26252913,trap,bol_format,prefix_dash,0.0
CARH:26256719,clean,clean,,0.0
CARH:26377361,clean,clean,,0.0
CARH:26428669,clean,clean,,0.0
CARH:26574657,clean,clean,,0.0
CARH:26664757,clean,clean,,0.0
CARH:26693236,clean,clean,,0.0
CARH:26702909,clean,clean,,0.0
CARH:26765857,clean,clean,,0.0
CARH:26826488,trap,rate_amendment,,0.0
CARH:27323335,trap,rebill,,0.0
CARH:27424503,trap,bol_format,prefix_hash,0.0
CARH:27512581,clean,clean,,0.0
CARH:27613378,clean,clean,,0.0
CARH:28035684,clean,clean,,0.0
CARH:28060342,trap,bol_format,spaces,0.0
CARH:28163303,clean,clean,,0.0
CARH:28389075,clean,clean,,0.0
CARH:28574054,clean,clean,,0.0
CARH:28701902,trap,rate_amendment,,0.0
CARH:28823672,trap,bol_format,spaces,0.0
CARH:29006923,clean,clean,,0.0
CARH:29122880,trap,rate_amendment,,0.0
CARH:29148109,clean,clean,,0.0
CARH:29695330,trap,rounding_noise,lh,0.0
CARH:29736885,trap,late_authorization,detention,0.0
CARH:29736885,trap,rounding_noise,fsc,0.0
CARH:29797114,error,rate_overcharge,markup,188.78
CARH:29806662,clean,clean,,0.0
CARH:29986268,clean,clean,,0.0
CARH:30341074,clean,clean,,0.0
CARH:30391314,clean,clean,,0.0
CARH:30422503,clean,clean,,0.0
CARH:30450147,error,rate_overcharge,markup,287.84
CARH:30450147,trap,bol_format,spaces,0.0
CARH:30450147,trap,rounding_noise,fsc,0.0
CARH:30497310,trap,bol_format,prefix_dash,0.0
CARH:30522916,trap,rounding_noise,lh,0.0
CARH:30838398,clean,clean,,0.0
CARH:30912429,clean,clean,,0.0
CARH:31129716,clean,clean,,0.0
CARH:31623900,trap,rounding_noise,lh,0.0
CARH:31802247,clean,clean,,0.0
CARH:32284079,clean,clean,,0.0
CARH:32374607,clean,clean,,0.0
CARH:32731292,clean,clean,,0.0
CARH:32884615,clean,clean,,0.0
CARH:33116321,clean,clean,,0.0
CARH:33222739,clean,clean,,0.0
CARH:33326972,clean,clean,,0.0
CARH:33381238,trap,bol_format,prefix_dash,0.0
CARH:33531580,trap,bol_format,prefix_dash,0.0
CARH:33985336,clean,clean,,0.0
CARH:34009890,clean,clean,,0.0
CARH:34256324,clean,clean,,0.0
CARH:34420908,clean,clean,,0.0
CARH:34964807,clean,clean,,0.0
CARH:35193990,clean,clean,,0.0
CARH:35531667,clean,clean,,0.0
CARH:35535410,clean,clean,,0.0
CARH:35601818,clean,clean,,0.0
CARH:35739729,clean,clean,,0.0
CARH:35741602,clean,clean,,0.0
CARH:35758262,trap,bol_format,prefix_hash,0.0
CARH:35758262,trap,rate_amendment,,0.0
CARH:36014765,clean,clean,,0.0
CARH:36317713,trap,balance_due,,0.0
CARH:36340085,clean,clean,,0.0
CARH:36505144,clean,clean,,0.0
CARH:36786299,error,fsc_mismatch,wrong_step,25.43
CARH:36797904,trap,rounding_noise,lh+fsc,0.0
CARH:36802130,clean,clean,,0.0
CARH:36894386,clean,clean,,0.0
CARH:37367562,trap,rounding_noise,lh,0.0
CARH:37740047,clean,clean,,0.0
CARH:38125601,clean,clean,,0.0
CARH:38397883,clean,clean,,0.0
CARH:38575928,clean,clean,,0.0
CARH:38606680,error,unauthorized_accessorial,detention,300.0
CARH:38766921,clean,clean,,0.0
CARH:39188598,error,fsc_mismatch,wrong_step,78.99
CARH:39188598,trap,bol_format,dashes,0.0
CARH:39188598,trap,rate_amendment,,0.0
CARH:39268627,clean,clean,,0.0
CARH:39342180,clean,clean,,0.0
CARH:40288296,trap,bol_format,spaces,0.0
CARH:40288296,trap,rate_amendment,,0.0
CARH:40505001,clean,clean,,0.0
CARH:40600654,clean,clean,,0.0
CARH:41066701,clean,clean,,0.0
CARH:41111497,clean,clean,,0.0
CARH:41230734,superseded,superseded,,0.0
CARH:41375127,error,rate_overcharge,markup,89.67
CARH:41376962,clean,clean,,0.0
CARH:41571333,trap,rate_amendment,,0.0
CARH:41741019,clean,clean,,0.0
CARH:42441343,clean,clean,,0.0
CARH:42550238,clean,clean,,0.0
CARH:42585043,clean,clean,,0.0
CARH:42626504,trap,rate_amendment,,0.0
CARH:43022375,clean,clean,,0.0
CARH:43182274,error,unauthorized_accessorial,detention,75.0
CARH:43471755,clean,clean,,0.0
CARH:43743232,trap,bol_format,prefix_dash,0.0
CARH:43743232,trap,rate_amendment,,0.0
CARH:44625159,trap,rate_amendment,,0.0
CARH:44704676,trap,bol_format,lowercase,0.0
CARH:44950489,clean,clean,,0.0
CARH:44981382,trap,rounding_noise,fsc,0.0
CARH:44981870,clean,clean,,0.0
CARH:45076263,trap,rate_amendment,,0.0
CARH:45415422,clean,clean,,0.0
CARH:45608975,trap,bol_format,spaces,0.0
CARH:45690143,clean,clean,,0.0
CARH:45725047,clean,clean,,0.0
CARH:45739585,clean,clean,,0.0
CARH:45956441,error,rate_overcharge,markup,90.7
CARH:45956441,trap,bol_format,prefix_hash,0.0
CARH:46465829,clean,clean,,0.0
CARH:46529285,clean,clean,,0.0
CARH:46634668,clean,clean,,0.0
CARH:46846739,error,duplicate_invoice,resend,718.94
CARH:46967835,error,phantom_invoice,,4661.88
CARH:47201515,clean,clean,,0.0
CARH:47225543,clean,clean,,0.0
CARH:47390790,clean,clean,,0.0
CARH:47534367,clean,clean,,0.0
CARH:47745538,clean,clean,,0.0
CARH:47829410,trap,bol_format,dashes,0.0
CARH:47829410,trap,rounding_noise,lh,0.0
CARH:47980986,clean,clean,,0.0
CARH:48557511,trap,rounding_noise,lh+fsc,0.0
CARH:48561794,trap,rebill,,0.0
CARH:48579621,clean,clean,,0.0
CARH:48617432,clean,clean,,0.0
CARH:49087067,trap,rounding_noise,fsc,0.0
CARH:49094686,error,fsc_mismatch,wrong_step,69.48
CARH:49156108,trap,bol_format,spaces,0.0
CARH:49530882,trap,rate_amendment,,0.0
CARH:50097456,error,duplicate_invoice,resend,4725.17
CARH:50097456,trap,bol_format,dashes,0.0
CARH:50280485,error,fsc_mismatch,wrong_step,54.48
CARH:50456837,clean,clean,,0.0
CARH:50497802,trap,bol_format,prefix_dash,0.0
CARH:50497802,trap,rate_amendment,,0.0
CARH:50596725,clean,clean,,0.0
CARH:50898926,trap,bol_format,prefix_hash,0.0
CARH:50994050,clean,clean,,0.0
CARH:51205756,clean,clean,,0.0
CARH:51340526,trap,rate_amendment,,0.0
CARH:51340526,trap,rounding_noise,lh,0.0
CARH:51409554,clean,clean,,0.0
CARH:51868415,trap,rounding_noise,lh+fsc,0.0
CARH:51978759,clean,clean,,0.0
CARH:52128368,trap,rounding_noise,lh,0.0
CARH:52389459,clean,clean,,0.0
CARH:53194836,trap,rounding_noise,lh,0.0
CARH:53197423,clean,clean,,0.0
CARH:53546002,trap,rounding_noise,fsc,0.0
CARH:53837697,clean,clean,,0.0
CARH:53847779,clean,clean,,0.0
CARH:54359575,clean,clean,,0.0
CARH:54987955,clean,clean,,0.0
CARH:55061230,trap,bol_format,spaces,0.0
CARH:55175951,trap,rounding_noise,lh,0.0
CARH:55565873,trap,rounding_noise,lh+fsc,0.0
CARH:55618611,clean,clean,,0.0
CARH:55680093,clean,clean,,0.0
CARH:55828723,clean,clean,,0.0
CARH:55979304,clean,clean,,0.0
CARH:56067477,clean,clean,,0.0
CARH:56097288,clean,clean,,0.0
CARH:56780051,trap,bol_format,prefix_hash,0.0
CARH:56904166,clean,clean,,0.0
CARH:57053639,error,duplicate_invoice,rekeyed,1312.36
CARH:57236287,clean,clean,,0.0
CARH:57694774,clean,clean,,0.0
CARH:57707172,clean,clean,,0.0
CARH:58172727,clean,clean,,0.0
CARH:58326783,clean,clean,,0.0
CARH:58369559,clean,clean,,0.0
CARH:58628030,trap,rate_amendment,,0.0
CARH:59122750,clean,clean,,0.0
CARH:59260455,clean,clean,,0.0
CARH:59295807,clean,clean,,0.0
CARH:59498472,clean,clean,,0.0
CARH:59670470,error,fsc_mismatch,sub_tolerance,1.49
CARH:59959217,clean,clean,,0.0
CARH:60938066,trap,bol_format,prefix_hash,0.0
CARH:61000762,clean,clean,,0.0
CARH:61293885,superseded,superseded,,0.0
CARH:61558163,clean,clean,,0.0
CARH:61742310,trap,rounding_noise,lh+fsc,0.0
CARH:62102589,trap,rounding_noise,fsc,0.0
CARH:62276397,clean,clean,,0.0
CARH:62540239,trap,rate_amendment,,0.0
CARH:62578659,clean,clean,,0.0
CARH:62728945,clean,clean,,0.0
CARH:62753728,trap,rate_amendment,,0.0
CARH:62790516,trap,bol_format,dashes,0.0
CARH:62847505,clean,clean,,0.0
CARH:62861621,clean,clean,,0.0
CARH:63129089,clean,clean,,0.0
CARH:63180126,clean,clean,,0.0
CARH:63231470,clean,clean,,0.0
CARH:63284754,clean,clean,,0.0
CARH:63900564,trap,rate_amendment,,0.0
CARH:63945455,clean,clean,,0.0
CARH:63945726,clean,clean,,0.0
CARH:63962986,clean,clean,,0.0
CARH:64483020,error,unauthorized_accessorial,detention,300.0
CARH:64695992,clean,clean,,0.0
CARH:64784273,trap,rate_amendment,,0.0
CARH:64892727,clean,clean,,0.0
CARH:65191814,clean,clean,,0.0
CARH:65355754,trap,rate_amendment,,0.0
CARH:65355754,trap,rounding_noise,fsc,0.0
CARH:65423978,error,fsc_mismatch,wrong_week,0.28
CARH:65423978,trap,rounding_noise,lh+fsc,0.0
CARH:65819356,clean,clean,,0.0
CARH:65842145,clean,clean,,0.0
CARH:66371978,clean,clean,,0.0
CARH:66439177,clean,clean,,0.0
CARH:66463488,clean,clean,,0.0
CARH:66628967,trap,bol_format,prefix_dash,0.0
CARH:67410425,clean,clean,,0.0
CARH:67428582,trap,late_authorization,detention,0.0
CARH:67428582,trap,rounding_noise,fsc,0.0
CARH:67896835,clean,clean,,0.0
CARH:67897000,clean,clean,,0.0
CARH:67915512,trap,rounding_noise,fsc,0.0
CARH:68159350,trap,bol_format,spaces,0.0
CARH:68222888,trap,rate_amendment,,0.0
CARH:68452031,clean,clean,,0.0
CARH:68562365,clean,clean,,0.0
CARH:68562799,clean,clean,,0.0
CARH:68764720,clean,clean,,0.0
CARH:68840194,clean,clean,,0.0
CARH:68873222,trap,bol_format,lowercase,0.0
CARH:69067105,trap,rate_amendment,,0.0
CARH:69067105,trap,rounding_noise,fsc,0.0
CARH:69619882,error,phantom_invoice,,1611.43
CARH:69760855,trap,rounding_noise,fsc,0.0
CARH:69821779,trap,rounding_noise,lh,0.0
CARH:70091927,clean,clean,,0.0
CARH:70272617,clean,clean,,0.0
CARH:70298701,trap,late_authorization,detention,0.0
CARH:70460690,clean,clean,,0.0
CARH:70491918,trap,rate_amendment,,0.0
CARH:70661162,trap,rate_amendment,,0.0
CARH:70679362,clean,clean,,0.0
CARH:70726359,trap,bol_format,prefix_dash,0.0
CARH:71253371,clean,clean,,0.0
CARH:71339550,clean,clean,,0.0
CARH:71481738,clean,clean,,0.0
CARH:71540717,trap,bol_format,lowercase,0.0
CARH:71675401,clean,clean,,0.0
CARH:72092605,trap,late_authorization,detention,0.0
CARH:72481340,clean,clean,,0.0
CARH:72791968,clean,clean,,0.0
CARH:72973103,trap,bol_format,prefix_dash,0.0
CARH:73410887,error,rate_overcharge,markup,31.36
CARH:73454074,clean,clean,,0.0
CARH:73470789,trap,rounding_noise,lh+fsc,0.0
CARH:73476058,clean,clean,,0.0
CARH:73651404,clean,clean,,0.0
CARH:73754589,clean,clean,,0.0
CARH:74013170,clean,clean,,0.0
CARH:74214011,error,fsc_mismatch,sub_tolerance,1.7
CARH:74250535,clean,clean,,0.0
CARH:74261608,clean,clean,,0.0
CARH:74440627,clean,clean,,0.0
CARH:74597725,trap,rate_amendment,,0.0
CARH:74695683,clean,clean,,0.0
CARH:74793576,clean,clean,,0.0
CARH:74800654,clean,clean,,0.0
CARH:75098663,trap,bol_format,dashes,0.0
CARH:75107698,clean,clean,,0.0
CARH:75382604,error,unauthorized_accessorial,detention,75.0
CARH:75547334,clean,clean,,0.0
CARH:75647592,clean,clean,,0.0
CARH:75789226,error,rate_overcharge,markup,135.42
CARH:75789226,trap,rounding_noise,fsc,0.0
CARH:75830278,error,fsc_mismatch,wrong_week,1.55
CARH:75830278,error,rate_overcharge,markup,513.41
CARH:75909419,trap,rate_amendment,,0.0
CARH:76037864,clean,clean,,0.0
CARH:76292629,clean,clean,,0.0
CARH:76361160,trap,bol_format,spaces,0.0
CARH:76374607,clean,clean,,0.0
CARH:76560466,clean,clean,,0.0
CARH:76618940,trap,bol_format,prefix_hash,0.0
CARH:76945940,clean,clean,,0.0
CARH:77276257,clean,clean,,0.0
CARH:77302837,trap,bol_format,spaces,0.0
CARH:77453574,clean,clean,,0.0
CARH:77617508,clean,clean,,0.0
CARH:77633199,clean,clean,,0.0
CARH:77778668,trap,rounding_noise,lh+fsc,0.0
CARH:77970772,trap,bol_format,dashes,0.0
CARH:77989329,clean,clean,,0.0
CARH:78614266,trap,rate_amendment,,0.0
CARH:78615181,clean,clean,,0.0
CARH:78740059,clean,clean,,0.0
CARH:78763006,trap,bol_format,prefix_dash,0.0
CARH:78861553,trap,rounding_noise,lh+fsc,0.0
CARH:78869310,trap,bol_format,zeros_dropped,0.0
CARH:79019431,clean,clean,,0.0
CARH:79325138,error,rate_overcharge,sub_tolerance,3.86
CARH:79354510,clean,clean,,0.0
CARH:79509669,clean,clean,,0.0
CARH:80048546,clean,clean,,0.0
CARH:80145746,clean,clean,,0.0
CARH:80169250,clean,clean,,0.0
CARH:80496178,clean,clean,,0.0
CARH:81367307,clean,clean,,0.0
CARH:81451939,error,rate_overcharge,markup,88.09
CARH:81451939,trap,bol_format,lowercase,0.0
CARH:81734977,clean,clean,,0.0
CARH:81950509,clean,clean,,0.0
CARH:82156227,clean,clean,,0.0
CARH:82184227,clean,clean,,0.0
CARH:82245933,trap,bol_format,zeros_dropped,0.0
CARH:82337953,clean,clean,,0.0
CARH:82347374,trap,bol_format,lowercase,0.0
CARH:82347374,trap,rounding_noise,lh,0.0
CARH:82529940,clean,clean,,0.0
CARH:82571550,error,unauthorized_accessorial,detention,75.0
CARH:82571550,trap,rate_amendment,,0.0
CARH:82657971,clean,clean,,0.0
CARH:82895743,clean,clean,,0.0
CARH:83030455,trap,rate_amendment,,0.0
CARH:83574922,clean,clean,,0.0
CARH:84096527,superseded,superseded,,0.0
CARH:84103294,trap,rate_amendment,,0.0
CARH:84428327,clean,clean,,0.0
CARH:84525704,clean,clean,,0.0
CARH:84549036,clean,clean,,0.0
CARH:84832911,clean,clean,,0.0
CARH:84930356,clean,clean,,0.0
CARH:85528231,clean,clean,,0.0
CARH:85596080,trap,rate_amendment,,0.0
CARH:85969694,clean,clean,,0.0
CARH:86208192,clean,clean,,0.0
CARH:86486527,superseded,superseded,,0.0
CARH:86861185,clean,clean,,0.0
CARH:86882512,clean,clean,,0.0
CARH:87210347,error,unauthorized_accessorial,detention,225.0
CARH:87396944,trap,rate_amendment,,0.0
CARH:87485712,trap,rounding_noise,lh,0.0
CARH:87634229,trap,rate_amendment,,0.0
CARH:87662891,clean,clean,,0.0
CARH:87940101,trap,rounding_noise,fsc,0.0
CARH:87962720,clean,clean,,0.0
CARH:87999956,clean,clean,,0.0
CARH:88276359,clean,clean,,0.0
CARH:88482027,superseded,superseded,,0.0
CARH:88688565,clean,clean,,0.0
CARH:88757223,error,duplicate_invoice,rekeyed,1346.42
CARH:89274169,clean,clean,,0.0
CARH:89885700,trap,balance_due,,0.0
CARH:90138304,clean,clean,,0.0
CARH:90274488,clean,clean,,0.0
CARH:90278262,clean,clean,,0.0
CARH:90708783,trap,rate_amendment,,0.0
CARH:90750597,trap,rate_amendment,,0.0
CARH:90815011,clean,clean,,0.0
CARH:91045427,trap,bol_format,spaces,0.0
CARH:91223127,clean,clean,,0.0
CARH:91345557,trap,bol_format,lowercase,0.0
CARH:91837025,clean,clean,,0.0
CARH:92354337,clean,clean,,0.0
CARH:92505046,clean,clean,,0.0
CARH:92708668,clean,clean,,0.0
CARH:92994535,clean,clean,,0.0
CARH:93058324,error,fsc_mismatch,wrong_step,128.04
CARH:93132670,clean,clean,,0.0
CARH:93213416,trap,bol_format,dashes,0.0
CARH:93213416,trap,rate_amendment,,0.0
CARH:93527399,clean,clean,,0.0
CARH:93570292,error,duplicate_invoice,resend,4757.38
CARH:93867057,clean,clean,,0.0
CARH:94027991,trap,rounding_noise,fsc,0.0
CARH:94059606,clean,clean,,0.0
CARH:94280719,trap,rounding_noise,lh+fsc,0.0
CARH:94668424,error,fsc_mismatch,wrong_step,76.49
CARH:94668424,trap,rate_amendment,,0.0
CARH:94768215,trap,rounding_noise,lh+fsc,0.0
CARH:94852649,clean,clean,,0.0
CARH:94881232,trap,rounding_noise,fsc,0.0
CARH:95314913,error,rate_overcharge,markup,48.46
CARH:95390217,trap,bol_format,prefix_hash,0.0
CARH:95648244,clean,clean,,0.0
CARH:95685939,clean,clean,,0.0
CARH:95691939,clean,clean,,0.0
CARH:95818541,clean,clean,,0.0
CARH:95887573,clean,clean,,0.0
CARH:95989634,clean,clean,,0.0
CARH:96149196,superseded,superseded,,0.0
CARH:96191097,trap,rate_amendment,,0.0
CARH:96211391,error,duplicate_invoice,resend,4757.38
CARH:96325765,clean,clean,,0.0
CARH:96529846,trap,rounding_noise,lh,0.0
CARH:96536186,error,duplicate_invoice,resend,4595.14
CARH:96617372,clean,clean,,0.0
CARH:96786948,error,fsc_mismatch,wrong_week,6.5
CARH:97097169,clean,clean,,0.0
CARH:97146119,clean,clean,,0.0
CARH:97248745,clean,clean,,0.0
CARH:97364281,clean,clean,,0.0
CARH:97384727,clean,clean,,0.0
CARH:97481076,trap,bol_format,prefix_dash,0.0
CARH:97997589,clean,clean,,0.0
CARH:98014573,trap,rate_amendment,,0.0
CARH:98296814,trap,rate_amendment,,0.0
CARH:98376817,trap,bol_format,prefix_dash,0.0
CARH:98379386,clean,clean,,0.0
CARH:98416384,clean,clean,,0.0
CARH:98664681,clean,clean,,0.0
CARH:98919517,clean,clean,,0.0
CARH:99227647,error,unauthorized_accessorial,detention,75.0
CARH:99227647,trap,rate_amendment,,0.0
CARH:99476110,trap,rate_amendment,,0.0
CARH:99543510,trap,rate_amendment,,0.0
CARH:99565976,clean,clean,,0.0
CARH:99570727,clean,clean,,0.0
CARH:99591718,clean,clean,,0.0
