month_end,shipment_id,carrier_id,cost_center,mode,ship_date,delivery_date,lh_estimate,fsc_estimate,accessorial_estimate,accessorial_basis,accrual_estimate,invoices_billed,actual_billed,actual_lh_fsc_billed,actual_accessorial_billed,actual_recoverable_estimate,actual_payable_estimate,actual_payable_lh_fsc_estimate,actual_payable_accessorial_estimate,error_estimate
2025-01-31,SHP00002,CARD,CC-104,LTL,2025-01-01,2025-01-03,173.59,35.93,12.6,history,222.12,1.0,209.52,209.52,0.0,0.0,209.52,209.52,0.0,12.6
2025-01-31,SHP00007,CARD,CC-103,LTL,2025-01-01,2025-01-06,161.9,33.51,12.6,history,208.01,1.0,320.42,195.42,125.0,0.0,320.42,195.42,125.0,-112.41
2025-01-31,SHP00010,CARD,CC-103,LTL,2025-01-01,2025-01-06,485.19,100.43,12.6,history,598.22,1.0,585.65,585.65,0.0,0.0,585.65,585.65,0.0,12.57
2025-01-31,SHP00011,CARE,CC-101,LTL,2025-01-01,2025-01-03,120.96,25.04,16.48,history,162.48,1.0,146.0,146.0,0.0,0.0,146.0,146.0,0.0,16.48
2025-01-31,SHP00018,CARD,CC-104,LTL,2025-01-01,2025-01-03,182.34,37.74,12.6,history,232.68,1.0,220.08,220.08,0.0,0.0,220.08,220.08,0.0,12.6
2025-01-31,SHP00022,CARD,CC-104,LTL,2025-01-01,2025-01-07,439.86,91.05,12.6,history,543.51,1.0,750.91,530.91,220.0,125.0,625.91,530.91,95.0,-82.4
2025-01-31,SHP00025,CARB,CC-101,LTL,2025-01-01,2025-01-03,158.26,32.76,16.58,history,207.6,1.0,286.02,191.02,95.0,0.0,286.02,191.02,95.0,-78.42
2025-01-31,SHP00029,CARG,CC-103,TL,2025-01-02,2025-01-06,2361.68,425.55,29.17,history,2816.4,1.0,2788.13,2788.13,0.0,0.0,2788.13,2788.13,0.0,28.27
2025-01-31,SHP00035,CARD,CC-103,LTL,2025-01-02,2025-01-06,583.61,120.81,12.6,history,717.02,1.0,704.42,704.42,0.0,0.0,704.42,704.42,0.0,12.6
2025-01-31,SHP00037,CARE,CC-101,LTL,2025-01-02,2025-01-05,287.35,59.48,16.48,history,363.31,1.0,346.83,346.83,0.0,0.0,346.83,346.83,0.0,16.48
2025-01-31,SHP00040,CARB,CC-101,LTL,2025-01-02,2025-01-04,166.38,34.44,16.58,history,217.4,1.0,201.27,201.27,0.0,0.0,201.27,201.27,0.0,16.13
2025-01-31,SHP00043,CARD,CC-104,LTL,2025-01-02,2025-01-08,832.16,172.26,12.6,history,1017.02,1.0,1004.42,1004.42,0.0,0.0,1004.42,1004.42,0.0,12.6
2025-01-31,SHP00048,CARE,CC-104,LTL,2025-01-02,2025-01-05,343.6,71.13,16.48,history,431.21,1.0,539.73,414.73,125.0,0.0,539.73,414.73,125.0,-108.52
2025-01-31,SHP00049,CARD,CC-104,LTL,2025-01-02,2025-01-09,3161.5,654.43,12.6,history,3828.53,1.0,3815.93,3815.93,0.0,0.0,3815.93,3815.93,0.0,12.6
2025-01-31,SHP00053,CARB,CC-101,LTL,2025-01-03,2025-01-06,644.07,133.32,16.58,history,793.97,1.0,777.39,777.39,0.0,0.0,777.39,777.39,0.0,16.58
2025-01-31,SHP00057,CARD,CC-104,LTL,2025-01-03,2025-01-05,277.1,57.36,12.6,history,347.06,1.0,464.46,369.46,95.0,35.0,429.46,334.46,95.0,-82.4
2025-01-31,SHP00058,CARG,CC-105,TL,2025-01-03,2025-01-05,519.2,90.15,29.17,history,638.52,1.0,609.35,609.35,0.0,0.0,609.35,609.35,0.0,29.17
2025-01-31,SHP00059,CARD,CC-103,LTL,2025-01-03,2025-01-06,2204.35,456.3,12.6,history,2673.25,1.0,2660.65,2660.65,0.0,0.0,2660.65,2660.65,0.0,12.6
2025-01-31,SHP00068,CARB,CC-101,LTL,2025-01-03,2025-01-04,197.9,40.97,16.58,history,255.45,1.0,238.87,238.87,0.0,0.0,238.87,238.87,0.0,16.58
2025-01-31,SHP00085,CARC,CC-104,LTL,2025-01-04,2025-01-10,1008.59,208.78,11.45,history,1228.82,1.0,1217.37,1217.37,0.0,0.0,1217.37,1217.37,0.0,11.45
2025-01-31,SHP00087,CARE,CC-104,LTL,2025-01-04,2025-01-07,469.51,97.19,16.48,history,583.18,1.0,566.7,566.7,0.0,0.0,566.7,566.7,0.0,16.48
2025-01-31,SHP00089,CARE,CC-102,LTL,2025-01-04,2025-01-10,1284.36,265.86,16.48,history,1566.7,1.0,1550.22,1550.22,0.0,0.0,1550.22,1550.22,0.0,16.48
2025-01-31,SHP00100,CARH,CC-103,TL,2025-01-05,2025-01-10,3699.41,710.14,18.75,history,4428.3,1.0,4409.55,4409.55,0.0,0.0,4409.55,4409.55,0.0,18.75
2025-01-31,SHP00101,CARD,CC-103,LTL,2025-01-05,2025-01-08,432.4,89.51,12.6,history,534.51,1.0,521.91,521.91,0.0,0.0,521.91,521.91,0.0,12.6
2025-01-31,SHP00106,CARD,CC-105,LTL,2025-01-05,2025-01-08,366.18,75.8,12.6,history,454.58,1.0,448.46,448.46,0.0,0.0,448.46,448.46,0.0,6.12
2025-01-31,SHP00114,CARE,CC-105,LTL,2025-01-05,2025-01-07,289.16,59.86,16.48,history,365.5,1.0,444.02,349.02,95.0,0.0,444.02,349.02,95.0,-78.52
2025-01-31,SHP00118,CARE,CC-103,LTL,2025-01-06,2025-01-09,418.0,86.53,16.48,history,521.01,1.0,632.94,507.94,125.0,125.0,507.94,507.94,0.0,13.07
2025-01-31,SHP00125,CARD,CC-103,LTL,2025-01-06,2025-01-08,659.48,136.51,12.6,history,808.59,1.0,1018.44,1018.44,0.0,222.45,795.99,795.99,0.0,12.6
2025-01-31,SHP00133,CARD,CC-103,LTL,2025-01-06,2025-01-10,732.8,151.69,12.6,history,897.09,1.0,921.4,921.4,0.0,36.91,884.49,884.49,0.0,12.6
2025-01-31,SHP00136,CARG,CC-102,TL,2025-01-06,2025-01-08,1875.43,316.78,29.17,history,2221.38,1.0,2192.21,2192.21,0.0,0.0,2192.21,2192.21,0.0,29.17
2025-01-31,SHP00139,CARE,CC-105,LTL,2025-01-06,2025-01-08,539.6,111.7,16.48,history,667.78,1.0,651.3,651.3,0.0,0.0,651.3,651.3,0.0,16.48
2025-01-31,SHP00140,CARA,CC-105,LTL,2025-01-06,2025-01-08,545.69,112.96,9.76,history,668.41,1.0,658.65,658.65,0.0,0.0,658.65,658.65,0.0,9.76
2025-01-31,SHP00145,CARD,CC-105,LTL,2025-01-07,2025-01-10,353.1,73.09,12.6,history,438.79,1.0,530.73,435.73,95.0,9.54,521.19,426.19,95.0,-82.4
2025-01-31,SHP00146,CARD,CC-102,LTL,2025-01-07,2025-01-10,293.23,60.7,12.6,history,366.53,1.0,353.93,353.93,0.0,0.0,353.93,353.93,0.0,12.6
2025-01-31,SHP00149,CARD,CC-104,LTL,2025-01-07,2025-01-08,229.71,47.55,12.6,history,289.86,1.0,497.26,277.26,220.0,95.0,402.26,277.26,125.0,-112.4
2025-01-31,SHP00155,CARC,CC-102,LTL,2025-01-08,2025-01-14,1321.8,273.61,11.45,history,1606.86,1.0,1595.14,1595.14,0.0,0.0,1595.14,1595.14,0.0,11.72
2025-01-31,SHP00157,CARB,CC-105,LTL,2025-01-08,2025-01-14,1254.29,259.64,16.58,history,1530.51,1.0,1513.93,1513.93,0.0,0.0,1513.93,1513.93,0.0,16.58
2025-01-31,SHP00158,CARD,CC-102,LTL,2025-01-08,2025-01-11,147.3,30.49,12.6,history,190.39,1.0,302.79,177.79,125.0,0.0,302.79,177.79,125.0,-112.4
2025-01-31,SHP00162,CARD,CC-103,LTL,2025-01-08,2025-01-12,713.04,147.6,12.6,history,873.24,1.0,860.64,860.64,0.0,0.0,860.64,860.64,0.0,12.6
2025-01-31,SHP00164,CARA,CC-104,LTL,2025-01-08,2025-01-14,1580.65,327.19,9.76,history,1917.6,1.0,2002.84,1907.84,95.0,0.0,2002.84,1907.84,95.0,-85.24
2025-01-31,SHP00165,CARB,CC-102,LTL,2025-01-08,2025-01-13,641.0,132.69,16.58,history,790.27,1.0,773.69,773.69,0.0,0.0,773.69,773.69,0.0,16.58
2025-01-31,SHP00169,CARB,CC-104,LTL,2025-01-08,2025-01-13,1437.49,297.56,16.58,history,1751.63,1.0,1860.05,1735.05,125.0,0.0,1860.05,1735.05,125.0,-108.42
2025-01-31,SHP00170,CARE,CC-103,LTL,2025-01-08,2025-01-11,720.55,149.15,16.48,history,886.18,1.0,869.7,869.7,0.0,0.0,869.7,869.7,0.0,16.48
2025-01-31,SHP00172,CARC,CC-104,LTL,2025-01-08,2025-01-14,1266.4,262.14,11.45,history,1539.99,1.0,1523.45,1523.45,0.0,0.0,1523.45,1523.45,0.0,16.54
2025-01-31,SHP00177,CARH,CC-102,TL,2025-01-08,2025-01-10,555.12,96.8,18.75,history,670.67,1.0,876.92,651.92,225.0,0.0,876.92,651.92,225.0,-206.25
2025-01-31,SHP00178,CARG,CC-104,TL,2025-01-08,2025-01-13,5133.3,907.77,29.17,history,6070.24,1.0,6041.07,6041.07,0.0,0.0,6041.07,6041.07,0.0,29.17
2025-01-31,SHP00182,CARH,CC-105,TL,2025-01-09,2025-01-10,598.23,108.86,18.75,history,725.84,1.0,707.09,707.09,0.0,0.0,707.09,707.09,0.0,18.75
2025-01-31,SHP00184,CARD,CC-103,LTL,2025-01-09,2025-01-11,253.9,52.56,12.6,history,319.06,1.0,306.46,306.46,0.0,0.0,306.46,306.46,0.0,12.6
2025-01-31,SHP00190,CARD,CC-103,LTL,2025-01-09,2025-01-12,440.58,91.2,12.6,history,544.38,1.0,656.78,531.78,125.0,0.0,656.78,531.78,125.0,-112.4
2025-01-31,SHP00196,CARE,CC-102,LTL,2025-01-09,2025-01-15,678.08,140.36,16.48,history,834.92,1.0,818.44,818.44,0.0,0.0,818.44,818.44,0.0,16.48
2025-01-31,SHP00204,CARH,CC-102,TL,2025-01-10,2025-01-12,1694.99,305.48,18.75,history,2019.22,1.0,2000.47,2000.47,0.0,0.0,2000.47,2000.47,0.0,18.75
2025-01-31,SHP00207,CARD,CC-103,LTL,2025-01-10,2025-01-13,527.1,109.11,12.6,history,648.81,1.0,637.75,637.75,0.0,0.0,637.75,637.75,0.0,11.06
2025-01-31,SHP00218,CARD,CC-104,LTL,2025-01-10,2025-01-17,3161.5,654.43,12.6,history,3828.53,1.0,3815.93,3815.93,0.0,0.0,3815.93,3815.93,0.0,12.6
2025-01-31,SHP00221,CARD,CC-102,LTL,2025-01-10,2025-01-13,193.26,40.0,12.6,history,245.86,1.0,358.26,233.26,125.0,0.0,358.26,233.26,125.0,-112.4
2025-01-31,SHP00224,CARA,CC-104,LTL,2025-01-10,2025-01-16,1740.59,360.3,9.76,history,2110.65,1.0,2100.89,2100.89,0.0,0.0,2100.89,2100.89,0.0,9.76
2025-01-31,SHP00235,CARA,CC-104,LTL,2025-01-11,2025-01-16,1432.08,296.44,9.76,history,1738.28,1.0,1728.52,1728.52,0.0,0.0,1728.52,1728.52,0.0,9.76
2025-01-31,SHP00236,CARH,CC-102,TL,2025-01-11,2025-01-13,1194.93,211.31,18.75,history,1424.99,1.0,1406.24,1406.24,0.0,0.0,1406.24,1406.24,0.0,18.75
2025-01-31,SHP00242,CARD,CC-103,LTL,2025-01-11,2025-01-13,110.0,22.77,12.6,history,145.37,1.0,132.77,132.77,0.0,0.0,132.77,132.77,0.0,12.6
2025-01-31,SHP00247,CARE,CC-101,LTL,2025-01-11,2025-01-13,110.0,22.77,16.48,history,149.25,1.0,132.71,132.71,0.0,0.0,132.71,132.71,0.0,16.54
2025-01-31,SHP00249,CARG,CC-101,TL,2025-01-11,2025-01-15,4656.96,783.09,29.17,history,5469.22,1.0,5665.05,5440.05,225.0,225.0,5440.05,5440.05,0.0,29.17
2025-01-31,SHP00250,CARD,CC-104,LTL,2025-01-11,2025-01-14,260.93,54.01,12.6,history,327.54,1.0,351.57,351.57,0.0,36.63,314.94,314.94,0.0,12.6
2025-01-31,SHP00252,CARD,CC-104,LTL,2025-01-11,2025-01-13,316.73,65.56,12.6,history,394.89,1.0,382.29,382.29,0.0,0.0,382.29,382.29,0.0,12.6
2025-01-31,SHP00253,CARG,CC-105,TL,2025-01-12,2025-01-16,3118.98,513.02,29.17,history,3661.17,1.0,3666.05,3666.05,0.0,34.05,3632.0,3632.0,0.0,29.17
2025-01-31,SHP00254,CARB,CC-102,LTL,2025-01-12,2025-01-14,203.91,42.21,16.58,history,262.7,1.0,246.12,246.12,0.0,0.0,246.12,246.12,0.0,16.58
2025-01-31,SHP00256,CARC,CC-101,LTL,2025-01-12,2025-01-13,114.61,23.72,11.45,history,149.78,1.0,233.33,138.33,95.0,0.0,233.33,138.33,95.0,-83.55
2025-01-31,SHP00258,CARB,CC-104,LTL,2025-01-12,2025-01-15,208.13,43.08,16.58,history,267.79,1.0,251.21,251.21,0.0,0.0,251.21,251.21,0.0,16.58
2025-01-31,SHP00261,CARD,CC-104,LTL,2025-01-12,2025-01-14,566.85,117.34,12.6,history,696.79,1.0,684.19,684.19,0.0,0.0,684.19,684.19,0.0,12.6
2025-01-31,SHP00266,CARC,CC-104,LTL,2025-01-12,2025-01-16,1082.99,224.18,11.45,history,1318.62,1.0,1307.17,1307.17,0.0,0.0,1307.17,1307.17,0.0,11.45
2025-01-31,SHP00267,CARD,CC-103,LTL,2025-01-12,2025-01-15,1230.66,254.75,12.6,history,1498.01,1.0,1633.26,1633.26,0.0,0.0,1633.26,1633.26,0.0,-135.25
2025-01-31,SHP00270,CARH,CC-103,TL,2025-01-13,2025-01-14,1100.9,205.01,18.75,history,1324.66,1.0,1305.91,1305.91,0.0,0.0,1305.91,1305.91,0.0,18.75
2025-01-31,SHP00275,CARB,CC-102,LTL,2025-01-13,2025-01-15,271.33,56.17,16.58,history,344.08,1.0,327.5,327.5,0.0,0.0,327.5,327.5,0.0,16.58
2025-01-31,SHP00277,CARB,CC-104,LTL,2025-01-13,2025-01-19,1817.56,376.23,16.58,history,2210.37,1.0,2190.99,2190.99,0.0,0.0,2190.99,2190.99,0.0,19.38
2025-01-31,SHP00278,CARD,CC-103,LTL,2025-01-13,2025-01-16,1398.5,289.49,12.6,history,1700.59,1.0,1782.99,1687.99,95.0,95.0,1687.99,1687.99,0.0,12.6
2025-01-31,SHP00282,CARE,CC-104,LTL,2025-01-13,2025-01-15,115.46,23.9,16.48,history,155.84,1.0,139.36,139.36,0.0,0.0,139.36,139.36,0.0,16.48
2025-01-31,SHP00283,CARH,CC-104,TL,2025-01-13,2025-01-15,450.0,75.99,18.75,history,544.74,1.0,825.99,525.99,300.0,0.0,825.99,525.99,300.0,-281.25
2025-01-31,SHP00285,CARD,CC-105,LTL,2025-01-13,2025-01-15,357.6,74.02,12.6,history,444.22,1.0,527.29,432.29,95.0,0.0,527.29,432.29,95.0,-83.07
2025-01-31,SHP00286,CARB,CC-102,LTL,2025-01-13,2025-01-16,395.54,81.88,16.58,history,494.0,1.0,477.42,477.42,0.0,0.0,477.42,477.42,0.0,16.58
2025-01-31,SHP00287,CARD,CC-104,LTL,2025-01-13,2025-01-14,352.31,72.93,12.6,history,437.84,1.0,424.81,424.81,0.0,0.0,424.81,424.81,0.0,13.03
2025-01-31,SHP00288,CARH,CC-105,TL,2025-01-13,2025-01-15,598.23,108.71,18.75,history,725.69,1.0,706.94,706.94,0.0,0.0,706.94,706.94,0.0,18.75
2025-01-31,SHP00290,CARC,CC-103,LTL,2025-01-13,2025-01-17,1147.3,237.49,11.45,history,1396.24,1.0,1532.3,1532.3,0.0,147.51,1384.79,1384.79,0.0,11.45
2025-01-31,SHP00294,CARD,CC-103,LTL,2025-01-13,2025-01-19,415.4,85.99,12.6,history,513.99,1.0,501.39,501.39,0.0,0.0,501.39,501.39,0.0,12.6
2025-01-31,SHP00298,CARB,CC-105,LTL,2025-01-14,2025-01-16,553.02,114.48,16.58,history,684.08,2.0,1335.0,1335.0,0.0,667.5,667.5,667.5,0.0,16.58
2025-01-31,SHP00299,CARB,CC-102,LTL,2025-01-14,2025-01-17,295.28,61.12,16.58,history,372.98,1.0,421.42,421.42,0.0,64.3,357.12,357.12,0.0,15.86
2025-01-31,SHP00302,CARC,CC-104,LTL,2025-01-14,2025-01-21,523.85,108.44,11.45,history,643.74,1.0,632.29,632.29,0.0,0.0,632.29,632.29,0.0,11.45
2025-01-31,SHP00303,CARE,CC-102,LTL,2025-01-14,2025-01-17,389.61,80.65,16.48,history,486.74,1.0,470.26,470.26,0.0,0.0,470.26,470.26,0.0,16.48
2025-01-31,SHP00307,CARD,CC-104,LTL,2025-01-14,2025-01-21,853.37,176.65,12.6,history,1042.62,1.0,1030.02,1030.02,0.0,0.0,1030.02,1030.02,0.0,12.6
2025-01-31,SHP00310,CARA,CC-104,LTL,2025-01-14,2025-01-20,993.19,205.59,9.76,history,1208.54,1.0,1198.78,1198.78,0.0,0.0,1198.78,1198.78,0.0,9.76
2025-01-31,SHP00311,CARB,CC-101,LTL,2025-01-14,2025-01-15,719.15,148.86,16.58,history,884.59,1.0,866.79,866.79,0.0,0.0,866.79,866.79,0.0,17.8
2025-01-31,SHP00315,CARE,CC-105,LTL,2025-01-14,2025-01-16,406.01,84.04,16.48,history,506.53,1.0,490.05,490.05,0.0,0.0,490.05,490.05,0.0,16.48
2025-01-31,SHP00316,CARA,CC-105,LTL,2025-01-14,2025-01-17,126.2,26.12,9.76,history,162.08,1.0,152.28,152.28,0.0,0.0,152.28,152.28,0.0,9.8
2025-01-31,SHP00319,CARH,CC-102,TL,2025-01-15,2025-01-19,2234.77,422.44,18.75,history,2675.96,1.0,2793.32,2793.32,0.0,135.42,2657.9,2657.9,0.0,18.06
2025-01-31,SHP00320,CARE,CC-105,LTL,2025-01-15,2025-01-18,317.5,65.72,16.48,history,399.7,1.0,481.08,386.08,95.0,2.86,478.22,383.22,95.0,-78.52
2025-01-31,SHP00322,CARA,CC-103,LTL,2025-01-15,2025-01-18,589.4,122.01,9.76,history,721.17,1.0,711.41,711.41,0.0,0.0,711.41,711.41,0.0,9.76
2025-01-31,SHP00324,CARG,CC-101,TL,2025-01-15,2025-01-17,621.96,106.83,29.17,history,757.96,1.0,728.79,728.79,0.0,0.0,728.79,728.79,0.0,29.17
2025-01-31,SHP00328,CARB,CC-102,LTL,2025-01-15,2025-01-17,437.46,90.55,16.58,history,544.59,2.0,1056.02,1056.02,0.0,528.01,528.01,528.01,0.0,16.58
2025-01-31,SHP00329,CARD,CC-105,LTL,2025-01-15,2025-01-17,846.34,175.19,12.6,history,1034.13,1.0,1021.53,1021.53,0.0,0.0,1021.53,1021.53,0.0,12.6
2025-01-31,SHP00331,CARA,CC-104,LTL,2025-01-15,2025-01-21,1814.6,375.62,9.76,history,2199.98,1.0,2562.75,2562.75,0.0,0.0,2562.75,2562.75,0.0,-362.77
2025-01-31,SHP00332,CARD,CC-103,LTL,2025-01-15,2025-01-20,1066.4,220.74,12.6,history,1299.74,1.0,1287.14,1287.14,0.0,0.0,1287.14,1287.14,0.0,12.6
2025-01-31,SHP00338,CARH,CC-104,TL,2025-01-15,2025-01-16,450.0,75.99,18.75,history,544.74,1.0,526.13,526.13,0.0,0.0,526.13,526.13,0.0,18.61
2025-01-31,SHP00339,CARB,CC-104,LTL,2025-01-16,2025-01-22,848.82,175.71,16.58,history,1041.11,1.0,1024.53,1024.53,0.0,0.0,1024.53,1024.53,0.0,16.58
2025-01-31,SHP00345,CARG,CC-101,TL,2025-01-16,2025-01-20,4656.96,782.05,29.17,history,5468.18,1.0,5439.01,5439.01,0.0,0.0,5439.01,5439.01,0.0,29.17
2025-01-31,SHP00347,CARF,CC-104,TL,2025-01-16,2025-01-17,451.13,74.1,23.86,history,549.09,1.0,525.23,525.23,0.0,0.0,525.23,525.23,0.0,23.86
2025-01-31,SHP00348,CARE,CC-103,LTL,2025-01-16,2025-01-19,2190.28,453.39,16.48,history,2660.15,1.0,2643.67,2643.67,0.0,0.0,2643.67,2643.67,0.0,16.48
2025-01-31,SHP00349,CARB,CC-103,LTL,2025-01-16,2025-01-21,1243.51,257.41,16.58,history,1517.5,1.0,1500.92,1500.92,0.0,0.0,1500.92,1500.92,0.0,16.58
2025-01-31,SHP00350,CARD,CC-104,LTL,2025-01-16,2025-01-19,291.51,60.34,12.6,history,364.45,1.0,351.85,351.85,0.0,0.0,351.85,351.85,0.0,12.6
2025-01-31,SHP00351,CARD,CC-102,LTL,2025-01-16,2025-01-19,712.04,147.39,12.6,history,872.03,1.0,859.43,859.43,0.0,0.0,859.43,859.43,0.0,12.6
2025-01-31,SHP00353,CARA,CC-103,LTL,2025-01-16,2025-01-21,680.12,140.78,9.76,history,830.66,1.0,820.9,820.9,0.0,0.0,820.9,820.9,0.0,9.76
2025-01-31,SHP00354,CARF,CC-103,TL,2025-01-16,2025-01-21,4876.3,757.98,23.86,history,5658.14,1.0,5634.28,5634.28,0.0,0.0,5634.28,5634.28,0.0,23.86
2025-01-31,SHP00355,CARB,CC-101,LTL,2025-01-16,2025-01-19,1096.53,226.98,16.58,history,1340.09,1.0,1323.51,1323.51,0.0,0.0,1323.51,1323.51,0.0,16.58
2025-01-31,SHP00356,CARB,CC-104,LTL,2025-01-16,2025-01-21,2514.14,520.43,16.58,history,3051.15,1.0,3129.57,3034.57,95.0,0.0,3129.57,3034.57,95.0,-78.42
2025-01-31,SHP00357,CARE,CC-102,LTL,2025-01-16,2025-01-18,441.57,91.4,16.48,history,549.45,2.0,657.97,532.97,125.0,0.0,657.97,532.97,125.0,-108.52
2025-01-31,SHP00358,CARA,CC-101,LTL,2025-01-16,2025-01-19,765.68,158.5,9.76,history,933.94,1.0,1018.05,923.05,95.0,0.0,1018.05,923.05,95.0,-84.11
2025-01-31,SHP00359,CARB,CC-104,LTL,2025-01-16,2025-01-18,186.54,38.61,16.58,history,241.73,1.0,373.37,248.37,125.0,23.5,349.87,224.87,125.0,-108.14
2025-01-31,SHP00360,CARG,CC-101,TL,2025-01-16,2025-01-17,621.96,106.83,29.17,history,757.96,1.0,728.79,728.79,0.0,0.0,728.79,728.79,0.0,29.17
2025-01-31,SHP00361,CARE,CC-101,LTL,2025-01-16,2025-01-21,589.0,121.92,16.48,history,727.4,1.0,805.92,710.92,95.0,0.0,805.92,710.92,95.0,-78.52
2025-01-31,SHP00362,CARB,CC-102,LTL,2025-01-16,2025-01-21,368.6,76.3,16.58,history,461.48,1.0,444.9,444.9,0.0,0.0,444.9,444.9,0.0,16.58
2025-01-31,SHP00363,CARB,CC-101,LTL,2025-01-16,2025-01-19,401.16,83.04,16.58,history,500.78,1.0,484.2,484.2,0.0,0.0,484.2,484.2,0.0,16.58
2025-01-31,SHP00366,CARB,CC-102,LTL,2025-01-17,2025-01-20,396.09,81.99,16.58,history,494.66,1.0,478.08,478.08,0.0,0.0,478.08,478.08,0.0,16.58
2025-01-31,SHP00367,CARE,CC-105,LTL,2025-01-17,2025-01-22,1113.19,230.43,16.48,history,1360.1,1.0,1343.58,1343.58,0.0,0.0,1343.58,1343.58,0.0,16.52
2025-01-31,SHP00368,CARB,CC-102,LTL,2025-01-17,2025-01-20,762.86,157.91,16.58,history,937.35,1.0,920.77,920.77,0.0,0.0,920.77,920.77,0.0,16.58
2025-01-31,SHP00369,CARC,CC-102,LTL,2025-01-17,2025-01-20,963.73,199.49,11.45,history,1174.67,1.0,1163.22,1163.22,0.0,0.0,1163.22,1163.22,0.0,11.45
2025-01-31,SHP00370,CARD,CC-103,LTL,2025-01-17,2025-01-21,927.81,192.06,12.6,history,1132.47,1.0,1119.87,1119.87,0.0,0.0,1119.87,1119.87,0.0,12.6
2025-01-31,SHP00371,CARD,CC-101,LTL,2025-01-17,2025-01-21,1906.37,394.62,12.6,history,2313.59,1.0,2318.15,2318.15,0.0,17.16,2300.99,2300.99,0.0,12.6
2025-01-31,SHP00374,CARD,CC-105,LTL,2025-01-17,2025-01-19,284.7,58.93,12.6,history,356.23,1.0,468.63,343.63,125.0,0.0,468.63,343.63,125.0,-112.4
2025-01-31,SHP00375,CARD,CC-103,LTL,2025-01-17,2025-01-20,1195.26,247.42,12.6,history,1455.28,1.0,1442.68,1442.68,0.0,0.0,1442.68,1442.68,0.0,12.6
2025-01-31,SHP00376,CARA,CC-105,LTL,2025-01-17,2025-01-23,1175.24,243.27,9.76,history,1428.27,1.0,1418.51,1418.51,0.0,0.0,1418.51,1418.51,0.0,9.76
2025-01-31,SHP00380,CARC,CC-104,LTL,2025-01-17,2025-01-19,115.44,23.9,11.45,history,150.79,1.0,139.34,139.34,0.0,0.0,139.34,139.34,0.0,11.45
2025-01-31,SHP00381,CARB,CC-104,LTL,2025-01-17,2025-01-24,3288.68,680.76,16.58,history,3986.02,1.0,4006.44,4006.44,0.0,0.0,4006.44,4006.44,0.0,-20.42
2025-01-31,SHP00382,CARB,CC-102,LTL,2025-01-17,2025-01-20,498.94,103.28,16.58,history,618.8,1.0,602.22,602.22,0.0,0.0,602.22,602.22,0.0,16.58
2025-01-31,SHP00385,CARE,CC-102,LTL,2025-01-17,2025-01-21,830.33,171.88,16.48,history,1018.69,1.0,1097.21,1002.21,95.0,0.0,1097.21,1002.21,95.0,-78.52
2025-01-31,SHP00386,CARE,CC-102,LTL,2025-01-18,2025-01-24,643.81,133.27,16.48,history,793.56,2.0,1804.16,1554.16,250.0,902.08,902.08,777.08,125.0,-108.52
2025-01-31,SHP00387,CARB,CC-103,LTL,2025-01-18,2025-01-21,281.95,58.36,16.58,history,356.89,1.0,340.31,340.31,0.0,0.0,340.31,340.31,0.0,16.58
2025-01-31,SHP00388,CARD,CC-105,LTL,2025-01-18,2025-01-19,110.0,22.77,12.6,history,145.37,1.0,132.77,132.77,0.0,0.0,132.77,132.77,0.0,12.6
2025-01-31,SHP00389,CARE,CC-105,LTL,2025-01-18,2025-01-21,286.22,59.25,16.48,history,361.95,1.0,440.47,345.47,95.0,0.0,440.47,345.47,95.0,-78.52
2025-01-31,SHP00390,CARG,CC-101,TL,2025-01-18,2025-01-22,2614.43,445.01,29.17,history,3088.61,1.0,3059.44,3059.44,0.0,0.0,3059.44,3059.44,0.0,29.17
2025-01-31,SHP00391,CARH,CC-101,TL,2025-01-18,2025-01-20,968.31,179.43,18.75,history,1166.49,1.0,1147.74,1147.74,0.0,0.0,1147.74,1147.74,0.0,18.75
2025-01-31,SHP00392,CARH,CC-103,TL,2025-01-18,2025-01-20,1100.9,205.01,18.75,history,1324.66,1.0,1305.91,1305.91,0.0,0.0,1305.91,1305.91,0.0,18.75
2025-01-31,SHP00393,CARG,CC-105,TL,2025-01-18,2025-01-21,3118.98,512.34,29.17,history,3660.49,1.0,3625.27,3625.27,0.0,0.0,3625.27,3625.27,0.0,35.22
2025-01-31,SHP00395,CARD,CC-103,LTL,2025-01-18,2025-01-22,447.48,92.63,12.6,history,552.71,1.0,538.6,538.6,0.0,0.0,538.6,538.6,0.0,14.11
2025-01-31,SHP00396,CARB,CC-102,LTL,2025-01-18,2025-01-20,473.4,97.99,16.58,history,587.97,1.0,615.74,615.74,0.0,44.35,571.39,571.39,0.0,16.58
2025-01-31,SHP00398,CARD,CC-105,LTL,2025-01-18,2025-01-20,997.86,206.56,12.6,history,1217.02,1.0,1204.42,1204.42,0.0,0.0,1204.42,1204.42,0.0,12.6
2025-01-31,SHP00402,CARG,CC-104,TL,2025-01-18,2025-01-20,1750.17,290.02,29.17,history,2069.36,1.0,2040.19,2040.19,0.0,0.0,2040.19,2040.19,0.0,29.17
2025-01-31,SHP00403,CARA,CC-103,LTL,2025-01-18,2025-01-21,137.62,28.49,9.76,history,175.87,1.0,166.11,166.11,0.0,0.0,166.11,166.11,0.0,9.76
2025-01-31,SHP00404,CARE,CC-103,LTL,2025-01-18,2025-01-20,710.6,147.09,16.48,history,874.17,1.0,857.69,857.69,0.0,0.0,857.69,857.69,0.0,16.48
2025-01-31,SHP00405,CARH,CC-102,TL,2025-01-18,2025-01-20,1194.93,211.03,18.75,history,1424.71,1.0,1405.96,1405.96,0.0,0.0,1405.96,1405.96,0.0,18.75
2025-01-31,SHP00406,CARB,CC-101,LTL,2025-01-18,2025-01-19,545.98,113.02,16.58,history,675.58,1.0,887.53,762.53,125.0,125.0,762.53,762.53,0.0,-86.95
2025-01-31,SHP00408,CARB,CC-104,LTL,2025-01-19,2025-01-20,457.42,94.69,16.58,history,568.69,1.0,552.11,552.11,0.0,0.0,552.11,552.11,0.0,16.58
2025-01-31,SHP00409,CARB,CC-104,LTL,2025-01-19,2025-01-21,149.44,30.93,16.58,history,196.95,1.0,180.37,180.37,0.0,0.0,180.37,180.37,0.0,16.58
2025-01-31,SHP00410,CARD,CC-103,LTL,2025-01-19,2025-01-23,1964.14,406.58,12.6,history,2383.32,1.0,2370.72,2370.72,0.0,0.0,2370.72,2370.72,0.0,12.6
2025-01-31,SHP00411,CARB,CC-102,LTL,2025-01-19,2025-01-21,176.57,36.55,16.58,history,229.7,1.0,213.12,213.12,0.0,0.0,213.12,213.12,0.0,16.58
2025-01-31,SHP00412,CARA,CC-101,LTL,2025-01-19,2025-01-22,658.7,136.35,9.76,history,804.81,1.0,795.05,795.05,0.0,0.0,795.05,795.05,0.0,9.76
2025-01-31,SHP00414,CARA,CC-101,LTL,2025-01-19,2025-01-24,879.53,182.06,9.76,history,1071.35,1.0,1061.59,1061.59,0.0,0.0,1061.59,1061.59,0.0,9.76
2025-01-31,SHP00416,CARD,CC-105,LTL,2025-01-19,2025-01-22,1390.76,287.89,12.6,history,1691.25,1.0,1678.65,1678.65,0.0,0.0,1678.65,1678.65,0.0,12.6
2025-01-31,SHP00417,CARD,CC-103,LTL,2025-01-19,2025-01-24,2743.85,567.98,12.6,history,3324.43,1.0,3311.83,3311.83,0.0,0.0,3311.83,3311.83,0.0,12.6
2025-01-31,SHP00418,CARB,CC-105,LTL,2025-01-19,2025-01-22,397.08,82.2,16.58,history,495.86,1.0,479.28,479.28,0.0,0.0,479.28,479.28,0.0,16.58
2025-01-31,SHP00419,CARE,CC-102,LTL,2025-01-19,2025-01-21,359.69,74.46,16.48,history,450.63,1.0,434.15,434.15,0.0,0.0,434.15,434.15,0.0,16.48
2025-01-31,SHP00420,CARB,CC-102,LTL,2025-01-19,2025-01-21,2153.25,445.72,16.58,history,2615.55,1.0,2598.97,2598.97,0.0,0.0,2598.97,2598.97,0.0,16.58
2025-01-31,SHP00421,CARD,CC-102,LTL,2025-01-19,2025-01-21,876.75,181.49,12.6,history,1070.84,1.0,1058.24,1058.24,0.0,0.0,1058.24,1058.24,0.0,12.6
2025-01-31,SHP00422,CARF,CC-104,TL,2025-01-19,2025-01-21,531.18,85.39,23.86,history,640.43,1.0,616.57,616.57,0.0,0.0,616.57,616.57,0.0,23.86
2025-01-31,SHP00423,CARG,CC-103,TL,2025-01-19,2025-01-22,2361.68,419.05,29.17,history,2809.9,1.0,2780.73,2780.73,0.0,0.0,2780.73,2780.73,0.0,29.17
2025-01-31,SHP00424,CARB,CC-103,LTL,2025-01-19,2025-01-23,1015.55,210.22,16.58,history,1242.35,1.0,1351.29,1226.29,125.0,0.0,1351.29,1226.29,125.0,-108.94
2025-01-31,SHP00425,CARE,CC-104,LTL,2025-01-19,2025-01-22,597.01,123.58,16.48,history,737.07,1.0,720.59,720.59,0.0,0.0,720.59,720.59,0.0,16.48
2025-01-31,SHP00426,CARD,CC-104,LTL,2025-01-19,2025-01-21,148.43,30.73,12.6,history,191.76,1.0,274.16,179.16,95.0,0.0,274.16,179.16,95.0,-82.4
2025-01-31,SHP00428,CARA,CC-104,LTL,2025-01-19,2025-01-20,231.7,47.96,9.76,history,289.42,1.0,404.66,279.66,125.0,0.0,404.66,279.66,125.0,-115.24
2025-01-31,SHP00430,CARB,CC-102,LTL,2025-01-20,2025-01-23,110.0,22.77,16.58,history,149.35,1.0,132.77,132.77,0.0,0.0,132.77,132.77,0.0,16.58
2025-01-31,SHP00431,CARD,CC-101,LTL,2025-01-20,2025-01-21,110.0,22.77,12.6,history,145.37,1.0,132.77,132.77,0.0,0.0,132.77,132.77,0.0,12.6
2025-01-31,SHP00432,CARA,CC-105,LTL,2025-01-20,2025-01-24,1141.53,236.3,9.76,history,1387.59,1.0,1377.83,1377.83,0.0,0.0,1377.83,1377.83,0.0,9.76
2025-01-31,SHP00433,CARA,CC-103,LTL,2025-01-20,2025-01-26,1723.18,356.7,9.76,history,2089.64,1.0,2079.88,2079.88,0.0,0.0,2079.88,2079.88,0.0,9.76
2025-01-31,SHP00434,CARA,CC-105,LTL,2025-01-20,2025-01-23,906.25,187.59,9.76,history,1103.6,1.0,1093.84,1093.84,0.0,0.0,1093.84,1093.84,0.0,9.76
2025-01-31,SHP00435,CARA,CC-102,LTL,2025-01-20,2025-01-22,441.35,91.36,9.76,history,542.47,1.0,627.71,532.71,95.0,0.0,627.71,532.71,95.0,-85.24
2025-01-31,SHP00436,CARA,CC-103,LTL,2025-01-20,2025-01-24,323.7,67.01,9.76,history,400.47,1.0,390.71,390.71,0.0,0.0,390.71,390.71,0.0,9.76
2025-01-31,SHP00437,CARH,CC-103,TL,2025-01-20,2025-01-23,3114.0,599.96,18.75,history,3732.71,1.0,3713.96,3713.96,0.0,0.0,3713.96,3713.96,0.0,18.75
2025-01-31,SHP00438,CARB,CC-101,LTL,2025-01-20,2025-01-22,159.78,33.07,16.58,history,209.43,2.0,317.85,192.85,125.0,0.0,317.85,192.85,125.0,-108.42
2025-01-31,SHP00439,CARD,CC-104,LTL,2025-01-20,2025-01-23,211.87,43.86,12.6,history,268.33,1.0,352.31,257.31,95.0,95.0,257.31,257.31,0.0,11.02
2025-01-31,SHP00441,CARD,CC-103,LTL,2025-01-20,2025-01-25,2258.0,467.41,12.6,history,2738.01,1.0,2725.41,2725.41,0.0,0.0,2725.41,2725.41,0.0,12.6
2025-01-31,SHP00442,CARA,CC-104,LTL,2025-01-20,2025-01-21,224.31,46.43,9.76,history,280.5,1.0,270.74,270.74,0.0,0.0,270.74,270.74,0.0,9.76
2025-01-31,SHP00443,CARC,CC-104,LTL,2025-01-20,2025-01-26,940.0,194.58,11.45,history,1146.03,1.0,1229.58,1134.58,95.0,0.0,1229.58,1134.58,95.0,-83.55
2025-01-31,SHP00444,CARA,CC-104,LTL,2025-01-20,2025-01-26,941.8,194.95,9.76,history,1146.51,1.0,1136.75,1136.75,0.0,0.0,1136.75,1136.75,0.0,9.76
2025-01-31,SHP00446,CARE,CC-104,LTL,2025-01-20,2025-01-22,356.0,73.69,16.48,history,446.17,1.0,429.69,429.69,0.0,0.0,429.69,429.69,0.0,16.48
2025-01-31,SHP00447,CARG,CC-102,TL,2025-01-20,2025-01-23,1875.43,324.07,29.17,history,2228.67,1.0,2199.5,2199.5,0.0,0.0,2199.5,2199.5,0.0,29.17
2025-01-31,SHP00449,CARD,CC-102,LTL,2025-01-20,2025-01-22,141.4,29.27,12.6,history,183.27,1.0,170.67,170.67,0.0,0.0,170.67,170.67,0.0,12.6
2025-01-31,SHP00450,CARB,CC-104,LTL,2025-01-20,2025-01-23,1898.9,393.07,16.58,history,2308.55,1.0,2386.97,2291.97,95.0,0.0,2386.97,2291.97,95.0,-78.42
2025-01-31,SHP00451,CARA,CC-101,LTL,2025-01-21,2025-01-24,994.5,205.86,9.76,history,1210.12,1.0,1200.36,1200.36,0.0,0.0,1200.36,1200.36,0.0,9.76
2025-01-31,SHP00452,CARD,CC-102,LTL,2025-01-21,2025-01-24,435.4,90.13,12.6,history,538.13,1.0,525.53,525.53,0.0,0.0,525.53,525.53,0.0,12.6
2025-01-31,SHP00453,CARC,CC-101,LTL,2025-01-21,2025-01-24,124.74,25.82,11.45,history,162.01,1.0,150.56,150.56,0.0,0.0,150.56,150.56,0.0,11.45
2025-01-31,SHP00455,CARD,CC-102,LTL,2025-01-21,2025-01-23,110.0,22.77,12.6,history,145.37,1.0,132.45,132.45,0.0,0.0,132.45,132.45,0.0,12.92
2025-01-31,SHP00456,CARB,CC-102,LTL,2025-01-21,2025-01-24,449.93,93.14,16.58,history,559.65,1.0,543.07,543.07,0.0,0.0,543.07,543.07,0.0,16.58
2025-01-31,SHP00457,CARD,CC-103,LTL,2025-01-21,2025-01-24,1398.5,289.49,12.6,history,1700.59,1.0,1687.99,1687.99,0.0,0.0,1687.99,1687.99,0.0,12.6
2025-01-31,SHP00458,CARC,CC-104,LTL,2025-01-21,2025-01-24,1023.77,211.92,11.45,history,1247.14,1.0,1235.69,1235.69,0.0,0.0,1235.69,1235.69,0.0,11.45
2025-01-31,SHP00459,CARB,CC-104,LTL,2025-01-21,2025-01-23,860.22,178.07,16.58,history,1054.87,1.0,1038.29,1038.29,0.0,0.0,1038.29,1038.29,0.0,16.58
2025-01-31,SHP00460,CARE,CC-102,LTL,2025-01-21,2025-01-24,228.61,47.32,16.48,history,292.41,1.0,370.93,275.93,95.0,0.0,370.93,275.93,95.0,-78.52
2025-01-31,SHP00461,CARC,CC-103,LTL,2025-01-21,2025-01-24,300.14,62.13,11.45,history,373.72,1.0,362.27,362.27,0.0,0.0,362.27,362.27,0.0,11.45
2025-01-31,SHP00462,CARH,CC-103,TL,2025-01-21,2025-01-26,3699.41,716.33,18.75,history,4434.49,1.0,4415.74,4415.74,0.0,0.0,4415.74,4415.74,0.0,18.75
2025-01-31,SHP00463,CARC,CC-103,LTL,2025-01-21,2025-01-24,278.03,57.55,11.45,history,347.03,1.0,335.58,335.58,0.0,0.0,335.58,335.58,0.0,11.45
2025-01-31,SHP00464,CARD,CC-101,LTL,2025-01-21,2025-01-24,264.85,54.82,12.6,history,332.27,1.0,319.67,319.67,0.0,0.0,319.67,319.67,0.0,12.6
2025-01-31,SHP00465,CARF,CC-104,TL,2025-01-21,2025-01-23,531.18,87.47,23.86,history,642.51,1.0,618.65,618.65,0.0,0.0,618.65,618.65,0.0,23.86
2025-01-31,SHP00466,CARA,CC-103,LTL,2025-01-21,2025-01-26,1212.39,250.96,9.76,history,1473.11,1.0,1463.35,1463.35,0.0,0.0,1463.35,1463.35,0.0,9.76
2025-01-31,SHP00467,CARA,CC-105,LTL,2025-01-21,2025-01-24,524.6,108.59,9.76,history,642.95,1.0,633.19,633.19,0.0,0.0,633.19,633.19,0.0,9.76
2025-01-31,SHP00469,CARD,CC-103,LTL,2025-01-21,2025-01-24,431.6,89.34,12.6,history,533.54,1.0,520.94,520.94,0.0,0.0,520.94,520.94,0.0,12.6
2025-01-31,SHP00470,CARE,CC-105,LTL,2025-01-21,2025-01-26,604.3,125.09,16.48,history,745.87,1.0,729.39,729.39,0.0,0.0,729.39,729.39,0.0,16.48
2025-01-31,SHP00471,CARG,CC-101,TL,2025-01-21,2025-01-22,450.0,76.3,29.17,history,555.47,1.0,676.3,526.3,150.0,0.0,676.3,526.3,150.0,-120.83
2025-01-31,SHP00472,CARH,CC-104,TL,2025-01-21,2025-01-24,1536.12,290.16,18.75,history,1845.03,1.0,1826.28,1826.28,0.0,0.0,1826.28,1826.28,0.0,18.75
2025-01-31,SHP00473,CARA,CC-104,LTL,2025-01-22,2025-01-25,253.34,52.44,9.76,history,315.54,1.0,330.48,330.48,0.0,0.0,330.48,330.48,0.0,-14.94
2025-01-31,SHP00474,CARB,CC-102,LTL,2025-01-22,2025-01-24,974.23,201.67,16.58,history,1192.48,1.0,1175.9,1175.9,0.0,0.0,1175.9,1175.9,0.0,16.58
2025-01-31,SHP00475,CARG,CC-102,TL,2025-01-22,2025-01-24,1875.43,324.07,29.17,history,2228.67,1.0,2199.5,2199.5,0.0,0.0,2199.5,2199.5,0.0,29.17
2025-01-31,SHP00476,CARD,CC-104,LTL,2025-01-22,2025-01-23,153.92,31.86,12.6,history,198.38,1.0,185.78,185.78,0.0,0.0,185.78,185.78,0.0,12.6
2025-01-31,SHP00477,CARD,CC-104,LTL,2025-01-22,2025-01-23,342.85,70.97,12.6,history,426.42,1.0,415.02,415.02,0.0,0.0,415.02,415.02,0.0,11.4
2025-01-31,SHP00478,CARE,CC-103,LTL,2025-01-22,2025-01-25,482.79,99.94,16.48,history,599.21,1.0,584.43,584.43,0.0,0.0,584.43,584.43,0.0,14.78
2025-01-31,SHP00479,CARD,CC-105,LTL,2025-01-22,2025-01-24,205.6,42.56,12.6,history,260.76,1.0,248.16,248.16,0.0,0.0,248.16,248.16,0.0,12.6
2025-01-31,SHP00480,CARH,CC-101,TL,2025-01-22,2025-01-26,3623.36,671.25,18.75,history,4313.36,1.0,4294.61,4294.61,0.0,0.0,4294.61,4294.61,0.0,18.75
2025-01-31,SHP00481,CARA,CC-101,LTL,2025-01-22,2025-01-27,1699.49,351.79,9.76,history,2061.04,1.0,2051.28,2051.28,0.0,0.0,2051.28,2051.28,0.0,9.76
2025-01-31,SHP00482,CARE,CC-101,LTL,2025-01-22,2025-01-27,908.09,187.97,16.48,history,1112.54,1.0,1095.86,1095.86,0.0,0.0,1095.86,1095.86,0.0,16.68
2025-01-31,SHP00483,CARD,CC-103,LTL,2025-01-22,2025-01-25,502.66,104.05,12.6,history,619.31,1.0,606.71,606.71,0.0,0.0,606.71,606.71,0.0,12.6
2025-01-31,SHP00484,CARA,CC-105,LTL,2025-01-22,2025-01-25,376.68,77.97,9.76,history,464.41,1.0,454.65,454.65,0.0,0.0,454.65,454.65,0.0,9.76
2025-01-31,SHP00485,CARF,CC-101,TL,2025-01-22,2025-01-24,711.9,121.38,23.86,history,857.14,1.0,833.28,833.28,0.0,0.0,833.28,833.28,0.0,23.86
2025-01-31,SHP00486,CARD,CC-104,LTL,2025-01-22,2025-01-23,158.52,32.81,12.6,history,203.93,1.0,191.33,191.33,0.0,0.0,191.33,191.33,0.0,12.6
2025-01-31,SHP00487,CARA,CC-105,LTL,2025-01-22,2025-01-27,885.62,183.32,9.76,history,1078.7,1.0,1068.94,1068.94,0.0,0.0,1068.94,1068.94,0.0,9.76
2025-01-31,SHP00488,CARE,CC-103,LTL,2025-01-22,2025-01-24,708.09,146.57,16.48,history,871.14,1.0,854.66,854.66,0.0,0.0,854.66,854.66,0.0,16.48
2025-01-31,SHP00489,CARD,CC-102,LTL,2025-01-22,2025-01-24,235.14,48.67,12.6,history,296.41,2.0,378.81,283.81,95.0,0.0,378.81,283.81,95.0,-82.4
2025-01-31,SHP00490,CARH,CC-104,TL,2025-01-22,2025-01-24,1536.12,290.16,18.75,history,1845.03,1.0,1826.28,1826.28,0.0,0.0,1826.28,1826.28,0.0,18.75
2025-01-31,SHP00491,CARB,CC-104,LTL,2025-01-22,2025-01-26,661.42,136.91,16.58,history,814.91,1.0,798.33,798.33,0.0,0.0,798.33,798.33,0.0,16.58
2025-01-31,SHP00492,CARD,CC-102,LTL,2025-01-22,2025-01-25,1662.5,344.14,12.6,history,2019.24,1.0,2006.64,2006.64,0.0,0.0,2006.64,2006.64,0.0,12.6
2025-01-31,SHP00494,CARB,CC-104,LTL,2025-01-23,2025-01-26,325.49,67.38,16.58,history,409.45,1.0,392.87,392.87,0.0,0.0,392.87,392.87,0.0,16.58
2025-01-31,SHP00495,CARD,CC-103,LTL,2025-01-23,2025-01-27,903.0,186.92,12.6,history,1102.52,1.0,1089.92,1089.92,0.0,0.0,1089.92,1089.92,0.0,12.6
2025-01-31,SHP00496,CARE,CC-102,LTL,2025-01-23,2025-01-26,458.12,94.83,16.48,history,569.43,1.0,647.95,552.95,95.0,0.0,647.95,552.95,95.0,-78.52
2025-01-31,SHP00497,CARE,CC-104,LTL,2025-01-23,2025-01-26,136.23,28.2,16.48,history,180.91,1.0,164.37,164.37,0.0,0.0,164.37,164.37,0.0,16.54
2025-01-31,SHP00498,CARE,CC-101,LTL,2025-01-23,2025-01-25,178.39,36.93,16.48,history,231.8,1.0,310.32,215.32,95.0,0.0,310.32,215.32,95.0,-78.52
2025-01-31,SHP00499,CARE,CC-105,LTL,2025-01-23,2025-01-25,1587.36,328.58,16.48,history,1932.42,1.0,1915.94,1915.94,0.0,0.0,1915.94,1915.94,0.0,16.48
2025-01-31,SHP00500,CARD,CC-103,LTL,2025-01-23,2025-01-28,148.19,30.68,12.6,history,191.47,1.0,178.87,178.87,0.0,0.0,178.87,178.87,0.0,12.6
2025-01-31,SHP00501,CARH,CC-102,TL,2025-01-23,2025-01-27,2234.77,432.73,18.75,history,2686.25,1.0,2667.5,2667.5,0.0,0.0,2667.5,2667.5,0.0,18.75
2025-01-31,SHP00502,CARC,CC-104,LTL,2025-01-23,2025-01-26,340.2,70.42,11.45,history,422.07,1.0,505.9,410.9,95.0,95.0,410.9,410.9,0.0,11.17
2025-01-31,SHP00503,CARE,CC-101,LTL,2025-01-23,2025-01-24,236.04,48.86,16.48,history,301.38,1.0,284.9,284.9,0.0,0.0,284.9,284.9,0.0,16.48
2025-01-31,SHP00504,CARD,CC-102,LTL,2025-01-23,2025-01-26,110.0,22.77,12.6,history,145.37,1.0,132.77,132.77,0.0,0.0,132.77,132.77,0.0,12.6
2025-01-31,SHP00505,CARC,CC-104,LTL,2025-01-23,2025-01-25,110.0,22.77,11.45,history,144.22,1.0,132.77,132.77,0.0,0.0,132.77,132.77,0.0,11.45
2025-01-31,SHP00506,CARA,CC-102,LTL,2025-01-23,2025-01-27,871.8,180.46,9.76,history,1062.02,1.0,1177.0,1052.0,125.0,125.0,1052.0,1052.0,0.0,10.02
2025-01-31,SHP00507,CARD,CC-105,LTL,2025-01-23,2025-01-25,492.57,101.96,12.6,history,607.13,1.0,594.53,594.53,0.0,0.0,594.53,594.53,0.0,12.6
2025-01-31,SHP00508,CARB,CC-101,LTL,2025-01-23,2025-01-25,238.68,49.41,16.58,history,304.67,1.0,288.09,288.09,0.0,0.0,288.09,288.09,0.0,16.58
2025-01-31,SHP00509,CARA,CC-104,LTL,2025-01-23,2025-01-28,1189.61,246.25,9.76,history,1445.62,1.0,1435.86,1435.86,0.0,0.0,1435.86,1435.86,0.0,9.76
2025-01-31,SHP00510,CARF,CC-101,TL,2025-01-23,2025-01-26,2457.46,424.64,23.86,history,2905.96,1.0,2882.1,2882.1,0.0,0.0,2882.1,2882.1,0.0,23.86
2025-01-31,SHP00511,CARB,CC-104,LTL,2025-01-23,2025-01-27,557.69,115.44,16.58,history,689.71,1.0,673.13,673.13,0.0,0.0,673.13,673.13,0.0,16.58
2025-01-31,SHP00512,CARB,CC-102,LTL,2025-01-23,2025-01-25,232.86,48.2,16.58,history,297.64,2.0,562.12,562.12,0.0,281.06,281.06,281.06,0.0,16.58
2025-01-31,SHP00514,CARB,CC-103,LTL,2025-01-23,2025-01-26,573.65,118.75,16.58,history,708.98,1.0,692.4,692.4,0.0,0.0,692.4,692.4,0.0,16.58
2025-01-31,SHP00515,CARG,CC-105,TL,2025-01-23,2025-01-26,1310.4,240.45,29.17,history,1580.02,1.0,1550.85,1550.85,0.0,0.0,1550.85,1550.85,0.0,29.17
2025-01-31,SHP00516,CARF,CC-103,TL,2025-01-23,2025-01-28,4876.3,776.45,23.86,history,5676.61,1.0,5651.92,5651.92,0.0,0.0,5651.92,5651.92,0.0,24.69
2025-01-31,SHP00517,CARB,CC-101,LTL,2025-01-24,2025-01-25,110.0,22.77,16.58,history,149.35,1.0,132.77,132.77,0.0,0.0,132.77,132.77,0.0,16.58
2025-01-31,SHP00518,CARD,CC-105,LTL,2025-01-24,2025-01-27,284.7,58.93,12.6,history,356.23,1.0,343.63,343.63,0.0,0.0,343.63,343.63,0.0,12.6
2025-01-31,SHP00519,CARE,CC-104,LTL,2025-01-24,2025-01-26,146.25,30.27,16.48,history,193.0,1.0,396.8,176.8,220.0,0.0,396.8,176.8,220.0,-203.8
2025-01-31,SHP00520,CARA,CC-104,LTL,2025-01-24,2025-01-29,2696.21,558.12,9.76,history,3264.09,1.0,3254.33,3254.33,0.0,0.0,3254.33,3254.33,0.0,9.76
2025-01-31,SHP00521,CARE,CC-103,LTL,2025-01-24,2025-01-27,655.19,135.62,16.48,history,807.29,1.0,790.81,790.81,0.0,0.0,790.81,790.81,0.0,16.48
2025-01-31,SHP00522,CARA,CC-104,LTL,2025-01-24,2025-01-26,116.64,24.14,9.76,history,150.54,1.0,140.78,140.78,0.0,0.0,140.78,140.78,0.0,9.76
2025-01-31,SHP00523,CARB,CC-104,LTL,2025-01-24,2025-01-27,555.55,115.0,16.58,history,687.13,1.0,795.55,670.55,125.0,0.0,795.55,670.55,125.0,-108.42
2025-01-31,SHP00524,CARF,CC-103,TL,2025-01-24,2025-01-28,4876.3,776.45,23.86,history,5676.61,1.0,5652.75,5652.75,0.0,0.0,5652.75,5652.75,0.0,23.86
2025-01-31,SHP00525,CARE,CC-104,LTL,2025-01-24,2025-01-26,531.39,110.0,16.48,history,657.87,1.0,641.39,641.39,0.0,0.0,641.39,641.39,0.0,16.48
2025-01-31,SHP00526,CARG,CC-101,TL,2025-01-24,2025-01-26,621.96,109.43,29.17,history,760.56,1.0,760.69,760.69,0.0,29.3,731.39,731.39,0.0,29.17
2025-01-31,SHP00527,CARD,CC-103,LTL,2025-01-24,2025-01-29,2128.09,440.51,12.6,history,2581.2,1.0,2568.6,2568.6,0.0,0.0,2568.6,2568.6,0.0,12.6
2025-01-31,SHP00528,CARE,CC-101,LTL,2025-01-24,2025-01-28,596.76,123.53,16.48,history,736.77,1.0,845.29,720.29,125.0,0.0,845.29,720.29,125.0,-108.52
2025-01-31,SHP00529,CARD,CC-101,LTL,2025-01-24,2025-01-27,430.12,89.03,12.6,history,531.75,1.0,519.15,519.15,0.0,0.0,519.15,519.15,0.0,12.6
2025-01-31,SHP00530,CARD,CC-105,LTL,2025-01-24,2025-01-27,353.1,73.09,12.6,history,438.79,1.0,426.19,426.19,0.0,0.0,426.19,426.19,0.0,12.6
2025-01-31,SHP00531,CARD,CC-104,LTL,2025-01-24,2025-01-30,412.59,85.41,12.6,history,510.6,1.0,498.0,498.0,0.0,0.0,498.0,498.0,0.0,12.6
2025-01-31,SHP00532,CARA,CC-101,LTL,2025-01-24,2025-01-28,755.26,156.34,9.76,history,921.36,1.0,911.6,911.6,0.0,0.0,911.6,911.6,0.0,9.76
2025-01-31,SHP00533,CARD,CC-102,LTL,2025-01-24,2025-01-28,479.24,99.2,12.6,history,591.04,1.0,615.79,615.79,0.0,0.0,615.79,615.79,0.0,-24.75
2025-01-31,SHP00534,CARB,CC-104,LTL,2025-01-24,2025-01-26,575.46,119.12,16.58,history,711.16,1.0,694.58,694.58,0.0,0.0,694.58,694.58,0.0,16.58
2025-01-31,SHP00535,CARG,CC-102,TL,2025-01-24,2025-01-26,1875.43,324.07,29.17,history,2228.67,1.0,2199.5,2199.5,0.0,0.0,2199.5,2199.5,0.0,29.17
2025-01-31,SHP00536,CARA,CC-102,LTL,2025-01-24,2025-01-27,1593.21,329.79,9.76,history,1932.76,1.0,1923.0,1923.0,0.0,0.0,1923.0,1923.0,0.0,9.76
2025-01-31,SHP00537,CARA,CC-105,LTL,2025-01-24,2025-01-28,734.47,152.04,9.76,history,896.27,1.0,906.34,906.34,0.0,19.83,886.51,886.51,0.0,9.76
2025-01-31,SHP00538,CARE,CC-101,LTL,2025-01-24,2025-01-27,333.33,69.0,16.48,history,418.81,1.0,497.33,402.33,95.0,0.0,497.33,402.33,95.0,-78.52
2025-01-31,SHP00539,CARA,CC-103,LTL,2025-01-25,2025-01-31,844.03,174.71,9.76,history,1028.5,1.0,1018.74,1018.74,0.0,0.0,1018.74,1018.74,0.0,9.76
2025-01-31,SHP00540,CARE,CC-103,LTL,2025-01-25,2025-01-28,500.35,103.57,16.48,history,620.4,1.0,603.56,603.56,0.0,0.0,603.56,603.56,0.0,16.84
2025-01-31,SHP00541,CARC,CC-103,LTL,2025-01-25,2025-01-28,322.0,66.65,11.45,history,400.1,1.0,388.65,388.65,0.0,0.0,388.65,388.65,0.0,11.45
2025-01-31,SHP00542,CARB,CC-103,LTL,2025-01-25,2025-01-29,548.91,113.62,16.58,history,679.11,1.0,757.53,662.53,95.0,0.0,757.53,662.53,95.0,-78.42
2025-01-31,SHP00543,CARD,CC-103,LTL,2025-01-25,2025-01-31,1372.14,284.03,12.6,history,1668.77,1.0,1751.17,1656.17,95.0,0.0,1751.17,1656.17,95.0,-82.4
2025-01-31,SHP00544,CARE,CC-104,LTL,2025-01-25,2025-01-28,260.48,53.92,16.48,history,330.88,1.0,314.4,314.4,0.0,0.0,314.4,314.4,0.0,16.48
2025-01-31,SHP00545,CARD,CC-102,LTL,2025-01-25,2025-01-27,1265.5,261.96,12.6,history,1540.06,1.0,1527.46,1527.46,0.0,0.0,1527.46,1527.46,0.0,12.6
2025-01-31,SHP00546,CARC,CC-104,LTL,2025-01-25,2025-01-31,948.8,196.4,11.45,history,1156.65,1.0,1270.2,1145.2,125.0,0.0,1270.2,1145.2,125.0,-113.55
2025-01-31,SHP00547,CARC,CC-104,LTL,2025-01-25,2025-01-28,288.78,59.78,11.45,history,360.01,1.0,348.66,348.66,0.0,0.0,348.66,348.66,0.0,11.35
2025-01-31,SHP00548,CARB,CC-104,LTL,2025-01-25,2025-01-26,321.3,66.51,16.58,history,404.39,1.0,387.81,387.81,0.0,0.0,387.81,387.81,0.0,16.58
2025-01-31,SHP00550,CARG,CC-104,TL,2025-01-25,2025-01-26,450.0,75.14,29.17,history,554.31,1.0,525.01,525.01,0.0,0.0,525.01,525.01,0.0,29.3
2025-01-31,SHP00551,CARB,CC-101,LTL,2025-01-25,2025-01-28,2613.0,540.89,16.58,history,3170.47,1.0,3158.72,3158.72,0.0,0.0,3158.72,3158.72,0.0,11.75
2025-01-31,SHP00552,CARE,CC-104,LTL,2025-01-25,2025-01-28,357.9,74.09,16.48,history,448.47,1.0,556.99,431.99,125.0,0.0,556.99,431.99,125.0,-108.52
2025-01-31,SHP00553,CARC,CC-101,LTL,2025-01-25,2025-01-29,631.67,130.76,11.45,history,773.88,1.0,762.43,762.43,0.0,0.0,762.43,762.43,0.0,11.45
2025-01-31,SHP00554,CARB,CC-104,LTL,2025-01-25,2025-01-30,949.93,196.64,16.58,history,1163.15,1.0,1151.32,1151.32,0.0,0.0,1151.32,1151.32,0.0,11.83
2025-01-31,SHP00555,CARA,CC-105,LTL,2025-01-25,2025-01-30,455.23,94.23,9.76,history,559.22,1.0,549.46,549.46,0.0,0.0,549.46,549.46,0.0,9.76
2025-01-31,SHP00556,CARC,CC-104,LTL,2025-01-25,2025-01-30,680.22,140.81,11.45,history,832.48,1.0,1041.03,821.03,220.0,0.0,1041.03,821.03,220.0,-208.55
2025-01-31,SHP00557,CARB,CC-102,LTL,2025-01-25,2025-01-27,587.29,121.57,16.58,history,725.44,1.0,803.86,708.86,95.0,0.0,803.86,708.86,95.0,-78.42
2025-01-31,SHP00558,CARB,CC-102,LTL,2025-01-25,2025-01-27,744.22,154.05,16.58,history,914.85,1.0,898.27,898.27,0.0,0.0,898.27,898.27,0.0,16.58
2025-01-31,SHP00559,CARB,CC-102,LTL,2025-01-25,2025-01-29,454.85,94.15,16.58,history,565.58,1.0,644.0,549.0,95.0,0.0,644.0,549.0,95.0,-78.42
2025-01-31,SHP00560,CARF,CC-101,TL,2025-01-26,2025-01-27,711.9,121.38,23.86,history,857.14,1.0,833.28,833.28,0.0,0.0,833.28,833.28,0.0,23.86
2025-01-31,SHP00561,CARF,CC-103,TL,2025-01-26,2025-01-30,4876.3,776.45,23.86,history,5676.61,1.0,5652.75,5652.75,0.0,0.0,5652.75,5652.75,0.0,23.86
2025-01-31,SHP00562,CARA,CC-101,LTL,2025-01-26,2025-01-28,258.61,53.53,9.76,history,321.9,1.0,312.14,312.14,0.0,0.0,312.14,312.14,0.0,9.76
2025-01-31,SHP00563,CARF,CC-104,TL,2025-01-26,2025-01-31,5564.8,912.47,23.86,history,6501.13,1.0,6477.27,6477.27,0.0,0.0,6477.27,6477.27,0.0,23.86
2025-01-31,SHP00564,CARE,CC-102,LTL,2025-01-26,2025-01-29,110.0,22.77,16.48,history,149.25,1.0,132.77,132.77,0.0,0.0,132.77,132.77,0.0,16.48
2025-01-31,SHP00565,CARG,CC-105,TL,2025-01-26,2025-01-30,3118.98,524.82,29.17,history,3672.97,1.0,3643.8,3643.8,0.0,0.0,3643.8,3643.8,0.0,29.17
2025-01-31,SHP00566,CARD,CC-101,LTL,2025-01-26,2025-01-27,469.71,97.23,12.6,history,579.54,1.0,661.94,566.94,95.0,0.0,661.94,566.94,95.0,-82.4
2025-01-31,SHP00567,CARC,CC-102,LTL,2025-01-26,2025-01-28,661.15,136.86,11.45,history,809.46,1.0,797.58,797.58,0.0,0.0,797.58,797.58,0.0,11.88
2025-01-31,SHP00569,CARG,CC-104,TL,2025-01-26,2025-01-27,450.0,75.14,29.17,history,554.31,1.0,525.14,525.14,0.0,0.0,525.14,525.14,0.0,29.17
2025-01-31,SHP00570,CARE,CC-105,LTL,2025-01-26,2025-01-31,277.37,57.42,16.48,history,351.27,1.0,334.79,334.79,0.0,0.0,334.79,334.79,0.0,16.48
2025-01-31,SHP00571,CARE,CC-101,LTL,2025-01-26,2025-01-28,485.91,100.58,16.48,history,602.97,1.0,586.49,586.49,0.0,0.0,586.49,586.49,0.0,16.48
2025-01-31,SHP00572,CARG,CC-104,TL,2025-01-26,2025-01-31,5133.3,928.65,29.17,history,6091.12,1.0,6061.95,6061.95,0.0,0.0,6061.95,6061.95,0.0,29.17
2025-01-31,SHP00574,CARC,CC-104,LTL,2025-01-27,2025-01-31,353.68,76.39,11.45,history,441.52,1.0,525.76,430.76,95.0,0.0,525.76,430.76,95.0,-84.24
2025-01-31,SHP00575,CARF,CC-103,TL,2025-01-27,2025-01-30,2355.42,426.17,23.86,history,2805.45,1.0,2781.59,2781.59,0.0,0.0,2781.59,2781.59,0.0,23.86
2025-01-31,SHP00577,CARD,CC-103,LTL,2025-01-27,2025-01-30,459.42,99.23,12.6,history,571.25,1.0,653.65,558.65,95.0,0.0,653.65,558.65,95.0,-82.4
2025-01-31,SHP00578,CARC,CC-101,LTL,2025-01-27,2025-01-29,288.0,62.21,11.45,history,361.66,1.0,350.21,350.21,0.0,0.0,350.21,350.21,0.0,11.45
2025-01-31,SHP00579,CARB,CC-104,LTL,2025-01-27,2025-01-30,597.16,128.99,16.58,history,742.73,1.0,726.15,726.15,0.0,0.0,726.15,726.15,0.0,16.58
2025-01-31,SHP00580,CARE,CC-101,LTL,2025-01-27,2025-01-31,700.22,151.25,16.48,history,867.95,1.0,851.47,851.47,0.0,0.0,851.47,851.47,0.0,16.48
2025-01-31,SHP00581,CARE,CC-102,LTL,2025-01-27,2025-01-31,1979.49,427.57,16.48,history,2423.54,1.0,2502.06,2407.06,95.0,0.0,2502.06,2407.06,95.0,-78.52
2025-01-31,SHP00582,CARF,CC-101,TL,2025-01-27,2025-01-30,3432.0,574.38,23.86,history,4030.24,1.0,4006.38,4006.38,0.0,0.0,4006.38,4006.38,0.0,23.86
2025-01-31,SHP00584,CARD,CC-104,LTL,2025-01-27,2025-01-29,362.41,78.28,12.6,history,453.29,1.0,440.69,440.69,0.0,0.0,440.69,440.69,0.0,12.6
2025-01-31,SHP00585,CARD,CC-103,LTL,2025-01-27,2025-01-30,500.51,108.11,12.6,history,621.22,1.0,608.62,608.62,0.0,0.0,608.62,608.62,0.0,12.6
2025-01-31,SHP00586,CARC,CC-101,LTL,2025-01-27,2025-01-30,408.6,88.26,11.45,history,508.31,1.0,515.42,515.42,0.0,4.3,511.12,511.12,0.0,-2.81
2025-01-31,SHP00587,CARC,CC-101,LTL,2025-01-27,2025-01-31,722.16,155.99,11.45,history,889.6,1.0,973.15,878.15,95.0,0.0,973.15,878.15,95.0,-83.55
2025-01-31,SHP00589,CARA,CC-102,LTL,2025-01-27,2025-01-30,1511.27,326.43,9.76,history,1847.46,1.0,1837.7,1837.7,0.0,0.0,1837.7,1837.7,0.0,9.76
2025-01-31,SHP00590,CARE,CC-102,LTL,2025-01-27,2025-01-29,220.81,47.69,16.48,history,284.98,1.0,268.5,268.5,0.0,0.0,268.5,268.5,0.0,16.48
2025-01-31,SHP00591,CARE,CC-105,LTL,2025-01-27,2025-01-30,444.18,95.94,16.48,history,556.6,1.0,635.12,540.12,95.0,0.0,635.12,540.12,95.0,-78.52
2025-01-31,SHP00592,CARE,CC-102,LTL,2025-01-27,2025-01-30,173.05,37.38,16.48,history,226.91,1.0,210.43,210.43,0.0,0.0,210.43,210.43,0.0,16.48
2025-01-31,SHP00593,CARF,CC-104,TL,2025-01-27,2025-01-30,1279.04,229.35,23.86,history,1532.25,1.0,1508.39,1508.39,0.0,0.0,1508.39,1508.39,0.0,23.86
2025-01-31,SHP00594,CARB,CC-102,LTL,2025-01-27,2025-01-30,1435.5,310.07,16.58,history,1762.15,1.0,1745.57,1745.57,0.0,0.0,1745.57,1745.57,0.0,16.58
2025-01-31,SHP00595,CARB,CC-104,LTL,2025-01-27,2025-01-29,199.64,43.12,16.58,history,259.34,1.0,242.76,242.76,0.0,0.0,242.76,242.76,0.0,16.58
2025-01-31,SHP00599,CARB,CC-101,LTL,2025-01-27,2025-01-29,284.75,61.51,16.58,history,362.84,1.0,471.26,346.26,125.0,0.0,471.26,346.26,125.0,-108.42
2025-01-31,SHP00600,CARB,CC-104,LTL,2025-01-27,2025-01-29,228.8,49.42,16.58,history,294.8,1.0,278.22,278.22,0.0,0.0,278.22,278.22,0.0,16.58
2025-01-31,SHP00601,CARC,CC-103,LTL,2025-01-27,2025-01-29,385.44,83.26,11.45,history,480.15,1.0,468.7,468.7,0.0,0.0,468.7,468.7,0.0,11.45
2025-01-31,SHP00602,CARC,CC-101,LTL,2025-01-27,2025-01-30,2585.25,558.41,11.45,history,3155.11,1.0,3147.36,3147.36,0.0,0.0,3147.36,3147.36,0.0,7.75
2025-01-31,SHP00603,CARB,CC-101,LTL,2025-01-27,2025-01-28,215.51,46.55,16.58,history,278.64,1.0,357.06,262.06,95.0,95.0,262.06,262.06,0.0,16.58
2025-01-31,SHP00604,CARB,CC-105,LTL,2025-01-27,2025-01-29,419.06,90.52,16.58,history,526.16,1.0,509.58,509.58,0.0,0.0,509.58,509.58,0.0,16.58
2025-01-31,SHP00606,CARG,CC-102,TL,2025-01-27,2025-01-30,1875.43,337.8,29.17,history,2242.4,1.0,2220.6,2220.6,0.0,0.0,2220.6,2220.6,0.0,21.8
2025-01-31,SHP00607,CARH,CC-103,TL,2025-01-27,2025-01-29,1100.9,218.91,18.75,history,1338.56,1.0,1345.24,1345.24,0.0,25.43,1319.81,1319.81,0.0,18.75
2025-01-31,SHP00608,CARF,CC-101,TL,2025-01-27,2025-01-31,3432.0,574.38,23.86,history,4030.24,1.0,4006.38,4006.38,0.0,0.0,4006.38,4006.38,0.0,23.86
2025-01-31,SHP00610,CARA,CC-101,LTL,2025-01-28,2025-01-30,447.17,96.59,9.76,history,553.52,1.0,543.76,543.76,0.0,0.0,543.76,543.76,0.0,9.76
2025-01-31,SHP00612,CARD,CC-103,LTL,2025-01-28,2025-01-31,1281.3,276.76,12.6,history,1570.66,1.0,1558.06,1558.06,0.0,0.0,1558.06,1558.06,0.0,12.6
2025-01-31,SHP00615,CARG,CC-101,TL,2025-01-28,2025-01-31,1614.45,283.18,29.17,history,1926.8,1.0,1897.63,1897.63,0.0,0.0,1897.63,1897.63,0.0,29.17
2025-01-31,SHP00616,CARC,CC-104,LTL,2025-01-28,2025-01-29,260.0,56.16,11.45,history,327.61,1.0,316.16,316.16,0.0,0.0,316.16,316.16,0.0,11.45
2025-01-31,SHP00617,CARG,CC-104,TL,2025-01-28,2025-01-30,1750.17,309.69,29.17,history,2089.03,1.0,2059.86,2059.86,0.0,0.0,2059.86,2059.86,0.0,29.17
2025-01-31,SHP00619,CARG,CC-101,TL,2025-01-28,2025-01-31,3181.88,605.71,29.17,history,3816.76,1.0,3787.59,3787.59,0.0,0.0,3787.59,3787.59,0.0,29.17
2025-01-31,SHP00621,CARF,CC-104,TL,2025-01-28,2025-01-30,451.13,79.13,23.86,history,554.12,1.0,530.26,530.26,0.0,0.0,530.26,530.26,0.0,23.86
2025-01-31,SHP00622,CARD,CC-103,LTL,2025-01-28,2025-01-31,1339.34,289.3,12.6,history,1641.24,1.0,1753.64,1628.64,125.0,0.0,1753.64,1628.64,125.0,-112.4
2025-01-31,SHP00626,CARD,CC-102,LTL,2025-01-28,2025-01-31,275.33,59.47,12.6,history,347.4,1.0,334.8,334.8,0.0,0.0,334.8,334.8,0.0,12.6
2025-01-31,SHP00627,CARC,CC-103,LTL,2025-01-28,2025-01-30,185.19,40.0,11.45,history,236.64,1.0,350.19,225.19,125.0,0.0,350.19,225.19,125.0,-113.55
2025-01-31,SHP00628,CARB,CC-105,LTL,2025-01-28,2025-01-30,1110.57,239.88,16.58,history,1367.03,1.0,1350.45,1350.45,0.0,0.0,1350.45,1350.45,0.0,16.58
2025-01-31,SHP00629,CARG,CC-104,TL,2025-01-28,2025-01-29,450.0,78.33,29.17,history,557.5,1.0,528.33,528.33,0.0,0.0,528.33,528.33,0.0,29.17
2025-01-31,SHP00630,CARC,CC-103,LTL,2025-01-28,2025-01-31,110.0,23.76,11.45,history,145.21,1.0,133.76,133.76,0.0,0.0,133.76,133.76,0.0,11.45
2025-01-31,SHP00631,CARD,CC-104,LTL,2025-01-29,2025-01-31,110.0,23.76,12.6,history,146.36,1.0,133.76,133.76,0.0,0.0,133.76,133.76,0.0,12.6
2025-01-31,SHP00632,CARB,CC-101,LTL,2025-01-29,2025-01-31,110.0,23.76,16.58,history,150.34,1.0,133.76,133.76,0.0,0.0,133.76,133.76,0.0,16.58
2025-01-31,SHP00634,CARE,CC-101,LTL,2025-01-29,2025-01-30,114.33,24.7,16.48,history,155.51,1.0,138.9,138.9,0.0,0.0,138.9,138.9,0.0,16.61
2025-01-31,SHP00649,CARE,CC-105,LTL,2025-01-29,2025-01-30,153.14,33.08,16.48,history,202.7,1.0,186.22,186.22,0.0,0.0,186.22,186.22,0.0,16.48
2025-01-31,SHP00651,CARD,CC-103,LTL,2025-01-29,2025-01-31,176.08,38.03,12.6,history,226.71,1.0,339.11,214.11,125.0,0.0,339.11,214.11,125.0,-112.4
2025-01-31,SHP00653,CARG,CC-101,TL,2025-01-29,2025-01-30,621.96,114.07,29.17,history,765.2,1.0,736.03,736.03,0.0,0.0,736.03,736.03,0.0,29.17
2025-01-31,SHP00663,CARC,CC-104,LTL,2025-01-30,2025-01-31,196.91,42.53,11.45,history,250.89,1.0,239.44,239.44,0.0,0.0,239.44,239.44,0.0,11.45
2025-01-31,SHP00664,CARD,CC-104,LTL,2025-01-30,2025-01-31,342.34,73.95,12.6,history,428.89,1.0,416.29,416.29,0.0,0.0,416.29,416.29,0.0,12.6
2025-01-31,SHP00665,CARF,CC-101,TL,2025-01-30,2025-01-31,784.89,129.74,23.86,history,938.49,1.0,1255.55,955.55,300.0,340.92,914.63,914.63,0.0,23.86
2025-01-31,SHP00669,CARB,CC-104,LTL,2025-01-30,2025-01-31,336.34,72.65,16.58,history,425.57,1.0,408.99,408.99,0.0,0.0,408.99,408.99,0.0,16.58
2025-02-28,SHP00011,CARE,CC-101,LTL,2025-01-01,2025-01-03,120.96,25.04,25.73,history,171.73,1.0,146.0,146.0,0.0,0.0,146.0,146.0,0.0,25.73
2025-02-28,SHP00139,CARE,CC-105,LTL,2025-01-06,2025-01-08,539.6,111.7,25.73,history,677.03,1.0,651.3,651.3,0.0,0.0,651.3,651.3,0.0,25.73
2025-02-28,SHP00149,CARD,CC-104,LTL,2025-01-07,2025-01-08,229.71,47.55,14.06,history,291.32,1.0,497.26,277.26,220.0,95.0,402.26,277.26,125.0,-110.94
2025-02-28,SHP00207,CARD,CC-103,LTL,2025-01-10,2025-01-13,527.1,109.11,14.06,history,650.27,1.0,637.75,637.75,0.0,0.0,637.75,637.75,0.0,12.52
2025-02-28,SHP00250,CARD,CC-104,LTL,2025-01-11,2025-01-14,260.93,54.01,14.06,history,329.0,1.0,351.57,351.57,0.0,36.63,314.94,314.94,0.0,14.06
2025-02-28,SHP00278,CARD,CC-103,LTL,2025-01-13,2025-01-16,1398.5,289.49,14.06,history,1702.05,1.0,1782.99,1687.99,95.0,95.0,1687.99,1687.99,0.0,14.06
2025-02-28,SHP00285,CARD,CC-105,LTL,2025-01-13,2025-01-15,357.6,74.02,14.06,history,445.68,1.0,527.29,432.29,95.0,0.0,527.29,432.29,95.0,-81.61
2025-02-28,SHP00311,CARB,CC-101,LTL,2025-01-14,2025-01-15,719.15,148.86,12.55,history,880.56,1.0,866.79,866.79,0.0,0.0,866.79,866.79,0.0,13.77
2025-02-28,SHP00339,CARB,CC-104,LTL,2025-01-16,2025-01-22,848.82,175.71,12.55,history,1037.08,1.0,1024.53,1024.53,0.0,0.0,1024.53,1024.53,0.0,12.55
2025-02-28,SHP00351,CARD,CC-102,LTL,2025-01-16,2025-01-19,712.04,147.39,14.06,history,873.49,1.0,859.43,859.43,0.0,0.0,859.43,859.43,0.0,14.06
2025-02-28,SHP00370,CARD,CC-103,LTL,2025-01-17,2025-01-21,927.81,192.06,14.06,history,1133.93,1.0,1119.87,1119.87,0.0,0.0,1119.87,1119.87,0.0,14.06
2025-02-28,SHP00392,CARH,CC-103,TL,2025-01-18,2025-01-20,1100.9,205.01,20.69,history,1326.6,1.0,1305.91,1305.91,0.0,0.0,1305.91,1305.91,0.0,20.69
2025-02-28,SHP00425,CARE,CC-104,LTL,2025-01-19,2025-01-22,597.01,123.58,25.73,history,746.32,1.0,720.59,720.59,0.0,0.0,720.59,720.59,0.0,25.73
2025-02-28,SHP00426,CARD,CC-104,LTL,2025-01-19,2025-01-21,148.43,30.73,14.06,history,193.22,1.0,274.16,179.16,95.0,0.0,274.16,179.16,95.0,-80.94
2025-02-28,SHP00437,CARH,CC-103,TL,2025-01-20,2025-01-23,3114.0,599.96,20.69,history,3734.65,1.0,3713.96,3713.96,0.0,0.0,3713.96,3713.96,0.0,20.69
2025-02-28,SHP00439,CARD,CC-104,LTL,2025-01-20,2025-01-23,211.87,43.86,14.06,history,269.79,1.0,352.31,257.31,95.0,95.0,257.31,257.31,0.0,12.48
2025-02-28,SHP00464,CARD,CC-101,LTL,2025-01-21,2025-01-24,264.85,54.82,14.06,history,333.73,1.0,319.67,319.67,0.0,0.0,319.67,319.67,0.0,14.06
2025-02-28,SHP00467,CARA,CC-105,LTL,2025-01-21,2025-01-24,524.6,108.59,10.65,history,643.84,1.0,633.19,633.19,0.0,0.0,633.19,633.19,0.0,10.65
2025-02-28,SHP00472,CARH,CC-104,TL,2025-01-21,2025-01-24,1536.12,290.16,20.69,history,1846.97,1.0,1826.28,1826.28,0.0,0.0,1826.28,1826.28,0.0,20.69
2025-02-28,SHP00477,CARD,CC-104,LTL,2025-01-22,2025-01-23,342.85,70.97,14.06,history,427.88,1.0,415.02,415.02,0.0,0.0,415.02,415.02,0.0,12.86
2025-02-28,SHP00499,CARE,CC-105,LTL,2025-01-23,2025-01-25,1587.36,328.58,25.73,history,1941.67,1.0,1915.94,1915.94,0.0,0.0,1915.94,1915.94,0.0,25.73
2025-02-28,SHP00501,CARH,CC-102,TL,2025-01-23,2025-01-27,2234.77,432.73,20.69,history,2688.19,1.0,2667.5,2667.5,0.0,0.0,2667.5,2667.5,0.0,20.69
2025-02-28,SHP00507,CARD,CC-105,LTL,2025-01-23,2025-01-25,492.57,101.96,14.06,history,608.59,1.0,594.53,594.53,0.0,0.0,594.53,594.53,0.0,14.06
2025-02-28,SHP00508,CARB,CC-101,LTL,2025-01-23,2025-01-25,238.68,49.41,12.55,history,300.64,1.0,288.09,288.09,0.0,0.0,288.09,288.09,0.0,12.55
2025-02-28,SHP00514,CARB,CC-103,LTL,2025-01-23,2025-01-26,573.65,118.75,12.55,history,704.95,1.0,692.4,692.4,0.0,0.0,692.4,692.4,0.0,12.55
2025-02-28,SHP00543,CARD,CC-103,LTL,2025-01-25,2025-01-31,1372.14,284.03,14.06,history,1670.23,1.0,1751.17,1656.17,95.0,0.0,1751.17,1656.17,95.0,-80.94
2025-02-28,SHP00546,CARC,CC-104,LTL,2025-01-25,2025-01-31,948.8,196.4,13.78,history,1158.98,1.0,1270.2,1145.2,125.0,0.0,1270.2,1145.2,125.0,-111.22
2025-02-28,SHP00548,CARB,CC-104,LTL,2025-01-25,2025-01-26,321.3,66.51,12.55,history,400.36,1.0,387.81,387.81,0.0,0.0,387.81,387.81,0.0,12.55
2025-02-28,SHP00558,CARB,CC-102,LTL,2025-01-25,2025-01-27,744.22,154.05,12.55,history,910.82,1.0,898.27,898.27,0.0,0.0,898.27,898.27,0.0,12.55
2025-02-28,SHP00559,CARB,CC-102,LTL,2025-01-25,2025-01-29,454.85,94.15,12.55,history,561.55,1.0,644.0,549.0,95.0,0.0,644.0,549.0,95.0,-82.45
2025-02-28,SHP00609,CARH,CC-103,TL,2025-01-28,2025-02-01,3699.41,746.7,20.69,history,4466.8,1.0,4446.11,4446.11,0.0,0.0,4446.11,4446.11,0.0,20.69
2025-02-28,SHP00615,CARG,CC-101,TL,2025-01-28,2025-01-31,1614.45,283.18,14.75,history,1912.38,1.0,1897.63,1897.63,0.0,0.0,1897.63,1897.63,0.0,14.75
2025-02-28,SHP00631,CARD,CC-104,LTL,2025-01-29,2025-01-31,110.0,23.76,14.06,history,147.82,1.0,133.76,133.76,0.0,0.0,133.76,133.76,0.0,14.06
2025-02-28,SHP00644,CARC,CC-104,LTL,2025-01-29,2025-02-01,530.41,114.57,13.78,history,658.76,1.0,739.98,644.98,95.0,0.0,739.98,644.98,95.0,-81.22
2025-02-28,SHP00658,CARD,CC-102,LTL,2025-01-30,2025-02-02,461.7,99.73,14.06,history,575.49,1.0,561.43,561.43,0.0,0.0,561.43,561.43,0.0,14.06
2025-02-28,SHP00677,CARB,CC-102,LTL,2025-01-31,2025-02-02,229.25,49.52,12.55,history,291.32,1.0,278.77,278.77,0.0,0.0,278.77,278.77,0.0,12.55
2025-02-28,SHP00679,CARD,CC-103,LTL,2025-01-31,2025-02-05,1044.73,225.66,14.06,history,1284.45,1.0,1270.7,1270.7,0.0,0.0,1270.7,1270.7,0.0,13.75
2025-02-28,SHP00680,CARB,CC-102,LTL,2025-01-31,2025-02-01,110.0,23.76,12.55,history,146.31,1.0,133.76,133.76,0.0,0.0,133.76,133.76,0.0,12.55
2025-02-28,SHP00690,CARD,CC-104,LTL,2025-01-31,2025-02-06,400.73,86.56,14.06,history,501.35,1.0,487.29,487.29,0.0,0.0,487.29,487.29,0.0,14.06
2025-02-28,SHP00704,CARG,CC-104,TL,2025-02-01,2025-02-02,450.0,78.33,14.75,history,543.08,2.0,1056.66,1056.66,0.0,528.33,528.33,528.33,0.0,14.75
2025-02-28,SHP00705,CARD,CC-104,LTL,2025-02-01,2025-02-07,878.2,189.69,14.06,history,1081.95,1.0,1162.89,1067.89,95.0,0.0,1162.89,1067.89,95.0,-80.94
2025-02-28,SHP00707,CARA,CC-104,LTL,2025-02-01,2025-02-07,572.21,123.6,10.65,history,706.46,1.0,695.81,695.81,0.0,0.0,695.81,695.81,0.0,10.65
2025-02-28,SHP00711,CARD,CC-103,LTL,2025-02-01,2025-02-03,269.9,58.3,14.06,history,342.26,1.0,328.2,328.2,0.0,0.0,328.2,328.2,0.0,14.06
2025-02-28,SHP00716,CARD,CC-101,LTL,2025-02-01,2025-02-04,514.49,111.13,14.06,history,639.68,1.0,639.51,639.51,0.0,13.89,625.62,625.62,0.0,14.06
2025-02-28,SHP00718,CARB,CC-102,LTL,2025-02-01,2025-02-06,1065.34,230.11,12.55,history,1308.0,1.0,1295.45,1295.45,0.0,0.0,1295.45,1295.45,0.0,12.55
2025-02-28,SHP00724,CARE,CC-102,LTL,2025-02-02,2025-02-08,977.77,211.2,25.73,history,1214.7,1.0,1188.97,1188.97,0.0,0.0,1188.97,1188.97,0.0,25.73
2025-02-28,SHP00728,CARD,CC-102,LTL,2025-02-02,2025-02-06,301.08,65.03,14.06,history,380.17,1.0,461.11,366.11,95.0,95.0,366.11,366.11,0.0,14.06
2025-02-28,SHP00734,CARG,CC-103,TL,2025-02-02,2025-02-05,2361.68,447.46,14.75,history,2823.89,1.0,2809.14,2809.14,0.0,0.0,2809.14,2809.14,0.0,14.75
2025-02-28,SHP00736,CARD,CC-104,LTL,2025-02-02,2025-02-04,110.0,23.76,14.06,history,147.82,1.0,133.76,133.76,0.0,0.0,133.76,133.76,0.0,14.06
2025-02-28,SHP00745,CARE,CC-101,LTL,2025-02-02,2025-02-07,589.0,127.22,25.73,history,741.95,1.0,716.22,716.22,0.0,0.0,716.22,716.22,0.0,25.73
2025-02-28,SHP00758,CARF,CC-102,TL,2025-02-03,2025-02-06,1763.58,312.28,14.75,history,2090.61,1.0,2075.86,2075.86,0.0,0.0,2075.86,2075.86,0.0,14.75
2025-02-28,SHP00772,CARA,CC-101,LTL,2025-02-04,2025-02-08,1704.63,352.86,10.65,history,2068.14,1.0,2057.49,2057.49,0.0,0.0,2057.49,2057.49,0.0,10.65
2025-02-28,SHP00774,CARB,CC-104,LTL,2025-02-04,2025-02-07,448.89,92.92,12.55,history,554.36,1.0,541.81,541.81,0.0,0.0,541.81,541.81,0.0,12.55
2025-02-28,SHP00775,CARD,CC-104,LTL,2025-02-04,2025-02-10,4742.25,981.65,14.06,history,5737.96,1.0,5890.38,5765.38,125.0,0.0,5890.38,5765.38,125.0,-152.42
2025-02-28,SHP00781,CARD,CC-102,LTL,2025-02-04,2025-02-06,597.6,123.7,14.06,history,735.36,1.0,721.3,721.3,0.0,0.0,721.3,721.3,0.0,14.06
2025-02-28,SHP00787,CARB,CC-103,LTL,2025-02-04,2025-02-07,891.12,184.46,12.55,history,1088.13,1.0,1075.58,1075.58,0.0,0.0,1075.58,1075.58,0.0,12.55
2025-02-28,SHP00788,CARH,CC-102,TL,2025-02-04,2025-02-07,2234.77,439.47,20.69,history,2694.93,1.0,2674.24,2674.24,0.0,0.0,2674.24,2674.24,0.0,20.69
2025-02-28,SHP00790,CARD,CC-103,LTL,2025-02-04,2025-02-09,242.18,50.13,14.06,history,306.37,1.0,292.31,292.31,0.0,0.0,292.31,292.31,0.0,14.06
2025-02-28,SHP00792,CARC,CC-101,LTL,2025-02-04,2025-02-06,277.99,57.54,13.78,history,349.31,2.0,671.06,671.06,0.0,335.53,335.53,335.53,0.0,13.78
2025-02-28,SHP00802,CARC,CC-101,LTL,2025-02-05,2025-02-08,585.93,121.29,13.78,history,721.0,1.0,707.22,707.22,0.0,0.0,707.22,707.22,0.0,13.78
2025-02-28,SHP00803,CARB,CC-101,LTL,2025-02-05,2025-02-11,3339.51,691.28,12.55,history,4043.34,1.0,4030.79,4030.79,0.0,0.0,4030.79,4030.79,0.0,12.55
2025-02-28,SHP00804,CARH,CC-102,TL,2025-02-05,2025-02-07,1194.93,219.54,20.69,history,1435.16,1.0,1414.47,1414.47,0.0,0.0,1414.47,1414.47,0.0,20.69
2025-02-28,SHP00810,CARH,CC-101,TL,2025-02-05,2025-02-06,968.31,186.67,20.69,history,1175.67,1.0,1154.98,1154.98,0.0,0.0,1154.98,1154.98,0.0,20.69
2025-02-28,SHP00816,CARB,CC-101,LTL,2025-02-05,2025-02-11,3010.4,623.15,12.55,history,3646.1,1.0,3622.5,3622.5,0.0,0.0,3622.5,3622.5,0.0,23.6
2025-02-28,SHP00817,CARB,CC-101,LTL,2025-02-05,2025-02-06,231.74,47.97,12.55,history,292.26,1.0,279.71,279.71,0.0,0.0,279.71,279.71,0.0,12.55
2025-02-28,SHP00829,CARB,CC-101,LTL,2025-02-06,2025-02-08,110.0,22.77,12.55,history,145.32,1.0,132.77,132.77,0.0,0.0,132.77,132.77,0.0,12.55
2025-02-28,SHP00830,CARA,CC-103,LTL,2025-02-06,2025-02-12,4724.25,977.92,10.65,history,5712.82,1.0,5702.17,5702.17,0.0,0.0,5702.17,5702.17,0.0,10.65
2025-02-28,SHP00836,CARB,CC-101,LTL,2025-02-06,2025-02-11,470.01,97.29,12.55,history,579.85,1.0,567.3,567.3,0.0,0.0,567.3,567.3,0.0,12.55
2025-02-28,SHP00837,CARA,CC-103,LTL,2025-02-06,2025-02-10,957.0,198.1,10.65,history,1165.75,1.0,1250.1,1155.1,95.0,0.0,1250.1,1155.1,95.0,-84.35
2025-02-28,SHP00839,CARG,CC-104,TL,2025-02-06,2025-02-11,5133.3,943.11,14.75,history,6091.16,1.0,6076.41,6076.41,0.0,0.0,6076.41,6076.41,0.0,14.75
2025-02-28,SHP00843,CARB,CC-102,LTL,2025-02-06,2025-02-09,658.26,136.26,12.55,history,807.07,1.0,794.52,794.52,0.0,0.0,794.52,794.52,0.0,12.55
2025-02-28,SHP00846,CARG,CC-103,TL,2025-02-06,2025-02-08,1959.75,340.85,14.75,history,2315.35,1.0,2300.6,2300.6,0.0,0.0,2300.6,2300.6,0.0,14.75
2025-02-28,SHP00847,CARG,CC-105,TL,2025-02-06,2025-02-09,3118.98,533.0,14.75,history,3666.73,1.0,3658.56,3658.56,0.0,6.58,3651.98,3651.98,0.0,14.75
2025-02-28,SHP00849,CARD,CC-103,LTL,2025-02-06,2025-02-10,574.96,119.02,14.06,history,708.04,1.0,693.98,693.98,0.0,0.0,693.98,693.98,0.0,14.06
2025-02-28,SHP00851,CARE,CC-105,LTL,2025-02-06,2025-02-11,595.62,123.29,25.73,history,744.64,1.0,813.91,718.91,95.0,0.0,813.91,718.91,95.0,-69.27
2025-02-28,SHP00854,CARE,CC-102,LTL,2025-02-07,2025-02-10,1070.31,221.55,25.73,history,1317.59,1.0,1291.86,1291.86,0.0,0.0,1291.86,1291.86,0.0,25.73
2025-02-28,SHP00860,CARC,CC-103,LTL,2025-02-07,2025-02-10,520.96,107.84,13.78,history,642.58,1.0,628.8,628.8,0.0,0.0,628.8,628.8,0.0,13.78
2025-02-28,SHP00863,CARE,CC-101,LTL,2025-02-07,2025-02-10,1556.04,322.1,25.73,history,1903.87,1.0,1878.14,1878.14,0.0,0.0,1878.14,1878.14,0.0,25.73
2025-02-28,SHP00867,CARD,CC-103,LTL,2025-02-07,2025-02-10,291.99,60.44,14.06,history,366.49,1.0,352.43,352.43,0.0,0.0,352.43,352.43,0.0,14.06
2025-02-28,SHP00868,CARD,CC-102,LTL,2025-02-07,2025-02-10,265.5,54.96,14.06,history,334.52,1.0,320.46,320.46,0.0,0.0,320.46,320.46,0.0,14.06
2025-02-28,SHP00870,CARD,CC-102,LTL,2025-02-07,2025-02-09,308.4,63.84,14.06,history,386.3,1.0,372.24,372.24,0.0,0.0,372.24,372.24,0.0,14.06
2025-02-28,SHP00871,CARD,CC-104,LTL,2025-02-07,2025-02-09,309.62,64.09,14.06,history,387.77,1.0,373.71,373.71,0.0,0.0,373.71,373.71,0.0,14.06
2025-02-28,SHP00872,CARA,CC-103,LTL,2025-02-07,2025-02-10,466.31,96.53,10.65,history,573.49,1.0,657.84,562.84,95.0,0.0,657.84,562.84,95.0,-84.35
2025-02-28,SHP00875,CARB,CC-101,LTL,2025-02-08,2025-02-11,1058.69,219.15,12.55,history,1290.39,1.0,1277.84,1277.84,0.0,0.0,1277.84,1277.84,0.0,12.55
2025-02-28,SHP00876,CARE,CC-101,LTL,2025-02-08,2025-02-13,804.57,166.55,25.73,history,996.85,1.0,971.12,971.12,0.0,0.0,971.12,971.12,0.0,25.73
2025-02-28,SHP00880,CARA,CC-103,LTL,2025-02-08,2025-02-12,250.88,51.93,10.65,history,313.46,2.0,397.81,302.81,95.0,0.0,397.81,302.81,95.0,-84.35
2025-02-28,SHP00885,CARD,CC-104,LTL,2025-02-08,2025-02-10,110.0,22.77,14.06,history,146.83,1.0,132.67,132.67,0.0,0.0,132.67,132.67,0.0,14.16
2025-02-28,SHP00886,CARB,CC-104,LTL,2025-02-08,2025-02-10,278.32,57.61,12.55,history,348.48,1.0,500.29,405.29,95.0,69.35,430.94,335.94,95.0,-82.46
2025-02-28,SHP00889,CARE,CC-102,LTL,2025-02-08,2025-02-14,1263.19,261.48,25.73,history,1550.4,1.0,1524.67,1524.67,0.0,0.0,1524.67,1524.67,0.0,25.73
2025-02-28,SHP00890,CARG,CC-101,TL,2025-02-08,2025-02-12,3181.88,590.13,14.75,history,3786.76,1.0,3772.01,3772.01,0.0,0.0,3772.01,3772.01,0.0,14.75
2025-02-28,SHP00893,CARB,CC-104,LTL,2025-02-08,2025-02-13,754.62,156.21,12.55,history,923.38,1.0,910.83,910.83,0.0,0.0,910.83,910.83,0.0,12.55
2025-02-28,SHP00896,CARD,CC-102,LTL,2025-02-08,2025-02-10,322.18,66.69,14.06,history,402.93,1.0,388.87,388.87,0.0,0.0,388.87,388.87,0.0,14.06
2025-02-28,SHP00898,CARD,CC-101,LTL,2025-02-09,2025-02-10,436.94,90.45,14.06,history,541.45,1.0,527.39,527.39,0.0,0.0,527.39,527.39,0.0,14.06
2025-02-28,SHP00900,CARE,CC-101,LTL,2025-02-09,2025-02-14,426.46,88.28,25.73,history,540.47,2.0,1212.48,1212.48,0.0,606.24,606.24,606.24,0.0,-65.77
2025-02-28,SHP00905,CARH,CC-104,TL,2025-02-09,2025-02-10,450.0,79.05,20.69,history,549.74,1.0,529.05,529.05,0.0,0.0,529.05,529.05,0.0,20.69
2025-02-28,SHP00906,CARB,CC-104,LTL,2025-02-09,2025-02-14,920.38,190.52,12.55,history,1123.45,1.0,1110.9,1110.9,0.0,0.0,1110.9,1110.9,0.0,12.55
2025-02-28,SHP00907,CARF,CC-104,TL,2025-02-09,2025-02-10,531.18,88.83,14.75,history,634.76,1.0,620.01,620.01,0.0,0.0,620.01,620.01,0.0,14.75
2025-02-28,SHP00908,CARD,CC-102,LTL,2025-02-09,2025-02-11,222.78,46.12,14.06,history,282.96,1.0,363.9,268.9,95.0,0.0,363.9,268.9,95.0,-80.94
2025-02-28,SHP00909,CARG,CC-103,TL,2025-02-09,2025-02-13,2361.68,435.95,14.75,history,2812.38,1.0,2797.63,2797.63,0.0,0.0,2797.63,2797.63,0.0,14.75
2025-02-28,SHP00910,CARA,CC-105,LTL,2025-02-09,2025-02-14,617.2,127.76,10.65,history,755.61,1.0,839.96,744.96,95.0,0.0,839.96,744.96,95.0,-84.35
2025-02-28,SHP00911,CARC,CC-104,LTL,2025-02-09,2025-02-15,417.5,86.42,13.78,history,517.7,1.0,571.22,571.22,0.0,67.3,503.92,503.92,0.0,13.78
2025-02-28,SHP00912,CARE,CC-105,LTL,2025-02-09,2025-02-11,207.99,43.05,25.73,history,276.77,1.0,251.04,251.04,0.0,0.0,251.04,251.04,0.0,25.73
2025-02-28,SHP00915,CARD,CC-103,LTL,2025-02-09,2025-02-11,365.85,75.73,14.06,history,455.64,1.0,441.58,441.58,0.0,0.0,441.58,441.58,0.0,14.06
2025-02-28,SHP00916,CARA,CC-101,LTL,2025-02-09,2025-02-14,1644.5,340.41,10.65,history,1995.56,1.0,1984.91,1984.91,0.0,0.0,1984.91,1984.91,0.0,10.65
2025-02-28,SHP00920,CARG,CC-103,TL,2025-02-09,2025-02-12,3133.35,581.13,14.75,history,3729.23,1.0,3719.87,3719.87,0.0,0.0,3719.87,3719.87,0.0,9.36
2025-02-28,SHP00922,CARG,CC-104,TL,2025-02-09,2025-02-11,450.0,76.31,14.75,history,541.06,1.0,526.31,526.31,0.0,0.0,526.31,526.31,0.0,14.75
2025-02-28,SHP00925,CARD,CC-104,LTL,2025-02-09,2025-02-11,253.4,52.45,14.06,history,319.91,1.0,305.85,305.85,0.0,0.0,305.85,305.85,0.0,14.06
2025-02-28,SHP00928,CARB,CC-101,LTL,2025-02-10,2025-02-14,542.96,117.28,12.55,history,672.79,1.0,660.24,660.24,0.0,0.0,660.24,660.24,0.0,12.55
2025-02-28,SHP00929,CARB,CC-102,LTL,2025-02-10,2025-02-12,581.8,125.67,12.55,history,720.02,1.0,707.47,707.47,0.0,0.0,707.47,707.47,0.0,12.55
2025-02-28,SHP00930,CARF,CC-104,TL,2025-02-10,2025-02-13,1694.04,294.35,14.75,history,2003.14,1.0,1988.39,1988.39,0.0,0.0,1988.39,1988.39,0.0,14.75
2025-02-28,SHP00931,CARA,CC-105,LTL,2025-02-10,2025-02-13,238.43,51.5,10.65,history,300.58,1.0,385.11,290.11,95.0,0.0,385.11,290.11,95.0,-84.53
2025-02-28,SHP00932,CARE,CC-102,LTL,2025-02-10,2025-02-12,800.91,173.0,25.73,history,999.64,1.0,1098.91,973.91,125.0,0.0,1098.91,973.91,125.0,-99.27
2025-02-28,SHP00933,CARB,CC-103,LTL,2025-02-10,2025-02-14,579.49,125.17,12.55,history,717.21,1.0,704.66,704.66,0.0,0.0,704.66,704.66,0.0,12.55
2025-02-28,SHP00937,CARB,CC-105,LTL,2025-02-10,2025-02-15,1691.01,365.26,12.55,history,2068.82,1.0,2056.27,2056.27,0.0,0.0,2056.27,2056.27,0.0,12.55
2025-02-28,SHP00938,CARC,CC-101,LTL,2025-02-10,2025-02-14,1545.41,333.81,13.78,history,1893.0,1.0,1879.22,1879.22,0.0,0.0,1879.22,1879.22,0.0,13.78
2025-02-28,SHP00940,CARH,CC-101,TL,2025-02-10,2025-02-15,3623.36,690.12,20.69,history,4334.17,1.0,4313.48,4313.48,0.0,0.0,4313.48,4313.48,0.0,20.69
2025-02-28,SHP00941,CARD,CC-105,LTL,2025-02-10,2025-02-12,592.19,127.91,14.06,history,734.16,1.0,720.1,720.1,0.0,0.0,720.1,720.1,0.0,14.06
2025-02-28,SHP00942,CARE,CC-105,LTL,2025-02-10,2025-02-12,205.11,44.3,25.73,history,275.14,1.0,344.56,249.56,95.0,0.0,344.56,249.56,95.0,-69.42
2025-02-28,SHP00946,CARC,CC-103,LTL,2025-02-10,2025-02-13,154.33,33.34,13.78,history,201.45,1.0,214.53,214.53,0.0,0.0,214.53,214.53,0.0,-13.08
2025-02-28,SHP00947,CARD,CC-104,LTL,2025-02-10,2025-02-11,149.98,32.4,14.06,history,196.44,1.0,182.38,182.38,0.0,0.0,182.38,182.38,0.0,14.06
2025-02-28,SHP00949,CARB,CC-101,LTL,2025-02-10,2025-02-12,222.77,48.12,12.55,history,283.44,1.0,271.7,271.7,0.0,0.0,271.7,271.7,0.0,11.74
2025-02-28,SHP00950,CARA,CC-104,LTL,2025-02-10,2025-02-15,737.26,159.25,10.65,history,907.16,1.0,896.51,896.51,0.0,0.0,896.51,896.51,0.0,10.65
2025-02-28,SHP00952,CARH,CC-105,TL,2025-02-10,2025-02-11,598.23,114.49,20.69,history,733.41,1.0,712.72,712.72,0.0,0.0,712.72,712.72,0.0,20.69
2025-02-28,SHP00955,CARC,CC-104,LTL,2025-02-10,2025-02-16,439.31,94.89,13.78,history,547.98,1.0,659.2,534.2,125.0,0.0,659.2,534.2,125.0,-111.22
2025-02-28,SHP00956,CARB,CC-104,LTL,2025-02-10,2025-02-13,304.21,65.71,12.55,history,382.47,1.0,464.92,369.92,95.0,0.0,464.92,369.92,95.0,-82.45
2025-02-28,SHP00957,CARG,CC-103,TL,2025-02-11,2025-02-14,3133.35,588.31,14.75,history,3736.41,1.0,3721.66,3721.66,0.0,0.0,3721.66,3721.66,0.0,14.75
2025-02-28,SHP00959,CARB,CC-102,LTL,2025-02-11,2025-02-14,409.66,88.49,12.55,history,510.7,1.0,498.15,498.15,0.0,0.0,498.15,498.15,0.0,12.55
2025-02-28,SHP00961,CARH,CC-102,TL,2025-02-11,2025-02-14,1308.34,248.0,20.69,history,1577.03,1.0,1781.34,1556.34,225.0,225.0,1556.34,1556.34,0.0,20.69
2025-02-28,SHP00963,CARH,CC-102,TL,2025-02-11,2025-02-13,555.12,101.81,20.69,history,677.62,1.0,656.93,656.93,0.0,0.0,656.93,656.93,0.0,20.69
2025-02-28,SHP00964,CARH,CC-102,TL,2025-02-11,2025-02-15,2234.77,444.9,20.69,history,2700.36,1.0,2679.67,2679.67,0.0,0.0,2679.67,2679.67,0.0,20.69
2025-02-28,SHP00965,CARD,CC-105,LTL,2025-02-11,2025-02-14,233.1,50.35,14.06,history,297.51,1.0,283.45,283.45,0.0,0.0,283.45,283.45,0.0,14.06
2025-02-28,SHP00966,CARA,CC-101,LTL,2025-02-11,2025-02-16,1270.06,274.33,10.65,history,1555.04,1.0,1544.39,1544.39,0.0,0.0,1544.39,1544.39,0.0,10.65
2025-02-28,SHP00967,CARG,CC-102,TL,2025-02-11,2025-02-14,1875.43,333.18,14.75,history,2223.36,1.0,2468.56,2468.56,0.0,259.95,2208.61,2208.61,0.0,14.75
2025-02-28,SHP00969,CARE,CC-103,LTL,2025-02-11,2025-02-13,710.6,153.49,25.73,history,889.82,1.0,864.09,864.09,0.0,0.0,864.09,864.09,0.0,25.73
2025-02-28,SHP00970,CARB,CC-104,LTL,2025-02-11,2025-02-17,734.45,158.64,12.55,history,905.64,1.0,988.09,893.09,95.0,0.0,988.09,893.09,95.0,-82.45
2025-02-28,SHP00974,CARF,CC-103,TL,2025-02-11,2025-02-14,2355.42,420.33,14.75,history,2790.5,1.0,2776.6,2776.6,0.0,0.0,2776.6,2776.6,0.0,13.9
2025-02-28,SHP00975,CARH,CC-101,TL,2025-02-11,2025-02-15,3623.36,690.12,20.69,history,4334.17,1.0,4613.48,4313.48,300.0,0.0,4613.48,4313.48,300.0,-279.31
2025-02-28,SHP00979,CARD,CC-103,LTL,2025-02-11,2025-02-15,209.23,45.19,14.06,history,268.48,1.0,254.42,254.42,0.0,0.0,254.42,254.42,0.0,14.06
2025-02-28,SHP00980,CARB,CC-101,LTL,2025-02-11,2025-02-12,311.68,67.32,12.55,history,391.55,1.0,379.0,379.0,0.0,0.0,379.0,379.0,0.0,12.55
2025-02-28,SHP00981,CARE,CC-105,LTL,2025-02-12,2025-02-13,234.07,50.56,25.73,history,310.36,1.0,379.63,284.63,95.0,0.0,379.63,284.63,95.0,-69.27
2025-02-28,SHP00983,CARH,CC-102,TL,2025-02-12,2025-02-14,1694.99,321.29,20.69,history,2036.97,1.0,2016.28,2016.28,0.0,0.0,2016.28,2016.28,0.0,20.69
2025-02-28,SHP00984,CARG,CC-102,TL,2025-02-12,2025-02-15,1620.42,284.05,14.75,history,1919.22,1.0,1904.47,1904.47,0.0,0.0,1904.47,1904.47,0.0,14.75
2025-02-28,SHP00986,CARD,CC-103,LTL,2025-02-12,2025-02-15,431.6,93.23,14.06,history,538.89,1.0,619.83,524.83,95.0,0.0,619.83,524.83,95.0,-80.94
2025-02-28,SHP00988,CARD,CC-102,LTL,2025-02-12,2025-02-15,516.0,111.46,14.06,history,641.52,1.0,641.39,641.39,0.0,13.93,627.46,627.46,0.0,14.06
2025-02-28,SHP00989,CARF,CC-103,TL,2025-02-12,2025-02-17,4876.3,798.28,14.75,history,5689.33,1.0,5674.58,5674.58,0.0,0.0,5674.58,5674.58,0.0,14.75
2025-02-28,SHP00990,CARC,CC-104,LTL,2025-02-12,2025-02-17,1266.4,273.54,13.78,history,1553.72,1.0,1539.94,1539.94,0.0,0.0,1539.94,1539.94,0.0,13.78
2025-02-28,SHP00991,CARE,CC-104,LTL,2025-02-12,2025-02-13,163.94,35.41,25.73,history,225.08,1.0,199.35,199.35,0.0,0.0,199.35,199.35,0.0,25.73
2025-02-28,SHP00992,CARD,CC-102,LTL,2025-02-12,2025-02-15,554.75,119.83,14.06,history,688.64,1.0,674.58,674.58,0.0,0.0,674.58,674.58,0.0,14.06
2025-02-28,SHP00994,CARD,CC-103,LTL,2025-02-12,2025-02-15,393.42,84.98,14.06,history,492.46,1.0,478.4,478.4,0.0,0.0,478.4,478.4,0.0,14.06
2025-02-28,SHP00995,CARD,CC-102,LTL,2025-02-12,2025-02-14,936.38,202.26,14.06,history,1152.7,1.0,1138.64,1138.64,0.0,0.0,1138.64,1138.64,0.0,14.06
2025-02-28,SHP00997,CARE,CC-101,LTL,2025-02-12,2025-02-14,149.09,32.2,25.73,history,207.02,1.0,180.98,180.98,0.0,0.0,180.98,180.98,0.0,26.04
2025-02-28,SHP00998,CARD,CC-105,LTL,2025-02-12,2025-02-15,390.53,84.35,14.06,history,488.94,1.0,474.88,474.88,0.0,0.0,474.88,474.88,0.0,14.06
2025-02-28,SHP00999,CARG,CC-103,TL,2025-02-12,2025-02-15,2361.68,441.33,14.75,history,2817.76,1.0,2803.01,2803.01,0.0,0.0,2803.01,2803.01,0.0,14.75
2025-02-28,SHP01001,CARC,CC-103,LTL,2025-02-12,2025-02-15,285.3,61.62,13.78,history,360.7,1.0,346.92,346.92,0.0,0.0,346.92,346.92,0.0,13.78
2025-02-28,SHP01002,CARB,CC-101,LTL,2025-02-12,2025-02-17,272.65,58.89,12.55,history,344.09,1.0,331.54,331.54,0.0,0.0,331.54,331.54,0.0,12.55
2025-02-28,SHP01003,CARD,CC-101,LTL,2025-02-12,2025-02-14,222.3,48.02,14.06,history,284.38,1.0,392.23,297.23,95.0,26.91,365.32,270.32,95.0,-80.94
2025-02-28,SHP01009,CARD,CC-103,LTL,2025-02-12,2025-02-14,388.5,83.92,14.06,history,486.48,1.0,472.42,472.42,0.0,0.0,472.42,472.42,0.0,14.06
2025-02-28,SHP01011,CARC,CC-104,LTL,2025-02-12,2025-02-16,1137.54,245.71,13.78,history,1397.03,1.0,1383.25,1383.25,0.0,0.0,1383.25,1383.25,0.0,13.78
2025-02-28,SHP01012,CARA,CC-105,LTL,2025-02-12,2025-02-17,2001.61,432.35,10.65,history,2444.61,1.0,2435.65,2435.65,0.0,0.0,2435.65,2435.65,0.0,8.96
2025-02-28,SHP01014,CARB,CC-104,LTL,2025-02-12,2025-02-14,595.24,128.57,12.55,history,736.36,1.0,723.81,723.81,0.0,0.0,723.81,723.81,0.0,12.55
2025-02-28,SHP01015,CARE,CC-101,LTL,2025-02-12,2025-02-17,877.5,189.54,25.73,history,1092.77,1.0,1067.04,1067.04,0.0,0.0,1067.04,1067.04,0.0,25.73
2025-02-28,SHP01016,CARA,CC-105,LTL,2025-02-13,2025-02-15,1353.72,292.4,10.65,history,1656.77,1.0,1741.12,1646.12,95.0,0.0,1741.12,1646.12,95.0,-84.35
2025-02-28,SHP01017,CARG,CC-103,TL,2025-02-13,2025-02-16,1959.75,345.06,14.75,history,2319.56,1.0,2304.81,2304.81,0.0,0.0,2304.81,2304.81,0.0,14.75
2025-02-28,SHP01019,CARD,CC-103,LTL,2025-02-13,2025-02-16,1151.6,248.75,14.06,history,1414.41,1.0,1400.35,1400.35,0.0,0.0,1400.35,1400.35,0.0,14.06
2025-02-28,SHP01021,CARG,CC-101,TL,2025-02-13,2025-02-16,2614.43,468.67,14.75,history,3097.85,1.0,3383.1,3083.1,300.0,0.0,3383.1,3083.1,300.0,-285.25
2025-02-28,SHP01022,CARH,CC-102,TL,2025-02-13,2025-02-16,1694.99,321.29,20.69,history,2036.97,1.0,2091.28,2016.28,75.0,0.0,2091.28,2016.28,75.0,-54.31
2025-02-28,SHP01026,CARB,CC-103,LTL,2025-02-13,2025-02-18,396.77,85.7,12.55,history,495.02,1.0,577.47,482.47,95.0,0.0,577.47,482.47,95.0,-82.45
2025-02-28,SHP01027,CARE,CC-104,LTL,2025-02-13,2025-02-15,161.15,34.81,25.73,history,221.69,1.0,195.96,195.96,0.0,0.0,195.96,195.96,0.0,25.73
2025-02-28,SHP01028,CARH,CC-105,TL,2025-02-13,2025-02-15,598.23,114.49,20.69,history,733.41,1.0,712.72,712.72,0.0,0.0,712.72,712.72,0.0,20.69
2025-02-28,SHP01029,CARA,CC-104,LTL,2025-02-13,2025-02-16,172.21,37.2,10.65,history,220.06,1.0,209.41,209.41,0.0,0.0,209.41,209.41,0.0,10.65
2025-02-28,SHP01030,CARD,CC-102,LTL,2025-02-13,2025-02-17,2493.75,538.65,14.06,history,3046.46,1.0,3032.4,3032.4,0.0,0.0,3032.4,3032.4,0.0,14.06
2025-02-28,SHP01031,CARB,CC-104,LTL,2025-02-13,2025-02-20,2253.51,486.76,12.55,history,2752.82,1.0,2740.27,2740.27,0.0,0.0,2740.27,2740.27,0.0,12.55
2025-02-28,SHP01032,CARC,CC-101,LTL,2025-02-13,2025-02-16,320.2,69.16,13.78,history,403.14,2.0,484.36,389.36,95.0,0.0,484.36,389.36,95.0,-81.22
2025-02-28,SHP01033,CARB,CC-105,LTL,2025-02-13,2025-02-16,333.68,72.07,12.55,history,418.3,1.0,405.75,405.75,0.0,0.0,405.75,405.75,0.0,12.55
2025-02-28,SHP01034,CARB,CC-104,LTL,2025-02-13,2025-02-15,270.6,58.45,12.55,history,341.6,1.0,329.05,329.05,0.0,0.0,329.05,329.05,0.0,12.55
2025-02-28,SHP01035,CARD,CC-101,LTL,2025-02-13,2025-02-15,336.98,72.79,14.06,history,423.83,1.0,409.77,409.77,0.0,0.0,409.77,409.77,0.0,14.06
2025-02-28,SHP01036,CARB,CC-103,LTL,2025-02-13,2025-02-17,1467.55,316.99,12.55,history,1797.09,1.0,1784.54,1784.54,0.0,0.0,1784.54,1784.54,0.0,12.55
2025-02-28,SHP01037,CARC,CC-101,LTL,2025-02-13,2025-02-16,1363.52,294.52,13.78,history,1671.82,1.0,1959.86,1959.86,0.0,301.82,1658.04,1658.04,0.0,13.78
2025-02-28,SHP01041,CARB,CC-105,LTL,2025-02-13,2025-02-19,232.45,50.21,12.55,history,295.21,1.0,377.16,282.16,95.0,0.0,377.16,282.16,95.0,-81.95
2025-02-28,SHP01043,CARE,CC-101,LTL,2025-02-13,2025-02-17,666.23,143.91,25.73,history,835.87,1.0,905.14,810.14,95.0,0.0,905.14,810.14,95.0,-69.27
2025-02-28,SHP01044,CARH,CC-102,TL,2025-02-13,2025-02-16,1194.93,222.25,20.69,history,1437.87,1.0,1417.18,1417.18,0.0,0.0,1417.18,1417.18,0.0,20.69
2025-02-28,SHP01045,CARA,CC-105,LTL,2025-02-14,2025-02-16,203.66,43.99,10.65,history,258.3,1.0,247.65,247.65,0.0,0.0,247.65,247.65,0.0,10.65
2025-02-28,SHP01046,CARH,CC-103,TL,2025-02-14,2025-02-16,1100.9,215.91,20.69,history,1337.5,1.0,1316.81,1316.81,0.0,0.0,1316.81,1316.81,0.0,20.69
2025-02-28,SHP01047,CARE,CC-101,LTL,2025-02-14,2025-02-20,1491.8,322.23,25.73,history,1839.76,1.0,1814.03,1814.03,0.0,0.0,1814.03,1814.03,0.0,25.73
2025-02-28,SHP01048,CARD,CC-105,LTL,2025-02-14,2025-02-16,462.92,99.99,14.06,history,576.97,1.0,562.91,562.91,0.0,0.0,562.91,562.91,0.0,14.06
2025-02-28,SHP01050,CARB,CC-104,LTL,2025-02-14,2025-02-21,560.65,121.1,12.55,history,694.3,1.0,681.75,681.75,0.0,0.0,681.75,681.75,0.0,12.55
2025-02-28,SHP01052,CARH,CC-104,TL,2025-02-14,2025-02-15,824.0,158.47,20.69,history,1003.16,1.0,982.47,982.47,0.0,0.0,982.47,982.47,0.0,20.69
2025-02-28,SHP01053,CARH,CC-102,TL,2025-02-14,2025-02-16,555.12,101.81,20.69,history,677.62,1.0,656.93,656.93,0.0,0.0,656.93,656.93,0.0,20.69
2025-02-28,SHP01054,CARF,CC-104,TL,2025-02-14,2025-02-19,4710.56,790.75,14.75,history,5516.06,1.0,5501.31,5501.31,0.0,0.0,5501.31,5501.31,0.0,14.75
2025-02-28,SHP01055,CARG,CC-102,TL,2025-02-14,2025-02-17,1875.43,333.18,14.75,history,2223.36,1.0,2208.61,2208.61,0.0,0.0,2208.61,2208.61,0.0,14.75
2025-02-28,SHP01056,CARE,CC-101,LTL,2025-02-14,2025-02-20,877.5,189.54,25.73,history,1092.77,1.0,1067.04,1067.04,0.0,0.0,1067.04,1067.04,0.0,25.73
2025-02-28,SHP01057,CARC,CC-101,LTL,2025-02-14,2025-02-16,456.93,98.7,13.78,history,569.41,1.0,555.63,555.63,0.0,0.0,555.63,555.63,0.0,13.78
2025-02-28,SHP01058,CARE,CC-104,LTL,2025-02-14,2025-02-16,608.4,131.41,25.73,history,765.54,1.0,739.81,739.81,0.0,0.0,739.81,739.81,0.0,25.73
2025-02-28,SHP01061,CARE,CC-103,LTL,2025-02-14,2025-02-18,611.63,132.11,25.73,history,769.47,1.0,743.74,743.74,0.0,0.0,743.74,743.74,0.0,25.73
2025-02-28,SHP01062,CARG,CC-105,TL,2025-02-14,2025-02-15,519.2,93.5,14.75,history,627.45,1.0,612.7,612.7,0.0,0.0,612.7,612.7,0.0,14.75
2025-02-28,SHP01063,CARE,CC-104,LTL,2025-02-14,2025-02-16,356.0,76.9,25.73,history,458.63,1.0,432.9,432.9,0.0,0.0,432.9,432.9,0.0,25.73
2025-02-28,SHP01064,CARE,CC-103,LTL,2025-02-14,2025-02-16,710.6,153.49,25.73,history,889.82,1.0,864.09,864.09,0.0,0.0,864.09,864.09,0.0,25.73
2025-02-28,SHP01065,CARB,CC-102,LTL,2025-02-14,2025-02-16,251.99,54.43,12.55,history,318.97,1.0,307.34,307.34,0.0,0.0,307.34,307.34,0.0,11.63
2025-02-28,SHP01067,CARB,CC-102,LTL,2025-02-15,2025-02-17,331.08,71.51,12.55,history,415.14,1.0,402.59,402.59,0.0,0.0,402.59,402.59,0.0,12.55
2025-02-28,SHP01068,CARA,CC-101,LTL,2025-02-15,2025-02-20,1299.79,280.75,10.65,history,1591.19,1.0,1580.54,1580.54,0.0,0.0,1580.54,1580.54,0.0,10.65
2025-02-28,SHP01070,CARA,CC-101,LTL,2025-02-15,2025-02-18,390.55,84.36,10.65,history,485.56,1.0,474.91,474.91,0.0,0.0,474.91,474.91,0.0,10.65
2025-02-28,SHP01071,CARD,CC-102,LTL,2025-02-15,2025-02-18,237.73,51.35,14.06,history,303.14,1.0,289.08,289.08,0.0,0.0,289.08,289.08,0.0,14.06
2025-02-28,SHP01072,CARH,CC-102,TL,2025-02-15,2025-02-17,555.12,101.81,20.69,history,677.62,1.0,656.93,656.93,0.0,0.0,656.93,656.93,0.0,20.69
2025-02-28,SHP01073,CARD,CC-105,LTL,2025-02-15,2025-02-18,205.6,44.41,14.06,history,264.07,1.0,250.01,250.01,0.0,0.0,250.01,250.01,0.0,14.06
2025-02-28,SHP01075,CARD,CC-101,LTL,2025-02-15,2025-02-17,651.5,140.72,14.06,history,806.28,1.0,792.22,792.22,0.0,0.0,792.22,792.22,0.0,14.06
2025-02-28,SHP01076,CARH,CC-102,TL,2025-02-15,2025-02-18,1694.99,321.29,20.69,history,2036.97,1.0,2016.28,2016.28,0.0,0.0,2016.28,2016.28,0.0,20.69
2025-02-28,SHP01077,CARD,CC-104,LTL,2025-02-15,2025-02-16,124.09,26.8,14.06,history,164.95,1.0,275.94,150.94,125.0,0.0,275.94,150.94,125.0,-110.99
2025-02-28,SHP01078,CARC,CC-101,LTL,2025-02-15,2025-02-20,998.8,215.74,13.78,history,1228.32,1.0,1214.54,1214.54,0.0,0.0,1214.54,1214.54,0.0,13.78
2025-02-28,SHP01079,CARF,CC-101,TL,2025-02-15,2025-02-17,711.9,124.79,14.75,history,851.44,1.0,836.69,836.69,0.0,0.0,836.69,836.69,0.0,14.75
2025-02-28,SHP01080,CARD,CC-103,LTL,2025-02-15,2025-02-18,732.8,158.28,14.06,history,905.14,1.0,986.08,891.08,95.0,0.0,986.08,891.08,95.0,-80.94
2025-02-28,SHP01083,CARD,CC-102,LTL,2025-02-15,2025-02-17,112.95,24.4,14.06,history,151.41,1.0,148.38,148.38,0.0,11.03,137.35,137.35,0.0,14.06
2025-02-28,SHP01084,CARB,CC-102,LTL,2025-02-15,2025-02-16,240.31,51.91,12.55,history,304.77,1.0,387.22,292.22,95.0,95.0,292.22,292.22,0.0,12.55
2025-02-28,SHP01085,CARD,CC-102,LTL,2025-02-15,2025-02-16,439.94,95.03,14.06,history,549.03,1.0,534.97,534.97,0.0,0.0,534.97,534.97,0.0,14.06
2025-02-28,SHP01086,CARE,CC-104,LTL,2025-02-15,2025-02-18,628.0,135.65,25.73,history,789.38,1.0,983.65,763.65,220.0,125.0,858.65,763.65,95.0,-69.27
2025-02-28,SHP01087,CARD,CC-103,LTL,2025-02-15,2025-02-19,750.25,162.05,14.06,history,926.36,1.0,912.3,912.3,0.0,0.0,912.3,912.3,0.0,14.06
2025-02-28,SHP01088,CARB,CC-103,LTL,2025-02-15,2025-02-18,1063.67,229.75,12.55,history,1305.97,1.0,1388.42,1293.42,95.0,0.0,1388.42,1293.42,95.0,-82.45
2025-02-28,SHP01089,CARD,CC-103,LTL,2025-02-15,2025-02-20,990.51,213.95,14.06,history,1218.52,1.0,1297.27,1297.27,0.0,92.81,1204.46,1204.46,0.0,14.06
2025-02-28,SHP01090,CARD,CC-104,LTL,2025-02-15,2025-02-16,110.0,23.76,14.06,history,147.82,1.0,133.76,133.76,0.0,0.0,133.76,133.76,0.0,14.06
2025-02-28,SHP01091,CARC,CC-104,LTL,2025-02-16,2025-02-18,918.39,198.37,13.78,history,1130.54,1.0,1241.76,1116.76,125.0,0.0,1241.76,1116.76,125.0,-111.22
2025-02-28,SHP01092,CARA,CC-105,LTL,2025-02-16,2025-02-21,4830.0,1043.28,10.65,history,5883.93,1.0,5875.28,5875.28,0.0,0.0,5875.28,5875.28,0.0,8.65
2025-02-28,SHP01093,CARB,CC-102,LTL,2025-02-16,2025-02-18,157.77,34.08,12.55,history,204.4,1.0,191.85,191.85,0.0,0.0,191.85,191.85,0.0,12.55
2025-02-28,SHP01096,CARB,CC-104,LTL,2025-02-16,2025-02-18,410.31,88.63,12.55,history,511.49,1.0,500.45,500.45,0.0,0.0,500.45,500.45,0.0,11.04
2025-02-28,SHP01097,CARB,CC-102,LTL,2025-02-16,2025-02-17,911.93,196.98,12.55,history,1121.46,1.0,1108.91,1108.91,0.0,0.0,1108.91,1108.91,0.0,12.55
2025-02-28,SHP01099,CARB,CC-104,LTL,2025-02-16,2025-02-19,169.86,36.69,12.55,history,219.1,1.0,206.55,206.55,0.0,0.0,206.55,206.55,0.0,12.55
2025-02-28,SHP01100,CARF,CC-102,TL,2025-02-16,2025-02-18,1231.2,203.23,14.75,history,1449.18,1.0,1434.43,1434.43,0.0,0.0,1434.43,1434.43,0.0,14.75
2025-02-28,SHP01101,CARF,CC-104,TL,2025-02-16,2025-02-21,4072.32,720.23,14.75,history,4807.3,1.0,4792.55,4792.55,0.0,0.0,4792.55,4792.55,0.0,14.75
2025-02-28,SHP01102,CARF,CC-101,TL,2025-02-16,2025-02-19,2457.46,436.58,14.75,history,2908.79,1.0,3044.04,2894.04,150.0,0.0,3044.04,2894.04,150.0,-135.25
2025-02-28,SHP01104,CARC,CC-103,LTL,2025-02-16,2025-02-19,1011.32,218.45,13.78,history,1243.55,1.0,1229.77,1229.77,0.0,0.0,1229.77,1229.77,0.0,13.78
2025-02-28,SHP01105,CARF,CC-104,TL,2025-02-16,2025-02-19,1279.04,226.21,14.75,history,1520.0,1.0,1505.25,1505.25,0.0,0.0,1505.25,1505.25,0.0,14.75
2025-02-28,SHP01106,CARB,CC-102,LTL,2025-02-16,2025-02-18,115.55,24.96,12.55,history,153.06,1.0,140.51,140.51,0.0,0.0,140.51,140.51,0.0,12.55
2025-02-28,SHP01107,CARB,CC-102,LTL,2025-02-16,2025-02-20,594.18,128.34,12.55,history,735.07,1.0,722.52,722.52,0.0,0.0,722.52,722.52,0.0,12.55
2025-02-28,SHP01108,CARB,CC-102,LTL,2025-02-16,2025-02-19,1137.4,245.68,12.55,history,1395.63,1.0,1383.08,1383.08,0.0,0.0,1383.08,1383.08,0.0,12.55
2025-02-28,SHP01109,CARC,CC-104,LTL,2025-02-16,2025-02-19,1860.1,401.78,13.78,history,2275.66,1.0,2594.03,2594.03,0.0,0.0,2594.03,2594.03,0.0,-318.37
2025-02-28,SHP01110,CARG,CC-103,TL,2025-02-16,2025-02-20,2361.68,441.33,14.75,history,2817.76,1.0,3103.01,2803.01,300.0,0.0,3103.01,2803.01,300.0,-285.25
2025-02-28,SHP01112,CARD,CC-102,LTL,2025-02-16,2025-02-20,574.82,124.16,14.06,history,713.04,1.0,793.98,698.98,95.0,0.0,793.98,698.98,95.0,-80.94
2025-02-28,SHP01114,CARF,CC-103,TL,2025-02-16,2025-02-19,2781.68,475.0,14.75,history,3271.43,1.0,3256.21,3256.21,0.0,0.0,3256.21,3256.21,0.0,15.22
2025-02-28,SHP01115,CARE,CC-102,LTL,2025-02-17,2025-02-21,591.59,122.46,25.73,history,739.78,1.0,714.05,714.05,0.0,0.0,714.05,714.05,0.0,25.73
2025-02-28,SHP01116,CARH,CC-102,TL,2025-02-17,2025-02-21,2234.77,436.85,20.69,history,2692.31,1.0,2671.62,2671.62,0.0,0.0,2671.62,2671.62,0.0,20.69
2025-02-28,SHP01118,CARC,CC-104,LTL,2025-02-17,2025-02-19,188.28,38.97,13.78,history,241.03,1.0,227.25,227.25,0.0,0.0,227.25,227.25,0.0,13.78
2025-02-28,SHP01119,CARG,CC-104,TL,2025-02-17,2025-02-20,1750.17,299.92,14.75,history,2064.84,1.0,2050.09,2050.09,0.0,0.0,2050.09,2050.09,0.0,14.75
2025-02-28,SHP01120,CARA,CC-105,LTL,2025-02-17,2025-02-22,1187.17,245.74,10.65,history,1443.56,1.0,1432.91,1432.91,0.0,0.0,1432.91,1432.91,0.0,10.65
2025-02-28,SHP01121,CARE,CC-101,LTL,2025-02-17,2025-02-21,353.55,73.18,25.73,history,452.46,1.0,426.73,426.73,0.0,0.0,426.73,426.73,0.0,25.73
2025-02-28,SHP01122,CARH,CC-103,TL,2025-02-17,2025-02-18,1100.9,212.0,20.69,history,1333.59,1.0,1312.9,1312.9,0.0,0.0,1312.9,1312.9,0.0,20.69
2025-02-28,SHP01123,CARE,CC-104,LTL,2025-02-17,2025-02-19,593.81,122.92,25.73,history,742.46,1.0,716.73,716.73,0.0,0.0,716.73,716.73,0.0,25.73
2025-02-28,SHP01127,CARH,CC-101,TL,2025-02-17,2025-02-18,968.31,185.55,20.69,history,1174.55,1.0,1153.86,1153.86,0.0,0.0,1153.86,1153.86,0.0,20.69
2025-02-28,SHP01128,CARB,CC-105,LTL,2025-02-17,2025-02-22,648.37,134.21,12.55,history,795.13,1.0,782.58,782.58,0.0,0.0,782.58,782.58,0.0,12.55
2025-02-28,SHP01130,CARB,CC-104,LTL,2025-02-17,2025-02-18,131.55,27.23,12.55,history,171.33,1.0,158.78,158.78,0.0,0.0,158.78,158.78,0.0,12.55
2025-02-28,SHP01131,CARD,CC-101,LTL,2025-02-17,2025-02-19,370.77,76.75,14.06,history,461.58,1.0,447.52,447.52,0.0,0.0,447.52,447.52,0.0,14.06
2025-02-28,SHP01132,CARB,CC-103,LTL,2025-02-17,2025-02-21,372.9,77.19,12.55,history,462.64,1.0,450.09,450.09,0.0,0.0,450.09,450.09,0.0,12.55
2025-02-28,SHP01133,CARC,CC-102,LTL,2025-02-17,2025-02-20,848.29,175.6,13.78,history,1037.67,1.0,1157.02,1157.02,0.0,133.13,1023.89,1023.89,0.0,13.78
2025-02-28,SHP01134,CARD,CC-103,LTL,2025-02-18,2025-02-21,110.0,22.77,14.06,history,146.83,1.0,132.77,132.77,0.0,0.0,132.77,132.77,0.0,14.06
2025-02-28,SHP01135,CARD,CC-103,LTL,2025-02-18,2025-02-24,259.57,53.73,14.06,history,327.36,1.0,313.3,313.3,0.0,0.0,313.3,313.3,0.0,14.06
2025-02-28,SHP01136,CARE,CC-104,LTL,2025-02-18,2025-02-21,214.12,44.32,25.73,history,284.17,2.0,353.44,258.44,95.0,0.0,353.44,258.44,95.0,-69.27
2025-02-28,SHP01137,CARD,CC-104,LTL,2025-02-18,2025-02-20,480.89,99.54,14.06,history,594.49,1.0,580.43,580.43,0.0,0.0,580.43,580.43,0.0,14.06
2025-02-28,SHP01138,CARC,CC-104,LTL,2025-02-18,2025-02-20,417.0,86.32,13.78,history,517.1,1.0,503.27,503.27,0.0,0.0,503.27,503.27,0.0,13.83
2025-02-28,SHP01139,CARC,CC-104,LTL,2025-02-18,2025-02-24,1612.8,333.85,13.78,history,1960.43,1.0,1946.65,1946.65,0.0,0.0,1946.65,1946.65,0.0,13.78
2025-02-28,SHP01140,CARH,CC-102,TL,2025-02-18,2025-02-21,2234.77,436.85,20.69,history,2692.31,1.0,2672.23,2672.23,0.0,0.0,2672.23,2672.23,0.0,20.08
2025-02-28,SHP01141,CARF,CC-101,TL,2025-02-18,2025-02-22,2457.46,428.68,14.75,history,2900.89,1.0,2886.14,2886.14,0.0,0.0,2886.14,2886.14,0.0,14.75
2025-02-28,SHP01142,CARH,CC-104,TL,2025-02-18,2025-02-20,824.0,155.6,20.69,history,1000.29,1.0,979.6,979.6,0.0,0.0,979.6,979.6,0.0,20.69
2025-02-28,SHP01143,CARD,CC-103,LTL,2025-02-18,2025-02-23,773.08,160.03,14.06,history,947.17,1.0,933.11,933.11,0.0,0.0,933.11,933.11,0.0,14.06
2025-02-28,SHP01144,CARA,CC-101,LTL,2025-02-18,2025-02-20,432.81,89.59,10.65,history,533.05,1.0,522.4,522.4,0.0,0.0,522.4,522.4,0.0,10.65
2025-02-28,SHP01145,CARD,CC-101,LTL,2025-02-18,2025-02-20,801.68,165.95,14.06,history,981.69,1.0,967.63,967.63,0.0,0.0,967.63,967.63,0.0,14.06
2025-02-28,SHP01146,CARG,CC-102,TL,2025-02-18,2025-02-19,825.6,149.38,14.75,history,989.73,1.0,974.98,974.98,0.0,0.0,974.98,974.98,0.0,14.75
2025-02-28,SHP01148,CARA,CC-101,LTL,2025-02-18,2025-02-20,263.06,54.45,10.65,history,328.16,1.0,317.51,317.51,0.0,0.0,317.51,317.51,0.0,10.65
2025-02-28,SHP01149,CARD,CC-101,LTL,2025-02-18,2025-02-19,110.0,22.77,14.06,history,146.83,1.0,257.77,132.77,125.0,0.0,257.77,132.77,125.0,-110.94
2025-02-28,SHP01150,CARC,CC-101,LTL,2025-02-18,2025-02-21,813.8,168.46,13.78,history,996.04,1.0,1057.4,1057.4,0.0,75.15,982.25,982.25,0.0,13.79
2025-02-28,SHP01152,CARC,CC-102,LTL,2025-02-18,2025-02-21,244.15,50.54,13.78,history,308.47,1.0,294.69,294.69,0.0,0.0,294.69,294.69,0.0,13.78
2025-02-28,SHP01153,CARB,CC-101,LTL,2025-02-18,2025-02-19,531.31,109.98,12.55,history,653.84,1.0,736.29,641.29,95.0,0.0,736.29,641.29,95.0,-82.45
2025-02-28,SHP01155,CARA,CC-103,LTL,2025-02-18,2025-02-22,786.93,162.89,10.65,history,960.47,1.0,949.82,949.82,0.0,0.0,949.82,949.82,0.0,10.65
2025-02-28,SHP01156,CARD,CC-103,LTL,2025-02-19,2025-02-25,841.1,174.11,14.06,history,1029.27,1.0,1110.21,1015.21,95.0,0.0,1110.21,1015.21,95.0,-80.94
2025-02-28,SHP01157,CARF,CC-103,TL,2025-02-19,2025-02-23,4876.3,783.84,14.75,history,5674.89,1.0,5660.14,5660.14,0.0,0.0,5660.14,5660.14,0.0,14.75
2025-02-28,SHP01158,CARE,CC-105,LTL,2025-02-19,2025-02-24,1298.12,268.71,25.73,history,1592.56,1.0,1566.61,1566.61,0.0,0.0,1566.61,1566.61,0.0,25.95
2025-02-28,SHP01159,CARB,CC-103,LTL,2025-02-19,2025-02-23,736.7,152.5,12.55,history,901.75,1.0,1014.2,889.2,125.0,0.0,1014.2,889.2,125.0,-112.45
2025-02-28,SHP01160,CARB,CC-102,LTL,2025-02-19,2025-02-21,410.54,84.98,12.55,history,508.07,1.0,495.52,495.52,0.0,0.0,495.52,495.52,0.0,12.55
2025-02-28,SHP01161,CARA,CC-101,LTL,2025-02-19,2025-02-22,270.23,55.94,10.65,history,336.82,1.0,326.17,326.17,0.0,0.0,326.17,326.17,0.0,10.65
2025-02-28,SHP01162,CARG,CC-104,TL,2025-02-19,2025-02-22,1750.17,299.92,14.75,history,2064.84,1.0,2050.09,2050.09,0.0,0.0,2050.09,2050.09,0.0,14.75
2025-02-28,SHP01163,CARA,CC-105,LTL,2025-02-19,2025-02-25,605.85,125.41,10.65,history,741.91,1.0,732.24,732.24,0.0,0.0,732.24,732.24,0.0,9.67
2025-02-28,SHP01164,CARF,CC-104,TL,2025-02-19,2025-02-24,4710.56,776.44,14.75,history,5501.75,1.0,5499.31,5499.31,0.0,12.31,5487.0,5487.0,0.0,14.75
2025-02-28,SHP01165,CARB,CC-105,LTL,2025-02-19,2025-02-25,892.1,184.66,12.55,history,1089.31,1.0,1076.76,1076.76,0.0,0.0,1076.76,1076.76,0.0,12.55
2025-02-28,SHP01166,CARC,CC-101,LTL,2025-02-19,2025-02-24,2957.47,612.2,13.78,history,3583.45,1.0,3569.67,3569.67,0.0,0.0,3569.67,3569.67,0.0,13.78
2025-02-28,SHP01167,CARG,CC-104,TL,2025-02-19,2025-02-21,450.0,75.86,14.75,history,540.61,1.0,825.86,525.86,300.0,0.0,825.86,525.86,300.0,-285.25
2025-02-28,SHP01168,CARG,CC-105,TL,2025-02-19,2025-02-23,3118.98,529.82,14.75,history,3663.55,1.0,3648.8,3648.8,0.0,0.0,3648.8,3648.8,0.0,14.75
2025-02-28,SHP01169,CARG,CC-101,TL,2025-02-19,2025-02-21,1614.45,274.25,14.75,history,1903.45,1.0,1888.7,1888.7,0.0,0.0,1888.7,1888.7,0.0,14.75
2025-02-28,SHP01170,CARD,CC-104,LTL,2025-02-19,2025-02-25,3055.42,632.47,14.06,history,3701.95,1.0,3687.89,3687.89,0.0,0.0,3687.89,3687.89,0.0,14.06
2025-02-28,SHP01171,CARA,CC-105,LTL,2025-02-19,2025-02-21,565.15,116.99,10.65,history,692.79,1.0,682.14,682.14,0.0,0.0,682.14,682.14,0.0,10.65
2025-02-28,SHP01172,CARD,CC-103,LTL,2025-02-19,2025-02-24,1066.4,220.74,14.06,history,1301.2,1.0,1287.14,1287.14,0.0,0.0,1287.14,1287.14,0.0,14.06
2025-02-28,SHP01173,CARC,CC-101,LTL,2025-02-19,2025-02-23,892.74,184.8,13.78,history,1091.32,1.0,1196.39,1196.39,0.0,118.85,1077.54,1077.54,0.0,13.78
2025-02-28,SHP01174,CARE,CC-101,LTL,2025-02-19,2025-02-23,849.6,175.87,25.73,history,1051.2,1.0,1025.47,1025.47,0.0,0.0,1025.47,1025.47,0.0,25.73
2025-02-28,SHP01175,CARH,CC-101,TL,2025-02-19,2025-02-20,968.31,185.55,20.69,history,1174.55,1.0,1153.86,1153.86,0.0,0.0,1153.86,1153.86,0.0,20.69
2025-02-28,SHP01176,CARH,CC-101,TL,2025-02-19,2025-02-20,968.31,185.55,20.69,history,1174.55,1.0,1303.86,1153.86,150.0,0.0,1303.86,1153.86,150.0,-129.31
2025-02-28,SHP01177,CARD,CC-103,LTL,2025-02-19,2025-02-22,1429.69,295.95,14.06,history,1739.7,1.0,1725.64,1725.64,0.0,0.0,1725.64,1725.64,0.0,14.06
2025-02-28,SHP01178,CARA,CC-103,LTL,2025-02-19,2025-02-25,1368.06,283.19,10.65,history,1661.9,1.0,1651.25,1651.25,0.0,0.0,1651.25,1651.25,0.0,10.65
2025-02-28,SHP01179,CARB,CC-103,LTL,2025-02-19,2025-02-23,447.48,92.63,12.55,history,552.66,1.0,540.11,540.11,0.0,0.0,540.11,540.11,0.0,12.55
2025-02-28,SHP01180,CARB,CC-101,LTL,2025-02-19,2025-02-23,1539.43,318.66,12.55,history,1870.64,1.0,2142.22,2142.22,0.0,0.0,2142.22,2142.22,0.0,-271.58
2025-02-28,SHP01181,CARE,CC-103,LTL,2025-02-19,2025-02-22,678.41,140.43,25.73,history,844.57,1.0,818.84,818.84,0.0,0.0,818.84,818.84,0.0,25.73
2025-02-28,SHP01182,CARG,CC-101,TL,2025-02-19,2025-02-24,4656.96,808.73,14.75,history,5480.44,1.0,5465.69,5465.69,0.0,0.0,5465.69,5465.69,0.0,14.75
2025-02-28,SHP01183,CARF,CC-102,TL,2025-02-20,2025-02-21,1231.2,199.56,14.75,history,1445.51,1.0,1430.76,1430.76,0.0,0.0,1430.76,1430.76,0.0,14.75
2025-02-28,SHP01185,CARA,CC-101,LTL,2025-02-20,2025-02-23,994.5,205.86,10.65,history,1211.01,1.0,1200.36,1200.36,0.0,0.0,1200.36,1200.36,0.0,10.65
2025-02-28,SHP01186,CARA,CC-103,LTL,2025-02-20,2025-02-25,874.9,181.1,10.65,history,1066.65,1.0,1056.0,1056.0,0.0,0.0,1056.0,1056.0,0.0,10.65
2025-02-28,SHP01187,CARE,CC-101,LTL,2025-02-20,2025-02-22,112.9,23.37,25.73,history,162.0,1.0,136.27,136.27,0.0,0.0,136.27,136.27,0.0,25.73
2025-02-28,SHP01188,CARB,CC-105,LTL,2025-02-20,2025-02-22,195.3,40.43,12.55,history,248.28,1.0,235.73,235.73,0.0,0.0,235.73,235.73,0.0,12.55
2025-02-28,SHP01189,CARD,CC-102,LTL,2025-02-20,2025-02-24,265.5,54.96,14.06,history,334.52,1.0,320.46,320.46,0.0,0.0,320.46,320.46,0.0,14.06
2025-02-28,SHP01190,CARD,CC-102,LTL,2025-02-20,2025-02-22,357.9,74.09,14.06,history,446.05,1.0,431.99,431.99,0.0,0.0,431.99,431.99,0.0,14.06
2025-02-28,SHP01191,CARC,CC-104,LTL,2025-02-20,2025-02-23,654.15,135.41,13.78,history,803.34,1.0,789.56,789.56,0.0,0.0,789.56,789.56,0.0,13.78
2025-02-28,SHP01192,CARB,CC-104,LTL,2025-02-20,2025-02-21,313.18,64.83,12.55,history,390.56,1.0,415.51,415.51,0.0,37.5,378.01,378.01,0.0,12.55
2025-02-28,SHP01193,CARE,CC-105,LTL,2025-02-20,2025-02-24,815.2,168.75,25.73,history,1009.68,1.0,984.17,984.17,0.0,0.0,984.17,984.17,0.0,25.51
2025-02-28,SHP01194,CARA,CC-101,LTL,2025-02-20,2025-02-24,963.61,199.47,10.65,history,1173.73,1.0,1288.08,1163.08,125.0,0.0,1288.08,1163.08,125.0,-114.35
2025-02-28,SHP01195,CARG,CC-101,TL,2025-02-20,2025-02-22,1614.45,274.25,14.75,history,1903.45,1.0,1893.88,1893.88,0.0,0.0,1893.88,1893.88,0.0,9.57
2025-02-28,SHP01196,CARB,CC-102,LTL,2025-02-20,2025-02-23,687.89,142.39,12.55,history,842.83,1.0,830.28,830.28,0.0,0.0,830.28,830.28,0.0,12.55
2025-02-28,SHP01197,CARF,CC-104,TL,2025-02-20,2025-02-26,5564.8,921.15,14.75,history,6500.7,1.0,6485.95,6485.95,0.0,0.0,6485.95,6485.95,0.0,14.75
2025-02-28,SHP01198,CARE,CC-101,LTL,2025-02-20,2025-02-24,928.85,192.27,25.73,history,1146.85,1.0,1121.12,1121.12,0.0,0.0,1121.12,1121.12,0.0,25.73
2025-02-28,SHP01199,CARC,CC-101,LTL,2025-02-20,2025-02-21,113.25,23.44,13.78,history,150.47,1.0,136.69,136.69,0.0,0.0,136.69,136.69,0.0,13.78
2025-02-28,SHP01200,CARG,CC-103,TL,2025-02-21,2025-02-23,1959.75,338.82,14.75,history,2313.32,1.0,2297.92,2297.92,0.0,0.0,2297.92,2297.92,0.0,15.4
2025-02-28,SHP01201,CARF,CC-101,TL,2025-02-21,2025-02-24,3432.0,556.27,14.75,history,4003.02,1.0,3988.27,3988.27,0.0,0.0,3988.27,3988.27,0.0,14.75
2025-02-28,SHP01202,CARA,CC-104,LTL,2025-02-21,2025-02-23,217.65,45.05,10.65,history,273.35,1.0,262.7,262.7,0.0,0.0,262.7,262.7,0.0,10.65
2025-02-28,SHP01203,CARG,CC-101,TL,2025-02-21,2025-02-25,3181.88,586.61,14.75,history,3783.24,1.0,3768.49,3768.49,0.0,0.0,3768.49,3768.49,0.0,14.75
2025-02-28,SHP01204,CARG,CC-102,TL,2025-02-21,2025-02-24,3150.84,564.83,14.75,history,3730.42,1.0,3840.43,3840.43,0.0,124.28,3716.15,3716.15,0.0,14.27
2025-02-28,SHP01205,CARE,CC-101,LTL,2025-02-21,2025-02-27,502.27,103.97,25.73,history,631.97,1.0,606.24,606.24,0.0,0.0,606.24,606.24,0.0,25.73
2025-02-28,SHP01206,CARD,CC-101,LTL,2025-02-21,2025-02-25,678.0,140.35,14.06,history,832.41,1.0,818.35,818.35,0.0,0.0,818.35,818.35,0.0,14.06
2025-02-28,SHP01207,CARF,CC-101,TL,2025-02-21,2025-02-25,2457.46,428.68,14.75,history,2900.89,1.0,2886.14,2886.14,0.0,0.0,2886.14,2886.14,0.0,14.75
2025-02-28,SHP01209,CARC,CC-104,LTL,2025-02-21,2025-02-28,1598.0,330.79,13.78,history,1942.57,1.0,2053.79,1928.79,125.0,0.0,2053.79,1928.79,125.0,-111.22
2025-02-28,SHP01210,CARB,CC-102,LTL,2025-02-21,2025-02-22,216.46,44.81,12.55,history,273.82,1.0,261.27,261.27,0.0,0.0,261.27,261.27,0.0,12.55
2025-02-28,SHP01211,CARH,CC-104,TL,2025-02-21,2025-02-23,450.0,78.58,20.69,history,549.27,1.0,528.58,528.58,0.0,0.0,528.58,528.58,0.0,20.69
2025-02-28,SHP01212,CARD,CC-104,LTL,2025-02-21,2025-02-28,3373.95,698.41,14.06,history,4086.42,1.0,4083.35,4083.35,0.0,0.0,4083.35,4083.35,0.0,3.07
2025-02-28,SHP01213,CARE,CC-101,LTL,2025-02-21,2025-02-23,337.21,69.8,25.73,history,432.74,1.0,407.01,407.01,0.0,0.0,407.01,407.01,0.0,25.73
2025-02-28,SHP01214,CARH,CC-103,TL,2025-02-21,2025-02-22,1100.9,212.0,20.69,history,1333.59,1.0,1312.9,1312.9,0.0,0.0,1312.9,1312.9,0.0,20.69
2025-02-28,SHP01215,CARB,CC-105,LTL,2025-02-21,2025-02-23,973.12,201.44,12.55,history,1187.11,1.0,1174.56,1174.56,0.0,0.0,1174.56,1174.56,0.0,12.55
2025-02-28,SHP01216,CARE,CC-104,LTL,2025-02-21,2025-02-23,583.52,120.79,25.73,history,730.04,1.0,703.63,703.63,0.0,0.0,703.63,703.63,0.0,26.41
2025-02-28,SHP01217,CARA,CC-103,LTL,2025-02-21,2025-02-26,722.38,149.53,10.65,history,882.56,1.0,871.91,871.91,0.0,0.0,871.91,871.91,0.0,10.65
2025-02-28,SHP01218,CARE,CC-105,LTL,2025-02-21,2025-02-23,142.07,29.41,25.73,history,197.21,1.0,171.32,171.32,0.0,0.0,171.32,171.32,0.0,25.89
2025-02-28,SHP01219,CARE,CC-103,LTL,2025-02-21,2025-02-25,356.1,73.71,25.73,history,455.54,1.0,429.81,429.81,0.0,0.0,429.81,429.81,0.0,25.73
2025-02-28,SHP01220,CARE,CC-102,LTL,2025-02-21,2025-02-24,1003.94,207.82,25.73,history,1237.49,1.0,1211.76,1211.76,0.0,0.0,1211.76,1211.76,0.0,25.73
2025-02-28,SHP01221,CARD,CC-104,LTL,2025-02-21,2025-02-22,473.96,98.11,14.06,history,586.13,1.0,605.31,605.31,0.0,33.24,572.07,572.07,0.0,14.06
2025-02-28,SHP01222,CARC,CC-104,LTL,2025-02-21,2025-02-24,240.61,49.81,13.78,history,304.2,1.0,290.42,290.42,0.0,0.0,290.42,290.42,0.0,13.78
2025-02-28,SHP01223,CARC,CC-102,LTL,2025-02-21,2025-02-25,198.21,41.03,13.78,history,253.02,1.0,239.24,239.24,0.0,0.0,239.24,239.24,0.0,13.78
2025-02-28,SHP01224,CARA,CC-105,LTL,2025-02-21,2025-02-23,455.96,94.38,10.65,history,560.99,1.0,645.34,550.34,95.0,0.0,645.34,550.34,95.0,-84.35
2025-02-28,SHP01225,CARC,CC-104,LTL,2025-02-21,2025-02-27,319.81,66.2,13.78,history,399.79,1.0,481.01,386.01,95.0,0.0,481.01,386.01,95.0,-81.22
2025-02-28,SHP01226,CARE,CC-102,LTL,2025-02-21,2025-02-23,865.67,179.19,25.73,history,1070.59,1.0,1139.86,1044.86,95.0,0.0,1139.86,1044.86,95.0,-69.27
2025-02-28,SHP01227,CARF,CC-104,TL,2025-02-21,2025-02-27,5564.8,921.15,14.75,history,6500.7,1.0,6485.95,6485.95,0.0,0.0,6485.95,6485.95,0.0,14.75
2025-02-28,SHP01228,CARB,CC-104,LTL,2025-02-21,2025-02-24,110.0,22.77,12.55,history,145.32,1.0,132.77,132.77,0.0,0.0,132.77,132.77,0.0,12.55
2025-02-28,SHP01229,CARD,CC-105,LTL,2025-02-21,2025-02-23,520.98,107.84,14.06,history,642.88,1.0,628.82,628.82,0.0,0.0,628.82,628.82,0.0,14.06
2025-02-28,SHP01230,CARA,CC-103,LTL,2025-02-21,2025-02-26,273.69,56.65,10.65,history,340.99,1.0,330.34,330.34,0.0,0.0,330.34,330.34,0.0,10.65
2025-02-28,SHP01231,CARD,CC-103,LTL,2025-02-21,2025-02-24,352.41,72.95,14.06,history,439.42,1.0,425.36,425.36,0.0,0.0,425.36,425.36,0.0,14.06
2025-02-28,SHP01232,CARF,CC-105,TL,2025-02-21,2025-02-23,1866.76,307.7,14.75,history,2189.21,1.0,2167.97,2167.97,0.0,0.0,2167.97,2167.97,0.0,21.24
2025-02-28,SHP01233,CARH,CC-103,TL,2025-02-21,2025-02-24,3114.0,605.67,20.69,history,3740.36,1.0,3719.67,3719.67,0.0,0.0,3719.67,3719.67,0.0,20.69
2025-02-28,SHP01234,CARE,CC-104,LTL,2025-02-22,2025-02-25,224.29,46.43,25.73,history,296.45,1.0,270.72,270.72,0.0,0.0,270.72,270.72,0.0,25.73
2025-02-28,SHP01235,CARF,CC-103,TL,2025-02-22,2025-02-27,4876.3,783.84,14.75,history,5674.89,1.0,5660.14,5660.14,0.0,0.0,5660.14,5660.14,0.0,14.75
2025-02-28,SHP01236,CARD,CC-103,LTL,2025-02-22,2025-02-26,557.23,115.35,14.06,history,686.64,1.0,750.8,750.8,0.0,78.23,672.57,672.57,0.0,14.07
2025-02-28,SHP01237,CARB,CC-101,LTL,2025-02-22,2025-02-26,1586.61,328.43,12.55,history,1927.59,1.0,1915.04,1915.04,0.0,0.0,1915.04,1915.04,0.0,12.55
2025-02-28,SHP01238,CARG,CC-105,TL,2025-02-22,2025-02-25,1225.91,226.01,14.75,history,1466.67,1.0,1601.92,1451.92,150.0,0.0,1601.92,1451.92,150.0,-135.25
2025-02-28,SHP01239,CARA,CC-103,LTL,2025-02-22,2025-02-26,1085.4,224.68,10.65,history,1320.73,1.0,1310.08,1310.08,0.0,0.0,1310.08,1310.08,0.0,10.65
2025-02-28,SHP01240,CARH,CC-102,TL,2025-02-22,2025-02-24,555.12,99.97,20.69,history,675.78,1.0,655.09,655.09,0.0,0.0,655.09,655.09,0.0,20.69
2025-02-28,SHP01241,CARE,CC-102,LTL,2025-02-22,2025-02-26,461.55,95.54,25.73,history,582.82,1.0,557.09,557.09,0.0,0.0,557.09,557.09,0.0,25.73
2025-02-28,SHP01242,CARB,CC-103,LTL,2025-02-22,2025-02-26,305.63,63.27,12.55,history,381.45,1.0,368.9,368.9,0.0,0.0,368.9,368.9,0.0,12.55
2025-02-28,SHP01243,CARF,CC-104,TL,2025-02-22,2025-02-24,451.13,76.63,14.75,history,542.51,1.0,527.76,527.76,0.0,0.0,527.76,527.76,0.0,14.75
2025-02-28,SHP01244,CARE,CC-105,LTL,2025-02-22,2025-02-24,160.15,33.15,25.73,history,219.03,1.0,193.3,193.3,0.0,0.0,193.3,193.3,0.0,25.73
2025-02-28,SHP01245,CARE,CC-101,LTL,2025-02-22,2025-02-26,1517.28,314.08,25.73,history,1857.09,1.0,1831.36,1831.36,0.0,0.0,1831.36,1831.36,0.0,25.73
2025-02-28,SHP01246,CARB,CC-101,LTL,2025-02-22,2025-02-23,671.12,138.92,12.55,history,822.59,1.0,841.51,841.51,0.0,31.47,810.04,810.04,0.0,12.55
2025-02-28,SHP01247,CARA,CC-103,LTL,2025-02-22,2025-02-27,1310.4,271.25,10.65,history,1592.3,1.0,1749.8,1749.8,0.0,168.15,1581.65,1581.65,0.0,10.65
2025-02-28,SHP01249,CARE,CC-104,LTL,2025-02-22,2025-02-24,1288.5,266.72,25.73,history,1580.95,1.0,1650.22,1555.22,95.0,0.0,1650.22,1555.22,95.0,-69.27
2025-02-28,SHP01250,CARC,CC-103,LTL,2025-02-22,2025-02-25,843.6,174.63,13.78,history,1032.01,1.0,1018.23,1018.23,0.0,0.0,1018.23,1018.23,0.0,13.78
2025-02-28,SHP01251,CARD,CC-102,LTL,2025-02-22,2025-02-24,354.25,73.33,14.06,history,441.64,1.0,426.63,426.63,0.0,0.0,426.63,426.63,0.0,15.01
2025-02-28,SHP01252,CARB,CC-105,LTL,2025-02-22,2025-02-27,892.1,184.66,12.55,history,1089.31,1.0,1076.76,1076.76,0.0,0.0,1076.76,1076.76,0.0,12.55
2025-02-28,SHP01253,CARB,CC-104,LTL,2025-02-22,2025-02-24,270.8,56.06,12.55,history,339.41,1.0,326.86,326.86,0.0,0.0,326.86,326.86,0.0,12.55
2025-02-28,SHP01254,CARD,CC-105,LTL,2025-02-22,2025-02-23,266.67,55.2,14.06,history,335.93,1.0,416.87,321.87,95.0,0.0,416.87,321.87,95.0,-80.94
2025-02-28,SHP01255,CARH,CC-103,TL,2025-02-22,2025-02-25,3114.0,605.67,20.69,history,3740.36,1.0,4006.05,4006.05,0.0,287.84,3718.21,3718.21,0.0,22.15
2025-02-28,SHP01256,CARD,CC-105,LTL,2025-02-22,2025-02-25,211.98,43.88,14.06,history,269.92,1.0,255.86,255.86,0.0,0.0,255.86,255.86,0.0,14.06
2025-02-28,SHP01257,CARC,CC-101,LTL,2025-02-22,2025-02-26,324.8,67.23,13.78,history,405.81,1.0,487.03,392.03,95.0,0.0,487.03,392.03,95.0,-81.22
2025-02-28,SHP01258,CARD,CC-102,LTL,2025-02-22,2025-02-24,258.59,53.53,14.06,history,326.18,1.0,312.12,312.12,0.0,0.0,312.12,312.12,0.0,14.06
2025-02-28,SHP01259,CARC,CC-104,LTL,2025-02-23,2025-02-25,225.39,46.66,13.78,history,285.83,1.0,397.05,272.05,125.0,0.0,397.05,272.05,125.0,-111.22
2025-02-28,SHP01260,CARB,CC-101,LTL,2025-02-23,2025-02-24,352.07,72.88,12.55,history,437.5,1.0,424.95,424.95,0.0,0.0,424.95,424.95,0.0,12.55
2025-02-28,SHP01261,CARH,CC-104,TL,2025-02-23,2025-02-26,1536.12,292.92,20.69,history,1849.73,1.0,1829.04,1829.04,0.0,0.0,1829.04,1829.04,0.0,20.69
2025-02-28,SHP01262,CARF,CC-103,TL,2025-02-23,2025-02-26,2355.42,412.73,14.75,history,2782.9,1.0,2768.15,2768.15,0.0,0.0,2768.15,2768.15,0.0,14.75
2025-02-28,SHP01263,CARE,CC-102,LTL,2025-02-23,2025-02-26,1310.5,271.27,25.73,history,1607.5,1.0,1581.77,1581.77,0.0,0.0,1581.77,1581.77,0.0,25.73
2025-02-28,SHP01264,CARD,CC-103,LTL,2025-02-23,2025-02-27,1851.6,383.28,14.06,history,2248.94,1.0,2234.88,2234.88,0.0,0.0,2234.88,2234.88,0.0,14.06
2025-02-28,SHP01265,CARA,CC-105,LTL,2025-02-23,2025-02-25,325.16,67.31,10.65,history,403.12,1.0,392.47,392.47,0.0,0.0,392.47,392.47,0.0,10.65
2025-02-28,SHP01266,CARF,CC-103,TL,2025-02-23,2025-02-27,3104.86,499.09,14.75,history,3618.7,1.0,3607.02,3607.02,0.0,0.0,3607.02,3607.02,0.0,11.68
2025-02-28,SHP01267,CARA,CC-103,LTL,2025-02-23,2025-02-26,202.14,41.84,10.65,history,254.63,1.0,243.98,243.98,0.0,0.0,243.98,243.98,0.0,10.65
2025-02-28,SHP01268,CARC,CC-104,LTL,2025-02-23,2025-02-25,110.0,22.77,13.78,history,146.55,1.0,132.77,132.77,0.0,0.0,132.77,132.77,0.0,13.78
2025-02-28,SHP01269,CARE,CC-101,LTL,2025-02-23,2025-02-27,314.36,65.07,25.73,history,405.16,1.0,379.43,379.43,0.0,0.0,379.43,379.43,0.0,25.73
2025-02-28,SHP01270,CARB,CC-101,LTL,2025-02-23,2025-02-24,174.27,36.07,12.55,history,222.89,1.0,210.34,210.34,0.0,0.0,210.34,210.34,0.0,12.55
2025-02-28,SHP01271,CARD,CC-103,LTL,2025-02-23,2025-02-27,263.27,54.5,14.06,history,331.83,1.0,317.77,317.77,0.0,0.0,317.77,317.77,0.0,14.06
2025-02-28,SHP01272,CARB,CC-104,LTL,2025-02-23,2025-02-25,138.22,28.61,12.55,history,179.38,1.0,291.83,166.83,125.0,0.0,291.83,166.83,125.0,-112.45
2025-02-28,SHP01273,CARE,CC-101,LTL,2025-02-23,2025-02-27,592.56,122.66,25.73,history,740.95,1.0,715.22,715.22,0.0,0.0,715.22,715.22,0.0,25.73
2025-02-28,SHP01274,CARE,CC-105,LTL,2025-02-23,2025-02-25,196.7,40.72,25.73,history,263.15,1.0,237.42,237.42,0.0,0.0,237.42,237.42,0.0,25.73
2025-02-28,SHP01275,CARG,CC-101,TL,2025-02-23,2025-02-26,3181.88,586.61,14.75,history,3783.24,1.0,3768.49,3768.49,0.0,0.0,3768.49,3768.49,0.0,14.75
2025-02-28,SHP01276,CARA,CC-104,LTL,2025-02-23,2025-02-26,439.55,90.99,10.65,history,541.19,1.0,530.54,530.54,0.0,0.0,530.54,530.54,0.0,10.65
2025-02-28,SHP01277,CARA,CC-102,LTL,2025-02-23,2025-02-27,1275.97,264.13,10.65,history,1550.75,1.0,1540.1,1540.1,0.0,0.0,1540.1,1540.1,0.0,10.65
2025-02-28,SHP01278,CARG,CC-102,TL,2025-02-23,2025-02-25,1875.43,327.15,14.75,history,2217.33,1.0,2202.58,2202.58,0.0,0.0,2202.58,2202.58,0.0,14.75
2025-02-28,SHP01279,CARG,CC-101,TL,2025-02-24,2025-02-26,1614.45,278.24,14.75,history,1907.44,1.0,1892.69,1892.69,0.0,0.0,1892.69,1892.69,0.0,14.75
2025-02-28,SHP01280,CARH,CC-104,TL,2025-02-24,2025-02-26,450.0,79.72,20.69,history,550.41,1.0,529.72,529.72,0.0,0.0,529.72,529.72,0.0,20.69
2025-02-28,SHP01281,CARA,CC-104,LTL,2025-02-24,2025-02-27,772.0,166.75,10.65,history,949.4,1.0,1033.75,938.75,95.0,0.0,1033.75,938.75,95.0,-84.35
2025-02-28,SHP01282,CARE,CC-104,LTL,2025-02-24,2025-02-25,403.33,87.12,25.73,history,516.18,1.0,615.45,490.45,125.0,0.0,615.45,490.45,125.0,-99.27
2025-02-28,SHP01283,CARF,CC-103,TL,2025-02-24,2025-02-28,3104.86,506.36,14.75,history,3625.97,1.0,3611.22,3611.22,0.0,0.0,3611.22,3611.22,0.0,14.75
2025-02-28,SHP01284,CARB,CC-104,LTL,2025-02-24,2025-02-25,450.62,97.33,12.55,history,560.5,2.0,1095.9,1095.9,0.0,547.95,547.95,547.95,0.0,12.55
2025-02-28,SHP01285,CARD,CC-101,LTL,2025-02-24,2025-02-25,715.48,154.54,14.06,history,884.08,1.0,870.28,870.28,0.0,0.0,870.28,870.28,0.0,13.8
2025-02-28,SHP01286,CARG,CC-101,TL,2025-02-24,2025-02-26,621.96,112.09,14.75,history,748.8,1.0,734.05,734.05,0.0,0.0,734.05,734.05,0.0,14.75
2025-02-28,SHP01287,CARE,CC-105,LTL,2025-02-24,2025-02-26,1099.99,237.6,25.73,history,1363.32,1.0,1462.59,1337.59,125.0,0.0,1462.59,1337.59,125.0,-99.27
2025-02-28,SHP01288,CARB,CC-104,LTL,2025-02-24,2025-02-27,533.41,115.22,12.55,history,661.18,1.0,743.63,648.63,95.0,0.0,743.63,648.63,95.0,-82.45
2025-02-28,SHP01289,CARA,CC-104,LTL,2025-02-24,2025-02-26,180.35,38.96,10.65,history,229.96,1.0,314.31,219.31,95.0,0.0,314.31,219.31,95.0,-84.35
2025-02-28,SHP01290,CARE,CC-103,LTL,2025-02-24,2025-02-28,1795.52,387.83,25.73,history,2209.08,1.0,2183.35,2183.35,0.0,0.0,2183.35,2183.35,0.0,25.73
2025-02-28,SHP01291,CARD,CC-104,LTL,2025-02-24,2025-02-25,110.0,23.76,14.06,history,147.82,1.0,258.76,133.76,125.0,0.0,258.76,133.76,125.0,-110.94
2025-02-28,SHP01292,CARB,CC-102,LTL,2025-02-24,2025-02-25,269.13,58.13,12.55,history,339.81,1.0,327.26,327.26,0.0,0.0,327.26,327.26,0.0,12.55
2025-02-28,SHP01293,CARE,CC-101,LTL,2025-02-24,2025-02-27,561.28,121.24,25.73,history,708.25,1.0,682.52,682.52,0.0,0.0,682.52,682.52,0.0,25.73
2025-02-28,SHP01295,CARC,CC-104,LTL,2025-02-24,2025-02-27,141.01,30.46,13.78,history,185.25,1.0,266.47,171.47,95.0,0.0,266.47,171.47,95.0,-81.22
2025-02-28,SHP01296,CARD,CC-101,LTL,2025-02-24,2025-02-26,110.0,23.76,14.06,history,147.82,1.0,353.76,133.76,220.0,0.0,353.76,133.76,220.0,-205.94
2025-02-28,SHP01297,CARB,CC-104,LTL,2025-02-24,2025-02-26,110.0,23.76,12.55,history,146.31,1.0,228.76,133.76,95.0,0.0,228.76,133.76,95.0,-82.45
2025-02-28,SHP01298,CARB,CC-104,LTL,2025-02-24,2025-02-25,110.0,23.76,12.55,history,146.31,1.0,228.76,133.76,95.0,0.0,228.76,133.76,95.0,-82.45
2025-02-28,SHP01299,CARB,CC-101,LTL,2025-02-24,2025-02-26,261.23,56.43,12.55,history,330.21,1.0,412.66,317.66,95.0,0.0,412.66,317.66,95.0,-82.45
2025-02-28,SHP01300,CARD,CC-102,LTL,2025-02-24,2025-02-27,557.83,120.49,14.06,history,692.38,1.0,678.32,678.32,0.0,0.0,678.32,678.32,0.0,14.06
2025-02-28,SHP01301,CARD,CC-102,LTL,2025-02-24,2025-02-26,223.91,48.36,14.06,history,286.33,1.0,272.27,272.27,0.0,0.0,272.27,272.27,0.0,14.06
2025-02-28,SHP01302,CARD,CC-103,LTL,2025-02-24,2025-02-26,337.71,72.95,14.06,history,424.72,1.0,410.66,410.66,0.0,0.0,410.66,410.66,0.0,14.06
2025-02-28,SHP01303,CARB,CC-104,LTL,2025-02-24,2025-02-26,283.86,61.31,12.55,history,357.72,1.0,345.17,345.17,0.0,0.0,345.17,345.17,0.0,12.55
2025-02-28,SHP01304,CARH,CC-104,TL,2025-02-24,2025-02-27,1536.12,297.18,20.69,history,1853.99,1.0,1833.3,1833.3,0.0,0.0,1833.3,1833.3,0.0,20.69
2025-02-28,SHP01305,CARB,CC-103,LTL,2025-02-24,2025-02-28,500.43,108.09,12.55,history,621.07,1.0,608.52,608.52,0.0,0.0,608.52,608.52,0.0,12.55
2025-02-28,SHP01306,CARC,CC-104,LTL,2025-02-25,2025-02-27,244.03,52.71,13.78,history,310.52,1.0,391.74,296.74,95.0,95.0,296.74,296.74,0.0,13.78
2025-02-28,SHP01307,CARD,CC-103,LTL,2025-02-25,2025-02-28,2179.87,470.85,14.06,history,2664.78,1.0,2650.72,2650.72,0.0,0.0,2650.72,2650.72,0.0,14.06
2025-02-28,SHP01308,CARA,CC-103,LTL,2025-02-25,2025-02-28,334.71,72.3,10.65,history,417.66,1.0,407.01,407.01,0.0,0.0,407.01,407.01,0.0,10.65
2025-02-28,SHP01311,CARE,CC-101,LTL,2025-02-25,2025-02-28,318.38,68.77,25.73,history,412.88,1.0,387.15,387.15,0.0,0.0,387.15,387.15,0.0,25.73
2025-02-28,SHP01312,CARD,CC-101,LTL,2025-02-25,2025-02-27,180.3,38.94,14.06,history,233.3,1.0,219.24,219.24,0.0,0.0,219.24,219.24,0.0,14.06
2025-02-28,SHP01313,CARB,CC-102,LTL,2025-02-25,2025-02-28,139.84,30.21,12.55,history,182.6,1.0,170.05,170.05,0.0,0.0,170.05,170.05,0.0,12.55
2025-02-28,SHP01314,CARG,CC-104,TL,2025-02-25,2025-02-27,1750.17,304.29,14.75,history,2069.21,1.0,2054.46,2054.46,0.0,0.0,2054.46,2054.46,0.0,14.75
2025-02-28,SHP01315,CARC,CC-102,LTL,2025-02-25,2025-02-28,300.51,64.91,13.78,history,379.2,1.0,365.42,365.42,0.0,0.0,365.42,365.42,0.0,13.78
2025-02-28,SHP01316,CARF,CC-103,TL,2025-02-25,2025-02-27,1458.54,259.3,14.75,history,1732.59,1.0,1717.84,1717.84,0.0,0.0,1717.84,1717.84,0.0,14.75
2025-02-28,SHP01318,CARE,CC-103,LTL,2025-02-25,2025-02-28,804.8,173.84,25.73,history,1004.37,1.0,975.8,975.8,0.0,0.0,975.8,975.8,0.0,28.57
2025-02-28,SHP01319,CARE,CC-102,LTL,2025-02-25,2025-02-28,930.98,201.09,25.73,history,1157.8,1.0,1132.07,1132.07,0.0,0.0,1132.07,1132.07,0.0,25.73
2025-02-28,SHP01320,CARC,CC-101,LTL,2025-02-25,2025-02-28,138.2,29.85,13.78,history,181.83,1.0,168.05,168.05,0.0,0.0,168.05,168.05,0.0,13.78
2025-02-28,SHP01321,CARG,CC-105,TL,2025-02-25,2025-02-27,519.2,93.14,14.75,history,627.09,1.0,612.34,612.34,0.0,0.0,612.34,612.34,0.0,14.75
2025-02-28,SHP01322,CARA,CC-104,LTL,2025-02-25,2025-02-28,625.07,135.02,10.65,history,770.74,1.0,758.8,758.8,0.0,0.0,758.8,758.8,0.0,11.94
2025-02-28,SHP01323,CARA,CC-102,LTL,2025-02-25,2025-02-28,210.35,45.44,10.65,history,266.44,1.0,255.79,255.79,0.0,0.0,255.79,255.79,0.0,10.65
2025-02-28,SHP01324,CARC,CC-101,LTL,2025-02-25,2025-02-28,172.49,37.26,13.78,history,223.53,1.0,209.75,209.75,0.0,0.0,209.75,209.75,0.0,13.78
2025-02-28,SHP01325,CARB,CC-104,LTL,2025-02-25,2025-02-28,391.83,84.64,12.55,history,489.02,1.0,476.47,476.47,0.0,0.0,476.47,476.47,0.0,12.55
2025-02-28,SHP01326,CARB,CC-104,LTL,2025-02-25,2025-02-28,705.27,152.34,12.55,history,870.16,1.0,857.61,857.61,0.0,0.0,857.61,857.61,0.0,12.55
2025-02-28,SHP01327,CARF,CC-101,TL,2025-02-25,2025-02-27,784.89,127.48,14.75,history,927.12,1.0,912.37,912.37,0.0,0.0,912.37,912.37,0.0,14.75
2025-02-28,SHP01330,CARH,CC-103,TL,2025-02-26,2025-02-28,1100.9,215.09,20.69,history,1336.68,1.0,1315.99,1315.99,0.0,0.0,1315.99,1315.99,0.0,20.69
2025-02-28,SHP01333,CARA,CC-104,LTL,2025-02-26,2025-02-27,638.55,137.93,10.65,history,787.13,1.0,775.09,775.09,0.0,0.0,775.09,775.09,0.0,12.04
2025-02-28,SHP01340,CARH,CC-105,TL,2025-02-26,2025-02-28,598.23,114.06,20.69,history,732.98,1.0,937.29,712.29,225.0,0.0,937.29,712.29,225.0,-204.31
2025-02-28,SHP01345,CARB,CC-104,LTL,2025-02-26,2025-02-28,223.99,48.38,12.55,history,284.92,1.0,272.37,272.37,0.0,0.0,272.37,272.37,0.0,12.55
2025-02-28,SHP01346,CARC,CC-101,LTL,2025-02-26,2025-02-27,276.25,59.67,13.78,history,349.7,1.0,335.92,335.92,0.0,0.0,335.92,335.92,0.0,13.78
2025-02-28,SHP01348,CARC,CC-104,LTL,2025-02-27,2025-02-28,112.09,24.21,13.78,history,150.08,1.0,136.3,136.3,0.0,0.0,136.3,136.3,0.0,13.78
2025-02-28,SHP01355,CARD,CC-102,LTL,2025-02-27,2025-02-28,486.31,105.04,14.06,history,605.41,1.0,591.35,591.35,0.0,0.0,591.35,591.35,0.0,14.06
2025-02-28,SHP01357,CARF,CC-104,TL,2025-02-27,2025-02-28,451.13,77.75,14.75,history,543.63,1.0,528.88,528.88,0.0,0.0,528.88,528.88,0.0,14.75
2025-02-28,SHP01366,CARB,CC-101,LTL,2025-02-27,2025-02-28,338.2,73.05,12.55,history,423.8,1.0,411.25,411.25,0.0,0.0,411.25,411.25,0.0,12.55
2025-02-28,SHP01367,CARE,CC-101,LTL,2025-02-27,2025-02-28,172.63,37.29,25.73,history,235.65,1.0,334.92,209.92,125.0,0.0,334.92,209.92,125.0,-99.27
2025-02-28,SHP01369,CARC,CC-105,LTL,2025-02-27,2025-02-28,110.0,23.76,13.78,history,147.54,1.0,228.76,133.76,95.0,0.0,228.76,133.76,95.0,-81.22
2025-03-31,SHP00139,CARE,CC-105,LTL,2025-01-06,2025-01-08,539.6,111.7,24.9,history,676.2,1.0,651.3,651.3,0.0,0.0,651.3,651.3,0.0,24.9
2025-03-31,SHP00285,CARD,CC-105,LTL,2025-01-13,2025-01-15,357.6,74.02,17.06,history,448.68,1.0,527.29,432.29,95.0,0.0,527.29,432.29,95.0,-78.61
2025-03-31,SHP00351,CARD,CC-102,LTL,2025-01-16,2025-01-19,712.04,147.39,17.06,history,876.49,1.0,859.43,859.43,0.0,0.0,859.43,859.43,0.0,17.06
2025-03-31,SHP00370,CARD,CC-103,LTL,2025-01-17,2025-01-21,927.81,192.06,17.06,history,1136.93,1.0,1119.87,1119.87,0.0,0.0,1119.87,1119.87,0.0,17.06
2025-03-31,SHP00425,CARE,CC-104,LTL,2025-01-19,2025-01-22,597.01,123.58,24.9,history,745.49,1.0,720.59,720.59,0.0,0.0,720.59,720.59,0.0,24.9
2025-03-31,SHP00548,CARB,CC-104,LTL,2025-01-25,2025-01-26,321.3,66.51,15.43,history,403.24,1.0,387.81,387.81,0.0,0.0,387.81,387.81,0.0,15.43
2025-03-31,SHP00558,CARB,CC-102,LTL,2025-01-25,2025-01-27,744.22,154.05,15.43,history,913.7,1.0,898.27,898.27,0.0,0.0,898.27,898.27,0.0,15.43
2025-03-31,SHP00774,CARB,CC-104,LTL,2025-02-04,2025-02-07,448.89,92.92,15.43,history,557.24,1.0,541.81,541.81,0.0,0.0,541.81,541.81,0.0,15.43
2025-03-31,SHP00790,CARD,CC-103,LTL,2025-02-04,2025-02-09,242.18,50.13,17.06,history,309.37,1.0,292.31,292.31,0.0,0.0,292.31,292.31,0.0,17.06
2025-03-31,SHP00839,CARG,CC-104,TL,2025-02-06,2025-02-11,5133.3,943.11,21.69,history,6098.1,1.0,6076.41,6076.41,0.0,0.0,6076.41,6076.41,0.0,21.69
2025-03-31,SHP00915,CARD,CC-103,LTL,2025-02-09,2025-02-11,365.85,75.73,17.06,history,458.64,1.0,441.58,441.58,0.0,0.0,441.58,441.58,0.0,17.06
2025-03-31,SHP00920,CARG,CC-103,TL,2025-02-09,2025-02-12,3133.35,581.13,21.69,history,3736.17,1.0,3719.87,3719.87,0.0,0.0,3719.87,3719.87,0.0,16.3
2025-03-31,SHP00928,CARB,CC-101,LTL,2025-02-10,2025-02-14,542.96,117.28,15.43,history,675.67,1.0,660.24,660.24,0.0,0.0,660.24,660.24,0.0,15.43
2025-03-31,SHP00952,CARH,CC-105,TL,2025-02-10,2025-02-11,598.23,114.49,21.28,history,734.0,1.0,712.72,712.72,0.0,0.0,712.72,712.72,0.0,21.28
2025-03-31,SHP00956,CARB,CC-104,LTL,2025-02-10,2025-02-13,304.21,65.71,15.43,history,385.35,1.0,464.92,369.92,95.0,0.0,464.92,369.92,95.0,-79.57
2025-03-31,SHP00961,CARH,CC-102,TL,2025-02-11,2025-02-14,1308.34,248.0,21.28,history,1577.62,1.0,1781.34,1556.34,225.0,225.0,1556.34,1556.34,0.0,21.28
2025-03-31,SHP00963,CARH,CC-102,TL,2025-02-11,2025-02-13,555.12,101.81,21.28,history,678.21,1.0,656.93,656.93,0.0,0.0,656.93,656.93,0.0,21.28
2025-03-31,SHP00988,CARD,CC-102,LTL,2025-02-12,2025-02-15,516.0,111.46,17.06,history,644.52,1.0,641.39,641.39,0.0,13.93,627.46,627.46,0.0,17.06
2025-03-31,SHP00992,CARD,CC-102,LTL,2025-02-12,2025-02-15,554.75,119.83,17.06,history,691.64,1.0,674.58,674.58,0.0,0.0,674.58,674.58,0.0,17.06
2025-03-31,SHP01061,CARE,CC-103,LTL,2025-02-14,2025-02-18,611.63,132.11,24.9,history,768.64,1.0,743.74,743.74,0.0,0.0,743.74,743.74,0.0,24.9
2025-03-31,SHP01068,CARA,CC-101,LTL,2025-02-15,2025-02-20,1299.79,280.75,14.94,history,1595.48,1.0,1580.54,1580.54,0.0,0.0,1580.54,1580.54,0.0,14.94
2025-03-31,SHP01076,CARH,CC-102,TL,2025-02-15,2025-02-18,1694.99,321.29,21.28,history,2037.56,1.0,2016.28,2016.28,0.0,0.0,2016.28,2016.28,0.0,21.28
2025-03-31,SHP01077,CARD,CC-104,LTL,2025-02-15,2025-02-16,124.09,26.8,17.06,history,167.95,1.0,275.94,150.94,125.0,0.0,275.94,150.94,125.0,-107.99
2025-03-31,SHP01142,CARH,CC-104,TL,2025-02-18,2025-02-20,824.0,155.6,21.28,history,1000.88,1.0,979.6,979.6,0.0,0.0,979.6,979.6,0.0,21.28
2025-03-31,SHP01143,CARD,CC-103,LTL,2025-02-18,2025-02-23,773.08,160.03,17.06,history,950.17,1.0,933.11,933.11,0.0,0.0,933.11,933.11,0.0,17.06
2025-03-31,SHP01156,CARD,CC-103,LTL,2025-02-19,2025-02-25,841.1,174.11,17.06,history,1032.27,1.0,1110.21,1015.21,95.0,0.0,1110.21,1015.21,95.0,-77.94
2025-03-31,SHP01159,CARB,CC-103,LTL,2025-02-19,2025-02-23,736.7,152.5,15.43,history,904.63,1.0,1014.2,889.2,125.0,0.0,1014.2,889.2,125.0,-109.57
2025-03-31,SHP01240,CARH,CC-102,TL,2025-02-22,2025-02-24,555.12,99.97,21.28,history,676.37,1.0,655.09,655.09,0.0,0.0,655.09,655.09,0.0,21.28
2025-03-31,SHP01241,CARE,CC-102,LTL,2025-02-22,2025-02-26,461.55,95.54,24.9,history,581.99,1.0,557.09,557.09,0.0,0.0,557.09,557.09,0.0,24.9
2025-03-31,SHP01246,CARB,CC-101,LTL,2025-02-22,2025-02-23,671.12,138.92,15.43,history,825.47,1.0,841.51,841.51,0.0,31.47,810.04,810.04,0.0,15.43
2025-03-31,SHP01248,CARD,CC-104,LTL,2025-02-22,2025-03-01,853.37,176.65,17.06,history,1047.08,1.0,1030.02,1030.02,0.0,0.0,1030.02,1030.02,0.0,17.06
2025-03-31,SHP01251,CARD,CC-102,LTL,2025-02-22,2025-02-24,354.25,73.33,17.06,history,444.64,1.0,426.63,426.63,0.0,0.0,426.63,426.63,0.0,18.01
2025-03-31,SHP01252,CARB,CC-105,LTL,2025-02-22,2025-02-27,892.1,184.66,15.43,history,1092.19,1.0,1076.76,1076.76,0.0,0.0,1076.76,1076.76,0.0,15.43
2025-03-31,SHP01253,CARB,CC-104,LTL,2025-02-22,2025-02-24,270.8,56.06,15.43,history,342.29,1.0,326.86,326.86,0.0,0.0,326.86,326.86,0.0,15.43
2025-03-31,SHP01260,CARB,CC-101,LTL,2025-02-23,2025-02-24,352.07,72.88,15.43,history,440.38,1.0,424.95,424.95,0.0,0.0,424.95,424.95,0.0,15.43
2025-03-31,SHP01263,CARE,CC-102,LTL,2025-02-23,2025-02-26,1310.5,271.27,24.9,history,1606.67,1.0,1581.77,1581.77,0.0,0.0,1581.77,1581.77,0.0,24.9
2025-03-31,SHP01286,CARG,CC-101,TL,2025-02-24,2025-02-26,621.96,112.09,21.69,history,755.74,1.0,734.05,734.05,0.0,0.0,734.05,734.05,0.0,21.69
2025-03-31,SHP01301,CARD,CC-102,LTL,2025-02-24,2025-02-26,223.91,48.36,17.06,history,289.33,1.0,272.27,272.27,0.0,0.0,272.27,272.27,0.0,17.06
2025-03-31,SHP01304,CARH,CC-104,TL,2025-02-24,2025-02-27,1536.12,297.18,21.28,history,1854.58,1.0,1833.3,1833.3,0.0,0.0,1833.3,1833.3,0.0,21.28
2025-03-31,SHP01321,CARG,CC-105,TL,2025-02-25,2025-02-27,519.2,93.14,21.69,history,634.03,1.0,612.34,612.34,0.0,0.0,612.34,612.34,0.0,21.69
2025-03-31,SHP01332,CARA,CC-105,LTL,2025-02-26,2025-03-01,426.63,92.15,14.94,history,533.72,1.0,518.78,518.78,0.0,0.0,518.78,518.78,0.0,14.94
2025-03-31,SHP01335,CARD,CC-103,LTL,2025-02-26,2025-03-04,763.68,164.95,17.06,history,945.69,1.0,928.63,928.63,0.0,0.0,928.63,928.63,0.0,17.06
2025-03-31,SHP01340,CARH,CC-105,TL,2025-02-26,2025-02-28,598.23,114.06,21.28,history,733.57,1.0,937.29,712.29,225.0,0.0,937.29,712.29,225.0,-203.72
2025-03-31,SHP01341,CARG,CC-101,TL,2025-02-26,2025-03-03,4656.96,820.51,21.69,history,5499.16,1.0,5552.47,5477.47,75.0,0.0,5552.47,5477.47,75.0,-53.31
2025-03-31,SHP01349,CARB,CC-101,LTL,2025-02-27,2025-03-02,1189.48,256.93,15.43,history,1461.84,1.0,1443.73,1443.73,0.0,0.0,1443.73,1443.73,0.0,18.11
2025-03-31,SHP01360,CARD,CC-103,LTL,2025-02-27,2025-03-02,260.3,56.22,17.06,history,333.58,2.0,633.04,633.04,0.0,316.52,316.52,316.52,0.0,17.06
2025-03-31,SHP01364,CARH,CC-102,TL,2025-02-27,2025-03-01,555.12,101.43,21.28,history,677.83,1.0,656.55,656.55,0.0,0.0,656.55,656.55,0.0,21.28
2025-03-31,SHP01376,CARD,CC-104,LTL,2025-02-27,2025-03-05,878.2,189.69,17.06,history,1084.95,1.0,1067.89,1067.89,0.0,0.0,1067.89,1067.89,0.0,17.06
2025-03-31,SHP01402,CARD,CC-105,LTL,2025-03-01,2025-03-03,534.61,115.48,17.06,history,667.15,1.0,650.09,650.09,0.0,0.0,650.09,650.09,0.0,17.06
2025-03-31,SHP01408,CARD,CC-103,LTL,2025-03-01,2025-03-05,605.75,130.84,17.06,history,753.65,1.0,737.48,737.48,0.0,0.0,737.48,737.48,0.0,16.17
2025-03-31,SHP01418,CARB,CC-102,LTL,2025-03-02,2025-03-03,561.6,121.31,15.43,history,698.34,1.0,682.91,682.91,0.0,0.0,682.91,682.91,0.0,15.43
2025-03-31,SHP01420,CARG,CC-105,TL,2025-03-02,2025-03-05,1310.4,246.27,21.69,history,1578.36,1.0,1556.67,1556.67,0.0,0.0,1556.67,1556.67,0.0,21.69
2025-03-31,SHP01421,CARB,CC-104,LTL,2025-03-02,2025-03-06,1212.61,261.92,15.43,history,1489.96,1.0,1474.53,1474.53,0.0,0.0,1474.53,1474.53,0.0,15.43
2025-03-31,SHP01423,CARC,CC-104,LTL,2025-03-02,2025-03-04,335.23,72.41,16.42,history,424.06,1.0,480.28,480.28,0.0,72.64,407.64,407.64,0.0,16.42
2025-03-31,SHP01427,CARE,CC-105,LTL,2025-03-02,2025-03-07,347.5,75.06,24.9,history,447.46,1.0,422.56,422.56,0.0,0.0,422.56,422.56,0.0,24.9
2025-03-31,SHP01434,CARC,CC-104,LTL,2025-03-02,2025-03-07,534.58,115.47,16.42,history,666.47,1.0,650.05,650.05,0.0,0.0,650.05,650.05,0.0,16.42
2025-03-31,SHP01447,CARC,CC-102,LTL,2025-03-03,2025-03-09,769.82,166.28,16.42,history,952.52,1.0,936.1,936.1,0.0,0.0,936.1,936.1,0.0,16.42
2025-03-31,SHP01452,CARE,CC-103,LTL,2025-03-03,2025-03-07,343.58,74.21,24.9,history,442.69,1.0,417.79,417.79,0.0,0.0,417.79,417.79,0.0,24.9
2025-03-31,SHP01455,CARH,CC-102,TL,2025-03-03,2025-03-06,1308.34,247.37,21.28,history,1576.99,1.0,1555.71,1555.71,0.0,0.0,1555.71,1555.71,0.0,21.28
2025-03-31,SHP01459,CARA,CC-103,LTL,2025-03-03,2025-03-09,1310.4,283.05,14.94,history,1608.39,1.0,1593.45,1593.45,0.0,0.0,1593.45,1593.45,0.0,14.94
2025-03-31,SHP01463,CARB,CC-101,LTL,2025-03-04,2025-03-06,338.54,73.12,15.43,history,427.09,1.0,411.66,411.66,0.0,0.0,411.66,411.66,0.0,15.43
2025-03-31,SHP01472,CARD,CC-103,LTL,2025-03-04,2025-03-10,1155.0,249.48,17.06,history,1421.54,1.0,1404.48,1404.48,0.0,0.0,1404.48,1404.48,0.0,17.06
2025-03-31,SHP01479,CARB,CC-101,LTL,2025-03-04,2025-03-10,2819.33,608.98,15.43,history,3443.74,1.0,3553.31,3428.31,125.0,0.0,3553.31,3428.31,125.0,-109.57
2025-03-31,SHP01482,CARE,CC-101,LTL,2025-03-04,2025-03-08,1260.83,272.34,24.9,history,1558.07,1.0,1533.17,1533.17,0.0,0.0,1533.17,1533.17,0.0,24.9
2025-03-31,SHP01483,CARC,CC-102,LTL,2025-03-04,2025-03-07,154.55,33.38,16.42,history,204.35,1.0,282.93,187.93,95.0,0.0,282.93,187.93,95.0,-78.58
2025-03-31,SHP01487,CARD,CC-105,LTL,2025-03-04,2025-03-07,353.1,76.27,17.06,history,446.43,1.0,429.37,429.37,0.0,0.0,429.37,429.37,0.0,17.06
2025-03-31,SHP01489,CARF,CC-105,TL,2025-03-04,2025-03-07,1866.76,312.58,11.4,history,2190.74,1.0,2179.34,2179.34,0.0,0.0,2179.34,2179.34,0.0,11.4
2025-03-31,SHP01492,CARG,CC-104,TL,2025-03-04,2025-03-05,1087.75,187.7,21.69,history,1297.14,1.0,1275.45,1275.45,0.0,0.0,1275.45,1275.45,0.0,21.69
2025-03-31,SHP01495,CARD,CC-101,LTL,2025-03-04,2025-03-08,1026.51,221.73,17.06,history,1265.3,1.0,1343.24,1248.24,95.0,0.0,1343.24,1248.24,95.0,-77.94
2025-03-31,SHP01509,CARB,CC-104,LTL,2025-03-05,2025-03-11,590.7,127.59,15.43,history,733.72,1.0,718.29,718.29,0.0,0.0,718.29,718.29,0.0,15.43
2025-03-31,SHP01518,CARE,CC-104,LTL,2025-03-05,2025-03-07,258.76,55.89,24.9,history,339.55,1.0,409.65,314.65,95.0,0.0,409.65,314.65,95.0,-70.1
2025-03-31,SHP01520,CARB,CC-101,LTL,2025-03-05,2025-03-08,330.5,71.39,15.43,history,417.32,2.0,1053.78,803.78,250.0,526.89,526.89,401.89,125.0,-109.57
2025-03-31,SHP01525,CARB,CC-101,LTL,2025-03-06,2025-03-07,538.41,116.3,15.43,history,670.14,1.0,654.71,654.71,0.0,0.0,654.71,654.71,0.0,15.43
2025-03-31,SHP01527,CARG,CC-104,TL,2025-03-06,2025-03-09,1750.17,304.67,21.69,history,2076.53,1.0,2054.84,2054.84,0.0,0.0,2054.84,2054.84,0.0,21.69
2025-03-31,SHP01528,CARB,CC-101,LTL,2025-03-06,2025-03-08,198.9,42.96,15.43,history,257.29,1.0,241.86,241.86,0.0,0.0,241.86,241.86,0.0,15.43
2025-03-31,SHP01529,CARH,CC-103,TL,2025-03-06,2025-03-10,3114.0,615.27,21.28,history,3750.55,1.0,3729.27,3729.27,0.0,0.0,3729.27,3729.27,0.0,21.28
2025-03-31,SHP01530,CARG,CC-103,TL,2025-03-06,2025-03-09,2972.59,526.76,21.69,history,3521.04,1.0,3548.22,3548.22,0.0,48.87,3499.35,3499.35,0.0,21.69
2025-03-31,SHP01531,CARB,CC-103,LTL,2025-03-06,2025-03-10,1128.31,243.71,15.43,history,1387.45,1.0,1372.02,1372.02,0.0,0.0,1372.02,1372.02,0.0,15.43
2025-03-31,SHP01532,CARG,CC-103,TL,2025-03-06,2025-03-10,2361.68,440.22,21.69,history,2823.59,1.0,2801.9,2801.9,0.0,0.0,2801.9,2801.9,0.0,21.69
2025-03-31,SHP01535,CARH,CC-104,TL,2025-03-06,2025-03-08,1536.12,297.56,21.28,history,1854.96,1.0,1833.68,1833.68,0.0,0.0,1833.68,1833.68,0.0,21.28
2025-03-31,SHP01538,CARE,CC-102,LTL,2025-03-06,2025-03-11,269.94,58.31,24.9,history,353.15,1.0,328.25,328.25,0.0,0.0,328.25,328.25,0.0,24.9
2025-03-31,SHP01540,CARD,CC-103,LTL,2025-03-06,2025-03-09,362.72,78.35,17.06,history,458.13,1.0,566.02,441.02,125.0,0.0,566.02,441.02,125.0,-107.89
2025-03-31,SHP01543,CARB,CC-101,LTL,2025-03-06,2025-03-10,578.74,125.01,15.43,history,719.18,1.0,703.63,703.63,0.0,0.0,703.63,703.63,0.0,15.55
2025-03-31,SHP01550,CARD,CC-102,LTL,2025-03-06,2025-03-08,110.0,23.76,17.06,history,150.82,1.0,228.76,133.76,95.0,0.0,228.76,133.76,95.0,-77.94
2025-03-31,SHP01552,CARB,CC-102,LTL,2025-03-07,2025-03-09,686.8,148.35,15.43,history,850.58,1.0,835.15,835.15,0.0,0.0,835.15,835.15,0.0,15.43
2025-03-31,SHP01555,CARH,CC-102,TL,2025-03-07,2025-03-11,3850.12,753.19,21.28,history,4624.59,1.0,4603.31,4603.31,0.0,0.0,4603.31,4603.31,0.0,21.28
2025-03-31,SHP01556,CARH,CC-103,TL,2025-03-07,2025-03-11,3114.0,615.27,21.28,history,3750.55,1.0,3953.57,3728.57,225.0,225.0,3728.57,3728.57,0.0,21.98
2025-03-31,SHP01561,CARA,CC-102,LTL,2025-03-07,2025-03-10,473.12,102.19,14.94,history,590.25,1.0,575.31,575.31,0.0,0.0,575.31,575.31,0.0,14.94
2025-03-31,SHP01562,CARB,CC-102,LTL,2025-03-07,2025-03-09,110.0,23.76,15.43,history,149.19,1.0,133.76,133.76,0.0,0.0,133.76,133.76,0.0,15.43
2025-03-31,SHP01569,CARD,CC-103,LTL,2025-03-07,2025-03-10,914.0,197.42,17.06,history,1128.48,1.0,1130.83,1130.83,0.0,0.0,1130.83,1130.83,0.0,-2.35
2025-03-31,SHP01575,CARD,CC-103,LTL,2025-03-07,2025-03-11,432.76,93.48,17.06,history,543.3,1.0,526.24,526.24,0.0,0.0,526.24,526.24,0.0,17.06
2025-03-31,SHP01578,CARB,CC-104,LTL,2025-03-07,2025-03-13,395.4,85.41,15.43,history,496.24,1.0,480.81,480.81,0.0,0.0,480.81,480.81,0.0,15.43
2025-03-31,SHP01580,CARB,CC-101,LTL,2025-03-07,2025-03-12,3042.0,657.07,15.43,history,3714.5,1.0,3699.07,3699.07,0.0,0.0,3699.07,3699.07,0.0,15.43
2025-03-31,SHP01583,CARD,CC-105,LTL,2025-03-07,2025-03-08,135.69,29.31,17.06,history,182.06,1.0,165.0,165.0,0.0,0.0,165.0,165.0,0.0,17.06
2025-03-31,SHP01584,CARD,CC-104,LTL,2025-03-07,2025-03-10,277.1,59.85,17.06,history,354.01,1.0,461.75,336.75,125.0,125.0,336.75,336.75,0.0,17.26
2025-03-31,SHP01587,CARH,CC-104,TL,2025-03-07,2025-03-08,824.0,158.07,21.28,history,1003.35,1.0,982.07,982.07,0.0,0.0,982.07,982.07,0.0,21.28
2025-03-31,SHP01589,CARG,CC-102,TL,2025-03-07,2025-03-09,825.6,151.74,21.69,history,999.03,2.0,1954.68,1954.68,0.0,977.34,977.34,977.34,0.0,21.69
2025-03-31,SHP01597,CARD,CC-103,LTL,2025-03-08,2025-03-12,688.97,148.82,17.06,history,854.85,1.0,837.79,837.79,0.0,0.0,837.79,837.79,0.0,17.06
2025-03-31,SHP01602,CARE,CC-103,LTL,2025-03-08,2025-03-11,1122.7,242.5,24.9,history,1390.1,1.0,1365.2,1365.2,0.0,0.0,1365.2,1365.2,0.0,24.9
2025-03-31,SHP01605,CARD,CC-101,LTL,2025-03-08,2025-03-12,566.08,122.27,17.06,history,705.41,1.0,688.35,688.35,0.0,0.0,688.35,688.35,0.0,17.06
2025-03-31,SHP01606,CARC,CC-101,LTL,2025-03-08,2025-03-12,1262.98,272.8,16.42,history,1552.2,1.0,1535.78,1535.78,0.0,0.0,1535.78,1535.78,0.0,16.42
2025-03-31,SHP01614,CARF,CC-102,TL,2025-03-09,2025-03-12,2408.9,430.73,11.4,history,2851.03,1.0,2839.63,2839.63,0.0,0.0,2839.63,2839.63,0.0,11.4
2025-03-31,SHP01618,CARB,CC-101,LTL,2025-03-09,2025-03-11,249.22,53.83,15.43,history,318.48,1.0,303.05,303.05,0.0,0.0,303.05,303.05,0.0,15.43
2025-03-31,SHP01621,CARG,CC-104,TL,2025-03-09,2025-03-12,1750.17,304.67,21.69,history,2076.53,1.0,2054.84,2054.84,0.0,0.0,2054.84,2054.84,0.0,21.69
2025-03-31,SHP01624,CARC,CC-102,LTL,2025-03-09,2025-03-13,265.5,57.35,16.42,history,339.27,1.0,417.85,322.85,95.0,0.0,417.85,322.85,95.0,-78.58
2025-03-31,SHP01626,CARG,CC-102,TL,2025-03-09,2025-03-12,1875.43,332.34,21.69,history,2229.46,1.0,2207.77,2207.77,0.0,0.0,2207.77,2207.77,0.0,21.69
2025-03-31,SHP01631,CARD,CC-102,LTL,2025-03-09,2025-03-11,275.6,59.53,17.06,history,352.19,1.0,335.13,335.13,0.0,0.0,335.13,335.13,0.0,17.06
2025-03-31,SHP01632,CARE,CC-101,LTL,2025-03-09,2025-03-13,849.6,183.51,24.9,history,1058.01,1.0,1158.11,1033.11,125.0,125.0,1033.11,1033.11,0.0,24.9
2025-03-31,SHP01642,CARH,CC-101,TL,2025-03-10,2025-03-14,3623.36,664.28,21.28,history,4308.92,1.0,4294.2,4294.2,0.0,0.0,4294.2,4294.2,0.0,14.72
2025-03-31,SHP01643,CARA,CC-103,LTL,2025-03-10,2025-03-15,757.02,156.7,14.94,history,928.66,1.0,913.72,913.72,0.0,0.0,913.72,913.72,0.0,14.94
2025-03-31,SHP01646,CARD,CC-103,LTL,2025-03-10,2025-03-13,896.0,185.47,17.06,history,1098.53,1.0,1081.47,1081.47,0.0,0.0,1081.47,1081.47,0.0,17.06
2025-03-31,SHP01651,CARB,CC-104,LTL,2025-03-10,2025-03-13,420.51,87.05,15.43,history,522.99,1.0,507.56,507.56,0.0,0.0,507.56,507.56,0.0,15.43
2025-03-31,SHP01653,CARE,CC-103,LTL,2025-03-10,2025-03-13,244.68,50.65,24.9,history,320.23,1.0,296.17,296.17,0.0,0.0,296.17,296.17,0.0,24.06
2025-03-31,SHP01654,CARE,CC-104,LTL,2025-03-10,2025-03-12,110.0,22.77,24.9,history,157.67,1.0,132.77,132.77,0.0,0.0,132.77,132.77,0.0,24.9
2025-03-31,SHP01655,CARD,CC-105,LTL,2025-03-10,2025-03-12,697.66,144.42,17.06,history,859.14,1.0,842.08,842.08,0.0,0.0,842.08,842.08,0.0,17.06
2025-03-31,SHP01656,CARB,CC-102,LTL,2025-03-11,2025-03-13,1182.42,244.76,15.43,history,1442.61,1.0,1427.18,1427.18,0.0,0.0,1427.18,1427.18,0.0,15.43
2025-03-31,SHP01659,CARC,CC-103,LTL,2025-03-11,2025-03-13,738.72,152.92,16.42,history,908.06,1.0,891.64,891.64,0.0,0.0,891.64,891.64,0.0,16.42
2025-03-31,SHP01661,CARD,CC-103,LTL,2025-03-11,2025-03-15,741.02,153.39,17.06,history,911.47,1.0,894.41,894.41,0.0,0.0,894.41,894.41,0.0,17.06
2025-03-31,SHP01664,CARA,CC-101,LTL,2025-03-11,2025-03-16,427.85,88.56,14.94,history,531.35,1.0,516.41,516.41,0.0,0.0,516.41,516.41,0.0,14.94
2025-03-31,SHP01666,CARD,CC-103,LTL,2025-03-11,2025-03-15,400.63,82.93,17.06,history,500.62,1.0,578.56,483.56,95.0,0.0,578.56,483.56,95.0,-77.94
2025-03-31,SHP01667,CARC,CC-104,LTL,2025-03-11,2025-03-14,276.65,57.27,16.42,history,350.34,1.0,333.92,333.92,0.0,0.0,333.92,333.92,0.0,16.42
2025-03-31,SHP01670,CARD,CC-102,LTL,2025-03-11,2025-03-14,707.09,146.37,17.06,history,870.52,1.0,853.46,853.46,0.0,0.0,853.46,853.46,0.0,17.06
2025-03-31,SHP01671,CARA,CC-104,LTL,2025-03-11,2025-03-17,722.72,149.6,14.94,history,887.26,1.0,967.32,872.32,95.0,95.0,872.32,872.32,0.0,14.94
2025-03-31,SHP01673,CARA,CC-101,LTL,2025-03-11,2025-03-15,246.38,51.0,14.94,history,312.32,1.0,300.65,300.65,0.0,0.0,300.65,300.65,0.0,11.67
2025-03-31,SHP01677,CARD,CC-103,LTL,2025-03-12,2025-03-16,533.95,110.53,17.06,history,661.54,1.0,644.48,644.48,0.0,0.0,644.48,644.48,0.0,17.06
2025-03-31,SHP01684,CARC,CC-103,LTL,2025-03-12,2025-03-14,552.05,114.27,16.42,history,682.74,1.0,791.32,666.32,125.0,0.0,791.32,666.32,125.0,-108.58
2025-03-31,SHP01686,CARB,CC-104,LTL,2025-03-12,2025-03-18,1657.6,343.12,15.43,history,2016.15,1.0,2126.49,2001.49,125.0,0.0,2126.49,2001.49,125.0,-110.34
2025-03-31,SHP01688,CARE,CC-104,LTL,2025-03-12,2025-03-15,248.92,51.53,24.9,history,325.35,1.0,300.22,300.22,0.0,0.0,300.22,300.22,0.0,25.13
2025-03-31,SHP01689,CARG,CC-104,TL,2025-03-12,2025-03-14,1087.75,181.13,21.69,history,1290.57,1.0,1268.88,1268.88,0.0,0.0,1268.88,1268.88,0.0,21.69
2025-03-31,SHP01691,CARH,CC-104,TL,2025-03-12,2025-03-14,450.0,77.03,21.28,history,548.31,1.0,527.03,527.03,0.0,0.0,527.03,527.03,0.0,21.28
2025-03-31,SHP01693,CARA,CC-103,LTL,2025-03-12,2025-03-17,649.8,134.51,14.94,history,799.25,1.0,784.31,784.31,0.0,0.0,784.31,784.31,0.0,14.94
2025-03-31,SHP01701,CARD,CC-103,LTL,2025-03-12,2025-03-17,1228.2,254.24,17.06,history,1499.5,1.0,1482.44,1482.44,0.0,0.0,1482.44,1482.44,0.0,17.06
2025-03-31,SHP01703,CARA,CC-101,LTL,2025-03-12,2025-03-14,110.0,22.77,14.94,history,147.71,1.0,132.77,132.77,0.0,0.0,132.77,132.77,0.0,14.94
2025-03-31,SHP01704,CARD,CC-104,LTL,2025-03-12,2025-03-18,1493.0,309.05,17.06,history,1819.11,1.0,1927.05,1802.05,125.0,0.0,1927.05,1802.05,125.0,-107.94
2025-03-31,SHP01705,CARD,CC-102,LTL,2025-03-12,2025-03-14,454.49,94.08,17.06,history,565.63,1.0,548.57,548.57,0.0,0.0,548.57,548.57,0.0,17.06
2025-03-31,SHP01709,CARD,CC-101,LTL,2025-03-12,2025-03-14,651.5,134.86,17.06,history,803.42,1.0,786.36,786.36,0.0,0.0,786.36,786.36,0.0,17.06
2025-03-31,SHP01710,CARB,CC-104,LTL,2025-03-12,2025-03-14,110.0,22.77,15.43,history,148.2,1.0,132.77,132.77,0.0,0.0,132.77,132.77,0.0,15.43
2025-03-31,SHP01712,CARD,CC-104,LTL,2025-03-13,2025-03-14,110.0,22.77,17.06,history,149.83,1.0,132.77,132.77,0.0,0.0,132.77,132.77,0.0,17.06
2025-03-31,SHP01713,CARD,CC-104,LTL,2025-03-13,2025-03-16,304.26,62.98,17.06,history,384.3,1.0,367.24,367.24,0.0,0.0,367.24,367.24,0.0,17.06
2025-03-31,SHP01716,CARG,CC-101,TL,2025-03-13,2025-03-18,4656.96,792.79,21.69,history,5471.44,1.0,5449.75,5449.75,0.0,0.0,5449.75,5449.75,0.0,21.69
2025-03-31,SHP01717,CARD,CC-103,LTL,2025-03-13,2025-03-17,896.0,185.47,17.06,history,1098.53,1.0,1081.47,1081.47,0.0,0.0,1081.47,1081.47,0.0,17.06
2025-03-31,SHP01720,CARD,CC-105,LTL,2025-03-13,2025-03-16,486.42,100.69,17.06,history,604.17,1.0,587.11,587.11,0.0,0.0,587.11,587.11,0.0,17.06
2025-03-31,SHP01722,CARA,CC-105,LTL,2025-03-13,2025-03-15,233.06,48.24,14.94,history,296.24,1.0,281.3,281.3,0.0,0.0,281.3,281.3,0.0,14.94
2025-03-31,SHP01723,CARF,CC-103,TL,2025-03-13,2025-03-17,2781.68,457.22,11.4,history,3250.3,1.0,3238.9,3238.9,0.0,0.0,3238.9,3238.9,0.0,11.4
2025-03-31,SHP01724,CARA,CC-105,LTL,2025-03-13,2025-03-19,4826.14,999.01,14.94,history,5840.09,1.0,6449.46,6449.46,0.0,624.31,5825.15,5825.15,0.0,14.94
2025-03-31,SHP01728,CARB,CC-102,LTL,2025-03-13,2025-03-18,907.01,187.75,15.43,history,1110.19,1.0,1094.76,1094.76,0.0,0.0,1094.76,1094.76,0.0,15.43
2025-03-31,SHP01732,CARD,CC-102,LTL,2025-03-13,2025-03-17,785.0,162.5,17.06,history,964.56,1.0,1042.5,947.5,95.0,0.0,1042.5,947.5,95.0,-77.94
2025-03-31,SHP01737,CARB,CC-102,LTL,2025-03-14,2025-03-17,677.8,140.3,15.43,history,833.53,1.0,818.1,818.1,0.0,0.0,818.1,818.1,0.0,15.43
2025-03-31,SHP01739,CARE,CC-101,LTL,2025-03-14,2025-03-16,182.62,37.8,24.9,history,245.32,1.0,220.42,220.42,0.0,0.0,220.42,220.42,0.0,24.9
2025-03-31,SHP01742,CARB,CC-102,LTL,2025-03-14,2025-03-16,310.86,64.35,15.43,history,390.64,1.0,375.21,375.21,0.0,0.0,375.21,375.21,0.0,15.43
2025-03-31,SHP01745,CARB,CC-101,LTL,2025-03-14,2025-03-18,668.27,138.33,15.43,history,822.03,1.0,806.6,806.6,0.0,0.0,806.6,806.6,0.0,15.43
2025-03-31,SHP01746,CARH,CC-102,TL,2025-03-14,2025-03-16,555.12,98.0,21.28,history,674.4,1.0,653.12,653.12,0.0,0.0,653.12,653.12,0.0,21.28
2025-03-31,SHP01747,CARG,CC-103,TL,2025-03-14,2025-03-17,2361.68,424.81,21.69,history,2808.18,1.0,2786.49,2786.49,0.0,0.0,2786.49,2786.49,0.0,21.69
2025-03-31,SHP01748,CARH,CC-104,TL,2025-03-14,2025-03-17,1536.12,287.14,21.28,history,1844.54,1.0,1823.26,1823.26,0.0,0.0,1823.26,1823.26,0.0,21.28
2025-03-31,SHP01753,CARB,CC-102,LTL,2025-03-14,2025-03-18,1071.11,221.72,15.43,history,1308.26,1.0,1450.81,1355.81,95.0,62.98,1387.83,1292.83,95.0,-79.57
2025-03-31,SHP01755,CARG,CC-104,TL,2025-03-14,2025-03-20,5133.3,919.01,21.69,history,6074.0,1.0,6052.31,6052.31,0.0,0.0,6052.31,6052.31,0.0,21.69
2025-03-31,SHP01762,CARC,CC-102,LTL,2025-03-14,2025-03-18,452.94,93.76,16.42,history,563.12,1.0,546.53,546.53,0.0,0.0,546.53,546.53,0.0,16.59
2025-03-31,SHP01764,CARB,CC-101,LTL,2025-03-14,2025-03-17,2613.0,540.89,15.43,history,3169.32,1.0,3248.89,3153.89,95.0,0.0,3248.89,3153.89,95.0,-79.57
2025-03-31,SHP01768,CARD,CC-103,LTL,2025-03-15,2025-03-19,172.87,35.78,17.06,history,225.71,1.0,208.65,208.65,0.0,0.0,208.65,208.65,0.0,17.06
2025-03-31,SHP01769,CARD,CC-102,LTL,2025-03-15,2025-03-18,657.36,136.07,17.06,history,810.49,1.0,793.43,793.43,0.0,0.0,793.43,793.43,0.0,17.06
2025-03-31,SHP01770,CARA,CC-103,LTL,2025-03-15,2025-03-18,3039.75,629.23,14.94,history,3683.92,1.0,3668.98,3668.98,0.0,0.0,3668.98,3668.98,0.0,14.94
2025-03-31,SHP01772,CARD,CC-105,LTL,2025-03-15,2025-03-17,1277.15,264.37,17.06,history,1558.58,1.0,1541.52,1541.52,0.0,0.0,1541.52,1541.52,0.0,17.06
2025-03-31,SHP01773,CARD,CC-102,LTL,2025-03-15,2025-03-18,932.55,193.04,17.06,history,1142.65,1.0,1127.68,1127.68,0.0,0.0,1127.68,1127.68,0.0,14.97
2025-03-31,SHP01774,CARE,CC-103,LTL,2025-03-15,2025-03-19,306.01,63.34,24.9,history,394.25,1.0,369.35,369.35,0.0,0.0,369.35,369.35,0.0,24.9
2025-03-31,SHP01775,CARG,CC-101,TL,2025-03-15,2025-03-17,621.96,108.3,21.69,history,751.95,1.0,730.26,730.26,0.0,0.0,730.26,730.26,0.0,21.69
2025-03-31,SHP01776,CARG,CC-104,TL,2025-03-15,2025-03-16,1087.75,181.13,21.69,history,1290.57,1.0,1268.88,1268.88,0.0,0.0,1268.88,1268.88,0.0,21.69
2025-03-31,SHP01777,CARB,CC-102,LTL,2025-03-15,2025-03-18,445.16,92.15,15.43,history,552.74,1.0,537.31,537.31,0.0,0.0,537.31,537.31,0.0,15.43
2025-03-31,SHP01779,CARA,CC-105,LTL,2025-03-15,2025-03-19,1266.91,262.25,14.94,history,1544.1,1.0,1624.16,1529.16,95.0,0.0,1624.16,1529.16,95.0,-80.06
2025-03-31,SHP01781,CARE,CC-105,LTL,2025-03-15,2025-03-19,1032.54,213.74,24.9,history,1271.18,1.0,1341.28,1246.28,95.0,0.0,1341.28,1246.28,95.0,-70.1
2025-03-31,SHP01782,CARE,CC-103,LTL,2025-03-15,2025-03-18,420.09,86.96,24.9,history,531.95,1.0,507.05,507.05,0.0,0.0,507.05,507.05,0.0,24.9
2025-03-31,SHP01784,CARF,CC-104,TL,2025-03-15,2025-03-16,451.13,75.12,11.4,history,537.65,1.0,526.25,526.25,0.0,0.0,526.25,526.25,0.0,11.4
2025-03-31,SHP01791,CARD,CC-101,LTL,2025-03-15,2025-03-18,460.6,95.34,17.06,history,573.0,1.0,555.94,555.94,0.0,0.0,555.94,555.94,0.0,17.06
2025-03-31,SHP01793,CARD,CC-101,LTL,2025-03-15,2025-03-17,193.2,39.99,17.06,history,250.25,1.0,233.19,233.19,0.0,0.0,233.19,233.19,0.0,17.06
2025-03-31,SHP01794,CARG,CC-102,TL,2025-03-15,2025-03-17,1620.42,273.42,21.69,history,1915.53,1.0,1901.01,1901.01,0.0,7.17,1893.84,1893.84,0.0,21.69
2025-03-31,SHP01796,CARB,CC-104,LTL,2025-03-15,2025-03-16,204.22,42.27,15.43,history,261.92,1.0,246.49,246.49,0.0,0.0,246.49,246.49,0.0,15.43
2025-03-31,SHP01797,CARD,CC-103,LTL,2025-03-15,2025-03-18,195.6,40.49,17.06,history,253.15,1.0,330.17,235.17,95.0,0.0,330.17,235.17,95.0,-77.02
2025-03-31,SHP01798,CARB,CC-104,LTL,2025-03-15,2025-03-20,1776.81,367.8,15.43,history,2160.04,1.0,2381.81,2381.81,0.0,0.0,2381.81,2381.81,0.0,-221.77
2025-03-31,SHP01799,CARD,CC-101,LTL,2025-03-16,2025-03-20,222.6,46.08,17.06,history,285.74,1.0,268.68,268.68,0.0,0.0,268.68,268.68,0.0,17.06
2025-03-31,SHP01800,CARB,CC-101,LTL,2025-03-16,2025-03-20,1041.15,215.52,15.43,history,1272.1,1.0,1256.67,1256.67,0.0,0.0,1256.67,1256.67,0.0,15.43
2025-03-31,SHP01801,CARF,CC-104,TL,2025-03-16,2025-03-21,4710.56,761.14,11.4,history,5483.1,1.0,5471.7,5471.7,0.0,0.0,5471.7,5471.7,0.0,11.4
2025-03-31,SHP01803,CARG,CC-105,TL,2025-03-16,2025-03-18,1225.91,221.55,21.69,history,1469.15,1.0,1573.46,1573.46,0.0,126.0,1447.46,1447.46,0.0,21.69
2025-03-31,SHP01804,CARE,CC-101,LTL,2025-03-16,2025-03-17,174.28,36.08,24.9,history,235.26,1.0,305.36,210.36,95.0,0.0,305.36,210.36,95.0,-70.1
2025-03-31,SHP01806,CARE,CC-101,LTL,2025-03-16,2025-03-21,469.78,97.24,24.9,history,591.92,1.0,567.02,567.02,0.0,0.0,567.02,567.02,0.0,24.9
2025-03-31,SHP01807,CARE,CC-102,LTL,2025-03-16,2025-03-19,319.4,66.12,24.9,history,410.42,1.0,385.43,385.43,0.0,0.0,385.43,385.43,0.0,24.99
2025-03-31,SHP01808,CARA,CC-101,LTL,2025-03-16,2025-03-20,701.67,145.25,14.94,history,861.86,1.0,971.92,846.92,125.0,0.0,971.92,846.92,125.0,-110.06
2025-03-31,SHP01809,CARC,CC-102,LTL,2025-03-16,2025-03-19,604.2,125.07,16.42,history,745.69,1.0,729.27,729.27,0.0,0.0,729.27,729.27,0.0,16.42
2025-03-31,SHP01811,CARA,CC-103,LTL,2025-03-16,2025-03-22,503.05,104.13,14.94,history,622.12,1.0,607.18,607.18,0.0,0.0,607.18,607.18,0.0,14.94
2025-03-31,SHP01812,CARD,CC-101,LTL,2025-03-16,2025-03-19,881.27,182.42,17.06,history,1080.75,1.0,1159.93,1064.93,95.0,0.0,1159.93,1064.93,95.0,-79.18
2025-03-31,SHP01815,CARC,CC-103,LTL,2025-03-16,2025-03-20,441.01,91.29,16.42,history,548.72,1.0,532.96,532.96,0.0,0.0,532.96,532.96,0.0,15.76
2025-03-31,SHP01816,CARD,CC-101,LTL,2025-03-16,2025-03-19,360.73,74.67,17.06,history,452.46,1.0,435.4,435.4,0.0,0.0,435.4,435.4,0.0,17.06
2025-03-31,SHP01820,CARE,CC-105,LTL,2025-03-16,2025-03-18,316.54,65.52,24.9,history,406.96,1.0,382.06,382.06,0.0,0.0,382.06,382.06,0.0,24.9
2025-03-31,SHP01821,CARB,CC-102,LTL,2025-03-16,2025-03-18,487.0,100.81,15.43,history,603.24,1.0,587.81,587.81,0.0,0.0,587.81,587.81,0.0,15.43
2025-03-31,SHP01822,CARC,CC-101,LTL,2025-03-17,2025-03-22,275.24,56.97,16.42,history,348.63,1.0,378.17,378.17,0.0,45.95,332.22,332.22,0.0,16.41
2025-03-31,SHP01823,CARB,CC-101,LTL,2025-03-17,2025-03-19,144.07,29.82,15.43,history,189.32,1.0,173.89,173.89,0.0,0.0,173.89,173.89,0.0,15.43
2025-03-31,SHP01824,CARB,CC-101,LTL,2025-03-17,2025-03-22,485.9,100.58,15.43,history,601.91,1.0,681.48,586.48,95.0,0.0,681.48,586.48,95.0,-79.57
2025-03-31,SHP01825,CARD,CC-103,LTL,2025-03-17,2025-03-20,2390.62,494.86,17.06,history,2902.54,1.0,2980.48,2885.48,95.0,0.0,2980.48,2885.48,95.0,-77.94
2025-03-31,SHP01826,CARG,CC-101,TL,2025-03-17,2025-03-19,450.0,77.48,21.69,history,549.17,1.0,527.48,527.48,0.0,0.0,527.48,527.48,0.0,21.69
2025-03-31,SHP01828,CARE,CC-103,LTL,2025-03-17,2025-03-20,753.59,155.99,24.9,history,934.48,1.0,909.58,909.58,0.0,0.0,909.58,909.58,0.0,24.9
2025-03-31,SHP01829,CARG,CC-102,TL,2025-03-17,2025-03-19,1875.43,329.11,21.69,history,2226.23,1.0,2204.54,2204.54,0.0,0.0,2204.54,2204.54,0.0,21.69
2025-03-31,SHP01830,CARA,CC-103,LTL,2025-03-17,2025-03-19,640.38,132.56,14.94,history,787.88,1.0,772.94,772.94,0.0,0.0,772.94,772.94,0.0,14.94
2025-03-31,SHP01831,CARB,CC-102,LTL,2025-03-17,2025-03-21,1111.05,229.99,15.43,history,1356.47,1.0,1341.04,1341.04,0.0,0.0,1341.04,1341.04,0.0,15.43
2025-03-31,SHP01832,CARC,CC-102,LTL,2025-03-17,2025-03-22,623.19,129.0,16.42,history,768.61,1.0,752.19,752.19,0.0,0.0,752.19,752.19,0.0,16.42
2025-03-31,SHP01833,CARF,CC-104,TL,2025-03-17,2025-03-21,2815.48,466.86,11.4,history,3293.74,1.0,3282.34,3282.34,0.0,0.0,3282.34,3282.34,0.0,11.4
2025-03-31,SHP01835,CARG,CC-105,TL,2025-03-17,2025-03-18,519.2,92.35,21.69,history,633.24,1.0,611.55,611.55,0.0,0.0,611.55,611.55,0.0,21.69
2025-03-31,SHP01836,CARB,CC-104,LTL,2025-03-17,2025-03-23,1657.6,343.12,15.43,history,2016.15,1.0,2000.72,2000.72,0.0,0.0,2000.72,2000.72,0.0,15.43
2025-03-31,SHP01837,CARH,CC-103,TL,2025-03-17,2025-03-20,3114.0,609.31,21.28,history,3744.59,1.0,3723.31,3723.31,0.0,0.0,3723.31,3723.31,0.0,21.28
2025-03-31,SHP01838,CARH,CC-103,TL,2025-03-17,2025-03-22,3699.41,727.49,21.28,history,4448.18,1.0,4426.9,4426.9,0.0,0.0,4426.9,4426.9,0.0,21.28
2025-03-31,SHP01839,CARF,CC-102,TL,2025-03-17,2025-03-19,1763.58,312.28,11.4,history,2087.26,1.0,2075.86,2075.86,0.0,0.0,2075.86,2075.86,0.0,11.4
2025-03-31,SHP01840,CARD,CC-103,LTL,2025-03-17,2025-03-21,566.26,117.22,17.06,history,700.54,1.0,683.48,683.48,0.0,0.0,683.48,683.48,0.0,17.06
2025-03-31,SHP01841,CARE,CC-104,LTL,2025-03-17,2025-03-19,515.02,106.61,24.9,history,646.53,1.0,621.63,621.63,0.0,0.0,621.63,621.63,0.0,24.9
2025-03-31,SHP01842,CARA,CC-103,LTL,2025-03-17,2025-03-23,503.05,104.13,14.94,history,622.12,1.0,608.68,608.68,0.0,0.0,608.68,608.68,0.0,13.44
2025-03-31,SHP01844,CARB,CC-104,LTL,2025-03-17,2025-03-19,267.24,55.32,15.43,history,337.99,1.0,322.56,322.56,0.0,0.0,322.56,322.56,0.0,15.43
2025-03-31,SHP01845,CARA,CC-103,LTL,2025-03-17,2025-03-23,770.8,159.56,14.94,history,945.3,1.0,930.36,930.36,0.0,0.0,930.36,930.36,0.0,14.94
2025-03-31,SHP01846,CARB,CC-101,LTL,2025-03-17,2025-03-23,1129.77,233.86,15.43,history,1379.06,1.0,1458.63,1363.63,95.0,0.0,1458.63,1363.63,95.0,-79.57
2025-03-31,SHP01847,CARD,CC-102,LTL,2025-03-18,2025-03-21,835.53,172.95,17.06,history,1025.54,1.0,1008.48,1008.48,0.0,0.0,1008.48,1008.48,0.0,17.06
2025-03-31,SHP01850,CARH,CC-102,TL,2025-03-18,2025-03-21,1308.34,244.97,21.28,history,1574.59,1.0,1553.31,1553.31,0.0,0.0,1553.31,1553.31,0.0,21.28
2025-03-31,SHP01852,CARE,CC-105,LTL,2025-03-18,2025-03-20,453.9,93.96,24.9,history,572.76,2.0,1094.28,1094.28,0.0,547.14,547.14,547.14,0.0,25.62
2025-03-31,SHP01853,CARD,CC-103,LTL,2025-03-18,2025-03-21,634.1,131.26,17.06,history,782.42,1.0,765.36,765.36,0.0,0.0,765.36,765.36,0.0,17.06
2025-03-31,SHP01854,CARD,CC-105,LTL,2025-03-18,2025-03-21,290.39,60.11,17.06,history,367.56,1.0,350.5,350.5,0.0,0.0,350.5,350.5,0.0,17.06
2025-03-31,SHP01856,CARE,CC-102,LTL,2025-03-18,2025-03-22,1124.33,232.74,24.9,history,1381.97,1.0,1357.07,1357.07,0.0,0.0,1357.07,1357.07,0.0,24.9
2025-03-31,SHP01858,CARD,CC-103,LTL,2025-03-18,2025-03-22,2141.52,443.29,17.06,history,2601.87,1.0,2584.81,2584.81,0.0,0.0,2584.81,2584.81,0.0,17.06
2025-03-31,SHP01860,CARB,CC-104,LTL,2025-03-18,2025-03-20,619.45,128.23,15.43,history,763.11,1.0,747.68,747.68,0.0,0.0,747.68,747.68,0.0,15.43
2025-03-31,SHP01861,CARC,CC-102,LTL,2025-03-18,2025-03-21,213.55,44.2,16.42,history,274.17,1.0,382.75,257.75,125.0,0.0,382.75,257.75,125.0,-108.58
2025-03-31,SHP01862,CARB,CC-103,LTL,2025-03-18,2025-03-23,1045.38,216.39,15.43,history,1277.2,1.0,1261.77,1261.77,0.0,0.0,1261.77,1261.77,0.0,15.43
2025-03-31,SHP01863,CARE,CC-101,LTL,2025-03-18,2025-03-22,549.07,113.66,24.9,history,687.63,1.0,757.73,662.73,95.0,0.0,757.73,662.73,95.0,-70.1
2025-03-31,SHP01865,CARC,CC-101,LTL,2025-03-18,2025-03-22,375.01,77.63,16.42,history,469.06,1.0,586.37,491.37,95.0,38.73,547.64,452.64,95.0,-78.58
2025-03-31,SHP01866,CARE,CC-104,LTL,2025-03-18,2025-03-21,457.32,94.67,24.9,history,576.89,1.0,646.99,551.99,95.0,0.0,646.99,551.99,95.0,-70.1
2025-03-31,SHP01868,CARC,CC-103,LTL,2025-03-18,2025-03-21,350.19,72.49,16.42,history,439.1,1.0,422.68,422.68,0.0,0.0,422.68,422.68,0.0,16.42
2025-03-31,SHP01870,CARB,CC-105,LTL,2025-03-18,2025-03-23,1009.86,209.04,15.43,history,1234.33,1.0,1218.9,1218.9,0.0,0.0,1218.9,1218.9,0.0,15.43
2025-03-31,SHP01871,CARE,CC-101,LTL,2025-03-18,2025-03-22,2698.5,558.59,24.9,history,3281.99,1.0,3352.09,3257.09,95.0,0.0,3352.09,3257.09,95.0,-70.1
2025-03-31,SHP01872,CARC,CC-102,LTL,2025-03-19,2025-03-22,785.0,162.5,16.42,history,963.92,1.0,947.5,947.5,0.0,0.0,947.5,947.5,0.0,16.42
2025-03-31,SHP01873,CARD,CC-103,LTL,2025-03-19,2025-03-23,701.66,145.24,17.06,history,863.96,1.0,846.9,846.9,0.0,0.0,846.9,846.9,0.0,17.06
2025-03-31,SHP01874,CARC,CC-105,LTL,2025-03-19,2025-03-21,317.2,65.66,16.42,history,399.28,1.0,382.86,382.86,0.0,0.0,382.86,382.86,0.0,16.42
2025-03-31,SHP01875,CARE,CC-101,LTL,2025-03-19,2025-03-23,703.86,145.7,24.9,history,874.46,1.0,849.56,849.56,0.0,0.0,849.56,849.56,0.0,24.9
2025-03-31,SHP01876,CARH,CC-101,TL,2025-03-19,2025-03-20,968.31,186.67,21.28,history,1176.26,1.0,1154.98,1154.98,0.0,0.0,1154.98,1154.98,0.0,21.28
2025-03-31,SHP01878,CARD,CC-102,LTL,2025-03-19,2025-03-21,253.55,52.48,17.06,history,323.09,1.0,306.03,306.03,0.0,0.0,306.03,306.03,0.0,17.06
2025-03-31,SHP01881,CARE,CC-102,LTL,2025-03-19,2025-03-24,1500.96,310.7,24.9,history,1836.56,1.0,1811.66,1811.66,0.0,0.0,1811.66,1811.66,0.0,24.9
2025-03-31,SHP01882,CARA,CC-103,LTL,2025-03-19,2025-03-24,217.49,45.02,14.94,history,277.45,1.0,262.51,262.51,0.0,0.0,262.51,262.51,0.0,14.94
2025-03-31,SHP01883,CARA,CC-104,LTL,2025-03-19,2025-03-21,114.14,23.63,14.94,history,152.71,1.0,137.77,137.77,0.0,0.0,137.77,137.77,0.0,14.94
2025-03-31,SHP01884,CARA,CC-105,LTL,2025-03-19,2025-03-24,366.26,75.82,14.94,history,457.02,1.0,442.08,442.08,0.0,0.0,442.08,442.08,0.0,14.94
2025-03-31,SHP01885,CARF,CC-104,TL,2025-03-19,2025-03-22,1694.04,290.76,11.4,history,1996.2,1.0,1984.8,1984.8,0.0,0.0,1984.8,1984.8,0.0,11.4
2025-03-31,SHP01886,CARD,CC-105,LTL,2025-03-19,2025-03-22,205.6,42.56,17.06,history,265.22,1.0,405.72,280.72,125.0,32.56,373.16,248.16,125.0,-107.94
2025-03-31,SHP01888,CARG,CC-105,TL,2025-03-19,2025-03-21,1310.4,244.19,21.69,history,1576.28,1.0,1554.59,1554.59,0.0,0.0,1554.59,1554.59,0.0,21.69
2025-03-31,SHP01890,CARB,CC-104,LTL,2025-03-19,2025-03-21,597.42,123.67,15.43,history,736.52,1.0,721.09,721.09,0.0,0.0,721.09,721.09,0.0,15.43
2025-03-31,SHP01891,CARD,CC-103,LTL,2025-03-19,2025-03-23,1147.71,237.58,17.06,history,1402.35,1.0,1385.29,1385.29,0.0,0.0,1385.29,1385.29,0.0,17.06
2025-03-31,SHP01892,CARE,CC-105,LTL,2025-03-20,2025-03-22,170.9,35.38,24.9,history,231.18,1.0,206.28,206.28,0.0,0.0,206.28,206.28,0.0,24.9
2025-03-31,SHP01893,CARD,CC-102,LTL,2025-03-20,2025-03-22,402.33,83.28,17.06,history,502.67,1.0,485.61,485.61,0.0,0.0,485.61,485.61,0.0,17.06
2025-03-31,SHP01894,CARC,CC-102,LTL,2025-03-20,2025-03-26,502.48,104.01,16.42,history,622.91,1.0,606.49,606.49,0.0,0.0,606.49,606.49,0.0,16.42
2025-03-31,SHP01895,CARE,CC-101,LTL,2025-03-20,2025-03-21,225.33,46.64,24.9,history,296.87,1.0,397.73,272.73,125.0,125.0,272.73,272.73,0.0,24.14
2025-03-31,SHP01896,CARE,CC-101,LTL,2025-03-20,2025-03-26,3159.0,653.91,24.9,history,3837.81,1.0,3812.91,3812.91,0.0,0.0,3812.91,3812.91,0.0,24.9
2025-03-31,SHP01898,CARA,CC-103,LTL,2025-03-20,2025-03-25,799.4,165.48,14.94,history,979.82,1.0,964.88,964.88,0.0,0.0,964.88,964.88,0.0,14.94
2025-03-31,SHP01900,CARE,CC-102,LTL,2025-03-20,2025-03-22,1083.5,224.28,24.9,history,1332.68,1.0,1307.78,1307.78,0.0,0.0,1307.78,1307.78,0.0,24.9
2025-03-31,SHP01901,CARD,CC-103,LTL,2025-03-20,2025-03-22,673.3,139.37,17.06,history,829.73,1.0,812.67,812.67,0.0,0.0,812.67,812.67,0.0,17.06
2025-03-31,SHP01902,CARD,CC-103,LTL,2025-03-20,2025-03-22,110.04,22.78,17.06,history,149.88,1.0,133.23,133.23,0.0,0.0,133.23,133.23,0.0,16.65
2025-03-31,SHP01903,CARC,CC-104,LTL,2025-03-20,2025-03-22,291.19,60.28,16.42,history,367.89,1.0,551.57,456.57,95.0,105.11,446.46,351.46,95.0,-78.57
2025-03-31,SHP01904,CARB,CC-102,LTL,2025-03-20,2025-03-23,775.79,160.59,15.43,history,951.81,1.0,936.38,936.38,0.0,0.0,936.38,936.38,0.0,15.43
2025-03-31,SHP01905,CARH,CC-103,TL,2025-03-20,2025-03-24,3699.41,727.49,21.28,history,4448.18,1.0,4426.9,4426.9,0.0,0.0,4426.9,4426.9,0.0,21.28
2025-03-31,SHP01906,CARA,CC-104,LTL,2025-03-20,2025-03-26,2834.5,586.74,14.94,history,3436.18,1.0,3516.24,3421.24,95.0,0.0,3516.24,3421.24,95.0,-80.06
2025-03-31,SHP01907,CARC,CC-104,LTL,2025-03-20,2025-03-22,672.97,139.3,16.42,history,828.69,1.0,937.27,812.27,125.0,0.0,937.27,812.27,125.0,-108.58
2025-03-31,SHP01908,CARB,CC-105,LTL,2025-03-20,2025-03-25,2752.63,569.79,15.43,history,3337.85,1.0,3322.42,3322.42,0.0,0.0,3322.42,3322.42,0.0,15.43
2025-03-31,SHP01910,CARD,CC-103,LTL,2025-03-20,2025-03-24,376.93,78.02,17.06,history,472.01,1.0,454.87,454.87,0.0,0.0,454.87,454.87,0.0,17.14
2025-03-31,SHP01912,CARD,CC-101,LTL,2025-03-20,2025-03-21,260.87,54.0,17.06,history,331.93,1.0,409.65,314.65,95.0,0.0,409.65,314.65,95.0,-77.72
2025-03-31,SHP01913,CARD,CC-103,LTL,2025-03-20,2025-03-23,327.9,67.88,17.06,history,412.84,1.0,395.78,395.78,0.0,0.0,395.78,395.78,0.0,17.06
2025-03-31,SHP01914,CARA,CC-105,LTL,2025-03-20,2025-03-24,1740.62,360.31,14.94,history,2115.87,1.0,2100.93,2100.93,0.0,0.0,2100.93,2100.93,0.0,14.94
2025-03-31,SHP01915,CARH,CC-101,TL,2025-03-20,2025-03-25,3623.36,681.7,21.28,history,4326.34,1.0,4305.06,4305.06,0.0,0.0,4305.06,4305.06,0.0,21.28
2025-03-31,SHP01916,CARE,CC-102,LTL,2025-03-20,2025-03-25,510.36,105.64,24.9,history,640.9,1.0,616.0,616.0,0.0,0.0,616.0,616.0,0.0,24.9
2025-03-31,SHP01917,CARC,CC-102,LTL,2025-03-20,2025-03-23,225.01,46.58,16.42,history,288.01,1.0,271.59,271.59,0.0,0.0,271.59,271.59,0.0,16.42
2025-03-31,SHP01918,CARE,CC-104,LTL,2025-03-20,2025-03-22,956.1,197.91,24.9,history,1178.91,1.0,1154.01,1154.01,0.0,0.0,1154.01,1154.01,0.0,24.9
2025-03-31,SHP01919,CARD,CC-104,LTL,2025-03-20,2025-03-22,188.06,38.93,17.06,history,244.05,1.0,226.99,226.99,0.0,0.0,226.99,226.99,0.0,17.06
2025-03-31,SHP01920,CARG,CC-102,TL,2025-03-20,2025-03-22,825.6,150.27,21.69,history,997.56,1.0,975.87,975.87,0.0,0.0,975.87,975.87,0.0,21.69
2025-03-31,SHP01921,CARC,CC-101,LTL,2025-03-21,2025-03-22,161.27,33.38,16.42,history,211.07,1.0,194.65,194.65,0.0,0.0,194.65,194.65,0.0,16.42
2025-03-31,SHP01922,CARE,CC-101,LTL,2025-03-21,2025-03-26,877.5,181.64,24.9,history,1084.04,1.0,1057.71,1057.71,0.0,0.0,1057.71,1057.71,0.0,26.33
2025-03-31,SHP01923,CARA,CC-105,LTL,2025-03-21,2025-03-24,461.52,95.53,14.94,history,571.99,1.0,756.53,631.53,125.0,74.47,682.06,557.06,125.0,-110.07
2025-03-31,SHP01924,CARC,CC-102,LTL,2025-03-21,2025-03-23,423.66,87.7,16.42,history,527.78,1.0,636.36,511.36,125.0,125.0,511.36,511.36,0.0,16.42
2025-03-31,SHP01925,CARC,CC-104,LTL,2025-03-21,2025-03-22,137.19,28.4,16.42,history,182.01,1.0,165.59,165.59,0.0,0.0,165.59,165.59,0.0,16.42
2025-03-31,SHP01926,CARD,CC-105,LTL,2025-03-21,2025-03-22,110.0,22.77,17.06,history,149.83,1.0,132.77,132.77,0.0,0.0,132.77,132.77,0.0,17.06
2025-03-31,SHP01927,CARG,CC-104,TL,2025-03-21,2025-03-22,450.0,76.31,21.69,history,548.0,1.0,599.82,524.82,75.0,0.0,599.82,524.82,75.0,-51.82
2025-03-31,SHP01929,CARG,CC-101,TL,2025-03-21,2025-03-23,621.96,111.14,21.69,history,754.79,1.0,733.1,733.1,0.0,0.0,733.1,733.1,0.0,21.69
2025-03-31,SHP01930,CARD,CC-102,LTL,2025-03-21,2025-03-23,176.85,36.61,17.06,history,230.52,1.0,308.46,213.46,95.0,0.0,308.46,213.46,95.0,-77.94
2025-03-31,SHP01931,CARB,CC-102,LTL,2025-03-21,2025-03-23,201.92,41.8,15.43,history,259.15,1.0,243.72,243.72,0.0,0.0,243.72,243.72,0.0,15.43
2025-03-31,SHP01932,CARC,CC-101,LTL,2025-03-21,2025-03-22,113.25,23.44,16.42,history,153.11,1.0,136.69,136.69,0.0,0.0,136.69,136.69,0.0,16.42
2025-03-31,SHP01933,CARE,CC-103,LTL,2025-03-21,2025-03-24,338.13,69.99,24.9,history,433.02,1.0,408.12,408.12,0.0,0.0,408.12,408.12,0.0,24.9
2025-03-31,SHP01934,CARE,CC-105,LTL,2025-03-21,2025-03-25,566.42,117.25,24.9,history,708.57,1.0,683.67,683.67,0.0,0.0,683.67,683.67,0.0,24.9
2025-03-31,SHP01935,CARA,CC-101,LTL,2025-03-21,2025-03-24,613.6,127.02,14.94,history,755.56,1.0,740.62,740.62,0.0,0.0,740.62,740.62,0.0,14.94
2025-03-31,SHP01936,CARE,CC-105,LTL,2025-03-21,2025-03-22,290.4,60.11,24.9,history,375.41,1.0,350.51,350.51,0.0,0.0,350.51,350.51,0.0,24.9
2025-03-31,SHP01937,CARA,CC-103,LTL,2025-03-21,2025-03-25,552.12,114.29,14.94,history,681.35,1.0,666.41,666.41,0.0,0.0,666.41,666.41,0.0,14.94
2025-03-31,SHP01938,CARF,CC-104,TL,2025-03-21,2025-03-22,531.18,88.83,11.4,history,631.41,1.0,620.01,620.01,0.0,0.0,620.01,620.01,0.0,11.4
2025-03-31,SHP01939,CARB,CC-104,LTL,2025-03-21,2025-03-22,260.6,53.94,15.43,history,329.97,1.0,314.54,314.54,0.0,0.0,314.54,314.54,0.0,15.43
2025-03-31,SHP01940,CARC,CC-103,LTL,2025-03-21,2025-03-24,326.51,67.59,16.42,history,410.52,1.0,393.86,393.86,0.0,0.0,393.86,393.86,0.0,16.66
2025-03-31,SHP01941,CARE,CC-105,LTL,2025-03-21,2025-03-23,364.55,75.46,24.9,history,464.91,1.0,535.01,440.01,95.0,95.0,440.01,440.01,0.0,24.9
2025-03-31,SHP01942,CARG,CC-101,TL,2025-03-21,2025-03-24,1614.45,275.89,21.69,history,1912.03,1.0,1890.34,1890.34,0.0,0.0,1890.34,1890.34,0.0,21.69
2025-03-31,SHP01943,CARF,CC-104,TL,2025-03-21,2025-03-27,5564.8,926.68,11.4,history,6502.88,1.0,6491.48,6491.48,0.0,0.0,6491.48,6491.48,0.0,11.4
2025-03-31,SHP01944,CARD,CC-102,LTL,2025-03-22,2025-03-25,382.85,79.25,17.06,history,479.16,1.0,462.1,462.1,0.0,0.0,462.1,462.1,0.0,17.06
2025-03-31,SHP01946,CARC,CC-105,LTL,2025-03-22,2025-03-24,672.0,139.1,16.42,history,827.52,2.0,1872.2,1622.2,250.0,936.1,936.1,811.1,125.0,-108.58
2025-03-31,SHP01947,CARA,CC-103,LTL,2025-03-22,2025-03-25,1248.0,258.34,14.94,history,1521.28,1.0,1673.84,1673.84,0.0,167.51,1506.33,1506.33,0.0,14.95
2025-03-31,SHP01948,CARC,CC-102,LTL,2025-03-22,2025-03-25,813.73,168.44,16.42,history,998.59,1.0,982.17,982.17,0.0,0.0,982.17,982.17,0.0,16.42
2025-03-31,SHP01949,CARF,CC-103,TL,2025-03-22,2025-03-25,1458.54,257.11,11.4,history,1727.05,1.0,1715.65,1715.65,0.0,0.0,1715.65,1715.65,0.0,11.4
2025-03-31,SHP01950,CARF,CC-102,TL,2025-03-22,2025-03-25,2408.9,426.55,11.4,history,2846.85,1.0,2835.45,2835.45,0.0,0.0,2835.45,2835.45,0.0,11.4
2025-03-31,SHP01951,CARB,CC-103,LTL,2025-03-22,2025-03-26,302.81,62.68,15.43,history,380.92,1.0,365.49,365.49,0.0,0.0,365.49,365.49,0.0,15.43
2025-03-31,SHP01952,CARB,CC-102,LTL,2025-03-22,2025-03-25,292.7,60.59,15.43,history,368.72,1.0,353.29,353.29,0.0,0.0,353.29,353.29,0.0,15.43
2025-03-31,SHP01953,CARD,CC-102,LTL,2025-03-22,2025-03-25,608.4,125.94,17.06,history,751.4,1.0,734.34,734.34,0.0,0.0,734.34,734.34,0.0,17.06
2025-03-31,SHP01954,CARC,CC-102,LTL,2025-03-22,2025-03-24,456.81,94.56,16.42,history,567.79,1.0,551.37,551.37,0.0,0.0,551.37,551.37,0.0,16.42
2025-03-31,SHP01955,CARD,CC-102,LTL,2025-03-22,2025-03-24,357.9,74.09,17.06,history,449.05,1.0,431.99,431.99,0.0,0.0,431.99,431.99,0.0,17.06
2025-03-31,SHP01956,CARH,CC-102,TL,2025-03-22,2025-03-25,1694.99,317.37,21.28,history,2033.64,1.0,2012.36,2012.36,0.0,0.0,2012.36,2012.36,0.0,21.28
2025-03-31,SHP01957,CARC,CC-101,LTL,2025-03-22,2025-03-24,228.31,47.26,16.42,history,291.99,1.0,275.57,275.57,0.0,0.0,275.57,275.57,0.0,16.42
2025-03-31,SHP01958,CARB,CC-101,LTL,2025-03-22,2025-03-24,750.98,155.45,15.43,history,921.86,1.0,906.43,906.43,0.0,0.0,906.43,906.43,0.0,15.43
2025-03-31,SHP01959,CARG,CC-102,TL,2025-03-22,2025-03-24,1875.43,329.11,21.69,history,2226.23,1.0,2204.54,2204.54,0.0,0.0,2204.54,2204.54,0.0,21.69
2025-03-31,SHP01960,CARC,CC-102,LTL,2025-03-22,2025-03-25,762.27,157.79,16.42,history,936.48,1.0,920.06,920.06,0.0,0.0,920.06,920.06,0.0,16.42
2025-03-31,SHP01961,CARD,CC-104,LTL,2025-03-23,2025-03-29,1275.15,263.96,17.06,history,1556.17,1.0,1539.11,1539.11,0.0,0.0,1539.11,1539.11,0.0,17.06
2025-03-31,SHP01962,CARE,CC-102,LTL,2025-03-23,2025-03-26,500.5,103.6,24.9,history,629.0,1.0,605.71,605.71,0.0,0.0,605.71,605.71,0.0,23.29
2025-03-31,SHP01963,CARE,CC-105,LTL,2025-03-23,2025-03-28,1647.95,341.13,24.9,history,2013.98,1.0,2084.08,1989.08,95.0,0.0,2084.08,1989.08,95.0,-70.1
2025-03-31,SHP01964,CARD,CC-104,LTL,2025-03-23,2025-03-30,1297.1,268.5,17.06,history,1582.66,1.0,1565.6,1565.6,0.0,0.0,1565.6,1565.6,0.0,17.06
2025-03-31,SHP01965,CARC,CC-103,LTL,2025-03-23,2025-03-27,1718.02,355.63,16.42,history,2090.07,1.0,2072.78,2072.78,0.0,0.0,2072.78,2072.78,0.0,17.29
2025-03-31,SHP01966,CARH,CC-102,TL,2025-03-23,2025-03-26,2234.77,439.47,21.28,history,2695.52,1.0,2674.24,2674.24,0.0,0.0,2674.24,2674.24,0.0,21.28
2025-03-31,SHP01967,CARD,CC-105,LTL,2025-03-23,2025-03-24,160.54,33.23,17.06,history,210.83,1.0,193.77,193.77,0.0,0.0,193.77,193.77,0.0,17.06
2025-03-31,SHP01968,CARD,CC-105,LTL,2025-03-23,2025-03-26,284.7,58.93,17.06,history,360.69,1.0,468.63,343.63,125.0,0.0,468.63,343.63,125.0,-107.94
2025-03-31,SHP01969,CARG,CC-104,TL,2025-03-23,2025-03-28,5133.3,943.11,21.69,history,6098.1,1.0,6076.41,6076.41,0.0,0.0,6076.41,6076.41,0.0,21.69
2025-03-31,SHP01970,CARA,CC-105,LTL,2025-03-23,2025-03-25,197.32,40.85,14.94,history,253.11,1.0,238.17,238.17,0.0,0.0,238.17,238.17,0.0,14.94
2025-03-31,SHP01971,CARC,CC-101,LTL,2025-03-23,2025-03-26,991.08,205.15,16.42,history,1212.65,1.0,1196.23,1196.23,0.0,0.0,1196.23,1196.23,0.0,16.42
2025-03-31,SHP01972,CARC,CC-102,LTL,2025-03-23,2025-03-29,2799.0,579.39,16.42,history,3394.81,1.0,3378.39,3378.39,0.0,0.0,3378.39,3378.39,0.0,16.42
2025-03-31,SHP01973,CARB,CC-102,LTL,2025-03-23,2025-03-28,683.31,141.45,15.43,history,840.19,1.0,824.76,824.76,0.0,0.0,824.76,824.76,0.0,15.43
2025-03-31,SHP01974,CARH,CC-105,TL,2025-03-23,2025-03-24,598.23,113.1,21.28,history,732.61,1.0,711.33,711.33,0.0,0.0,711.33,711.33,0.0,21.28
2025-03-31,SHP01975,CARC,CC-101,LTL,2025-03-23,2025-03-25,447.0,92.53,16.42,history,555.95,1.0,539.53,539.53,0.0,0.0,539.53,539.53,0.0,16.42
2025-03-31,SHP01976,CARE,CC-105,LTL,2025-03-23,2025-03-25,1319.16,273.07,24.9,history,1617.13,1.0,1717.23,1592.23,125.0,0.0,1717.23,1592.23,125.0,-100.1
2025-03-31,SHP01978,CARA,CC-104,LTL,2025-03-23,2025-03-29,1021.83,211.52,14.94,history,1248.29,1.0,1328.35,1233.35,95.0,0.0,1328.35,1233.35,95.0,-80.06
2025-03-31,SHP01979,CARA,CC-102,LTL,2025-03-23,2025-03-27,512.8,106.15,14.94,history,633.89,1.0,618.95,618.95,0.0,0.0,618.95,618.95,0.0,14.94
2025-03-31,SHP01980,CARB,CC-105,LTL,2025-03-23,2025-03-25,265.33,54.92,15.43,history,335.68,1.0,320.25,320.25,0.0,0.0,320.25,320.25,0.0,15.43
2025-03-31,SHP01981,CARE,CC-101,LTL,2025-03-24,2025-03-28,589.0,121.92,24.9,history,735.82,1.0,710.92,710.92,0.0,0.0,710.92,710.92,0.0,24.9
2025-03-31,SHP01982,CARD,CC-105,LTL,2025-03-24,2025-03-26,139.05,28.78,17.06,history,184.89,1.0,292.83,167.83,125.0,125.0,167.83,167.83,0.0,17.06
2025-03-31,SHP01983,CARC,CC-101,LTL,2025-03-24,2025-03-28,801.82,165.98,16.42,history,984.22,1.0,1062.8,967.8,95.0,0.0,1062.8,967.8,95.0,-78.58
2025-03-31,SHP01984,CARF,CC-101,TL,2025-03-24,2025-03-26,784.89,125.32,11.4,history,921.61,1.0,910.21,910.21,0.0,0.0,910.21,910.21,0.0,11.4
2025-03-31,SHP01985,CARC,CC-104,LTL,2025-03-24,2025-03-28,520.85,107.82,16.42,history,645.09,1.0,628.67,628.67,0.0,0.0,628.67,628.67,0.0,16.42
2025-03-31,SHP01986,CARF,CC-102,TL,2025-03-24,2025-03-26,1763.58,309.62,11.4,history,2084.6,1.0,2145.03,2145.03,0.0,70.85,2074.18,2074.18,0.0,10.42
2025-03-31,SHP01987,CARB,CC-104,LTL,2025-03-24,2025-03-26,110.0,22.77,15.43,history,148.2,1.0,132.77,132.77,0.0,0.0,132.77,132.77,0.0,15.43
2025-03-31,SHP01988,CARH,CC-103,TL,2025-03-24,2025-03-26,1100.9,211.46,21.28,history,1333.64,2.0,2624.72,2624.72,0.0,1312.36,1312.36,1312.36,0.0,21.28
2025-03-31,SHP01989,CARD,CC-103,LTL,2025-03-24,2025-03-27,288.55,59.73,17.06,history,365.34,1.0,443.19,348.19,95.0,0.0,443.19,348.19,95.0,-77.85
2025-03-31,SHP01990,CARB,CC-103,LTL,2025-03-24,2025-03-27,878.61,181.87,15.43,history,1075.91,1.0,1060.03,1060.03,0.0,0.0,1060.03,1060.03,0.0,15.88
2025-03-31,SHP01991,CARF,CC-104,TL,2025-03-24,2025-03-26,1279.04,221.55,11.4,history,1511.99,1.0,1500.59,1500.59,0.0,0.0,1500.59,1500.59,0.0,11.4
2025-03-31,SHP01992,CARD,CC-102,LTL,2025-03-24,2025-03-27,399.31,82.66,17.06,history,499.03,1.0,481.97,481.97,0.0,0.0,481.97,481.97,0.0,17.06
2025-03-31,SHP01993,CARD,CC-104,LTL,2025-03-24,2025-03-26,353.03,73.08,17.06,history,443.17,1.0,426.11,426.11,0.0,0.0,426.11,426.11,0.0,17.06
2025-03-31,SHP01994,CARA,CC-101,LTL,2025-03-24,2025-03-27,236.37,48.93,14.94,history,300.24,1.0,285.3,285.3,0.0,0.0,285.3,285.3,0.0,14.94
2025-03-31,SHP01995,CARA,CC-103,LTL,2025-03-24,2025-03-29,1767.54,365.88,14.94,history,2148.36,1.0,2258.42,2133.42,125.0,0.0,2258.42,2133.42,125.0,-110.06
2025-03-31,SHP01996,CARG,CC-102,TL,2025-03-24,2025-03-27,1620.42,278.2,21.69,history,1920.31,1.0,1898.62,1898.62,0.0,0.0,1898.62,1898.62,0.0,21.69
2025-03-31,SHP01997,CARD,CC-103,LTL,2025-03-24,2025-03-30,172.63,35.73,17.06,history,225.42,1.0,208.36,208.36,0.0,0.0,208.36,208.36,0.0,17.06
2025-03-31,SHP01998,CARA,CC-104,LTL,2025-03-24,2025-03-30,1415.23,292.95,14.94,history,1723.12,1.0,1708.18,1708.18,0.0,0.0,1708.18,1708.18,0.0,14.94
2025-03-31,SHP01999,CARD,CC-102,LTL,2025-03-24,2025-03-27,265.5,54.96,17.06,history,337.52,1.0,320.46,320.46,0.0,0.0,320.46,320.46,0.0,17.06
2025-03-31,SHP02000,CARB,CC-101,LTL,2025-03-24,2025-03-25,208.0,43.06,15.43,history,266.49,1.0,346.06,251.06,95.0,0.0,346.06,251.06,95.0,-79.57
2025-03-31,SHP02001,CARC,CC-103,LTL,2025-03-24,2025-03-28,1528.68,316.44,16.42,history,1861.54,1.0,1845.12,1845.12,0.0,0.0,1845.12,1845.12,0.0,16.42
2025-03-31,SHP02002,CARB,CC-103,LTL,2025-03-24,2025-03-29,1102.4,228.2,15.43,history,1346.03,1.0,1425.6,1330.6,95.0,0.0,1425.6,1330.6,95.0,-79.57
2025-03-31,SHP02003,CARF,CC-102,TL,2025-03-24,2025-03-26,1231.2,199.04,11.4,history,1441.64,1.0,1430.24,1430.24,0.0,0.0,1430.24,1430.24,0.0,11.4
2025-03-31,SHP02004,CARB,CC-104,LTL,2025-03-24,2025-03-26,274.93,56.91,15.43,history,347.27,1.0,331.84,331.84,0.0,0.0,331.84,331.84,0.0,15.43
2025-03-31,SHP02005,CARG,CC-105,TL,2025-03-24,2025-03-27,1310.4,242.11,21.69,history,1574.2,1.0,1627.51,1552.51,75.0,0.0,1627.51,1552.51,75.0,-53.31
2025-03-31,SHP02006,CARG,CC-102,TL,2025-03-24,2025-03-25,825.6,148.99,21.69,history,996.28,1.0,974.59,974.59,0.0,0.0,974.59,974.59,0.0,21.69
2025-03-31,SHP02007,CARD,CC-102,LTL,2025-03-24,2025-03-26,141.71,29.33,17.06,history,188.1,1.0,171.04,171.04,0.0,0.0,171.04,171.04,0.0,17.06
2025-03-31,SHP02008,CARC,CC-104,LTL,2025-03-24,2025-03-27,420.56,87.06,16.42,history,524.04,1.0,507.62,507.62,0.0,0.0,507.62,507.62,0.0,16.42
2025-03-31,SHP02009,CARD,CC-102,LTL,2025-03-24,2025-03-27,276.14,57.16,17.06,history,350.36,1.0,333.3,333.3,0.0,0.0,333.3,333.3,0.0,17.06
2025-03-31,SHP02010,CARD,CC-104,LTL,2025-03-24,2025-03-26,169.86,35.16,17.06,history,222.08,1.0,300.02,205.02,95.0,0.0,300.02,205.02,95.0,-77.94
2025-03-31,SHP02011,CARB,CC-103,LTL,2025-03-25,2025-03-29,1095.96,226.86,15.43,history,1338.25,1.0,1322.82,1322.82,0.0,0.0,1322.82,1322.82,0.0,15.43
2025-03-31,SHP02012,CARE,CC-102,LTL,2025-03-25,2025-03-30,788.02,163.12,24.9,history,976.04,1.0,954.09,954.09,0.0,0.0,954.09,954.09,0.0,21.95
2025-03-31,SHP02013,CARG,CC-104,TL,2025-03-25,2025-03-26,450.0,75.66,21.69,history,547.35,1.0,525.66,525.66,0.0,0.0,525.66,525.66,0.0,21.69
2025-03-31,SHP02014,CARA,CC-101,LTL,2025-03-25,2025-03-29,985.03,203.9,14.94,history,1203.87,1.0,1188.93,1188.93,0.0,0.0,1188.93,1188.93,0.0,14.94
2025-03-31,SHP02015,CARE,CC-103,LTL,2025-03-25,2025-03-27,1084.38,224.47,24.9,history,1333.75,1.0,1308.85,1308.85,0.0,0.0,1308.85,1308.85,0.0,24.9
2025-03-31,SHP02016,CARC,CC-104,LTL,2025-03-25,2025-03-27,231.79,47.98,16.42,history,296.19,1.0,313.82,313.82,0.0,34.05,279.77,279.77,0.0,16.42
2025-03-31,SHP02017,CARC,CC-101,LTL,2025-03-25,2025-03-26,177.12,36.66,16.42,history,230.2,1.0,241.57,241.57,0.0,27.79,213.78,213.78,0.0,16.42
2025-03-31,SHP02018,CARE,CC-103,LTL,2025-03-25,2025-03-29,474.82,98.29,24.9,history,598.01,1.0,698.11,573.11,125.0,0.0,698.11,573.11,125.0,-100.1
2025-03-31,SHP02019,CARB,CC-101,LTL,2025-03-25,2025-03-26,522.62,108.18,15.43,history,646.23,1.0,725.8,630.8,95.0,0.0,725.8,630.8,95.0,-79.57
2025-03-31,SHP02020,CARE,CC-105,LTL,2025-03-25,2025-03-26,126.22,26.13,24.9,history,177.25,1.0,152.35,152.35,0.0,0.0,152.35,152.35,0.0,24.9
2025-03-31,SHP02021,CARB,CC-101,LTL,2025-03-25,2025-03-28,445.68,92.26,15.43,history,553.37,1.0,539.44,539.44,0.0,0.0,539.44,539.44,0.0,13.93
2025-03-31,SHP02022,CARD,CC-103,LTL,2025-03-25,2025-03-31,679.4,140.64,17.06,history,837.1,1.0,945.04,820.04,125.0,0.0,945.04,820.04,125.0,-107.94
2025-03-31,SHP02023,CARG,CC-105,TL,2025-03-25,2025-03-28,3118.98,528.46,21.69,history,3669.13,1.0,3647.44,3647.44,0.0,0.0,3647.44,3647.44,0.0,21.69
2025-03-31,SHP02025,CARE,CC-105,LTL,2025-03-25,2025-03-26,170.9,35.38,24.9,history,231.18,1.0,206.28,206.28,0.0,0.0,206.28,206.28,0.0,24.9
2025-03-31,SHP02026,CARA,CC-105,LTL,2025-03-25,2025-03-29,1050.25,217.4,14.94,history,1282.59,1.0,1267.25,1267.25,0.0,0.0,1267.25,1267.25,0.0,15.34
2025-03-31,SHP02027,CARG,CC-101,TL,2025-03-25,2025-03-29,3181.88,585.1,21.69,history,3788.67,1.0,3766.98,3766.98,0.0,0.0,3766.98,3766.98,0.0,21.69
2025-03-31,SHP02028,CARA,CC-101,LTL,2025-03-25,2025-03-29,671.0,138.9,14.94,history,824.84,1.0,872.85,872.85,0.0,62.96,809.89,809.89,0.0,14.95
2025-03-31,SHP02029,CARD,CC-103,LTL,2025-03-25,2025-03-28,903.0,186.92,17.06,history,1106.98,1.0,1090.58,1090.58,0.0,0.0,1090.58,1090.58,0.0,16.4
2025-03-31,SHP02030,CARC,CC-102,LTL,2025-03-25,2025-03-30,749.26,155.1,16.42,history,920.78,1.0,904.36,904.36,0.0,0.0,904.36,904.36,0.0,16.42
2025-03-31,SHP02031,CARH,CC-102,TL,2025-03-25,2025-03-28,1194.93,217.67,21.28,history,1433.88,1.0,1412.6,1412.6,0.0,0.0,1412.6,1412.6,0.0,21.28
2025-03-31,SHP02032,CARC,CC-104,LTL,2025-03-25,2025-03-28,196.62,40.7,16.42,history,253.74,1.0,237.32,237.32,0.0,0.0,237.32,237.32,0.0,16.42
2025-03-31,SHP02033,CARA,CC-101,LTL,2025-03-25,2025-03-29,385.8,79.86,14.94,history,480.6,1.0,497.47,497.47,0.0,31.8,465.67,465.67,0.0,14.93
2025-03-31,SHP02034,CARB,CC-104,LTL,2025-03-25,2025-03-27,228.8,47.36,15.43,history,291.59,1.0,276.16,276.16,0.0,0.0,276.16,276.16,0.0,15.43
2025-03-31,SHP02035,CARA,CC-104,LTL,2025-03-25,2025-03-31,1322.57,273.77,14.94,history,1611.28,1.0,1596.34,1596.34,0.0,0.0,1596.34,1596.34,0.0,14.94
2025-03-31,SHP02036,CARC,CC-102,LTL,2025-03-25,2025-03-28,466.78,96.62,16.42,history,579.82,1.0,729.47,729.47,0.0,166.07,563.4,563.4,0.0,16.42
2025-03-31,SHP02037,CARG,CC-101,TL,2025-03-25,2025-03-28,1614.45,273.54,21.69,history,1909.68,1.0,2069.77,2069.77,0.0,181.78,1887.99,1887.99,0.0,21.69
2025-03-31,SHP02038,CARH,CC-101,TL,2025-03-25,2025-03-29,3623.36,675.9,21.28,history,4320.54,1.0,4299.26,4299.26,0.0,0.0,4299.26,4299.26,0.0,21.28
2025-03-31,SHP02039,CARA,CC-103,LTL,2025-03-25,2025-03-30,443.2,91.74,14.94,history,549.88,1.0,534.94,534.94,0.0,0.0,534.94,534.94,0.0,14.94
2025-03-31,SHP02040,CARD,CC-103,LTL,2025-03-25,2025-03-31,779.27,161.31,17.06,history,957.64,1.0,940.58,940.58,0.0,0.0,940.58,940.58,0.0,17.06
2025-03-31,SHP02041,CARC,CC-104,LTL,2025-03-26,2025-03-29,133.92,27.72,16.42,history,178.06,1.0,161.64,161.64,0.0,0.0,161.64,161.64,0.0,16.42
2025-03-31,SHP02042,CARG,CC-101,TL,2025-03-26,2025-03-29,3181.88,585.1,21.69,history,3788.67,1.0,3766.98,3766.98,0.0,0.0,3766.98,3766.98,0.0,21.69
2025-03-31,SHP02043,CARE,CC-101,LTL,2025-03-26,2025-03-30,499.8,103.46,24.9,history,628.16,1.0,603.26,603.26,0.0,0.0,603.26,603.26,0.0,24.9
2025-03-31,SHP02044,CARB,CC-104,LTL,2025-03-26,2025-03-28,1118.15,231.46,15.43,history,1365.04,1.0,1350.65,1350.65,0.0,0.0,1350.65,1350.65,0.0,14.39
2025-03-31,SHP02045,CARD,CC-105,LTL,2025-03-26,2025-03-29,221.23,45.79,17.06,history,284.08,1.0,267.02,267.02,0.0,0.0,267.02,267.02,0.0,17.06
2025-03-31,SHP02046,CARG,CC-105,TL,2025-03-26,2025-03-27,519.2,91.57,21.69,history,632.46,1.0,610.77,610.77,0.0,0.0,610.77,610.77,0.0,21.69
2025-03-31,SHP02047,CARC,CC-104,LTL,2025-03-26,2025-03-28,581.29,120.33,16.42,history,718.04,1.0,701.62,701.62,0.0,0.0,701.62,701.62,0.0,16.42
2025-03-31,SHP02048,CARD,CC-104,LTL,2025-03-26,2025-03-29,181.28,37.52,17.06,history,235.86,1.0,343.8,218.8,125.0,0.0,343.8,218.8,125.0,-107.94
2025-03-31,SHP02049,CARE,CC-103,LTL,2025-03-26,2025-03-29,416.29,86.17,24.9,history,527.36,1.0,502.46,502.46,0.0,0.0,502.46,502.46,0.0,24.9
2025-03-31,SHP02050,CARE,CC-101,LTL,2025-03-26,2025-03-31,768.64,159.11,24.9,history,952.65,1.0,927.75,927.75,0.0,0.0,927.75,927.75,0.0,24.9
2025-03-31,SHP02051,CARD,CC-103,LTL,2025-03-26,2025-03-30,515.79,106.77,17.06,history,639.62,1.0,622.56,622.56,0.0,0.0,622.56,622.56,0.0,17.06
2025-03-31,SHP02052,CARE,CC-101,LTL,2025-03-26,2025-03-30,958.5,198.41,24.9,history,1181.81,1.0,1156.91,1156.91,0.0,0.0,1156.91,1156.91,0.0,24.9
2025-03-31,SHP02053,CARE,CC-104,LTL,2025-03-26,2025-03-28,151.79,31.42,24.9,history,208.11,1.0,308.21,183.21,125.0,0.0,308.21,183.21,125.0,-100.1
2025-03-31,SHP02054,CARF,CC-104,TL,2025-03-26,2025-03-30,4710.56,774.45,11.4,history,5496.41,1.0,5710.01,5485.01,225.0,0.0,5710.01,5485.01,225.0,-213.6
2025-03-31,SHP02055,CARB,CC-104,LTL,2025-03-26,2025-03-29,734.68,152.08,15.43,history,902.19,1.0,886.76,886.76,0.0,0.0,886.76,886.76,0.0,15.43
2025-03-31,SHP02056,CARF,CC-104,TL,2025-03-26,2025-03-31,5564.8,918.78,11.4,history,6494.98,1.0,6483.58,6483.58,0.0,0.0,6483.58,6483.58,0.0,11.4
2025-03-31,SHP02057,CARG,CC-101,TL,2025-03-26,2025-03-30,4656.96,806.65,21.69,history,5485.3,1.0,5463.61,5463.61,0.0,0.0,5463.61,5463.61,0.0,21.69
2025-03-31,SHP02059,CARA,CC-103,LTL,2025-03-26,2025-03-28,1115.73,230.96,14.94,history,1361.63,1.0,1346.69,1346.69,0.0,0.0,1346.69,1346.69,0.0,14.94
2025-03-31,SHP02060,CARB,CC-105,LTL,2025-03-26,2025-03-29,533.8,110.5,15.43,history,659.73,1.0,644.3,644.3,0.0,0.0,644.3,644.3,0.0,15.43
2025-03-31,SHP02061,CARC,CC-103,LTL,2025-03-26,2025-03-28,402.81,83.38,16.42,history,502.61,1.0,507.98,507.98,0.0,21.79,486.19,486.19,0.0,16.42
2025-03-31,SHP02062,CARE,CC-103,LTL,2025-03-26,2025-03-28,269.19,55.72,24.9,history,349.81,1.0,324.91,324.91,0.0,0.0,324.91,324.91,0.0,24.9
2025-03-31,SHP02063,CARD,CC-102,LTL,2025-03-26,2025-03-28,577.29,119.5,17.06,history,713.85,1.0,696.79,696.79,0.0,0.0,696.79,696.79,0.0,17.06
2025-03-31,SHP02064,CARA,CC-105,LTL,2025-03-26,2025-03-28,433.5,89.73,14.94,history,538.17,1.0,616.56,521.56,95.0,0.0,616.56,521.56,95.0,-78.39
2025-03-31,SHP02065,CARE,CC-101,LTL,2025-03-26,2025-03-28,452.38,93.64,24.9,history,570.92,1.0,546.02,546.02,0.0,0.0,546.02,546.02,0.0,24.9
2025-03-31,SHP02066,CARC,CC-101,LTL,2025-03-26,2025-03-31,1203.05,249.03,16.42,history,1468.5,1.0,1452.08,1452.08,0.0,0.0,1452.08,1452.08,0.0,16.42
2025-03-31,SHP02067,CARB,CC-103,LTL,2025-03-27,2025-03-30,119.82,24.8,15.43,history,160.05,1.0,144.62,144.62,0.0,0.0,144.62,144.62,0.0,15.43
2025-03-31,SHP02068,CARB,CC-104,LTL,2025-03-27,2025-03-30,314.83,65.17,15.43,history,395.43,1.0,380.0,380.0,0.0,0.0,380.0,380.0,0.0,15.43
2025-03-31,SHP02069,CARA,CC-102,LTL,2025-03-27,2025-03-31,237.46,49.15,14.94,history,301.55,1.0,380.98,285.98,95.0,0.0,380.98,285.98,95.0,-79.43
2025-03-31,SHP02070,CARA,CC-104,LTL,2025-03-27,2025-03-29,626.96,129.78,14.94,history,771.68,1.0,756.74,756.74,0.0,0.0,756.74,756.74,0.0,14.94
2025-03-31,SHP02071,CARD,CC-105,LTL,2025-03-27,2025-03-28,127.52,26.4,17.06,history,170.98,1.0,153.92,153.92,0.0,0.0,153.92,153.92,0.0,17.06
2025-03-31,SHP02072,CARE,CC-104,LTL,2025-03-27,2025-03-30,221.8,45.91,24.9,history,292.61,1.0,267.71,267.71,0.0,0.0,267.71,267.71,0.0,24.9
2025-03-31,SHP02073,CARD,CC-104,LTL,2025-03-27,2025-03-28,110.0,22.77,17.06,history,149.83,1.0,132.88,132.88,0.0,0.0,132.88,132.88,0.0,16.95
2025-03-31,SHP02074,CARD,CC-104,LTL,2025-03-27,2025-03-29,444.85,92.08,17.06,history,553.99,1.0,631.93,536.93,95.0,0.0,631.93,536.93,95.0,-77.94
2025-03-31,SHP02075,CARG,CC-103,TL,2025-03-27,2025-03-29,1959.75,337.95,21.69,history,2319.39,1.0,2297.7,2297.7,0.0,0.0,2297.7,2297.7,0.0,21.69
2025-03-31,SHP02076,CARE,CC-104,LTL,2025-03-27,2025-03-30,179.71,37.2,24.9,history,241.81,1.0,311.91,216.91,95.0,0.0,311.91,216.91,95.0,-70.1
2025-03-31,SHP02077,CARD,CC-102,LTL,2025-03-27,2025-03-30,328.83,68.07,17.06,history,413.96,2.0,491.9,396.9,95.0,0.0,491.9,396.9,95.0,-77.94
2025-03-31,SHP02078,CARG,CC-102,TL,2025-03-27,2025-03-30,1620.42,278.2,21.69,history,1920.31,1.0,1898.62,1898.62,0.0,0.0,1898.62,1898.62,0.0,21.69
2025-03-31,SHP02079,CARE,CC-104,LTL,2025-03-27,2025-03-30,491.67,101.78,24.9,history,618.35,1.0,718.45,593.45,125.0,0.0,718.45,593.45,125.0,-100.1
2025-03-31,SHP02081,CARA,CC-102,LTL,2025-03-27,2025-03-28,116.19,24.05,14.94,history,155.18,1.0,140.24,140.24,0.0,0.0,140.24,140.24,0.0,14.94
2025-03-31,SHP02082,CARH,CC-103,TL,2025-03-27,2025-03-28,1100.9,211.46,21.28,history,1333.64,1.0,1312.36,1312.36,0.0,0.0,1312.36,1312.36,0.0,21.28
2025-03-31,SHP02083,CARH,CC-101,TL,2025-03-27,2025-03-28,968.31,185.08,21.28,history,1174.67,1.0,1378.39,1153.39,225.0,0.0,1378.39,1153.39,225.0,-203.72
2025-03-31,SHP02084,CARD,CC-103,LTL,2025-03-27,2025-03-31,625.59,129.5,17.06,history,772.15,1.0,755.09,755.09,0.0,0.0,755.09,755.09,0.0,17.06
2025-03-31,SHP02085,CARB,CC-101,LTL,2025-03-27,2025-03-28,219.67,45.47,15.43,history,280.57,1.0,360.14,265.14,95.0,0.0,360.14,265.14,95.0,-79.57
2025-03-31,SHP02087,CARE,CC-105,LTL,2025-03-27,2025-03-28,170.9,35.38,24.9,history,231.18,1.0,331.28,206.28,125.0,0.0,331.28,206.28,125.0,-100.1
2025-03-31,SHP02088,CARH,CC-102,TL,2025-03-27,2025-03-30,2234.77,435.72,21.28,history,2691.77,1.0,2895.49,2670.49,225.0,0.0,2895.49,2670.49,225.0,-203.72
2025-03-31,SHP02092,CARB,CC-101,LTL,2025-03-28,2025-03-29,197.9,40.97,15.43,history,254.3,1.0,238.87,238.87,0.0,0.0,238.87,238.87,0.0,15.43
2025-03-31,SHP02093,CARD,CC-103,LTL,2025-03-28,2025-03-31,223.35,46.23,17.06,history,286.64,1.0,269.58,269.58,0.0,0.0,269.58,269.58,0.0,17.06
2025-03-31,SHP02094,CARD,CC-102,LTL,2025-03-28,2025-03-31,256.1,53.01,17.06,history,326.17,1.0,309.11,309.11,0.0,0.0,309.11,309.11,0.0,17.06
2025-03-31,SHP02095,CARF,CC-101,TL,2025-03-28,2025-03-30,784.89,125.32,11.4,history,921.61,1.0,910.21,910.21,0.0,0.0,910.21,910.21,0.0,11.4
2025-03-31,SHP02097,CARF,CC-105,TL,2025-03-28,2025-03-31,1918.8,318.16,11.4,history,2248.36,1.0,2236.96,2236.96,0.0,0.0,2236.96,2236.96,0.0,11.4
2025-03-31,SHP02100,CARE,CC-102,LTL,2025-03-28,2025-03-30,364.1,75.37,24.9,history,464.37,1.0,472.46,472.46,0.0,32.99,439.47,439.47,0.0,24.9
2025-03-31,SHP02104,CARB,CC-102,LTL,2025-03-28,2025-03-30,532.01,110.13,15.43,history,657.57,1.0,642.14,642.14,0.0,0.0,642.14,642.14,0.0,15.43
2025-03-31,SHP02111,CARA,CC-105,LTL,2025-03-28,2025-03-31,361.56,74.84,14.94,history,451.34,1.0,436.4,436.4,0.0,0.0,436.4,436.4,0.0,14.94
2025-03-31,SHP02112,CARD,CC-104,LTL,2025-03-28,2025-03-30,110.0,22.77,17.06,history,149.83,1.0,132.58,132.58,0.0,0.0,132.58,132.58,0.0,17.25
2025-03-31,SHP02115,CARD,CC-102,LTL,2025-03-29,2025-03-31,225.37,46.65,17.06,history,289.08,1.0,272.02,272.02,0.0,0.0,272.02,272.02,0.0,17.06
2025-03-31,SHP02116,CARC,CC-101,LTL,2025-03-29,2025-03-30,263.45,54.53,16.42,history,334.4,1.0,317.98,317.98,0.0,0.0,317.98,317.98,0.0,16.42
2025-03-31,SHP02117,CARB,CC-104,LTL,2025-03-29,2025-03-30,219.07,45.35,15.43,history,279.85,1.0,264.42,264.42,0.0,0.0,264.42,264.42,0.0,15.43
2025-03-31,SHP02119,CARE,CC-101,LTL,2025-03-29,2025-03-30,172.31,35.67,24.9,history,232.88,1.0,207.98,207.98,0.0,0.0,207.98,207.98,0.0,24.9
2025-03-31,SHP02120,CARB,CC-104,LTL,2025-03-29,2025-03-30,110.0,22.77,15.43,history,148.2,1.0,132.77,132.77,0.0,0.0,132.77,132.77,0.0,15.43
2025-03-31,SHP02122,CARA,CC-101,LTL,2025-03-29,2025-03-31,164.89,34.13,14.94,history,213.96,1.0,199.02,199.02,0.0,0.0,199.02,199.02,0.0,14.94
2025-03-31,SHP02127,CARA,CC-105,LTL,2025-03-29,2025-03-31,473.95,98.11,14.94,history,587.0,1.0,572.06,572.06,0.0,0.0,572.06,572.06,0.0,14.94
2025-03-31,SHP02129,CARG,CC-105,TL,2025-03-29,2025-03-30,519.2,91.57,21.69,history,632.46,1.0,610.77,610.77,0.0,0.0,610.77,610.77,0.0,21.69
2025-03-31,SHP02130,CARB,CC-102,LTL,2025-03-29,2025-03-31,238.8,49.43,15.43,history,303.66,1.0,288.23,288.23,0.0,0.0,288.23,288.23,0.0,15.43
2025-03-31,SHP02132,CARB,CC-104,LTL,2025-03-29,2025-03-30,110.0,22.77,15.43,history,148.2,2.0,265.54,265.54,0.0,132.77,132.77,132.77,0.0,15.43
2025-03-31,SHP02133,CARB,CC-104,LTL,2025-03-29,2025-03-30,424.48,87.87,15.43,history,527.78,1.0,512.35,512.35,0.0,0.0,512.35,512.35,0.0,15.43
2025-03-31,SHP02135,CARD,CC-101,LTL,2025-03-29,2025-03-31,110.0,22.77,17.06,history,149.83,1.0,132.77,132.77,0.0,0.0,132.77,132.77,0.0,17.06
2025-03-31,SHP02136,CARH,CC-101,TL,2025-03-29,2025-03-30,968.31,185.08,21.28,history,1174.67,1.0,1153.39,1153.39,0.0,0.0,1153.39,1153.39,0.0,21.28
2025-03-31,SHP02137,CARE,CC-104,LTL,2025-03-29,2025-03-31,294.4,60.94,24.9,history,380.24,1.0,450.34,355.34,95.0,95.0,355.34,355.34,0.0,24.9
2025-03-31,SHP02138,CARE,CC-105,LTL,2025-03-29,2025-03-31,445.42,92.2,24.9,history,562.52,1.0,537.5,537.5,0.0,0.0,537.5,537.5,0.0,25.02
2025-03-31,SHP02154,CARE,CC-101,LTL,2025-03-30,2025-03-31,110.0,22.77,24.9,history,157.67,1.0,257.77,132.77,125.0,0.0,257.77,132.77,125.0,-100.1
2025-03-31,SHP02163,CARB,CC-102,LTL,2025-03-30,2025-03-31,282.74,58.53,15.43,history,356.7,1.0,466.27,341.27,125.0,0.0,466.27,341.27,125.0,-109.57
2025-03-31,SHP02169,CARB,CC-101,LTL,2025-03-30,2025-03-31,171.3,35.46,15.43,history,222.19,1.0,301.76,206.76,95.0,0.0,301.76,206.76,95.0,-79.57
2025-04-30,SHP01364,CARH,CC-102,TL,2025-02-27,2025-03-01,555.12,101.43,18.41,history,674.96,1.0,656.55,656.55,0.0,0.0,656.55,656.55,0.0,18.41
2025-04-30,SHP01535,CARH,CC-104,TL,2025-03-06,2025-03-08,1536.12,297.56,18.41,history,1852.09,1.0,1833.68,1833.68,0.0,0.0,1833.68,1833.68,0.0,18.41
2025-04-30,SHP01626,CARG,CC-102,TL,2025-03-09,2025-03-12,1875.43,332.34,14.31,history,2222.08,1.0,2207.77,2207.77,0.0,0.0,2207.77,2207.77,0.0,14.31
2025-04-30,SHP01646,CARD,CC-103,LTL,2025-03-10,2025-03-13,896.0,185.47,20.37,history,1101.84,1.0,1081.47,1081.47,0.0,0.0,1081.47,1081.47,0.0,20.37
2025-04-30,SHP01651,CARB,CC-104,LTL,2025-03-10,2025-03-13,420.51,87.05,18.27,history,525.83,1.0,507.56,507.56,0.0,0.0,507.56,507.56,0.0,18.27
2025-04-30,SHP01661,CARD,CC-103,LTL,2025-03-11,2025-03-15,741.02,153.39,20.37,history,914.78,1.0,894.41,894.41,0.0,0.0,894.41,894.41,0.0,20.37
2025-04-30,SHP01710,CARB,CC-104,LTL,2025-03-12,2025-03-14,110.0,22.77,18.27,history,151.04,1.0,132.77,132.77,0.0,0.0,132.77,132.77,0.0,18.27
2025-04-30,SHP01716,CARG,CC-101,TL,2025-03-13,2025-03-18,4656.96,792.79,14.31,history,5464.06,1.0,5449.75,5449.75,0.0,0.0,5449.75,5449.75,0.0,14.31
2025-04-30,SHP01742,CARB,CC-102,LTL,2025-03-14,2025-03-16,310.86,64.35,18.27,history,393.48,1.0,375.21,375.21,0.0,0.0,375.21,375.21,0.0,18.27
2025-04-30,SHP01746,CARH,CC-102,TL,2025-03-14,2025-03-16,555.12,98.0,18.41,history,671.53,1.0,653.12,653.12,0.0,0.0,653.12,653.12,0.0,18.41
2025-04-30,SHP01755,CARG,CC-104,TL,2025-03-14,2025-03-20,5133.3,919.01,14.31,history,6066.62,1.0,6052.31,6052.31,0.0,0.0,6052.31,6052.31,0.0,14.31
2025-04-30,SHP01808,CARA,CC-101,LTL,2025-03-16,2025-03-20,701.67,145.25,16.55,history,863.47,1.0,971.92,846.92,125.0,0.0,971.92,846.92,125.0,-108.45
2025-04-30,SHP01847,CARD,CC-102,LTL,2025-03-18,2025-03-21,835.53,172.95,20.37,history,1028.85,1.0,1008.48,1008.48,0.0,0.0,1008.48,1008.48,0.0,20.37
2025-04-30,SHP01850,CARH,CC-102,TL,2025-03-18,2025-03-21,1308.34,244.97,18.41,history,1571.72,1.0,1553.31,1553.31,0.0,0.0,1553.31,1553.31,0.0,18.41
2025-04-30,SHP01856,CARE,CC-102,LTL,2025-03-18,2025-03-22,1124.33,232.74,23.35,history,1380.42,1.0,1357.07,1357.07,0.0,0.0,1357.07,1357.07,0.0,23.35
2025-04-30,SHP01881,CARE,CC-102,LTL,2025-03-19,2025-03-24,1500.96,310.7,23.35,history,1835.01,1.0,1811.66,1811.66,0.0,0.0,1811.66,1811.66,0.0,23.35
2025-04-30,SHP01919,CARD,CC-104,LTL,2025-03-20,2025-03-22,188.06,38.93,20.37,history,247.36,1.0,226.99,226.99,0.0,0.0,226.99,226.99,0.0,20.37
2025-04-30,SHP01938,CARF,CC-104,TL,2025-03-21,2025-03-22,531.18,88.83,13.51,history,633.52,1.0,620.01,620.01,0.0,0.0,620.01,620.01,0.0,13.51
2025-04-30,SHP01952,CARB,CC-102,LTL,2025-03-22,2025-03-25,292.7,60.59,18.27,history,371.56,1.0,353.29,353.29,0.0,0.0,353.29,353.29,0.0,18.27
2025-04-30,SHP01969,CARG,CC-104,TL,2025-03-23,2025-03-28,5133.3,943.11,14.31,history,6090.72,1.0,6076.41,6076.41,0.0,0.0,6076.41,6076.41,0.0,14.31
2025-04-30,SHP01992,CARD,CC-102,LTL,2025-03-24,2025-03-27,399.31,82.66,20.37,history,502.34,1.0,481.97,481.97,0.0,0.0,481.97,481.97,0.0,20.37
2025-04-30,SHP01993,CARD,CC-104,LTL,2025-03-24,2025-03-26,353.03,73.08,20.37,history,446.48,1.0,426.11,426.11,0.0,0.0,426.11,426.11,0.0,20.37
2025-04-30,SHP01999,CARD,CC-102,LTL,2025-03-24,2025-03-27,265.5,54.96,20.37,history,340.83,1.0,320.46,320.46,0.0,0.0,320.46,320.46,0.0,20.37
2025-04-30,SHP02010,CARD,CC-104,LTL,2025-03-24,2025-03-26,169.86,35.16,20.37,history,225.39,1.0,300.02,205.02,95.0,0.0,300.02,205.02,95.0,-74.63
2025-04-30,SHP02022,CARD,CC-103,LTL,2025-03-25,2025-03-31,679.4,140.64,20.37,history,840.41,1.0,945.04,820.04,125.0,0.0,945.04,820.04,125.0,-104.63
2025-04-30,SHP02025,CARE,CC-105,LTL,2025-03-25,2025-03-26,170.9,35.38,23.35,history,229.63,1.0,206.28,206.28,0.0,0.0,206.28,206.28,0.0,23.35
2025-04-30,SHP02029,CARD,CC-103,LTL,2025-03-25,2025-03-28,903.0,186.92,20.37,history,1110.29,1.0,1090.58,1090.58,0.0,0.0,1090.58,1090.58,0.0,19.71
2025-04-30,SHP02037,CARG,CC-101,TL,2025-03-25,2025-03-28,1614.45,273.54,14.31,history,1902.3,1.0,2069.77,2069.77,0.0,181.78,1887.99,1887.99,0.0,14.31
2025-04-30,SHP02038,CARH,CC-101,TL,2025-03-25,2025-03-29,3623.36,675.9,18.41,history,4317.67,1.0,4299.26,4299.26,0.0,0.0,4299.26,4299.26,0.0,18.41
2025-04-30,SHP02040,CARD,CC-103,LTL,2025-03-25,2025-03-31,779.27,161.31,20.37,history,960.95,1.0,940.58,940.58,0.0,0.0,940.58,940.58,0.0,20.37
2025-04-30,SHP02063,CARD,CC-102,LTL,2025-03-26,2025-03-28,577.29,119.5,20.37,history,717.16,1.0,696.79,696.79,0.0,0.0,696.79,696.79,0.0,20.37
2025-04-30,SHP02072,CARE,CC-104,LTL,2025-03-27,2025-03-30,221.8,45.91,23.35,history,291.06,1.0,267.71,267.71,0.0,0.0,267.71,267.71,0.0,23.35
2025-04-30,SHP02077,CARD,CC-102,LTL,2025-03-27,2025-03-30,328.83,68.07,20.37,history,417.27,2.0,491.9,396.9,95.0,0.0,491.9,396.9,95.0,-74.63
2025-04-30,SHP02080,CARD,CC-103,LTL,2025-03-27,2025-04-02,242.14,50.12,20.37,history,312.63,1.0,292.26,292.26,0.0,0.0,292.26,292.26,0.0,20.37
2025-04-30,SHP02082,CARH,CC-103,TL,2025-03-27,2025-03-28,1100.9,211.46,18.41,history,1330.77,1.0,1312.36,1312.36,0.0,0.0,1312.36,1312.36,0.0,18.41
2025-04-30,SHP02090,CARA,CC-103,LTL,2025-03-28,2025-04-01,2298.5,475.79,16.55,history,2790.84,1.0,2774.29,2774.29,0.0,0.0,2774.29,2774.29,0.0,16.55
2025-04-30,SHP02094,CARD,CC-102,LTL,2025-03-28,2025-03-31,256.1,53.01,20.37,history,329.48,1.0,309.11,309.11,0.0,0.0,309.11,309.11,0.0,20.37
2025-04-30,SHP02120,CARB,CC-104,LTL,2025-03-29,2025-03-30,110.0,22.77,18.27,history,151.04,1.0,132.77,132.77,0.0,0.0,132.77,132.77,0.0,18.27
2025-04-30,SHP02139,CARB,CC-103,LTL,2025-03-29,2025-04-02,1233.59,255.35,18.27,history,1507.21,1.0,1488.94,1488.94,0.0,0.0,1488.94,1488.94,0.0,18.27
2025-04-30,SHP02149,CARE,CC-104,LTL,2025-03-30,2025-04-01,554.39,114.76,23.35,history,692.5,1.0,669.15,669.15,0.0,0.0,669.15,669.15,0.0,23.35
2025-04-30,SHP02150,CARE,CC-103,LTL,2025-03-30,2025-04-03,1074.41,222.4,23.35,history,1320.16,1.0,1296.81,1296.81,0.0,0.0,1296.81,1296.81,0.0,23.35
2025-04-30,SHP02154,CARE,CC-101,LTL,2025-03-30,2025-03-31,110.0,22.77,23.35,history,156.12,1.0,257.77,132.77,125.0,0.0,257.77,132.77,125.0,-101.65
2025-04-30,SHP02159,CARE,CC-101,LTL,2025-03-30,2025-04-04,2079.33,430.42,23.35,history,2533.1,1.0,2604.75,2509.75,95.0,0.0,2604.75,2509.75,95.0,-71.65
2025-04-30,SHP02164,CARD,CC-105,LTL,2025-03-30,2025-04-01,590.04,122.14,20.37,history,732.55,1.0,837.39,712.39,125.0,0.0,837.39,712.39,125.0,-104.84
2025-04-30,SHP02168,CARA,CC-103,LTL,2025-03-30,2025-04-04,342.36,70.87,16.55,history,429.78,1.0,413.23,413.23,0.0,0.0,413.23,413.23,0.0,16.55
2025-04-30,SHP02171,CARH,CC-102,TL,2025-03-31,2025-04-01,555.12,99.03,18.41,history,672.56,1.0,654.15,654.15,0.0,0.0,654.15,654.15,0.0,18.41
2025-04-30,SHP02174,CARB,CC-104,LTL,2025-03-31,2025-04-04,617.58,127.84,18.27,history,763.69,1.0,870.42,745.42,125.0,0.0,870.42,745.42,125.0,-106.73
2025-04-30,SHP02175,CARB,CC-102,LTL,2025-03-31,2025-04-02,300.41,62.18,18.27,history,380.86,1.0,487.59,362.59,125.0,0.0,487.59,362.59,125.0,-106.73
2025-04-30,SHP02176,CARE,CC-104,LTL,2025-03-31,2025-04-02,237.89,49.24,23.35,history,310.48,1.0,287.13,287.13,0.0,0.0,287.13,287.13,0.0,23.35
2025-04-30,SHP02193,CARB,CC-101,LTL,2025-03-31,2025-04-02,481.22,99.61,18.27,history,599.1,1.0,580.83,580.83,0.0,0.0,580.83,580.83,0.0,18.27
2025-04-30,SHP02199,CARD,CC-101,LTL,2025-03-31,2025-04-01,110.0,22.77,20.37,history,153.14,1.0,132.77,132.77,0.0,0.0,132.77,132.77,0.0,20.37
2025-04-30,SHP02201,CARB,CC-103,LTL,2025-04-01,2025-04-05,833.6,172.56,18.27,history,1024.43,1.0,1006.16,1006.16,0.0,0.0,1006.16,1006.16,0.0,18.27
2025-04-30,SHP02211,CARE,CC-104,LTL,2025-04-01,2025-04-04,200.89,41.58,23.35,history,265.82,1.0,242.34,242.34,0.0,0.0,242.34,242.34,0.0,23.48
2025-04-30,SHP02215,CARD,CC-103,LTL,2025-04-01,2025-04-03,952.39,197.14,20.37,history,1169.9,1.0,1149.53,1149.53,0.0,0.0,1149.53,1149.53,0.0,20.37
2025-04-30,SHP02223,CARF,CC-102,TL,2025-04-02,2025-04-05,2408.9,420.01,13.51,history,2842.42,1.0,2828.91,2828.91,0.0,0.0,2828.91,2828.91,0.0,13.51
2025-04-30,SHP02224,CARD,CC-103,LTL,2025-04-02,2025-04-06,634.83,131.41,20.37,history,786.61,1.0,766.24,766.24,0.0,0.0,766.24,766.24,0.0,20.37
2025-04-30,SHP02227,CARB,CC-101,LTL,2025-04-02,2025-04-08,1128.92,233.69,18.27,history,1380.88,1.0,1362.61,1362.61,0.0,0.0,1362.61,1362.61,0.0,18.27
2025-04-30,SHP02229,CARD,CC-103,LTL,2025-04-02,2025-04-05,110.0,22.77,20.37,history,153.14,1.0,132.77,132.77,0.0,0.0,132.77,132.77,0.0,20.37
2025-04-30,SHP02236,CARE,CC-105,LTL,2025-04-02,2025-04-04,684.48,141.69,23.35,history,849.52,1.0,826.17,826.17,0.0,0.0,826.17,826.17,0.0,23.35
2025-04-30,SHP02243,CARD,CC-102,LTL,2025-04-02,2025-04-03,116.13,24.04,20.37,history,160.54,1.0,139.88,139.88,0.0,0.0,139.88,139.88,0.0,20.66
2025-04-30,SHP02248,CARH,CC-104,TL,2025-04-03,2025-04-05,450.0,77.84,18.41,history,546.25,1.0,527.84,527.84,0.0,0.0,527.84,527.84,0.0,18.41
2025-04-30,SHP02256,CARG,CC-104,TL,2025-04-03,2025-04-05,1750.17,297.09,14.31,history,2061.57,1.0,2047.26,2047.26,0.0,0.0,2047.26,2047.26,0.0,14.31
2025-04-30,SHP02262,CARD,CC-103,LTL,2025-04-03,2025-04-05,110.0,22.77,20.37,history,153.14,1.0,132.77,132.77,0.0,0.0,132.77,132.77,0.0,20.37
2025-04-30,SHP02275,CARH,CC-101,TL,2025-04-03,2025-04-07,3623.36,671.25,18.41,history,4313.02,1.0,4369.61,4294.61,75.0,0.0,4369.61,4294.61,75.0,-56.59
2025-04-30,SHP02276,CARD,CC-103,LTL,2025-04-03,2025-04-06,365.36,75.63,20.37,history,461.36,1.0,440.99,440.99,0.0,0.0,440.99,440.99,0.0,20.37
2025-04-30,SHP02278,CARD,CC-104,LTL,2025-04-04,2025-04-07,907.62,187.88,20.37,history,1115.87,1.0,1190.5,1095.5,95.0,0.0,1190.5,1095.5,95.0,-74.63
2025-04-30,SHP02279,CARD,CC-103,LTL,2025-04-04,2025-04-10,546.13,113.05,20.37,history,679.55,1.0,659.18,659.18,0.0,0.0,659.18,659.18,0.0,20.37
2025-04-30,SHP02287,CARD,CC-105,LTL,2025-04-04,2025-04-07,380.64,78.79,20.37,history,479.8,1.0,459.43,459.43,0.0,0.0,459.43,459.43,0.0,20.37
2025-04-30,SHP02297,CARB,CC-104,LTL,2025-04-04,2025-04-05,552.0,114.26,18.27,history,684.53,1.0,666.26,666.26,0.0,0.0,666.26,666.26,0.0,18.27
2025-04-30,SHP02302,CARB,CC-101,LTL,2025-04-04,2025-04-06,262.29,54.29,18.27,history,334.85,1.0,441.58,316.58,125.0,0.0,441.58,316.58,125.0,-106.73
2025-04-30,SHP02306,CARD,CC-102,LTL,2025-04-05,2025-04-08,540.19,111.82,20.37,history,672.38,1.0,652.01,652.01,0.0,0.0,652.01,652.01,0.0,20.37
2025-04-30,SHP02309,CARB,CC-102,LTL,2025-04-05,2025-04-10,604.5,125.13,18.27,history,747.9,1.0,729.63,729.63,0.0,0.0,729.63,729.63,0.0,18.27
2025-04-30,SHP02313,CARB,CC-102,LTL,2025-04-05,2025-04-07,369.46,76.48,18.27,history,464.21,1.0,445.94,445.94,0.0,0.0,445.94,445.94,0.0,18.27
2025-04-30,SHP02314,CARC,CC-104,LTL,2025-04-05,2025-04-12,1827.3,378.25,19.64,history,2225.19,1.0,2205.55,2205.55,0.0,0.0,2205.55,2205.55,0.0,19.64
2025-04-30,SHP02318,CARD,CC-105,LTL,2025-04-05,2025-04-08,110.0,22.77,20.37,history,153.14,1.0,132.7,132.7,0.0,0.0,132.7,132.7,0.0,20.44
2025-04-30,SHP02321,CARG,CC-103,TL,2025-04-05,2025-04-08,2361.68,429.26,14.31,history,2805.25,1.0,2790.94,2790.94,0.0,0.0,2790.94,2790.94,0.0,14.31
2025-04-30,SHP02326,CARD,CC-105,LTL,2025-04-05,2025-04-07,484.0,100.19,20.37,history,604.56,1.0,584.19,584.19,0.0,0.0,584.19,584.19,0.0,20.37
2025-04-30,SHP02328,CARA,CC-101,LTL,2025-04-05,2025-04-08,775.78,160.59,16.55,history,952.92,1.0,936.37,936.37,0.0,0.0,936.37,936.37,0.0,16.55
2025-04-30,SHP02329,CARA,CC-105,LTL,2025-04-05,2025-04-09,1049.2,217.18,16.55,history,1282.93,1.0,1266.38,1266.38,0.0,0.0,1266.38,1266.38,0.0,16.55
2025-04-30,SHP02331,CARD,CC-103,LTL,2025-04-06,2025-04-12,1122.77,232.41,20.37,history,1375.55,1.0,1355.18,1355.18,0.0,0.0,1355.18,1355.18,0.0,20.37
2025-04-30,SHP02336,CARB,CC-102,LTL,2025-04-06,2025-04-09,242.11,50.12,18.27,history,310.5,1.0,387.23,292.23,95.0,0.0,387.23,292.23,95.0,-76.73
2025-04-30,SHP02343,CARD,CC-102,LTL,2025-04-06,2025-04-08,290.42,60.12,20.37,history,370.91,1.0,445.54,350.54,95.0,0.0,445.54,350.54,95.0,-74.63
2025-04-30,SHP02344,CARH,CC-105,TL,2025-04-06,2025-04-11,4695.6,861.61,18.41,history,5575.62,1.0,5557.21,5557.21,0.0,0.0,5557.21,5557.21,0.0,18.41
2025-04-30,SHP02354,CARD,CC-103,LTL,2025-04-06,2025-04-09,866.55,179.38,20.37,history,1066.3,1.0,1140.93,1045.93,95.0,0.0,1140.93,1045.93,95.0,-74.63
2025-04-30,SHP02357,CARD,CC-104,LTL,2025-04-06,2025-04-08,154.04,31.89,20.37,history,206.3,1.0,185.93,185.93,0.0,0.0,185.93,185.93,0.0,20.37
2025-04-30,SHP02362,CARA,CC-103,LTL,2025-04-07,2025-04-12,874.9,181.1,16.55,history,1072.55,1.0,1056.0,1056.0,0.0,0.0,1056.0,1056.0,0.0,16.55
2025-04-30,SHP02365,CARE,CC-105,LTL,2025-04-07,2025-04-09,1062.0,219.83,23.35,history,1305.18,1.0,1281.83,1281.83,0.0,0.0,1281.83,1281.83,0.0,23.35
2025-04-30,SHP02368,CARG,CC-103,TL,2025-04-07,2025-04-10,2972.59,504.54,14.31,history,3491.44,1.0,3477.13,3477.13,0.0,0.0,3477.13,3477.13,0.0,14.31
2025-04-30,SHP02370,CARD,CC-104,LTL,2025-04-07,2025-04-10,113.32,23.46,20.37,history,157.15,1.0,136.78,136.78,0.0,0.0,136.78,136.78,0.0,20.37
2025-04-30,SHP02372,CARD,CC-103,LTL,2025-04-07,2025-04-09,276.51,57.24,20.37,history,354.12,1.0,333.75,333.75,0.0,0.0,333.75,333.75,0.0,20.37
2025-04-30,SHP02377,CARG,CC-104,TL,2025-04-07,2025-04-13,5133.3,912.19,14.31,history,6059.8,1.0,6045.49,6045.49,0.0,0.0,6045.49,6045.49,0.0,14.31
2025-04-30,SHP02379,CARG,CC-101,TL,2025-04-07,2025-04-08,450.0,74.94,14.31,history,539.25,1.0,599.94,524.94,75.0,0.0,599.94,524.94,75.0,-60.69
2025-04-30,SHP02385,CARD,CC-103,LTL,2025-04-07,2025-04-09,519.21,107.48,20.37,history,647.06,1.0,721.56,626.56,95.0,0.0,721.56,626.56,95.0,-74.5
2025-04-30,SHP02386,CARD,CC-104,LTL,2025-04-07,2025-04-09,414.54,85.81,20.37,history,520.72,1.0,625.26,500.26,125.0,0.0,625.26,500.26,125.0,-104.54
2025-04-30,SHP02389,CARG,CC-102,TL,2025-04-07,2025-04-09,1875.43,318.32,14.31,history,2208.06,1.0,2193.75,2193.75,0.0,0.0,2193.75,2193.75,0.0,14.31
2025-04-30,SHP02392,CARB,CC-104,LTL,2025-04-07,2025-04-09,270.6,56.01,18.27,history,344.88,1.0,326.61,326.61,0.0,0.0,326.61,326.61,0.0,18.27
2025-04-30,SHP02398,CARG,CC-105,TL,2025-04-08,2025-04-10,519.2,89.33,14.31,history,622.84,1.0,608.53,608.53,0.0,0.0,608.53,608.53,0.0,14.31
2025-04-30,SHP02402,CARH,CC-104,TL,2025-04-08,2025-04-10,824.0,151.4,18.41,history,993.81,1.0,975.4,975.4,0.0,0.0,975.4,975.4,0.0,18.41
2025-04-30,SHP02403,CARE,CC-102,LTL,2025-04-08,2025-04-11,812.75,168.24,23.35,history,1004.34,1.0,980.99,980.99,0.0,0.0,980.99,980.99,0.0,23.35
2025-04-30,SHP02412,CARE,CC-102,LTL,2025-04-08,2025-04-10,357.29,73.96,23.35,history,454.6,1.0,432.24,432.24,0.0,0.0,432.24,432.24,0.0,22.36
2025-04-30,SHP02413,CARB,CC-104,LTL,2025-04-08,2025-04-10,347.84,72.0,18.27,history,438.11,1.0,419.84,419.84,0.0,0.0,419.84,419.84,0.0,18.27
2025-04-30,SHP02417,CARB,CC-104,LTL,2025-04-08,2025-04-10,110.0,22.77,18.27,history,151.04,1.0,132.77,132.77,0.0,0.0,132.77,132.77,0.0,18.27
2025-04-30,SHP02423,CARB,CC-101,LTL,2025-04-08,2025-04-09,198.9,41.17,18.27,history,258.34,1.0,240.07,240.07,0.0,0.0,240.07,240.07,0.0,18.27
2025-04-30,SHP02427,CARD,CC-101,LTL,2025-04-09,2025-04-10,269.54,55.79,20.37,history,345.7,1.0,325.33,325.33,0.0,0.0,325.33,325.33,0.0,20.37
2025-04-30,SHP02432,CARA,CC-101,LTL,2025-04-09,2025-04-13,671.0,138.9,16.55,history,826.45,1.0,809.9,809.9,0.0,0.0,809.9,809.9,0.0,16.55
2025-04-30,SHP02433,CARH,CC-103,TL,2025-04-09,2025-04-10,1100.9,206.28,18.41,history,1325.59,1.0,1355.64,1355.64,0.0,48.46,1307.18,1307.18,0.0,18.41
2025-04-30,SHP02438,CARD,CC-105,LTL,2025-04-09,2025-04-11,593.63,122.88,20.37,history,736.88,1.0,716.51,716.51,0.0,0.0,716.51,716.51,0.0,20.37
2025-04-30,SHP02440,CARB,CC-102,LTL,2025-04-09,2025-04-14,641.0,132.69,18.27,history,791.96,1.0,898.69,773.69,125.0,0.0,898.69,773.69,125.0,-106.73
2025-04-30,SHP02443,CARE,CC-104,LTL,2025-04-09,2025-04-11,236.61,48.98,23.35,history,308.94,1.0,285.79,285.79,0.0,0.0,285.79,285.79,0.0,23.15
2025-04-30,SHP02444,CARH,CC-101,TL,2025-04-09,2025-04-14,3623.36,659.35,18.41,history,4301.12,1.0,4582.71,4282.71,300.0,300.0,4282.71,4282.71,0.0,18.41
2025-04-30,SHP02446,CARB,CC-101,LTL,2025-04-10,2025-04-14,1604.24,332.08,18.27,history,1954.59,1.0,1936.32,1936.32,0.0,0.0,1936.32,1936.32,0.0,18.27
2025-04-30,SHP02447,CARB,CC-104,LTL,2025-04-10,2025-04-12,306.2,63.38,18.27,history,387.85,1.0,369.58,369.58,0.0,0.0,369.58,369.58,0.0,18.27
2025-04-30,SHP02448,CARD,CC-101,LTL,2025-04-10,2025-04-12,110.0,22.77,20.37,history,153.14,1.0,227.77,132.77,95.0,0.0,227.77,132.77,95.0,-74.63
2025-04-30,SHP02454,CARD,CC-104,LTL,2025-04-10,2025-04-11,110.0,22.77,20.37,history,153.14,1.0,132.77,132.77,0.0,0.0,132.77,132.77,0.0,20.37
2025-04-30,SHP02455,CARF,CC-104,TL,2025-04-10,2025-04-12,1279.04,216.12,13.51,history,1508.67,1.0,1495.16,1495.16,0.0,0.0,1495.16,1495.16,0.0,13.51
2025-04-30,SHP02457,CARF,CC-103,TL,2025-04-10,2025-04-15,4876.3,762.68,13.51,history,5652.49,1.0,5638.98,5638.98,0.0,0.0,5638.98,5638.98,0.0,13.51
2025-04-30,SHP02458,CARB,CC-104,LTL,2025-04-10,2025-04-12,110.0,22.77,18.27,history,151.04,1.0,132.77,132.77,0.0,0.0,132.77,132.77,0.0,18.27
2025-04-30,SHP02464,CARD,CC-101,LTL,2025-04-10,2025-04-14,371.85,76.97,20.37,history,469.19,1.0,543.82,448.82,95.0,0.0,543.82,448.82,95.0,-74.63
2025-04-30,SHP02465,CARB,CC-104,LTL,2025-04-10,2025-04-11,222.28,46.01,18.27,history,286.56,1.0,363.3,268.3,95.0,0.0,363.3,268.3,95.0,-76.74
2025-04-30,SHP02466,CARD,CC-104,LTL,2025-04-10,2025-04-17,916.84,189.79,20.37,history,1127.0,1.0,1201.63,1106.63,95.0,0.0,1201.63,1106.63,95.0,-74.63
2025-04-30,SHP02467,CARC,CC-102,LTL,2025-04-10,2025-04-12,570.2,118.03,19.64,history,707.87,1.0,783.23,688.23,95.0,0.0,783.23,688.23,95.0,-75.36
2025-04-30,SHP02474,CARF,CC-104,TL,2025-04-11,2025-04-14,1694.04,281.23,13.51,history,1988.78,1.0,1975.27,1975.27,0.0,0.0,1975.27,1975.27,0.0,13.51
2025-04-30,SHP02476,CARB,CC-104,LTL,2025-04-11,2025-04-16,2848.81,589.7,18.27,history,3456.78,1.0,3838.49,3838.49,0.0,399.98,3438.51,3438.51,0.0,18.27
2025-04-30,SHP02477,CARF,CC-104,TL,2025-04-11,2025-04-15,4710.56,755.49,13.51,history,5479.56,1.0,5466.05,5466.05,0.0,0.0,5466.05,5466.05,0.0,13.51
2025-04-30,SHP02479,CARH,CC-102,TL,2025-04-11,2025-04-15,3850.12,721.42,18.41,history,4589.95,1.0,4571.54,4571.54,0.0,0.0,4571.54,4571.54,0.0,18.41
2025-04-30,SHP02483,CARB,CC-101,LTL,2025-04-11,2025-04-15,1360.54,281.63,18.27,history,1660.44,1.0,1767.17,1642.17,125.0,0.0,1767.17,1642.17,125.0,-106.73
2025-04-30,SHP02484,CARD,CC-103,LTL,2025-04-11,2025-04-15,700.52,145.01,20.37,history,865.9,1.0,845.53,845.53,0.0,0.0,845.53,845.53,0.0,20.37
2025-04-30,SHP02486,CARH,CC-105,TL,2025-04-11,2025-04-13,598.23,109.39,18.41,history,726.03,1.0,707.62,707.62,0.0,0.0,707.62,707.62,0.0,18.41
2025-04-30,SHP02487,CARA,CC-103,LTL,2025-04-11,2025-04-15,129.83,26.87,16.55,history,173.25,1.0,156.7,156.7,0.0,0.0,156.7,156.7,0.0,16.55
2025-04-30,SHP02489,CARE,CC-102,LTL,2025-04-11,2025-04-13,482.43,99.86,23.35,history,605.64,1.0,677.29,582.29,95.0,0.0,677.29,582.29,95.0,-71.65
2025-04-30,SHP02490,CARB,CC-101,LTL,2025-04-11,2025-04-14,602.46,124.71,18.27,history,745.44,1.0,727.17,727.17,0.0,0.0,727.17,727.17,0.0,18.27
2025-04-30,SHP02493,CARC,CC-104,LTL,2025-04-11,2025-04-13,320.17,66.28,19.64,history,406.09,1.0,386.45,386.45,0.0,0.0,386.45,386.45,0.0,19.64
2025-04-30,SHP02494,CARB,CC-101,LTL,2025-04-12,2025-04-16,168.53,34.89,18.27,history,221.69,1.0,203.42,203.42,0.0,0.0,203.42,203.42,0.0,18.27
2025-04-30,SHP02495,CARG,CC-101,TL,2025-04-12,2025-04-14,1614.45,266.84,14.31,history,1895.6,1.0,1881.29,1881.29,0.0,0.0,1881.29,1881.29,0.0,14.31
2025-04-30,SHP02496,CARG,CC-104,TL,2025-04-12,2025-04-14,1750.17,291.82,14.31,history,2056.3,1.0,2041.99,2041.99,0.0,0.0,2041.99,2041.99,0.0,14.31
2025-04-30,SHP02497,CARB,CC-104,LTL,2025-04-12,2025-04-18,2692.77,557.4,18.27,history,3268.44,1.0,3250.17,3250.17,0.0,0.0,3250.17,3250.17,0.0,18.27
2025-04-30,SHP02498,CARH,CC-105,TL,2025-04-12,2025-04-13,598.23,109.39,18.41,history,726.03,1.0,707.62,707.62,0.0,0.0,707.62,707.62,0.0,18.41
2025-04-30,SHP02499,CARG,CC-103,TL,2025-04-12,2025-04-16,2972.59,504.54,14.31,history,3491.44,1.0,3480.91,3480.91,0.0,3.78,3477.13,3477.13,0.0,14.31
2025-04-30,SHP02501,CARD,CC-104,LTL,2025-04-12,2025-04-13,128.74,26.65,20.37,history,175.76,1.0,250.39,155.39,95.0,0.0,250.39,155.39,95.0,-74.63
2025-04-30,SHP02503,CARD,CC-102,LTL,2025-04-12,2025-04-15,428.97,88.8,20.37,history,538.14,1.0,517.77,517.77,0.0,0.0,517.77,517.77,0.0,20.37
2025-04-30,SHP02504,CARC,CC-104,LTL,2025-04-12,2025-04-18,530.3,109.77,19.64,history,659.71,1.0,640.07,640.07,0.0,0.0,640.07,640.07,0.0,19.64
2025-04-30,SHP02507,CARD,CC-104,LTL,2025-04-12,2025-04-14,241.3,49.95,20.37,history,311.62,1.0,291.25,291.25,0.0,0.0,291.25,291.25,0.0,20.37
2025-04-30,SHP02511,CARB,CC-101,LTL,2025-04-13,2025-04-17,345.52,71.52,18.27,history,435.31,1.0,542.04,417.04,125.0,0.0,542.04,417.04,125.0,-106.73
2025-04-30,SHP02516,CARD,CC-103,LTL,2025-04-13,2025-04-17,264.0,54.65,20.37,history,339.02,1.0,318.65,318.65,0.0,0.0,318.65,318.65,0.0,20.37
2025-04-30,SHP02517,CARE,CC-101,LTL,2025-04-13,2025-04-15,186.36,38.58,23.35,history,248.29,1.0,224.94,224.94,0.0,0.0,224.94,224.94,0.0,23.35
2025-04-30,SHP02519,CARC,CC-104,LTL,2025-04-13,2025-04-20,2583.71,534.83,19.64,history,3138.18,1.0,3118.54,3118.54,0.0,0.0,3118.54,3118.54,0.0,19.64
2025-04-30,SHP02520,CARD,CC-103,LTL,2025-04-13,2025-04-17,266.24,55.11,20.37,history,341.72,1.0,321.35,321.35,0.0,0.0,321.35,321.35,0.0,20.37
2025-04-30,SHP02523,CARH,CC-102,TL,2025-04-13,2025-04-16,1308.34,236.94,18.41,history,1563.69,1.0,1545.28,1545.28,0.0,0.0,1545.28,1545.28,0.0,18.41
2025-04-30,SHP02524,CARC,CC-102,LTL,2025-04-13,2025-04-16,672.17,139.14,19.64,history,830.95,1.0,883.15,883.15,0.0,0.0,883.15,883.15,0.0,-52.2
2025-04-30,SHP02526,CARA,CC-101,LTL,2025-04-13,2025-04-15,741.73,153.54,16.55,history,911.82,1.0,895.27,895.27,0.0,0.0,895.27,895.27,0.0,16.55
2025-04-30,SHP02529,CARH,CC-103,TL,2025-04-13,2025-04-16,3114.0,589.32,18.41,history,3721.73,1.0,3707.14,3707.14,0.0,0.0,3707.14,3707.14,0.0,14.59
2025-04-30,SHP02530,CARE,CC-104,LTL,2025-04-13,2025-04-16,1063.18,220.08,23.35,history,1306.61,1.0,1378.26,1283.26,95.0,0.0,1378.26,1283.26,95.0,-71.65
2025-04-30,SHP02533,CARG,CC-104,TL,2025-04-13,2025-04-18,5133.3,912.19,14.31,history,6059.8,1.0,6025.85,6025.85,0.0,0.0,6025.85,6025.85,0.0,33.95
2025-04-30,SHP02536,CARA,CC-103,LTL,2025-04-13,2025-04-16,387.15,80.14,16.55,history,483.84,1.0,467.29,467.29,0.0,0.0,467.29,467.29,0.0,16.55
2025-04-30,SHP02537,CARD,CC-102,LTL,2025-04-13,2025-04-16,212.64,44.02,20.37,history,277.03,1.0,256.66,256.66,0.0,0.0,256.66,256.66,0.0,20.37
2025-04-30,SHP02539,CARE,CC-104,LTL,2025-04-13,2025-04-16,402.64,83.35,23.35,history,509.34,1.0,485.99,485.99,0.0,0.0,485.99,485.99,0.0,23.35
2025-04-30,SHP02540,CARB,CC-103,LTL,2025-04-13,2025-04-16,833.6,172.56,18.27,history,1024.43,1.0,1006.16,1006.16,0.0,0.0,1006.16,1006.16,0.0,18.27
2025-04-30,SHP02541,CARD,CC-101,LTL,2025-04-13,2025-04-15,255.0,52.78,20.37,history,328.15,1.0,402.78,307.78,95.0,0.0,402.78,307.78,95.0,-74.63
2025-04-30,SHP02542,CARC,CC-104,LTL,2025-04-13,2025-04-19,1499.3,310.36,19.64,history,1829.3,1.0,1809.66,1809.66,0.0,0.0,1809.66,1809.66,0.0,19.64
2025-04-30,SHP02543,CARB,CC-104,LTL,2025-04-14,2025-04-17,185.53,38.4,18.27,history,242.2,1.0,223.93,223.93,0.0,0.0,223.93,223.93,0.0,18.27
2025-04-30,SHP02544,CARB,CC-101,LTL,2025-04-14,2025-04-16,124.95,25.86,18.27,history,169.08,1.0,150.81,150.81,0.0,0.0,150.81,150.81,0.0,18.27
2025-04-30,SHP02548,CARB,CC-101,LTL,2025-04-14,2025-04-18,1002.84,207.59,18.27,history,1228.7,1.0,1210.43,1210.43,0.0,0.0,1210.43,1210.43,0.0,18.27
2025-04-30,SHP02549,CARB,CC-102,LTL,2025-04-14,2025-04-19,143.66,29.74,18.27,history,191.67,1.0,173.4,173.4,0.0,0.0,173.4,173.4,0.0,18.27
2025-04-30,SHP02550,CARD,CC-105,LTL,2025-04-14,2025-04-16,425.34,88.05,20.37,history,533.76,1.0,513.35,513.35,0.0,0.0,513.35,513.35,0.0,20.41
2025-04-30,SHP02551,CARB,CC-104,LTL,2025-04-14,2025-04-16,249.94,51.74,18.27,history,319.95,1.0,301.35,301.35,0.0,0.0,301.35,301.35,0.0,18.6
2025-04-30,SHP02552,CARH,CC-103,TL,2025-04-14,2025-04-15,1100.9,204.56,18.41,history,1323.87,1.0,1305.46,1305.46,0.0,0.0,1305.46,1305.46,0.0,18.41
2025-04-30,SHP02553,CARB,CC-103,LTL,2025-04-14,2025-04-18,281.95,58.36,18.27,history,358.58,1.0,340.31,340.31,0.0,0.0,340.31,340.31,0.0,18.27
2025-04-30,SHP02558,CARE,CC-102,LTL,2025-04-14,2025-04-16,511.6,105.9,23.35,history,640.85,1.0,712.5,617.5,95.0,0.0,712.5,617.5,95.0,-71.65
2025-04-30,SHP02563,CARD,CC-104,LTL,2025-04-14,2025-04-17,856.51,177.3,20.37,history,1054.18,1.0,1033.81,1033.81,0.0,0.0,1033.81,1033.81,0.0,20.37
2025-04-30,SHP02567,CARA,CC-105,LTL,2025-04-14,2025-04-20,740.59,153.3,16.55,history,910.44,1.0,896.12,896.12,0.0,0.0,896.12,896.12,0.0,14.32
2025-04-30,SHP02572,CARD,CC-105,LTL,2025-04-14,2025-04-17,448.79,92.9,20.37,history,562.06,1.0,541.69,541.69,0.0,0.0,541.69,541.69,0.0,20.37
2025-04-30,SHP02573,CARH,CC-104,TL,2025-04-15,2025-04-16,824.0,150.13,18.41,history,992.54,1.0,974.13,974.13,0.0,0.0,974.13,974.13,0.0,18.41
2025-04-30,SHP02575,CARC,CC-103,LTL,2025-04-15,2025-04-19,604.49,125.13,19.64,history,749.26,1.0,729.62,729.62,0.0,0.0,729.62,729.62,0.0,19.64
2025-04-30,SHP02576,CARB,CC-101,LTL,2025-04-15,2025-04-16,338.2,70.01,18.27,history,426.48,1.0,408.21,408.21,0.0,0.0,408.21,408.21,0.0,18.27
2025-04-30,SHP02578,CARB,CC-101,LTL,2025-04-15,2025-04-19,350.75,72.61,18.27,history,441.63,1.0,423.36,423.36,0.0,0.0,423.36,423.36,0.0,18.27
2025-04-30,SHP02580,CARE,CC-104,LTL,2025-04-15,2025-04-18,432.4,89.51,23.35,history,545.26,1.0,616.91,521.91,95.0,0.0,616.91,521.91,95.0,-71.65
2025-04-30,SHP02581,CARB,CC-101,LTL,2025-04-15,2025-04-17,191.84,39.71,18.27,history,249.82,1.0,231.73,231.73,0.0,0.0,231.73,231.73,0.0,18.09
2025-04-30,SHP02582,CARH,CC-101,TL,2025-04-15,2025-04-20,3623.36,653.83,18.41,history,4295.6,1.0,4277.19,4277.19,0.0,0.0,4277.19,4277.19,0.0,18.41
2025-04-30,SHP02584,CARF,CC-104,TL,2025-04-15,2025-04-17,531.18,85.2,13.51,history,629.89,1.0,766.38,616.38,150.0,0.0,766.38,616.38,150.0,-136.49
2025-04-30,SHP02586,CARD,CC-103,LTL,2025-04-15,2025-04-18,882.32,182.64,20.37,history,1085.33,1.0,1064.96,1064.96,0.0,0.0,1064.96,1064.96,0.0,20.37
2025-04-30,SHP02588,CARB,CC-104,LTL,2025-04-15,2025-04-21,683.66,141.52,18.27,history,843.45,1.0,825.18,825.18,0.0,0.0,825.18,825.18,0.0,18.27
2025-04-30,SHP02589,CARA,CC-103,LTL,2025-04-15,2025-04-19,1980.0,409.86,16.55,history,2406.41,1.0,2484.86,2389.86,95.0,0.0,2484.86,2389.86,95.0,-78.45
2025-04-30,SHP02592,CARD,CC-102,LTL,2025-04-15,2025-04-17,514.66,106.53,20.37,history,641.56,1.0,621.19,621.19,0.0,0.0,621.19,621.19,0.0,20.37
2025-04-30,SHP02593,CARC,CC-103,LTL,2025-04-15,2025-04-19,1294.27,267.91,19.64,history,1581.82,1.0,1562.18,1562.18,0.0,0.0,1562.18,1562.18,0.0,19.64
2025-04-30,SHP02595,CARG,CC-104,TL,2025-04-15,2025-04-21,5133.3,904.55,14.31,history,6052.16,1.0,6037.85,6037.85,0.0,0.0,6037.85,6037.85,0.0,14.31
2025-04-30,SHP02596,CARC,CC-104,LTL,2025-04-15,2025-04-21,1684.31,348.65,19.64,history,2052.6,1.0,2252.96,2032.96,220.0,125.0,2127.96,2032.96,95.0,-75.36
2025-04-30,SHP02597,CARE,CC-102,LTL,2025-04-16,2025-04-19,875.47,181.22,23.35,history,1080.04,1.0,1056.69,1056.69,0.0,0.0,1056.69,1056.69,0.0,23.35
2025-04-30,SHP02598,CARB,CC-104,LTL,2025-04-16,2025-04-18,306.2,63.38,18.27,history,387.85,1.0,386.95,386.95,0.0,17.37,369.58,369.58,0.0,18.27
2025-04-30,SHP02599,CARG,CC-105,TL,2025-04-16,2025-04-18,519.2,88.58,14.31,history,622.09,1.0,907.78,607.78,300.0,300.0,607.78,607.78,0.0,14.31
2025-04-30,SHP02602,CARC,CC-105,LTL,2025-04-16,2025-04-18,447.25,92.58,19.64,history,559.47,1.0,539.83,539.83,0.0,0.0,539.83,539.83,0.0,19.64
2025-04-30,SHP02603,CARE,CC-105,LTL,2025-04-16,2025-04-19,480.69,99.5,23.35,history,603.54,1.0,580.19,580.19,0.0,0.0,580.19,580.19,0.0,23.35
2025-04-30,SHP02604,CARH,CC-102,TL,2025-04-16,2025-04-21,3850.12,715.39,18.41,history,4583.92,1.0,4565.51,4565.51,0.0,0.0,4565.51,4565.51,0.0,18.41
2025-04-30,SHP02606,CARA,CC-101,LTL,2025-04-16,2025-04-20,385.8,79.86,16.55,history,482.21,1.0,640.67,515.67,125.0,50.01,590.66,465.66,125.0,-108.45
2025-04-30,SHP02607,CARG,CC-103,TL,2025-04-16,2025-04-19,2361.68,418.12,14.31,history,2794.11,1.0,2779.8,2779.8,0.0,0.0,2779.8,2779.8,0.0,14.31
2025-04-30,SHP02608,CARB,CC-104,LTL,2025-04-16,2025-04-22,1657.6,343.12,18.27,history,2018.99,1.0,2001.23,2001.23,0.0,0.0,2001.23,2001.23,0.0,17.76
2025-04-30,SHP02609,CARH,CC-103,TL,2025-04-16,2025-04-17,1100.9,204.56,18.41,history,1323.87,1.0,1305.46,1305.46,0.0,0.0,1305.46,1305.46,0.0,18.41
2025-04-30,SHP02610,CARF,CC-102,TL,2025-04-16,2025-04-19,2408.9,409.11,13.51,history,2831.52,1.0,2818.01,2818.01,0.0,0.0,2818.01,2818.01,0.0,13.51
2025-04-30,SHP02611,CARD,CC-102,LTL,2025-04-16,2025-04-19,275.6,57.05,20.37,history,353.02,1.0,332.65,332.65,0.0,0.0,332.65,332.65,0.0,20.37
2025-04-30,SHP02613,CARG,CC-101,TL,2025-04-16,2025-04-18,1614.45,264.61,14.31,history,1893.37,1.0,1879.06,1879.06,0.0,0.0,1879.06,1879.06,0.0,14.31
2025-04-30,SHP02617,CARA,CC-102,LTL,2025-04-16,2025-04-20,599.59,124.12,16.55,history,740.26,1.0,723.71,723.71,0.0,0.0,723.71,723.71,0.0,16.55
2025-04-30,SHP02620,CARG,CC-105,TL,2025-04-16,2025-04-19,1310.4,234.21,14.31,history,1558.92,1.0,1544.61,1544.61,0.0,0.0,1544.61,1544.61,0.0,14.31
2025-04-30,SHP02621,CARB,CC-104,LTL,2025-04-16,2025-04-23,1184.75,245.24,18.27,history,1448.26,1.0,1429.99,1429.99,0.0,0.0,1429.99,1429.99,0.0,18.27
2025-04-30,SHP02622,CARB,CC-101,LTL,2025-04-16,2025-04-17,310.48,64.27,18.27,history,393.02,1.0,373.95,373.95,0.0,0.0,373.95,373.95,0.0,19.07
2025-04-30,SHP02623,CARE,CC-102,LTL,2025-04-16,2025-04-20,485.15,100.43,23.35,history,608.93,1.0,585.58,585.58,0.0,0.0,585.58,585.58,0.0,23.35
2025-04-30,SHP02624,CARA,CC-105,LTL,2025-04-16,2025-04-22,3220.0,666.54,16.55,history,3903.09,1.0,3886.54,3886.54,0.0,0.0,3886.54,3886.54,0.0,16.55
2025-04-30,SHP02625,CARD,CC-105,LTL,2025-04-16,2025-04-19,317.98,65.82,20.37,history,404.17,1.0,383.8,383.8,0.0,0.0,383.8,383.8,0.0,20.37
2025-04-30,SHP02626,CARH,CC-104,TL,2025-04-16,2025-04-18,1536.12,282.63,18.41,history,1837.16,1.0,1818.75,1818.75,0.0,0.0,1818.75,1818.75,0.0,18.41
2025-04-30,SHP02627,CARA,CC-103,LTL,2025-04-16,2025-04-22,770.8,159.56,16.55,history,946.91,1.0,930.36,930.36,0.0,0.0,930.36,930.36,0.0,16.55
2025-04-30,SHP02628,CARH,CC-103,TL,2025-04-16,2025-04-18,1100.9,204.56,18.41,history,1323.87,1.0,1307.62,1307.62,0.0,0.0,1307.62,1307.62,0.0,16.25
2025-04-30,SHP02630,CARB,CC-104,LTL,2025-04-16,2025-04-21,825.59,170.9,18.27,history,1014.76,1.0,996.49,996.49,0.0,0.0,996.49,996.49,0.0,18.27
2025-04-30,SHP02631,CARC,CC-103,LTL,2025-04-16,2025-04-18,289.67,59.96,19.64,history,369.27,1.0,349.63,349.63,0.0,0.0,349.63,349.63,0.0,19.64
2025-04-30,SHP02633,CARD,CC-102,LTL,2025-04-17,2025-04-20,197.97,40.98,20.37,history,259.32,1.0,238.95,238.95,0.0,0.0,238.95,238.95,0.0,20.37
2025-04-30,SHP02634,CARE,CC-101,LTL,2025-04-17,2025-04-18,504.05,104.34,23.35,history,631.74,1.0,608.39,608.39,0.0,0.0,608.39,608.39,0.0,23.35
2025-04-30,SHP02635,CARG,CC-101,TL,2025-04-17,2025-04-19,1614.45,264.61,14.31,history,1893.37,1.0,1879.06,1879.06,0.0,0.0,1879.06,1879.06,0.0,14.31
2025-04-30,SHP02636,CARE,CC-104,LTL,2025-04-17,2025-04-19,149.11,30.87,23.35,history,203.33,1.0,179.98,179.98,0.0,0.0,179.98,179.98,0.0,23.35
2025-04-30,SHP02637,CARA,CC-101,LTL,2025-04-17,2025-04-21,1762.78,364.9,16.55,history,2144.23,1.0,2127.68,2127.68,0.0,0.0,2127.68,2127.68,0.0,16.55
2025-04-30,SHP02639,CARH,CC-102,TL,2025-04-17,2025-04-20,2234.77,421.5,18.41,history,2674.68,1.0,2656.27,2656.27,0.0,0.0,2656.27,2656.27,0.0,18.41
2025-04-30,SHP02640,CARA,CC-103,LTL,2025-04-17,2025-04-21,772.59,159.93,16.55,history,949.07,1.0,932.52,932.52,0.0,0.0,932.52,932.52,0.0,16.55
2025-04-30,SHP02642,CARC,CC-101,LTL,2025-04-17,2025-04-19,176.9,36.62,19.64,history,233.16,1.0,213.27,213.27,0.0,0.0,213.27,213.27,0.0,19.89
2025-04-30,SHP02644,CARA,CC-104,LTL,2025-04-17,2025-04-22,3400.65,703.93,16.55,history,4121.13,1.0,4104.58,4104.58,0.0,0.0,4104.58,4104.58,0.0,16.55
2025-04-30,SHP02645,CARB,CC-105,LTL,2025-04-17,2025-04-20,520.76,107.8,18.27,history,646.83,1.0,628.56,628.56,0.0,0.0,628.56,628.56,0.0,18.27
2025-04-30,SHP02646,CARH,CC-104,TL,2025-04-17,2025-04-18,824.0,150.13,18.41,history,992.54,1.0,974.13,974.13,0.0,0.0,974.13,974.13,0.0,18.41
2025-04-30,SHP02647,CARF,CC-101,TL,2025-04-17,2025-04-21,2457.46,413.62,13.51,history,2884.59,1.0,2871.08,2871.08,0.0,0.0,2871.08,2871.08,0.0,13.51
2025-04-30,SHP02649,CARH,CC-102,TL,2025-04-17,2025-04-18,555.12,96.46,18.41,history,669.99,1.0,651.58,651.58,0.0,0.0,651.58,651.58,0.0,18.41
2025-04-30,SHP02651,CARA,CC-101,LTL,2025-04-17,2025-04-21,589.5,122.03,16.55,history,728.08,1.0,711.53,711.53,0.0,0.0,711.53,711.53,0.0,16.55
2025-04-30,SHP02653,CARB,CC-102,LTL,2025-04-17,2025-04-20,220.04,45.55,18.27,history,283.86,1.0,390.59,265.59,125.0,125.0,265.59,265.59,0.0,18.27
2025-04-30,SHP02654,CARE,CC-104,LTL,2025-04-17,2025-04-20,567.99,117.57,23.35,history,708.91,1.0,810.56,685.56,125.0,0.0,810.56,685.56,125.0,-101.65
2025-04-30,SHP02655,CARA,CC-103,LTL,2025-04-17,2025-04-22,3117.91,645.41,16.55,history,3779.87,1.0,3763.32,3763.32,0.0,0.0,3763.32,3763.32,0.0,16.55
2025-04-30,SHP02656,CARA,CC-101,LTL,2025-04-18,2025-04-22,378.62,78.37,16.55,history,473.54,1.0,456.99,456.99,0.0,0.0,456.99,456.99,0.0,16.55
2025-04-30,SHP02657,CARD,CC-101,LTL,2025-04-18,2025-04-19,247.95,51.33,20.37,history,319.65,1.0,299.28,299.28,0.0,0.0,299.28,299.28,0.0,20.37
2025-04-30,SHP02658,CARE,CC-104,LTL,2025-04-18,2025-04-19,173.2,35.85,23.35,history,232.4,1.0,209.05,209.05,0.0,0.0,209.05,209.05,0.0,23.35
2025-04-30,SHP02659,CARG,CC-103,TL,2025-04-18,2025-04-22,3133.35,557.37,14.31,history,3705.03,1.0,3690.72,3690.72,0.0,0.0,3690.72,3690.72,0.0,14.31
2025-04-30,SHP02660,CARD,CC-103,LTL,2025-04-18,2025-04-24,574.26,118.87,20.37,history,713.5,1.0,693.13,693.13,0.0,0.0,693.13,693.13,0.0,20.37
2025-04-30,SHP02661,CARB,CC-101,LTL,2025-04-18,2025-04-19,225.35,46.65,18.27,history,290.27,1.0,272.0,272.0,0.0,0.0,272.0,272.0,0.0,18.27
2025-04-30,SHP02662,CARG,CC-102,TL,2025-04-18,2025-04-20,1875.43,315.66,14.31,history,2205.4,1.0,2191.09,2191.09,0.0,0.0,2191.09,2191.09,0.0,14.31
2025-04-30,SHP02663,CARC,CC-104,LTL,2025-04-18,2025-04-24,1284.04,265.8,19.64,history,1569.48,1.0,1644.84,1549.84,95.0,0.0,1644.84,1549.84,95.0,-75.36
2025-04-30,SHP02664,CARB,CC-104,LTL,2025-04-18,2025-04-25,1657.6,343.12,18.27,history,2018.99,1.0,2000.72,2000.72,0.0,0.0,2000.72,2000.72,0.0,18.27
2025-04-30,SHP02665,CARC,CC-102,LTL,2025-04-18,2025-04-20,435.68,90.19,19.64,history,545.51,1.0,525.87,525.87,0.0,0.0,525.87,525.87,0.0,19.64
2025-04-30,SHP02666,CARF,CC-105,TL,2025-04-18,2025-04-21,1866.76,296.89,13.51,history,2177.16,1.0,2418.7,2418.7,0.0,255.05,2163.65,2163.65,0.0,13.51
2025-04-30,SHP02667,CARA,CC-102,LTL,2025-04-18,2025-04-22,658.95,136.4,16.55,history,811.9,1.0,875.18,875.18,0.0,79.83,795.35,795.35,0.0,16.55
2025-04-30,SHP02668,CARD,CC-103,LTL,2025-04-18,2025-04-22,1302.07,269.53,20.37,history,1591.97,1.0,1666.6,1571.6,95.0,0.0,1666.6,1571.6,95.0,-74.63
2025-04-30,SHP02669,CARA,CC-105,LTL,2025-04-18,2025-04-23,338.28,70.02,16.55,history,424.85,1.0,408.3,408.3,0.0,0.0,408.3,408.3,0.0,16.55
2025-04-30,SHP02670,CARH,CC-102,TL,2025-04-18,2025-04-23,3850.12,715.39,18.41,history,4583.92,1.0,4565.51,4565.51,0.0,0.0,4565.51,4565.51,0.0,18.41
2025-04-30,SHP02671,CARA,CC-103,LTL,2025-04-18,2025-04-24,1847.1,382.35,16.55,history,2246.0,1.0,2229.45,2229.45,0.0,0.0,2229.45,2229.45,0.0,16.55
2025-04-30,SHP02672,CARE,CC-102,LTL,2025-04-18,2025-04-22,816.32,168.98,23.35,history,1008.65,1.0,985.3,985.3,0.0,0.0,985.3,985.3,0.0,23.35
2025-04-30,SHP02673,CARE,CC-105,LTL,2025-04-18,2025-04-20,315.31,65.27,23.35,history,403.93,1.0,380.58,380.58,0.0,0.0,380.58,380.58,0.0,23.35
2025-04-30,SHP02674,CARC,CC-104,LTL,2025-04-18,2025-04-25,664.82,137.62,19.64,history,822.08,1.0,897.44,802.44,95.0,0.0,897.44,802.44,95.0,-75.36
2025-04-30,SHP02675,CARD,CC-103,LTL,2025-04-18,2025-04-24,1072.19,221.94,20.37,history,1314.5,1.0,1294.13,1294.13,0.0,0.0,1294.13,1294.13,0.0,20.37
2025-04-30,SHP02676,CARA,CC-105,LTL,2025-04-18,2025-04-22,347.44,71.92,16.55,history,435.91,1.0,419.36,419.36,0.0,0.0,419.36,419.36,0.0,16.55
2025-04-30,SHP02678,CARD,CC-103,LTL,2025-04-19,2025-04-23,793.53,164.26,20.37,history,978.16,1.0,957.79,957.79,0.0,0.0,957.79,957.79,0.0,20.37
2025-04-30,SHP02680,CARB,CC-103,LTL,2025-04-19,2025-04-23,466.35,96.53,18.27,history,581.15,1.0,562.97,562.97,0.0,0.0,562.97,562.97,0.0,18.18
2025-04-30,SHP02681,CARG,CC-104,TL,2025-04-19,2025-04-21,1087.75,178.28,14.31,history,1280.34,1.0,1266.03,1266.03,0.0,0.0,1266.03,1266.03,0.0,14.31
2025-04-30,SHP02682,CARG,CC-102,TL,2025-04-19,2025-04-22,3150.84,544.98,14.31,history,3710.13,1.0,3770.49,3695.49,75.0,0.0,3770.49,3695.49,75.0,-60.36
2025-04-30,SHP02684,CARD,CC-101,LTL,2025-04-19,2025-04-23,283.39,58.66,20.37,history,362.42,1.0,342.05,342.05,0.0,0.0,342.05,342.05,0.0,20.37
2025-04-30,SHP02685,CARC,CC-103,LTL,2025-04-19,2025-04-23,1677.74,347.29,19.64,history,2044.67,1.0,2025.03,2025.03,0.0,0.0,2025.03,2025.03,0.0,19.64
2025-04-30,SHP02686,CARF,CC-104,TL,2025-04-19,2025-04-22,1279.04,214.32,13.51,history,1506.87,1.0,1493.36,1493.36,0.0,0.0,1493.36,1493.36,0.0,13.51
2025-04-30,SHP02687,CARE,CC-105,LTL,2025-04-19,2025-04-24,703.41,145.61,23.35,history,872.37,1.0,849.02,849.02,0.0,0.0,849.02,849.02,0.0,23.35
2025-04-30,SHP02688,CARG,CC-104,TL,2025-04-19,2025-04-20,450.0,73.19,14.31,history,537.5,1.0,523.19,523.19,0.0,0.0,523.19,523.19,0.0,14.31
2025-04-30,SHP02689,CARA,CC-102,LTL,2025-04-19,2025-04-24,657.5,136.1,16.55,history,810.15,1.0,793.6,793.6,0.0,0.0,793.6,793.6,0.0,16.55
2025-04-30,SHP02690,CARE,CC-103,LTL,2025-04-19,2025-04-22,198.12,41.01,23.35,history,262.48,1.0,334.13,239.13,95.0,0.0,334.13,239.13,95.0,-71.65
2025-04-30,SHP02691,CARA,CC-101,LTL,2025-04-19,2025-04-23,2068.48,428.18,16.55,history,2513.21,1.0,2496.66,2496.66,0.0,0.0,2496.66,2496.66,0.0,16.55
2025-04-30,SHP02692,CARA,CC-102,LTL,2025-04-19,2025-04-21,716.69,148.35,16.55,history,881.59,1.0,865.04,865.04,0.0,0.0,865.04,865.04,0.0,16.55
2025-04-30,SHP02693,CARC,CC-104,LTL,2025-04-19,2025-04-23,311.67,64.52,19.64,history,395.83,1.0,376.19,376.19,0.0,0.0,376.19,376.19,0.0,19.64
2025-04-30,SHP02694,CARF,CC-101,TL,2025-04-19,2025-04-22,3432.0,536.73,13.51,history,3982.24,1.0,3965.6,3965.6,0.0,0.0,3965.6,3965.6,0.0,16.64
2025-04-30,SHP02695,CARA,CC-104,LTL,2025-04-19,2025-04-25,612.28,126.74,16.55,history,755.57,1.0,739.02,739.02,0.0,0.0,739.02,739.02,0.0,16.55
2025-04-30,SHP02696,CARB,CC-105,LTL,2025-04-19,2025-04-24,2139.16,442.81,18.27,history,2600.24,1.0,2581.97,2581.97,0.0,0.0,2581.97,2581.97,0.0,18.27
2025-04-30,SHP02697,CARC,CC-101,LTL,2025-04-19,2025-04-23,275.25,56.98,19.64,history,351.87,1.0,334.7,334.7,0.0,2.47,332.23,332.23,0.0,19.64
2025-04-30,SHP02698,CARG,CC-101,TL,2025-04-19,2025-04-20,621.96,106.59,14.31,history,742.86,1.0,769.28,769.28,0.0,40.73,728.55,728.55,0.0,14.31
2025-04-30,SHP02699,CARD,CC-103,LTL,2025-04-19,2025-04-23,520.49,107.74,20.37,history,648.6,1.0,628.23,628.23,0.0,0.0,628.23,628.23,0.0,20.37
2025-04-30,SHP02700,CARB,CC-104,LTL,2025-04-19,2025-04-23,543.26,112.45,18.27,history,673.98,1.0,750.71,655.71,95.0,0.0,750.71,655.71,95.0,-76.73
2025-04-30,SHP02701,CARB,CC-104,LTL,2025-04-19,2025-04-22,257.9,53.39,18.27,history,329.56,1.0,311.29,311.29,0.0,0.0,311.29,311.29,0.0,18.27
2025-04-30,SHP02702,CARD,CC-105,LTL,2025-04-19,2025-04-22,489.32,101.29,20.37,history,610.98,1.0,809.01,589.01,220.0,125.0,684.01,589.01,95.0,-73.03
2025-04-30,SHP02703,CARE,CC-105,LTL,2025-04-19,2025-04-24,1027.4,212.67,23.35,history,1263.42,1.0,1240.07,1240.07,0.0,0.0,1240.07,1240.07,0.0,23.35
2025-04-30,SHP02704,CARA,CC-103,LTL,2025-04-19,2025-04-24,291.32,60.3,16.55,history,368.17,1.0,351.62,351.62,0.0,0.0,351.62,351.62,0.0,16.55
2025-04-30,SHP02705,CARE,CC-105,LTL,2025-04-19,2025-04-20,290.4,60.11,23.35,history,373.86,1.0,350.51,350.51,0.0,0.0,350.51,350.51,0.0,23.35
2025-04-30,SHP02707,CARC,CC-102,LTL,2025-04-19,2025-04-24,3256.92,674.18,19.64,history,3950.74,1.0,3940.88,3940.88,0.0,0.0,3940.88,3940.88,0.0,9.86
2025-04-30,SHP02708,CARB,CC-102,LTL,2025-04-19,2025-04-24,1089.8,225.59,18.27,history,1333.66,1.0,1315.39,1315.39,0.0,0.0,1315.39,1315.39,0.0,18.27
2025-04-30,SHP02709,CARE,CC-105,LTL,2025-04-20,2025-04-25,229.24,47.45,23.35,history,300.04,1.0,276.69,276.69,0.0,0.0,276.69,276.69,0.0,23.35
2025-04-30,SHP02710,CARC,CC-103,LTL,2025-04-20,2025-04-23,453.06,93.78,19.64,history,566.48,2.0,641.84,546.84,95.0,0.0,641.84,546.84,95.0,-75.36
2025-04-30,SHP02711,CARC,CC-104,LTL,2025-04-20,2025-04-22,328.76,68.05,19.64,history,416.45,1.0,396.81,396.81,0.0,0.0,396.81,396.81,0.0,19.64
2025-04-30,SHP02712,CARE,CC-105,LTL,2025-04-20,2025-04-22,1591.06,329.35,23.35,history,1943.76,1.0,2452.38,2452.38,0.0,531.97,1920.41,1920.41,0.0,23.35
2025-04-30,SHP02713,CARA,CC-101,LTL,2025-04-20,2025-04-24,744.1,154.03,16.55,history,914.68,1.0,898.13,898.13,0.0,0.0,898.13,898.13,0.0,16.55
2025-04-30,SHP02714,CARB,CC-102,LTL,2025-04-20,2025-04-23,837.76,173.42,18.27,history,1029.45,1.0,1011.18,1011.18,0.0,0.0,1011.18,1011.18,0.0,18.27
2025-04-30,SHP02715,CARD,CC-104,LTL,2025-04-20,2025-04-22,186.38,38.58,20.37,history,245.33,1.0,224.96,224.96,0.0,0.0,224.96,224.96,0.0,20.37
2025-04-30,SHP02716,CARE,CC-101,LTL,2025-04-20,2025-04-22,136.75,28.31,23.35,history,188.41,1.0,165.06,165.06,0.0,0.0,165.06,165.06,0.0,23.35
2025-04-30,SHP02717,CARF,CC-101,TL,2025-04-20,2025-04-23,3432.0,536.73,13.51,history,3982.24,1.0,3968.73,3968.73,0.0,0.0,3968.73,3968.73,0.0,13.51
2025-04-30,SHP02719,CARH,CC-104,TL,2025-04-20,2025-04-23,1536.12,282.63,18.41,history,1837.16,1.0,1818.75,1818.75,0.0,0.0,1818.75,1818.75,0.0,18.41
2025-04-30,SHP02720,CARE,CC-101,LTL,2025-04-20,2025-04-26,361.3,74.79,23.35,history,459.44,1.0,436.09,436.09,0.0,0.0,436.09,436.09,0.0,23.35
2025-04-30,SHP02721,CARC,CC-103,LTL,2025-04-20,2025-04-24,1330.61,275.44,19.64,history,1625.69,1.0,1606.05,1606.05,0.0,0.0,1606.05,1606.05,0.0,19.64
2025-04-30,SHP02722,CARH,CC-102,TL,2025-04-20,2025-04-21,555.12,96.46,18.41,history,669.99,1.0,876.58,651.58,225.0,0.0,876.58,651.58,225.0,-206.59
2025-04-30,SHP02723,CARH,CC-103,TL,2025-04-20,2025-04-24,3114.0,584.39,18.41,history,3716.8,1.0,3698.39,3698.39,0.0,0.0,3698.39,3698.39,0.0,18.41
2025-04-30,SHP02724,CARB,CC-102,LTL,2025-04-20,2025-04-24,295.97,61.27,18.27,history,375.51,1.0,357.24,357.24,0.0,0.0,357.24,357.24,0.0,18.27
2025-04-30,SHP02725,CARD,CC-103,LTL,2025-04-20,2025-04-23,361.81,74.89,20.37,history,457.07,1.0,618.93,493.93,125.0,57.22,561.71,436.71,125.0,-104.64
2025-04-30,SHP02727,CARF,CC-104,TL,2025-04-20,2025-04-24,2815.48,447.77,13.51,history,3276.76,1.0,3338.25,3263.25,75.0,0.0,3338.25,3263.25,75.0,-61.49
2025-04-30,SHP02728,CARD,CC-105,LTL,2025-04-20,2025-04-21,369.04,76.39,20.37,history,465.8,1.0,445.43,445.43,0.0,0.0,445.43,445.43,0.0,20.37
2025-04-30,SHP02729,CARB,CC-102,LTL,2025-04-20,2025-04-23,243.0,50.3,18.27,history,311.57,1.0,387.9,292.9,95.0,0.0,387.9,292.9,95.0,-76.33
2025-04-30,SHP02730,CARB,CC-102,LTL,2025-04-20,2025-04-21,176.7,36.58,18.27,history,231.55,1.0,213.28,213.28,0.0,0.0,213.28,213.28,0.0,18.27
2025-04-30,SHP02731,CARC,CC-104,LTL,2025-04-20,2025-04-26,1156.2,239.33,19.64,history,1415.17,1.0,1490.53,1395.53,95.0,0.0,1490.53,1395.53,95.0,-75.36
2025-04-30,SHP02732,CARA,CC-104,LTL,2025-04-20,2025-04-21,364.93,75.54,16.55,history,457.02,1.0,440.47,440.47,0.0,0.0,440.47,440.47,0.0,16.55
2025-04-30,SHP02733,CARC,CC-101,LTL,2025-04-20,2025-04-23,449.76,93.1,19.64,history,562.5,2.0,637.86,542.86,95.0,0.0,637.86,542.86,95.0,-75.36
2025-04-30,SHP02734,CARG,CC-101,TL,2025-04-20,2025-04-22,621.96,106.59,14.31,history,742.86,1.0,776.62,776.62,0.0,48.07,728.55,728.55,0.0,14.31
2025-04-30,SHP02735,CARD,CC-103,LTL,2025-04-20,2025-04-22,505.84,104.71,20.37,history,630.92,1.0,610.55,610.55,0.0,0.0,610.55,610.55,0.0,20.37
2025-04-30,SHP02736,CARC,CC-103,LTL,2025-04-21,2025-04-24,564.18,116.79,19.64,history,700.61,1.0,680.97,680.97,0.0,0.0,680.97,680.97,0.0,19.64
2025-04-30,SHP02737,CARH,CC-102,TL,2025-04-21,2025-04-24,1694.99,309.26,18.41,history,2022.66,1.0,2005.63,2005.63,0.0,0.0,2005.63,2005.63,0.0,17.03
2025-04-30,SHP02738,CARA,CC-103,LTL,2025-04-21,2025-04-26,188.98,39.12,16.55,history,244.65,1.0,228.1,228.1,0.0,0.0,228.1,228.1,0.0,16.55
2025-04-30,SHP02739,CARC,CC-104,LTL,2025-04-21,2025-04-27,657.95,136.2,19.64,history,813.79,1.0,794.15,794.15,0.0,0.0,794.15,794.15,0.0,19.64
2025-04-30,SHP02740,CARE,CC-103,LTL,2025-04-21,2025-04-25,804.8,166.59,23.35,history,994.74,1.0,972.05,972.05,0.0,0.0,972.05,972.05,0.0,22.69
2025-04-30,SHP02741,CARB,CC-105,LTL,2025-04-21,2025-04-23,274.36,56.79,18.27,history,349.42,1.0,331.15,331.15,0.0,0.0,331.15,331.15,0.0,18.27
2025-04-30,SHP02742,CARB,CC-101,LTL,2025-04-21,2025-04-22,111.16,23.01,18.27,history,152.44,1.0,134.17,134.17,0.0,0.0,134.17,134.17,0.0,18.27
2025-04-30,SHP02743,CARB,CC-104,LTL,2025-04-21,2025-04-24,1439.77,298.03,18.27,history,1756.07,1.0,1960.94,1865.94,95.0,0.0,1960.94,1865.94,95.0,-204.87
2025-04-30,SHP02744,CARA,CC-103,LTL,2025-04-21,2025-04-26,1966.82,407.13,16.55,history,2390.5,1.0,2373.95,2373.95,0.0,0.0,2373.95,2373.95,0.0,16.55
2025-04-30,SHP02745,CARB,CC-102,LTL,2025-04-21,2025-04-24,156.75,32.45,18.27,history,207.47,1.0,189.2,189.2,0.0,0.0,189.2,189.2,0.0,18.27
2025-04-30,SHP02746,CARG,CC-105,TL,2025-04-21,2025-04-24,1310.4,237.95,14.31,history,1562.66,1.0,1548.35,1548.35,0.0,0.0,1548.35,1548.35,0.0,14.31
2025-04-30,SHP02747,CARD,CC-104,LTL,2025-04-21,2025-04-27,868.51,179.78,20.37,history,1068.66,1.0,1048.29,1048.29,0.0,0.0,1048.29,1048.29,0.0,20.37
2025-04-30,SHP02748,CARA,CC-104,LTL,2025-04-21,2025-04-23,813.51,168.4,16.55,history,998.46,1.0,1076.91,981.91,95.0,0.0,1076.91,981.91,95.0,-78.45
2025-04-30,SHP02749,CARA,CC-102,LTL,2025-04-21,2025-04-24,314.95,65.19,16.55,history,396.69,1.0,380.14,380.14,0.0,0.0,380.14,380.14,0.0,16.55
2025-04-30,SHP02750,CARA,CC-104,LTL,2025-04-21,2025-04-23,584.6,121.01,16.55,history,722.16,1.0,705.61,705.61,0.0,0.0,705.61,705.61,0.0,16.55
2025-04-30,SHP02751,CARF,CC-101,TL,2025-04-21,2025-04-23,711.9,120.12,13.51,history,845.53,1.0,832.02,832.02,0.0,0.0,832.02,832.02,0.0,13.51
2025-04-30,SHP02752,CARD,CC-104,LTL,2025-04-21,2025-04-23,491.54,101.75,20.37,history,613.66,1.0,688.29,593.29,95.0,0.0,688.29,593.29,95.0,-74.63
2025-04-30,SHP02753,CARC,CC-102,LTL,2025-04-21,2025-04-25,461.7,95.57,19.64,history,576.91,1.0,557.27,557.27,0.0,0.0,557.27,557.27,0.0,19.64
2025-04-30,SHP02754,CARG,CC-101,TL,2025-04-21,2025-04-23,621.96,108.3,14.31,history,744.57,1.0,730.26,730.26,0.0,0.0,730.26,730.26,0.0,14.31
2025-04-30,SHP02755,CARE,CC-104,LTL,2025-04-21,2025-04-24,280.37,58.04,23.35,history,361.76,1.0,338.41,338.41,0.0,0.0,338.41,338.41,0.0,23.35
2025-04-30,SHP02756,CARC,CC-101,LTL,2025-04-21,2025-04-23,338.72,70.12,19.64,history,428.48,1.0,493.18,493.18,0.0,84.35,408.83,408.83,0.0,19.65
2025-04-30,SHP02757,CARB,CC-101,LTL,2025-04-21,2025-04-23,362.89,75.12,18.27,history,456.28,1.0,438.1,438.1,0.0,0.0,438.1,438.1,0.0,18.18
2025-04-30,SHP02758,CARC,CC-102,LTL,2025-04-21,2025-04-23,249.55,51.66,19.64,history,320.85,1.0,303.45,303.45,0.0,2.24,301.21,301.21,0.0,19.64
2025-04-30,SHP02760,CARB,CC-102,LTL,2025-04-22,2025-04-23,110.0,22.77,18.27,history,151.04,1.0,257.77,132.77,125.0,0.0,257.77,132.77,125.0,-106.73
2025-04-30,SHP02762,CARD,CC-103,LTL,2025-04-22,2025-04-28,3060.3,633.48,20.37,history,3714.15,1.0,3693.78,3693.78,0.0,0.0,3693.78,3693.78,0.0,20.37
2025-04-30,SHP02763,CARA,CC-103,LTL,2025-04-22,2025-04-26,3447.75,713.68,16.55,history,4177.98,1.0,4161.43,4161.43,0.0,0.0,4161.43,4161.43,0.0,16.55
2025-04-30,SHP02764,CARA,CC-103,LTL,2025-04-22,2025-04-26,1104.6,228.65,16.55,history,1349.8,1.0,1333.21,1333.21,0.0,0.0,1333.21,1333.21,0.0,16.59
2025-04-30,SHP02765,CARF,CC-101,TL,2025-04-22,2025-04-24,711.9,120.12,13.51,history,845.53,1.0,832.02,832.02,0.0,0.0,832.02,832.02,0.0,13.51
2025-04-30,SHP02766,CARD,CC-102,LTL,2025-04-22,2025-04-25,573.33,118.68,20.37,history,712.38,1.0,692.01,692.01,0.0,0.0,692.01,692.01,0.0,20.37
2025-04-30,SHP02767,CARB,CC-102,LTL,2025-04-22,2025-04-25,1454.5,301.08,18.27,history,1773.85,1.0,1755.58,1755.58,0.0,0.0,1755.58,1755.58,0.0,18.27
2025-04-30,SHP02768,CARD,CC-102,LTL,2025-04-22,2025-04-25,176.47,36.53,20.37,history,233.37,1.0,213.0,213.0,0.0,0.0,213.0,213.0,0.0,20.37
2025-04-30,SHP02769,CARE,CC-104,LTL,2025-04-22,2025-04-24,432.4,89.51,23.35,history,545.26,1.0,593.95,593.95,0.0,0.0,593.95,593.95,0.0,-48.69
2025-04-30,SHP02770,CARD,CC-101,LTL,2025-04-22,2025-04-23,114.65,23.73,20.37,history,158.75,1.0,138.38,138.38,0.0,0.0,138.38,138.38,0.0,20.37
2025-04-30,SHP02771,CARC,CC-102,LTL,2025-04-22,2025-04-25,488.1,101.04,19.64,history,608.78,1.0,589.14,589.14,0.0,0.0,589.14,589.14,0.0,19.64
2025-04-30,SHP02772,CARB,CC-104,LTL,2025-04-22,2025-04-25,407.06,84.26,18.27,history,509.59,1.0,586.32,491.32,95.0,0.0,586.32,491.32,95.0,-76.73
2025-04-30,SHP02773,CARE,CC-105,LTL,2025-04-22,2025-04-24,636.2,131.69,23.35,history,791.24,1.0,862.89,767.89,95.0,0.0,862.89,767.89,95.0,-71.65
2025-04-30,SHP02774,CARG,CC-104,TL,2025-04-22,2025-04-24,1750.17,294.01,14.31,history,2058.49,1.0,2044.18,2044.18,0.0,0.0,2044.18,2044.18,0.0,14.31
2025-04-30,SHP02775,CARB,CC-105,LTL,2025-04-22,2025-04-25,398.03,82.39,18.27,history,498.69,1.0,480.42,480.42,0.0,0.0,480.42,480.42,0.0,18.27
2025-04-30,SHP02776,CARE,CC-105,LTL,2025-04-22,2025-04-23,110.0,22.77,23.35,history,156.12,1.0,132.77,132.77,0.0,0.0,132.77,132.77,0.0,23.35
2025-04-30,SHP02777,CARD,CC-102,LTL,2025-04-22,2025-04-26,785.0,162.5,20.37,history,967.87,2.0,1895.0,1895.0,0.0,947.5,947.5,947.5,0.0,20.37
2025-04-30,SHP02778,CARB,CC-103,LTL,2025-04-22,2025-04-26,477.06,98.75,18.27,history,594.08,1.0,575.65,575.65,0.0,0.0,575.65,575.65,0.0,18.43
2025-04-30,SHP02779,CARC,CC-104,LTL,2025-04-22,2025-04-28,744.9,154.19,19.64,history,918.73,1.0,899.09,899.09,0.0,0.0,899.09,899.09,0.0,19.64
2025-04-30,SHP02780,CARB,CC-102,LTL,2025-04-22,2025-04-23,176.7,36.58,18.27,history,231.55,1.0,213.28,213.28,0.0,0.0,213.28,213.28,0.0,18.27
2025-04-30,SHP02781,CARC,CC-104,LTL,2025-04-22,2025-04-25,226.95,46.98,19.64,history,293.57,1.0,368.93,273.93,95.0,0.0,368.93,273.93,95.0,-75.36
2025-04-30,SHP02782,CARH,CC-103,TL,2025-04-22,2025-04-24,1100.9,207.83,18.41,history,1327.14,1.0,1399.43,1399.43,0.0,90.7,1308.73,1308.73,0.0,18.41
2025-04-30,SHP02783,CARD,CC-101,LTL,2025-04-23,2025-04-24,277.31,57.4,20.37,history,355.08,1.0,334.71,334.71,0.0,0.0,334.71,334.71,0.0,20.37
2025-04-30,SHP02784,CARE,CC-105,LTL,2025-04-23,2025-04-25,535.11,110.77,23.35,history,669.23,1.0,699.63,699.63,0.0,0.0,699.63,699.63,0.0,-30.4
2025-04-30,SHP02785,CARD,CC-103,LTL,2025-04-23,2025-04-25,186.69,38.64,20.37,history,245.7,1.0,225.26,225.26,0.0,0.0,225.26,225.26,0.0,20.44
2025-04-30,SHP02786,CARE,CC-104,LTL,2025-04-23,2025-04-25,800.7,165.74,23.35,history,989.79,1.0,966.44,966.44,0.0,0.0,966.44,966.44,0.0,23.35
2025-04-30,SHP02787,CARF,CC-101,TL,2025-04-23,2025-04-27,3432.0,545.31,13.51,history,3990.82,1.0,3977.31,3977.31,0.0,0.0,3977.31,3977.31,0.0,13.51
2025-04-30,SHP02788,CARA,CC-103,LTL,2025-04-23,2025-04-26,325.74,67.43,16.55,history,409.72,1.0,393.17,393.17,0.0,0.0,393.17,393.17,0.0,16.55
2025-04-30,SHP02789,CARB,CC-104,LTL,2025-04-23,2025-04-27,311.75,64.53,18.27,history,394.55,1.0,376.28,376.28,0.0,0.0,376.28,376.28,0.0,18.27
2025-04-30,SHP02790,CARF,CC-103,TL,2025-04-23,2025-04-26,3104.86,489.25,13.51,history,3607.62,1.0,3594.11,3594.11,0.0,0.0,3594.11,3594.11,0.0,13.51
2025-04-30,SHP02791,CARC,CC-104,LTL,2025-04-23,2025-04-24,110.0,22.77,19.64,history,152.41,1.0,132.88,132.88,0.0,0.0,132.88,132.88,0.0,19.53
2025-04-30,SHP02792,CARE,CC-101,LTL,2025-04-23,2025-04-28,3865.98,800.26,23.35,history,4689.59,1.0,4826.03,4701.03,125.0,34.79,4791.24,4666.24,125.0,-101.65
2025-04-30,SHP02793,CARD,CC-104,LTL,2025-04-23,2025-04-25,273.0,56.51,20.37,history,349.88,1.0,329.52,329.52,0.0,0.0,329.52,329.52,0.0,20.36
2025-04-30,SHP02794,CARA,CC-105,LTL,2025-04-23,2025-04-28,758.08,156.92,16.55,history,931.55,1.0,1040.0,915.0,125.0,0.0,1040.0,915.0,125.0,-108.45
2025-04-30,SHP02795,CARB,CC-101,LTL,2025-04-23,2025-04-29,845.0,174.91,18.27,history,1038.18,1.0,1019.91,1019.91,0.0,0.0,1019.91,1019.91,0.0,18.27
2025-04-30,SHP02796,CARE,CC-103,LTL,2025-04-23,2025-04-26,1477.69,305.88,23.35,history,1806.92,1.0,1783.57,1783.57,0.0,0.0,1783.57,1783.57,0.0,23.35
2025-04-30,SHP02797,CARG,CC-101,TL,2025-04-23,2025-04-27,2614.43,451.12,14.31,history,3079.86,2.0,6131.1,6131.1,0.0,3065.55,3065.55,3065.55,0.0,14.31
2025-04-30,SHP02798,CARA,CC-103,LTL,2025-04-23,2025-04-28,836.07,173.07,16.55,history,1025.69,1.0,1009.14,1009.14,0.0,0.0,1009.14,1009.14,0.0,16.55
2025-04-30,SHP02799,CARB,CC-102,LTL,2025-04-23,2025-04-26,189.67,39.26,18.27,history,247.2,1.0,228.93,228.93,0.0,0.0,228.93,228.93,0.0,18.27
2025-04-30,SHP02800,CARD,CC-101,LTL,2025-04-23,2025-04-24,255.79,52.95,20.37,history,329.11,1.0,308.74,308.74,0.0,0.0,308.74,308.74,0.0,20.37
2025-04-30,SHP02801,CARB,CC-101,LTL,2025-04-23,2025-04-24,437.82,90.63,18.27,history,546.72,1.0,748.45,528.45,220.0,125.0,623.45,528.45,95.0,-76.73
2025-04-30,SHP02802,CARB,CC-102,LTL,2025-04-23,2025-04-25,510.34,105.64,18.27,history,634.25,1.0,615.98,615.98,0.0,0.0,615.98,615.98,0.0,18.27
2025-04-30,SHP02803,CARG,CC-104,TL,2025-04-23,2025-04-26,1750.17,294.01,14.31,history,2058.49,1.0,2044.69,2044.69,0.0,0.0,2044.69,2044.69,0.0,13.8
2025-04-30,SHP02804,CARF,CC-103,TL,2025-04-23,2025-04-28,4876.3,768.39,13.51,history,5658.2,1.0,5644.69,5644.69,0.0,0.0,5644.69,5644.69,0.0,13.51
2025-04-30,SHP02805,CARG,CC-105,TL,2025-04-23,2025-04-26,1310.4,237.95,14.31,history,1562.66,1.0,1623.35,1548.35,75.0,0.0,1623.35,1548.35,75.0,-60.69
2025-04-30,SHP02806,CARA,CC-105,LTL,2025-04-23,2025-04-26,308.5,63.86,16.55,history,388.91,1.0,372.36,372.36,0.0,0.0,372.36,372.36,0.0,16.55
2025-04-30,SHP02807,CARA,CC-102,LTL,2025-04-23,2025-04-25,723.7,149.81,16.55,history,890.06,1.0,873.51,873.51,0.0,0.0,873.51,873.51,0.0,16.55
2025-04-30,SHP02808,CARC,CC-104,LTL,2025-04-23,2025-04-25,206.86,42.82,19.64,history,269.32,1.0,374.68,249.68,125.0,0.0,374.68,249.68,125.0,-105.36
2025-04-30,SHP02809,CARA,CC-104,LTL,2025-04-23,2025-04-28,3793.69,785.29,16.55,history,4595.53,1.0,4578.98,4578.98,0.0,0.0,4578.98,4578.98,0.0,16.55
2025-04-30,SHP02810,CARA,CC-102,LTL,2025-04-23,2025-04-27,657.5,136.1,16.55,history,810.15,1.0,793.6,793.6,0.0,0.0,793.6,793.6,0.0,16.55
2025-04-30,SHP02811,CARG,CC-103,TL,2025-04-23,2025-04-27,3133.35,566.28,14.31,history,3713.94,1.0,3699.63,3699.63,0.0,0.0,3699.63,3699.63,0.0,14.31
2025-04-30,SHP02812,CARH,CC-102,TL,2025-04-23,2025-04-26,2234.77,428.24,18.41,history,2681.42,1.0,2663.01,2663.01,0.0,0.0,2663.01,2663.01,0.0,18.41
2025-04-30,SHP02813,CARE,CC-101,LTL,2025-04-23,2025-04-27,1179.41,244.14,23.35,history,1446.9,1.0,1423.55,1423.55,0.0,0.0,1423.55,1423.55,0.0,23.35
2025-04-30,SHP02814,CARB,CC-101,LTL,2025-04-23,2025-04-25,458.18,94.84,18.27,history,571.29,1.0,648.02,553.02,95.0,0.0,648.02,553.02,95.0,-76.73
2025-04-30,SHP02815,CARG,CC-104,TL,2025-04-23,2025-04-28,5133.3,919.01,14.31,history,6066.62,1.0,6052.31,6052.31,0.0,0.0,6052.31,6052.31,0.0,14.31
2025-04-30,SHP02816,CARC,CC-101,LTL,2025-04-23,2025-04-28,169.74,35.14,19.64,history,224.52,1.0,204.88,204.88,0.0,0.0,204.88,204.88,0.0,19.64
2025-04-30,SHP02817,CARG,CC-104,TL,2025-04-23,2025-04-25,450.0,74.36,14.31,history,538.67,1.0,524.36,524.36,0.0,0.0,524.36,524.36,0.0,14.31
2025-04-30,SHP02818,CARG,CC-102,TL,2025-04-24,2025-04-25,825.6,146.43,14.31,history,986.34,1.0,972.03,972.03,0.0,0.0,972.03,972.03,0.0,14.31
2025-04-30,SHP02819,CARE,CC-102,LTL,2025-04-24,2025-04-27,476.61,98.66,23.35,history,598.62,1.0,575.87,575.87,0.0,0.0,575.87,575.87,0.0,22.75
2025-04-30,SHP02820,CARA,CC-103,LTL,2025-04-24,2025-04-26,648.63,134.27,16.55,history,799.45,1.0,878.56,783.56,95.0,0.0,878.56,783.56,95.0,-79.11
2025-04-30,SHP02821,CARA,CC-101,LTL,2025-04-24,2025-04-27,327.51,67.79,16.55,history,411.85,1.0,395.3,395.3,0.0,0.0,395.3,395.3,0.0,16.55
2025-04-30,SHP02822,CARB,CC-101,LTL,2025-04-24,2025-04-28,214.08,44.31,18.27,history,276.66,1.0,353.39,258.39,95.0,0.0,353.39,258.39,95.0,-76.73
2025-04-30,SHP02823,CARE,CC-104,LTL,2025-04-24,2025-04-27,204.7,42.37,23.35,history,270.42,1.0,247.07,247.07,0.0,0.0,247.07,247.07,0.0,23.35
2025-04-30,SHP02824,CARB,CC-101,LTL,2025-04-24,2025-04-30,1283.56,265.7,18.27,history,1567.53,1.0,1572.36,1572.36,0.0,23.1,1549.26,1549.26,0.0,18.27
2025-04-30,SHP02825,CARB,CC-104,LTL,2025-04-24,2025-04-26,348.23,72.08,18.27,history,438.58,1.0,420.88,420.88,0.0,0.0,420.88,420.88,0.0,17.7
2025-04-30,SHP02826,CARE,CC-103,LTL,2025-04-24,2025-04-27,441.05,91.3,23.35,history,555.7,1.0,532.35,532.35,0.0,0.0,532.35,532.35,0.0,23.35
2025-04-30,SHP02827,CARB,CC-101,LTL,2025-04-24,2025-04-25,140.65,29.11,18.27,history,188.03,1.0,169.76,169.76,0.0,0.0,169.76,169.76,0.0,18.27
2025-04-30,SHP02828,CARE,CC-105,LTL,2025-04-24,2025-04-28,400.32,82.87,23.35,history,506.54,1.0,482.87,482.87,0.0,0.0,482.87,482.87,0.0,23.67
2025-04-30,SHP02829,CARB,CC-104,LTL,2025-04-24,2025-04-27,704.26,145.78,18.27,history,868.31,1.0,850.04,850.04,0.0,0.0,850.04,850.04,0.0,18.27
2025-04-30,SHP02830,CARA,CC-101,LTL,2025-04-24,2025-04-28,802.88,166.2,16.55,history,985.63,1.0,970.75,970.75,0.0,0.0,970.75,970.75,0.0,14.88
2025-04-30,SHP02831,CARC,CC-101,LTL,2025-04-24,2025-04-28,1232.52,255.13,19.64,history,1507.29,1.0,1565.41,1565.41,0.0,77.75,1487.66,1487.66,0.0,19.63
2025-04-30,SHP02832,CARD,CC-101,LTL,2025-04-24,2025-04-28,460.6,95.34,20.37,history,576.31,1.0,555.94,555.94,0.0,0.0,555.94,555.94,0.0,20.37
2025-04-30,SHP02833,CARD,CC-104,LTL,2025-04-24,2025-04-26,110.0,22.77,20.37,history,153.14,1.0,132.6,132.6,0.0,0.0,132.6,132.6,0.0,20.54
2025-04-30,SHP02834,CARA,CC-102,LTL,2025-04-24,2025-04-29,656.29,135.85,16.55,history,808.69,1.0,792.14,792.14,0.0,0.0,792.14,792.14,0.0,16.55
2025-04-30,SHP02835,CARE,CC-102,LTL,2025-04-24,2025-04-27,955.92,197.88,23.35,history,1177.15,1.0,1153.8,1153.8,0.0,0.0,1153.8,1153.8,0.0,23.35
2025-04-30,SHP02836,CARG,CC-101,TL,2025-04-24,2025-04-28,4656.96,792.79,14.31,history,5464.06,1.0,5449.75,5449.75,0.0,0.0,5449.75,5449.75,0.0,14.31
2025-04-30,SHP02837,CARA,CC-103,LTL,2025-04-24,2025-04-30,491.34,101.71,16.55,history,609.6,1.0,592.11,592.11,0.0,0.0,592.11,592.11,0.0,17.49
2025-04-30,SHP02838,CARD,CC-102,LTL,2025-04-24,2025-04-27,718.13,148.65,20.37,history,887.15,1.0,937.66,937.66,0.0,70.88,866.78,866.78,0.0,20.37
2025-04-30,SHP02839,CARF,CC-103,TL,2025-04-24,2025-04-28,4876.3,768.39,13.51,history,5658.2,1.0,5644.69,5644.69,0.0,0.0,5644.69,5644.69,0.0,13.51
2025-04-30,SHP02840,CARE,CC-101,LTL,2025-04-24,2025-04-25,324.4,67.15,23.35,history,414.9,1.0,391.55,391.55,0.0,0.0,391.55,391.55,0.0,23.35
2025-04-30,SHP02841,CARB,CC-101,LTL,2025-04-24,2025-04-27,1059.92,219.4,18.27,history,1297.59,1.0,1279.32,1279.32,0.0,0.0,1279.32,1279.32,0.0,18.27
2025-04-30,SHP02842,CARD,CC-105,LTL,2025-04-24,2025-04-26,530.36,109.78,20.37,history,660.51,1.0,640.14,640.14,0.0,0.0,640.14,640.14,0.0,20.37
2025-04-30,SHP02843,CARF,CC-103,TL,2025-04-24,2025-04-26,1458.54,250.54,13.51,history,1722.59,1.0,1709.08,1709.08,0.0,0.0,1709.08,1709.08,0.0,13.51
2025-04-30,SHP02844,CARE,CC-103,LTL,2025-04-24,2025-04-27,272.25,56.36,23.35,history,351.96,1.0,328.61,328.61,0.0,0.0,328.61,328.61,0.0,23.35
2025-04-30,SHP02845,CARF,CC-103,TL,2025-04-24,2025-04-28,4876.3,768.39,13.51,history,5658.2,1.0,5644.69,5644.69,0.0,0.0,5644.69,5644.69,0.0,13.51
2025-04-30,SHP02846,CARH,CC-105,TL,2025-04-24,2025-04-29,4695.6,852.66,18.41,history,5566.67,1.0,5548.26,5548.26,0.0,0.0,5548.26,5548.26,0.0,18.41
2025-04-30,SHP02847,CARC,CC-102,LTL,2025-04-24,2025-04-26,1018.88,210.91,19.64,history,1249.43,1.0,1229.79,1229.79,0.0,0.0,1229.79,1229.79,0.0,19.64
2025-04-30,SHP02848,CARA,CC-101,LTL,2025-04-25,2025-04-27,423.45,87.65,16.55,history,527.65,1.0,511.1,511.1,0.0,0.0,511.1,511.1,0.0,16.55
2025-04-30,SHP02849,CARH,CC-102,TL,2025-04-25,2025-04-28,1694.99,309.26,18.41,history,2022.66,1.0,2004.25,2004.25,0.0,0.0,2004.25,2004.25,0.0,18.41
2025-04-30,SHP02850,CARB,CC-105,LTL,2025-04-25,2025-04-27,1695.0,350.87,18.27,history,2064.14,2.0,4091.74,4091.74,0.0,2045.87,2045.87,2045.87,0.0,18.27
2025-04-30,SHP02851,CARF,CC-103,TL,2025-04-25,2025-04-28,3104.86,489.25,13.51,history,3607.62,1.0,3594.11,3594.11,0.0,0.0,3594.11,3594.11,0.0,13.51
2025-04-30,SHP02852,CARE,CC-105,LTL,2025-04-25,2025-04-28,374.2,77.46,23.35,history,475.01,1.0,451.66,451.66,0.0,0.0,451.66,451.66,0.0,23.35
2025-04-30,SHP02853,CARD,CC-103,LTL,2025-04-25,2025-04-30,934.17,193.37,20.37,history,1147.91,1.0,1309.59,1309.59,0.0,0.0,1309.59,1309.59,0.0,-161.68
2025-04-30,SHP02854,CARC,CC-102,LTL,2025-04-25,2025-04-27,565.48,117.05,19.64,history,702.17,1.0,777.53,682.53,95.0,0.0,777.53,682.53,95.0,-75.36
2025-04-30,SHP02855,CARE,CC-105,LTL,2025-04-25,2025-04-27,298.7,61.83,23.35,history,383.88,1.0,360.53,360.53,0.0,0.0,360.53,360.53,0.0,23.35
2025-04-30,SHP02857,CARC,CC-102,LTL,2025-04-25,2025-04-28,205.96,42.63,19.64,history,268.23,1.0,343.59,248.59,95.0,0.0,343.59,248.59,95.0,-75.36
2025-04-30,SHP02858,CARD,CC-102,LTL,2025-04-25,2025-04-28,305.36,63.21,20.37,history,388.94,1.0,588.57,368.57,220.0,0.0,588.57,368.57,220.0,-199.63
2025-04-30,SHP02859,CARD,CC-101,LTL,2025-04-25,2025-04-27,110.0,22.77,20.37,history,153.14,1.0,132.77,132.77,0.0,0.0,132.77,132.77,0.0,20.37
2025-04-30,SHP02860,CARA,CC-103,LTL,2025-04-25,2025-04-27,1033.51,213.94,16.55,history,1264.0,1.0,1247.45,1247.45,0.0,0.0,1247.45,1247.45,0.0,16.55
2025-04-30,SHP02862,CARB,CC-103,LTL,2025-04-25,2025-04-30,377.37,78.12,18.27,history,473.76,1.0,455.49,455.49,0.0,0.0,455.49,455.49,0.0,18.27
2025-04-30,SHP02863,CARE,CC-104,LTL,2025-04-25,2025-04-28,343.19,71.04,23.35,history,437.58,1.0,414.23,414.23,0.0,0.0,414.23,414.23,0.0,23.35
2025-04-30,SHP02865,CARD,CC-105,LTL,2025-04-25,2025-04-28,251.78,52.12,20.37,history,324.27,1.0,398.95,303.95,95.0,0.0,398.95,303.95,95.0,-74.68
2025-04-30,SHP02866,CARD,CC-105,LTL,2025-04-25,2025-04-26,142.4,29.48,20.37,history,192.25,2.0,266.88,171.88,95.0,0.0,266.88,171.88,95.0,-74.63
2025-04-30,SHP02867,CARF,CC-104,TL,2025-04-25,2025-04-26,451.13,75.12,13.51,history,539.76,1.0,526.25,526.25,0.0,0.0,526.25,526.25,0.0,13.51
2025-04-30,SHP02868,CARD,CC-102,LTL,2025-04-25,2025-04-28,218.3,45.19,20.37,history,283.86,1.0,358.14,263.14,95.0,0.0,358.14,263.14,95.0,-74.28
2025-04-30,SHP02869,CARA,CC-103,LTL,2025-04-25,2025-04-28,758.26,156.96,16.55,history,931.77,1.0,915.22,915.22,0.0,0.0,915.22,915.22,0.0,16.55
2025-04-30,SHP02870,CARF,CC-105,TL,2025-04-26,2025-04-29,1866.76,301.63,13.51,history,2181.9,1.0,2168.39,2168.39,0.0,0.0,2168.39,2168.39,0.0,13.51
2025-04-30,SHP02871,CARG,CC-104,TL,2025-04-26,2025-04-28,1087.75,181.13,14.31,history,1283.19,1.0,1268.88,1268.88,0.0,0.0,1268.88,1268.88,0.0,14.31
2025-04-30,SHP02872,CARC,CC-101,LTL,2025-04-26,2025-04-29,407.72,84.4,19.64,history,511.76,1.0,492.12,492.12,0.0,0.0,492.12,492.12,0.0,19.64
2025-04-30,SHP02873,CARD,CC-105,LTL,2025-04-26,2025-04-29,284.7,58.93,20.37,history,364.0,1.0,343.63,343.63,0.0,0.0,343.63,343.63,0.0,20.37
2025-04-30,SHP02874,CARE,CC-104,LTL,2025-04-26,2025-04-28,605.2,125.28,23.35,history,753.83,1.0,730.48,730.48,0.0,0.0,730.48,730.48,0.0,23.35
2025-04-30,SHP02876,CARE,CC-105,LTL,2025-04-26,2025-04-29,210.3,43.53,23.35,history,277.18,1.0,253.83,253.83,0.0,0.0,253.83,253.83,0.0,23.35
2025-04-30,SHP02877,CARE,CC-103,LTL,2025-04-26,2025-04-29,274.43,56.81,23.35,history,354.59,1.0,331.24,331.24,0.0,0.0,331.24,331.24,0.0,23.35
2025-04-30,SHP02878,CARE,CC-102,LTL,2025-04-26,2025-04-29,176.33,36.5,23.35,history,236.18,1.0,307.83,212.83,95.0,95.0,212.83,212.83,0.0,23.35
2025-04-30,SHP02879,CARD,CC-101,LTL,2025-04-26,2025-04-27,110.0,22.77,20.37,history,153.14,1.0,132.77,132.77,0.0,0.0,132.77,132.77,0.0,20.37
2025-04-30,SHP02880,CARB,CC-101,LTL,2025-04-26,2025-04-27,197.9,40.97,18.27,history,257.14,1.0,238.87,238.87,0.0,0.0,238.87,238.87,0.0,18.27
2025-04-30,SHP02881,CARC,CC-103,LTL,2025-04-26,2025-04-30,293.1,60.67,19.64,history,373.41,1.0,353.77,353.77,0.0,0.0,353.77,353.77,0.0,19.64
2025-04-30,SHP02882,CARC,CC-103,LTL,2025-04-26,2025-04-28,671.66,139.03,19.64,history,830.33,1.0,810.69,810.69,0.0,0.0,810.69,810.69,0.0,19.64
2025-04-30,SHP02884,CARG,CC-104,TL,2025-04-26,2025-04-27,1087.75,181.13,14.31,history,1283.19,1.0,1268.88,1268.88,0.0,0.0,1268.88,1268.88,0.0,14.31
2025-04-30,SHP02885,CARG,CC-101,TL,2025-04-26,2025-04-30,4656.96,792.79,14.31,history,5464.06,1.0,5449.75,5449.75,0.0,0.0,5449.75,5449.75,0.0,14.31
2025-04-30,SHP02887,CARE,CC-103,LTL,2025-04-26,2025-04-28,815.06,168.72,23.35,history,1007.13,1.0,1078.78,983.78,95.0,0.0,1078.78,983.78,95.0,-71.65
2025-04-30,SHP02888,CARB,CC-104,LTL,2025-04-26,2025-04-28,133.19,27.57,18.27,history,179.03,1.0,160.76,160.76,0.0,0.0,160.76,160.76,0.0,18.27
2025-04-30,SHP02889,CARE,CC-101,LTL,2025-04-26,2025-04-30,280.67,58.1,23.35,history,362.12,1.0,433.77,338.77,95.0,0.0,433.77,338.77,95.0,-71.65
2025-04-30,SHP02890,CARG,CC-102,TL,2025-04-26,2025-04-29,1620.42,273.42,14.31,history,1908.15,1.0,1893.84,1893.84,0.0,0.0,1893.84,1893.84,0.0,14.31
2025-04-30,SHP02892,CARD,CC-101,LTL,2025-04-26,2025-04-28,575.86,119.2,20.37,history,715.43,1.0,695.06,695.06,0.0,0.0,695.06,695.06,0.0,20.37
2025-04-30,SHP02894,CARE,CC-102,LTL,2025-04-26,2025-04-30,751.25,155.51,23.35,history,930.11,1.0,906.03,906.03,0.0,0.0,906.03,906.03,0.0,24.08
2025-04-30,SHP02896,CARD,CC-104,LTL,2025-04-26,2025-04-27,192.08,39.76,20.37,history,252.21,1.0,231.63,231.63,0.0,0.0,231.63,231.63,0.0,20.58
2025-04-30,SHP02897,CARE,CC-104,LTL,2025-04-26,2025-04-29,549.02,113.65,23.35,history,686.02,1.0,662.67,662.67,0.0,0.0,662.67,662.67,0.0,23.35
2025-04-30,SHP02898,CARA,CC-101,LTL,2025-04-27,2025-04-30,407.57,84.37,16.55,history,508.49,2.0,983.88,983.88,0.0,491.94,491.94,491.94,0.0,16.55
2025-04-30,SHP02899,CARD,CC-102,LTL,2025-04-27,2025-04-29,608.4,125.94,20.37,history,754.71,1.0,734.34,734.34,0.0,0.0,734.34,734.34,0.0,20.37
2025-04-30,SHP02900,CARD,CC-104,LTL,2025-04-27,2025-04-29,516.3,106.87,20.37,history,643.54,1.0,623.17,623.17,0.0,0.0,623.17,623.17,0.0,20.37
2025-04-30,SHP02902,CARG,CC-103,TL,2025-04-27,2025-04-29,1959.75,332.14,14.31,history,2306.2,1.0,2295.58,2295.58,0.0,0.0,2295.58,2295.58,0.0,10.62
2025-04-30,SHP02903,CARB,CC-104,LTL,2025-04-27,2025-04-30,1280.3,265.02,18.27,history,1563.59,1.0,1545.32,1545.32,0.0,0.0,1545.32,1545.32,0.0,18.27
2025-04-30,SHP02905,CARC,CC-101,LTL,2025-04-27,2025-04-29,510.4,105.65,19.64,history,635.69,1.0,616.05,616.05,0.0,0.0,616.05,616.05,0.0,19.64
2025-04-30,SHP02908,CARD,CC-102,LTL,2025-04-27,2025-04-28,244.9,50.69,20.37,history,315.96,1.0,295.59,295.59,0.0,0.0,295.59,295.59,0.0,20.37
2025-04-30,SHP02909,CARB,CC-102,LTL,2025-04-27,2025-04-30,711.35,147.25,18.27,history,876.87,1.0,858.6,858.6,0.0,0.0,858.6,858.6,0.0,18.27
2025-04-30,SHP02910,CARC,CC-103,LTL,2025-04-27,2025-04-30,509.8,105.53,19.64,history,634.97,1.0,619.92,619.92,0.0,4.59,615.33,615.33,0.0,19.64
2025-04-30,SHP02911,CARD,CC-102,LTL,2025-04-27,2025-04-30,435.4,90.13,20.37,history,545.9,1.0,650.53,525.53,125.0,0.0,650.53,525.53,125.0,-104.63
2025-04-30,SHP02913,CARE,CC-103,LTL,2025-04-27,2025-04-29,257.17,53.23,23.35,history,333.75,1.0,310.4,310.4,0.0,0.0,310.4,310.4,0.0,23.35
2025-04-30,SHP02914,CARF,CC-102,TL,2025-04-27,2025-04-28,1231.2,195.62,13.51,history,1440.33,1.0,1426.82,1426.82,0.0,0.0,1426.82,1426.82,0.0,13.51
2025-04-30,SHP02921,CARH,CC-102,TL,2025-04-28,2025-04-29,555.12,98.17,18.41,history,671.7,1.0,653.29,653.29,0.0,0.0,653.29,653.29,0.0,18.41
2025-04-30,SHP02923,CARB,CC-101,LTL,2025-04-28,2025-04-29,155.0,32.09,18.27,history,205.36,1.0,187.09,187.09,0.0,0.0,187.09,187.09,0.0,18.27
2025-04-30,SHP02924,CARB,CC-102,LTL,2025-04-28,2025-04-29,215.29,44.57,18.27,history,278.13,1.0,259.86,259.86,0.0,0.0,259.86,259.86,0.0,18.27
2025-04-30,SHP02925,CARB,CC-102,LTL,2025-04-28,2025-04-30,240.14,49.71,18.27,history,308.12,1.0,289.85,289.85,0.0,0.0,289.85,289.85,0.0,18.27
2025-04-30,SHP02935,CARB,CC-102,LTL,2025-04-28,2025-04-29,154.6,32.0,18.27,history,204.87,1.0,281.6,186.6,95.0,0.0,281.6,186.6,95.0,-76.73
2025-04-30,SHP02940,CARB,CC-105,LTL,2025-04-28,2025-04-30,313.9,64.98,18.27,history,397.15,1.0,378.88,378.88,0.0,0.0,378.88,378.88,0.0,18.27
2025-04-30,SHP02943,CARD,CC-104,LTL,2025-04-28,2025-04-30,446.41,92.41,20.37,history,559.19,1.0,538.82,538.82,0.0,0.0,538.82,538.82,0.0,20.37
2025-05-31,SHP01847,CARD,CC-102,LTL,2025-03-18,2025-03-21,835.53,172.95,20.47,history,1028.95,1.0,1008.48,1008.48,0.0,0.0,1008.48,1008.48,0.0,20.47
2025-05-31,SHP02262,CARD,CC-103,LTL,2025-04-03,2025-04-05,110.0,22.77,20.47,history,153.24,1.0,132.77,132.77,0.0,0.0,132.77,132.77,0.0,20.47
2025-05-31,SHP02331,CARD,CC-103,LTL,2025-04-06,2025-04-12,1122.77,232.41,20.47,history,1375.65,1.0,1355.18,1355.18,0.0,0.0,1355.18,1355.18,0.0,20.47
2025-05-31,SHP02552,CARH,CC-103,TL,2025-04-14,2025-04-15,1100.9,204.56,12.8,history,1318.26,1.0,1305.46,1305.46,0.0,0.0,1305.46,1305.46,0.0,12.8
2025-05-31,SHP02603,CARE,CC-105,LTL,2025-04-16,2025-04-19,480.69,99.5,19.94,history,600.13,1.0,580.19,580.19,0.0,0.0,580.19,580.19,0.0,19.94
2025-05-31,SHP02639,CARH,CC-102,TL,2025-04-17,2025-04-20,2234.77,421.5,12.8,history,2669.07,1.0,2656.27,2656.27,0.0,0.0,2656.27,2656.27,0.0,12.8
2025-05-31,SHP02646,CARH,CC-104,TL,2025-04-17,2025-04-18,824.0,150.13,12.8,history,986.93,1.0,974.13,974.13,0.0,0.0,974.13,974.13,0.0,12.8
2025-05-31,SHP02655,CARA,CC-103,LTL,2025-04-17,2025-04-22,3117.91,645.41,17.19,history,3780.51,1.0,3763.32,3763.32,0.0,0.0,3763.32,3763.32,0.0,17.19
2025-05-31,SHP02676,CARA,CC-105,LTL,2025-04-18,2025-04-22,347.44,71.92,17.19,history,436.55,1.0,419.36,419.36,0.0,0.0,419.36,419.36,0.0,17.19
2025-05-31,SHP02700,CARB,CC-104,LTL,2025-04-19,2025-04-23,543.26,112.45,18.07,history,673.78,1.0,750.71,655.71,95.0,0.0,750.71,655.71,95.0,-76.93
2025-05-31,SHP02722,CARH,CC-102,TL,2025-04-20,2025-04-21,555.12,96.46,12.8,history,664.38,1.0,876.58,651.58,225.0,0.0,876.58,651.58,225.0,-212.2
2025-05-31,SHP02733,CARC,CC-101,LTL,2025-04-20,2025-04-23,449.76,93.1,20.73,history,563.59,2.0,637.86,542.86,95.0,0.0,637.86,542.86,95.0,-74.27
2025-05-31,SHP02736,CARC,CC-103,LTL,2025-04-21,2025-04-24,564.18,116.79,20.73,history,701.7,1.0,680.97,680.97,0.0,0.0,680.97,680.97,0.0,20.73
2025-05-31,SHP02746,CARG,CC-105,TL,2025-04-21,2025-04-24,1310.4,237.95,12.3,history,1560.65,1.0,1548.35,1548.35,0.0,0.0,1548.35,1548.35,0.0,12.3
2025-05-31,SHP02747,CARD,CC-104,LTL,2025-04-21,2025-04-27,868.51,179.78,20.47,history,1068.76,1.0,1048.29,1048.29,0.0,0.0,1048.29,1048.29,0.0,20.47
2025-05-31,SHP02754,CARG,CC-101,TL,2025-04-21,2025-04-23,621.96,108.3,12.3,history,742.56,1.0,730.26,730.26,0.0,0.0,730.26,730.26,0.0,12.3
2025-05-31,SHP02760,CARB,CC-102,LTL,2025-04-22,2025-04-23,110.0,22.77,18.07,history,150.84,1.0,257.77,132.77,125.0,0.0,257.77,132.77,125.0,-106.93
2025-05-31,SHP02762,CARD,CC-103,LTL,2025-04-22,2025-04-28,3060.3,633.48,20.47,history,3714.25,1.0,3693.78,3693.78,0.0,0.0,3693.78,3693.78,0.0,20.47
2025-05-31,SHP02770,CARD,CC-101,LTL,2025-04-22,2025-04-23,114.65,23.73,20.47,history,158.85,1.0,138.38,138.38,0.0,0.0,138.38,138.38,0.0,20.47
2025-05-31,SHP02772,CARB,CC-104,LTL,2025-04-22,2025-04-25,407.06,84.26,18.07,history,509.39,1.0,586.32,491.32,95.0,0.0,586.32,491.32,95.0,-76.93
2025-05-31,SHP02796,CARE,CC-103,LTL,2025-04-23,2025-04-26,1477.69,305.88,19.94,history,1803.51,1.0,1783.57,1783.57,0.0,0.0,1783.57,1783.57,0.0,19.94
2025-05-31,SHP02824,CARB,CC-101,LTL,2025-04-24,2025-04-30,1283.56,265.7,18.07,history,1567.33,1.0,1572.36,1572.36,0.0,23.1,1549.26,1549.26,0.0,18.07
2025-05-31,SHP02849,CARH,CC-102,TL,2025-04-25,2025-04-28,1694.99,309.26,12.8,history,2017.05,1.0,2004.25,2004.25,0.0,0.0,2004.25,2004.25,0.0,12.8
2025-05-31,SHP02850,CARB,CC-105,LTL,2025-04-25,2025-04-27,1695.0,350.87,18.07,history,2063.94,2.0,4091.74,4091.74,0.0,2045.87,2045.87,2045.87,0.0,18.07
2025-05-31,SHP02853,CARD,CC-103,LTL,2025-04-25,2025-04-30,934.17,193.37,20.47,history,1148.01,1.0,1309.59,1309.59,0.0,0.0,1309.59,1309.59,0.0,-161.58
2025-05-31,SHP02871,CARG,CC-104,TL,2025-04-26,2025-04-28,1087.75,181.13,12.3,history,1281.18,1.0,1268.88,1268.88,0.0,0.0,1268.88,1268.88,0.0,12.3
2025-05-31,SHP02874,CARE,CC-104,LTL,2025-04-26,2025-04-28,605.2,125.28,19.94,history,750.42,1.0,730.48,730.48,0.0,0.0,730.48,730.48,0.0,19.94
2025-05-31,SHP02899,CARD,CC-102,LTL,2025-04-27,2025-04-29,608.4,125.94,20.47,history,754.81,1.0,734.34,734.34,0.0,0.0,734.34,734.34,0.0,20.47
2025-05-31,SHP02901,CARD,CC-101,LTL,2025-04-27,2025-05-01,185.92,38.49,20.47,history,244.88,1.0,224.41,224.41,0.0,0.0,224.41,224.41,0.0,20.47
2025-05-31,SHP02904,CARD,CC-103,LTL,2025-04-27,2025-05-01,428.87,88.78,20.47,history,538.12,1.0,516.21,516.21,0.0,0.0,516.21,516.21,0.0,21.91
2025-05-31,SHP02916,CARE,CC-104,LTL,2025-04-28,2025-05-01,1011.59,209.4,19.94,history,1240.93,1.0,1221.59,1221.59,0.0,0.0,1221.59,1221.59,0.0,19.34
2025-05-31,SHP02930,CARB,CC-104,LTL,2025-04-28,2025-05-01,359.17,74.35,18.07,history,451.59,1.0,433.52,433.52,0.0,0.0,433.52,433.52,0.0,18.07
2025-05-31,SHP02940,CARB,CC-105,LTL,2025-04-28,2025-04-30,313.9,64.98,18.07,history,396.95,1.0,378.88,378.88,0.0,0.0,378.88,378.88,0.0,18.07
2025-05-31,SHP02949,CARD,CC-104,LTL,2025-04-29,2025-05-01,253.4,52.45,20.47,history,326.32,1.0,305.85,305.85,0.0,0.0,305.85,305.85,0.0,20.47
2025-05-31,SHP02955,CARG,CC-102,TL,2025-04-29,2025-05-03,3150.84,554.66,12.3,history,3717.8,1.0,3705.5,3705.5,0.0,0.0,3705.5,3705.5,0.0,12.3
2025-05-31,SHP02956,CARD,CC-104,LTL,2025-04-29,2025-05-01,997.5,206.48,20.47,history,1224.45,1.0,1203.98,1203.98,0.0,0.0,1203.98,1203.98,0.0,20.47
2025-05-31,SHP02957,CARD,CC-102,LTL,2025-04-29,2025-05-02,494.26,102.31,20.47,history,617.04,1.0,596.57,596.57,0.0,0.0,596.57,596.57,0.0,20.47
2025-05-31,SHP02969,CARD,CC-102,LTL,2025-04-30,2025-05-02,139.46,28.87,20.47,history,188.8,1.0,263.33,168.33,95.0,0.0,263.33,168.33,95.0,-74.53
2025-05-31,SHP02977,CARD,CC-103,LTL,2025-04-30,2025-05-03,110.36,22.84,20.47,history,153.67,1.0,133.2,133.2,0.0,0.0,133.2,133.2,0.0,20.47
2025-05-31,SHP02985,CARD,CC-103,LTL,2025-04-30,2025-05-06,432.02,89.43,20.47,history,541.92,1.0,521.52,521.52,0.0,0.0,521.52,521.52,0.0,20.4
2025-05-31,SHP02992,CARH,CC-102,TL,2025-04-30,2025-05-05,3850.12,728.09,12.8,history,4591.01,1.0,4578.21,4578.21,0.0,0.0,4578.21,4578.21,0.0,12.8
2025-05-31,SHP02993,CARA,CC-103,LTL,2025-04-30,2025-05-06,1628.17,337.03,17.19,history,1982.39,1.0,1965.2,1965.2,0.0,0.0,1965.2,1965.2,0.0,17.19
2025-05-31,SHP03023,CARE,CC-102,LTL,2025-05-01,2025-05-06,847.61,175.46,19.94,history,1043.01,1.0,1023.07,1023.07,0.0,0.0,1023.07,1023.07,0.0,19.94
2025-05-31,SHP03024,CARB,CC-104,LTL,2025-05-01,2025-05-04,155.55,32.2,18.07,history,205.82,1.0,187.75,187.75,0.0,0.0,187.75,187.75,0.0,18.07
2025-05-31,SHP03034,CARG,CC-101,TL,2025-05-02,2025-05-07,4656.96,794.18,12.3,history,5463.44,1.0,5451.14,5451.14,0.0,0.0,5451.14,5451.14,0.0,12.3
2025-05-31,SHP03044,CARC,CC-101,LTL,2025-05-02,2025-05-07,1511.18,312.81,20.73,history,1844.72,1.0,1918.99,1823.99,95.0,0.0,1918.99,1823.99,95.0,-74.27
2025-05-31,SHP03048,CARD,CC-103,LTL,2025-05-02,2025-05-06,183.72,38.03,20.47,history,242.22,1.0,221.75,221.75,0.0,0.0,221.75,221.75,0.0,20.47
2025-05-31,SHP03055,CARG,CC-101,TL,2025-05-02,2025-05-03,621.96,108.49,12.3,history,742.75,1.0,736.84,736.84,0.0,6.39,730.45,730.45,0.0,12.3
2025-05-31,SHP03064,CARE,CC-105,LTL,2025-05-02,2025-05-03,326.41,67.57,19.94,history,413.92,1.0,393.98,393.98,0.0,0.0,393.98,393.98,0.0,19.94
2025-05-31,SHP03076,CARD,CC-103,LTL,2025-05-03,2025-05-06,836.4,173.13,20.47,history,1030.0,1.0,1104.53,1009.53,95.0,0.0,1104.53,1009.53,95.0,-74.53
2025-05-31,SHP03080,CARG,CC-102,TL,2025-05-03,2025-05-07,3150.84,554.66,12.3,history,3717.8,1.0,3705.5,3705.5,0.0,0.0,3705.5,3705.5,0.0,12.3
2025-05-31,SHP03085,CARA,CC-102,LTL,2025-05-03,2025-05-07,377.23,78.09,17.19,history,472.51,1.0,455.32,455.32,0.0,0.0,455.32,455.32,0.0,17.19
2025-05-31,SHP03087,CARC,CC-104,LTL,2025-05-03,2025-05-09,1017.53,210.63,20.73,history,1248.89,1.0,1228.16,1228.16,0.0,0.0,1228.16,1228.16,0.0,20.73
2025-05-31,SHP03094,CARD,CC-103,LTL,2025-05-03,2025-05-07,386.23,79.95,20.47,history,486.65,1.0,469.66,469.66,0.0,3.48,466.18,466.18,0.0,20.47
2025-05-31,SHP03095,CARB,CC-103,LTL,2025-05-03,2025-05-07,533.25,110.38,18.07,history,661.7,1.0,643.63,643.63,0.0,0.0,643.63,643.63,0.0,18.07
2025-05-31,SHP03100,CARB,CC-105,LTL,2025-05-04,2025-05-10,1945.04,402.62,18.07,history,2365.73,1.0,2442.66,2347.66,95.0,0.0,2442.66,2347.66,95.0,-76.93
2025-05-31,SHP03118,CARH,CC-102,TL,2025-05-04,2025-05-06,1694.99,309.8,12.8,history,2017.59,1.0,2004.79,2004.79,0.0,0.0,2004.79,2004.79,0.0,12.8
2025-05-31,SHP03120,CARD,CC-101,LTL,2025-05-04,2025-05-06,427.72,88.54,20.47,history,536.73,1.0,552.36,552.36,0.0,36.1,516.26,516.26,0.0,20.47
2025-05-31,SHP03121,CARB,CC-101,LTL,2025-05-04,2025-05-08,986.98,204.3,18.07,history,1209.35,1.0,1191.28,1191.28,0.0,0.0,1191.28,1191.28,0.0,18.07
2025-05-31,SHP03125,CARE,CC-103,LTL,2025-05-04,2025-05-06,710.6,147.09,19.94,history,877.63,1.0,857.69,857.69,0.0,0.0,857.69,857.69,0.0,19.94
2025-05-31,SHP03133,CARB,CC-104,LTL,2025-05-04,2025-05-05,110.0,22.77,18.07,history,150.84,1.0,132.77,132.77,0.0,0.0,132.77,132.77,0.0,18.07
2025-05-31,SHP03139,CARA,CC-103,LTL,2025-05-05,2025-05-07,1194.71,247.3,17.19,history,1459.2,1.0,1537.01,1442.01,95.0,0.0,1537.01,1442.01,95.0,-77.81
2025-05-31,SHP03140,CARH,CC-102,TL,2025-05-05,2025-05-07,1694.99,313.72,12.8,history,2021.51,1.0,2008.71,2008.71,0.0,0.0,2008.71,2008.71,0.0,12.8
2025-05-31,SHP03141,CARD,CC-103,LTL,2025-05-05,2025-05-08,1253.95,259.57,20.47,history,1533.99,1.0,1513.52,1513.52,0.0,0.0,1513.52,1513.52,0.0,20.47
2025-05-31,SHP03143,CARH,CC-102,TL,2025-05-05,2025-05-10,3850.12,737.3,12.8,history,4600.22,1.0,4737.42,4587.42,150.0,0.0,4737.42,4587.42,150.0,-137.2
2025-05-31,SHP03151,CARB,CC-101,LTL,2025-05-05,2025-05-11,1436.6,297.38,18.07,history,1752.05,1.0,1733.98,1733.98,0.0,0.0,1733.98,1733.98,0.0,18.07
2025-05-31,SHP03162,CARB,CC-102,LTL,2025-05-06,2025-05-11,1064.06,220.26,18.07,history,1302.39,1.0,1283.61,1283.61,0.0,0.0,1283.61,1283.61,0.0,18.78
2025-05-31,SHP03164,CARD,CC-105,LTL,2025-05-06,2025-05-09,389.82,80.69,20.47,history,490.98,1.0,565.51,470.51,95.0,0.0,565.51,470.51,95.0,-74.53
2025-05-31,SHP03178,CARF,CC-101,TL,2025-05-06,2025-05-08,711.9,121.85,17.53,history,851.28,1.0,833.75,833.75,0.0,0.0,833.75,833.75,0.0,17.53
2025-05-31,SHP03179,CARA,CC-102,LTL,2025-05-06,2025-05-09,110.0,22.77,17.19,history,149.96,1.0,132.77,132.77,0.0,0.0,132.77,132.77,0.0,17.19
2025-05-31,SHP03180,CARD,CC-104,LTL,2025-05-06,2025-05-09,408.72,84.61,20.47,history,513.8,1.0,493.33,493.33,0.0,0.0,493.33,493.33,0.0,20.47
2025-05-31,SHP03183,CARD,CC-103,LTL,2025-05-06,2025-05-11,1066.4,220.74,20.47,history,1307.61,1.0,1287.14,1287.14,0.0,0.0,1287.14,1287.14,0.0,20.47
2025-05-31,SHP03189,CARF,CC-105,TL,2025-05-07,2025-05-10,1866.76,305.99,17.53,history,2190.28,1.0,2172.75,2172.75,0.0,0.0,2172.75,2172.75,0.0,17.53
2025-05-31,SHP03190,CARD,CC-102,LTL,2025-05-07,2025-05-10,294.73,61.01,20.47,history,376.21,1.0,355.74,355.74,0.0,0.0,355.74,355.74,0.0,20.47
2025-05-31,SHP03193,CARF,CC-104,TL,2025-05-07,2025-05-13,5564.8,916.02,17.53,history,6498.35,1.0,6522.66,6522.66,0.0,41.84,6480.82,6480.82,0.0,17.53
2025-05-31,SHP03196,CARB,CC-104,LTL,2025-05-07,2025-05-11,534.7,110.68,18.07,history,663.45,1.0,716.92,716.92,0.0,71.54,645.38,645.38,0.0,18.07
2025-05-31,SHP03200,CARB,CC-104,LTL,2025-05-07,2025-05-13,1137.94,235.55,18.07,history,1391.56,1.0,1373.49,1373.49,0.0,0.0,1373.49,1373.49,0.0,18.07
2025-05-31,SHP03203,CARD,CC-103,LTL,2025-05-07,2025-05-12,888.88,184.0,20.47,history,1093.35,1.0,1072.88,1072.88,0.0,0.0,1072.88,1072.88,0.0,20.47
2025-05-31,SHP03212,CARD,CC-103,LTL,2025-05-08,2025-05-11,897.2,185.72,20.47,history,1103.39,1.0,1080.19,1080.19,0.0,0.0,1080.19,1080.19,0.0,23.2
2025-05-31,SHP03213,CARD,CC-102,LTL,2025-05-08,2025-05-12,461.7,95.57,20.47,history,577.74,1.0,559.12,559.12,0.0,0.0,559.12,559.12,0.0,18.62
2025-05-31,SHP03217,CARB,CC-104,LTL,2025-05-08,2025-05-11,982.63,203.4,18.07,history,1204.1,1.0,1190.5,1190.5,0.0,0.0,1190.5,1190.5,0.0,13.6
2025-05-31,SHP03223,CARB,CC-101,LTL,2025-05-08,2025-05-11,421.19,87.19,18.07,history,526.45,1.0,508.38,508.38,0.0,0.0,508.38,508.38,0.0,18.07
2025-05-31,SHP03225,CARB,CC-105,LTL,2025-05-08,2025-05-14,1516.6,313.94,18.07,history,1848.61,1.0,1830.54,1830.54,0.0,0.0,1830.54,1830.54,0.0,18.07
2025-05-31,SHP03236,CARF,CC-102,TL,2025-05-09,2025-05-10,1231.2,198.45,17.53,history,1447.18,1.0,1504.65,1429.65,75.0,0.0,1504.65,1429.65,75.0,-57.47
2025-05-31,SHP03238,CARC,CC-103,LTL,2025-05-09,2025-05-13,217.66,45.06,20.73,history,283.45,1.0,363.59,268.59,95.0,5.87,357.72,262.72,95.0,-74.27
2025-05-31,SHP03243,CARC,CC-103,LTL,2025-05-09,2025-05-13,349.21,72.29,20.73,history,442.23,1.0,466.95,466.95,0.0,0.0,466.95,466.95,0.0,-24.72
2025-05-31,SHP03245,CARD,CC-103,LTL,2025-05-09,2025-05-14,1155.0,239.08,20.47,history,1414.55,1.0,1394.08,1394.08,0.0,0.0,1394.08,1394.08,0.0,20.47
2025-05-31,SHP03250,CARA,CC-105,LTL,2025-05-09,2025-05-11,748.34,154.91,17.19,history,920.44,1.0,1143.49,1018.49,125.0,0.0,1143.49,1018.49,125.0,-223.05
2025-05-31,SHP03252,CARA,CC-103,LTL,2025-05-09,2025-05-13,1308.95,270.95,17.19,history,1597.09,1.0,1579.9,1579.9,0.0,0.0,1579.9,1579.9,0.0,17.19
2025-05-31,SHP03256,CARE,CC-105,LTL,2025-05-09,2025-05-14,1268.84,262.65,19.94,history,1551.43,1.0,1531.49,1531.49,0.0,0.0,1531.49,1531.49,0.0,19.94
2025-05-31,SHP03262,CARE,CC-104,LTL,2025-05-09,2025-05-11,199.18,41.23,19.94,history,260.35,1.0,240.36,240.36,0.0,0.0,240.36,240.36,0.0,19.99
2025-05-31,SHP03264,CARD,CC-104,LTL,2025-05-09,2025-05-10,124.61,25.79,20.47,history,170.87,1.0,150.05,150.05,0.0,0.0,150.05,150.05,0.0,20.82
2025-05-31,SHP03269,CARD,CC-103,LTL,2025-05-09,2025-05-13,981.11,203.09,20.47,history,1204.67,1.0,1184.2,1184.2,0.0,0.0,1184.2,1184.2,0.0,20.47
2025-05-31,SHP03275,CARB,CC-101,LTL,2025-05-10,2025-05-14,786.34,162.77,18.07,history,967.18,1.0,949.11,949.11,0.0,0.0,949.11,949.11,0.0,18.07
2025-05-31,SHP03280,CARD,CC-104,LTL,2025-05-10,2025-05-12,110.0,22.77,20.47,history,153.24,1.0,132.77,132.77,0.0,0.0,132.77,132.77,0.0,20.47
2025-05-31,SHP03281,CARE,CC-104,LTL,2025-05-10,2025-05-12,299.91,62.08,19.94,history,381.93,1.0,456.99,361.99,95.0,0.0,456.99,361.99,95.0,-75.06
2025-05-31,SHP03285,CARC,CC-101,LTL,2025-05-10,2025-05-11,334.8,69.3,20.73,history,424.83,1.0,435.64,435.64,0.0,31.54,404.1,404.1,0.0,20.73
2025-05-31,SHP03287,CARD,CC-104,LTL,2025-05-10,2025-05-12,159.3,32.98,20.47,history,212.75,1.0,317.28,192.28,125.0,0.0,317.28,192.28,125.0,-104.53
2025-05-31,SHP03289,CARG,CC-101,TL,2025-05-10,2025-05-12,1614.45,272.72,12.3,history,1899.47,1.0,1887.17,1887.17,0.0,0.0,1887.17,1887.17,0.0,12.3
2025-05-31,SHP03290,CARD,CC-103,LTL,2025-05-10,2025-05-12,223.35,46.23,20.47,history,290.05,1.0,489.58,269.58,220.0,0.0,489.58,269.58,220.0,-199.53
2025-05-31,SHP03291,CARG,CC-101,TL,2025-05-10,2025-05-15,4656.96,804.23,12.3,history,5473.49,1.0,5461.19,5461.19,0.0,0.0,5461.19,5461.19,0.0,12.3
2025-05-31,SHP03292,CARB,CC-101,LTL,2025-05-10,2025-05-11,412.12,85.31,18.07,history,515.5,1.0,497.43,497.43,0.0,0.0,497.43,497.43,0.0,18.07
2025-05-31,SHP03296,CARD,CC-104,LTL,2025-05-10,2025-05-16,603.92,125.01,20.47,history,749.4,1.0,728.93,728.93,0.0,0.0,728.93,728.93,0.0,20.47
2025-05-31,SHP03302,CARD,CC-103,LTL,2025-05-10,2025-05-14,1303.65,269.86,20.47,history,1593.98,1.0,1574.42,1574.42,0.0,0.0,1574.42,1574.42,0.0,19.56
2025-05-31,SHP03303,CARD,CC-102,LTL,2025-05-10,2025-05-14,338.25,70.02,20.47,history,428.74,1.0,408.27,408.27,0.0,0.0,408.27,408.27,0.0,20.47
2025-05-31,SHP03304,CARB,CC-105,LTL,2025-05-10,2025-05-12,193.13,39.98,18.07,history,251.18,1.0,233.11,233.11,0.0,0.0,233.11,233.11,0.0,18.07
2025-05-31,SHP03305,CARD,CC-103,LTL,2025-05-10,2025-05-15,415.4,85.99,20.47,history,521.86,1.0,501.39,501.39,0.0,0.0,501.39,501.39,0.0,20.47
2025-05-31,SHP03313,CARH,CC-101,TL,2025-05-11,2025-05-15,3623.36,673.86,12.8,history,4310.02,1.0,4297.22,4297.22,0.0,0.0,4297.22,4297.22,0.0,12.8
2025-05-31,SHP03314,CARD,CC-102,LTL,2025-05-11,2025-05-14,158.45,32.8,20.47,history,211.72,2.0,382.5,382.5,0.0,191.25,191.25,191.25,0.0,20.47
2025-05-31,SHP03315,CARE,CC-102,LTL,2025-05-11,2025-05-15,639.64,132.41,19.94,history,791.99,1.0,882.59,882.59,0.0,110.55,772.04,772.04,0.0,19.95
2025-05-31,SHP03317,CARF,CC-104,TL,2025-05-11,2025-05-15,4072.32,703.26,17.53,history,4793.11,1.0,4775.58,4775.58,0.0,0.0,4775.58,4775.58,0.0,17.53
2025-05-31,SHP03318,CARG,CC-102,TL,2025-05-11,2025-05-14,1875.43,325.33,12.3,history,2213.06,1.0,2200.76,2200.76,0.0,0.0,2200.76,2200.76,0.0,12.3
2025-05-31,SHP03319,CARD,CC-104,LTL,2025-05-11,2025-05-18,1271.63,263.23,20.47,history,1555.33,1.0,1539.92,1539.92,0.0,0.0,1539.92,1539.92,0.0,15.41
2025-05-31,SHP03321,CARE,CC-102,LTL,2025-05-11,2025-05-13,635.15,131.48,19.94,history,786.57,1.0,766.63,766.63,0.0,0.0,766.63,766.63,0.0,19.94
2025-05-31,SHP03322,CARB,CC-102,LTL,2025-05-11,2025-05-16,1089.8,225.59,18.07,history,1333.46,1.0,1315.39,1315.39,0.0,0.0,1315.39,1315.39,0.0,18.07
2025-05-31,SHP03329,CARC,CC-102,LTL,2025-05-11,2025-05-17,950.11,196.67,20.73,history,1167.51,1.0,1146.78,1146.78,0.0,0.0,1146.78,1146.78,0.0,20.73
2025-05-31,SHP03332,CARD,CC-103,LTL,2025-05-11,2025-05-14,399.77,82.75,20.47,history,502.99,1.0,482.52,482.52,0.0,0.0,482.52,482.52,0.0,20.47
2025-05-31,SHP03333,CARG,CC-103,TL,2025-05-11,2025-05-13,1959.75,336.93,12.3,history,2308.98,1.0,2296.68,2296.68,0.0,0.0,2296.68,2296.68,0.0,12.3
2025-05-31,SHP03335,CARE,CC-102,LTL,2025-05-11,2025-05-14,292.25,60.5,19.94,history,372.69,1.0,352.75,352.75,0.0,0.0,352.75,352.75,0.0,19.94
2025-05-31,SHP03336,CARD,CC-102,LTL,2025-05-11,2025-05-13,202.15,41.85,20.47,history,264.47,2.0,369.0,244.0,125.0,0.0,369.0,244.0,125.0,-104.53
2025-05-31,SHP03341,CARC,CC-103,LTL,2025-05-11,2025-05-15,328.95,68.09,20.73,history,417.77,1.0,593.01,498.01,95.0,195.97,397.04,397.04,0.0,20.73
2025-05-31,SHP03344,CARE,CC-101,LTL,2025-05-11,2025-05-15,3056.01,632.59,19.94,history,3708.54,1.0,3688.6,3688.6,0.0,0.0,3688.6,3688.6,0.0,19.94
2025-05-31,SHP03346,CARB,CC-104,LTL,2025-05-11,2025-05-13,149.15,30.87,18.07,history,198.09,1.0,180.02,180.02,0.0,0.0,180.02,180.02,0.0,18.07
2025-05-31,SHP03349,CARD,CC-103,LTL,2025-05-11,2025-05-14,527.1,109.11,20.47,history,656.68,1.0,636.21,636.21,0.0,0.0,636.21,636.21,0.0,20.47
2025-05-31,SHP03350,CARD,CC-102,LTL,2025-05-11,2025-05-13,162.91,33.72,20.47,history,217.1,1.0,196.63,196.63,0.0,0.0,196.63,196.63,0.0,20.47
2025-05-31,SHP03353,CARG,CC-103,TL,2025-05-12,2025-05-15,3133.35,581.87,12.3,history,3727.52,1.0,3865.22,3715.22,150.0,0.0,3865.22,3715.22,150.0,-137.7
2025-05-31,SHP03357,CARE,CC-104,LTL,2025-05-12,2025-05-15,608.4,131.41,19.94,history,759.75,1.0,864.81,739.81,125.0,125.0,739.81,739.81,0.0,19.94
2025-05-31,SHP03363,CARB,CC-101,LTL,2025-05-12,2025-05-14,209.38,45.23,18.07,history,272.68,1.0,254.61,254.61,0.0,0.0,254.61,254.61,0.0,18.07
2025-05-31,SHP03368,CARE,CC-104,LTL,2025-05-12,2025-05-14,280.41,60.57,19.94,history,360.92,1.0,560.98,340.98,220.0,0.0,560.98,340.98,220.0,-200.06
2025-05-31,SHP03371,CARD,CC-103,LTL,2025-05-12,2025-05-15,803.2,173.49,20.47,history,997.16,1.0,1101.69,976.69,125.0,0.0,1101.69,976.69,125.0,-104.53
2025-05-31,SHP03372,CARE,CC-105,LTL,2025-05-12,2025-05-15,556.44,120.19,19.94,history,696.57,1.0,676.63,676.63,0.0,0.0,676.63,676.63,0.0,19.94
2025-05-31,SHP03378,CARD,CC-103,LTL,2025-05-13,2025-05-16,253.9,54.84,20.47,history,329.21,1.0,307.72,307.72,0.0,0.0,307.72,307.72,0.0,21.49
2025-05-31,SHP03382,CARC,CC-104,LTL,2025-05-13,2025-05-18,2028.77,438.21,20.73,history,2487.71,1.0,2466.98,2466.98,0.0,0.0,2466.98,2466.98,0.0,20.73
2025-05-31,SHP03383,CARB,CC-102,LTL,2025-05-13,2025-05-15,408.85,88.31,18.07,history,515.23,1.0,497.16,497.16,0.0,0.0,497.16,497.16,0.0,18.07
2025-05-31,SHP03384,CARG,CC-105,TL,2025-05-13,2025-05-16,1225.91,227.66,12.3,history,1465.87,1.0,1453.57,1453.57,0.0,0.0,1453.57,1453.57,0.0,12.3
2025-05-31,SHP03386,CARC,CC-101,LTL,2025-05-13,2025-05-14,110.0,23.76,20.73,history,154.49,1.0,133.78,133.78,0.0,0.0,133.78,133.78,0.0,20.71
2025-05-31,SHP03387,CARA,CC-103,LTL,2025-05-13,2025-05-18,1128.62,243.78,17.19,history,1389.59,1.0,1372.4,1372.4,0.0,0.0,1372.4,1372.4,0.0,17.19
2025-05-31,SHP03389,CARF,CC-101,TL,2025-05-13,2025-05-17,2457.46,431.8,17.53,history,2906.79,1.0,2889.26,2889.26,0.0,0.0,2889.26,2889.26,0.0,17.53
2025-05-31,SHP03395,CARD,CC-102,LTL,2025-05-13,2025-05-15,125.03,27.01,20.47,history,172.51,1.0,152.04,152.04,0.0,0.0,152.04,152.04,0.0,20.47
2025-05-31,SHP03396,CARD,CC-103,LTL,2025-05-13,2025-05-17,732.8,158.28,20.47,history,911.55,1.0,889.58,889.58,0.0,0.0,889.58,889.58,0.0,21.97
2025-05-31,SHP03401,CARD,CC-102,LTL,2025-05-13,2025-05-16,1025.99,221.61,20.47,history,1268.07,1.0,1247.6,1247.6,0.0,0.0,1247.6,1247.6,0.0,20.47
2025-05-31,SHP03402,CARB,CC-101,LTL,2025-05-13,2025-05-14,180.71,39.03,18.07,history,237.81,1.0,219.74,219.74,0.0,0.0,219.74,219.74,0.0,18.07
2025-05-31,SHP03403,CARA,CC-103,LTL,2025-05-13,2025-05-18,756.1,163.32,17.19,history,936.61,1.0,919.42,919.42,0.0,0.0,919.42,919.42,0.0,17.19
2025-05-31,SHP03404,CARE,CC-101,LTL,2025-05-13,2025-05-15,110.0,23.76,19.94,history,153.7,2.0,228.76,133.76,95.0,0.0,228.76,133.76,95.0,-75.06
2025-05-31,SHP03405,CARD,CC-102,LTL,2025-05-13,2025-05-16,221.83,47.92,20.47,history,290.22,1.0,269.75,269.75,0.0,0.0,269.75,269.75,0.0,20.47
2025-05-31,SHP03406,CARE,CC-104,LTL,2025-05-14,2025-05-17,427.9,92.43,19.94,history,540.27,1.0,520.33,520.33,0.0,0.0,520.33,520.33,0.0,19.94
2025-05-31,SHP03407,CARD,CC-103,LTL,2025-05-14,2025-05-17,225.42,48.69,20.47,history,294.58,1.0,274.11,274.11,0.0,0.0,274.11,274.11,0.0,20.47
2025-05-31,SHP03408,CARA,CC-101,LTL,2025-05-14,2025-05-19,927.89,200.42,17.19,history,1145.5,1.0,1128.31,1128.31,0.0,0.0,1128.31,1128.31,0.0,17.19
2025-05-31,SHP03410,CARB,CC-102,LTL,2025-05-14,2025-05-17,467.11,100.9,18.07,history,586.08,1.0,568.01,568.01,0.0,0.0,568.01,568.01,0.0,18.07
2025-05-31,SHP03411,CARD,CC-102,LTL,2025-05-14,2025-05-17,194.47,42.01,20.47,history,256.95,1.0,277.77,277.77,0.0,41.29,236.48,236.48,0.0,20.47
2025-05-31,SHP03412,CARG,CC-101,TL,2025-05-14,2025-05-18,2614.43,463.54,12.3,history,3090.27,1.0,3076.68,3076.68,0.0,0.0,3076.68,3076.68,0.0,13.59
2025-05-31,SHP03415,CARH,CC-102,TL,2025-05-14,2025-05-18,3850.12,746.83,12.8,history,4609.75,1.0,4596.95,4596.95,0.0,0.0,4596.95,4596.95,0.0,12.8
2025-05-31,SHP03417,CARC,CC-104,LTL,2025-05-14,2025-05-20,883.79,190.9,20.73,history,1095.42,1.0,1233.73,1233.73,0.0,159.04,1074.69,1074.69,0.0,20.73
2025-05-31,SHP03418,CARB,CC-101,LTL,2025-05-14,2025-05-16,163.13,35.24,18.07,history,216.44,1.0,198.37,198.37,0.0,0.0,198.37,198.37,0.0,18.07
2025-05-31,SHP03419,CARD,CC-101,LTL,2025-05-14,2025-05-17,264.85,57.21,20.47,history,342.53,1.0,417.06,322.06,95.0,0.0,417.06,322.06,95.0,-74.53
2025-05-31,SHP03422,CARB,CC-104,LTL,2025-05-14,2025-05-19,776.61,167.75,18.07,history,962.43,1.0,944.36,944.36,0.0,0.0,944.36,944.36,0.0,18.07
2025-05-31,SHP03423,CARB,CC-102,LTL,2025-05-14,2025-05-16,398.7,86.12,18.07,history,502.89,1.0,484.82,484.82,0.0,0.0,484.82,484.82,0.0,18.07
2025-05-31,SHP03424,CARB,CC-104,LTL,2025-05-14,2025-05-16,649.06,140.2,18.07,history,807.33,1.0,789.26,789.26,0.0,0.0,789.26,789.26,0.0,18.07
2025-05-31,SHP03425,CARC,CC-103,LTL,2025-05-14,2025-05-16,447.2,96.6,20.73,history,564.53,1.0,543.8,543.8,0.0,0.0,543.8,543.8,0.0,20.73
2025-05-31,SHP03426,CARB,CC-104,LTL,2025-05-14,2025-05-21,1188.65,256.75,18.07,history,1463.47,1.0,1445.4,1445.4,0.0,0.0,1445.4,1445.4,0.0,18.07
2025-05-31,SHP03428,CARC,CC-102,LTL,2025-05-14,2025-05-16,162.34,35.07,20.73,history,218.14,1.0,197.41,197.41,0.0,0.0,197.41,197.41,0.0,20.73
2025-05-31,SHP03431,CARF,CC-104,TL,2025-05-14,2025-05-16,1279.04,223.74,17.53,history,1520.31,1.0,1502.78,1502.78,0.0,0.0,1502.78,1502.78,0.0,17.53
2025-05-31,SHP03432,CARD,CC-102,LTL,2025-05-14,2025-05-18,447.63,96.69,20.47,history,564.79,1.0,544.32,544.32,0.0,0.0,544.32,544.32,0.0,20.47
2025-05-31,SHP03433,CARC,CC-103,LTL,2025-05-15,2025-05-19,293.1,63.31,20.73,history,377.14,1.0,356.41,356.41,0.0,0.0,356.41,356.41,0.0,20.73
2025-05-31,SHP03435,CARB,CC-101,LTL,2025-05-15,2025-05-19,848.1,183.19,18.07,history,1049.36,1.0,1031.29,1031.29,0.0,0.0,1031.29,1031.29,0.0,18.07
2025-05-31,SHP03436,CARB,CC-102,LTL,2025-05-15,2025-05-18,463.4,100.09,18.07,history,581.56,1.0,563.49,563.49,0.0,0.0,563.49,563.49,0.0,18.07
2025-05-31,SHP03437,CARB,CC-102,LTL,2025-05-15,2025-05-18,496.76,107.3,18.07,history,622.13,1.0,604.06,604.06,0.0,0.0,604.06,604.06,0.0,18.07
2025-05-31,SHP03438,CARB,CC-101,LTL,2025-05-15,2025-05-21,2639.03,570.03,18.07,history,3227.13,1.0,3209.06,3209.06,0.0,0.0,3209.06,3209.06,0.0,18.07
2025-05-31,SHP03439,CARA,CC-105,LTL,2025-05-15,2025-05-19,770.88,166.51,17.19,history,954.58,1.0,937.39,937.39,0.0,0.0,937.39,937.39,0.0,17.19
2025-05-31,SHP03440,CARA,CC-105,LTL,2025-05-15,2025-05-21,451.61,97.55,17.19,history,566.35,1.0,549.34,549.34,0.0,0.0,549.34,549.34,0.0,17.01
2025-05-31,SHP03441,CARA,CC-102,LTL,2025-05-15,2025-05-20,657.5,142.02,17.19,history,816.71,1.0,894.52,799.52,95.0,0.0,894.52,799.52,95.0,-77.81
2025-05-31,SHP03442,CARD,CC-103,LTL,2025-05-15,2025-05-17,336.37,72.66,20.47,history,429.5,2.0,818.06,818.06,0.0,409.03,409.03,409.03,0.0,20.47
2025-05-31,SHP03444,CARE,CC-102,LTL,2025-05-15,2025-05-18,1026.61,221.75,19.94,history,1268.3,1.0,1373.36,1248.36,125.0,0.0,1373.36,1248.36,125.0,-105.06
2025-05-31,SHP03450,CARF,CC-104,TL,2025-05-15,2025-05-17,1694.04,291.13,17.53,history,2002.7,1.0,1985.17,1985.17,0.0,0.0,1985.17,1985.17,0.0,17.53
2025-05-31,SHP03452,CARE,CC-103,LTL,2025-05-15,2025-05-18,664.65,143.56,19.94,history,828.15,1.0,933.21,808.21,125.0,0.0,933.21,808.21,125.0,-105.06
2025-05-31,SHP03454,CARA,CC-105,LTL,2025-05-15,2025-05-20,1611.57,348.1,17.19,history,1976.86,1.0,1959.67,1959.67,0.0,0.0,1959.67,1959.67,0.0,17.19
2025-05-31,SHP03455,CARB,CC-104,LTL,2025-05-15,2025-05-16,270.8,58.49,18.07,history,347.36,1.0,329.29,329.29,0.0,0.0,329.29,329.29,0.0,18.07
2025-05-31,SHP03456,CARE,CC-105,LTL,2025-05-15,2025-05-18,226.36,48.89,19.94,history,295.19,1.0,275.25,275.25,0.0,0.0,275.25,275.25,0.0,19.94
2025-05-31,SHP03457,CARE,CC-102,LTL,2025-05-15,2025-05-18,827.77,178.8,19.94,history,1026.51,1.0,1006.57,1006.57,0.0,0.0,1006.57,1006.57,0.0,19.94
2025-05-31,SHP03458,CARB,CC-102,LTL,2025-05-15,2025-05-16,225.45,48.7,18.07,history,292.22,1.0,274.15,274.15,0.0,0.0,274.15,274.15,0.0,18.07
2025-05-31,SHP03460,CARG,CC-104,TL,2025-05-15,2025-05-18,1750.17,302.1,12.3,history,2064.57,1.0,2048.46,2048.46,0.0,0.0,2048.46,2048.46,0.0,16.11
2025-05-31,SHP03462,CARB,CC-102,LTL,2025-05-15,2025-05-18,463.4,100.09,18.07,history,581.56,1.0,563.49,563.49,0.0,0.0,563.49,563.49,0.0,18.07
2025-05-31,SHP03463,CARH,CC-102,TL,2025-05-16,2025-05-20,2234.77,440.03,12.8,history,2687.6,1.0,2674.8,2674.8,0.0,0.0,2674.8,2674.8,0.0,12.8
2025-05-31,SHP03464,CARA,CC-102,LTL,2025-05-16,2025-05-18,239.95,51.83,17.19,history,308.97,1.0,291.78,291.78,0.0,0.0,291.78,291.78,0.0,17.19
2025-05-31,SHP03465,CARD,CC-101,LTL,2025-05-16,2025-05-19,517.25,111.73,20.47,history,649.45,1.0,628.86,628.86,0.0,0.0,628.86,628.86,0.0,20.59
2025-05-31,SHP03466,CARE,CC-102,LTL,2025-05-16,2025-05-20,235.11,50.78,19.94,history,305.83,2.0,380.89,285.89,95.0,0.0,380.89,285.89,95.0,-75.06
2025-05-31,SHP03467,CARE,CC-104,LTL,2025-05-16,2025-05-18,589.79,127.39,19.94,history,737.12,1.0,717.18,717.18,0.0,0.0,717.18,717.18,0.0,19.94
2025-05-31,SHP03468,CARE,CC-104,LTL,2025-05-16,2025-05-18,594.88,128.49,19.94,history,743.31,1.0,723.37,723.37,0.0,0.0,723.37,723.37,0.0,19.94
2025-05-31,SHP03469,CARE,CC-105,LTL,2025-05-16,2025-05-18,187.07,40.41,19.94,history,247.42,1.0,227.48,227.48,0.0,0.0,227.48,227.48,0.0,19.94
2025-05-31,SHP03470,CARD,CC-101,LTL,2025-05-16,2025-05-17,553.72,119.6,20.47,history,693.79,1.0,673.32,673.32,0.0,0.0,673.32,673.32,0.0,20.47
2025-05-31,SHP03474,CARE,CC-101,LTL,2025-05-16,2025-05-22,578.21,124.89,19.94,history,723.04,1.0,703.1,703.1,0.0,0.0,703.1,703.1,0.0,19.94
2025-05-31,SHP03475,CARF,CC-101,TL,2025-05-16,2025-05-19,3432.0,560.32,17.53,history,4009.85,1.0,3992.32,3992.32,0.0,0.0,3992.32,3992.32,0.0,17.53
2025-05-31,SHP03476,CARE,CC-104,LTL,2025-05-16,2025-05-18,477.08,103.05,19.94,history,600.07,1.0,580.13,580.13,0.0,0.0,580.13,580.13,0.0,19.94
2025-05-31,SHP03477,CARG,CC-104,TL,2025-05-16,2025-05-18,450.0,76.41,12.3,history,538.71,1.0,526.41,526.41,0.0,0.0,526.41,526.41,0.0,12.3
2025-05-31,SHP03480,CARD,CC-101,LTL,2025-05-16,2025-05-20,211.41,45.66,20.47,history,277.54,1.0,257.07,257.07,0.0,0.0,257.07,257.07,0.0,20.47
2025-05-31,SHP03481,CARD,CC-105,LTL,2025-05-16,2025-05-18,284.7,61.5,20.47,history,366.67,1.0,346.2,346.2,0.0,0.0,346.2,346.2,0.0,20.47
2025-05-31,SHP03482,CARD,CC-104,LTL,2025-05-16,2025-05-18,110.0,23.76,20.47,history,154.23,1.0,133.76,133.76,0.0,0.0,133.76,133.76,0.0,20.47
2025-05-31,SHP03484,CARD,CC-102,LTL,2025-05-16,2025-05-19,205.8,44.45,20.47,history,270.72,1.0,375.25,250.25,125.0,0.0,375.25,250.25,125.0,-104.53
2025-05-31,SHP03485,CARD,CC-103,LTL,2025-05-16,2025-05-20,1208.67,261.07,20.47,history,1490.21,1.0,1469.74,1469.74,0.0,0.0,1469.74,1469.74,0.0,20.47
2025-05-31,SHP03487,CARA,CC-103,LTL,2025-05-16,2025-05-20,690.09,149.06,17.19,history,856.34,1.0,839.15,839.15,0.0,0.0,839.15,839.15,0.0,17.19
2025-05-31,SHP03488,CARH,CC-104,TL,2025-05-16,2025-05-19,1536.12,295.05,12.8,history,1843.97,1.0,1831.17,1831.17,0.0,0.0,1831.17,1831.17,0.0,12.8
2025-05-31,SHP03489,CARE,CC-101,LTL,2025-05-16,2025-05-22,1304.84,281.85,19.94,history,1606.63,1.0,1586.69,1586.69,0.0,0.0,1586.69,1586.69,0.0,19.94
2025-05-31,SHP03492,CARC,CC-104,LTL,2025-05-16,2025-05-20,493.7,106.64,20.73,history,621.07,1.0,600.34,600.34,0.0,0.0,600.34,600.34,0.0,20.73
2025-05-31,SHP03494,CARD,CC-105,LTL,2025-05-17,2025-05-18,568.0,122.69,20.47,history,711.16,1.0,690.69,690.69,0.0,0.0,690.69,690.69,0.0,20.47
2025-05-31,SHP03496,CARB,CC-105,LTL,2025-05-17,2025-05-22,503.44,108.74,18.07,history,630.25,1.0,612.18,612.18,0.0,0.0,612.18,612.18,0.0,18.07
2025-05-31,SHP03497,CARD,CC-103,LTL,2025-05-17,2025-05-20,160.99,34.77,20.47,history,216.23,1.0,226.37,226.37,0.0,0.0,226.37,226.37,0.0,-10.14
2025-05-31,SHP03501,CARG,CC-103,TL,2025-05-17,2025-05-21,2361.68,436.5,12.3,history,2810.48,1.0,2798.18,2798.18,0.0,0.0,2798.18,2798.18,0.0,12.3
2025-05-31,SHP03502,CARD,CC-103,LTL,2025-05-17,2025-05-23,403.15,87.08,20.47,history,510.7,1.0,490.23,490.23,0.0,0.0,490.23,490.23,0.0,20.47
2025-05-31,SHP03503,CARD,CC-105,LTL,2025-05-17,2025-05-20,344.77,74.47,20.47,history,439.71,1.0,514.24,419.24,95.0,0.0,514.24,419.24,95.0,-74.53
2025-05-31,SHP03505,CARA,CC-104,LTL,2025-05-17,2025-05-18,269.7,58.26,17.19,history,345.15,1.0,327.96,327.96,0.0,0.0,327.96,327.96,0.0,17.19
2025-05-31,SHP03506,CARG,CC-101,TL,2025-05-17,2025-05-22,4656.96,814.62,12.3,history,5483.88,1.0,5471.58,5471.58,0.0,0.0,5471.58,5471.58,0.0,12.3
2025-05-31,SHP03507,CARB,CC-101,LTL,2025-05-17,2025-05-18,716.0,154.66,18.07,history,888.73,1.0,870.66,870.66,0.0,0.0,870.66,870.66,0.0,18.07
2025-05-31,SHP03510,CARD,CC-103,LTL,2025-05-17,2025-05-20,716.49,154.76,20.47,history,891.72,1.0,871.25,871.25,0.0,0.0,871.25,871.25,0.0,20.47
2025-05-31,SHP03511,CARC,CC-101,LTL,2025-05-17,2025-05-21,275.25,59.45,20.73,history,355.43,1.0,334.7,334.7,0.0,0.0,334.7,334.7,0.0,20.73
2025-05-31,SHP03514,CARD,CC-101,LTL,2025-05-17,2025-05-18,261.58,56.5,20.47,history,338.55,1.0,318.02,318.02,0.0,0.0,318.02,318.02,0.0,20.53
2025-05-31,SHP03516,CARB,CC-104,LTL,2025-05-17,2025-05-20,670.8,144.89,18.07,history,833.76,1.0,815.69,815.69,0.0,0.0,815.69,815.69,0.0,18.07
2025-05-31,SHP03517,CARA,CC-103,LTL,2025-05-17,2025-05-22,1370.97,296.13,17.19,history,1684.29,1.0,1667.1,1667.1,0.0,0.0,1667.1,1667.1,0.0,17.19
2025-05-31,SHP03518,CARD,CC-105,LTL,2025-05-17,2025-05-19,110.0,23.76,20.47,history,154.23,1.0,133.76,133.76,0.0,0.0,133.76,133.76,0.0,20.47
2025-05-31,SHP03519,CARB,CC-101,LTL,2025-05-17,2025-05-21,546.47,118.04,18.07,history,682.58,1.0,664.51,664.51,0.0,0.0,664.51,664.51,0.0,18.07
2025-05-31,SHP03520,CARH,CC-103,TL,2025-05-17,2025-05-19,1100.9,213.55,12.8,history,1327.25,1.0,1314.45,1314.45,0.0,0.0,1314.45,1314.45,0.0,12.8
2025-05-31,SHP03521,CARA,CC-104,LTL,2025-05-17,2025-05-22,2176.91,470.21,17.19,history,2664.31,1.0,2647.26,2647.26,0.0,0.0,2647.26,2647.26,0.0,17.05
2025-05-31,SHP03522,CARC,CC-103,LTL,2025-05-17,2025-05-21,1835.0,396.36,20.73,history,2252.09,1.0,2231.36,2231.36,0.0,0.0,2231.36,2231.36,0.0,20.73
2025-05-31,SHP03524,CARA,CC-101,LTL,2025-05-17,2025-05-22,652.0,140.83,17.19,history,810.02,1.0,792.83,792.83,0.0,0.0,792.83,792.83,0.0,17.19
2025-05-31,SHP03526,CARE,CC-102,LTL,2025-05-18,2025-05-20,718.04,155.1,19.94,history,893.08,1.0,968.14,873.14,95.0,0.0,968.14,873.14,95.0,-75.06
2025-05-31,SHP03527,CARB,CC-104,LTL,2025-05-18,2025-05-19,630.83,136.26,18.07,history,785.16,1.0,832.6,832.6,0.0,65.51,767.09,767.09,0.0,18.07
2025-05-31,SHP03529,CARD,CC-101,LTL,2025-05-18,2025-05-19,682.38,147.39,20.47,history,850.24,1.0,829.77,829.77,0.0,0.0,829.77,829.77,0.0,20.47
2025-05-31,SHP03532,CARC,CC-102,LTL,2025-05-18,2025-05-21,490.2,105.88,20.73,history,616.81,1.0,596.08,596.08,0.0,0.0,596.08,596.08,0.0,20.73
2025-05-31,SHP03533,CARD,CC-101,LTL,2025-05-18,2025-05-22,854.64,184.6,20.47,history,1059.71,1.0,1041.2,1041.2,0.0,0.0,1041.2,1041.2,0.0,18.51
2025-05-31,SHP03534,CARE,CC-102,LTL,2025-05-18,2025-05-22,405.15,87.51,19.94,history,512.6,1.0,492.66,492.66,0.0,0.0,492.66,492.66,0.0,19.94
2025-05-31,SHP03536,CARA,CC-103,LTL,2025-05-18,2025-05-23,1024.79,221.35,17.19,history,1263.33,1.0,1246.14,1246.14,0.0,0.0,1246.14,1246.14,0.0,17.19
2025-05-31,SHP03538,CARA,CC-104,LTL,2025-05-18,2025-05-23,677.24,146.28,17.19,history,840.71,1.0,823.52,823.52,0.0,0.0,823.52,823.52,0.0,17.19
2025-05-31,SHP03539,CARE,CC-102,LTL,2025-05-18,2025-05-21,1987.41,429.28,19.94,history,2436.63,1.0,2416.69,2416.69,0.0,0.0,2416.69,2416.69,0.0,19.94
2025-05-31,SHP03540,CARF,CC-102,TL,2025-05-18,2025-05-20,1763.58,312.68,17.53,history,2093.79,1.0,2076.2,2076.2,0.0,0.0,2076.2,2076.2,0.0,17.59
2025-05-31,SHP03541,CARB,CC-101,LTL,2025-05-18,2025-05-23,350.75,75.76,18.07,history,444.58,1.0,521.51,426.51,95.0,0.0,521.51,426.51,95.0,-76.93
2025-05-31,SHP03542,CARE,CC-101,LTL,2025-05-18,2025-05-23,1378.66,297.79,19.94,history,1696.39,1.0,1676.45,1676.45,0.0,0.0,1676.45,1676.45,0.0,19.94
2025-05-31,SHP03544,CARH,CC-103,TL,2025-05-18,2025-05-21,3114.0,610.08,12.8,history,3736.88,1.0,3724.08,3724.08,0.0,0.0,3724.08,3724.08,0.0,12.8
2025-05-31,SHP03546,CARD,CC-102,LTL,2025-05-18,2025-05-21,265.5,57.35,20.47,history,343.32,1.0,363.77,363.77,0.0,40.93,322.84,322.84,0.0,20.48
2025-05-31,SHP03547,CARC,CC-104,LTL,2025-05-18,2025-05-25,1531.26,330.75,20.73,history,1882.74,1.0,1987.01,1862.01,125.0,0.0,1987.01,1862.01,125.0,-104.27
2025-05-31,SHP03548,CARA,CC-105,LTL,2025-05-18,2025-05-20,448.87,96.96,17.19,history,563.02,1.0,545.83,545.83,0.0,0.0,545.83,545.83,0.0,17.19
2025-05-31,SHP03549,CARF,CC-104,TL,2025-05-18,2025-05-21,2815.48,467.46,17.53,history,3300.47,1.0,3282.94,3282.94,0.0,0.0,3282.94,3282.94,0.0,17.53
2025-05-31,SHP03550,CARE,CC-105,LTL,2025-05-19,2025-05-22,539.6,116.55,19.94,history,676.09,1.0,656.15,656.15,0.0,0.0,656.15,656.15,0.0,19.94
2025-05-31,SHP03553,CARD,CC-103,LTL,2025-05-19,2025-05-23,663.62,143.34,20.47,history,827.43,1.0,824.88,824.88,0.0,17.92,806.96,806.96,0.0,20.47
2025-05-31,SHP03554,CARD,CC-103,LTL,2025-05-19,2025-05-24,366.88,79.25,20.47,history,466.6,1.0,446.13,446.13,0.0,0.0,446.13,446.13,0.0,20.47
2025-05-31,SHP03555,CARE,CC-105,LTL,2025-05-19,2025-05-20,415.16,89.67,19.94,history,524.77,1.0,504.83,504.83,0.0,0.0,504.83,504.83,0.0,19.94
2025-05-31,SHP03556,CARA,CC-104,LTL,2025-05-19,2025-05-24,627.44,135.53,17.19,history,780.16,1.0,762.97,762.97,0.0,0.0,762.97,762.97,0.0,17.19
2025-05-31,SHP03557,CARE,CC-101,LTL,2025-05-19,2025-05-24,1491.8,322.23,19.94,history,1833.97,1.0,1939.03,1814.03,125.0,0.0,1939.03,1814.03,125.0,-105.06
2025-05-31,SHP03558,CARA,CC-102,LTL,2025-05-19,2025-05-23,1939.94,419.03,17.19,history,2376.16,1.0,2483.97,2358.97,125.0,0.0,2483.97,2358.97,125.0,-107.81
2025-05-31,SHP03559,CARG,CC-104,TL,2025-05-19,2025-05-24,5133.3,974.85,12.3,history,6120.45,1.0,6112.18,6112.18,0.0,0.0,6112.18,6112.18,0.0,8.27
2025-05-31,SHP03561,CARE,CC-105,LTL,2025-05-19,2025-05-22,317.5,68.58,19.94,history,406.02,1.0,386.08,386.08,0.0,0.0,386.08,386.08,0.0,19.94
2025-05-31,SHP03563,CARD,CC-104,LTL,2025-05-19,2025-05-21,215.04,46.45,20.47,history,281.96,1.0,261.49,261.49,0.0,0.0,261.49,261.49,0.0,20.47
2025-05-31,SHP03564,CARE,CC-101,LTL,2025-05-19,2025-05-20,149.26,32.24,19.94,history,201.44,1.0,181.5,181.5,0.0,0.0,181.5,181.5,0.0,19.94
2025-05-31,SHP03565,CARD,CC-103,LTL,2025-05-19,2025-05-21,224.24,48.44,20.47,history,293.15,1.0,272.68,272.68,0.0,0.0,272.68,272.68,0.0,20.47
2025-05-31,SHP03566,CARE,CC-102,LTL,2025-05-19,2025-05-21,450.76,97.36,19.94,history,568.06,1.0,548.12,548.12,0.0,0.0,548.12,548.12,0.0,19.94
2025-05-31,SHP03567,CARD,CC-105,LTL,2025-05-19,2025-05-21,157.7,34.06,20.47,history,212.23,1.0,191.76,191.76,0.0,0.0,191.76,191.76,0.0,20.47
2025-05-31,SHP03568,CARE,CC-105,LTL,2025-05-19,2025-05-21,834.76,180.31,19.94,history,1035.01,1.0,1015.07,1015.07,0.0,0.0,1015.07,1015.07,0.0,19.94
2025-05-31,SHP03569,CARE,CC-101,LTL,2025-05-19,2025-05-24,659.06,142.36,19.94,history,821.36,1.0,801.42,801.42,0.0,0.0,801.42,801.42,0.0,19.94
2025-05-31,SHP03571,CARD,CC-103,LTL,2025-05-19,2025-05-22,264.76,57.19,20.47,history,342.42,1.0,322.42,322.42,0.0,0.0,322.42,322.42,0.0,20.0
2025-05-31,SHP03573,CARD,CC-105,LTL,2025-05-19,2025-05-22,110.0,23.76,20.47,history,154.23,1.0,133.76,133.76,0.0,0.0,133.76,133.76,0.0,20.47
2025-05-31,SHP03574,CARC,CC-102,LTL,2025-05-19,2025-05-22,1207.5,260.82,20.73,history,1489.05,1.0,1469.98,1469.98,0.0,0.0,1469.98,1469.98,0.0,19.07
2025-05-31,SHP03576,CARC,CC-105,LTL,2025-05-19,2025-05-21,386.51,83.49,20.73,history,490.73,1.0,470.0,470.0,0.0,0.0,470.0,470.0,0.0,20.73
2025-05-31,SHP03577,CARB,CC-103,LTL,2025-05-19,2025-05-23,274.73,59.34,18.07,history,352.14,1.0,334.07,334.07,0.0,0.0,334.07,334.07,0.0,18.07
2025-05-31,SHP03579,CARB,CC-101,LTL,2025-05-19,2025-05-20,197.9,42.75,18.07,history,258.72,1.0,240.65,240.65,0.0,0.0,240.65,240.65,0.0,18.07
2025-05-31,SHP03580,CARG,CC-103,TL,2025-05-19,2025-05-23,2972.59,539.2,12.3,history,3524.09,1.0,3511.79,3511.79,0.0,0.0,3511.79,3511.79,0.0,12.3
2025-05-31,SHP03581,CARC,CC-103,LTL,2025-05-19,2025-05-23,553.26,119.5,20.73,history,693.49,1.0,672.76,672.76,0.0,0.0,672.76,672.76,0.0,20.73
2025-05-31,SHP03582,CARB,CC-104,LTL,2025-05-19,2025-05-22,460.0,99.36,18.07,history,577.43,1.0,559.36,559.36,0.0,0.0,559.36,559.36,0.0,18.07
2025-05-31,SHP03583,CARB,CC-101,LTL,2025-05-20,2025-05-25,607.5,131.22,18.07,history,756.79,1.0,738.72,738.72,0.0,0.0,738.72,738.72,0.0,18.07
2025-05-31,SHP03584,CARE,CC-103,LTL,2025-05-20,2025-05-23,265.83,57.42,19.94,history,343.19,1.0,323.25,323.25,0.0,0.0,323.25,323.25,0.0,19.94
2025-05-31,SHP03585,CARB,CC-101,LTL,2025-05-20,2025-05-22,180.49,38.99,18.07,history,237.55,1.0,344.48,219.48,125.0,0.0,344.48,219.48,125.0,-106.93
2025-05-31,SHP03586,CARH,CC-103,TL,2025-05-20,2025-05-22,1100.9,220.45,12.8,history,1334.15,1.0,1321.35,1321.35,0.0,0.0,1321.35,1321.35,0.0,12.8
2025-05-31,SHP03588,CARE,CC-104,LTL,2025-05-20,2025-05-22,309.56,66.86,19.94,history,396.36,1.0,501.42,376.42,125.0,0.0,501.42,376.42,125.0,-105.06
2025-05-31,SHP03589,CARF,CC-101,TL,2025-05-20,2025-05-23,3432.0,578.44,17.53,history,4027.97,1.0,4010.44,4010.44,0.0,0.0,4010.44,4010.44,0.0,17.53
2025-05-31,SHP03590,CARD,CC-101,LTL,2025-05-20,2025-05-21,144.47,31.21,20.47,history,196.15,1.0,175.68,175.68,0.0,0.0,175.68,175.68,0.0,20.47
2025-05-31,SHP03591,CARD,CC-102,LTL,2025-05-20,2025-05-24,335.06,72.37,20.47,history,427.9,1.0,407.43,407.43,0.0,0.0,407.43,407.43,0.0,20.47
2025-05-31,SHP03592,CARB,CC-104,LTL,2025-05-20,2025-05-22,298.81,64.54,18.07,history,381.42,1.0,442.43,442.43,0.0,6.46,435.97,435.97,0.0,-54.55
2025-05-31,SHP03593,CARC,CC-103,LTL,2025-05-20,2025-05-24,293.1,63.31,20.73,history,377.14,1.0,355.56,355.56,0.0,0.0,355.56,355.56,0.0,21.58
2025-05-31,SHP03595,CARH,CC-103,TL,2025-05-20,2025-05-23,3114.0,629.81,12.8,history,3756.61,1.0,3743.81,3743.81,0.0,0.0,3743.81,3743.81,0.0,12.8
2025-05-31,SHP03596,CARA,CC-105,LTL,2025-05-20,2025-05-22,362.49,78.3,17.19,history,457.98,1.0,535.79,440.79,95.0,0.0,535.79,440.79,95.0,-77.81
2025-05-31,SHP03597,CARD,CC-105,LTL,2025-05-21,2025-05-24,842.66,182.01,20.47,history,1045.14,1.0,1024.67,1024.67,0.0,0.0,1024.67,1024.67,0.0,20.47
2025-05-31,SHP03598,CARD,CC-104,LTL,2025-05-21,2025-05-24,402.9,87.03,20.47,history,510.4,1.0,489.93,489.93,0.0,0.0,489.93,489.93,0.0,20.47
2025-05-31,SHP03599,CARD,CC-102,LTL,2025-05-21,2025-05-24,484.53,104.66,20.47,history,609.66,1.0,589.19,589.19,0.0,0.0,589.19,589.19,0.0,20.47
2025-05-31,SHP03600,CARA,CC-103,LTL,2025-05-21,2025-05-25,367.1,79.29,17.19,history,463.58,1.0,446.39,446.39,0.0,0.0,446.39,446.39,0.0,17.19
2025-05-31,SHP03601,CARF,CC-101,TL,2025-05-21,2025-05-25,3432.0,578.44,17.53,history,4027.97,1.0,4010.44,4010.44,0.0,0.0,4010.44,4010.44,0.0,17.53
2025-05-31,SHP03603,CARC,CC-103,LTL,2025-05-21,2025-05-24,509.8,110.12,20.73,history,640.65,1.0,618.36,618.36,0.0,0.0,618.36,618.36,0.0,22.29
2025-05-31,SHP03604,CARB,CC-104,LTL,2025-05-21,2025-05-22,479.18,103.5,18.07,history,600.75,1.0,677.68,582.68,95.0,0.0,677.68,582.68,95.0,-76.93
2025-05-31,SHP03605,CARE,CC-105,LTL,2025-05-21,2025-05-22,170.9,36.91,19.94,history,227.75,1.0,207.81,207.81,0.0,0.0,207.81,207.81,0.0,19.94
2025-05-31,SHP03606,CARA,CC-105,LTL,2025-05-21,2025-05-24,1153.89,249.24,17.19,history,1420.32,1.0,1434.29,1434.29,0.0,31.16,1403.13,1403.13,0.0,17.19
2025-05-31,SHP03607,CARA,CC-102,LTL,2025-05-21,2025-05-25,689.72,148.98,17.19,history,855.89,1.0,933.21,838.21,95.0,0.0,933.21,838.21,95.0,-77.32
2025-05-31,SHP03608,CARB,CC-101,LTL,2025-05-21,2025-05-25,652.09,140.85,18.07,history,811.01,1.0,887.94,792.94,95.0,0.0,887.94,792.94,95.0,-76.93
2025-05-31,SHP03609,CARE,CC-104,LTL,2025-05-21,2025-05-24,438.79,94.78,19.94,history,553.51,1.0,587.58,587.58,0.0,54.01,533.57,533.57,0.0,19.94
2025-05-31,SHP03610,CARA,CC-104,LTL,2025-05-21,2025-05-22,133.2,28.77,17.19,history,179.16,1.0,161.6,161.6,0.0,0.0,161.6,161.6,0.0,17.56
2025-05-31,SHP03612,CARE,CC-102,LTL,2025-05-21,2025-05-26,936.22,202.22,19.94,history,1158.38,1.0,1138.44,1138.44,0.0,0.0,1138.44,1138.44,0.0,19.94
2025-05-31,SHP03613,CARA,CC-103,LTL,2025-05-21,2025-05-25,613.53,132.52,17.19,history,763.24,1.0,746.05,746.05,0.0,0.0,746.05,746.05,0.0,17.19
2025-05-31,SHP03615,CARD,CC-103,LTL,2025-05-22,2025-05-24,375.01,81.0,20.47,history,476.48,1.0,456.01,456.01,0.0,0.0,456.01,456.01,0.0,20.47
2025-05-31,SHP03616,CARE,CC-104,LTL,2025-05-22,2025-05-25,357.9,77.31,19.94,history,455.15,1.0,435.21,435.21,0.0,0.0,435.21,435.21,0.0,19.94
2025-05-31,SHP03617,CARD,CC-103,LTL,2025-05-22,2025-05-25,240.61,51.97,20.47,history,313.05,1.0,292.58,292.58,0.0,0.0,292.58,292.58,0.0,20.47
2025-05-31,SHP03618,CARH,CC-102,TL,2025-05-22,2025-05-24,1308.34,253.22,12.8,history,1574.36,1.0,1561.56,1561.56,0.0,0.0,1561.56,1561.56,0.0,12.8
2025-05-31,SHP03619,CARB,CC-104,LTL,2025-05-22,2025-05-29,1529.93,330.46,18.07,history,1878.46,1.0,1860.39,1860.39,0.0,0.0,1860.39,1860.39,0.0,18.07
2025-05-31,SHP03620,CARG,CC-104,TL,2025-05-22,2025-05-23,450.0,78.88,12.3,history,541.18,1.0,828.88,528.88,300.0,0.0,828.88,528.88,300.0,-287.7
2025-05-31,SHP03621,CARH,CC-105,TL,2025-05-22,2025-05-28,4695.6,904.46,12.8,history,5612.86,1.0,5600.06,5600.06,0.0,0.0,5600.06,5600.06,0.0,12.8
2025-05-31,SHP03622,CARA,CC-103,LTL,2025-05-22,2025-05-28,1508.93,325.93,17.19,history,1852.05,1.0,1929.86,1834.86,95.0,0.0,1929.86,1834.86,95.0,-77.81
2025-05-31,SHP03623,CARB,CC-101,LTL,2025-05-22,2025-05-26,1037.0,223.99,18.07,history,1279.06,1.0,1385.99,1260.99,125.0,0.0,1385.99,1260.99,125.0,-106.93
2025-05-31,SHP03624,CARE,CC-101,LTL,2025-05-22,2025-05-27,1166.2,251.9,19.94,history,1438.04,1.0,1418.1,1418.1,0.0,0.0,1418.1,1418.1,0.0,19.94
2025-05-31,SHP03625,CARE,CC-103,LTL,2025-05-22,2025-05-25,236.48,51.08,19.94,history,307.5,1.0,287.56,287.56,0.0,0.0,287.56,287.56,0.0,19.94
2025-05-31,SHP03626,CARB,CC-105,LTL,2025-05-22,2025-05-25,981.93,212.1,18.07,history,1212.1,1.0,1194.03,1194.03,0.0,0.0,1194.03,1194.03,0.0,18.07
2025-05-31,SHP03627,CARA,CC-105,LTL,2025-05-22,2025-05-28,1190.45,257.14,17.19,history,1464.78,1.0,1449.67,1449.67,0.0,0.0,1449.67,1449.67,0.0,15.11
2025-05-31,SHP03628,CARE,CC-102,LTL,2025-05-22,2025-05-28,1333.0,287.93,19.94,history,1640.87,1.0,1620.93,1620.93,0.0,0.0,1620.93,1620.93,0.0,19.94
2025-05-31,SHP03629,CARF,CC-104,TL,2025-05-22,2025-05-27,5564.8,957.86,17.53,history,6540.19,1.0,6522.66,6522.66,0.0,0.0,6522.66,6522.66,0.0,17.53
2025-05-31,SHP03630,CARH,CC-101,TL,2025-05-22,2025-05-26,3623.36,704.64,12.8,history,4340.8,1.0,4328.0,4328.0,0.0,0.0,4328.0,4328.0,0.0,12.8
2025-05-31,SHP03631,CARD,CC-101,LTL,2025-05-22,2025-05-23,722.3,156.02,20.47,history,898.79,1.0,973.32,878.32,95.0,0.0,973.32,878.32,95.0,-74.53
2025-05-31,SHP03632,CARE,CC-102,LTL,2025-05-22,2025-05-26,857.61,185.24,19.94,history,1062.79,1.0,1042.85,1042.85,0.0,0.0,1042.85,1042.85,0.0,19.94
2025-05-31,SHP03633,CARD,CC-104,LTL,2025-05-22,2025-05-25,277.1,59.85,20.47,history,357.42,1.0,431.95,336.95,95.0,0.0,431.95,336.95,95.0,-74.53
2025-05-31,SHP03634,CARD,CC-105,LTL,2025-05-22,2025-05-24,553.56,119.57,20.47,history,693.6,1.0,673.13,673.13,0.0,0.0,673.13,673.13,0.0,20.47
2025-05-31,SHP03635,CARC,CC-103,LTL,2025-05-22,2025-05-25,139.34,30.1,20.73,history,190.17,1.0,264.44,169.44,95.0,0.0,264.44,169.44,95.0,-74.27
2025-05-31,SHP03636,CARE,CC-104,LTL,2025-05-22,2025-05-25,235.38,50.84,19.94,history,306.16,1.0,286.22,286.22,0.0,0.0,286.22,286.22,0.0,19.94
2025-05-31,SHP03637,CARE,CC-101,LTL,2025-05-22,2025-05-24,252.62,54.57,19.94,history,327.13,1.0,432.19,307.19,125.0,0.0,432.19,307.19,125.0,-105.06
2025-05-31,SHP03638,CARE,CC-105,LTL,2025-05-22,2025-05-26,347.5,75.06,19.94,history,442.5,1.0,517.56,422.56,95.0,0.0,517.56,422.56,95.0,-75.06
2025-05-31,SHP03639,CARE,CC-102,LTL,2025-05-22,2025-05-27,450.85,97.38,19.94,history,568.17,1.0,548.23,548.23,0.0,0.0,548.23,548.23,0.0,19.94
2025-05-31,SHP03640,CARG,CC-101,TL,2025-05-22,2025-05-24,450.0,80.09,12.3,history,542.39,1.0,530.09,530.09,0.0,0.0,530.09,530.09,0.0,12.3
2025-05-31,SHP03641,CARB,CC-104,LTL,2025-05-22,2025-05-28,539.73,116.58,18.07,history,674.38,1.0,656.31,656.31,0.0,0.0,656.31,656.31,0.0,18.07
2025-05-31,SHP03642,CARC,CC-101,LTL,2025-05-22,2025-05-26,1358.87,293.52,20.73,history,1673.12,1.0,1798.12,1798.12,0.0,145.74,1652.38,1652.38,0.0,20.74
2025-05-31,SHP03644,CARC,CC-104,LTL,2025-05-22,2025-05-25,373.27,80.63,20.73,history,474.63,1.0,453.9,453.9,0.0,0.0,453.9,453.9,0.0,20.73
2025-05-31,SHP03645,CARH,CC-103,TL,2025-05-23,2025-05-24,1100.9,220.45,12.8,history,1334.15,1.0,1321.35,1321.35,0.0,0.0,1321.35,1321.35,0.0,12.8
2025-05-31,SHP03646,CARA,CC-105,LTL,2025-05-23,2025-05-29,1635.95,353.37,17.19,history,2006.51,1.0,1989.32,1989.32,0.0,0.0,1989.32,1989.32,0.0,17.19
2025-05-31,SHP03647,CARD,CC-103,LTL,2025-05-23,2025-05-29,442.22,95.52,20.47,history,558.21,1.0,537.74,537.74,0.0,0.0,537.74,537.74,0.0,20.47
2025-05-31,SHP03648,CARG,CC-105,TL,2025-05-23,2025-05-27,3118.98,550.93,12.3,history,3682.21,1.0,3668.07,3668.07,0.0,0.0,3668.07,3668.07,0.0,14.14
2025-05-31,SHP03649,CARE,CC-101,LTL,2025-05-23,2025-05-25,190.8,41.21,19.94,history,251.95,1.0,241.06,241.06,0.0,9.05,232.01,232.01,0.0,19.94
2025-05-31,SHP03650,CARD,CC-102,LTL,2025-05-23,2025-05-26,468.6,101.22,20.47,history,590.29,1.0,569.82,569.82,0.0,0.0,569.82,569.82,0.0,20.47
2025-05-31,SHP03651,CARD,CC-101,LTL,2025-05-23,2025-05-24,146.88,31.73,20.47,history,199.08,1.0,273.61,178.61,95.0,0.0,273.61,178.61,95.0,-74.53
2025-05-31,SHP03652,CARD,CC-104,LTL,2025-05-23,2025-05-25,155.96,33.69,20.47,history,210.12,1.0,189.65,189.65,0.0,0.0,189.65,189.65,0.0,20.47
2025-05-31,SHP03653,CARC,CC-101,LTL,2025-05-23,2025-05-27,2224.69,480.53,20.73,history,2725.95,1.0,2705.22,2705.22,0.0,0.0,2705.22,2705.22,0.0,20.73
2025-05-31,SHP03654,CARE,CC-104,LTL,2025-05-23,2025-05-25,1289.91,278.62,19.94,history,1588.47,1.0,1568.53,1568.53,0.0,0.0,1568.53,1568.53,0.0,19.94
2025-05-31,SHP03655,CARA,CC-104,LTL,2025-05-23,2025-05-28,833.75,180.09,17.19,history,1031.03,1.0,1100.64,1100.64,0.0,86.8,1013.84,1013.84,0.0,17.19
2025-05-31,SHP03656,CARG,CC-102,TL,2025-05-23,2025-05-24,825.6,155.33,12.3,history,993.23,1.0,980.93,980.93,0.0,0.0,980.93,980.93,0.0,12.3
2025-05-31,SHP03657,CARG,CC-104,TL,2025-05-23,2025-05-24,450.0,78.88,12.3,history,541.18,1.0,552.19,552.19,0.0,23.31,528.88,528.88,0.0,12.3
2025-05-31,SHP03658,CARC,CC-103,LTL,2025-05-23,2025-05-27,362.51,78.3,20.73,history,461.54,1.0,471.41,471.41,0.0,30.59,440.82,440.82,0.0,20.72
2025-05-31,SHP03659,CARB,CC-103,LTL,2025-05-23,2025-05-27,1102.4,238.12,18.07,history,1358.59,1.0,1340.52,1340.52,0.0,0.0,1340.52,1340.52,0.0,18.07
2025-05-31,SHP03661,CARE,CC-102,LTL,2025-05-23,2025-05-28,449.9,97.18,19.94,history,567.02,1.0,672.08,547.08,125.0,125.0,547.08,547.08,0.0,19.94
2025-05-31,SHP03662,CARD,CC-103,LTL,2025-05-23,2025-05-29,1207.3,260.78,20.47,history,1488.55,1.0,1467.26,1467.26,0.0,0.0,1467.26,1467.26,0.0,21.29
2025-05-31,SHP03663,CARC,CC-101,LTL,2025-05-23,2025-05-28,636.37,137.46,20.73,history,794.56,1.0,800.97,800.97,0.0,27.14,773.83,773.83,0.0,20.73
2025-05-31,SHP03664,CARE,CC-102,LTL,2025-05-23,2025-05-29,784.1,169.37,19.94,history,973.41,1.0,953.47,953.47,0.0,0.0,953.47,953.47,0.0,19.94
2025-05-31,SHP03665,CARD,CC-105,LTL,2025-05-23,2025-05-26,414.1,89.45,20.47,history,524.02,1.0,503.55,503.55,0.0,0.0,503.55,503.55,0.0,20.47
2025-05-31,SHP03667,CARC,CC-104,LTL,2025-05-23,2025-05-24,460.29,99.42,20.73,history,580.44,1.0,559.71,559.71,0.0,0.0,559.71,559.71,0.0,20.73
2025-05-31,SHP03668,CARE,CC-104,LTL,2025-05-23,2025-05-26,226.84,49.0,19.94,history,295.78,1.0,275.58,275.58,0.0,0.0,275.58,275.58,0.0,20.2
2025-05-31,SHP03669,CARA,CC-103,LTL,2025-05-23,2025-05-28,495.58,107.05,17.19,history,619.82,1.0,602.63,602.63,0.0,0.0,602.63,602.63,0.0,17.19
2025-05-31,SHP03670,CARE,CC-105,LTL,2025-05-23,2025-05-28,1267.3,273.74,19.94,history,1560.98,1.0,1541.04,1541.04,0.0,0.0,1541.04,1541.04,0.0,19.94
2025-05-31,SHP03671,CARD,CC-102,LTL,2025-05-23,2025-05-26,286.24,61.83,20.47,history,368.54,1.0,473.07,348.07,125.0,125.0,348.07,348.07,0.0,20.47
2025-05-31,SHP03672,CARF,CC-103,TL,2025-05-23,2025-05-28,4876.3,815.07,17.53,history,5708.9,3.0,11532.74,11382.74,150.0,5691.37,5841.37,5691.37,150.0,-132.47
2025-05-31,SHP03673,CARC,CC-101,LTL,2025-05-23,2025-05-25,133.18,28.77,20.73,history,182.68,1.0,208.34,208.34,0.0,46.39,161.95,161.95,0.0,20.73
2025-05-31,SHP03674,CARA,CC-104,LTL,2025-05-23,2025-05-26,540.26,116.7,17.19,history,674.15,1.0,656.96,656.96,0.0,0.0,656.96,656.96,0.0,17.19
2025-05-31,SHP03675,CARD,CC-102,LTL,2025-05-23,2025-05-26,202.96,43.84,20.47,history,267.27,1.0,341.8,246.8,95.0,0.0,341.8,246.8,95.0,-74.53
2025-05-31,SHP03676,CARC,CC-103,LTL,2025-05-24,2025-05-27,335.52,72.47,20.73,history,428.72,1.0,407.99,407.99,0.0,0.0,407.99,407.99,0.0,20.73
2025-05-31,SHP03677,CARF,CC-102,TL,2025-05-24,2025-05-27,2408.9,440.91,17.53,history,2867.34,1.0,2849.81,2849.81,0.0,0.0,2849.81,2849.81,0.0,17.53
2025-05-31,SHP03678,CARE,CC-102,LTL,2025-05-24,2025-05-27,447.16,96.59,19.94,history,563.69,1.0,543.75,543.75,0.0,0.0,543.75,543.75,0.0,19.94
2025-05-31,SHP03679,CARG,CC-105,TL,2025-05-24,2025-05-25,519.2,95.46,12.3,history,626.96,1.0,614.66,614.66,0.0,0.0,614.66,614.66,0.0,12.3
2025-05-31,SHP03680,CARB,CC-101,LTL,2025-05-24,2025-05-28,242.9,52.47,18.07,history,313.44,1.0,420.37,295.37,125.0,0.0,420.37,295.37,125.0,-106.93
2025-05-31,SHP03681,CARB,CC-102,LTL,2025-05-24,2025-05-27,671.81,145.11,18.07,history,834.99,1.0,941.92,816.92,125.0,0.0,941.92,816.92,125.0,-106.93
2025-05-31,SHP03682,CARB,CC-102,LTL,2025-05-24,2025-05-26,917.75,198.23,18.07,history,1134.05,1.0,1115.98,1115.98,0.0,0.0,1115.98,1115.98,0.0,18.07
2025-05-31,SHP03683,CARC,CC-104,LTL,2025-05-24,2025-05-27,289.53,62.54,20.73,history,372.8,1.0,352.07,352.07,0.0,0.0,352.07,352.07,0.0,20.73
2025-05-31,SHP03684,CARA,CC-102,LTL,2025-05-24,2025-05-27,917.13,198.1,17.19,history,1132.42,1.0,1115.23,1115.23,0.0,0.0,1115.23,1115.23,0.0,17.19
2025-05-31,SHP03685,CARE,CC-104,LTL,2025-05-24,2025-05-27,1281.5,276.8,19.94,history,1578.24,1.0,1558.3,1558.3,0.0,0.0,1558.3,1558.3,0.0,19.94
2025-05-31,SHP03686,CARB,CC-104,LTL,2025-05-24,2025-05-29,1226.3,264.88,18.07,history,1509.25,1.0,1491.18,1491.18,0.0,0.0,1491.18,1491.18,0.0,18.07
2025-05-31,SHP03687,CARC,CC-104,LTL,2025-05-24,2025-05-30,270.25,58.37,20.73,history,349.35,1.0,423.62,328.62,95.0,0.0,423.62,328.62,95.0,-74.27
2025-05-31,SHP03688,CARB,CC-104,LTL,2025-05-24,2025-05-27,886.88,191.57,18.07,history,1096.52,1.0,1078.99,1078.99,0.0,0.0,1078.99,1078.99,0.0,17.53
2025-05-31,SHP03689,CARD,CC-105,LTL,2025-05-24,2025-05-27,353.1,76.27,20.47,history,449.84,1.0,527.55,432.55,95.0,3.18,524.37,429.37,95.0,-74.53
2025-05-31,SHP03691,CARC,CC-103,LTL,2025-05-24,2025-05-27,1515.95,327.45,20.73,history,1864.13,1.0,1843.4,1843.4,0.0,0.0,1843.4,1843.4,0.0,20.73
2025-05-31,SHP03692,CARG,CC-104,TL,2025-05-24,2025-05-25,450.0,78.88,12.3,history,541.18,1.0,530.44,530.44,0.0,0.0,530.44,530.44,0.0,10.74
2025-05-31,SHP03693,CARA,CC-105,LTL,2025-05-24,2025-05-30,419.0,90.5,17.19,history,526.69,1.0,604.5,509.5,95.0,0.0,604.5,509.5,95.0,-77.81
2025-05-31,SHP03694,CARB,CC-103,LTL,2025-05-24,2025-05-27,903.62,195.18,18.07,history,1116.87,1.0,1098.8,1098.8,0.0,0.0,1098.8,1098.8,0.0,18.07
2025-05-31,SHP03695,CARD,CC-103,LTL,2025-05-24,2025-05-26,223.35,48.24,20.47,history,292.06,1.0,271.59,271.59,0.0,0.0,271.59,271.59,0.0,20.47
2025-05-31,SHP03696,CARA,CC-103,LTL,2025-05-24,2025-05-26,173.67,37.51,17.19,history,228.37,1.0,211.18,211.18,0.0,0.0,211.18,211.18,0.0,17.19
2025-05-31,SHP03697,CARA,CC-102,LTL,2025-05-24,2025-05-28,600.34,129.67,17.19,history,747.2,1.0,855.01,730.01,125.0,0.0,855.01,730.01,125.0,-107.81
2025-05-31,SHP03698,CARE,CC-101,LTL,2025-05-24,2025-05-28,273.51,59.08,19.94,history,352.53,1.0,332.59,332.59,0.0,0.0,332.59,332.59,0.0,19.94
2025-05-31,SHP03699,CARA,CC-103,LTL,2025-05-24,2025-05-27,658.03,142.13,17.19,history,817.35,1.0,800.16,800.16,0.0,0.0,800.16,800.16,0.0,17.19
2025-05-31,SHP03700,CARA,CC-101,LTL,2025-05-24,2025-05-29,744.1,160.73,17.19,history,922.02,1.0,1029.83,904.83,125.0,125.0,904.83,904.83,0.0,17.19
2025-05-31,SHP03701,CARC,CC-104,LTL,2025-05-24,2025-05-28,291.8,63.03,20.73,history,375.56,1.0,354.64,354.64,0.0,0.0,354.64,354.64,0.0,20.92
2025-05-31,SHP03702,CARA,CC-102,LTL,2025-05-24,2025-05-29,1165.31,251.71,17.19,history,1434.21,1.0,1542.02,1417.02,125.0,125.0,1417.02,1417.02,0.0,17.19
2025-05-31,SHP03703,CARA,CC-105,LTL,2025-05-24,2025-05-30,1204.76,260.23,17.19,history,1482.18,1.0,1497.52,1497.52,0.0,32.53,1464.99,1464.99,0.0,17.19
2025-05-31,SHP03704,CARA,CC-105,LTL,2025-05-24,2025-05-29,801.28,173.08,17.19,history,991.55,1.0,974.36,974.36,0.0,0.0,974.36,974.36,0.0,17.19
2025-05-31,SHP03705,CARE,CC-101,LTL,2025-05-24,2025-05-29,1260.2,272.2,19.94,history,1552.34,1.0,1532.4,1532.4,0.0,0.0,1532.4,1532.4,0.0,19.94
2025-05-31,SHP03706,CARD,CC-105,LTL,2025-05-24,2025-05-27,163.7,35.36,20.47,history,219.53,1.0,199.06,199.06,0.0,0.0,199.06,199.06,0.0,20.47
2025-05-31,SHP03707,CARD,CC-101,LTL,2025-05-24,2025-05-25,307.6,66.44,20.47,history,394.51,1.0,499.04,374.04,125.0,0.0,499.04,374.04,125.0,-104.53
2025-05-31,SHP03708,CARG,CC-104,TL,2025-05-24,2025-05-30,5133.3,974.85,12.3,history,6120.45,1.0,6108.15,6108.15,0.0,0.0,6108.15,6108.15,0.0,12.3
2025-05-31,SHP03709,CARD,CC-101,LTL,2025-05-24,2025-05-28,947.82,204.73,20.47,history,1173.02,1.0,1152.55,1152.55,0.0,0.0,1152.55,1152.55,0.0,20.47
2025-05-31,SHP03710,CARC,CC-101,LTL,2025-05-24,2025-05-27,184.1,39.77,20.73,history,244.6,1.0,223.87,223.87,0.0,0.0,223.87,223.87,0.0,20.73
2025-05-31,SHP03711,CARB,CC-102,LTL,2025-05-24,2025-05-29,368.6,79.62,18.07,history,466.29,1.0,543.22,448.22,95.0,0.0,543.22,448.22,95.0,-76.93
2025-05-31,SHP03712,CARC,CC-104,LTL,2025-05-24,2025-05-27,306.27,66.15,20.73,history,393.15,1.0,426.0,426.0,0.0,53.58,372.42,372.42,0.0,20.73
2025-05-31,SHP03713,CARG,CC-101,TL,2025-05-24,2025-05-27,3181.88,609.99,12.3,history,3804.17,1.0,3791.87,3791.87,0.0,0.0,3791.87,3791.87,0.0,12.3
2025-05-31,SHP03714,CARA,CC-101,LTL,2025-05-24,2025-05-28,693.97,149.9,17.19,history,861.06,1.0,904.83,904.83,0.0,60.96,843.87,843.87,0.0,17.19
2025-05-31,SHP03715,CARE,CC-102,LTL,2025-05-24,2025-05-28,791.79,171.03,19.94,history,982.76,1.0,962.82,962.82,0.0,0.0,962.82,962.82,0.0,19.94
2025-05-31,SHP03716,CARD,CC-105,LTL,2025-05-24,2025-05-25,110.0,23.76,20.47,history,154.23,1.0,159.04,159.04,0.0,25.28,133.76,133.76,0.0,20.47
2025-05-31,SHP03717,CARD,CC-105,LTL,2025-05-24,2025-05-27,374.41,80.87,20.47,history,475.75,1.0,455.28,455.28,0.0,0.0,455.28,455.28,0.0,20.47
2025-05-31,SHP03718,CARB,CC-102,LTL,2025-05-24,2025-05-26,295.27,63.78,18.07,history,377.12,1.0,359.05,359.05,0.0,0.0,359.05,359.05,0.0,18.07
2025-05-31,SHP03719,CARB,CC-104,LTL,2025-05-25,2025-05-28,267.24,57.72,18.07,history,343.03,1.0,324.96,324.96,0.0,0.0,324.96,324.96,0.0,18.07
2025-05-31,SHP03720,CARC,CC-101,LTL,2025-05-25,2025-05-27,120.05,25.93,20.73,history,166.71,1.0,145.98,145.98,0.0,0.0,145.98,145.98,0.0,20.73
2025-05-31,SHP03721,CARF,CC-103,TL,2025-05-25,2025-05-29,2781.68,485.0,17.53,history,3284.21,1.0,3266.68,3266.68,0.0,0.0,3266.68,3266.68,0.0,17.53
2025-05-31,SHP03722,CARG,CC-101,TL,2025-05-25,2025-05-27,621.96,114.88,12.3,history,749.14,1.0,736.84,736.84,0.0,0.0,736.84,736.84,0.0,12.3
2025-05-31,SHP03723,CARC,CC-104,LTL,2025-05-25,2025-05-27,320.08,69.14,20.73,history,409.95,1.0,389.22,389.22,0.0,0.0,389.22,389.22,0.0,20.73
2025-05-31,SHP03724,CARE,CC-103,LTL,2025-05-25,2025-05-29,804.8,173.84,19.94,history,998.58,1.0,978.64,978.64,0.0,0.0,978.64,978.64,0.0,19.94
2025-05-31,SHP03725,CARB,CC-101,LTL,2025-05-25,2025-05-27,110.0,23.76,18.07,history,151.83,1.0,133.76,133.76,0.0,0.0,133.76,133.76,0.0,18.07
2025-05-31,SHP03726,CARA,CC-103,LTL,2025-05-25,2025-05-30,3028.68,654.19,17.19,history,3700.06,1.0,3777.87,3682.87,95.0,0.0,3777.87,3682.87,95.0,-77.81
2025-05-31,SHP03727,CARE,CC-105,LTL,2025-05-25,2025-05-28,446.79,96.51,19.94,history,563.24,1.0,575.56,575.56,0.0,32.26,543.3,543.3,0.0,19.94
2025-05-31,SHP03728,CARC,CC-102,LTL,2025-05-25,2025-05-28,378.0,81.65,20.73,history,480.38,1.0,459.65,459.65,0.0,0.0,459.65,459.65,0.0,20.73
2025-05-31,SHP03729,CARE,CC-104,LTL,2025-05-25,2025-05-28,212.4,45.88,19.94,history,278.22,1.0,258.28,258.28,0.0,0.0,258.28,258.28,0.0,19.94
2025-05-31,SHP03730,CARE,CC-105,LTL,2025-05-25,2025-05-27,636.2,137.42,19.94,history,793.56,1.0,773.62,773.62,0.0,0.0,773.62,773.62,0.0,19.94
2025-05-31,SHP03731,CARE,CC-105,LTL,2025-05-25,2025-05-27,136.57,29.5,19.94,history,186.01,1.0,291.07,166.07,125.0,0.0,291.07,166.07,125.0,-105.06
2025-05-31,SHP03732,CARE,CC-101,LTL,2025-05-25,2025-05-29,2629.84,568.05,19.94,history,3217.83,1.0,3197.89,3197.89,0.0,0.0,3197.89,3197.89,0.0,19.94
2025-05-31,SHP03733,CARC,CC-102,LTL,2025-05-25,2025-05-28,483.07,104.34,20.73,history,608.14,1.0,587.41,587.41,0.0,0.0,587.41,587.41,0.0,20.73
2025-05-31,SHP03734,CARA,CC-101,LTL,2025-05-25,2025-05-27,276.2,59.66,17.19,history,353.05,1.0,335.86,335.86,0.0,0.0,335.86,335.86,0.0,17.19
2025-05-31,SHP03735,CARE,CC-102,LTL,2025-05-25,2025-05-28,389.59,84.15,19.94,history,493.68,1.0,598.74,473.74,125.0,0.0,598.74,473.74,125.0,-105.06
2025-05-31,SHP03736,CARB,CC-103,LTL,2025-05-25,2025-05-28,760.46,164.26,18.07,history,942.79,1.0,924.72,924.72,0.0,0.0,924.72,924.72,0.0,18.07
2025-05-31,SHP03737,CARE,CC-103,LTL,2025-05-25,2025-05-28,171.58,37.06,19.94,history,228.58,1.0,333.64,208.64,125.0,0.0,333.64,208.64,125.0,-105.06
2025-05-31,SHP03738,CARF,CC-104,TL,2025-05-25,2025-05-28,1694.04,300.54,17.53,history,2012.11,1.0,1994.58,1994.58,0.0,0.0,1994.58,1994.58,0.0,17.53
2025-05-31,SHP03739,CARB,CC-104,LTL,2025-05-25,2025-05-28,340.8,73.61,18.07,history,432.48,1.0,414.41,414.41,0.0,0.0,414.41,414.41,0.0,18.07
2025-05-31,SHP03740,CARD,CC-103,LTL,2025-05-26,2025-05-30,1160.77,250.73,20.47,history,1431.97,1.0,1411.5,1411.5,0.0,0.0,1411.5,1411.5,0.0,20.47
2025-05-31,SHP03741,CARE,CC-101,LTL,2025-05-26,2025-05-27,137.98,29.8,19.94,history,187.72,1.0,167.78,167.78,0.0,0.0,167.78,167.78,0.0,19.94
2025-05-31,SHP03743,CARA,CC-103,LTL,2025-05-26,2025-05-30,367.1,79.29,17.19,history,463.58,1.0,446.39,446.39,0.0,0.0,446.39,446.39,0.0,17.19
2025-05-31,SHP03744,CARA,CC-104,LTL,2025-05-26,2025-05-29,135.41,29.25,17.19,history,181.85,1.0,164.66,164.66,0.0,0.0,164.66,164.66,0.0,17.19
2025-05-31,SHP03745,CARA,CC-105,LTL,2025-05-26,2025-05-31,4791.36,1034.93,17.19,history,5843.48,1.0,5826.29,5826.29,0.0,0.0,5826.29,5826.29,0.0,17.19
2025-05-31,SHP03746,CARB,CC-104,LTL,2025-05-26,2025-05-27,110.0,23.76,18.07,history,151.83,1.0,133.76,133.76,0.0,0.0,133.76,133.76,0.0,18.07
2025-05-31,SHP03747,CARG,CC-102,TL,2025-05-26,2025-05-29,1620.42,288.71,12.3,history,1921.43,1.0,1909.13,1909.13,0.0,0.0,1909.13,1909.13,0.0,12.3
2025-05-31,SHP03748,CARA,CC-105,LTL,2025-05-26,2025-05-29,205.43,44.37,17.19,history,266.99,1.0,319.26,319.26,0.0,69.46,249.8,249.8,0.0,17.19
2025-05-31,SHP03749,CARF,CC-101,TL,2025-05-26,2025-05-30,2457.46,443.74,17.53,history,2918.73,1.0,2901.2,2901.2,0.0,0.0,2901.2,2901.2,0.0,17.53
2025-05-31,SHP03750,CARB,CC-104,LTL,2025-05-26,2025-05-28,110.24,23.81,18.07,history,152.12,1.0,134.05,134.05,0.0,0.0,134.05,134.05,0.0,18.07
2025-05-31,SHP03751,CARA,CC-103,LTL,2025-05-26,2025-05-30,477.23,103.08,17.19,history,597.5,1.0,705.31,580.31,125.0,0.0,705.31,580.31,125.0,-107.81
2025-05-31,SHP03752,CARB,CC-101,LTL,2025-05-26,2025-05-31,820.45,177.22,18.07,history,1015.74,1.0,1092.67,997.67,95.0,0.0,1092.67,997.67,95.0,-76.93
2025-05-31,SHP03753,CARD,CC-103,LTL,2025-05-26,2025-05-29,578.76,125.01,20.47,history,724.24,1.0,703.77,703.77,0.0,0.0,703.77,703.77,0.0,20.47
2025-05-31,SHP03755,CARB,CC-105,LTL,2025-05-26,2025-05-31,614.51,132.73,18.07,history,765.31,1.0,747.24,747.24,0.0,0.0,747.24,747.24,0.0,18.07
2025-05-31,SHP03756,CARD,CC-103,LTL,2025-05-26,2025-05-30,903.0,195.05,20.47,history,1118.52,1.0,1098.05,1098.05,0.0,0.0,1098.05,1098.05,0.0,20.47
2025-05-31,SHP03757,CARA,CC-103,LTL,2025-05-26,2025-05-29,562.9,121.59,17.19,history,701.68,1.0,684.49,684.49,0.0,0.0,684.49,684.49,0.0,17.19
2025-05-31,SHP03758,CARG,CC-104,TL,2025-05-26,2025-05-28,450.0,78.52,12.3,history,540.82,1.0,528.52,528.52,0.0,0.0,528.52,528.52,0.0,12.3
2025-05-31,SHP03759,CARC,CC-104,LTL,2025-05-26,2025-05-28,373.82,80.75,20.73,history,475.3,1.0,454.57,454.57,0.0,0.0,454.57,454.57,0.0,20.73
2025-05-31,SHP03760,CARH,CC-104,TL,2025-05-26,2025-05-27,450.0,81.34,12.8,history,544.14,1.0,531.34,531.34,0.0,0.0,531.34,531.34,0.0,12.8
2025-05-31,SHP03761,CARE,CC-104,LTL,2025-05-26,2025-05-28,357.9,77.31,19.94,history,455.15,1.0,435.21,435.21,0.0,0.0,435.21,435.21,0.0,19.94
2025-05-31,SHP03762,CARC,CC-104,LTL,2025-05-27,2025-05-31,493.7,106.64,20.73,history,621.07,1.0,695.34,600.34,95.0,95.0,600.34,600.34,0.0,20.73
2025-05-31,SHP03763,CARC,CC-103,LTL,2025-05-27,2025-05-30,406.41,87.78,20.73,history,514.92,1.0,494.19,494.19,0.0,0.0,494.19,494.19,0.0,20.73
2025-05-31,SHP03765,CARF,CC-104,TL,2025-05-27,2025-05-31,2815.48,480.38,17.53,history,3313.39,1.0,3295.86,3295.86,0.0,0.0,3295.86,3295.86,0.0,17.53
2025-05-31,SHP03766,CARH,CC-103,TL,2025-05-27,2025-05-28,1100.9,219.45,12.8,history,1333.15,1.0,1320.35,1320.35,0.0,0.0,1320.35,1320.35,0.0,12.8
2025-05-31,SHP03767,CARH,CC-102,TL,2025-05-27,2025-05-29,555.12,103.49,12.8,history,671.41,1.0,658.61,658.61,0.0,0.0,658.61,658.61,0.0,12.8
2025-05-31,SHP03770,CARE,CC-104,LTL,2025-05-27,2025-05-29,1068.96,230.9,19.94,history,1319.8,1.0,1300.47,1300.47,0.0,0.0,1300.47,1300.47,0.0,19.33
2025-05-31,SHP03772,CARD,CC-103,LTL,2025-05-27,2025-05-31,1009.95,218.15,20.47,history,1248.57,1.0,1323.1,1228.1,95.0,0.0,1323.1,1228.1,95.0,-74.53
2025-05-31,SHP03773,CARG,CC-102,TL,2025-05-27,2025-05-29,1875.43,338.64,12.3,history,2226.37,1.0,2214.07,2214.07,0.0,0.0,2214.07,2214.07,0.0,12.3
2025-05-31,SHP03774,CARC,CC-104,LTL,2025-05-27,2025-05-29,297.39,64.24,20.73,history,382.36,1.0,361.63,361.63,0.0,0.0,361.63,361.63,0.0,20.73
2025-05-31,SHP03775,CARC,CC-103,LTL,2025-05-27,2025-05-30,155.23,33.53,20.73,history,209.49,1.0,214.15,214.15,0.0,25.39,188.76,188.76,0.0,20.73
2025-05-31,SHP03776,CARD,CC-102,LTL,2025-05-27,2025-05-29,449.99,97.2,20.47,history,567.66,1.0,547.19,547.19,0.0,0.0,547.19,547.19,0.0,20.47
2025-05-31,SHP03778,CARB,CC-102,LTL,2025-05-27,2025-05-29,183.24,39.58,18.07,history,240.89,1.0,222.82,222.82,0.0,0.0,222.82,222.82,0.0,18.07
2025-05-31,SHP03779,CARC,CC-104,LTL,2025-05-27,2025-05-29,550.1,118.82,20.73,history,689.65,1.0,668.92,668.92,0.0,0.0,668.92,668.92,0.0,20.73
2025-05-31,SHP03780,CARG,CC-103,TL,2025-05-27,2025-05-29,1959.75,350.72,12.3,history,2322.77,1.0,2310.47,2310.47,0.0,0.0,2310.47,2310.47,0.0,12.3
2025-05-31,SHP03781,CARB,CC-102,LTL,2025-05-27,2025-05-29,1222.85,264.14,18.07,history,1505.06,1.0,1486.99,1486.99,0.0,0.0,1486.99,1486.99,0.0,18.07
2025-05-31,SHP03782,CARA,CC-104,LTL,2025-05-27,2025-05-29,1794.53,387.62,17.19,history,2199.34,1.0,2182.15,2182.15,0.0,0.0,2182.15,2182.15,0.0,17.19
2025-05-31,SHP03783,CARG,CC-102,TL,2025-05-27,2025-05-29,1875.43,338.64,12.3,history,2226.37,1.0,2256.16,2256.16,0.0,42.09,2214.07,2214.07,0.0,12.3
2025-05-31,SHP03784,CARC,CC-101,LTL,2025-05-27,2025-05-31,464.88,100.41,20.73,history,586.02,1.0,565.29,565.29,0.0,0.0,565.29,565.29,0.0,20.73
2025-05-31,SHP03785,CARH,CC-102,TL,2025-05-27,2025-05-29,1194.93,225.9,12.8,history,1433.63,1.0,1420.83,1420.83,0.0,0.0,1420.83,1420.83,0.0,12.8
2025-05-31,SHP03787,CARD,CC-105,LTL,2025-05-27,2025-05-29,834.18,180.18,20.47,history,1034.83,1.0,1109.36,1014.36,95.0,0.0,1109.36,1014.36,95.0,-74.53
2025-05-31,SHP03788,CARE,CC-101,LTL,2025-05-27,2025-05-31,1001.5,216.32,19.94,history,1237.76,1.0,1218.0,1218.0,0.0,0.0,1218.0,1218.0,0.0,19.76
2025-05-31,SHP03789,CARA,CC-102,LTL,2025-05-27,2025-05-30,458.33,99.0,17.19,history,574.52,1.0,557.33,557.33,0.0,0.0,557.33,557.33,0.0,17.19
2025-05-31,SHP03790,CARC,CC-102,LTL,2025-05-27,2025-05-29,844.67,182.45,20.73,history,1047.85,1.0,1122.12,1027.12,95.0,0.0,1122.12,1027.12,95.0,-74.27
2025-05-31,SHP03791,CARC,CC-103,LTL,2025-05-27,2025-05-31,509.8,110.12,20.73,history,640.65,1.0,619.92,619.92,0.0,0.0,619.92,619.92,0.0,20.73
2025-05-31,SHP03792,CARG,CC-101,TL,2025-05-28,2025-05-31,1614.45,283.88,12.3,history,1910.63,1.0,1892.79,1892.79,0.0,0.0,1892.79,1892.79,0.0,17.84
2025-05-31,SHP03793,CARH,CC-104,TL,2025-05-28,2025-05-29,824.0,161.07,12.8,history,997.87,1.0,985.07,985.07,0.0,0.0,985.07,985.07,0.0,12.8
2025-05-31,SHP03795,CARD,CC-105,LTL,2025-05-28,2025-05-29,141.49,30.56,20.47,history,192.52,1.0,267.05,172.05,95.0,0.0,267.05,172.05,95.0,-74.53
2025-05-31,SHP03796,CARE,CC-104,LTL,2025-05-28,2025-05-31,355.14,76.71,19.94,history,451.79,1.0,431.85,431.85,0.0,0.0,431.85,431.85,0.0,19.94
2025-05-31,SHP03797,CARC,CC-101,LTL,2025-05-28,2025-05-30,508.8,109.9,20.73,history,639.43,1.0,618.7,618.7,0.0,0.0,618.7,618.7,0.0,20.73
2025-05-31,SHP03798,CARB,CC-104,LTL,2025-05-28,2025-05-31,922.63,199.29,18.07,history,1139.99,1.0,1121.92,1121.92,0.0,0.0,1121.92,1121.92,0.0,18.07
2025-05-31,SHP03799,CARD,CC-105,LTL,2025-05-28,2025-05-30,266.46,57.56,20.47,history,344.49,1.0,324.02,324.02,0.0,0.0,324.02,324.02,0.0,20.47
2025-05-31,SHP03803,CARB,CC-104,LTL,2025-05-28,2025-05-31,460.0,99.36,18.07,history,577.43,1.0,559.36,559.36,0.0,0.0,559.36,559.36,0.0,18.07
2025-05-31,SHP03805,CARB,CC-104,LTL,2025-05-28,2025-05-30,606.27,130.95,18.07,history,755.29,1.0,737.22,737.22,0.0,0.0,737.22,737.22,0.0,18.07
2025-05-31,SHP03806,CARG,CC-102,TL,2025-05-28,2025-05-30,1875.43,338.64,12.3,history,2226.37,1.0,2214.07,2214.07,0.0,0.0,2214.07,2214.07,0.0,12.3
2025-05-31,SHP03807,CARC,CC-102,LTL,2025-05-28,2025-05-31,288.4,62.29,20.73,history,371.42,1.0,350.69,350.69,0.0,0.0,350.69,350.69,0.0,20.73
2025-05-31,SHP03808,CARB,CC-101,LTL,2025-05-28,2025-05-30,147.97,31.96,18.07,history,198.0,1.0,179.93,179.93,0.0,0.0,179.93,179.93,0.0,18.07
2025-05-31,SHP03809,CARC,CC-104,LTL,2025-05-28,2025-05-30,537.03,116.0,20.73,history,673.76,1.0,653.03,653.03,0.0,0.0,653.03,653.03,0.0,20.73
2025-05-31,SHP03810,CARF,CC-101,TL,2025-05-28,2025-05-31,3432.0,575.81,17.53,history,4025.34,1.0,4007.81,4007.81,0.0,0.0,4007.81,4007.81,0.0,17.53
2025-05-31,SHP03811,CARH,CC-104,TL,2025-05-28,2025-05-30,450.0,81.34,12.8,history,544.14,1.0,681.34,531.34,150.0,0.0,681.34,531.34,150.0,-137.2
2025-05-31,SHP03812,CARD,CC-101,LTL,2025-05-28,2025-05-30,977.25,211.09,20.47,history,1208.81,1.0,1188.34,1188.34,0.0,0.0,1188.34,1188.34,0.0,20.47
2025-05-31,SHP03813,CARC,CC-103,LTL,2025-05-28,2025-05-31,726.4,156.9,20.73,history,904.03,1.0,883.3,883.3,0.0,0.0,883.3,883.3,0.0,20.73
2025-05-31,SHP03814,CARE,CC-105,LTL,2025-05-28,2025-05-31,984.84,212.73,19.94,history,1217.51,1.0,1322.57,1197.57,125.0,0.0,1322.57,1197.57,125.0,-105.06
2025-05-31,SHP03815,CARC,CC-104,LTL,2025-05-28,2025-05-30,282.96,61.12,20.73,history,364.81,1.0,344.08,344.08,0.0,0.0,344.08,344.08,0.0,20.73
2025-05-31,SHP03817,CARF,CC-104,TL,2025-05-28,2025-05-30,1694.04,299.18,17.53,history,2010.75,1.0,1993.22,1993.22,0.0,0.0,1993.22,1993.22,0.0,17.53
2025-05-31,SHP03822,CARE,CC-104,LTL,2025-05-29,2025-05-31,742.09,160.29,19.94,history,922.32,1.0,1027.38,902.38,125.0,0.0,1027.38,902.38,125.0,-105.06
2025-05-31,SHP03827,CARG,CC-104,TL,2025-05-29,2025-05-30,1087.75,191.27,12.3,history,1291.32,1.0,1295.96,1295.96,0.0,16.94,1279.02,1279.02,0.0,12.3
2025-05-31,SHP03834,CARE,CC-104,LTL,2025-05-29,2025-05-31,228.45,49.35,19.94,history,297.74,1.0,277.8,277.8,0.0,0.0,277.8,277.8,0.0,19.94
2025-05-31,SHP03836,CARC,CC-102,LTL,2025-05-29,2025-05-31,288.4,62.29,20.73,history,371.42,1.0,350.69,350.69,0.0,0.0,350.69,350.69,0.0,20.73
2025-05-31,SHP03841,CARE,CC-102,LTL,2025-05-29,2025-05-31,778.91,168.24,19.94,history,967.09,1.0,947.15,947.15,0.0,0.0,947.15,947.15,0.0,19.94
2025-05-31,SHP03843,CARE,CC-101,LTL,2025-05-29,2025-05-30,128.19,27.69,19.94,history,175.82,1.0,155.88,155.88,0.0,0.0,155.88,155.88,0.0,19.94
2025-05-31,SHP03850,CARH,CC-101,TL,2025-05-30,2025-05-31,968.31,192.07,12.8,history,1173.18,1.0,1160.38,1160.38,0.0,0.0,1160.38,1160.38,0.0,12.8
2025-05-31,SHP03857,CARF,CC-102,TL,2025-05-30,2025-05-31,1231.2,206.57,17.53,history,1455.3,1.0,1437.77,1437.77,0.0,0.0,1437.77,1437.77,0.0,17.53
2025-05-31,SHP03858,CARD,CC-104,LTL,2025-05-30,2025-05-31,501.5,108.32,20.47,history,630.29,1.0,696.17,696.17,0.0,86.35,609.82,609.82,0.0,20.47
2025-05-31,SHP03863,CARD,CC-102,LTL,2025-05-30,2025-05-31,538.34,116.28,20.47,history,675.09,1.0,654.62,654.62,0.0,0.0,654.62,654.62,0.0,20.47
2025-06-30,SHP02639,CARH,CC-102,TL,2025-04-17,2025-04-20,2234.77,421.5,12.28,history,2668.55,1.0,2656.27,2656.27,0.0,0.0,2656.27,2656.27,0.0,12.28
2025-06-30,SHP02796,CARE,CC-103,LTL,2025-04-23,2025-04-26,1477.69,305.88,19.39,history,1802.96,1.0,1783.57,1783.57,0.0,0.0,1783.57,1783.57,0.0,19.39
2025-06-30,SHP03095,CARB,CC-103,LTL,2025-05-03,2025-05-07,533.25,110.38,16.08,history,659.71,1.0,643.63,643.63,0.0,0.0,643.63,643.63,0.0,16.08
2025-06-30,SHP03118,CARH,CC-102,TL,2025-05-04,2025-05-06,1694.99,309.8,12.28,history,2017.07,1.0,2004.79,2004.79,0.0,0.0,2004.79,2004.79,0.0,12.28
2025-06-30,SHP03162,CARB,CC-102,LTL,2025-05-06,2025-05-11,1064.06,220.26,16.08,history,1300.4,1.0,1283.61,1283.61,0.0,0.0,1283.61,1283.61,0.0,16.79
2025-06-30,SHP03180,CARD,CC-104,LTL,2025-05-06,2025-05-09,408.72,84.61,20.29,history,513.62,1.0,493.33,493.33,0.0,0.0,493.33,493.33,0.0,20.29
2025-06-30,SHP03203,CARD,CC-103,LTL,2025-05-07,2025-05-12,888.88,184.0,20.29,history,1093.17,1.0,1072.88,1072.88,0.0,0.0,1072.88,1072.88,0.0,20.29
2025-06-30,SHP03269,CARD,CC-103,LTL,2025-05-09,2025-05-13,981.11,203.09,20.29,history,1204.49,1.0,1184.2,1184.2,0.0,0.0,1184.2,1184.2,0.0,20.29
2025-06-30,SHP03280,CARD,CC-104,LTL,2025-05-10,2025-05-12,110.0,22.77,20.29,history,153.06,1.0,132.77,132.77,0.0,0.0,132.77,132.77,0.0,20.29
2025-06-30,SHP03336,CARD,CC-102,LTL,2025-05-11,2025-05-13,202.15,41.85,20.29,history,264.29,2.0,369.0,244.0,125.0,0.0,369.0,244.0,125.0,-104.71
2025-06-30,SHP03435,CARB,CC-101,LTL,2025-05-15,2025-05-19,848.1,183.19,16.08,history,1047.37,1.0,1031.29,1031.29,0.0,0.0,1031.29,1031.29,0.0,16.08
2025-06-30,SHP03439,CARA,CC-105,LTL,2025-05-15,2025-05-19,770.88,166.51,19.58,history,956.97,1.0,937.39,937.39,0.0,0.0,937.39,937.39,0.0,19.58
2025-06-30,SHP03462,CARB,CC-102,LTL,2025-05-15,2025-05-18,463.4,100.09,16.08,history,579.57,1.0,563.49,563.49,0.0,0.0,563.49,563.49,0.0,16.08
2025-06-30,SHP03465,CARD,CC-101,LTL,2025-05-16,2025-05-19,517.25,111.73,20.29,history,649.27,1.0,628.86,628.86,0.0,0.0,628.86,628.86,0.0,20.41
2025-06-30,SHP03480,CARD,CC-101,LTL,2025-05-16,2025-05-20,211.41,45.66,20.29,history,277.36,1.0,257.07,257.07,0.0,0.0,257.07,257.07,0.0,20.29
2025-06-30,SHP03507,CARB,CC-101,LTL,2025-05-17,2025-05-18,716.0,154.66,16.08,history,886.74,1.0,870.66,870.66,0.0,0.0,870.66,870.66,0.0,16.08
2025-06-30,SHP03571,CARD,CC-103,LTL,2025-05-19,2025-05-22,264.76,57.19,20.29,history,342.24,1.0,322.42,322.42,0.0,0.0,322.42,322.42,0.0,19.82
2025-06-30,SHP03580,CARG,CC-103,TL,2025-05-19,2025-05-23,2972.59,539.2,6.75,history,3518.54,1.0,3511.79,3511.79,0.0,0.0,3511.79,3511.79,0.0,6.75
2025-06-30,SHP03584,CARE,CC-103,LTL,2025-05-20,2025-05-23,265.83,57.42,19.39,history,342.64,1.0,323.25,323.25,0.0,0.0,323.25,323.25,0.0,19.39
2025-06-30,SHP03595,CARH,CC-103,TL,2025-05-20,2025-05-23,3114.0,629.81,12.28,history,3756.09,1.0,3743.81,3743.81,0.0,0.0,3743.81,3743.81,0.0,12.28
2025-06-30,SHP03633,CARD,CC-104,LTL,2025-05-22,2025-05-25,277.1,59.85,20.29,history,357.24,1.0,431.95,336.95,95.0,0.0,431.95,336.95,95.0,-74.71
2025-06-30,SHP03656,CARG,CC-102,TL,2025-05-23,2025-05-24,825.6,155.33,6.75,history,987.68,1.0,980.93,980.93,0.0,0.0,980.93,980.93,0.0,6.75
2025-06-30,SHP03669,CARA,CC-103,LTL,2025-05-23,2025-05-28,495.58,107.05,19.58,history,622.21,1.0,602.63,602.63,0.0,0.0,602.63,602.63,0.0,19.58
2025-06-30,SHP03688,CARB,CC-104,LTL,2025-05-24,2025-05-27,886.88,191.57,16.08,history,1094.53,1.0,1078.99,1078.99,0.0,0.0,1078.99,1078.99,0.0,15.54
2025-06-30,SHP03716,CARD,CC-105,LTL,2025-05-24,2025-05-25,110.0,23.76,20.29,history,154.05,1.0,159.04,159.04,0.0,25.28,133.76,133.76,0.0,20.29
2025-06-30,SHP03717,CARD,CC-105,LTL,2025-05-24,2025-05-27,374.41,80.87,20.29,history,475.57,1.0,455.28,455.28,0.0,0.0,455.28,455.28,0.0,20.29
2025-06-30,SHP03727,CARE,CC-105,LTL,2025-05-25,2025-05-28,446.79,96.51,19.39,history,562.69,1.0,575.56,575.56,0.0,32.26,543.3,543.3,0.0,19.39
2025-06-30,SHP03764,CARA,CC-103,LTL,2025-05-27,2025-06-01,288.6,62.34,19.58,history,370.52,1.0,350.94,350.94,0.0,0.0,350.94,350.94,0.0,19.58
2025-06-30,SHP03785,CARH,CC-102,TL,2025-05-27,2025-05-29,1194.93,225.9,12.28,history,1433.11,1.0,1420.83,1420.83,0.0,0.0,1420.83,1420.83,0.0,12.28
2025-06-30,SHP03786,CARH,CC-102,TL,2025-05-27,2025-06-01,3850.12,767.48,12.28,history,4629.88,1.0,4617.6,4617.6,0.0,0.0,4617.6,4617.6,0.0,12.28
2025-06-30,SHP03812,CARD,CC-101,LTL,2025-05-28,2025-05-30,977.25,211.09,20.29,history,1208.63,1.0,1188.34,1188.34,0.0,0.0,1188.34,1188.34,0.0,20.29
2025-06-30,SHP03846,CARB,CC-101,LTL,2025-05-30,2025-06-02,867.84,187.45,16.08,history,1071.37,1.0,1055.29,1055.29,0.0,0.0,1055.29,1055.29,0.0,16.08
2025-06-30,SHP03850,CARH,CC-101,TL,2025-05-30,2025-05-31,968.31,192.07,12.28,history,1172.66,1.0,1160.38,1160.38,0.0,0.0,1160.38,1160.38,0.0,12.28
2025-06-30,SHP03855,CARD,CC-102,LTL,2025-05-30,2025-06-01,608.4,131.41,20.29,history,760.1,1.0,739.81,739.81,0.0,0.0,739.81,739.81,0.0,20.29
2025-06-30,SHP03869,CARB,CC-101,LTL,2025-05-31,2025-06-01,110.0,23.76,16.08,history,149.84,1.0,133.99,133.99,0.0,0.0,133.99,133.99,0.0,15.85
2025-06-30,SHP03881,CARB,CC-104,LTL,2025-05-31,2025-06-06,762.62,164.73,16.08,history,943.43,1.0,927.35,927.35,0.0,0.0,927.35,927.35,0.0,16.08
2025-06-30,SHP03888,CARD,CC-104,LTL,2025-05-31,2025-06-02,124.8,26.96,20.29,history,172.05,1.0,246.76,151.76,95.0,0.0,246.76,151.76,95.0,-74.71
2025-06-30,SHP03893,CARB,CC-101,LTL,2025-05-31,2025-06-05,1037.0,223.99,16.08,history,1277.07,3.0,2616.98,2521.98,95.0,1260.99,1355.99,1260.99,95.0,-78.92
2025-06-30,SHP03895,CARB,CC-103,LTL,2025-05-31,2025-06-04,1700.96,367.41,16.08,history,2084.45,1.0,2068.37,2068.37,0.0,0.0,2068.37,2068.37,0.0,16.08
2025-06-30,SHP03899,CARB,CC-101,LTL,2025-05-31,2025-06-03,485.35,104.84,16.08,history,606.27,1.0,810.19,590.19,220.0,0.0,810.19,590.19,220.0,-203.92
2025-06-30,SHP03904,CARE,CC-101,LTL,2025-06-01,2025-06-06,1862.58,402.32,19.39,history,2284.29,1.0,2264.9,2264.9,0.0,0.0,2264.9,2264.9,0.0,19.39
2025-06-30,SHP03911,CARB,CC-105,LTL,2025-06-01,2025-06-04,502.55,108.55,16.08,history,627.18,1.0,736.1,611.1,125.0,0.0,736.1,611.1,125.0,-108.92
2025-06-30,SHP03927,CARH,CC-105,TL,2025-06-01,2025-06-02,598.23,116.37,12.28,history,726.88,1.0,714.6,714.6,0.0,0.0,714.6,714.6,0.0,12.28
2025-06-30,SHP03929,CARH,CC-102,TL,2025-06-02,2025-06-07,3850.12,746.2,12.28,history,4608.6,1.0,4596.32,4596.32,0.0,0.0,4596.32,4596.32,0.0,12.28
2025-06-30,SHP03931,CARD,CC-102,LTL,2025-06-02,2025-06-04,349.06,72.26,20.29,history,441.61,1.0,421.32,421.32,0.0,0.0,421.32,421.32,0.0,20.29
2025-06-30,SHP03936,CARB,CC-104,LTL,2025-06-02,2025-06-03,151.69,31.4,16.08,history,199.17,1.0,183.09,183.09,0.0,0.0,183.09,183.09,0.0,16.08
2025-06-30,SHP03950,CARE,CC-101,LTL,2025-06-02,2025-06-06,741.3,153.45,19.39,history,914.14,1.0,989.75,894.75,95.0,0.0,989.75,894.75,95.0,-75.61
2025-06-30,SHP03952,CARB,CC-102,LTL,2025-06-02,2025-06-06,958.29,198.37,16.08,history,1172.74,1.0,1156.66,1156.66,0.0,0.0,1156.66,1156.66,0.0,16.08
2025-06-30,SHP03968,CARG,CC-103,TL,2025-06-03,2025-06-06,2972.59,521.87,6.75,history,3501.21,1.0,3494.46,3494.46,0.0,0.0,3494.46,3494.46,0.0,6.75
2025-06-30,SHP03970,CARD,CC-103,LTL,2025-06-03,2025-06-05,865.57,179.17,20.29,history,1065.03,1.0,1044.74,1044.74,0.0,0.0,1044.74,1044.74,0.0,20.29
2025-06-30,SHP03973,CARA,CC-103,LTL,2025-06-03,2025-06-05,251.98,52.16,19.58,history,323.72,1.0,304.14,304.14,0.0,0.0,304.14,304.14,0.0,19.58
2025-06-30,SHP03974,CARD,CC-104,LTL,2025-06-03,2025-06-04,249.28,51.6,20.29,history,321.17,2.0,395.88,300.88,95.0,0.0,395.88,300.88,95.0,-74.71
2025-06-30,SHP03977,CARA,CC-102,LTL,2025-06-03,2025-06-04,128.2,26.54,19.58,history,174.32,1.0,154.74,154.74,0.0,0.0,154.74,154.74,0.0,19.58
2025-06-30,SHP03991,CARA,CC-101,LTL,2025-06-04,2025-06-06,563.52,116.65,19.58,history,699.75,1.0,680.17,680.17,0.0,0.0,680.17,680.17,0.0,19.58
2025-06-30,SHP04010,CARA,CC-103,LTL,2025-06-05,2025-06-08,622.0,128.75,19.58,history,770.33,1.0,875.75,750.75,125.0,0.0,875.75,750.75,125.0,-105.42
2025-06-30,SHP04016,CARD,CC-103,LTL,2025-06-05,2025-06-09,2452.59,507.69,20.29,history,2980.57,1.0,2960.28,2960.28,0.0,0.0,2960.28,2960.28,0.0,20.29
2025-06-30,SHP04022,CARD,CC-102,LTL,2025-06-05,2025-06-08,1171.78,242.56,20.29,history,1434.63,1.0,1414.96,1414.96,0.0,0.0,1414.96,1414.96,0.0,19.67
2025-06-30,SHP04031,CARE,CC-104,LTL,2025-06-05,2025-06-08,558.56,115.62,19.39,history,693.57,1.0,799.18,674.18,125.0,0.0,799.18,674.18,125.0,-105.61
2025-06-30,SHP04035,CARB,CC-103,LTL,2025-06-05,2025-06-08,661.9,137.01,16.08,history,814.99,1.0,923.91,798.91,125.0,0.0,923.91,798.91,125.0,-108.92
2025-06-30,SHP04038,CARE,CC-102,LTL,2025-06-06,2025-06-10,421.27,87.2,19.39,history,527.86,1.0,697.93,602.93,95.0,0.0,697.93,602.93,95.0,-170.07
2025-06-30,SHP04039,CARD,CC-103,LTL,2025-06-06,2025-06-11,1571.38,325.28,20.29,history,1916.95,1.0,1896.66,1896.66,0.0,0.0,1896.66,1896.66,0.0,20.29
2025-06-30,SHP04041,CARB,CC-101,LTL,2025-06-06,2025-06-07,437.63,90.59,16.08,history,544.3,1.0,528.22,528.22,0.0,0.0,528.22,528.22,0.0,16.08
2025-06-30,SHP04044,CARB,CC-104,LTL,2025-06-06,2025-06-13,1994.09,412.78,16.08,history,2422.95,1.0,2406.87,2406.87,0.0,0.0,2406.87,2406.87,0.0,16.08
2025-06-30,SHP04049,CARD,CC-104,LTL,2025-06-06,2025-06-07,172.39,35.68,20.29,history,228.36,1.0,208.07,208.07,0.0,0.0,208.07,208.07,0.0,20.29
2025-06-30,SHP04050,CARG,CC-103,TL,2025-06-06,2025-06-09,2972.59,521.87,6.75,history,3501.21,1.0,3492.92,3492.92,0.0,0.0,3492.92,3492.92,0.0,8.29
2025-06-30,SHP04055,CARG,CC-101,TL,2025-06-06,2025-06-11,4656.96,813.93,6.75,history,5477.64,1.0,5470.89,5470.89,0.0,0.0,5470.89,5470.89,0.0,6.75
2025-06-30,SHP04059,CARE,CC-104,LTL,2025-06-06,2025-06-08,1446.51,299.43,19.39,history,1765.33,1.0,1745.94,1745.94,0.0,0.0,1745.94,1745.94,0.0,19.39
2025-06-30,SHP04076,CARA,CC-102,LTL,2025-06-07,2025-06-09,371.04,76.81,19.58,history,467.43,1.0,447.85,447.85,0.0,0.0,447.85,447.85,0.0,19.58
2025-06-30,SHP04077,CARA,CC-103,LTL,2025-06-07,2025-06-12,664.04,137.46,19.58,history,821.08,1.0,801.5,801.5,0.0,0.0,801.5,801.5,0.0,19.58
2025-06-30,SHP04088,CARC,CC-104,LTL,2025-06-07,2025-06-13,885.69,183.34,19.85,history,1088.88,1.0,1069.03,1069.03,0.0,0.0,1069.03,1069.03,0.0,19.85
2025-06-30,SHP04091,CARB,CC-101,LTL,2025-06-07,2025-06-13,720.1,149.06,16.08,history,885.24,1.0,869.16,869.16,0.0,0.0,869.16,869.16,0.0,16.08
2025-06-30,SHP04093,CARA,CC-102,LTL,2025-06-07,2025-06-08,200.76,41.56,19.58,history,261.9,1.0,242.32,242.32,0.0,0.0,242.32,242.32,0.0,19.58
2025-06-30,SHP04094,CARB,CC-101,LTL,2025-06-07,2025-06-11,996.99,206.38,16.08,history,1219.45,2.0,1425.71,1205.71,220.0,0.0,1425.71,1205.71,220.0,-206.26
2025-06-30,SHP04102,CARE,CC-105,LTL,2025-06-08,2025-06-10,680.42,140.85,19.39,history,840.66,1.0,821.27,821.27,0.0,0.0,821.27,821.27,0.0,19.39
2025-06-30,SHP04103,CARH,CC-104,TL,2025-06-08,2025-06-10,824.0,156.6,12.28,history,992.88,1.0,980.6,980.6,0.0,0.0,980.6,980.6,0.0,12.28
2025-06-30,SHP04104,CARD,CC-105,LTL,2025-06-08,2025-06-10,347.88,72.01,20.29,history,440.18,1.0,419.89,419.89,0.0,0.0,419.89,419.89,0.0,20.29
2025-06-30,SHP04105,CARB,CC-105,LTL,2025-06-08,2025-06-14,1166.87,241.54,16.08,history,1424.49,1.0,1503.41,1408.41,95.0,0.0,1503.41,1408.41,95.0,-78.92
2025-06-30,SHP04106,CARF,CC-103,TL,2025-06-08,2025-06-13,4876.3,788.87,22.95,history,5688.12,1.0,5665.17,5665.17,0.0,0.0,5665.17,5665.17,0.0,22.95
2025-06-30,SHP04109,CARB,CC-104,LTL,2025-06-08,2025-06-10,179.92,37.24,16.08,history,233.24,1.0,217.16,217.16,0.0,0.0,217.16,217.16,0.0,16.08
2025-06-30,SHP04114,CARG,CC-103,TL,2025-06-08,2025-06-12,3133.35,581.38,6.75,history,3721.48,1.0,3714.73,3714.73,0.0,0.0,3714.73,3714.73,0.0,6.75
2025-06-30,SHP04125,CARE,CC-102,LTL,2025-06-08,2025-06-10,522.12,108.08,19.39,history,649.59,1.0,630.2,630.2,0.0,0.0,630.2,630.2,0.0,19.39
2025-06-30,SHP04126,CARB,CC-102,LTL,2025-06-08,2025-06-11,414.5,85.8,16.08,history,516.38,1.0,500.3,500.3,0.0,0.0,500.3,500.3,0.0,16.08
2025-06-30,SHP04129,CARH,CC-102,TL,2025-06-08,2025-06-13,3850.12,746.2,12.28,history,4608.6,1.0,4596.32,4596.32,0.0,0.0,4596.32,4596.32,0.0,12.28
2025-06-30,SHP04130,CARA,CC-103,LTL,2025-06-08,2025-06-14,1686.48,349.1,19.58,history,2055.16,1.0,2035.58,2035.58,0.0,0.0,2035.58,2035.58,0.0,19.58
2025-06-30,SHP04132,CARE,CC-101,LTL,2025-06-08,2025-06-10,190.8,39.5,19.39,history,249.69,1.0,230.3,230.3,0.0,0.0,230.3,230.3,0.0,19.39
2025-06-30,SHP04133,CARE,CC-101,LTL,2025-06-09,2025-06-13,228.05,49.26,19.39,history,296.7,1.0,277.31,277.31,0.0,0.0,277.31,277.31,0.0,19.39
2025-06-30,SHP04135,CARD,CC-103,LTL,2025-06-09,2025-06-11,252.29,54.49,20.29,history,327.07,1.0,403.74,308.74,95.0,0.0,403.74,308.74,95.0,-76.67
2025-06-30,SHP04139,CARF,CC-104,TL,2025-06-09,2025-06-11,451.13,79.19,22.95,history,553.27,1.0,530.32,530.32,0.0,0.0,530.32,530.32,0.0,22.95
2025-06-30,SHP04140,CARE,CC-103,LTL,2025-06-09,2025-06-12,931.95,201.3,19.39,history,1152.64,1.0,1228.25,1133.25,95.0,0.0,1228.25,1133.25,95.0,-75.61
2025-06-30,SHP04145,CARB,CC-104,LTL,2025-06-09,2025-06-10,270.8,58.49,16.08,history,345.37,1.0,329.74,329.74,0.0,0.0,329.74,329.74,0.0,15.63
2025-06-30,SHP04146,CARB,CC-104,LTL,2025-06-09,2025-06-15,677.27,146.29,16.08,history,839.64,1.0,948.56,823.56,125.0,0.0,948.56,823.56,125.0,-108.92
2025-06-30,SHP04148,CARB,CC-101,LTL,2025-06-09,2025-06-13,354.26,76.52,16.08,history,446.86,1.0,526.02,431.02,95.0,0.0,526.02,431.02,95.0,-79.16
2025-06-30,SHP04149,CARD,CC-103,LTL,2025-06-09,2025-06-15,1616.42,349.15,20.29,history,1985.86,1.0,1965.57,1965.57,0.0,0.0,1965.57,1965.57,0.0,20.29
2025-06-30,SHP04150,CARH,CC-104,TL,2025-06-09,2025-06-11,450.0,81.2,12.28,history,543.48,1.0,531.2,531.2,0.0,0.0,531.2,531.2,0.0,12.28
2025-06-30,SHP04151,CARH,CC-103,TL,2025-06-09,2025-06-14,3699.41,747.32,12.28,history,4459.01,1.0,4446.73,4446.73,0.0,0.0,4446.73,4446.73,0.0,12.28
2025-06-30,SHP04152,CARB,CC-102,LTL,2025-06-09,2025-06-10,110.0,23.76,16.08,history,149.84,1.0,258.76,133.76,125.0,0.0,258.76,133.76,125.0,-108.92
2025-06-30,SHP04158,CARC,CC-104,LTL,2025-06-09,2025-06-15,2301.47,497.12,19.85,history,2818.44,1.0,2798.59,2798.59,0.0,0.0,2798.59,2798.59,0.0,19.85
2025-06-30,SHP04161,CARB,CC-102,LTL,2025-06-09,2025-06-12,140.94,30.44,16.08,history,187.46,1.0,171.47,171.47,0.0,0.0,171.47,171.47,0.0,15.99
2025-06-30,SHP04163,CARH,CC-103,TL,2025-06-10,2025-06-14,3699.41,747.32,12.28,history,4459.01,1.0,4446.73,4446.73,0.0,0.0,4446.73,4446.73,0.0,12.28
2025-06-30,SHP04166,CARE,CC-103,LTL,2025-06-10,2025-06-14,518.37,111.97,19.39,history,649.73,1.0,630.34,630.34,0.0,0.0,630.34,630.34,0.0,19.39
2025-06-30,SHP04167,CARB,CC-101,LTL,2025-06-10,2025-06-14,713.27,154.07,16.08,history,883.42,1.0,867.34,867.34,0.0,0.0,867.34,867.34,0.0,16.08
2025-06-30,SHP04170,CARA,CC-103,LTL,2025-06-10,2025-06-14,410.27,88.62,19.58,history,518.47,1.0,498.89,498.89,0.0,0.0,498.89,498.89,0.0,19.58
2025-06-30,SHP04171,CARF,CC-102,TL,2025-06-10,2025-06-12,1231.2,206.23,22.95,history,1460.38,1.0,1437.43,1437.43,0.0,0.0,1437.43,1437.43,0.0,22.95
2025-06-30,SHP04172,CARD,CC-104,LTL,2025-06-10,2025-06-17,1160.1,250.58,20.29,history,1430.97,1.0,1535.68,1410.68,125.0,0.0,1535.68,1410.68,125.0,-104.71
2025-06-30,SHP04176,CARE,CC-104,LTL,2025-06-10,2025-06-12,357.18,77.15,19.39,history,453.72,1.0,434.33,434.33,0.0,0.0,434.33,434.33,0.0,19.39
2025-06-30,SHP04177,CARF,CC-101,TL,2025-06-10,2025-06-13,3432.0,574.86,22.95,history,4029.81,1.0,4081.75,4006.75,75.0,0.0,4081.75,4006.75,75.0,-51.94
2025-06-30,SHP04179,CARF,CC-104,TL,2025-06-10,2025-06-15,5564.8,951.94,22.95,history,6539.69,1.0,6516.74,6516.74,0.0,0.0,6516.74,6516.74,0.0,22.95
2025-06-30,SHP04183,CARB,CC-101,LTL,2025-06-10,2025-06-12,372.69,80.5,16.08,history,469.27,1.0,548.19,453.19,95.0,0.0,548.19,453.19,95.0,-78.92
2025-06-30,SHP04185,CARE,CC-101,LTL,2025-06-10,2025-06-15,1260.2,272.2,19.39,history,1551.79,1.0,1532.4,1532.4,0.0,0.0,1532.4,1532.4,0.0,19.39
2025-06-30,SHP04189,CARH,CC-104,TL,2025-06-10,2025-06-12,1536.12,302.71,12.28,history,1851.11,1.0,1838.83,1838.83,0.0,0.0,1838.83,1838.83,0.0,12.28
2025-06-30,SHP04191,CARG,CC-104,TL,2025-06-10,2025-06-16,5133.3,968.82,6.75,history,6108.87,1.0,6102.12,6102.12,0.0,0.0,6102.12,6102.12,0.0,6.75
2025-06-30,SHP04192,CARC,CC-103,LTL,2025-06-11,2025-06-14,736.15,159.01,19.85,history,915.01,1.0,990.16,895.16,95.0,0.0,990.16,895.16,95.0,-75.15
2025-06-30,SHP04193,CARD,CC-104,LTL,2025-06-11,2025-06-18,2694.86,582.09,20.29,history,3297.24,1.0,3276.95,3276.95,0.0,0.0,3276.95,3276.95,0.0,20.29
2025-06-30,SHP04195,CARB,CC-105,LTL,2025-06-11,2025-06-14,281.22,60.74,16.08,history,358.04,1.0,341.96,341.96,0.0,0.0,341.96,341.96,0.0,16.08
2025-06-30,SHP04196,CARG,CC-104,TL,2025-06-11,2025-06-14,1750.17,309.94,6.75,history,2066.86,1.0,2060.11,2060.11,0.0,0.0,2060.11,2060.11,0.0,6.75
2025-06-30,SHP04197,CARD,CC-103,LTL,2025-06-11,2025-06-17,1196.46,258.44,20.29,history,1475.19,1.0,1454.9,1454.9,0.0,0.0,1454.9,1454.9,0.0,20.29
2025-06-30,SHP04198,CARA,CC-102,LTL,2025-06-11,2025-06-12,224.56,48.5,19.58,history,292.64,1.0,368.06,273.06,95.0,0.0,368.06,273.06,95.0,-75.42
2025-06-30,SHP04202,CARE,CC-103,LTL,2025-06-11,2025-06-14,516.48,111.56,19.39,history,647.43,1.0,628.04,628.04,0.0,0.0,628.04,628.04,0.0,19.39
2025-06-30,SHP04208,CARA,CC-103,LTL,2025-06-11,2025-06-16,959.77,207.31,19.58,history,1186.66,1.0,1167.08,1167.08,0.0,0.0,1167.08,1167.08,0.0,19.58
2025-06-30,SHP04213,CARH,CC-102,TL,2025-06-11,2025-06-15,2234.77,451.45,12.28,history,2698.5,1.0,2686.22,2686.22,0.0,0.0,2686.22,2686.22,0.0,12.28
2025-06-30,SHP04215,CARA,CC-105,LTL,2025-06-11,2025-06-16,1599.46,345.48,19.58,history,1964.52,1.0,1944.94,1944.94,0.0,0.0,1944.94,1944.94,0.0,19.58
2025-06-30,SHP04217,CARD,CC-103,LTL,2025-06-12,2025-06-15,332.75,71.87,20.29,history,424.91,1.0,404.62,404.62,0.0,0.0,404.62,404.62,0.0,20.29
2025-06-30,SHP04218,CARG,CC-101,TL,2025-06-12,2025-06-14,1614.45,283.41,6.75,history,1904.61,1.0,1897.86,1897.86,0.0,0.0,1897.86,1897.86,0.0,6.75
2025-06-30,SHP04221,CARD,CC-103,LTL,2025-06-12,2025-06-18,679.4,146.75,20.29,history,846.44,1.0,921.15,826.15,95.0,0.0,921.15,826.15,95.0,-74.71
2025-06-30,SHP04223,CARH,CC-103,TL,2025-06-12,2025-06-14,1100.9,219.09,12.28,history,1332.27,1.0,1319.99,1319.99,0.0,0.0,1319.99,1319.99,0.0,12.28
2025-06-30,SHP04224,CARB,CC-104,LTL,2025-06-12,2025-06-18,975.1,210.62,16.08,history,1201.8,1.0,1255.68,1255.68,0.0,69.96,1185.72,1185.72,0.0,16.08
2025-06-30,SHP04225,CARD,CC-103,LTL,2025-06-12,2025-06-16,944.58,204.03,20.29,history,1168.9,1.0,1421.29,1421.29,0.0,272.68,1148.61,1148.61,0.0,20.29
2025-06-30,SHP04230,CARE,CC-101,LTL,2025-06-12,2025-06-16,499.8,107.96,19.39,history,627.15,1.0,607.76,607.76,0.0,0.0,607.76,607.76,0.0,19.39
2025-06-30,SHP04231,CARA,CC-101,LTL,2025-06-12,2025-06-14,251.97,54.43,19.58,history,325.98,1.0,306.4,306.4,0.0,0.0,306.4,306.4,0.0,19.58
2025-06-30,SHP04233,CARD,CC-103,LTL,2025-06-12,2025-06-15,208.78,45.1,20.29,history,274.17,1.0,253.88,253.88,0.0,0.0,253.88,253.88,0.0,20.29
2025-06-30,SHP04234,CARA,CC-103,LTL,2025-06-12,2025-06-14,391.42,84.55,19.58,history,495.55,1.0,475.97,475.97,0.0,0.0,475.97,475.97,0.0,19.58
2025-06-30,SHP04235,CARD,CC-103,LTL,2025-06-12,2025-06-16,776.32,167.69,20.29,history,964.3,1.0,944.01,944.01,0.0,0.0,944.01,944.01,0.0,20.29
2025-06-30,SHP04237,CARC,CC-104,LTL,2025-06-12,2025-06-19,685.21,148.01,19.85,history,853.07,1.0,833.22,833.22,0.0,0.0,833.22,833.22,0.0,19.85
2025-06-30,SHP04243,CARD,CC-101,LTL,2025-06-12,2025-06-13,110.0,23.76,20.29,history,154.05,1.0,133.76,133.76,0.0,0.0,133.76,133.76,0.0,20.29
2025-06-30,SHP04244,CARD,CC-103,LTL,2025-06-12,2025-06-16,360.7,77.91,20.29,history,458.9,1.0,438.61,438.61,0.0,0.0,438.61,438.61,0.0,20.29
2025-06-30,SHP04245,CARB,CC-101,LTL,2025-06-12,2025-06-15,293.22,63.34,16.08,history,372.64,1.0,356.79,356.79,0.0,0.0,356.79,356.79,0.0,15.85
2025-06-30,SHP04246,CARG,CC-103,TL,2025-06-12,2025-06-15,3133.35,596.97,6.75,history,3737.07,1.0,3730.32,3730.32,0.0,0.0,3730.32,3730.32,0.0,6.75
2025-06-30,SHP04247,CARD,CC-103,LTL,2025-06-12,2025-06-15,1398.5,302.08,20.29,history,1720.87,1.0,1700.58,1700.58,0.0,0.0,1700.58,1700.58,0.0,20.29
2025-06-30,SHP04248,CARB,CC-102,LTL,2025-06-12,2025-06-13,110.0,23.76,16.08,history,149.84,1.0,133.76,133.76,0.0,0.0,133.76,133.76,0.0,16.08
2025-06-30,SHP04250,CARG,CC-102,TL,2025-06-12,2025-06-14,825.6,154.37,6.75,history,986.72,1.0,1129.97,979.97,150.0,0.0,1129.97,979.97,150.0,-143.25
2025-06-30,SHP04252,CARC,CC-104,LTL,2025-06-12,2025-06-14,858.92,185.53,19.85,history,1064.3,1.0,1044.45,1044.45,0.0,0.0,1044.45,1044.45,0.0,19.85
2025-06-30,SHP04253,CARD,CC-103,LTL,2025-06-12,2025-06-15,247.9,53.55,20.29,history,321.74,1.0,301.45,301.45,0.0,0.0,301.45,301.45,0.0,20.29
2025-06-30,SHP04254,CARG,CC-102,TL,2025-06-12,2025-06-14,1620.42,288.23,6.75,history,1915.4,1.0,1908.65,1908.65,0.0,0.0,1908.65,1908.65,0.0,6.75
2025-06-30,SHP04256,CARE,CC-102,LTL,2025-06-12,2025-06-17,345.1,74.54,19.39,history,439.03,1.0,419.64,419.64,0.0,0.0,419.64,419.64,0.0,19.39
2025-06-30,SHP04257,CARD,CC-105,LTL,2025-06-12,2025-06-15,407.98,88.12,20.29,history,516.39,1.0,621.1,496.1,125.0,0.0,621.1,496.1,125.0,-104.71
2025-06-30,SHP04258,CARD,CC-105,LTL,2025-06-13,2025-06-16,522.23,112.8,20.29,history,655.32,1.0,635.03,635.03,0.0,0.0,635.03,635.03,0.0,20.29
2025-06-30,SHP04259,CARB,CC-103,LTL,2025-06-13,2025-06-17,539.82,116.6,16.08,history,672.5,2.0,1312.84,1312.84,0.0,656.42,656.42,656.42,0.0,16.08
2025-06-30,SHP04260,CARH,CC-103,TL,2025-06-13,2025-06-18,3699.41,747.32,12.28,history,4459.01,1.0,4446.73,4446.73,0.0,0.0,4446.73,4446.73,0.0,12.28
2025-06-30,SHP04262,CARA,CC-105,LTL,2025-06-13,2025-06-15,156.11,33.72,19.58,history,209.41,1.0,284.83,189.83,95.0,0.0,284.83,189.83,95.0,-75.42
2025-06-30,SHP04265,CARD,CC-102,LTL,2025-06-13,2025-06-16,419.49,90.61,20.29,history,530.39,1.0,510.1,510.1,0.0,0.0,510.1,510.1,0.0,20.29
2025-06-30,SHP04266,CARD,CC-105,LTL,2025-06-13,2025-06-16,600.4,129.69,20.29,history,750.38,1.0,730.09,730.09,0.0,0.0,730.09,730.09,0.0,20.29
2025-06-30,SHP04269,CARC,CC-102,LTL,2025-06-13,2025-06-16,253.34,54.72,19.85,history,327.91,1.0,308.06,308.06,0.0,0.0,308.06,308.06,0.0,19.85
2025-06-30,SHP04271,CARD,CC-101,LTL,2025-06-13,2025-06-17,891.45,192.55,20.29,history,1104.29,1.0,1084.0,1084.0,0.0,0.0,1084.0,1084.0,0.0,20.29
2025-06-30,SHP04274,CARD,CC-104,LTL,2025-06-13,2025-06-14,300.79,64.97,20.29,history,386.05,1.0,365.76,365.76,0.0,0.0,365.76,365.76,0.0,20.29
2025-06-30,SHP04275,CARF,CC-105,TL,2025-06-13,2025-06-15,1918.8,329.64,22.95,history,2271.39,1.0,2247.89,2247.89,0.0,0.0,2247.89,2247.89,0.0,23.5
2025-06-30,SHP04282,CARD,CC-104,LTL,2025-06-13,2025-06-19,586.75,126.74,20.29,history,733.78,1.0,713.49,713.49,0.0,0.0,713.49,713.49,0.0,20.29
2025-06-30,SHP04283,CARG,CC-104,TL,2025-06-13,2025-06-18,5133.3,968.82,6.75,history,6108.87,1.0,6102.12,6102.12,0.0,0.0,6102.12,6102.12,0.0,6.75
2025-06-30,SHP04284,CARE,CC-101,LTL,2025-06-13,2025-06-15,320.01,69.12,19.39,history,408.52,1.0,389.13,389.13,0.0,0.0,389.13,389.13,0.0,19.39
2025-06-30,SHP04285,CARH,CC-102,TL,2025-06-13,2025-06-16,1694.99,326.02,12.28,history,2033.29,1.0,2021.01,2021.01,0.0,0.0,2021.01,2021.01,0.0,12.28
2025-06-30,SHP04286,CARH,CC-102,TL,2025-06-13,2025-06-15,1308.34,251.65,12.28,history,1572.27,1.0,1859.99,1559.99,300.0,0.0,1859.99,1559.99,300.0,-287.72
2025-06-30,SHP04287,CARD,CC-101,LTL,2025-06-14,2025-06-16,136.54,29.49,20.29,history,186.32,1.0,166.03,166.03,0.0,0.0,166.03,166.03,0.0,20.29
2025-06-30,SHP04290,CARC,CC-102,LTL,2025-06-14,2025-06-17,267.6,57.8,19.85,history,345.25,1.0,325.41,325.41,0.0,0.0,325.41,325.41,0.0,19.84
2025-06-30,SHP04292,CARD,CC-104,LTL,2025-06-14,2025-06-16,239.29,51.69,20.29,history,311.27,1.0,415.98,290.98,125.0,0.0,415.98,290.98,125.0,-104.71
2025-06-30,SHP04293,CARE,CC-101,LTL,2025-06-14,2025-06-18,563.57,121.73,19.39,history,704.69,1.0,685.3,685.3,0.0,0.0,685.3,685.3,0.0,19.39
2025-06-30,SHP04294,CARB,CC-102,LTL,2025-06-14,2025-06-16,121.81,26.31,16.08,history,164.2,1.0,273.12,148.12,125.0,0.0,273.12,148.12,125.0,-108.92
2025-06-30,SHP04295,CARB,CC-104,LTL,2025-06-14,2025-06-17,316.0,68.26,16.08,history,400.34,1.0,384.26,384.26,0.0,0.0,384.26,384.26,0.0,16.08
2025-06-30,SHP04296,CARC,CC-101,LTL,2025-06-14,2025-06-17,214.57,46.35,19.85,history,280.77,1.0,260.92,260.92,0.0,0.0,260.92,260.92,0.0,19.85
2025-06-30,SHP04300,CARA,CC-102,LTL,2025-06-14,2025-06-16,988.19,213.45,19.58,history,1221.22,1.0,1201.64,1201.64,0.0,0.0,1201.64,1201.64,0.0,19.58
2025-06-30,SHP04302,CARD,CC-102,LTL,2025-06-14,2025-06-17,601.92,130.01,20.29,history,752.22,1.0,731.93,731.93,0.0,0.0,731.93,731.93,0.0,20.29
2025-06-30,SHP04303,CARD,CC-104,LTL,2025-06-14,2025-06-16,317.0,68.47,20.29,history,405.76,1.0,605.47,385.47,220.0,95.0,510.47,385.47,125.0,-104.71
2025-06-30,SHP04306,CARD,CC-104,LTL,2025-06-14,2025-06-16,209.58,45.27,20.29,history,275.14,1.0,254.85,254.85,0.0,0.0,254.85,254.85,0.0,20.29
2025-06-30,SHP04307,CARB,CC-104,LTL,2025-06-14,2025-06-15,243.89,52.68,16.08,history,312.65,1.0,391.57,296.57,95.0,0.0,391.57,296.57,95.0,-78.92
2025-06-30,SHP04308,CARA,CC-104,LTL,2025-06-14,2025-06-19,622.01,134.35,19.58,history,775.94,1.0,756.36,756.36,0.0,0.0,756.36,756.36,0.0,19.58
2025-06-30,SHP04309,CARB,CC-105,LTL,2025-06-14,2025-06-20,2507.7,541.66,16.08,history,3065.44,1.0,3613.68,3613.68,0.0,0.0,3613.68,3613.68,0.0,-548.24
2025-06-30,SHP04310,CARG,CC-104,TL,2025-06-14,2025-06-19,5133.3,968.82,6.75,history,6108.87,1.0,6252.12,6102.12,150.0,0.0,6252.12,6102.12,150.0,-143.25
2025-06-30,SHP04311,CARB,CC-104,LTL,2025-06-14,2025-06-16,110.0,23.76,16.08,history,149.84,1.0,133.76,133.76,0.0,0.0,133.76,133.76,0.0,16.08
2025-06-30,SHP04312,CARB,CC-101,LTL,2025-06-14,2025-06-16,351.54,75.93,16.08,history,443.55,1.0,427.47,427.47,0.0,0.0,427.47,427.47,0.0,16.08
2025-06-30,SHP04313,CARG,CC-101,TL,2025-06-14,2025-06-16,621.96,114.17,6.75,history,742.88,1.0,736.13,736.13,0.0,0.0,736.13,736.13,0.0,6.75
2025-06-30,SHP04314,CARD,CC-102,LTL,2025-06-14,2025-06-16,183.2,39.57,20.29,history,243.06,1.0,222.77,222.77,0.0,0.0,222.77,222.77,0.0,20.29
2025-06-30,SHP04315,CARE,CC-104,LTL,2025-06-14,2025-06-17,830.47,179.38,19.39,history,1029.24,1.0,1009.85,1009.85,0.0,0.0,1009.85,1009.85,0.0,19.39
2025-06-30,SHP04316,CARD,CC-101,LTL,2025-06-14,2025-06-18,400.45,86.5,20.29,history,507.24,1.0,486.95,486.95,0.0,0.0,486.95,486.95,0.0,20.29
2025-06-30,SHP04317,CARE,CC-104,LTL,2025-06-14,2025-06-17,351.67,75.96,19.39,history,447.02,1.0,427.63,427.63,0.0,0.0,427.63,427.63,0.0,19.39
2025-06-30,SHP04318,CARB,CC-101,LTL,2025-06-15,2025-06-20,938.18,202.65,16.08,history,1156.91,1.0,1140.83,1140.83,0.0,0.0,1140.83,1140.83,0.0,16.08
2025-06-30,SHP04319,CARB,CC-102,LTL,2025-06-15,2025-06-18,279.14,60.29,16.08,history,355.51,1.0,339.45,339.45,0.0,0.0,339.45,339.45,0.0,16.06
2025-06-30,SHP04320,CARB,CC-104,LTL,2025-06-15,2025-06-16,331.99,71.71,16.08,history,419.78,1.0,403.7,403.7,0.0,0.0,403.7,403.7,0.0,16.08
2025-06-30,SHP04322,CARB,CC-102,LTL,2025-06-15,2025-06-17,863.99,186.62,16.08,history,1066.69,1.0,1050.61,1050.61,0.0,0.0,1050.61,1050.61,0.0,16.08
2025-06-30,SHP04323,CARB,CC-104,LTL,2025-06-15,2025-06-19,267.82,57.85,16.08,history,341.75,1.0,420.67,325.67,95.0,0.0,420.67,325.67,95.0,-78.92
2025-06-30,SHP04324,CARA,CC-103,LTL,2025-06-15,2025-06-21,874.09,188.8,19.58,history,1082.47,1.0,1187.89,1062.89,125.0,125.0,1062.89,1062.89,0.0,19.58
2025-06-30,SHP04327,CARC,CC-104,LTL,2025-06-15,2025-06-17,834.05,180.15,19.85,history,1034.05,1.0,1109.2,1014.2,95.0,0.0,1109.2,1014.2,95.0,-75.15
2025-06-30,SHP04330,CARE,CC-103,LTL,2025-06-15,2025-06-17,377.35,81.51,19.39,history,478.25,1.0,458.86,458.86,0.0,0.0,458.86,458.86,0.0,19.39
2025-06-30,SHP04332,CARG,CC-102,TL,2025-06-15,2025-06-17,1620.42,288.23,6.75,history,1915.4,1.0,1908.77,1908.77,0.0,0.0,1908.77,1908.77,0.0,6.63
2025-06-30,SHP04333,CARA,CC-102,LTL,2025-06-15,2025-06-17,204.61,44.2,19.58,history,268.39,1.0,373.81,248.81,125.0,0.0,373.81,248.81,125.0,-105.42
2025-06-30,SHP04334,CARH,CC-102,TL,2025-06-15,2025-06-17,1308.34,251.65,12.28,history,1572.27,1.0,1710.64,1560.64,150.0,0.0,1710.64,1560.64,150.0,-138.37
2025-06-30,SHP04337,CARB,CC-102,LTL,2025-06-15,2025-06-17,308.17,66.56,16.08,history,390.81,2.0,939.46,749.46,190.0,469.73,469.73,374.73,95.0,-78.92
2025-06-30,SHP04339,CARC,CC-104,LTL,2025-06-15,2025-06-20,861.85,186.16,19.85,history,1067.86,1.0,1162.14,1162.14,0.0,114.13,1048.01,1048.01,0.0,19.85
2025-06-30,SHP04340,CARF,CC-103,TL,2025-06-15,2025-06-18,2355.42,426.52,22.95,history,2804.89,1.0,2781.94,2781.94,0.0,0.0,2781.94,2781.94,0.0,22.95
2025-06-30,SHP04342,CARB,CC-101,LTL,2025-06-15,2025-06-17,204.83,44.24,16.08,history,265.15,1.0,249.07,249.07,0.0,0.0,249.07,249.07,0.0,16.08
2025-06-30,SHP04343,CARE,CC-102,LTL,2025-06-15,2025-06-20,1584.27,342.2,19.39,history,1945.86,1.0,1926.47,1926.47,0.0,0.0,1926.47,1926.47,0.0,19.39
2025-06-30,SHP04346,CARC,CC-103,LTL,2025-06-16,2025-06-19,616.17,133.09,19.85,history,769.11,1.0,887.97,887.97,0.0,0.0,887.97,887.97,0.0,-118.86
2025-06-30,SHP04349,CARB,CC-104,LTL,2025-06-16,2025-06-19,494.51,106.81,16.08,history,617.4,1.0,600.16,600.16,0.0,0.0,600.16,600.16,0.0,17.24
2025-06-30,SHP04354,CARA,CC-102,LTL,2025-06-16,2025-06-19,1114.17,240.66,19.58,history,1374.41,1.0,1354.83,1354.83,0.0,0.0,1354.83,1354.83,0.0,19.58
2025-06-30,SHP04355,CARA,CC-103,LTL,2025-06-16,2025-06-21,757.26,163.57,19.58,history,940.41,1.0,920.83,920.83,0.0,0.0,920.83,920.83,0.0,19.58
2025-06-30,SHP04356,CARH,CC-103,TL,2025-06-16,2025-06-20,3699.41,744.22,12.28,history,4455.91,1.0,4443.63,4443.63,0.0,0.0,4443.63,4443.63,0.0,12.28
2025-06-30,SHP04360,CARD,CC-103,LTL,2025-06-16,2025-06-18,373.49,80.67,20.29,history,474.45,1.0,454.16,454.16,0.0,0.0,454.16,454.16,0.0,20.29
2025-06-30,SHP04361,CARD,CC-102,LTL,2025-06-16,2025-06-18,238.92,51.61,20.29,history,310.82,1.0,292.68,292.68,0.0,2.15,290.53,290.53,0.0,20.29
2025-06-30,SHP04362,CARD,CC-103,LTL,2025-06-16,2025-06-19,141.58,30.58,20.29,history,192.45,2.0,344.32,344.32,0.0,172.16,172.16,172.16,0.0,20.29
2025-06-30,SHP04363,CARB,CC-101,LTL,2025-06-16,2025-06-18,453.14,97.88,16.08,history,567.1,1.0,550.69,550.69,0.0,0.0,550.69,550.69,0.0,16.41
2025-06-30,SHP04364,CARD,CC-103,LTL,2025-06-16,2025-06-19,247.9,53.55,20.29,history,321.74,1.0,301.45,301.45,0.0,0.0,301.45,301.45,0.0,20.29
2025-06-30,SHP04365,CARA,CC-102,LTL,2025-06-16,2025-06-19,871.8,188.31,19.58,history,1079.69,1.0,1155.11,1060.11,95.0,0.0,1155.11,1060.11,95.0,-75.42
2025-06-30,SHP04366,CARA,CC-103,LTL,2025-06-16,2025-06-20,218.42,47.18,19.58,history,285.18,1.0,265.6,265.6,0.0,0.0,265.6,265.6,0.0,19.58
2025-06-30,SHP04368,CARC,CC-102,LTL,2025-06-16,2025-06-22,706.34,152.57,19.85,history,878.76,1.0,903.07,903.07,0.0,44.17,858.9,858.9,0.0,19.86
2025-06-30,SHP04369,CARD,CC-103,LTL,2025-06-16,2025-06-21,805.77,174.05,20.29,history,1000.11,1.0,1074.82,979.82,95.0,95.0,979.82,979.82,0.0,20.29
2025-06-30,SHP04370,CARB,CC-101,LTL,2025-06-16,2025-06-18,933.7,201.68,16.08,history,1151.46,1.0,1135.73,1135.73,0.0,0.0,1135.73,1135.73,0.0,15.73
2025-06-30,SHP04372,CARE,CC-102,LTL,2025-06-16,2025-06-18,111.73,24.13,19.39,history,155.25,2.0,271.8,271.8,0.0,135.9,135.9,135.9,0.0,19.35
2025-06-30,SHP04374,CARD,CC-104,LTL,2025-06-16,2025-06-18,110.0,23.76,20.29,history,154.05,1.0,133.76,133.76,0.0,0.0,133.76,133.76,0.0,20.29
2025-06-30,SHP04375,CARA,CC-105,LTL,2025-06-16,2025-06-20,3178.79,686.62,19.58,history,3884.99,1.0,3865.41,3865.41,0.0,0.0,3865.41,3865.41,0.0,19.58
2025-06-30,SHP04376,CARC,CC-103,LTL,2025-06-16,2025-06-18,151.3,32.68,19.85,history,203.83,1.0,183.98,183.98,0.0,0.0,183.98,183.98,0.0,19.85
2025-06-30,SHP04378,CARC,CC-101,LTL,2025-06-16,2025-06-18,893.09,192.91,19.85,history,1105.85,1.0,1086.0,1086.0,0.0,0.0,1086.0,1086.0,0.0,19.85
2025-06-30,SHP04380,CARG,CC-102,TL,2025-06-16,2025-06-18,1875.43,336.68,6.75,history,2218.86,1.0,2212.11,2212.11,0.0,0.0,2212.11,2212.11,0.0,6.75
2025-06-30,SHP04382,CARG,CC-105,TL,2025-06-16,2025-06-18,1310.4,249.81,6.75,history,1566.96,1.0,1560.21,1560.21,0.0,0.0,1560.21,1560.21,0.0,6.75
2025-06-30,SHP04383,CARH,CC-105,TL,2025-06-16,2025-06-22,4695.6,895.15,12.28,history,5603.03,1.0,5590.75,5590.75,0.0,0.0,5590.75,5590.75,0.0,12.28
2025-06-30,SHP04384,CARG,CC-101,TL,2025-06-17,2025-06-19,450.0,79.27,6.75,history,536.02,1.0,529.27,529.27,0.0,0.0,529.27,529.27,0.0,6.75
2025-06-30,SHP04386,CARH,CC-102,TL,2025-06-17,2025-06-22,3850.12,763.04,12.28,history,4625.44,1.0,4613.16,4613.16,0.0,0.0,4613.16,4613.16,0.0,12.28
2025-06-30,SHP04388,CARC,CC-104,LTL,2025-06-17,2025-06-19,169.07,36.52,19.85,history,225.44,1.0,205.59,205.59,0.0,0.0,205.59,205.59,0.0,19.85
2025-06-30,SHP04389,CARD,CC-102,LTL,2025-06-17,2025-06-19,744.91,160.9,20.29,history,926.1,1.0,1000.81,905.81,95.0,0.0,1000.81,905.81,95.0,-74.71
2025-06-30,SHP04390,CARE,CC-105,LTL,2025-06-17,2025-06-19,539.6,116.55,19.39,history,675.54,1.0,781.15,656.15,125.0,0.0,781.15,656.15,125.0,-105.61
2025-06-30,SHP04391,CARE,CC-105,LTL,2025-06-17,2025-06-22,1912.51,413.1,19.39,history,2345.0,1.0,2324.04,2324.04,0.0,0.0,2324.04,2324.04,0.0,20.96
2025-06-30,SHP04393,CARC,CC-101,LTL,2025-06-17,2025-06-19,963.86,208.19,19.85,history,1191.9,1.0,1172.05,1172.05,0.0,0.0,1172.05,1172.05,0.0,19.85
2025-06-30,SHP04397,CARF,CC-104,TL,2025-06-17,2025-06-22,5564.8,947.99,22.95,history,6535.74,1.0,6886.51,6886.51,0.0,373.72,6512.79,6512.79,0.0,22.95
2025-06-30,SHP04398,CARD,CC-101,LTL,2025-06-17,2025-06-18,110.0,23.76,20.29,history,154.05,1.0,133.76,133.76,0.0,0.0,133.76,133.76,0.0,20.29
2025-06-30,SHP04399,CARB,CC-104,LTL,2025-06-17,2025-06-18,270.8,58.49,16.08,history,345.37,1.0,329.29,329.29,0.0,0.0,329.29,329.29,0.0,16.08
2025-06-30,SHP04400,CARE,CC-103,LTL,2025-06-17,2025-06-20,418.0,90.29,19.39,history,527.68,1.0,508.29,508.29,0.0,0.0,508.29,508.29,0.0,19.39
2025-06-30,SHP04401,CARB,CC-104,LTL,2025-06-17,2025-06-18,425.35,91.88,16.08,history,533.31,1.0,517.23,517.23,0.0,0.0,517.23,517.23,0.0,16.08
2025-06-30,SHP04402,CARB,CC-101,LTL,2025-06-17,2025-06-21,772.26,166.81,16.08,history,955.15,1.0,939.07,939.07,0.0,0.0,939.07,939.07,0.0,16.08
2025-06-30,SHP04403,CARD,CC-102,LTL,2025-06-17,2025-06-20,205.8,44.45,20.29,history,270.54,1.0,250.25,250.25,0.0,0.0,250.25,250.25,0.0,20.29
2025-06-30,SHP04404,CARH,CC-103,TL,2025-06-17,2025-06-21,3699.41,744.22,12.28,history,4455.91,1.0,4518.63,4443.63,75.0,0.0,4518.63,4443.63,75.0,-62.72
2025-06-30,SHP04405,CARB,CC-102,LTL,2025-06-17,2025-06-19,840.81,181.61,16.08,history,1038.5,1.0,1022.42,1022.42,0.0,0.0,1022.42,1022.42,0.0,16.08
2025-06-30,SHP04406,CARB,CC-101,LTL,2025-06-17,2025-06-19,110.0,23.76,16.08,history,149.84,1.0,133.76,133.76,0.0,0.0,133.76,133.76,0.0,16.08
2025-06-30,SHP04407,CARD,CC-103,LTL,2025-06-17,2025-06-21,214.9,46.42,20.29,history,281.61,1.0,261.32,261.32,0.0,0.0,261.32,261.32,0.0,20.29
2025-06-30,SHP04408,CARH,CC-103,TL,2025-06-17,2025-06-20,3114.0,623.32,12.28,history,3749.6,1.0,3734.12,3734.12,0.0,0.0,3734.12,3734.12,0.0,15.48
2025-06-30,SHP04410,CARH,CC-102,TL,2025-06-17,2025-06-21,3850.12,763.04,12.28,history,4625.44,1.0,4613.16,4613.16,0.0,0.0,4613.16,4613.16,0.0,12.28
2025-06-30,SHP04411,CARG,CC-101,TL,2025-06-17,2025-06-20,2614.43,473.59,6.75,history,3094.77,1.0,3088.02,3088.02,0.0,0.0,3088.02,3088.02,0.0,6.75
2025-06-30,SHP04412,CARB,CC-102,LTL,2025-06-17,2025-06-21,1012.14,218.62,16.08,history,1246.84,1.0,1230.76,1230.76,0.0,0.0,1230.76,1230.76,0.0,16.08
2025-06-30,SHP04413,CARC,CC-102,LTL,2025-06-17,2025-06-23,194.18,41.94,19.85,history,255.97,1.0,236.12,236.12,0.0,0.0,236.12,236.12,0.0,19.85
2025-06-30,SHP04414,CARE,CC-104,LTL,2025-06-17,2025-06-20,204.7,44.22,19.39,history,268.31,1.0,248.92,248.92,0.0,0.0,248.92,248.92,0.0,19.39
2025-06-30,SHP04415,CARG,CC-101,TL,2025-06-17,2025-06-21,2614.43,473.59,6.75,history,3094.77,1.0,3088.02,3088.02,0.0,0.0,3088.02,3088.02,0.0,6.75
2025-06-30,SHP04417,CARD,CC-103,LTL,2025-06-17,2025-06-19,381.1,82.32,20.29,history,483.71,1.0,463.42,463.42,0.0,0.0,463.42,463.42,0.0,20.29
2025-06-30,SHP04418,CARG,CC-102,TL,2025-06-17,2025-06-21,3150.84,581.28,6.75,history,3738.87,1.0,3911.5,3911.5,0.0,179.38,3732.12,3732.12,0.0,6.75
2025-06-30,SHP04419,CARA,CC-101,LTL,2025-06-17,2025-06-19,276.2,59.66,19.58,history,355.44,2.0,430.86,335.86,95.0,0.0,430.86,335.86,95.0,-75.42
2025-06-30,SHP04421,CARE,CC-104,LTL,2025-06-17,2025-06-18,110.0,23.76,19.39,history,153.15,1.0,133.76,133.76,0.0,0.0,133.76,133.76,0.0,19.39
2025-06-30,SHP04422,CARE,CC-105,LTL,2025-06-18,2025-06-20,194.0,41.9,19.39,history,255.29,1.0,235.9,235.9,0.0,0.0,235.9,235.9,0.0,19.39
2025-06-30,SHP04423,CARG,CC-101,TL,2025-06-18,2025-06-19,450.0,79.27,6.75,history,536.02,1.0,529.27,529.27,0.0,0.0,529.27,529.27,0.0,6.75
2025-06-30,SHP04424,CARD,CC-104,LTL,2025-06-18,2025-06-24,336.71,72.73,20.29,history,429.73,1.0,409.44,409.44,0.0,0.0,409.44,409.44,0.0,20.29
2025-06-30,SHP04425,CARA,CC-103,LTL,2025-06-18,2025-06-21,300.96,65.01,19.58,history,385.55,1.0,365.97,365.97,0.0,0.0,365.97,365.97,0.0,19.58
2025-06-30,SHP04426,CARC,CC-102,LTL,2025-06-18,2025-06-23,709.02,153.15,19.85,history,882.02,1.0,862.17,862.17,0.0,0.0,862.17,862.17,0.0,19.85
2025-06-30,SHP04427,CARD,CC-105,LTL,2025-06-18,2025-06-20,559.75,120.91,20.29,history,700.95,2.0,1361.32,1361.32,0.0,680.66,680.66,680.66,0.0,20.29
2025-06-30,SHP04428,CARB,CC-102,LTL,2025-06-18,2025-06-19,238.8,51.58,16.08,history,306.46,1.0,385.38,290.38,95.0,0.0,385.38,290.38,95.0,-78.92
2025-06-30,SHP04429,CARB,CC-104,LTL,2025-06-18,2025-06-20,703.73,152.01,16.08,history,871.82,1.0,855.74,855.74,0.0,0.0,855.74,855.74,0.0,16.08
2025-06-30,SHP04430,CARA,CC-103,LTL,2025-06-18,2025-06-23,1243.23,268.54,19.58,history,1531.35,2.0,1636.77,1511.77,125.0,0.0,1636.77,1511.77,125.0,-105.42
2025-06-30,SHP04432,CARB,CC-102,LTL,2025-06-18,2025-06-22,1851.03,399.82,16.08,history,2266.93,1.0,2250.85,2250.85,0.0,0.0,2250.85,2250.85,0.0,16.08
2025-06-30,SHP04433,CARD,CC-104,LTL,2025-06-18,2025-06-20,136.51,29.49,20.29,history,186.29,1.0,166.0,166.0,0.0,0.0,166.0,166.0,0.0,20.29
2025-06-30,SHP04437,CARD,CC-104,LTL,2025-06-18,2025-06-19,567.02,122.48,20.29,history,709.79,1.0,689.5,689.5,0.0,0.0,689.5,689.5,0.0,20.29
2025-06-30,SHP04438,CARH,CC-103,TL,2025-06-18,2025-06-20,1100.9,218.18,12.28,history,1331.36,1.0,1319.08,1319.08,0.0,0.0,1319.08,1319.08,0.0,12.28
2025-06-30,SHP04439,CARA,CC-103,LTL,2025-06-18,2025-06-23,519.43,112.2,19.58,history,651.21,1.0,631.83,631.83,0.0,0.0,631.83,631.83,0.0,19.38
2025-06-30,SHP04441,CARG,CC-103,TL,2025-06-18,2025-06-22,2361.68,445.97,6.75,history,2814.4,1.0,2807.65,2807.65,0.0,0.0,2807.65,2807.65,0.0,6.75
2025-06-30,SHP04442,CARH,CC-104,TL,2025-06-18,2025-06-20,824.0,160.13,12.28,history,996.41,1.0,984.13,984.13,0.0,0.0,984.13,984.13,0.0,12.28
2025-06-30,SHP04443,CARE,CC-102,LTL,2025-06-18,2025-06-20,533.85,115.31,19.39,history,668.55,1.0,649.16,649.16,0.0,0.0,649.16,649.16,0.0,19.39
2025-06-30,SHP04444,CARH,CC-104,TL,2025-06-18,2025-06-19,824.0,160.13,12.28,history,996.41,1.0,1139.93,989.93,150.0,5.8,1134.13,984.13,150.0,-137.72
2025-06-30,SHP04446,CARD,CC-103,LTL,2025-06-18,2025-06-22,398.86,86.15,20.29,history,505.3,1.0,485.01,485.01,0.0,0.0,485.01,485.01,0.0,20.29
2025-06-30,SHP04447,CARC,CC-104,LTL,2025-06-18,2025-06-19,324.09,70.0,19.85,history,413.94,1.0,394.09,394.09,0.0,0.0,394.09,394.09,0.0,19.85
2025-06-30,SHP04448,CARF,CC-104,TL,2025-06-18,2025-06-21,2815.48,477.6,22.95,history,3316.03,1.0,3293.08,3293.08,0.0,0.0,3293.08,3293.08,0.0,22.95
2025-06-30,SHP04450,CARG,CC-105,TL,2025-06-18,2025-06-19,519.2,94.48,6.75,history,620.43,1.0,613.68,613.68,0.0,0.0,613.68,613.68,0.0,6.75
2025-06-30,SHP04451,CARH,CC-103,TL,2025-06-18,2025-06-21,3114.0,623.32,12.28,history,3749.6,1.0,3739.02,3739.02,0.0,0.0,3739.02,3739.02,0.0,10.58
2025-06-30,SHP04452,CARD,CC-105,LTL,2025-06-18,2025-06-20,445.27,96.18,20.29,history,561.74,1.0,541.45,541.45,0.0,0.0,541.45,541.45,0.0,20.29
2025-06-30,SHP04453,CARF,CC-101,TL,2025-06-19,2025-06-23,3432.0,572.48,22.95,history,4027.43,1.0,4004.48,4004.48,0.0,0.0,4004.48,4004.48,0.0,22.95
2025-06-30,SHP04454,CARD,CC-103,LTL,2025-06-19,2025-06-25,697.04,150.56,20.29,history,867.89,1.0,847.6,847.6,0.0,0.0,847.6,847.6,0.0,20.29
2025-06-30,SHP04455,CARE,CC-101,LTL,2025-06-19,2025-06-21,263.61,56.94,19.39,history,339.94,1.0,320.55,320.55,0.0,0.0,320.55,320.55,0.0,19.39
2025-06-30,SHP04456,CARG,CC-101,TL,2025-06-19,2025-06-20,450.0,79.27,6.75,history,536.02,1.0,529.27,529.27,0.0,0.0,529.27,529.27,0.0,6.75
2025-06-30,SHP04457,CARB,CC-101,LTL,2025-06-19,2025-06-22,1015.5,219.35,16.08,history,1250.93,1.0,1234.85,1234.85,0.0,0.0,1234.85,1234.85,0.0,16.08
2025-06-30,SHP04458,CARB,CC-104,LTL,2025-06-19,2025-06-25,1934.92,417.94,16.08,history,2368.94,1.0,2352.86,2352.86,0.0,0.0,2352.86,2352.86,0.0,16.08
2025-06-30,SHP04459,CARB,CC-102,LTL,2025-06-19,2025-06-22,534.24,115.4,16.08,history,665.72,1.0,744.64,649.64,95.0,0.0,744.64,649.64,95.0,-78.92
2025-06-30,SHP04460,CARD,CC-105,LTL,2025-06-19,2025-06-21,1931.25,417.15,20.29,history,2368.69,1.0,2348.4,2348.4,0.0,0.0,2348.4,2348.4,0.0,20.29
2025-06-30,SHP04461,CARD,CC-101,LTL,2025-06-19,2025-06-21,207.49,44.82,20.29,history,272.6,1.0,252.31,252.31,0.0,0.0,252.31,252.31,0.0,20.29
2025-06-30,SHP04462,CARB,CC-102,LTL,2025-06-19,2025-06-21,286.4,61.86,16.08,history,364.34,1.0,347.34,347.34,0.0,0.0,347.34,347.34,0.0,17.0
2025-06-30,SHP04463,CARB,CC-105,LTL,2025-06-19,2025-06-25,1469.29,317.37,16.08,history,1802.74,1.0,1786.66,1786.66,0.0,0.0,1786.66,1786.66,0.0,16.08
2025-06-30,SHP04464,CARA,CC-105,LTL,2025-06-19,2025-06-22,266.45,57.55,19.58,history,343.58,1.0,324.0,324.0,0.0,0.0,324.0,324.0,0.0,19.58
2025-06-30,SHP04466,CARD,CC-103,LTL,2025-06-19,2025-06-25,817.15,176.5,20.29,history,1013.94,1.0,993.65,993.65,0.0,0.0,993.65,993.65,0.0,20.29
2025-06-30,SHP04467,CARG,CC-104,TL,2025-06-19,2025-06-25,5133.3,964.8,6.75,history,6104.85,1.0,6098.1,6098.1,0.0,0.0,6098.1,6098.1,0.0,6.75
2025-06-30,SHP04468,CARA,CC-103,LTL,2025-06-19,2025-06-23,365.78,79.01,19.58,history,464.37,1.0,491.6,491.6,0.0,46.84,444.76,444.76,0.0,19.61
2025-06-30,SHP04469,CARA,CC-105,LTL,2025-06-19,2025-06-21,760.39,164.24,19.58,history,944.21,1.0,924.63,924.63,0.0,0.0,924.63,924.63,0.0,19.58
2025-06-30,SHP04470,CARE,CC-104,LTL,2025-06-19,2025-06-22,501.06,108.23,19.39,history,628.68,1.0,609.29,609.29,0.0,0.0,609.29,609.29,0.0,19.39
2025-06-30,SHP04471,CARG,CC-105,TL,2025-06-19,2025-06-22,3118.98,545.25,6.75,history,3670.98,1.0,3664.23,3664.23,0.0,0.0,3664.23,3664.23,0.0,6.75
2025-06-30,SHP04472,CARD,CC-102,LTL,2025-06-19,2025-06-20,297.67,64.3,20.29,history,382.26,1.0,361.97,361.97,0.0,0.0,361.97,361.97,0.0,20.29
2025-06-30,SHP04473,CARE,CC-105,LTL,2025-06-19,2025-06-23,590.05,127.45,19.39,history,736.89,1.0,717.5,717.5,0.0,0.0,717.5,717.5,0.0,19.39
2025-06-30,SHP04474,CARE,CC-101,LTL,2025-06-19,2025-06-23,679.23,146.71,19.39,history,845.33,1.0,824.53,824.53,0.0,0.0,824.53,824.53,0.0,20.8
2025-06-30,SHP04475,CARG,CC-105,TL,2025-06-19,2025-06-21,519.2,94.48,6.75,history,620.43,1.0,613.68,613.68,0.0,0.0,613.68,613.68,0.0,6.75
2025-06-30,SHP04478,CARD,CC-101,LTL,2025-06-19,2025-06-23,585.88,126.55,20.29,history,732.72,1.0,808.8,713.8,95.0,0.0,808.8,713.8,95.0,-76.08
2025-06-30,SHP04479,CARE,CC-101,LTL,2025-06-19,2025-06-23,352.29,76.09,19.39,history,447.77,1.0,428.38,428.38,0.0,0.0,428.38,428.38,0.0,19.39
2025-06-30,SHP04480,CARE,CC-101,LTL,2025-06-19,2025-06-25,1491.8,322.23,19.39,history,1833.42,1.0,1814.03,1814.03,0.0,0.0,1814.03,1814.03,0.0,19.39
2025-06-30,SHP04481,CARD,CC-105,LTL,2025-06-19,2025-06-21,148.34,32.04,20.29,history,200.67,1.0,180.38,180.38,0.0,0.0,180.38,180.38,0.0,20.29
2025-06-30,SHP04483,CARG,CC-104,TL,2025-06-20,2025-06-21,1087.75,190.16,6.75,history,1284.66,1.0,1277.91,1277.91,0.0,0.0,1277.91,1277.91,0.0,6.75
2025-06-30,SHP04485,CARD,CC-103,LTL,2025-06-20,2025-06-24,316.38,68.34,20.29,history,405.01,1.0,384.72,384.72,0.0,0.0,384.72,384.72,0.0,20.29
2025-06-30,SHP04486,CARE,CC-101,LTL,2025-06-20,2025-06-21,283.72,61.28,19.39,history,364.39,1.0,345.0,345.0,0.0,0.0,345.0,345.0,0.0,19.39
2025-06-30,SHP04487,CARE,CC-102,LTL,2025-06-20,2025-06-22,511.6,110.51,19.39,history,641.5,1.0,717.11,622.11,95.0,0.0,717.11,622.11,95.0,-75.61
2025-06-30,SHP04488,CARD,CC-105,LTL,2025-06-20,2025-06-22,253.71,54.8,20.29,history,328.8,1.0,308.51,308.51,0.0,0.0,308.51,308.51,0.0,20.29
2025-06-30,SHP04489,CARH,CC-101,TL,2025-06-20,2025-06-24,3623.36,697.38,12.28,history,4333.02,1.0,4320.74,4320.74,0.0,0.0,4320.74,4320.74,0.0,12.28
2025-06-30,SHP04490,CARD,CC-103,LTL,2025-06-20,2025-06-23,439.78,94.99,20.29,history,555.06,1.0,641.65,546.65,95.0,11.88,629.77,534.77,95.0,-74.71
2025-06-30,SHP04491,CARB,CC-104,LTL,2025-06-20,2025-06-23,607.83,131.29,16.08,history,755.2,1.0,755.53,755.53,0.0,16.41,739.12,739.12,0.0,16.08
2025-06-30,SHP04492,CARD,CC-104,LTL,2025-06-20,2025-06-21,158.24,34.18,20.29,history,212.71,1.0,192.42,192.42,0.0,0.0,192.42,192.42,0.0,20.29
2025-06-30,SHP04493,CARA,CC-102,LTL,2025-06-20,2025-06-25,1666.08,359.87,19.58,history,2045.53,2.0,4051.9,4051.9,0.0,2025.95,2025.95,2025.95,0.0,19.58
2025-06-30,SHP04494,CARB,CC-102,LTL,2025-06-20,2025-06-24,223.27,48.23,16.08,history,287.58,1.0,271.5,271.5,0.0,0.0,271.5,271.5,0.0,16.08
2025-06-30,SHP04495,CARB,CC-102,LTL,2025-06-20,2025-06-22,227.91,49.23,16.08,history,293.22,1.0,277.14,277.14,0.0,0.0,277.14,277.14,0.0,16.08
2025-06-30,SHP04496,CARC,CC-104,LTL,2025-06-20,2025-06-26,1862.78,402.36,19.85,history,2284.99,1.0,2494.48,2399.48,95.0,134.34,2360.14,2265.14,95.0,-75.15
2025-06-30,SHP04498,CARC,CC-102,LTL,2025-06-20,2025-06-26,1421.6,307.07,19.85,history,1748.52,1.0,1728.67,1728.67,0.0,0.0,1728.67,1728.67,0.0,19.85
2025-06-30,SHP04499,CARA,CC-103,LTL,2025-06-20,2025-06-25,2366.58,511.18,19.58,history,2897.34,1.0,2878.34,2878.34,0.0,0.0,2878.34,2878.34,0.0,19.0
2025-06-30,SHP04500,CARB,CC-102,LTL,2025-06-20,2025-06-23,465.41,100.53,16.08,history,582.02,1.0,565.94,565.94,0.0,0.0,565.94,565.94,0.0,16.08
2025-06-30,SHP04501,CARC,CC-103,LTL,2025-06-20,2025-06-22,185.15,39.99,19.85,history,244.99,1.0,225.14,225.14,0.0,0.0,225.14,225.14,0.0,19.85
2025-06-30,SHP04502,CARC,CC-103,LTL,2025-06-20,2025-06-23,319.14,68.93,19.85,history,407.92,1.0,388.07,388.07,0.0,0.0,388.07,388.07,0.0,19.85
2025-06-30,SHP04503,CARB,CC-102,LTL,2025-06-20,2025-06-23,398.7,86.12,16.08,history,500.9,1.0,484.85,484.85,0.0,0.0,484.85,484.85,0.0,16.05
2025-06-30,SHP04504,CARG,CC-102,TL,2025-06-20,2025-06-22,1620.42,287.04,6.75,history,1914.21,1.0,1907.46,1907.46,0.0,0.0,1907.46,1907.46,0.0,6.75
2025-06-30,SHP04505,CARB,CC-101,LTL,2025-06-20,2025-06-21,656.81,141.87,16.08,history,814.76,1.0,798.68,798.68,0.0,0.0,798.68,798.68,0.0,16.08
2025-06-30,SHP04506,CARD,CC-105,LTL,2025-06-20,2025-06-22,478.11,103.27,20.29,history,601.67,2.0,1162.76,1162.76,0.0,581.38,581.38,581.38,0.0,20.29
2025-06-30,SHP04508,CARB,CC-101,LTL,2025-06-20,2025-06-21,167.2,36.12,16.08,history,219.4,1.0,203.32,203.32,0.0,0.0,203.32,203.32,0.0,16.08
2025-06-30,SHP04509,CARD,CC-103,LTL,2025-06-21,2025-06-26,934.19,201.79,20.29,history,1156.27,1.0,1135.98,1135.98,0.0,0.0,1135.98,1135.98,0.0,20.29
2025-06-30,SHP04510,CARD,CC-103,LTL,2025-06-21,2025-06-24,567.32,122.54,20.29,history,710.15,1.0,814.86,689.86,125.0,0.0,814.86,689.86,125.0,-104.71
2025-06-30,SHP04511,CARE,CC-104,LTL,2025-06-21,2025-06-23,198.9,42.96,19.39,history,261.25,1.0,336.86,241.86,95.0,0.0,336.86,241.86,95.0,-75.61
2025-06-30,SHP04514,CARD,CC-105,LTL,2025-06-21,2025-06-22,110.0,23.76,20.29,history,154.05,1.0,133.76,133.76,0.0,0.0,133.76,133.76,0.0,20.29
2025-06-30,SHP04515,CARH,CC-102,TL,2025-06-21,2025-06-24,1194.93,224.59,12.28,history,1431.8,1.0,1419.52,1419.52,0.0,0.0,1419.52,1419.52,0.0,12.28
2025-06-30,SHP04516,CARB,CC-101,LTL,2025-06-21,2025-06-22,110.0,23.76,16.08,history,149.84,1.0,353.76,133.76,220.0,0.0,353.76,133.76,220.0,-203.92
2025-06-30,SHP04517,CARE,CC-105,LTL,2025-06-21,2025-06-23,416.11,89.88,19.39,history,525.38,1.0,505.99,505.99,0.0,0.0,505.99,505.99,0.0,19.39
2025-06-30,SHP04518,CARA,CC-105,LTL,2025-06-21,2025-06-23,368.24,79.54,19.58,history,467.36,1.0,447.78,447.78,0.0,0.0,447.78,447.78,0.0,19.58
2025-06-30,SHP04519,CARF,CC-102,TL,2025-06-21,2025-06-22,1231.2,205.37,22.95,history,1459.52,1.0,1436.57,1436.57,0.0,0.0,1436.57,1436.57,0.0,22.95
2025-06-30,SHP04520,CARC,CC-102,LTL,2025-06-21,2025-06-26,957.88,206.9,19.85,history,1184.63,1.0,1165.37,1165.37,0.0,0.0,1165.37,1165.37,0.0,19.26
2025-06-30,SHP04521,CARG,CC-101,TL,2025-06-21,2025-06-23,450.0,79.27,6.75,history,536.02,1.0,528.2,528.2,0.0,0.0,528.2,528.2,0.0,7.82
2025-06-30,SHP04522,CARB,CC-102,LTL,2025-06-21,2025-06-24,686.8,148.35,16.08,history,851.23,1.0,835.15,835.15,0.0,0.0,835.15,835.15,0.0,16.08
2025-06-30,SHP04523,CARH,CC-104,TL,2025-06-21,2025-06-23,824.0,160.13,12.28,history,996.41,1.0,984.13,984.13,0.0,0.0,984.13,984.13,0.0,12.28
2025-06-30,SHP04524,CARC,CC-101,LTL,2025-06-21,2025-06-25,1654.01,357.27,19.85,history,2031.13,1.0,2011.28,2011.28,0.0,0.0,2011.28,2011.28,0.0,19.85
2025-06-30,SHP04525,CARC,CC-101,LTL,2025-06-21,2025-06-25,239.13,51.65,19.85,history,310.63,1.0,415.78,290.78,125.0,0.0,415.78,290.78,125.0,-105.15
2025-06-30,SHP04526,CARB,CC-103,LTL,2025-06-21,2025-06-25,1271.07,274.55,16.08,history,1561.7,1.0,1545.62,1545.62,0.0,0.0,1545.62,1545.62,0.0,16.08
2025-06-30,SHP04527,CARE,CC-101,LTL,2025-06-21,2025-06-26,895.87,193.51,19.39,history,1108.77,1.0,1087.25,1087.25,0.0,0.0,1087.25,1087.25,0.0,21.52
2025-06-30,SHP04528,CARD,CC-102,LTL,2025-06-21,2025-06-23,357.9,77.31,20.29,history,455.5,1.0,435.21,435.21,0.0,0.0,435.21,435.21,0.0,20.29
2025-06-30,SHP04529,CARD,CC-102,LTL,2025-06-21,2025-06-24,195.03,42.13,20.29,history,257.45,1.0,237.04,237.04,0.0,0.0,237.04,237.04,0.0,20.41
2025-06-30,SHP04530,CARG,CC-105,TL,2025-06-21,2025-06-23,1225.91,232.59,6.75,history,1465.25,1.0,1458.5,1458.5,0.0,0.0,1458.5,1458.5,0.0,6.75
2025-06-30,SHP04531,CARC,CC-104,LTL,2025-06-21,2025-06-22,110.0,23.76,19.85,history,153.61,1.0,133.76,133.76,0.0,0.0,133.76,133.76,0.0,19.85
2025-06-30,SHP04532,CARB,CC-102,LTL,2025-06-21,2025-06-24,310.76,67.12,16.08,history,393.96,1.0,503.92,378.92,125.0,0.0,503.92,378.92,125.0,-109.96
2025-06-30,SHP04533,CARE,CC-104,LTL,2025-06-21,2025-06-23,766.49,165.56,19.39,history,951.44,1.0,1027.05,932.05,95.0,0.0,1027.05,932.05,95.0,-75.61
2025-06-30,SHP04534,CARD,CC-104,LTL,2025-06-21,2025-06-24,997.5,215.46,20.29,history,1233.25,1.0,1212.96,1212.96,0.0,0.0,1212.96,1212.96,0.0,20.29
2025-06-30,SHP04535,CARD,CC-103,LTL,2025-06-21,2025-06-26,786.8,169.95,20.29,history,977.04,1.0,956.75,956.75,0.0,0.0,956.75,956.75,0.0,20.29
2025-06-30,SHP04536,CARE,CC-103,LTL,2025-06-21,2025-06-24,256.69,55.45,19.39,history,331.53,1.0,370.38,370.38,0.0,57.29,313.09,313.09,0.0,18.44
2025-06-30,SHP04537,CARA,CC-105,LTL,2025-06-21,2025-06-26,280.79,60.65,19.58,history,361.02,1.0,341.44,341.44,0.0,0.0,341.44,341.44,0.0,19.58
2025-06-30,SHP04538,CARE,CC-102,LTL,2025-06-21,2025-06-27,497.74,107.51,19.39,history,624.64,1.0,605.25,605.25,0.0,0.0,605.25,605.25,0.0,19.39
2025-06-30,SHP04539,CARB,CC-102,LTL,2025-06-22,2025-06-25,398.7,86.12,16.08,history,500.9,1.0,484.82,484.82,0.0,0.0,484.82,484.82,0.0,16.08
2025-06-30,SHP04540,CARC,CC-102,LTL,2025-06-22,2025-06-28,667.89,144.26,19.85,history,832.0,1.0,937.15,812.15,125.0,0.0,937.15,812.15,125.0,-105.15
2025-06-30,SHP04541,CARF,CC-105,TL,2025-06-22,2025-06-24,1866.76,316.66,22.95,history,2206.37,1.0,2183.42,2183.42,0.0,0.0,2183.42,2183.42,0.0,22.95
2025-06-30,SHP04542,CARA,CC-103,LTL,2025-06-22,2025-06-26,843.79,182.26,19.58,history,1045.63,1.0,1026.05,1026.05,0.0,0.0,1026.05,1026.05,0.0,19.58
2025-06-30,SHP04543,CARC,CC-104,LTL,2025-06-22,2025-06-25,583.55,126.05,19.85,history,729.45,1.0,709.6,709.6,0.0,0.0,709.6,709.6,0.0,19.85
2025-06-30,SHP04544,CARD,CC-105,LTL,2025-06-22,2025-06-25,279.2,60.31,20.29,history,359.8,1.0,339.51,339.51,0.0,0.0,339.51,339.51,0.0,20.29
2025-06-30,SHP04545,CARC,CC-105,LTL,2025-06-22,2025-06-23,263.29,56.87,19.85,history,340.01,1.0,322.53,322.53,0.0,2.37,320.16,320.16,0.0,19.85
2025-06-30,SHP04546,CARA,CC-103,LTL,2025-06-22,2025-06-26,1103.36,238.33,19.58,history,1361.27,1.0,1341.69,1341.69,0.0,0.0,1341.69,1341.69,0.0,19.58
2025-06-30,SHP04547,CARD,CC-101,LTL,2025-06-22,2025-06-24,110.0,23.76,20.29,history,154.05,2.0,267.52,267.52,0.0,133.76,133.76,133.76,0.0,20.29
2025-06-30,SHP04548,CARB,CC-101,LTL,2025-06-22,2025-06-24,484.08,104.56,16.08,history,604.72,1.0,683.64,588.64,95.0,0.0,683.64,588.64,95.0,-78.92
2025-06-30,SHP04549,CARB,CC-101,LTL,2025-06-22,2025-06-26,990.64,213.98,16.08,history,1220.7,1.0,1200.91,1200.91,0.0,0.0,1200.91,1200.91,0.0,19.79
2025-06-30,SHP04552,CARA,CC-103,LTL,2025-06-22,2025-06-26,1104.6,238.59,19.58,history,1362.77,1.0,1343.19,1343.19,0.0,0.0,1343.19,1343.19,0.0,19.58
2025-06-30,SHP04553,CARE,CC-104,LTL,2025-06-22,2025-06-24,935.25,202.01,19.39,history,1156.65,1.0,1137.26,1137.26,0.0,0.0,1137.26,1137.26,0.0,19.39
2025-06-30,SHP04554,CARB,CC-101,LTL,2025-06-22,2025-06-24,225.8,48.77,16.08,history,290.65,1.0,274.57,274.57,0.0,0.0,274.57,274.57,0.0,16.08
2025-06-30,SHP04555,CARC,CC-102,LTL,2025-06-22,2025-06-25,789.71,170.58,19.85,history,980.14,1.0,960.29,960.29,0.0,0.0,960.29,960.29,0.0,19.85
2025-06-30,SHP04556,CARD,CC-105,LTL,2025-06-22,2025-06-24,211.0,45.58,20.29,history,276.87,1.0,351.7,256.7,95.0,0.0,351.7,256.7,95.0,-74.83
2025-06-30,SHP04557,CARB,CC-101,LTL,2025-06-22,2025-06-26,1759.27,380.0,16.08,history,2155.35,1.0,2139.27,2139.27,0.0,0.0,2139.27,2139.27,0.0,16.08
2025-06-30,SHP04558,CARD,CC-102,LTL,2025-06-22,2025-06-24,1236.88,267.17,20.29,history,1524.34,1.0,1504.05,1504.05,0.0,0.0,1504.05,1504.05,0.0,20.29
2025-06-30,SHP04559,CARG,CC-101,TL,2025-06-22,2025-06-25,2614.43,473.59,6.75,history,3094.77,1.0,3388.02,3088.02,300.0,0.0,3388.02,3088.02,300.0,-293.25
2025-06-30,SHP04560,CARD,CC-103,LTL,2025-06-22,2025-06-26,1123.78,242.74,20.29,history,1386.81,1.0,1366.52,1366.52,0.0,0.0,1366.52,1366.52,0.0,20.29
2025-06-30,SHP04561,CARB,CC-104,LTL,2025-06-22,2025-06-28,873.49,188.67,16.08,history,1078.24,1.0,1062.16,1062.16,0.0,0.0,1062.16,1062.16,0.0,16.08
2025-06-30,SHP04562,CARC,CC-101,LTL,2025-06-23,2025-06-26,304.87,68.6,19.85,history,393.32,1.0,373.47,373.47,0.0,0.0,373.47,373.47,0.0,19.85
2025-06-30,SHP04563,CARD,CC-103,LTL,2025-06-23,2025-06-27,732.8,164.88,20.29,history,917.97,1.0,897.68,897.68,0.0,0.0,897.68,897.68,0.0,20.29
2025-06-30,SHP04564,CARB,CC-104,LTL,2025-06-23,2025-06-26,306.2,68.89,16.08,history,391.17,1.0,375.09,375.09,0.0,0.0,375.09,375.09,0.0,16.08
2025-06-30,SHP04565,CARE,CC-101,LTL,2025-06-23,2025-06-28,226.18,50.89,19.39,history,296.46,1.0,277.07,277.07,0.0,0.0,277.07,277.07,0.0,19.39
2025-06-30,SHP04566,CARB,CC-101,LTL,2025-06-23,2025-06-25,174.04,39.16,16.08,history,229.28,1.0,213.2,213.2,0.0,0.0,213.2,213.2,0.0,16.08
2025-06-30,SHP04567,CARD,CC-103,LTL,2025-06-23,2025-06-28,208.71,46.96,20.29,history,275.96,1.0,255.67,255.67,0.0,0.0,255.67,255.67,0.0,20.29
2025-06-30,SHP04568,CARF,CC-105,TL,2025-06-23,2025-06-25,1918.8,336.88,22.95,history,2278.63,1.0,2405.68,2255.68,150.0,0.0,2405.68,2255.68,150.0,-127.05
2025-06-30,SHP04569,CARC,CC-101,LTL,2025-06-23,2025-06-27,289.56,65.15,19.85,history,374.56,1.0,354.71,354.71,0.0,0.0,354.71,354.71,0.0,19.85
2025-06-30,SHP04570,CARD,CC-103,LTL,2025-06-23,2025-06-28,1904.02,428.4,20.29,history,2352.71,1.0,2332.42,2332.42,0.0,0.0,2332.42,2332.42,0.0,20.29
2025-06-30,SHP04571,CARA,CC-103,LTL,2025-06-23,2025-06-27,864.88,194.6,19.58,history,1079.06,1.0,1059.48,1059.48,0.0,0.0,1059.48,1059.48,0.0,19.58
2025-06-30,SHP04572,CARF,CC-105,TL,2025-06-23,2025-06-26,1918.8,336.88,22.95,history,2278.63,1.0,2414.54,2264.54,150.0,0.0,2414.54,2264.54,150.0,-135.91
2025-06-30,SHP04573,CARG,CC-104,TL,2025-06-23,2025-06-25,450.0,80.11,6.75,history,536.86,1.0,830.11,530.11,300.0,0.0,830.11,530.11,300.0,-293.25
2025-06-30,SHP04574,CARB,CC-102,LTL,2025-06-23,2025-06-25,295.73,66.54,16.08,history,378.35,1.0,362.29,362.29,0.0,0.0,362.29,362.29,0.0,16.06
2025-06-30,SHP04575,CARH,CC-102,TL,2025-06-23,2025-06-25,1308.34,257.18,12.28,history,1577.8,1.0,1565.52,1565.52,0.0,0.0,1565.52,1565.52,0.0,12.28
2025-06-30,SHP04576,CARE,CC-105,LTL,2025-06-23,2025-06-26,1347.5,303.19,19.39,history,1670.08,1.0,1745.69,1650.69,95.0,0.0,1745.69,1650.69,95.0,-75.61
2025-06-30,SHP04577,CARC,CC-104,LTL,2025-06-23,2025-06-25,474.95,106.86,19.85,history,601.66,1.0,632.76,632.76,0.0,50.95,581.81,581.81,0.0,19.85
2025-06-30,SHP04578,CARB,CC-104,LTL,2025-06-23,2025-06-25,860.25,193.56,16.08,history,1069.89,1.0,1051.84,1051.84,0.0,0.0,1051.84,1051.84,0.0,18.05
2025-06-30,SHP04579,CARD,CC-104,LTL,2025-06-23,2025-06-25,279.28,62.84,20.29,history,362.41,1.0,467.12,342.12,125.0,0.0,467.12,342.12,125.0,-104.71
2025-06-30,SHP04580,CARD,CC-101,LTL,2025-06-23,2025-06-25,188.55,42.42,20.29,history,251.26,1.0,230.97,230.97,0.0,0.0,230.97,230.97,0.0,20.29
2025-06-30,SHP04581,CARE,CC-101,LTL,2025-06-23,2025-06-25,182.19,40.99,19.39,history,242.57,1.0,223.18,223.18,0.0,0.0,223.18,223.18,0.0,19.39
2025-06-30,SHP04582,CARB,CC-102,LTL,2025-06-23,2025-06-26,466.88,105.05,16.08,history,588.01,1.0,571.93,571.93,0.0,0.0,571.93,571.93,0.0,16.08
2025-06-30,SHP04584,CARB,CC-102,LTL,2025-06-23,2025-06-25,697.45,156.93,16.08,history,870.46,1.0,979.38,854.38,125.0,0.0,979.38,854.38,125.0,-108.92
2025-06-30,SHP04585,CARB,CC-101,LTL,2025-06-23,2025-06-24,246.06,55.36,16.08,history,317.5,1.0,301.52,301.52,0.0,0.0,301.52,301.52,0.0,15.98
2025-06-30,SHP04586,CARG,CC-102,TL,2025-06-23,2025-06-26,1875.43,345.51,6.75,history,2227.69,1.0,2220.94,2220.94,0.0,0.0,2220.94,2220.94,0.0,6.75
2025-06-30,SHP04587,CARC,CC-103,LTL,2025-06-23,2025-06-27,1050.44,236.35,19.85,history,1306.64,1.0,1286.79,1286.79,0.0,0.0,1286.79,1286.79,0.0,19.85
2025-06-30,SHP04588,CARA,CC-104,LTL,2025-06-23,2025-06-24,386.24,86.9,19.58,history,492.72,1.0,473.14,473.14,0.0,0.0,473.14,473.14,0.0,19.58
2025-06-30,SHP04589,CARE,CC-102,LTL,2025-06-23,2025-06-25,619.0,139.28,19.39,history,777.67,1.0,758.28,758.28,0.0,0.0,758.28,758.28,0.0,19.39
2025-06-30,SHP04590,CARD,CC-104,LTL,2025-06-23,2025-06-25,110.0,24.75,20.29,history,155.04,1.0,229.75,134.75,95.0,0.0,229.75,134.75,95.0,-74.71
2025-06-30,SHP04591,CARE,CC-104,LTL,2025-06-23,2025-06-25,110.0,24.75,19.39,history,154.14,1.0,134.75,134.75,0.0,0.0,134.75,134.75,0.0,19.39
2025-06-30,SHP04592,CARD,CC-101,LTL,2025-06-24,2025-06-28,573.91,129.13,20.29,history,723.33,1.0,703.04,703.04,0.0,0.0,703.04,703.04,0.0,20.29
2025-06-30,SHP04593,CARE,CC-102,LTL,2025-06-24,2025-06-27,364.1,81.92,19.39,history,465.41,1.0,446.02,446.02,0.0,0.0,446.02,446.02,0.0,19.39
2025-06-30,SHP04594,CARA,CC-103,LTL,2025-06-24,2025-06-30,874.9,196.85,19.58,history,1091.33,1.0,1071.75,1071.75,0.0,0.0,1071.75,1071.75,0.0,19.58
2025-06-30,SHP04595,CARE,CC-101,LTL,2025-06-24,2025-06-29,1979.87,445.47,19.39,history,2444.73,1.0,2425.34,2425.34,0.0,0.0,2425.34,2425.34,0.0,19.39
2025-06-30,SHP04596,CARC,CC-105,LTL,2025-06-24,2025-06-26,177.9,40.03,19.85,history,237.78,1.0,342.93,217.93,125.0,0.0,342.93,217.93,125.0,-105.15
2025-06-30,SHP04597,CARA,CC-103,LTL,2025-06-24,2025-06-27,1087.44,244.67,19.58,history,1351.69,1.0,1332.11,1332.11,0.0,0.0,1332.11,1332.11,0.0,19.58
2025-06-30,SHP04598,CARD,CC-102,LTL,2025-06-24,2025-06-27,449.33,101.1,20.29,history,570.72,1.0,550.43,550.43,0.0,0.0,550.43,550.43,0.0,20.29
2025-06-30,SHP04599,CARD,CC-105,LTL,2025-06-24,2025-06-25,110.0,24.75,20.29,history,155.04,1.0,134.75,134.75,0.0,0.0,134.75,134.75,0.0,20.29
2025-06-30,SHP04600,CARD,CC-102,LTL,2025-06-24,2025-06-26,614.8,138.33,20.29,history,773.42,1.0,753.13,753.13,0.0,0.0,753.13,753.13,0.0,20.29
2025-06-30,SHP04601,CARA,CC-102,LTL,2025-06-24,2025-06-26,126.72,28.51,19.58,history,174.81,1.0,155.23,155.23,0.0,0.0,155.23,155.23,0.0,19.58
2025-06-30,SHP04602,CARC,CC-102,LTL,2025-06-24,2025-06-27,459.71,103.43,19.85,history,582.99,1.0,564.62,564.62,0.0,0.0,564.62,564.62,0.0,18.37
2025-06-30,SHP04603,CARB,CC-103,LTL,2025-06-24,2025-06-28,635.42,142.97,16.08,history,794.47,1.0,873.39,778.39,95.0,0.0,873.39,778.39,95.0,-78.92
2025-06-30,SHP04604,CARC,CC-104,LTL,2025-06-24,2025-06-26,186.53,41.97,19.85,history,248.35,1.0,323.5,228.5,95.0,0.0,323.5,228.5,95.0,-75.15
2025-06-30,SHP04605,CARA,CC-101,LTL,2025-06-24,2025-06-28,938.31,211.12,19.58,history,1169.01,1.0,1149.43,1149.43,0.0,0.0,1149.43,1149.43,0.0,19.58
2025-06-30,SHP04606,CARB,CC-103,LTL,2025-06-24,2025-06-28,1102.4,248.04,16.08,history,1366.52,1.0,1350.44,1350.44,0.0,0.0,1350.44,1350.44,0.0,16.08
2025-06-30,SHP04607,CARD,CC-103,LTL,2025-06-24,2025-06-30,386.22,86.9,20.29,history,493.41,1.0,479.1,479.1,0.0,0.0,479.1,479.1,0.0,14.31
2025-06-30,SHP04608,CARE,CC-104,LTL,2025-06-24,2025-06-25,567.46,127.68,19.39,history,714.53,1.0,695.14,695.14,0.0,0.0,695.14,695.14,0.0,19.39
2025-06-30,SHP04609,CARA,CC-101,LTL,2025-06-24,2025-06-26,1020.72,229.66,19.58,history,1269.96,1.0,1610.19,1390.19,220.0,139.81,1470.38,1250.38,220.0,-200.42
2025-06-30,SHP04610,CARD,CC-105,LTL,2025-06-24,2025-06-27,687.95,154.79,20.29,history,863.03,1.0,842.75,842.75,0.0,0.0,842.75,842.75,0.0,20.28
2025-06-30,SHP04611,CARF,CC-101,TL,2025-06-24,2025-06-25,711.9,129.41,22.95,history,864.26,2.0,1682.62,1682.62,0.0,841.31,841.31,841.31,0.0,22.95
2025-06-30,SHP04613,CARC,CC-102,LTL,2025-06-24,2025-06-27,2029.63,456.67,19.85,history,2506.15,1.0,2486.3,2486.3,0.0,0.0,2486.3,2486.3,0.0,19.85
2025-06-30,SHP04614,CARB,CC-102,LTL,2025-06-24,2025-06-27,1198.43,269.65,16.08,history,1484.16,1.0,1468.08,1468.08,0.0,0.0,1468.08,1468.08,0.0,16.08
2025-06-30,SHP04615,CARE,CC-105,LTL,2025-06-24,2025-06-29,283.9,63.88,19.39,history,367.17,1.0,347.78,347.78,0.0,0.0,347.78,347.78,0.0,19.39
2025-06-30,SHP04616,CARF,CC-102,TL,2025-06-24,2025-06-26,1763.58,327.84,22.95,history,2114.37,1.0,2091.42,2091.42,0.0,0.0,2091.42,2091.42,0.0,22.95
2025-06-30,SHP04617,CARB,CC-102,LTL,2025-06-25,2025-06-27,535.3,120.44,16.08,history,671.82,1.0,654.44,654.44,0.0,0.0,654.44,654.44,0.0,17.38
2025-06-30,SHP04618,CARB,CC-102,LTL,2025-06-25,2025-06-28,331.65,74.62,16.08,history,422.35,1.0,406.15,406.15,0.0,0.0,406.15,406.15,0.0,16.2
2025-06-30,SHP04619,CARG,CC-104,TL,2025-06-25,2025-06-26,450.0,80.11,6.75,history,536.86,1.0,530.11,530.11,0.0,0.0,530.11,530.11,0.0,6.75
2025-06-30,SHP04620,CARE,CC-101,LTL,2025-06-25,2025-06-29,589.0,132.53,19.39,history,740.92,1.0,846.53,721.53,125.0,0.0,846.53,721.53,125.0,-105.61
2025-06-30,SHP04621,CARF,CC-104,TL,2025-06-25,2025-06-29,2815.48,490.12,22.95,history,3328.55,1.0,3305.6,3305.6,0.0,0.0,3305.6,3305.6,0.0,22.95
2025-06-30,SHP04623,CARD,CC-101,LTL,2025-06-25,2025-06-29,783.0,176.18,20.29,history,979.47,2.0,1918.36,1918.36,0.0,959.18,959.18,959.18,0.0,20.29
2025-06-30,SHP04624,CARF,CC-102,TL,2025-06-25,2025-06-26,1231.2,210.76,22.95,history,1464.91,2.0,3483.92,2883.92,600.0,1741.96,1741.96,1441.96,300.0,-277.05
2025-06-30,SHP04625,CARB,CC-102,LTL,2025-06-25,2025-06-27,484.8,109.08,16.08,history,609.96,1.0,593.88,593.88,0.0,0.0,593.88,593.88,0.0,16.08
2025-06-30,SHP04626,CARG,CC-102,TL,2025-06-25,2025-06-27,1620.42,294.57,6.75,history,1921.74,1.0,1914.99,1914.99,0.0,0.0,1914.99,1914.99,0.0,6.75
2025-06-30,SHP04627,CARA,CC-105,LTL,2025-06-25,2025-06-29,1976.69,444.76,19.58,history,2441.03,1.0,2421.45,2421.45,0.0,0.0,2421.45,2421.45,0.0,19.58
2025-06-30,SHP04628,CARC,CC-102,LTL,2025-06-25,2025-06-30,536.46,120.7,19.85,history,677.01,1.0,657.16,657.16,0.0,0.0,657.16,657.16,0.0,19.85
2025-06-30,SHP04629,CARB,CC-104,LTL,2025-06-25,2025-06-28,274.32,61.72,16.08,history,352.12,1.0,431.04,336.04,95.0,0.0,431.04,336.04,95.0,-78.92
2025-06-30,SHP04630,CARD,CC-102,LTL,2025-06-25,2025-06-29,461.7,103.88,20.29,history,585.87,1.0,689.09,564.09,125.0,125.0,564.09,564.09,0.0,21.78
2025-06-30,SHP04632,CARF,CC-104,TL,2025-06-25,2025-06-27,1694.04,305.25,22.95,history,2022.24,1.0,1999.29,1999.29,0.0,0.0,1999.29,1999.29,0.0,22.95
2025-06-30,SHP04633,CARB,CC-104,LTL,2025-06-25,2025-06-27,182.3,41.02,16.08,history,239.4,1.0,318.64,223.64,95.0,0.0,318.64,223.64,95.0,-79.24
2025-06-30,SHP04634,CARE,CC-105,LTL,2025-06-25,2025-06-26,193.17,43.46,19.39,history,256.02,1.0,331.63,236.63,95.0,0.0,331.63,236.63,95.0,-75.61
2025-06-30,SHP04635,CARA,CC-103,LTL,2025-06-25,2025-06-30,1698.38,382.14,19.58,history,2100.1,1.0,2081.97,2081.97,0.0,0.0,2081.97,2081.97,0.0,18.13
2025-06-30,SHP04636,CARE,CC-104,LTL,2025-06-25,2025-06-27,455.1,102.4,19.39,history,576.89,1.0,682.5,557.5,125.0,0.0,682.5,557.5,125.0,-105.61
2025-06-30,SHP04637,CARB,CC-101,LTL,2025-06-25,2025-06-26,290.32,65.32,16.08,history,371.72,1.0,398.8,398.8,0.0,0.0,398.8,398.8,0.0,-27.08
2025-06-30,SHP04638,CARH,CC-103,TL,2025-06-25,2025-06-27,1100.9,223.9,12.28,history,1337.08,1.0,1324.8,1324.8,0.0,0.0,1324.8,1324.8,0.0,12.28
2025-06-30,SHP04639,CARC,CC-103,LTL,2025-06-25,2025-06-29,277.82,62.51,19.85,history,360.18,1.0,340.33,340.33,0.0,0.0,340.33,340.33,0.0,19.85
2025-06-30,SHP04640,CARA,CC-105,LTL,2025-06-25,2025-06-28,466.45,104.95,19.58,history,590.98,1.0,642.64,642.64,0.0,71.23,571.41,571.41,0.0,19.57
2025-06-30,SHP04641,CARA,CC-105,LTL,2025-06-25,2025-06-27,1116.26,251.16,19.58,history,1387.0,1.0,1367.42,1367.42,0.0,0.0,1367.42,1367.42,0.0,19.58
2025-06-30,SHP04642,CARD,CC-102,LTL,2025-06-25,2025-06-27,261.18,58.77,20.29,history,340.24,1.0,319.95,319.95,0.0,0.0,319.95,319.95,0.0,20.29
2025-06-30,SHP04643,CARA,CC-102,LTL,2025-06-25,2025-06-30,378.05,85.06,19.58,history,482.69,1.0,463.11,463.11,0.0,0.0,463.11,463.11,0.0,19.58
2025-06-30,SHP04644,CARE,CC-104,LTL,2025-06-25,2025-06-27,895.53,201.49,19.39,history,1116.41,1.0,1097.02,1097.02,0.0,0.0,1097.02,1097.02,0.0,19.39
2025-06-30,SHP04645,CARA,CC-101,LTL,2025-06-25,2025-06-27,613.6,138.06,19.58,history,771.24,1.0,751.66,751.66,0.0,0.0,751.66,751.66,0.0,19.58
2025-06-30,SHP04646,CARC,CC-102,LTL,2025-06-25,2025-06-27,172.06,38.71,19.85,history,230.62,1.0,210.77,210.77,0.0,0.0,210.77,210.77,0.0,19.85
2025-06-30,SHP04647,CARF,CC-104,TL,2025-06-25,2025-06-26,531.18,93.26,22.95,history,647.39,1.0,624.44,624.44,0.0,0.0,624.44,624.44,0.0,22.95
2025-06-30,SHP04648,CARE,CC-105,LTL,2025-06-25,2025-06-26,853.85,192.12,19.39,history,1065.36,1.0,1045.97,1045.97,0.0,0.0,1045.97,1045.97,0.0,19.39
2025-06-30,SHP04649,CARD,CC-104,LTL,2025-06-25,2025-06-26,110.0,24.75,20.29,history,155.04,1.0,134.75,134.75,0.0,0.0,134.75,134.75,0.0,20.29
2025-06-30,SHP04650,CARB,CC-102,LTL,2025-06-25,2025-06-27,238.8,53.73,16.08,history,308.61,1.0,292.53,292.53,0.0,0.0,292.53,292.53,0.0,16.08
2025-06-30,SHP04652,CARF,CC-104,TL,2025-06-25,2025-06-27,451.13,80.93,22.95,history,555.01,1.0,532.06,532.06,0.0,0.0,532.06,532.06,0.0,22.95
2025-06-30,SHP04653,CARF,CC-103,TL,2025-06-25,2025-06-29,4876.3,827.83,22.95,history,5727.08,1.0,5704.13,5704.13,0.0,0.0,5704.13,5704.13,0.0,22.95
2025-06-30,SHP04655,CARF,CC-105,TL,2025-06-26,2025-06-29,1866.76,324.97,22.95,history,2214.68,1.0,2191.73,2191.73,0.0,0.0,2191.73,2191.73,0.0,22.95
2025-06-30,SHP04657,CARA,CC-101,LTL,2025-06-26,2025-06-29,158.85,35.74,19.58,history,214.17,1.0,194.59,194.59,0.0,0.0,194.59,194.59,0.0,19.58
2025-06-30,SHP04658,CARC,CC-102,LTL,2025-06-26,2025-06-28,113.68,25.58,19.85,history,159.11,2.0,255.23,160.23,95.0,20.97,234.26,139.26,95.0,-75.15
2025-06-30,SHP04659,CARE,CC-104,LTL,2025-06-26,2025-06-29,252.33,56.77,19.39,history,328.49,1.0,309.1,309.1,0.0,0.0,309.1,309.1,0.0,19.39
2025-06-30,SHP04660,CARC,CC-103,LTL,2025-06-26,2025-06-28,259.21,58.32,19.85,history,337.38,1.0,317.53,317.53,0.0,0.0,317.53,317.53,0.0,19.85
2025-06-30,SHP04661,CARE,CC-101,LTL,2025-06-26,2025-06-30,864.06,194.41,19.39,history,1077.86,1.0,1058.47,1058.47,0.0,0.0,1058.47,1058.47,0.0,19.39
2025-06-30,SHP04662,CARG,CC-104,TL,2025-06-26,2025-06-28,450.0,80.11,6.75,history,536.86,1.0,530.11,530.11,0.0,0.0,530.11,530.11,0.0,6.75
2025-06-30,SHP04663,CARD,CC-101,LTL,2025-06-26,2025-06-30,783.0,176.18,20.29,history,979.47,1.0,956.52,956.52,0.0,0.0,956.52,956.52,0.0,22.95
2025-06-30,SHP04664,CARF,CC-101,TL,2025-06-26,2025-06-30,3432.0,587.49,22.95,history,4042.44,1.0,4019.49,4019.49,0.0,0.0,4019.49,4019.49,0.0,22.95
2025-06-30,SHP04665,CARE,CC-101,LTL,2025-06-26,2025-06-30,468.96,105.52,19.39,history,593.87,1.0,669.48,574.48,95.0,0.0,669.48,574.48,95.0,-75.61
2025-06-30,SHP04666,CARF,CC-104,TL,2025-06-26,2025-06-28,451.13,80.93,22.95,history,555.01,1.0,532.06,532.06,0.0,0.0,532.06,532.06,0.0,22.95
2025-06-30,SHP04667,CARH,CC-104,TL,2025-06-26,2025-06-29,1536.12,309.36,12.28,history,1857.76,1.0,1845.48,1845.48,0.0,0.0,1845.48,1845.48,0.0,12.28
2025-06-30,SHP04668,CARE,CC-104,LTL,2025-06-26,2025-06-28,356.0,80.1,19.39,history,455.49,1.0,436.1,436.1,0.0,0.0,436.1,436.1,0.0,19.39
2025-06-30,SHP04669,CARH,CC-103,TL,2025-06-26,2025-06-30,3114.0,639.67,12.28,history,3765.95,1.0,3753.67,3753.67,0.0,0.0,3753.67,3753.67,0.0,12.28
2025-06-30,SHP04670,CARB,CC-104,LTL,2025-06-26,2025-06-28,835.52,187.99,16.08,history,1039.59,1.0,1023.51,1023.51,0.0,0.0,1023.51,1023.51,0.0,16.08
2025-06-30,SHP04671,CARG,CC-105,TL,2025-06-26,2025-06-29,1225.91,238.69,6.75,history,1471.35,1.0,1508.25,1508.25,0.0,43.65,1464.6,1464.6,0.0,6.75
2025-06-30,SHP04672,CARC,CC-102,LTL,2025-06-26,2025-06-29,241.84,54.41,19.85,history,316.1,1.0,298.08,298.08,0.0,0.0,298.08,298.08,0.0,18.02
2025-06-30,SHP04673,CARD,CC-105,LTL,2025-06-26,2025-06-28,573.59,129.06,20.29,history,722.94,1.0,797.65,702.65,95.0,0.0,797.65,702.65,95.0,-74.71
2025-06-30,SHP04674,CARE,CC-103,LTL,2025-06-26,2025-06-29,533.52,120.04,19.39,history,672.95,1.0,778.56,653.56,125.0,0.0,778.56,653.56,125.0,-105.61
2025-06-30,SHP04675,CARH,CC-102,TL,2025-06-26,2025-06-29,2234.77,461.37,12.28,history,2708.42,1.0,2696.14,2696.14,0.0,0.0,2696.14,2696.14,0.0,12.28
2025-06-30,SHP04676,CARF,CC-105,TL,2025-06-26,2025-06-28,1918.8,336.88,22.95,history,2278.63,1.0,2555.68,2255.68,300.0,0.0,2555.68,2255.68,300.0,-277.05
2025-06-30,SHP04678,CARE,CC-104,LTL,2025-06-26,2025-06-29,327.93,73.78,19.39,history,421.1,1.0,401.71,401.71,0.0,0.0,401.71,401.71,0.0,19.39
2025-06-30,SHP04679,CARA,CC-104,LTL,2025-06-26,2025-06-29,716.0,161.1,19.58,history,896.68,1.0,1030.85,1030.85,0.0,0.0,1030.85,1030.85,0.0,-134.17
2025-06-30,SHP04680,CARG,CC-105,TL,2025-06-26,2025-06-29,1310.4,256.36,6.75,history,1573.51,1.0,1716.76,1566.76,150.0,0.0,1716.76,1566.76,150.0,-143.25
2025-06-30,SHP04682,CARC,CC-104,LTL,2025-06-26,2025-06-28,634.32,142.72,19.85,history,796.89,1.0,902.04,777.04,125.0,0.0,902.04,777.04,125.0,-105.15
2025-06-30,SHP04683,CARD,CC-102,LTL,2025-06-26,2025-06-28,1528.98,344.02,20.29,history,1893.29,1.0,1873.0,1873.0,0.0,0.0,1873.0,1873.0,0.0,20.29
2025-06-30,SHP04684,CARD,CC-103,LTL,2025-06-27,2025-06-30,903.0,203.18,20.29,history,1126.47,1.0,1131.62,1131.62,0.0,0.0,1131.62,1131.62,0.0,-5.15
2025-06-30,SHP04685,CARA,CC-104,LTL,2025-06-27,2025-06-28,110.0,24.75,19.58,history,154.33,1.0,134.75,134.75,0.0,0.0,134.75,134.75,0.0,19.58
2025-06-30,SHP04686,CARB,CC-105,LTL,2025-06-27,2025-06-30,458.61,103.19,16.08,history,577.88,1.0,561.8,561.8,0.0,0.0,561.8,561.8,0.0,16.08
2025-06-30,SHP04688,CARD,CC-102,LTL,2025-06-27,2025-06-30,172.28,38.76,20.29,history,231.33,1.0,211.04,211.04,0.0,0.0,211.04,211.04,0.0,20.29
2025-06-30,SHP04689,CARE,CC-105,LTL,2025-06-27,2025-06-29,636.2,143.15,19.39,history,798.74,1.0,779.35,779.35,0.0,0.0,779.35,779.35,0.0,19.39
2025-06-30,SHP04690,CARG,CC-102,TL,2025-06-27,2025-06-29,1620.42,294.57,6.75,history,1921.74,1.0,1914.99,1914.99,0.0,0.0,1914.99,1914.99,0.0,6.75
2025-06-30,SHP04691,CARF,CC-101,TL,2025-06-27,2025-06-30,3432.0,587.49,22.95,history,4042.44,1.0,4019.49,4019.49,0.0,0.0,4019.49,4019.49,0.0,22.95
2025-06-30,SHP04692,CARF,CC-105,TL,2025-06-27,2025-06-29,1918.8,336.88,22.95,history,2278.63,1.0,2255.68,2255.68,0.0,0.0,2255.68,2255.68,0.0,22.95
2025-06-30,SHP04695,CARB,CC-105,LTL,2025-06-27,2025-06-29,333.68,75.08,16.08,history,424.84,1.0,408.76,408.76,0.0,0.0,408.76,408.76,0.0,16.08
2025-06-30,SHP04696,CARC,CC-102,LTL,2025-06-27,2025-06-30,279.25,62.83,19.85,history,361.93,1.0,342.08,342.08,0.0,0.0,342.08,342.08,0.0,19.85
2025-06-30,SHP04698,CARA,CC-102,LTL,2025-06-27,2025-06-29,262.92,59.16,19.58,history,341.66,1.0,322.08,322.08,0.0,0.0,322.08,322.08,0.0,19.58
2025-06-30,SHP04699,CARD,CC-102,LTL,2025-06-27,2025-06-29,131.25,29.53,20.29,history,181.07,1.0,160.78,160.78,0.0,0.0,160.78,160.78,0.0,20.29
2025-06-30,SHP04701,CARE,CC-101,LTL,2025-06-27,2025-06-29,128.84,28.99,19.39,history,177.22,1.0,282.83,157.83,125.0,0.0,282.83,157.83,125.0,-105.61
2025-06-30,SHP04704,CARH,CC-103,TL,2025-06-27,2025-06-30,3114.0,639.67,12.28,history,3765.95,1.0,3753.67,3753.67,0.0,0.0,3753.67,3753.67,0.0,12.28
2025-06-30,SHP04706,CARF,CC-101,TL,2025-06-27,2025-06-28,711.9,129.41,22.95,history,864.26,1.0,841.31,841.31,0.0,0.0,841.31,841.31,0.0,22.95
2025-06-30,SHP04707,CARC,CC-103,LTL,2025-06-27,2025-06-30,293.1,65.95,19.85,history,378.9,1.0,359.05,359.05,0.0,0.0,359.05,359.05,0.0,19.85
2025-06-30,SHP04710,CARF,CC-105,TL,2025-06-27,2025-06-29,1866.76,324.97,22.95,history,2214.68,1.0,2191.73,2191.73,0.0,0.0,2191.73,2191.73,0.0,22.95
2025-06-30,SHP04711,CARG,CC-105,TL,2025-06-27,2025-06-29,1225.91,238.69,6.75,history,1471.35,1.0,1464.95,1464.95,0.0,0.0,1464.95,1464.95,0.0,6.4
2025-06-30,SHP04716,CARF,CC-101,TL,2025-06-28,2025-06-29,784.89,132.7,22.95,history,940.54,1.0,917.59,917.59,0.0,0.0,917.59,917.59,0.0,22.95
2025-06-30,SHP04720,CARB,CC-101,LTL,2025-06-28,2025-06-29,353.6,79.56,16.08,history,449.24,1.0,433.16,433.16,0.0,0.0,433.16,433.16,0.0,16.08
2025-06-30,SHP04724,CARE,CC-104,LTL,2025-06-28,2025-06-30,421.15,94.76,19.39,history,535.3,1.0,610.91,515.91,95.0,0.0,610.91,515.91,95.0,-75.61
2025-06-30,SHP04725,CARF,CC-102,TL,2025-06-28,2025-06-29,1231.2,210.76,22.95,history,1464.91,1.0,1441.96,1441.96,0.0,0.0,1441.96,1441.96,0.0,22.95
2025-06-30,SHP04726,CARE,CC-105,LTL,2025-06-28,2025-06-30,292.08,65.72,19.39,history,377.19,1.0,357.8,357.8,0.0,0.0,357.8,357.8,0.0,19.39
2025-06-30,SHP04727,CARC,CC-101,LTL,2025-06-28,2025-06-30,461.92,103.93,19.85,history,585.7,1.0,565.85,565.85,0.0,0.0,565.85,565.85,0.0,19.85
2025-06-30,SHP04728,CARE,CC-105,LTL,2025-06-28,2025-06-29,325.74,73.29,19.39,history,418.42,1.0,399.03,399.03,0.0,0.0,399.03,399.03,0.0,19.39
2025-06-30,SHP04729,CARD,CC-104,LTL,2025-06-28,2025-06-29,303.45,68.28,20.29,history,392.02,1.0,371.96,371.96,0.0,0.0,371.96,371.96,0.0,20.06
2025-06-30,SHP04732,CARD,CC-105,LTL,2025-06-28,2025-06-30,277.37,62.41,20.29,history,360.07,1.0,503.92,408.92,95.0,69.14,434.78,339.78,95.0,-74.71
2025-06-30,SHP04733,CARB,CC-102,LTL,2025-06-28,2025-06-30,398.7,89.71,16.08,history,504.49,1.0,488.41,488.41,0.0,0.0,488.41,488.41,0.0,16.08
2025-06-30,SHP04736,CARD,CC-105,LTL,2025-06-28,2025-06-30,414.1,93.17,20.29,history,527.56,1.0,507.07,507.07,0.0,0.0,507.07,507.07,0.0,20.49
2025-06-30,SHP04739,CARE,CC-105,LTL,2025-06-28,2025-06-30,239.38,53.86,19.39,history,312.63,1.0,293.24,293.24,0.0,0.0,293.24,293.24,0.0,19.39
2025-06-30,SHP04745,CARF,CC-104,TL,2025-06-28,2025-06-30,1279.04,234.59,22.95,history,1536.58,1.0,1513.63,1513.63,0.0,0.0,1513.63,1513.63,0.0,22.95
2025-06-30,SHP04760,CARB,CC-102,LTL,2025-06-29,2025-06-30,200.73,45.16,16.08,history,261.97,1.0,245.89,245.89,0.0,0.0,245.89,245.89,0.0,16.08
2025-06-30,SHP04765,CARB,CC-102,LTL,2025-06-29,2025-06-30,110.0,24.75,16.08,history,150.83,1.0,259.75,134.75,125.0,0.0,259.75,134.75,125.0,-108.92
2025-07-31,SHP03162,CARB,CC-102,LTL,2025-05-06,2025-05-11,1064.06,220.26,16.99,history,1301.31,1.0,1283.61,1283.61,0.0,0.0,1283.61,1283.61,0.0,17.7
2025-07-31,SHP03203,CARD,CC-103,LTL,2025-05-07,2025-05-12,888.88,184.0,16.61,history,1089.49,1.0,1072.88,1072.88,0.0,0.0,1072.88,1072.88,0.0,16.61
2025-07-31,SHP03280,CARD,CC-104,LTL,2025-05-10,2025-05-12,110.0,22.77,16.61,history,149.38,1.0,132.77,132.77,0.0,0.0,132.77,132.77,0.0,16.61
2025-07-31,SHP03336,CARD,CC-102,LTL,2025-05-11,2025-05-13,202.15,41.85,16.61,history,260.61,2.0,369.0,244.0,125.0,0.0,369.0,244.0,125.0,-108.39
2025-07-31,SHP03688,CARB,CC-104,LTL,2025-05-24,2025-05-27,886.88,191.57,16.99,history,1095.44,1.0,1078.99,1078.99,0.0,0.0,1078.99,1078.99,0.0,16.45
2025-07-31,SHP03764,CARA,CC-103,LTL,2025-05-27,2025-06-01,288.6,62.34,17.35,history,368.29,1.0,350.94,350.94,0.0,0.0,350.94,350.94,0.0,17.35
2025-07-31,SHP03786,CARH,CC-102,TL,2025-05-27,2025-06-01,3850.12,767.48,9.84,history,4627.44,1.0,4617.6,4617.6,0.0,0.0,4617.6,4617.6,0.0,9.84
2025-07-31,SHP03899,CARB,CC-101,LTL,2025-05-31,2025-06-03,485.35,104.84,16.99,history,607.18,1.0,810.19,590.19,220.0,0.0,810.19,590.19,220.0,-203.01
2025-07-31,SHP03929,CARH,CC-102,TL,2025-06-02,2025-06-07,3850.12,746.2,9.84,history,4606.16,1.0,4596.32,4596.32,0.0,0.0,4596.32,4596.32,0.0,9.84
2025-07-31,SHP04049,CARD,CC-104,LTL,2025-06-06,2025-06-07,172.39,35.68,16.61,history,224.68,1.0,208.07,208.07,0.0,0.0,208.07,208.07,0.0,16.61
2025-07-31,SHP04059,CARE,CC-104,LTL,2025-06-06,2025-06-08,1446.51,299.43,18.47,history,1764.41,1.0,1745.94,1745.94,0.0,0.0,1745.94,1745.94,0.0,18.47
2025-07-31,SHP04145,CARB,CC-104,LTL,2025-06-09,2025-06-10,270.8,58.49,16.99,history,346.28,1.0,329.74,329.74,0.0,0.0,329.74,329.74,0.0,16.54
2025-07-31,SHP04189,CARH,CC-104,TL,2025-06-10,2025-06-12,1536.12,302.71,9.84,history,1848.67,1.0,1838.83,1838.83,0.0,0.0,1838.83,1838.83,0.0,9.84
2025-07-31,SHP04198,CARA,CC-102,LTL,2025-06-11,2025-06-12,224.56,48.5,17.35,history,290.41,1.0,368.06,273.06,95.0,0.0,368.06,273.06,95.0,-77.65
2025-07-31,SHP04217,CARD,CC-103,LTL,2025-06-12,2025-06-15,332.75,71.87,16.61,history,421.23,1.0,404.62,404.62,0.0,0.0,404.62,404.62,0.0,16.61
2025-07-31,SHP04248,CARB,CC-102,LTL,2025-06-12,2025-06-13,110.0,23.76,16.99,history,150.75,1.0,133.76,133.76,0.0,0.0,133.76,133.76,0.0,16.99
2025-07-31,SHP04257,CARD,CC-105,LTL,2025-06-12,2025-06-15,407.98,88.12,16.61,history,512.71,1.0,621.1,496.1,125.0,0.0,621.1,496.1,125.0,-108.39
2025-07-31,SHP04282,CARD,CC-104,LTL,2025-06-13,2025-06-19,586.75,126.74,16.61,history,730.1,1.0,713.49,713.49,0.0,0.0,713.49,713.49,0.0,16.61
2025-07-31,SHP04285,CARH,CC-102,TL,2025-06-13,2025-06-16,1694.99,326.02,9.84,history,2030.85,1.0,2021.01,2021.01,0.0,0.0,2021.01,2021.01,0.0,9.84
2025-07-31,SHP04306,CARD,CC-104,LTL,2025-06-14,2025-06-16,209.58,45.27,16.61,history,271.46,1.0,254.85,254.85,0.0,0.0,254.85,254.85,0.0,16.61
2025-07-31,SHP04364,CARD,CC-103,LTL,2025-06-16,2025-06-19,247.9,53.55,16.61,history,318.06,1.0,301.45,301.45,0.0,0.0,301.45,301.45,0.0,16.61
2025-07-31,SHP04415,CARG,CC-101,TL,2025-06-17,2025-06-21,2614.43,473.59,10.89,history,3098.91,1.0,3088.02,3088.02,0.0,0.0,3088.02,3088.02,0.0,10.89
2025-07-31,SHP04417,CARD,CC-103,LTL,2025-06-17,2025-06-19,381.1,82.32,16.61,history,480.03,1.0,463.42,463.42,0.0,0.0,463.42,463.42,0.0,16.61
2025-07-31,SHP04422,CARE,CC-105,LTL,2025-06-18,2025-06-20,194.0,41.9,18.47,history,254.37,1.0,235.9,235.9,0.0,0.0,235.9,235.9,0.0,18.47
2025-07-31,SHP04460,CARD,CC-105,LTL,2025-06-19,2025-06-21,1931.25,417.15,16.61,history,2365.01,1.0,2348.4,2348.4,0.0,0.0,2348.4,2348.4,0.0,16.61
2025-07-31,SHP04466,CARD,CC-103,LTL,2025-06-19,2025-06-25,817.15,176.5,16.61,history,1010.26,1.0,993.65,993.65,0.0,0.0,993.65,993.65,0.0,16.61
2025-07-31,SHP04478,CARD,CC-101,LTL,2025-06-19,2025-06-23,585.88,126.55,16.61,history,729.04,1.0,808.8,713.8,95.0,0.0,808.8,713.8,95.0,-79.76
2025-07-31,SHP04495,CARB,CC-102,LTL,2025-06-20,2025-06-22,227.91,49.23,16.99,history,294.13,1.0,277.14,277.14,0.0,0.0,277.14,277.14,0.0,16.99
2025-07-31,SHP04500,CARB,CC-102,LTL,2025-06-20,2025-06-23,465.41,100.53,16.99,history,582.93,1.0,565.94,565.94,0.0,0.0,565.94,565.94,0.0,16.99
2025-07-31,SHP04514,CARD,CC-105,LTL,2025-06-21,2025-06-22,110.0,23.76,16.61,history,150.37,1.0,133.76,133.76,0.0,0.0,133.76,133.76,0.0,16.61
2025-07-31,SHP04523,CARH,CC-104,TL,2025-06-21,2025-06-23,824.0,160.13,9.84,history,993.97,1.0,984.13,984.13,0.0,0.0,984.13,984.13,0.0,9.84
2025-07-31,SHP04528,CARD,CC-102,LTL,2025-06-21,2025-06-23,357.9,77.31,16.61,history,451.82,1.0,435.21,435.21,0.0,0.0,435.21,435.21,0.0,16.61
2025-07-31,SHP04544,CARD,CC-105,LTL,2025-06-22,2025-06-25,279.2,60.31,16.61,history,356.12,1.0,339.51,339.51,0.0,0.0,339.51,339.51,0.0,16.61
2025-07-31,SHP04548,CARB,CC-101,LTL,2025-06-22,2025-06-24,484.08,104.56,16.99,history,605.63,1.0,683.64,588.64,95.0,0.0,683.64,588.64,95.0,-78.01
2025-07-31,SHP04557,CARB,CC-101,LTL,2025-06-22,2025-06-26,1759.27,380.0,16.99,history,2156.26,1.0,2139.27,2139.27,0.0,0.0,2139.27,2139.27,0.0,16.99
2025-07-31,SHP04595,CARE,CC-101,LTL,2025-06-24,2025-06-29,1979.87,445.47,18.47,history,2443.81,1.0,2425.34,2425.34,0.0,0.0,2425.34,2425.34,0.0,18.47
2025-07-31,SHP04611,CARF,CC-101,TL,2025-06-24,2025-06-25,711.9,129.41,22.17,history,863.48,2.0,1682.62,1682.62,0.0,841.31,841.31,841.31,0.0,22.17
2025-07-31,SHP04615,CARE,CC-105,LTL,2025-06-24,2025-06-29,283.9,63.88,18.47,history,366.25,1.0,347.78,347.78,0.0,0.0,347.78,347.78,0.0,18.47
2025-07-31,SHP04623,CARD,CC-101,LTL,2025-06-25,2025-06-29,783.0,176.18,16.61,history,975.79,2.0,1918.36,1918.36,0.0,959.18,959.18,959.18,0.0,16.61
2025-07-31,SHP04630,CARD,CC-102,LTL,2025-06-25,2025-06-29,461.7,103.88,16.61,history,582.19,1.0,689.09,564.09,125.0,125.0,564.09,564.09,0.0,18.1
2025-07-31,SHP04636,CARE,CC-104,LTL,2025-06-25,2025-06-27,455.1,102.4,18.47,history,575.97,1.0,682.5,557.5,125.0,0.0,682.5,557.5,125.0,-106.53
2025-07-31,SHP04638,CARH,CC-103,TL,2025-06-25,2025-06-27,1100.9,223.9,9.84,history,1334.64,1.0,1324.8,1324.8,0.0,0.0,1324.8,1324.8,0.0,9.84
2025-07-31,SHP04649,CARD,CC-104,LTL,2025-06-25,2025-06-26,110.0,24.75,16.61,history,151.36,1.0,134.75,134.75,0.0,0.0,134.75,134.75,0.0,16.61
2025-07-31,SHP04661,CARE,CC-101,LTL,2025-06-26,2025-06-30,864.06,194.41,18.47,history,1076.94,1.0,1058.47,1058.47,0.0,0.0,1058.47,1058.47,0.0,18.47
2025-07-31,SHP04674,CARE,CC-103,LTL,2025-06-26,2025-06-29,533.52,120.04,18.47,history,672.03,1.0,778.56,653.56,125.0,0.0,778.56,653.56,125.0,-106.53
2025-07-31,SHP04675,CARH,CC-102,TL,2025-06-26,2025-06-29,2234.77,461.37,9.84,history,2705.98,1.0,2696.14,2696.14,0.0,0.0,2696.14,2696.14,0.0,9.84
2025-07-31,SHP04684,CARD,CC-103,LTL,2025-06-27,2025-06-30,903.0,203.18,16.61,history,1122.79,1.0,1131.62,1131.62,0.0,0.0,1131.62,1131.62,0.0,-8.83
2025-07-31,SHP04690,CARG,CC-102,TL,2025-06-27,2025-06-29,1620.42,294.57,10.89,history,1925.88,1.0,1914.99,1914.99,0.0,0.0,1914.99,1914.99,0.0,10.89
2025-07-31,SHP04691,CARF,CC-101,TL,2025-06-27,2025-06-30,3432.0,587.49,22.17,history,4041.66,1.0,4019.49,4019.49,0.0,0.0,4019.49,4019.49,0.0,22.17
2025-07-31,SHP04720,CARB,CC-101,LTL,2025-06-28,2025-06-29,353.6,79.56,16.99,history,450.15,1.0,433.16,433.16,0.0,0.0,433.16,433.16,0.0,16.99
2025-07-31,SHP04721,CARD,CC-104,LTL,2025-06-28,2025-07-04,504.95,113.61,16.61,history,635.17,1.0,744.98,619.98,125.0,125.0,619.98,619.98,0.0,15.19
2025-07-31,SHP04748,CARE,CC-101,LTL,2025-06-29,2025-07-03,1057.27,237.89,18.47,history,1313.63,1.0,1295.16,1295.16,0.0,0.0,1295.16,1295.16,0.0,18.47
2025-07-31,SHP04762,CARE,CC-104,LTL,2025-06-29,2025-07-01,357.9,80.53,18.47,history,456.9,1.0,438.43,438.43,0.0,0.0,438.43,438.43,0.0,18.47
2025-07-31,SHP04779,CARD,CC-103,LTL,2025-06-30,2025-07-02,914.0,205.65,16.61,history,1136.26,1.0,1338.71,1118.71,220.0,0.0,1338.71,1118.71,220.0,-202.45
2025-07-31,SHP04786,CARD,CC-103,LTL,2025-06-30,2025-07-06,877.11,197.35,16.61,history,1091.07,1.0,1074.46,1074.46,0.0,0.0,1074.46,1074.46,0.0,16.61
2025-07-31,SHP04787,CARD,CC-104,LTL,2025-06-30,2025-07-02,428.84,96.49,16.61,history,541.94,1.0,529.19,529.19,0.0,3.86,525.33,525.33,0.0,16.61
2025-07-31,SHP04796,CARE,CC-105,LTL,2025-06-30,2025-07-03,355.08,79.89,18.47,history,453.44,1.0,529.97,434.97,95.0,0.0,529.97,434.97,95.0,-76.53
2025-07-31,SHP04807,CARB,CC-104,LTL,2025-07-01,2025-07-07,678.0,152.55,16.99,history,847.54,1.0,830.55,830.55,0.0,0.0,830.55,830.55,0.0,16.99
2025-07-31,SHP04808,CARD,CC-103,LTL,2025-07-01,2025-07-06,520.85,117.19,16.61,history,654.65,1.0,638.04,638.04,0.0,0.0,638.04,638.04,0.0,16.61
2025-07-31,SHP04812,CARD,CC-105,LTL,2025-07-01,2025-07-03,286.86,64.54,16.61,history,368.01,1.0,351.4,351.4,0.0,0.0,351.4,351.4,0.0,16.61
2025-07-31,SHP04818,CARH,CC-102,TL,2025-07-01,2025-07-03,1308.34,259.69,9.84,history,1577.87,1.0,1568.03,1568.03,0.0,0.0,1568.03,1568.03,0.0,9.84
2025-07-31,SHP04823,CARB,CC-101,LTL,2025-07-01,2025-07-06,2980.5,670.61,16.99,history,3668.1,1.0,3746.11,3651.11,95.0,0.0,3746.11,3651.11,95.0,-78.01
2025-07-31,SHP04824,CARB,CC-104,LTL,2025-07-01,2025-07-08,1023.86,230.37,16.99,history,1271.22,1.0,1254.23,1254.23,0.0,0.0,1254.23,1254.23,0.0,16.99
2025-07-31,SHP04825,CARD,CC-102,LTL,2025-07-01,2025-07-04,676.54,152.22,16.61,history,845.37,1.0,828.76,828.76,0.0,0.0,828.76,828.76,0.0,16.61
2025-07-31,SHP04829,CARH,CC-105,TL,2025-07-02,2025-07-04,598.23,119.89,9.84,history,727.96,1.0,718.12,718.12,0.0,0.0,718.12,718.12,0.0,9.84
2025-07-31,SHP04833,CARE,CC-103,LTL,2025-07-02,2025-07-05,810.84,182.44,18.47,history,1011.75,1.0,993.28,993.28,0.0,0.0,993.28,993.28,0.0,18.47
2025-07-31,SHP04834,CARD,CC-103,LTL,2025-07-02,2025-07-06,332.02,74.7,16.61,history,423.33,1.0,501.72,406.72,95.0,0.0,501.72,406.72,95.0,-78.39
2025-07-31,SHP04836,CARD,CC-104,LTL,2025-07-02,2025-07-03,143.9,32.38,16.61,history,192.89,1.0,176.28,176.28,0.0,0.0,176.28,176.28,0.0,16.61
2025-07-31,SHP04839,CARD,CC-102,LTL,2025-07-02,2025-07-04,149.79,33.7,16.61,history,200.1,1.0,183.49,183.49,0.0,0.0,183.49,183.49,0.0,16.61
2025-07-31,SHP04840,CARE,CC-105,LTL,2025-07-02,2025-07-03,645.14,145.16,18.47,history,808.77,1.0,885.3,790.3,95.0,0.0,885.3,790.3,95.0,-76.53
2025-07-31,SHP04844,CARG,CC-105,TL,2025-07-02,2025-07-05,1254.24,258.86,10.89,history,1523.99,1.0,1513.1,1513.1,0.0,0.0,1513.1,1513.1,0.0,10.89
2025-07-31,SHP04857,CARD,CC-102,LTL,2025-07-03,2025-07-06,330.81,74.43,16.61,history,421.85,1.0,530.24,405.24,125.0,0.0,530.24,405.24,125.0,-108.39
2025-07-31,SHP04858,CARB,CC-104,LTL,2025-07-03,2025-07-05,110.0,24.75,16.99,history,151.74,1.0,259.75,134.75,125.0,0.0,259.75,134.75,125.0,-108.01
2025-07-31,SHP04860,CARC,CC-104,LTL,2025-07-03,2025-07-09,501.17,112.76,17.28,history,631.21,1.0,613.93,613.93,0.0,0.0,613.93,613.93,0.0,17.28
2025-07-31,SHP04861,CARD,CC-104,LTL,2025-07-03,2025-07-10,1971.51,443.59,16.61,history,2431.71,1.0,2415.1,2415.1,0.0,0.0,2415.1,2415.1,0.0,16.61
2025-07-31,SHP04866,CARB,CC-105,LTL,2025-07-03,2025-07-08,1696.32,381.67,16.99,history,2094.98,1.0,2077.99,2077.99,0.0,0.0,2077.99,2077.99,0.0,16.99
2025-07-31,SHP04868,CARD,CC-103,LTL,2025-07-03,2025-07-06,126.24,28.4,16.61,history,171.25,1.0,168.9,168.9,0.0,14.33,154.57,154.57,0.0,16.68
2025-07-31,SHP04871,CARB,CC-104,LTL,2025-07-03,2025-07-05,139.71,31.43,16.99,history,188.13,1.0,266.14,171.14,95.0,0.0,266.14,171.14,95.0,-78.01
2025-07-31,SHP04879,CARD,CC-105,LTL,2025-07-03,2025-07-04,561.96,126.44,16.61,history,705.01,1.0,688.4,688.4,0.0,0.0,688.4,688.4,0.0,16.61
2025-07-31,SHP04883,CARB,CC-104,LTL,2025-07-03,2025-07-09,770.33,173.32,16.99,history,960.64,1.0,943.33,943.33,0.0,0.0,943.33,943.33,0.0,17.31
2025-07-31,SHP04890,CARE,CC-105,LTL,2025-07-04,2025-07-06,290.4,65.34,18.47,history,374.21,1.0,355.74,355.74,0.0,0.0,355.74,355.74,0.0,18.47
2025-07-31,SHP04913,CARH,CC-103,TL,2025-07-04,2025-07-06,1100.9,226.08,9.84,history,1336.82,1.0,1326.98,1326.98,0.0,0.0,1326.98,1326.98,0.0,9.84
2025-07-31,SHP04918,CARD,CC-103,LTL,2025-07-05,2025-07-09,752.76,169.37,16.61,history,938.74,1.0,920.53,920.53,0.0,0.0,920.53,920.53,0.0,18.21
2025-07-31,SHP04926,CARE,CC-104,LTL,2025-07-05,2025-07-08,204.7,46.06,18.47,history,269.23,1.0,250.91,250.91,0.0,0.0,250.91,250.91,0.0,18.32
2025-07-31,SHP04932,CARG,CC-103,TL,2025-07-05,2025-07-08,2272.56,462.12,10.89,history,2745.57,1.0,2734.68,2734.68,0.0,0.0,2734.68,2734.68,0.0,10.89
2025-07-31,SHP04934,CARB,CC-101,LTL,2025-07-05,2025-07-06,162.9,36.65,16.99,history,216.54,1.0,199.55,199.55,0.0,0.0,199.55,199.55,0.0,16.99
2025-07-31,SHP04935,CARD,CC-104,LTL,2025-07-05,2025-07-06,761.67,171.38,16.61,history,949.66,1.0,1058.05,933.05,125.0,0.0,1058.05,933.05,125.0,-108.39
2025-07-31,SHP04936,CARA,CC-103,LTL,2025-07-05,2025-07-10,790.07,177.77,17.35,history,985.19,1.0,1187.84,967.84,220.0,125.0,1062.84,967.84,95.0,-77.65
2025-07-31,SHP04938,CARD,CC-102,LTL,2025-07-05,2025-07-08,461.7,103.88,16.61,history,582.19,1.0,690.58,565.58,125.0,0.0,690.58,565.58,125.0,-108.39
2025-07-31,SHP04942,CARB,CC-104,LTL,2025-07-05,2025-07-07,487.56,109.7,16.99,history,614.25,1.0,597.26,597.26,0.0,0.0,597.26,597.26,0.0,16.99
2025-07-31,SHP04946,CARB,CC-102,LTL,2025-07-05,2025-07-06,198.79,44.73,16.99,history,260.51,1.0,243.52,243.52,0.0,0.0,243.52,243.52,0.0,16.99
2025-07-31,SHP04953,CARD,CC-104,LTL,2025-07-05,2025-07-11,374.65,84.3,16.61,history,475.56,1.0,460.81,460.81,0.0,0.0,460.81,460.81,0.0,14.75
2025-07-31,SHP04954,CARA,CC-103,LTL,2025-07-05,2025-07-11,1088.38,244.89,17.35,history,1350.62,1.0,1333.39,1333.39,0.0,0.0,1333.39,1333.39,0.0,17.23
2025-07-31,SHP04955,CARH,CC-102,TL,2025-07-05,2025-07-07,1308.34,259.69,9.84,history,1577.87,1.0,1568.03,1568.03,0.0,0.0,1568.03,1568.03,0.0,9.84
2025-07-31,SHP04964,CARD,CC-103,LTL,2025-07-06,2025-07-08,625.6,140.76,16.61,history,782.97,1.0,766.36,766.36,0.0,0.0,766.36,766.36,0.0,16.61
2025-07-31,SHP04969,CARB,CC-102,LTL,2025-07-06,2025-07-07,365.6,82.26,16.99,history,464.85,1.0,447.86,447.86,0.0,0.0,447.86,447.86,0.0,16.99
2025-07-31,SHP04971,CARE,CC-101,LTL,2025-07-06,2025-07-09,675.23,151.93,18.47,history,845.63,1.0,827.16,827.16,0.0,0.0,827.16,827.16,0.0,18.47
2025-07-31,SHP04977,CARE,CC-102,LTL,2025-07-06,2025-07-09,110.0,24.75,18.47,history,153.22,1.0,135.74,135.74,0.0,0.0,135.74,135.74,0.0,17.48
2025-07-31,SHP04980,CARD,CC-104,LTL,2025-07-06,2025-07-09,277.1,62.35,16.61,history,356.06,1.0,512.94,417.94,95.0,78.76,434.18,339.18,95.0,-78.12
2025-07-31,SHP04982,CARH,CC-102,TL,2025-07-06,2025-07-07,555.12,106.61,9.84,history,671.57,1.0,661.73,661.73,0.0,0.0,661.73,661.73,0.0,9.84
2025-07-31,SHP04983,CARD,CC-101,LTL,2025-07-06,2025-07-09,335.3,75.44,16.61,history,427.35,1.0,410.74,410.74,0.0,0.0,410.74,410.74,0.0,16.61
2025-07-31,SHP04984,CARB,CC-101,LTL,2025-07-06,2025-07-12,330.84,74.44,16.99,history,422.27,1.0,405.28,405.28,0.0,0.0,405.28,405.28,0.0,16.99
2025-07-31,SHP04988,CARE,CC-105,LTL,2025-07-06,2025-07-07,157.66,35.47,18.47,history,211.6,1.0,193.13,193.13,0.0,0.0,193.13,193.13,0.0,18.47
2025-07-31,SHP04997,CARA,CC-102,LTL,2025-07-07,2025-07-09,369.0,83.03,17.35,history,469.38,1.0,464.28,464.28,0.0,12.25,452.03,452.03,0.0,17.35
2025-07-31,SHP04998,CARD,CC-103,LTL,2025-07-07,2025-07-11,1291.29,290.54,16.61,history,1598.44,1.0,1744.99,1744.99,0.0,163.16,1581.83,1581.83,0.0,16.61
2025-07-31,SHP04999,CARA,CC-103,LTL,2025-07-07,2025-07-10,520.11,117.02,17.35,history,654.48,1.0,723.12,723.12,0.0,85.98,637.14,637.14,0.0,17.34
2025-07-31,SHP05001,CARD,CC-105,LTL,2025-07-07,2025-07-09,381.2,85.77,16.61,history,483.58,1.0,466.97,466.97,0.0,0.0,466.97,466.97,0.0,16.61
2025-07-31,SHP05009,CARB,CC-104,LTL,2025-07-07,2025-07-08,228.8,51.48,16.99,history,297.27,1.0,280.28,280.28,0.0,0.0,280.28,280.28,0.0,16.99
2025-07-31,SHP05018,CARB,CC-102,LTL,2025-07-08,2025-07-11,245.77,55.3,16.99,history,318.06,1.0,396.07,301.07,95.0,95.0,301.07,301.07,0.0,16.99
2025-07-31,SHP05027,CARB,CC-103,LTL,2025-07-08,2025-07-12,648.5,145.91,16.99,history,811.4,1.0,794.41,794.41,0.0,0.0,794.41,794.41,0.0,16.99
2025-07-31,SHP05029,CARB,CC-101,LTL,2025-07-08,2025-07-13,1259.44,283.37,16.99,history,1559.8,1.0,1542.81,1542.81,0.0,0.0,1542.81,1542.81,0.0,16.99
2025-07-31,SHP05031,CARE,CC-101,LTL,2025-07-08,2025-07-09,300.13,67.53,18.47,history,386.13,1.0,367.66,367.66,0.0,0.0,367.66,367.66,0.0,18.47
2025-07-31,SHP05033,CARD,CC-103,LTL,2025-07-08,2025-07-10,936.21,210.65,16.61,history,1163.47,1.0,1370.5,1370.5,0.0,0.0,1370.5,1370.5,0.0,-207.03
2025-07-31,SHP05037,CARD,CC-104,LTL,2025-07-08,2025-07-14,1174.15,264.18,16.61,history,1454.94,1.0,1435.17,1435.17,0.0,0.0,1435.17,1435.17,0.0,19.77
2025-07-31,SHP05041,CARD,CC-101,LTL,2025-07-08,2025-07-11,885.96,199.34,16.61,history,1101.91,1.0,1085.24,1085.24,0.0,0.0,1085.24,1085.24,0.0,16.67
2025-07-31,SHP05042,CARE,CC-104,LTL,2025-07-08,2025-07-11,135.64,30.52,18.47,history,184.63,1.0,166.16,166.16,0.0,0.0,166.16,166.16,0.0,18.47
2025-07-31,SHP05047,CARF,CC-103,TL,2025-07-08,2025-07-13,4876.3,834.55,22.17,history,5733.02,1.0,5935.85,5710.85,225.0,0.0,5935.85,5710.85,225.0,-202.83
2025-07-31,SHP05050,CARH,CC-102,TL,2025-07-08,2025-07-11,2414.45,465.11,9.84,history,2889.4,1.0,2879.56,2879.56,0.0,0.0,2879.56,2879.56,0.0,9.84
2025-07-31,SHP05052,CARD,CC-103,LTL,2025-07-09,2025-07-13,725.23,163.18,16.61,history,905.02,1.0,888.41,888.41,0.0,0.0,888.41,888.41,0.0,16.61
2025-07-31,SHP05055,CARE,CC-105,LTL,2025-07-09,2025-07-12,566.31,127.42,18.47,history,712.2,1.0,693.73,693.73,0.0,0.0,693.73,693.73,0.0,18.47
2025-07-31,SHP05057,CARD,CC-102,LTL,2025-07-09,2025-07-12,296.35,66.68,16.61,history,379.64,1.0,363.03,363.03,0.0,0.0,363.03,363.03,0.0,16.61
2025-07-31,SHP05061,CARD,CC-105,LTL,2025-07-09,2025-07-12,158.74,35.72,16.61,history,211.07,1.0,194.46,194.46,0.0,0.0,194.46,194.46,0.0,16.61
2025-07-31,SHP05068,CARF,CC-104,TL,2025-07-09,2025-07-13,4710.56,826.68,22.17,history,5559.41,1.0,5537.24,5537.24,0.0,0.0,5537.24,5537.24,0.0,22.17
2025-07-31,SHP05072,CARE,CC-101,LTL,2025-07-09,2025-07-12,939.23,211.33,18.47,history,1169.03,1.0,1150.56,1150.56,0.0,0.0,1150.56,1150.56,0.0,18.47
2025-07-31,SHP05075,CARB,CC-104,LTL,2025-07-09,2025-07-12,321.74,72.39,16.99,history,411.12,1.0,394.13,394.13,0.0,0.0,394.13,394.13,0.0,16.99
2025-07-31,SHP05079,CARB,CC-102,LTL,2025-07-10,2025-07-13,445.21,100.17,16.99,history,562.37,1.0,545.38,545.38,0.0,0.0,545.38,545.38,0.0,16.99
2025-07-31,SHP05080,CARA,CC-103,LTL,2025-07-10,2025-07-12,577.26,129.88,17.35,history,724.49,1.0,707.14,707.14,0.0,0.0,707.14,707.14,0.0,17.35
2025-07-31,SHP05084,CARD,CC-102,LTL,2025-07-10,2025-07-11,196.83,44.29,16.61,history,257.73,1.0,241.12,241.12,0.0,0.0,241.12,241.12,0.0,16.61
2025-07-31,SHP05086,CARH,CC-102,TL,2025-07-10,2025-07-11,555.12,106.44,9.84,history,671.4,1.0,661.56,661.56,0.0,0.0,661.56,661.56,0.0,9.84
2025-07-31,SHP05090,CARD,CC-104,LTL,2025-07-10,2025-07-12,205.89,46.33,16.61,history,268.83,1.0,252.22,252.22,0.0,0.0,252.22,252.22,0.0,16.61
2025-07-31,SHP05092,CARD,CC-102,LTL,2025-07-10,2025-07-13,288.33,64.87,16.61,history,369.81,1.0,353.2,353.2,0.0,0.0,353.2,353.2,0.0,16.61
2025-07-31,SHP05093,CARE,CC-102,LTL,2025-07-10,2025-07-12,290.38,65.34,18.47,history,374.19,1.0,356.74,356.74,0.0,0.0,356.74,356.74,0.0,17.45
2025-07-31,SHP05097,CARB,CC-102,LTL,2025-07-10,2025-07-13,758.8,170.73,16.99,history,946.52,1.0,929.53,929.53,0.0,0.0,929.53,929.53,0.0,16.99
2025-07-31,SHP05103,CARE,CC-102,LTL,2025-07-10,2025-07-15,904.01,203.4,18.47,history,1125.88,1.0,1107.41,1107.41,0.0,0.0,1107.41,1107.41,0.0,18.47
2025-07-31,SHP05105,CARD,CC-101,LTL,2025-07-10,2025-07-13,997.54,224.45,16.61,history,1238.6,1.0,1221.99,1221.99,0.0,0.0,1221.99,1221.99,0.0,16.61
2025-07-31,SHP05110,CARD,CC-104,LTL,2025-07-11,2025-07-18,658.45,148.15,16.61,history,823.21,1.0,806.6,806.6,0.0,0.0,806.6,806.6,0.0,16.61
2025-07-31,SHP05114,CARD,CC-103,LTL,2025-07-11,2025-07-16,924.64,208.04,16.61,history,1149.29,1.0,1132.68,1132.68,0.0,0.0,1132.68,1132.68,0.0,16.61
2025-07-31,SHP05115,CARA,CC-104,LTL,2025-07-11,2025-07-13,432.59,97.33,17.35,history,547.27,1.0,529.92,529.92,0.0,0.0,529.92,529.92,0.0,17.35
2025-07-31,SHP05116,CARG,CC-102,TL,2025-07-11,2025-07-12,825.6,159.04,10.89,history,995.53,1.0,984.64,984.64,0.0,0.0,984.64,984.64,0.0,10.89
2025-07-31,SHP05117,CARA,CC-102,LTL,2025-07-11,2025-07-16,2367.47,532.68,17.35,history,2917.5,1.0,3121.88,2901.88,220.0,125.0,2996.88,2901.88,95.0,-79.38
2025-07-31,SHP05120,CARG,CC-102,TL,2025-07-11,2025-07-14,1620.42,296.96,10.89,history,1928.27,1.0,1917.38,1917.38,0.0,0.0,1917.38,1917.38,0.0,10.89
2025-07-31,SHP05124,CARD,CC-103,LTL,2025-07-11,2025-07-17,722.5,162.56,16.61,history,901.67,1.0,885.06,885.06,0.0,0.0,885.06,885.06,0.0,16.61
2025-07-31,SHP05127,CARD,CC-103,LTL,2025-07-11,2025-07-15,353.12,79.45,16.61,history,449.18,1.0,432.66,432.66,0.0,0.0,432.66,432.66,0.0,16.52
2025-07-31,SHP05128,CARD,CC-104,LTL,2025-07-11,2025-07-13,233.05,52.44,16.61,history,302.1,1.0,285.49,285.49,0.0,0.0,285.49,285.49,0.0,16.61
2025-07-31,SHP05129,CARA,CC-104,LTL,2025-07-11,2025-07-16,1338.4,301.14,17.35,history,1656.89,1.0,1639.54,1639.54,0.0,0.0,1639.54,1639.54,0.0,17.35
2025-07-31,SHP05130,CARA,CC-103,LTL,2025-07-11,2025-07-17,1592.79,358.38,17.35,history,1968.52,1.0,1951.17,1951.17,0.0,0.0,1951.17,1951.17,0.0,17.35
2025-07-31,SHP05131,CARG,CC-101,TL,2025-07-11,2025-07-15,3031.08,624.56,10.89,history,3666.53,1.0,3655.64,3655.64,0.0,0.0,3655.64,3655.64,0.0,10.89
2025-07-31,SHP05132,CARB,CC-104,LTL,2025-07-11,2025-07-15,983.01,221.18,16.99,history,1221.18,1.0,1204.19,1204.19,0.0,0.0,1204.19,1204.19,0.0,16.99
2025-07-31,SHP05133,CARB,CC-104,LTL,2025-07-11,2025-07-15,1276.32,287.17,16.99,history,1580.48,1.0,1563.49,1563.49,0.0,0.0,1563.49,1563.49,0.0,16.99
2025-07-31,SHP05136,CARE,CC-104,LTL,2025-07-11,2025-07-14,695.58,156.51,18.47,history,870.56,1.0,849.79,849.79,0.0,0.0,849.79,849.79,0.0,20.77
2025-07-31,SHP05142,CARF,CC-104,TL,2025-07-12,2025-07-17,4072.32,752.95,22.17,history,4847.44,1.0,4825.27,4825.27,0.0,0.0,4825.27,4825.27,0.0,22.17
2025-07-31,SHP05150,CARE,CC-104,LTL,2025-07-12,2025-07-13,167.53,37.69,18.47,history,223.69,1.0,217.05,217.05,0.0,11.82,205.23,205.23,0.0,18.46
2025-07-31,SHP05152,CARC,CC-101,LTL,2025-07-13,2025-07-18,1415.8,318.56,17.28,history,1751.64,1.0,1734.36,1734.36,0.0,0.0,1734.36,1734.36,0.0,17.28
2025-07-31,SHP05154,CARC,CC-102,LTL,2025-07-13,2025-07-15,570.2,128.3,17.28,history,715.78,1.0,698.5,698.5,0.0,0.0,698.5,698.5,0.0,17.28
2025-07-31,SHP05156,CARB,CC-101,LTL,2025-07-13,2025-07-17,651.48,146.58,16.99,history,815.05,1.0,798.06,798.06,0.0,0.0,798.06,798.06,0.0,16.99
2025-07-31,SHP05158,CARC,CC-101,LTL,2025-07-13,2025-07-15,113.48,25.53,17.28,history,156.29,1.0,139.01,139.01,0.0,0.0,139.01,139.01,0.0,17.28
2025-07-31,SHP05159,CARB,CC-104,LTL,2025-07-13,2025-07-19,874.61,196.79,16.99,history,1088.39,2.0,1196.4,1071.4,125.0,0.0,1196.4,1071.4,125.0,-108.01
2025-07-31,SHP05161,CARH,CC-103,TL,2025-07-13,2025-07-16,3114.0,644.86,9.84,history,3768.7,1.0,3758.86,3758.86,0.0,0.0,3758.86,3758.86,0.0,9.84
2025-07-31,SHP05162,CARA,CC-101,LTL,2025-07-13,2025-07-17,1584.1,356.42,17.35,history,1957.87,1.0,2035.52,1940.52,95.0,0.0,2035.52,1940.52,95.0,-77.65
2025-07-31,SHP05163,CARB,CC-101,LTL,2025-07-13,2025-07-18,344.25,77.46,16.99,history,438.7,1.0,421.71,421.71,0.0,0.0,421.71,421.71,0.0,16.99
2025-07-31,SHP05164,CARE,CC-105,LTL,2025-07-13,2025-07-18,343.72,77.34,18.47,history,439.53,1.0,421.06,421.06,0.0,0.0,421.06,421.06,0.0,18.47
2025-07-31,SHP05167,CARD,CC-102,LTL,2025-07-13,2025-07-17,2493.75,561.09,16.61,history,3071.45,1.0,3054.84,3054.84,0.0,0.0,3054.84,3054.84,0.0,16.61
2025-07-31,SHP05168,CARD,CC-103,LTL,2025-07-13,2025-07-16,348.78,78.48,16.61,history,443.87,1.0,427.26,427.26,0.0,0.0,427.26,427.26,0.0,16.61
2025-07-31,SHP05169,CARB,CC-102,LTL,2025-07-13,2025-07-15,704.6,158.53,16.99,history,880.12,1.0,863.13,863.13,0.0,0.0,863.13,863.13,0.0,16.99
2025-07-31,SHP05171,CARD,CC-104,LTL,2025-07-13,2025-07-15,110.0,24.75,16.61,history,151.36,1.0,229.75,134.75,95.0,0.0,229.75,134.75,95.0,-78.39
2025-07-31,SHP05172,CARB,CC-101,LTL,2025-07-14,2025-07-18,424.53,95.52,16.99,history,537.04,1.0,520.05,520.05,0.0,0.0,520.05,520.05,0.0,16.99
2025-07-31,SHP05176,CARD,CC-102,LTL,2025-07-14,2025-07-17,732.26,164.76,16.61,history,913.63,1.0,899.66,899.66,0.0,0.0,899.66,899.66,0.0,13.97
2025-07-31,SHP05177,CARA,CC-101,LTL,2025-07-14,2025-07-19,613.42,138.02,17.35,history,768.79,1.0,751.44,751.44,0.0,0.0,751.44,751.44,0.0,17.35
2025-07-31,SHP05178,CARB,CC-105,LTL,2025-07-14,2025-07-19,642.21,144.5,16.99,history,803.7,1.0,1144.05,1144.05,0.0,357.35,786.7,786.7,0.0,17.0
2025-07-31,SHP05179,CARB,CC-101,LTL,2025-07-14,2025-07-16,130.84,29.44,16.99,history,177.27,1.0,160.28,160.28,0.0,0.0,160.28,160.28,0.0,16.99
2025-07-31,SHP05180,CARH,CC-101,TL,2025-07-14,2025-07-19,3849.82,727.58,9.84,history,4587.24,1.0,4656.39,4656.39,0.0,78.99,4577.4,4577.4,0.0,9.84
2025-07-31,SHP05183,CARD,CC-105,LTL,2025-07-14,2025-07-17,808.44,181.9,16.61,history,1006.95,1.0,990.34,990.34,0.0,0.0,990.34,990.34,0.0,16.61
2025-07-31,SHP05185,CARD,CC-102,LTL,2025-07-14,2025-07-16,276.0,62.1,16.61,history,354.71,1.0,338.1,338.1,0.0,0.0,338.1,338.1,0.0,16.61
2025-07-31,SHP05186,CARE,CC-105,LTL,2025-07-14,2025-07-16,110.0,24.75,18.47,history,153.22,1.0,143.79,143.79,0.0,9.04,134.75,134.75,0.0,18.47
2025-07-31,SHP05187,CARE,CC-105,LTL,2025-07-15,2025-07-17,641.81,144.41,18.47,history,804.69,1.0,786.22,786.22,0.0,0.0,786.22,786.22,0.0,18.47
2025-07-31,SHP05188,CARA,CC-102,LTL,2025-07-15,2025-07-19,611.26,137.53,17.35,history,766.14,1.0,748.75,748.75,0.0,0.0,748.75,748.75,0.0,17.39
2025-07-31,SHP05191,CARE,CC-104,LTL,2025-07-15,2025-07-17,184.17,41.44,18.47,history,244.08,2.0,451.22,451.22,0.0,225.61,225.61,225.61,0.0,18.47
2025-07-31,SHP05194,CARH,CC-105,TL,2025-07-15,2025-07-16,598.23,120.71,9.84,history,728.78,2.0,1437.88,1437.88,0.0,718.94,718.94,718.94,0.0,9.84
2025-07-31,SHP05196,CARE,CC-104,LTL,2025-07-15,2025-07-17,537.92,121.03,18.47,history,677.42,1.0,657.33,657.33,0.0,0.0,657.33,657.33,0.0,20.09
2025-07-31,SHP05197,CARC,CC-101,LTL,2025-07-15,2025-07-19,813.79,183.1,17.28,history,1014.17,1.0,1091.89,996.89,95.0,0.0,1091.89,996.89,95.0,-77.72
2025-07-31,SHP05201,CARE,CC-104,LTL,2025-07-15,2025-07-18,782.0,175.95,18.47,history,976.42,1.0,1052.95,957.95,95.0,0.0,1052.95,957.95,95.0,-76.53
2025-07-31,SHP05202,CARB,CC-101,LTL,2025-07-15,2025-07-17,179.4,40.37,16.99,history,236.76,1.0,219.77,219.77,0.0,0.0,219.77,219.77,0.0,16.99
2025-07-31,SHP05203,CARG,CC-102,TL,2025-07-15,2025-07-18,1782.92,351.26,10.89,history,2145.07,1.0,2134.18,2134.18,0.0,0.0,2134.18,2134.18,0.0,10.89
2025-07-31,SHP05204,CARD,CC-102,LTL,2025-07-15,2025-07-17,202.15,45.48,16.61,history,264.24,1.0,247.63,247.63,0.0,0.0,247.63,247.63,0.0,16.61
2025-07-31,SHP05205,CARC,CC-102,LTL,2025-07-15,2025-07-17,212.13,47.73,17.28,history,277.14,1.0,259.86,259.86,0.0,0.0,259.86,259.86,0.0,17.28
2025-07-31,SHP05207,CARG,CC-101,TL,2025-07-15,2025-07-19,3031.08,629.84,10.89,history,3671.81,1.0,3660.92,3660.92,0.0,0.0,3660.92,3660.92,0.0,10.89
2025-07-31,SHP05214,CARC,CC-101,LTL,2025-07-15,2025-07-18,132.72,29.86,17.28,history,179.86,1.0,179.0,179.0,0.0,16.42,162.58,162.58,0.0,17.28
2025-07-31,SHP05215,CARE,CC-101,LTL,2025-07-15,2025-07-20,503.42,113.27,18.47,history,635.16,1.0,741.69,616.69,125.0,0.0,741.69,616.69,125.0,-106.53
2025-07-31,SHP05216,CARC,CC-104,LTL,2025-07-16,2025-07-23,1211.62,272.61,17.28,history,1501.51,1.0,1505.16,1505.16,0.0,0.0,1505.16,1505.16,0.0,-3.65
2025-07-31,SHP05221,CARF,CC-103,TL,2025-07-16,2025-07-20,2925.24,535.87,22.17,history,3483.28,1.0,3461.11,3461.11,0.0,0.0,3461.11,3461.11,0.0,22.17
2025-07-31,SHP05222,CARF,CC-103,TL,2025-07-16,2025-07-20,4876.3,841.6,22.17,history,5740.07,1.0,5717.9,5717.9,0.0,0.0,5717.9,5717.9,0.0,22.17
2025-07-31,SHP05224,CARC,CC-102,LTL,2025-07-16,2025-07-19,230.46,51.85,17.28,history,299.59,1.0,282.31,282.31,0.0,0.0,282.31,282.31,0.0,17.28
2025-07-31,SHP05226,CARD,CC-104,LTL,2025-07-16,2025-07-18,214.42,48.24,16.61,history,279.27,1.0,387.66,262.66,125.0,0.0,387.66,262.66,125.0,-108.39
2025-07-31,SHP05227,CARD,CC-105,LTL,2025-07-16,2025-07-19,508.51,114.41,16.61,history,639.53,1.0,622.92,622.92,0.0,0.0,622.92,622.92,0.0,16.61
2025-07-31,SHP05229,CARB,CC-104,LTL,2025-07-16,2025-07-18,110.01,24.75,16.99,history,151.75,1.0,134.76,134.76,0.0,0.0,134.76,134.76,0.0,16.99
2025-07-31,SHP05230,CARD,CC-103,LTL,2025-07-16,2025-07-18,222.55,50.07,16.61,history,289.23,1.0,367.62,272.62,95.0,0.0,367.62,272.62,95.0,-78.39
2025-07-31,SHP05233,CARF,CC-102,TL,2025-07-16,2025-07-19,2408.9,455.26,22.17,history,2886.33,1.0,2864.16,2864.16,0.0,0.0,2864.16,2864.16,0.0,22.17
2025-07-31,SHP05235,CARG,CC-102,TL,2025-07-17,2025-07-18,825.6,160.38,10.89,history,996.87,1.0,985.98,985.98,0.0,0.0,985.98,985.98,0.0,10.89
2025-07-31,SHP05236,CARC,CC-101,LTL,2025-07-17,2025-07-20,544.4,122.49,17.28,history,684.17,1.0,666.89,666.89,0.0,0.0,666.89,666.89,0.0,17.28
2025-07-31,SHP05239,CARF,CC-104,TL,2025-07-17,2025-07-21,4072.32,759.32,22.17,history,4853.81,1.0,4831.64,4831.64,0.0,0.0,4831.64,4831.64,0.0,22.17
2025-07-31,SHP05240,CARD,CC-102,LTL,2025-07-17,2025-07-21,249.94,56.24,16.61,history,322.79,1.0,401.25,306.25,95.0,95.0,306.25,306.25,0.0,16.54
2025-07-31,SHP05241,CARH,CC-102,TL,2025-07-17,2025-07-21,2414.45,469.04,9.84,history,2893.33,1.0,2883.49,2883.49,0.0,0.0,2883.49,2883.49,0.0,9.84
2025-07-31,SHP05243,CARB,CC-102,LTL,2025-07-17,2025-07-19,741.44,166.82,16.99,history,925.25,1.0,908.26,908.26,0.0,0.0,908.26,908.26,0.0,16.99
2025-07-31,SHP05244,CARD,CC-103,LTL,2025-07-17,2025-07-21,670.79,150.93,16.61,history,838.33,1.0,822.64,822.64,0.0,0.0,822.64,822.64,0.0,15.69
2025-07-31,SHP05246,CARH,CC-103,TL,2025-07-17,2025-07-20,3114.0,650.31,9.84,history,3774.15,1.0,3764.31,3764.31,0.0,0.0,3764.31,3764.31,0.0,9.84
2025-07-31,SHP05247,CARB,CC-101,LTL,2025-07-17,2025-07-22,1581.42,355.82,16.99,history,1954.23,1.0,2324.06,2324.06,0.0,0.0,2324.06,2324.06,0.0,-369.83
2025-07-31,SHP05248,CARE,CC-105,LTL,2025-07-17,2025-07-20,357.82,80.51,18.47,history,456.8,1.0,533.33,438.33,95.0,0.0,533.33,438.33,95.0,-76.53
2025-07-31,SHP05249,CARB,CC-102,LTL,2025-07-17,2025-07-21,1089.8,245.2,16.99,history,1351.99,1.0,1497.67,1497.67,0.0,162.67,1335.0,1335.0,0.0,16.99
2025-07-31,SHP05251,CARE,CC-105,LTL,2025-07-17,2025-07-19,139.34,31.35,18.47,history,189.16,1.0,170.69,170.69,0.0,0.0,170.69,170.69,0.0,18.47
2025-07-31,SHP05252,CARE,CC-105,LTL,2025-07-17,2025-07-19,597.79,134.5,18.47,history,750.76,1.0,732.29,732.29,0.0,0.0,732.29,732.29,0.0,18.47
2025-07-31,SHP05256,CARB,CC-104,LTL,2025-07-18,2025-07-19,367.22,82.62,16.99,history,466.83,1.0,449.84,449.84,0.0,0.0,449.84,449.84,0.0,16.99
2025-07-31,SHP05257,CARG,CC-101,TL,2025-07-18,2025-07-19,621.96,118.62,10.89,history,751.47,2.0,1481.16,1481.16,0.0,740.58,740.58,740.58,0.0,10.89
2025-07-31,SHP05258,CARB,CC-101,LTL,2025-07-18,2025-07-19,338.2,76.09,16.99,history,431.28,1.0,414.29,414.29,0.0,0.0,414.29,414.29,0.0,16.99
2025-07-31,SHP05259,CARB,CC-101,LTL,2025-07-18,2025-07-20,317.04,71.33,16.99,history,405.36,1.0,388.37,388.37,0.0,0.0,388.37,388.37,0.0,16.99
2025-07-31,SHP05260,CARH,CC-105,TL,2025-07-18,2025-07-19,598.23,120.71,9.84,history,728.78,1.0,718.94,718.94,0.0,0.0,718.94,718.94,0.0,9.84
2025-07-31,SHP05262,CARA,CC-101,LTL,2025-07-18,2025-07-20,115.97,26.09,17.35,history,159.41,1.0,142.15,142.15,0.0,0.0,142.15,142.15,0.0,17.26
2025-07-31,SHP05264,CARB,CC-102,LTL,2025-07-18,2025-07-20,835.49,187.99,16.99,history,1040.47,1.0,1023.48,1023.48,0.0,0.0,1023.48,1023.48,0.0,16.99
2025-07-31,SHP05265,CARA,CC-104,LTL,2025-07-18,2025-07-24,1179.36,265.36,17.35,history,1462.07,1.0,1444.72,1444.72,0.0,0.0,1444.72,1444.72,0.0,17.35
2025-07-31,SHP05266,CARD,CC-102,LTL,2025-07-18,2025-07-21,950.18,213.79,16.61,history,1180.58,1.0,1258.97,1163.97,95.0,0.0,1258.97,1163.97,95.0,-78.39
2025-07-31,SHP05268,CARB,CC-101,LTL,2025-07-18,2025-07-20,180.84,40.69,16.99,history,238.52,1.0,221.53,221.53,0.0,0.0,221.53,221.53,0.0,16.99
2025-07-31,SHP05270,CARB,CC-101,LTL,2025-07-18,2025-07-22,392.82,88.38,16.99,history,498.19,1.0,481.16,481.16,0.0,0.0,481.16,481.16,0.0,17.03
2025-07-31,SHP05271,CARB,CC-104,LTL,2025-07-18,2025-07-21,167.39,37.66,16.99,history,222.04,1.0,205.05,205.05,0.0,0.0,205.05,205.05,0.0,16.99
2025-07-31,SHP05274,CARE,CC-105,LTL,2025-07-18,2025-07-19,110.0,24.75,18.47,history,153.22,1.0,134.75,134.75,0.0,0.0,134.75,134.75,0.0,18.47
2025-07-31,SHP05275,CARD,CC-105,LTL,2025-07-18,2025-07-20,499.49,112.39,16.61,history,628.49,1.0,611.88,611.88,0.0,0.0,611.88,611.88,0.0,16.61
2025-07-31,SHP05276,CARG,CC-101,TL,2025-07-18,2025-07-20,450.0,82.7,10.89,history,543.59,1.0,532.65,532.65,0.0,0.0,532.65,532.65,0.0,10.94
2025-07-31,SHP05277,CARB,CC-101,LTL,2025-07-18,2025-07-24,827.9,186.28,16.99,history,1031.17,1.0,1109.18,1014.18,95.0,0.0,1109.18,1014.18,95.0,-78.01
2025-07-31,SHP05278,CARB,CC-104,LTL,2025-07-18,2025-07-24,2309.55,519.65,16.99,history,2846.19,1.0,2829.2,2829.2,0.0,0.0,2829.2,2829.2,0.0,16.99
2025-07-31,SHP05280,CARF,CC-104,TL,2025-07-18,2025-07-22,2815.48,498.28,22.17,history,3335.93,1.0,3303.84,3303.84,0.0,0.0,3303.84,3303.84,0.0,32.09
2025-07-31,SHP05281,CARC,CC-103,LTL,2025-07-18,2025-07-22,258.2,58.09,17.28,history,333.57,1.0,316.29,316.29,0.0,0.0,316.29,316.29,0.0,17.28
2025-07-31,SHP05283,CARD,CC-101,LTL,2025-07-19,2025-07-21,683.63,153.82,16.61,history,854.06,1.0,837.45,837.45,0.0,0.0,837.45,837.45,0.0,16.61
2025-07-31,SHP05284,CARF,CC-101,TL,2025-07-19,2025-07-21,784.89,134.91,22.17,history,941.97,1.0,1222.57,922.57,300.0,0.0,1222.57,922.57,300.0,-280.6
2025-07-31,SHP05285,CARD,CC-103,LTL,2025-07-19,2025-07-24,408.62,91.94,16.61,history,517.17,1.0,500.56,500.56,0.0,0.0,500.56,500.56,0.0,16.61
2025-07-31,SHP05287,CARH,CC-104,TL,2025-07-19,2025-07-21,1536.12,314.5,9.84,history,1860.46,1.0,1850.62,1850.62,0.0,0.0,1850.62,1850.62,0.0,9.84
2025-07-31,SHP05288,CARC,CC-102,LTL,2025-07-19,2025-07-21,288.4,64.89,17.28,history,370.57,1.0,375.9,375.9,0.0,22.61,353.29,353.29,0.0,17.28
2025-07-31,SHP05289,CARB,CC-105,LTL,2025-07-19,2025-07-24,1747.88,393.27,16.99,history,2158.14,1.0,2141.15,2141.15,0.0,0.0,2141.15,2141.15,0.0,16.99
2025-07-31,SHP05290,CARD,CC-104,LTL,2025-07-19,2025-07-21,110.0,24.75,16.61,history,151.36,1.0,259.75,134.75,125.0,0.0,259.75,134.75,125.0,-108.39
2025-07-31,SHP05291,CARB,CC-101,LTL,2025-07-19,2025-07-20,353.6,79.56,16.99,history,450.15,1.0,433.16,433.16,0.0,0.0,433.16,433.16,0.0,16.99
2025-07-31,SHP05292,CARB,CC-105,LTL,2025-07-19,2025-07-22,431.23,97.03,16.99,history,545.25,1.0,528.26,528.26,0.0,0.0,528.26,528.26,0.0,16.99
2025-07-31,SHP05293,CARB,CC-103,LTL,2025-07-19,2025-07-23,1015.47,228.48,16.99,history,1260.94,1.0,1554.28,1554.28,0.0,310.33,1243.95,1243.95,0.0,16.99
2025-07-31,SHP05294,CARB,CC-102,LTL,2025-07-19,2025-07-21,1031.0,231.97,16.99,history,1279.96,1.0,1262.97,1262.97,0.0,0.0,1262.97,1262.97,0.0,16.99
2025-07-31,SHP05295,CARE,CC-102,LTL,2025-07-19,2025-07-22,253.37,57.01,18.47,history,328.85,1.0,310.38,310.38,0.0,0.0,310.38,310.38,0.0,18.47
2025-07-31,SHP05296,CARD,CC-105,LTL,2025-07-19,2025-07-22,227.22,51.12,16.61,history,294.95,1.0,278.34,278.34,0.0,0.0,278.34,278.34,0.0,16.61
2025-07-31,SHP05297,CARD,CC-104,LTL,2025-07-19,2025-07-25,1344.52,302.52,16.61,history,1663.65,2.0,3294.08,3294.08,0.0,1647.04,1647.04,1647.04,0.0,16.61
2025-07-31,SHP05299,CARB,CC-102,LTL,2025-07-19,2025-07-21,636.0,143.1,16.99,history,796.09,1.0,778.18,778.18,0.0,0.0,778.18,778.18,0.0,17.91
2025-07-31,SHP05300,CARH,CC-105,TL,2025-07-19,2025-07-24,4695.6,933.9,9.84,history,5639.34,1.0,5639.33,5639.33,0.0,0.0,5639.33,5639.33,0.0,0.01
2025-07-31,SHP05303,CARD,CC-103,LTL,2025-07-19,2025-07-22,764.01,171.9,16.61,history,952.52,1.0,935.91,935.91,0.0,0.0,935.91,935.91,0.0,16.61
2025-07-31,SHP05306,CARA,CC-105,LTL,2025-07-19,2025-07-24,4830.0,1086.75,17.35,history,5934.1,1.0,6297.57,6297.57,0.0,380.82,5916.75,5916.75,0.0,17.35
2025-07-31,SHP05307,CARD,CC-103,LTL,2025-07-19,2025-07-22,195.2,43.92,16.61,history,255.73,1.0,239.12,239.12,0.0,0.0,239.12,239.12,0.0,16.61
2025-07-31,SHP05308,CARC,CC-101,LTL,2025-07-19,2025-07-24,2115.5,475.99,17.28,history,2608.77,1.0,2686.49,2591.49,95.0,0.0,2686.49,2591.49,95.0,-77.72
2025-07-31,SHP05311,CARH,CC-102,TL,2025-07-20,2025-07-23,1308.34,261.46,9.84,history,1579.64,1.0,1569.8,1569.8,0.0,0.0,1569.8,1569.8,0.0,9.84
2025-07-31,SHP05312,CARD,CC-105,LTL,2025-07-20,2025-07-23,833.05,187.44,16.61,history,1037.1,1.0,1021.09,1021.09,0.0,0.0,1021.09,1021.09,0.0,16.01
2025-07-31,SHP05313,CARC,CC-101,LTL,2025-07-20,2025-07-24,318.74,71.72,17.28,history,407.74,1.0,390.46,390.46,0.0,0.0,390.46,390.46,0.0,17.28
2025-07-31,SHP05314,CARD,CC-104,LTL,2025-07-20,2025-07-22,166.7,37.51,16.61,history,220.82,1.0,204.21,204.21,0.0,0.0,204.21,204.21,0.0,16.61
2025-07-31,SHP05315,CARD,CC-103,LTL,2025-07-20,2025-07-25,1883.8,423.86,16.61,history,2324.27,1.0,2307.66,2307.66,0.0,0.0,2307.66,2307.66,0.0,16.61
2025-07-31,SHP05316,CARB,CC-104,LTL,2025-07-20,2025-07-22,183.65,41.32,16.99,history,241.96,1.0,224.97,224.97,0.0,0.0,224.97,224.97,0.0,16.99
2025-07-31,SHP05317,CARB,CC-105,LTL,2025-07-20,2025-07-25,815.59,183.51,16.99,history,1016.09,1.0,999.1,999.1,0.0,0.0,999.1,999.1,0.0,16.99
2025-07-31,SHP05319,CARA,CC-103,LTL,2025-07-20,2025-07-25,710.31,159.82,17.35,history,887.48,1.0,870.13,870.13,0.0,0.0,870.13,870.13,0.0,17.35
2025-07-31,SHP05320,CARB,CC-102,LTL,2025-07-20,2025-07-23,398.7,89.71,16.99,history,505.4,1.0,488.41,488.41,0.0,0.0,488.41,488.41,0.0,16.99
2025-07-31,SHP05321,CARB,CC-104,LTL,2025-07-20,2025-07-21,278.5,62.66,16.99,history,358.15,1.0,436.16,341.16,95.0,95.0,341.16,341.16,0.0,16.99
2025-07-31,SHP05322,CARE,CC-105,LTL,2025-07-20,2025-07-22,302.33,68.02,18.47,history,388.82,1.0,369.88,369.88,0.0,0.0,369.88,369.88,0.0,18.94
2025-07-31,SHP05323,CARA,CC-102,LTL,2025-07-20,2025-07-22,565.62,127.26,17.35,history,710.23,1.0,692.88,692.88,0.0,0.0,692.88,692.88,0.0,17.35
2025-07-31,SHP05324,CARD,CC-103,LTL,2025-07-20,2025-07-23,1429.4,321.62,16.61,history,1767.63,1.0,1751.02,1751.02,0.0,0.0,1751.02,1751.02,0.0,16.61
2025-07-31,SHP05327,CARA,CC-105,LTL,2025-07-20,2025-07-25,894.4,201.24,17.35,history,1112.99,1.0,1095.64,1095.64,0.0,0.0,1095.64,1095.64,0.0,17.35
2025-07-31,SHP05328,CARD,CC-103,LTL,2025-07-20,2025-07-23,472.09,106.22,16.61,history,594.92,1.0,578.31,578.31,0.0,0.0,578.31,578.31,0.0,16.61
2025-07-31,SHP05329,CARD,CC-101,LTL,2025-07-20,2025-07-21,150.0,33.75,16.61,history,200.36,1.0,183.75,183.75,0.0,0.0,183.75,183.75,0.0,16.61
2025-07-31,SHP05331,CARE,CC-105,LTL,2025-07-20,2025-07-22,368.34,82.88,18.47,history,469.69,1.0,451.22,451.22,0.0,0.0,451.22,451.22,0.0,18.47
2025-07-31,SHP05332,CARG,CC-105,TL,2025-07-21,2025-07-24,3118.98,591.56,10.89,history,3721.43,1.0,3710.54,3710.54,0.0,0.0,3710.54,3710.54,0.0,10.89
2025-07-31,SHP05333,CARA,CC-103,LTL,2025-07-21,2025-07-27,1083.13,253.45,17.35,history,1353.93,1.0,1336.58,1336.58,0.0,0.0,1336.58,1336.58,0.0,17.35
2025-07-31,SHP05334,CARB,CC-104,LTL,2025-07-21,2025-07-24,1102.0,257.87,16.99,history,1376.86,2.0,1458.3,1363.3,95.0,0.0,1458.3,1363.3,95.0,-81.44
2025-07-31,SHP05335,CARE,CC-101,LTL,2025-07-21,2025-07-22,110.0,25.74,18.47,history,154.21,1.0,230.52,135.52,95.0,0.0,230.52,135.52,95.0,-76.31
2025-07-31,SHP05337,CARD,CC-103,LTL,2025-07-21,2025-07-26,309.1,72.33,16.61,history,398.04,2.0,502.45,407.45,95.0,26.03,476.42,381.42,95.0,-78.38
2025-07-31,SHP05338,CARE,CC-102,LTL,2025-07-21,2025-07-24,485.81,113.68,18.47,history,617.96,1.0,599.49,599.49,0.0,0.0,599.49,599.49,0.0,18.47
2025-07-31,SHP05339,CARC,CC-101,LTL,2025-07-21,2025-07-25,751.54,175.86,17.28,history,944.68,1.0,1022.4,927.4,95.0,0.0,1022.4,927.4,95.0,-77.72
2025-07-31,SHP05340,CARD,CC-104,LTL,2025-07-21,2025-07-22,434.33,101.63,16.61,history,552.57,1.0,535.96,535.96,0.0,0.0,535.96,535.96,0.0,16.61
2025-07-31,SHP05341,CARB,CC-101,LTL,2025-07-21,2025-07-27,580.78,135.9,16.99,history,733.67,1.0,716.68,716.68,0.0,0.0,716.68,716.68,0.0,16.99
2025-07-31,SHP05342,CARG,CC-102,TL,2025-07-21,2025-07-22,825.6,166.78,10.89,history,1003.27,1.0,992.38,992.38,0.0,0.0,992.38,992.38,0.0,10.89
2025-07-31,SHP05343,CARD,CC-103,LTL,2025-07-21,2025-07-24,826.35,193.37,16.61,history,1036.33,1.0,1019.72,1019.72,0.0,0.0,1019.72,1019.72,0.0,16.61
2025-07-31,SHP05344,CARE,CC-105,LTL,2025-07-21,2025-07-23,304.94,71.36,18.47,history,394.77,1.0,376.3,376.3,0.0,0.0,376.3,376.3,0.0,18.47
2025-07-31,SHP05345,CARA,CC-103,LTL,2025-07-21,2025-07-27,210.2,49.19,17.35,history,276.74,1.0,384.39,259.39,125.0,0.0,384.39,259.39,125.0,-107.65
2025-07-31,SHP05346,CARA,CC-104,LTL,2025-07-21,2025-07-27,628.75,147.13,17.35,history,793.23,1.0,775.88,775.88,0.0,0.0,775.88,775.88,0.0,17.35
2025-07-31,SHP05347,CARB,CC-101,LTL,2025-07-21,2025-07-23,202.68,47.43,16.99,history,267.1,1.0,250.11,250.11,0.0,0.0,250.11,250.11,0.0,16.99
2025-07-31,SHP05348,CARB,CC-101,LTL,2025-07-21,2025-07-25,418.09,97.83,16.99,history,532.91,1.0,567.0,567.0,0.0,0.0,567.0,567.0,0.0,-34.09
2025-07-31,SHP05349,CARB,CC-104,LTL,2025-07-21,2025-07-22,178.59,41.79,16.99,history,237.37,1.0,220.38,220.38,0.0,0.0,220.38,220.38,0.0,16.99
2025-07-31,SHP05350,CARE,CC-104,LTL,2025-07-21,2025-07-24,564.71,132.14,18.47,history,715.32,1.0,696.85,696.85,0.0,0.0,696.85,696.85,0.0,18.47
2025-07-31,SHP05351,CARD,CC-102,LTL,2025-07-21,2025-07-23,1375.34,321.83,16.61,history,1713.78,1.0,1697.17,1697.17,0.0,0.0,1697.17,1697.17,0.0,16.61
2025-07-31,SHP05353,CARH,CC-104,TL,2025-07-21,2025-07-23,1536.12,327.05,9.84,history,1873.01,1.0,1863.17,1863.17,0.0,0.0,1863.17,1863.17,0.0,9.84
2025-07-31,SHP05355,CARD,CC-105,LTL,2025-07-21,2025-07-23,327.73,76.69,16.61,history,421.03,1.0,404.42,404.42,0.0,0.0,404.42,404.42,0.0,16.61
2025-07-31,SHP05356,CARC,CC-103,LTL,2025-07-21,2025-07-24,525.6,122.99,17.28,history,665.87,1.0,648.59,648.59,0.0,0.0,648.59,648.59,0.0,17.28
2025-07-31,SHP05357,CARH,CC-102,TL,2025-07-21,2025-07-24,2414.45,487.76,9.84,history,2912.05,1.0,2902.21,2902.21,0.0,0.0,2902.21,2902.21,0.0,9.84
2025-07-31,SHP05360,CARB,CC-105,LTL,2025-07-21,2025-07-24,196.42,45.96,16.99,history,259.37,1.0,242.38,242.38,0.0,0.0,242.38,242.38,0.0,16.99
2025-07-31,SHP05361,CARB,CC-101,LTL,2025-07-21,2025-07-23,475.68,111.31,16.99,history,603.98,1.0,586.99,586.99,0.0,0.0,586.99,586.99,0.0,16.99
2025-07-31,SHP05362,CARA,CC-103,LTL,2025-07-21,2025-07-24,722.53,169.07,17.35,history,908.95,1.0,891.6,891.6,0.0,0.0,891.6,891.6,0.0,17.35
2025-07-31,SHP05363,CARA,CC-105,LTL,2025-07-22,2025-07-25,453.72,106.17,17.35,history,577.24,1.0,559.89,559.89,0.0,0.0,559.89,559.89,0.0,17.35
2025-07-31,SHP05364,CARD,CC-103,LTL,2025-07-22,2025-07-26,1387.92,324.77,16.61,history,1729.3,1.0,1725.18,1725.18,0.0,12.49,1712.69,1712.69,0.0,16.61
2025-07-31,SHP05365,CARB,CC-101,LTL,2025-07-22,2025-07-24,353.6,82.74,16.99,history,453.33,1.0,435.35,435.35,0.0,0.0,435.35,435.35,0.0,17.98
2025-07-31,SHP05366,CARB,CC-104,LTL,2025-07-22,2025-07-23,110.0,25.74,16.99,history,152.73,1.0,135.74,135.74,0.0,0.0,135.74,135.74,0.0,16.99
2025-07-31,SHP05367,CARD,CC-102,LTL,2025-07-22,2025-07-24,1305.75,305.55,16.61,history,1627.91,1.0,1611.3,1611.3,0.0,0.0,1611.3,1611.3,0.0,16.61
2025-07-31,SHP05368,CARA,CC-102,LTL,2025-07-22,2025-07-26,681.83,159.55,17.35,history,858.73,1.0,841.38,841.38,0.0,0.0,841.38,841.38,0.0,17.35
2025-07-31,SHP05369,CARC,CC-103,LTL,2025-07-22,2025-07-25,311.6,72.91,17.28,history,401.79,1.0,384.51,384.51,0.0,0.0,384.51,384.51,0.0,17.28
2025-07-31,SHP05370,CARC,CC-102,LTL,2025-07-22,2025-07-28,777.5,181.94,17.28,history,976.72,1.0,959.44,959.44,0.0,0.0,959.44,959.44,0.0,17.28
2025-07-31,SHP05371,CARH,CC-102,TL,2025-07-22,2025-07-24,555.12,111.62,9.84,history,676.58,1.0,891.74,666.74,225.0,0.0,891.74,666.74,225.0,-215.16
2025-07-31,SHP05372,CARD,CC-104,LTL,2025-07-22,2025-07-23,256.05,59.92,16.61,history,332.58,1.0,315.97,315.97,0.0,0.0,315.97,315.97,0.0,16.61
2025-07-31,SHP05373,CARH,CC-102,TL,2025-07-22,2025-07-24,1194.93,243.66,9.84,history,1448.43,1.0,1438.59,1438.59,0.0,0.0,1438.59,1438.59,0.0,9.84
2025-07-31,SHP05374,CARD,CC-101,LTL,2025-07-22,2025-07-26,669.71,156.71,16.61,history,843.03,1.0,951.42,826.42,125.0,125.0,826.42,826.42,0.0,16.61
2025-07-31,SHP05375,CARC,CC-104,LTL,2025-07-22,2025-07-26,372.98,87.28,17.28,history,477.54,1.0,460.26,460.26,0.0,0.0,460.26,460.26,0.0,17.28
2025-07-31,SHP05376,CARC,CC-101,LTL,2025-07-22,2025-07-26,384.8,90.04,17.28,history,492.12,1.0,474.84,474.84,0.0,0.0,474.84,474.84,0.0,17.28
2025-07-31,SHP05377,CARE,CC-103,LTL,2025-07-22,2025-07-25,246.3,57.63,18.47,history,322.4,1.0,303.93,303.93,0.0,0.0,303.93,303.93,0.0,18.47
2025-07-31,SHP05378,CARB,CC-101,LTL,2025-07-22,2025-07-24,283.5,66.34,16.99,history,366.83,1.0,349.84,349.84,0.0,0.0,349.84,349.84,0.0,16.99
2025-07-31,SHP05379,CARB,CC-104,LTL,2025-07-22,2025-07-24,339.77,79.51,16.99,history,436.27,1.0,544.28,419.28,125.0,0.0,544.28,419.28,125.0,-108.01
2025-07-31,SHP05380,CARD,CC-101,LTL,2025-07-22,2025-07-23,262.83,61.5,16.61,history,340.94,1.0,324.33,324.33,0.0,0.0,324.33,324.33,0.0,16.61
2025-07-31,SHP05381,CARE,CC-104,LTL,2025-07-22,2025-07-25,302.23,70.72,18.47,history,391.42,1.0,372.95,372.95,0.0,0.0,372.95,372.95,0.0,18.47
2025-07-31,SHP05382,CARE,CC-105,LTL,2025-07-22,2025-07-24,308.99,72.3,18.47,history,399.76,1.0,381.29,381.29,0.0,0.0,381.29,381.29,0.0,18.47
2025-07-31,SHP05383,CARH,CC-105,TL,2025-07-22,2025-07-28,4695.6,971.17,9.84,history,5676.61,1.0,5666.77,5666.77,0.0,0.0,5666.77,5666.77,0.0,9.84
2025-07-31,SHP05384,CARG,CC-105,TL,2025-07-22,2025-07-23,519.2,102.5,10.89,history,632.59,1.0,621.7,621.7,0.0,0.0,621.7,621.7,0.0,10.89
2025-07-31,SHP05385,CARE,CC-101,LTL,2025-07-22,2025-07-24,160.24,37.5,18.47,history,216.21,1.0,197.74,197.74,0.0,0.0,197.74,197.74,0.0,18.47
2025-07-31,SHP05387,CARC,CC-102,LTL,2025-07-22,2025-07-26,826.21,193.33,17.28,history,1036.82,2.0,2039.08,2039.08,0.0,1019.54,1019.54,1019.54,0.0,17.28
2025-07-31,SHP05388,CARC,CC-104,LTL,2025-07-23,2025-07-29,854.33,199.91,17.28,history,1071.52,1.0,1054.24,1054.24,0.0,0.0,1054.24,1054.24,0.0,17.28
2025-07-31,SHP05389,CARB,CC-101,LTL,2025-07-23,2025-07-29,444.84,104.09,16.99,history,565.92,1.0,548.93,548.93,0.0,0.0,548.93,548.93,0.0,16.99
2025-07-31,SHP05390,CARD,CC-104,LTL,2025-07-23,2025-07-30,456.46,106.81,16.61,history,579.88,1.0,783.27,563.27,220.0,0.0,783.27,563.27,220.0,-203.39
2025-07-31,SHP05391,CARA,CC-105,LTL,2025-07-23,2025-07-26,110.0,25.74,17.35,history,153.09,1.0,230.74,135.74,95.0,0.0,230.74,135.74,95.0,-77.65
2025-07-31,SHP05392,CARE,CC-105,LTL,2025-07-23,2025-07-26,368.88,86.32,18.47,history,473.67,1.0,454.9,454.9,0.0,0.0,454.9,454.9,0.0,18.77
2025-07-31,SHP05393,CARD,CC-102,LTL,2025-07-23,2025-07-26,401.82,94.03,16.61,history,512.46,1.0,495.85,495.85,0.0,0.0,495.85,495.85,0.0,16.61
2025-07-31,SHP05394,CARC,CC-104,LTL,2025-07-23,2025-07-29,688.6,161.13,17.28,history,867.01,1.0,849.73,849.73,0.0,0.0,849.73,849.73,0.0,17.28
2025-07-31,SHP05395,CARE,CC-101,LTL,2025-07-23,2025-07-28,741.3,173.46,18.47,history,933.23,1.0,1039.76,914.76,125.0,125.0,914.76,914.76,0.0,18.47
2025-07-31,SHP05396,CARD,CC-103,LTL,2025-07-23,2025-07-28,596.13,139.49,16.61,history,752.23,2.0,830.62,735.62,95.0,0.0,830.62,735.62,95.0,-78.39
2025-07-31,SHP05397,CARA,CC-105,LTL,2025-07-23,2025-07-25,562.9,131.72,17.35,history,711.97,1.0,694.62,694.62,0.0,0.0,694.62,694.62,0.0,17.35
2025-07-31,SHP05398,CARE,CC-105,LTL,2025-07-23,2025-07-24,113.1,26.47,18.47,history,158.04,1.0,139.57,139.57,0.0,0.0,139.57,139.57,0.0,18.47
2025-07-31,SHP05399,CARH,CC-105,TL,2025-07-23,2025-07-29,4695.6,971.17,9.84,history,5676.61,1.0,5666.77,5666.77,0.0,0.0,5666.77,5666.77,0.0,9.84
2025-07-31,SHP05400,CARC,CC-102,LTL,2025-07-23,2025-07-25,132.22,30.94,17.28,history,180.44,1.0,163.16,163.16,0.0,0.0,163.16,163.16,0.0,17.28
2025-07-31,SHP05401,CARG,CC-102,TL,2025-07-23,2025-07-25,1620.42,311.42,10.89,history,1942.73,1.0,1931.84,1931.84,0.0,0.0,1931.84,1931.84,0.0,10.89
2025-07-31,SHP05402,CARA,CC-102,LTL,2025-07-23,2025-07-25,110.0,25.74,17.35,history,153.09,1.0,135.74,135.74,0.0,0.0,135.74,135.74,0.0,17.35
2025-07-31,SHP05403,CARD,CC-102,LTL,2025-07-23,2025-07-26,163.3,38.21,16.61,history,218.12,1.0,326.51,201.51,125.0,0.0,326.51,201.51,125.0,-108.39
2025-07-31,SHP05404,CARD,CC-103,LTL,2025-07-23,2025-07-27,526.99,123.32,16.61,history,666.92,1.0,650.31,650.31,0.0,0.0,650.31,650.31,0.0,16.61
2025-07-31,SHP05405,CARB,CC-102,LTL,2025-07-23,2025-07-24,370.99,86.81,16.99,history,474.79,1.0,457.8,457.8,0.0,0.0,457.8,457.8,0.0,16.99
2025-07-31,SHP05406,CARF,CC-102,TL,2025-07-23,2025-07-25,1231.2,222.81,22.17,history,1476.18,1.0,1453.25,1453.25,0.0,0.0,1453.25,1453.25,0.0,22.93
2025-07-31,SHP05407,CARH,CC-104,TL,2025-07-23,2025-07-26,1536.12,327.05,9.84,history,1873.01,1.0,1917.65,1917.65,0.0,54.48,1863.17,1863.17,0.0,9.84
2025-07-31,SHP05408,CARA,CC-104,LTL,2025-07-23,2025-07-29,1660.64,388.59,17.35,history,2066.58,1.0,2049.23,2049.23,0.0,0.0,2049.23,2049.23,0.0,17.35
2025-07-31,SHP05409,CARE,CC-101,LTL,2025-07-23,2025-07-24,507.22,118.69,18.47,history,644.38,1.0,721.17,626.17,95.0,0.0,721.17,626.17,95.0,-76.79
2025-07-31,SHP05410,CARG,CC-104,TL,2025-07-23,2025-07-25,1087.75,206.31,10.89,history,1304.95,1.0,1444.06,1294.06,150.0,0.0,1444.06,1294.06,150.0,-139.11
2025-07-31,SHP05411,CARC,CC-105,LTL,2025-07-23,2025-07-25,337.98,79.09,17.28,history,434.35,1.0,417.07,417.07,0.0,0.0,417.07,417.07,0.0,17.28
2025-07-31,SHP05413,CARB,CC-104,LTL,2025-07-23,2025-07-28,5021.25,1174.97,16.99,history,6213.21,1.0,6196.22,6196.22,0.0,0.0,6196.22,6196.22,0.0,16.99
2025-07-31,SHP05414,CARB,CC-101,LTL,2025-07-24,2025-07-29,1005.9,235.38,16.99,history,1258.27,1.0,1241.28,1241.28,0.0,0.0,1241.28,1241.28,0.0,16.99
2025-07-31,SHP05415,CARB,CC-105,LTL,2025-07-24,2025-07-26,174.75,40.89,16.99,history,232.63,1.0,215.64,215.64,0.0,0.0,215.64,215.64,0.0,16.99
2025-07-31,SHP05416,CARE,CC-103,LTL,2025-07-24,2025-07-27,689.27,161.29,18.47,history,869.03,1.0,850.56,850.56,0.0,0.0,850.56,850.56,0.0,18.47
2025-07-31,SHP05417,CARA,CC-104,LTL,2025-07-24,2025-07-30,1823.19,426.63,17.35,history,2267.17,1.0,2249.82,2249.82,0.0,0.0,2249.82,2249.82,0.0,17.35
2025-07-31,SHP05418,CARC,CC-104,LTL,2025-07-24,2025-07-28,295.2,69.08,17.28,history,381.56,1.0,364.28,364.28,0.0,0.0,364.28,364.28,0.0,17.28
2025-07-31,SHP05419,CARF,CC-101,TL,2025-07-24,2025-07-28,3432.0,621.1,22.17,history,4075.27,1.0,4128.1,4053.1,75.0,0.0,4128.1,4053.1,75.0,-52.83
2025-07-31,SHP05420,CARG,CC-101,TL,2025-07-24,2025-07-29,4656.96,902.98,10.89,history,5570.83,1.0,5559.94,5559.94,0.0,0.0,5559.94,5559.94,0.0,10.89
2025-07-31,SHP05421,CARC,CC-103,LTL,2025-07-24,2025-07-27,222.29,52.02,17.28,history,291.59,1.0,274.31,274.31,0.0,0.0,274.31,274.31,0.0,17.28
2025-07-31,SHP05422,CARB,CC-104,LTL,2025-07-24,2025-07-26,110.0,25.74,16.99,history,152.73,1.0,135.5,135.5,0.0,0.0,135.5,135.5,0.0,17.23
2025-07-31,SHP05423,CARA,CC-103,LTL,2025-07-24,2025-07-27,170.39,39.87,17.35,history,227.61,1.0,210.26,210.26,0.0,0.0,210.26,210.26,0.0,17.35
2025-07-31,SHP05424,CARG,CC-102,TL,2025-07-24,2025-07-27,1620.42,311.42,10.89,history,1942.73,1.0,2006.84,1931.84,75.0,0.0,2006.84,1931.84,75.0,-64.11
2025-07-31,SHP05425,CARG,CC-104,TL,2025-07-24,2025-07-26,450.0,84.69,10.89,history,545.58,1.0,759.69,534.69,225.0,225.0,534.69,534.69,0.0,10.89
2025-07-31,SHP05426,CARD,CC-105,LTL,2025-07-24,2025-07-25,132.96,31.11,16.61,history,180.68,1.0,164.07,164.07,0.0,0.0,164.07,164.07,0.0,16.61
2025-07-31,SHP05427,CARE,CC-104,LTL,2025-07-24,2025-07-26,660.8,154.63,18.47,history,833.9,1.0,910.43,815.43,95.0,0.0,910.43,815.43,95.0,-76.53
2025-07-31,SHP05428,CARE,CC-101,LTL,2025-07-24,2025-07-29,1430.33,334.7,18.47,history,1783.5,1.0,1765.03,1765.03,0.0,0.0,1765.03,1765.03,0.0,18.47
2025-07-31,SHP05429,CARD,CC-103,LTL,2025-07-24,2025-07-29,2601.0,608.63,16.61,history,3226.24,1.0,3209.63,3209.63,0.0,0.0,3209.63,3209.63,0.0,16.61
2025-07-31,SHP05430,CARG,CC-104,TL,2025-07-24,2025-07-25,1087.75,206.31,10.89,history,1304.95,1.0,1336.69,1336.69,0.0,42.78,1293.91,1293.91,0.0,11.04
2025-07-31,SHP05431,CARB,CC-104,LTL,2025-07-24,2025-07-30,1537.73,359.83,16.99,history,1914.55,1.0,1897.56,1897.56,0.0,0.0,1897.56,1897.56,0.0,16.99
2025-07-31,SHP05432,CARA,CC-103,LTL,2025-07-24,2025-07-29,453.61,106.14,17.35,history,577.1,1.0,559.75,559.75,0.0,0.0,559.75,559.75,0.0,17.35
2025-07-31,SHP05433,CARD,CC-105,LTL,2025-07-24,2025-07-27,637.43,149.16,16.61,history,803.2,1.0,786.59,786.59,0.0,0.0,786.59,786.59,0.0,16.61
2025-07-31,SHP05434,CARB,CC-101,LTL,2025-07-24,2025-07-29,793.1,185.59,16.99,history,995.68,1.0,1073.69,978.69,95.0,0.0,1073.69,978.69,95.0,-78.01
2025-07-31,SHP05435,CARE,CC-101,LTL,2025-07-24,2025-07-28,404.35,94.62,18.47,history,517.44,1.0,498.97,498.97,0.0,0.0,498.97,498.97,0.0,18.47
2025-07-31,SHP05436,CARC,CC-101,LTL,2025-07-24,2025-07-27,486.64,113.87,17.28,history,617.79,1.0,694.33,599.33,95.0,0.0,694.33,599.33,95.0,-76.54
2025-07-31,SHP05437,CARB,CC-102,LTL,2025-07-24,2025-07-28,754.46,176.54,16.99,history,947.99,1.0,1026.0,931.0,95.0,0.0,1026.0,931.0,95.0,-78.01
2025-07-31,SHP05438,CARB,CC-101,LTL,2025-07-24,2025-07-25,114.85,26.87,16.99,history,158.71,1.0,141.72,141.72,0.0,0.0,141.72,141.72,0.0,16.99
2025-07-31,SHP05439,CARA,CC-104,LTL,2025-07-24,2025-07-26,133.2,31.17,17.35,history,181.72,1.0,164.37,164.37,0.0,0.0,164.37,164.37,0.0,17.35
2025-07-31,SHP05440,CARF,CC-103,TL,2025-07-25,2025-07-30,4876.3,875.18,22.17,history,5773.65,1.0,5751.48,5751.48,0.0,0.0,5751.48,5751.48,0.0,22.17
2025-07-31,SHP05441,CARA,CC-101,LTL,2025-07-25,2025-07-28,540.27,126.42,17.35,history,684.04,1.0,671.56,671.56,0.0,4.87,666.69,666.69,0.0,17.35
2025-07-31,SHP05442,CARB,CC-102,LTL,2025-07-25,2025-07-26,262.44,61.41,16.99,history,340.84,1.0,323.85,323.85,0.0,0.0,323.85,323.85,0.0,16.99
2025-07-31,SHP05443,CARE,CC-103,LTL,2025-07-25,2025-07-28,370.93,86.8,18.47,history,476.2,1.0,552.73,457.73,95.0,0.0,552.73,457.73,95.0,-76.53
2025-07-31,SHP05444,CARD,CC-103,LTL,2025-07-25,2025-07-28,443.81,103.85,16.61,history,564.27,1.0,547.66,547.66,0.0,0.0,547.66,547.66,0.0,16.61
2025-07-31,SHP05445,CARE,CC-101,LTL,2025-07-25,2025-07-31,394.47,92.31,18.47,history,505.25,1.0,581.78,486.78,95.0,0.0,581.78,486.78,95.0,-76.53
2025-07-31,SHP05446,CARA,CC-103,LTL,2025-07-25,2025-07-29,765.56,179.14,17.35,history,962.05,1.0,944.7,944.7,0.0,0.0,944.7,944.7,0.0,17.35
2025-07-31,SHP05447,CARE,CC-104,LTL,2025-07-25,2025-07-28,605.2,141.62,18.47,history,765.29,1.0,746.82,746.82,0.0,0.0,746.82,746.82,0.0,18.47
2025-07-31,SHP05448,CARC,CC-103,LTL,2025-07-25,2025-07-28,866.6,202.78,17.28,history,1086.66,1.0,1069.38,1069.38,0.0,0.0,1069.38,1069.38,0.0,17.28
2025-07-31,SHP05449,CARD,CC-103,LTL,2025-07-25,2025-07-29,1826.87,427.49,16.61,history,2270.97,1.0,2379.36,2254.36,125.0,0.0,2379.36,2254.36,125.0,-108.39
2025-07-31,SHP05450,CARE,CC-104,LTL,2025-07-25,2025-07-28,227.22,53.17,18.47,history,298.86,1.0,280.39,280.39,0.0,0.0,280.39,280.39,0.0,18.47
2025-07-31,SHP05451,CARC,CC-101,LTL,2025-07-25,2025-07-29,1488.21,348.24,17.28,history,1853.73,1.0,1836.45,1836.45,0.0,0.0,1836.45,1836.45,0.0,17.28
2025-07-31,SHP05452,CARD,CC-103,LTL,2025-07-25,2025-07-30,493.5,115.48,16.61,history,625.59,1.0,608.98,608.98,0.0,0.0,608.98,608.98,0.0,16.61
2025-07-31,SHP05453,CARB,CC-102,LTL,2025-07-25,2025-07-27,155.65,36.42,16.99,history,209.06,1.0,192.07,192.07,0.0,0.0,192.07,192.07,0.0,16.99
2025-07-31,SHP05454,CARE,CC-105,LTL,2025-07-25,2025-07-27,414.26,96.94,18.47,history,529.67,1.0,511.2,511.2,0.0,0.0,511.2,511.2,0.0,18.47
2025-07-31,SHP05455,CARG,CC-105,TL,2025-07-25,2025-07-27,1254.24,271.02,10.89,history,1536.15,1.0,1525.26,1525.26,0.0,0.0,1525.26,1525.26,0.0,10.89
2025-07-31,SHP05456,CARC,CC-104,LTL,2025-07-25,2025-07-31,1598.0,373.93,17.28,history,1989.21,1.0,1971.93,1971.93,0.0,0.0,1971.93,1971.93,0.0,17.28
2025-07-31,SHP05457,CARF,CC-104,TL,2025-07-25,2025-07-29,4710.56,866.93,22.17,history,5599.66,1.0,5880.33,5580.33,300.0,300.0,5580.33,5580.33,0.0,19.33
2025-07-31,SHP05458,CARB,CC-104,LTL,2025-07-25,2025-07-26,252.37,59.05,16.99,history,328.41,1.0,311.42,311.42,0.0,0.0,311.42,311.42,0.0,16.99
2025-07-31,SHP05459,CARC,CC-101,LTL,2025-07-25,2025-07-30,1963.14,459.37,17.28,history,2439.79,1.0,2422.51,2422.51,0.0,0.0,2422.51,2422.51,0.0,17.28
2025-07-31,SHP05460,CARA,CC-104,LTL,2025-07-25,2025-07-26,221.91,51.93,17.35,history,291.19,1.0,273.84,273.84,0.0,0.0,273.84,273.84,0.0,17.35
2025-07-31,SHP05461,CARA,CC-102,LTL,2025-07-25,2025-07-27,541.51,126.71,17.35,history,685.57,1.0,763.22,668.22,95.0,95.0,668.22,668.22,0.0,17.35
2025-07-31,SHP05462,CARH,CC-102,TL,2025-07-25,2025-07-28,1194.93,243.66,9.84,history,1448.43,1.0,1438.59,1438.59,0.0,0.0,1438.59,1438.59,0.0,9.84
2025-07-31,SHP05463,CARD,CC-101,LTL,2025-07-25,2025-07-27,239.33,56.0,16.61,history,311.94,1.0,295.33,295.33,0.0,0.0,295.33,295.33,0.0,16.61
2025-07-31,SHP05464,CARF,CC-102,TL,2025-07-25,2025-07-28,1763.58,346.6,22.17,history,2132.35,1.0,2260.18,2110.18,150.0,0.0,2260.18,2110.18,150.0,-127.83
2025-07-31,SHP05465,CARE,CC-104,LTL,2025-07-26,2025-07-29,694.22,162.45,18.47,history,875.14,1.0,856.67,856.67,0.0,0.0,856.67,856.67,0.0,18.47
2025-07-31,SHP05466,CARB,CC-104,LTL,2025-07-26,2025-07-29,155.55,36.4,16.99,history,208.94,1.0,191.95,191.95,0.0,0.0,191.95,191.95,0.0,16.99
2025-07-31,SHP05467,CARF,CC-104,TL,2025-07-26,2025-07-28,451.13,85.56,22.17,history,558.86,1.0,536.69,536.69,0.0,0.0,536.69,536.69,0.0,22.17
2025-07-31,SHP05469,CARB,CC-105,LTL,2025-07-26,2025-07-28,284.49,66.57,16.99,history,368.05,1.0,351.06,351.06,0.0,0.0,351.06,351.06,0.0,16.99
2025-07-31,SHP05470,CARB,CC-101,LTL,2025-07-26,2025-07-31,2980.5,697.44,16.99,history,3694.93,1.0,3677.94,3677.94,0.0,0.0,3677.94,3677.94,0.0,16.99
2025-07-31,SHP05471,CARC,CC-105,LTL,2025-07-26,2025-07-28,153.01,35.8,17.28,history,206.09,1.0,188.81,188.81,0.0,0.0,188.81,188.81,0.0,17.28
2025-07-31,SHP05472,CARG,CC-102,TL,2025-07-26,2025-07-28,1782.92,365.27,10.89,history,2159.08,1.0,2147.59,2147.59,0.0,0.0,2147.59,2147.59,0.0,11.49
2025-07-31,SHP05473,CARA,CC-103,LTL,2025-07-26,2025-07-31,481.64,112.7,17.35,history,611.69,1.0,677.23,677.23,0.0,82.89,594.34,594.34,0.0,17.35
2025-07-31,SHP05474,CARG,CC-105,TL,2025-07-26,2025-07-28,1225.91,252.35,10.89,history,1489.15,1.0,1478.99,1478.99,0.0,0.0,1478.99,1478.99,0.0,10.16
2025-07-31,SHP05475,CARA,CC-102,LTL,2025-07-26,2025-07-29,809.71,189.47,17.35,history,1016.53,1.0,1094.18,999.18,95.0,0.0,1094.18,999.18,95.0,-77.65
2025-07-31,SHP05477,CARD,CC-102,LTL,2025-07-26,2025-07-28,197.15,46.13,16.61,history,259.89,1.0,303.21,303.21,0.0,59.92,243.29,243.29,0.0,16.6
2025-07-31,SHP05478,CARD,CC-103,LTL,2025-07-26,2025-07-29,625.6,146.39,16.61,history,788.6,1.0,771.99,771.99,0.0,0.0,771.99,771.99,0.0,16.61
2025-07-31,SHP05479,CARH,CC-103,TL,2025-07-26,2025-07-27,1100.9,236.71,9.84,history,1347.45,1.0,1337.61,1337.61,0.0,0.0,1337.61,1337.61,0.0,9.84
2025-07-31,SHP05480,CARE,CC-105,LTL,2025-07-26,2025-07-28,430.85,100.82,18.47,history,550.14,1.0,531.67,531.67,0.0,0.0,531.67,531.67,0.0,18.47
2025-07-31,SHP05481,CARA,CC-102,LTL,2025-07-26,2025-07-30,825.1,193.07,17.35,history,1035.52,1.0,1018.17,1018.17,0.0,0.0,1018.17,1018.17,0.0,17.35
2025-07-31,SHP05482,CARG,CC-104,TL,2025-07-26,2025-07-28,450.0,84.69,10.89,history,545.58,1.0,534.69,534.69,0.0,0.0,534.69,534.69,0.0,10.89
2025-07-31,SHP05483,CARA,CC-101,LTL,2025-07-26,2025-07-31,723.34,169.26,17.35,history,909.95,1.0,892.6,892.6,0.0,0.0,892.6,892.6,0.0,17.35
2025-07-31,SHP05484,CARH,CC-105,TL,2025-07-26,2025-07-27,598.23,125.52,9.84,history,733.59,1.0,723.75,723.75,0.0,0.0,723.75,723.75,0.0,9.84
2025-07-31,SHP05485,CARG,CC-104,TL,2025-07-26,2025-07-31,5133.3,1046.74,10.89,history,6190.93,1.0,6626.93,6326.93,300.0,146.89,6480.04,6180.04,300.0,-289.11
2025-07-31,SHP05486,CARB,CC-101,LTL,2025-07-26,2025-07-31,1780.61,416.66,16.99,history,2214.26,1.0,2292.27,2197.27,95.0,0.0,2292.27,2197.27,95.0,-78.01
2025-07-31,SHP05487,CARE,CC-103,LTL,2025-07-26,2025-07-28,728.2,170.4,18.47,history,917.07,1.0,896.38,896.38,0.0,0.0,896.38,896.38,0.0,20.69
2025-07-31,SHP05488,CARD,CC-102,LTL,2025-07-26,2025-07-29,164.64,38.53,16.61,history,219.78,1.0,203.17,203.17,0.0,0.0,203.17,203.17,0.0,16.61
2025-07-31,SHP05489,CARE,CC-104,LTL,2025-07-26,2025-07-28,474.99,111.15,18.47,history,604.61,1.0,739.43,739.43,0.0,153.58,585.85,585.85,0.0,18.76
2025-07-31,SHP05490,CARH,CC-101,TL,2025-07-27,2025-07-28,968.31,207.18,9.84,history,1185.33,1.0,1175.49,1175.49,0.0,0.0,1175.49,1175.49,0.0,9.84
2025-07-31,SHP05491,CARH,CC-103,TL,2025-07-27,2025-07-28,1100.9,236.71,9.84,history,1347.45,1.0,1337.61,1337.61,0.0,0.0,1337.61,1337.61,0.0,9.84
2025-07-31,SHP05492,CARB,CC-101,LTL,2025-07-27,2025-07-29,200.93,47.02,16.99,history,264.94,1.0,247.95,247.95,0.0,0.0,247.95,247.95,0.0,16.99
2025-07-31,SHP05493,CARB,CC-105,LTL,2025-07-27,2025-07-30,270.16,63.22,16.99,history,350.37,1.0,553.38,333.38,220.0,0.0,553.38,333.38,220.0,-203.01
2025-07-31,SHP05494,CARE,CC-104,LTL,2025-07-27,2025-07-29,659.41,154.3,18.47,history,832.18,1.0,813.71,813.71,0.0,0.0,813.71,813.71,0.0,18.47
2025-07-31,SHP05495,CARC,CC-101,LTL,2025-07-27,2025-07-29,392.25,91.79,17.28,history,501.32,1.0,494.35,494.35,0.0,10.66,483.69,483.69,0.0,17.63
2025-07-31,SHP05496,CARE,CC-105,LTL,2025-07-27,2025-07-29,133.29,31.19,18.47,history,182.95,1.0,164.48,164.48,0.0,0.0,164.48,164.48,0.0,18.47
2025-07-31,SHP05497,CARD,CC-105,LTL,2025-07-27,2025-07-30,1765.86,413.21,16.61,history,2195.68,1.0,2274.07,2179.07,95.0,95.0,2179.07,2179.07,0.0,16.61
2025-07-31,SHP05498,CARG,CC-102,TL,2025-07-27,2025-07-30,1620.42,311.42,10.89,history,1942.73,1.0,1931.84,1931.84,0.0,0.0,1931.84,1931.84,0.0,10.89
2025-07-31,SHP05499,CARA,CC-103,LTL,2025-07-27,2025-07-31,652.55,152.7,17.35,history,822.6,1.0,822.87,822.87,0.0,17.62,805.25,805.25,0.0,17.35
2025-07-31,SHP05500,CARD,CC-104,LTL,2025-07-27,2025-07-28,111.66,26.13,16.61,history,154.4,1.0,262.79,137.79,125.0,0.0,262.79,137.79,125.0,-108.39
2025-07-31,SHP05501,CARD,CC-104,LTL,2025-07-27,2025-07-30,110.0,25.74,16.61,history,152.35,1.0,135.74,135.74,0.0,0.0,135.74,135.74,0.0,16.61
2025-07-31,SHP05502,CARB,CC-104,LTL,2025-07-27,2025-07-30,520.4,121.77,16.99,history,659.16,1.0,737.17,642.17,95.0,0.0,737.17,642.17,95.0,-78.01
2025-07-31,SHP05503,CARG,CC-102,TL,2025-07-27,2025-07-28,825.6,166.78,10.89,history,1003.27,1.0,992.38,992.38,0.0,0.0,992.38,992.38,0.0,10.89
2025-07-31,SHP05504,CARD,CC-105,LTL,2025-07-27,2025-07-29,364.4,85.27,16.61,history,466.28,1.0,449.67,449.67,0.0,0.0,449.67,449.67,0.0,16.61
2025-07-31,SHP05505,CARG,CC-101,TL,2025-07-27,2025-07-29,621.96,123.35,10.89,history,756.2,1.0,895.31,745.31,150.0,0.0,895.31,745.31,150.0,-139.11
2025-07-31,SHP05506,CARG,CC-105,TL,2025-07-27,2025-07-29,519.2,102.5,10.89,history,632.59,1.0,621.7,621.7,0.0,0.0,621.7,621.7,0.0,10.89
2025-07-31,SHP05507,CARC,CC-105,LTL,2025-07-27,2025-07-28,131.12,30.68,17.28,history,179.08,1.0,161.8,161.8,0.0,0.0,161.8,161.8,0.0,17.28
2025-07-31,SHP05511,CARD,CC-104,LTL,2025-07-28,2025-07-30,283.4,68.87,16.61,history,368.88,1.0,377.23,377.23,0.0,24.13,353.1,353.1,0.0,15.78
2025-07-31,SHP05512,CARD,CC-101,LTL,2025-07-28,2025-07-30,255.0,61.96,16.61,history,333.57,1.0,411.96,316.96,95.0,95.0,316.96,316.96,0.0,16.61
2025-07-31,SHP05513,CARE,CC-105,LTL,2025-07-28,2025-07-30,437.2,106.24,18.47,history,561.91,1.0,543.44,543.44,0.0,0.0,543.44,543.44,0.0,18.47
2025-07-31,SHP05515,CARB,CC-104,LTL,2025-07-28,2025-07-31,520.72,126.53,16.99,history,664.24,1.0,647.25,647.25,0.0,0.0,647.25,647.25,0.0,16.99
2025-07-31,SHP05516,CARD,CC-103,LTL,2025-07-28,2025-07-31,846.8,205.77,16.61,history,1069.18,1.0,1052.57,1052.57,0.0,0.0,1052.57,1052.57,0.0,16.61
2025-07-31,SHP05518,CARC,CC-102,LTL,2025-07-28,2025-07-31,234.11,56.89,17.28,history,308.28,1.0,291.0,291.0,0.0,0.0,291.0,291.0,0.0,17.28
2025-07-31,SHP05520,CARD,CC-102,LTL,2025-07-28,2025-07-31,297.59,72.31,16.61,history,386.51,1.0,369.9,369.9,0.0,0.0,369.9,369.9,0.0,16.61
2025-07-31,SHP05521,CARG,CC-101,TL,2025-07-28,2025-07-31,1614.45,318.07,10.89,history,1943.41,1.0,2157.52,1932.52,225.0,0.0,2157.52,1932.52,225.0,-214.11
2025-07-31,SHP05522,CARE,CC-105,LTL,2025-07-28,2025-07-30,607.77,147.69,18.47,history,773.93,1.0,755.48,755.48,0.0,0.0,755.48,755.48,0.0,18.45
2025-07-31,SHP05523,CARC,CC-101,LTL,2025-07-28,2025-07-31,240.88,58.53,17.28,history,316.69,1.0,299.41,299.41,0.0,0.0,299.41,299.41,0.0,17.28
2025-07-31,SHP05525,CARC,CC-102,LTL,2025-07-28,2025-07-31,401.16,97.48,17.28,history,515.92,1.0,593.64,498.64,95.0,0.0,593.64,498.64,95.0,-77.72
2025-07-31,SHP05528,CARE,CC-102,LTL,2025-07-29,2025-07-31,841.22,204.42,18.47,history,1064.11,1.0,1042.34,1042.34,0.0,0.0,1042.34,1042.34,0.0,21.77
2025-07-31,SHP05532,CARE,CC-105,LTL,2025-07-29,2025-07-30,196.7,47.8,18.47,history,262.97,1.0,244.5,244.5,0.0,0.0,244.5,244.5,0.0,18.47
2025-07-31,SHP05536,CARB,CC-102,LTL,2025-07-29,2025-07-30,181.12,44.01,16.99,history,242.12,1.0,225.13,225.13,0.0,0.0,225.13,225.13,0.0,16.99
2025-07-31,SHP05537,CARG,CC-104,TL,2025-07-29,2025-07-31,450.0,87.98,10.89,history,548.87,1.0,558.0,558.0,0.0,20.02,537.98,537.98,0.0,10.89
2025-07-31,SHP05541,CARA,CC-102,LTL,2025-07-29,2025-07-31,167.55,40.71,17.35,history,225.61,1.0,208.26,208.26,0.0,0.0,208.26,208.26,0.0,17.35
2025-07-31,SHP05545,CARG,CC-105,TL,2025-07-29,2025-07-31,1254.24,281.53,10.89,history,1546.66,1.0,1535.77,1535.77,0.0,0.0,1535.77,1535.77,0.0,10.89
2025-07-31,SHP05547,CARH,CC-101,TL,2025-07-29,2025-07-30,968.31,215.21,9.84,history,1193.36,1.0,1183.52,1183.52,0.0,0.0,1183.52,1183.52,0.0,9.84
2025-07-31,SHP05548,CARC,CC-105,LTL,2025-07-29,2025-07-30,144.64,35.15,17.28,history,197.07,1.0,274.79,179.79,95.0,0.0,274.79,179.79,95.0,-77.72
2025-07-31,SHP05549,CARH,CC-102,TL,2025-07-29,2025-07-30,555.12,115.95,9.84,history,680.91,1.0,896.07,671.07,225.0,225.0,671.07,671.07,0.0,9.84
2025-07-31,SHP05550,CARA,CC-102,LTL,2025-07-29,2025-07-31,182.71,44.4,17.35,history,244.46,1.0,227.11,227.11,0.0,0.0,227.11,227.11,0.0,17.35
2025-07-31,SHP05553,CARC,CC-102,LTL,2025-07-29,2025-07-31,204.4,49.67,17.28,history,271.35,1.0,254.07,254.07,0.0,0.0,254.07,254.07,0.0,17.28
2025-07-31,SHP05554,CARD,CC-105,LTL,2025-07-29,2025-07-31,337.47,82.01,16.61,history,436.09,1.0,419.48,419.48,0.0,0.0,419.48,419.48,0.0,16.61
2025-07-31,SHP05574,CARF,CC-104,TL,2025-07-30,2025-07-31,531.18,102.41,22.17,history,655.76,1.0,633.59,633.59,0.0,0.0,633.59,633.59,0.0,22.17
2025-08-31,SHP04198,CARA,CC-102,LTL,2025-06-11,2025-06-12,224.56,48.5,17.97,history,291.03,1.0,368.06,273.06,95.0,0.0,368.06,273.06,95.0,-77.03
2025-08-31,SHP04217,CARD,CC-103,LTL,2025-06-12,2025-06-15,332.75,71.87,15.81,history,420.43,1.0,404.62,404.62,0.0,0.0,404.62,404.62,0.0,15.81
2025-08-31,SHP04306,CARD,CC-104,LTL,2025-06-14,2025-06-16,209.58,45.27,15.81,history,270.66,1.0,254.85,254.85,0.0,0.0,254.85,254.85,0.0,15.81
2025-08-31,SHP04528,CARD,CC-102,LTL,2025-06-21,2025-06-23,357.9,77.31,15.81,history,451.02,1.0,435.21,435.21,0.0,0.0,435.21,435.21,0.0,15.81
2025-08-31,SHP04623,CARD,CC-101,LTL,2025-06-25,2025-06-29,783.0,176.18,15.81,history,974.99,2.0,1918.36,1918.36,0.0,959.18,959.18,959.18,0.0,15.81
2025-08-31,SHP04636,CARE,CC-104,LTL,2025-06-25,2025-06-27,455.1,102.4,18.96,history,576.46,1.0,682.5,557.5,125.0,0.0,682.5,557.5,125.0,-106.04
2025-08-31,SHP04829,CARH,CC-105,TL,2025-07-02,2025-07-04,598.23,119.89,13.46,history,731.58,1.0,718.12,718.12,0.0,0.0,718.12,718.12,0.0,13.46
2025-08-31,SHP04938,CARD,CC-102,LTL,2025-07-05,2025-07-08,461.7,103.88,15.81,history,581.39,1.0,690.58,565.58,125.0,0.0,690.58,565.58,125.0,-109.19
2025-08-31,SHP04969,CARB,CC-102,LTL,2025-07-06,2025-07-07,365.6,82.26,19.41,history,467.27,1.0,447.86,447.86,0.0,0.0,447.86,447.86,0.0,19.41
2025-08-31,SHP05092,CARD,CC-102,LTL,2025-07-10,2025-07-13,288.33,64.87,15.81,history,369.01,1.0,353.2,353.2,0.0,0.0,353.2,353.2,0.0,15.81
2025-08-31,SHP05129,CARA,CC-104,LTL,2025-07-11,2025-07-16,1338.4,301.14,17.97,history,1657.51,1.0,1639.54,1639.54,0.0,0.0,1639.54,1639.54,0.0,17.97
2025-08-31,SHP05133,CARB,CC-104,LTL,2025-07-11,2025-07-15,1276.32,287.17,19.41,history,1582.9,1.0,1563.49,1563.49,0.0,0.0,1563.49,1563.49,0.0,19.41
2025-08-31,SHP05185,CARD,CC-102,LTL,2025-07-14,2025-07-16,276.0,62.1,15.81,history,353.91,1.0,338.1,338.1,0.0,0.0,338.1,338.1,0.0,15.81
2025-08-31,SHP05240,CARD,CC-102,LTL,2025-07-17,2025-07-21,249.94,56.24,15.81,history,321.99,1.0,401.25,306.25,95.0,95.0,306.25,306.25,0.0,15.74
2025-08-31,SHP05246,CARH,CC-103,TL,2025-07-17,2025-07-20,3114.0,650.31,13.46,history,3777.77,1.0,3764.31,3764.31,0.0,0.0,3764.31,3764.31,0.0,13.46
2025-08-31,SHP05259,CARB,CC-101,LTL,2025-07-18,2025-07-20,317.04,71.33,19.41,history,407.78,1.0,388.37,388.37,0.0,0.0,388.37,388.37,0.0,19.41
2025-08-31,SHP05275,CARD,CC-105,LTL,2025-07-18,2025-07-20,499.49,112.39,15.81,history,627.69,1.0,611.88,611.88,0.0,0.0,611.88,611.88,0.0,15.81
2025-08-31,SHP05299,CARB,CC-102,LTL,2025-07-19,2025-07-21,636.0,143.1,19.41,history,798.51,1.0,778.18,778.18,0.0,0.0,778.18,778.18,0.0,20.33
2025-08-31,SHP05303,CARD,CC-103,LTL,2025-07-19,2025-07-22,764.01,171.9,15.81,history,951.72,1.0,935.91,935.91,0.0,0.0,935.91,935.91,0.0,15.81
2025-08-31,SHP05320,CARB,CC-102,LTL,2025-07-20,2025-07-23,398.7,89.71,19.41,history,507.82,1.0,488.41,488.41,0.0,0.0,488.41,488.41,0.0,19.41
2025-08-31,SHP05328,CARD,CC-103,LTL,2025-07-20,2025-07-23,472.09,106.22,15.81,history,594.12,1.0,578.31,578.31,0.0,0.0,578.31,578.31,0.0,15.81
2025-08-31,SHP05344,CARE,CC-105,LTL,2025-07-21,2025-07-23,304.94,71.36,18.96,history,395.26,1.0,376.3,376.3,0.0,0.0,376.3,376.3,0.0,18.96
2025-08-31,SHP05349,CARB,CC-104,LTL,2025-07-21,2025-07-22,178.59,41.79,19.41,history,239.79,1.0,220.38,220.38,0.0,0.0,220.38,220.38,0.0,19.41
2025-08-31,SHP05355,CARD,CC-105,LTL,2025-07-21,2025-07-23,327.73,76.69,15.81,history,420.23,1.0,404.42,404.42,0.0,0.0,404.42,404.42,0.0,15.81
2025-08-31,SHP05384,CARG,CC-105,TL,2025-07-22,2025-07-23,519.2,102.5,15.35,history,637.05,1.0,621.7,621.7,0.0,0.0,621.7,621.7,0.0,15.35
2025-08-31,SHP05406,CARF,CC-102,TL,2025-07-23,2025-07-25,1231.2,222.81,29.69,history,1483.7,1.0,1453.25,1453.25,0.0,0.0,1453.25,1453.25,0.0,30.45
2025-08-31,SHP05443,CARE,CC-103,LTL,2025-07-25,2025-07-28,370.93,86.8,18.96,history,476.69,1.0,552.73,457.73,95.0,0.0,552.73,457.73,95.0,-76.04
2025-08-31,SHP05462,CARH,CC-102,TL,2025-07-25,2025-07-28,1194.93,243.66,13.46,history,1452.05,1.0,1438.59,1438.59,0.0,0.0,1438.59,1438.59,0.0,13.46
2025-08-31,SHP05463,CARD,CC-101,LTL,2025-07-25,2025-07-27,239.33,56.0,15.81,history,311.14,1.0,295.33,295.33,0.0,0.0,295.33,295.33,0.0,15.81
2025-08-31,SHP05482,CARG,CC-104,TL,2025-07-26,2025-07-28,450.0,84.69,15.35,history,550.04,1.0,534.69,534.69,0.0,0.0,534.69,534.69,0.0,15.35
2025-08-31,SHP05484,CARH,CC-105,TL,2025-07-26,2025-07-27,598.23,125.52,13.46,history,737.21,1.0,723.75,723.75,0.0,0.0,723.75,723.75,0.0,13.46
2025-08-31,SHP05491,CARH,CC-103,TL,2025-07-27,2025-07-28,1100.9,236.71,13.46,history,1351.07,1.0,1337.61,1337.61,0.0,0.0,1337.61,1337.61,0.0,13.46
2025-08-31,SHP05496,CARE,CC-105,LTL,2025-07-27,2025-07-29,133.29,31.19,18.96,history,183.44,1.0,164.48,164.48,0.0,0.0,164.48,164.48,0.0,18.96
2025-08-31,SHP05508,CARD,CC-103,LTL,2025-07-27,2025-08-01,1228.2,287.4,15.81,history,1531.41,1.0,1515.6,1515.6,0.0,0.0,1515.6,1515.6,0.0,15.81
2025-08-31,SHP05515,CARB,CC-104,LTL,2025-07-28,2025-07-31,520.72,126.53,19.41,history,666.66,1.0,647.25,647.25,0.0,0.0,647.25,647.25,0.0,19.41
2025-08-31,SHP05528,CARE,CC-102,LTL,2025-07-29,2025-07-31,841.22,204.42,18.96,history,1064.6,1.0,1042.34,1042.34,0.0,0.0,1042.34,1042.34,0.0,22.26
2025-08-31,SHP05539,CARG,CC-102,TL,2025-07-29,2025-08-01,1782.92,379.43,15.35,history,2177.7,1.0,2162.35,2162.35,0.0,0.0,2162.35,2162.35,0.0,15.35
2025-08-31,SHP05549,CARH,CC-102,TL,2025-07-29,2025-07-30,555.12,115.95,13.46,history,684.53,1.0,896.07,671.07,225.0,225.0,671.07,671.07,0.0,13.46
2025-08-31,SHP05554,CARD,CC-105,LTL,2025-07-29,2025-07-31,337.47,82.01,15.81,history,435.29,1.0,419.48,419.48,0.0,0.0,419.48,419.48,0.0,15.81
2025-08-31,SHP05556,CARH,CC-102,TL,2025-07-30,2025-08-01,1194.93,253.1,13.46,history,1461.49,1.0,1673.03,1448.03,225.0,0.0,1673.03,1448.03,225.0,-211.54
2025-08-31,SHP05559,CARD,CC-103,LTL,2025-07-30,2025-08-02,925.89,224.99,15.81,history,1166.69,1.0,1150.88,1150.88,0.0,0.0,1150.88,1150.88,0.0,15.81
2025-08-31,SHP05561,CARB,CC-104,LTL,2025-07-30,2025-08-06,3467.7,842.65,19.41,history,4329.76,1.0,4405.35,4310.35,95.0,0.0,4405.35,4310.35,95.0,-75.59
2025-08-31,SHP05577,CARA,CC-102,LTL,2025-07-30,2025-08-01,781.5,189.9,17.97,history,989.37,1.0,1066.4,971.4,95.0,0.0,1066.4,971.4,95.0,-77.03
2025-08-31,SHP05583,CARG,CC-102,TL,2025-07-31,2025-08-02,1620.42,323.49,15.35,history,1959.26,1.0,1943.91,1943.91,0.0,0.0,1943.91,1943.91,0.0,15.35
2025-08-31,SHP05591,CARA,CC-105,LTL,2025-07-31,2025-08-03,133.28,32.39,17.97,history,183.64,1.0,165.67,165.67,0.0,0.0,165.67,165.67,0.0,17.97
2025-08-31,SHP05596,CARH,CC-104,TL,2025-07-31,2025-08-02,450.0,91.14,13.46,history,554.6,1.0,541.14,541.14,0.0,0.0,541.14,541.14,0.0,13.46
2025-08-31,SHP05612,CARD,CC-103,LTL,2025-08-01,2025-08-05,766.88,186.35,15.81,history,969.04,1.0,1078.96,953.96,125.0,0.0,1078.96,953.96,125.0,-109.92
2025-08-31,SHP05638,CARB,CC-102,LTL,2025-08-02,2025-08-06,270.87,65.82,19.41,history,356.1,1.0,336.69,336.69,0.0,0.0,336.69,336.69,0.0,19.41
2025-08-31,SHP05644,CARD,CC-103,LTL,2025-08-02,2025-08-08,1228.2,298.45,15.81,history,1542.46,1.0,1526.65,1526.65,0.0,0.0,1526.65,1526.65,0.0,15.81
2025-08-31,SHP05654,CARH,CC-102,TL,2025-08-02,2025-08-06,2414.45,506.66,13.46,history,2934.57,1.0,2921.11,2921.11,0.0,0.0,2921.11,2921.11,0.0,13.46
2025-08-31,SHP05656,CARB,CC-105,LTL,2025-08-03,2025-08-08,832.0,202.18,19.41,history,1053.59,1.0,1034.18,1034.18,0.0,0.0,1034.18,1034.18,0.0,19.41
2025-08-31,SHP05661,CARB,CC-103,LTL,2025-08-03,2025-08-07,651.09,158.21,19.41,history,828.71,1.0,809.3,809.3,0.0,0.0,809.3,809.3,0.0,19.41
2025-08-31,SHP05665,CARG,CC-104,TL,2025-08-03,2025-08-09,5133.3,1087.31,15.35,history,6235.96,1.0,6220.61,6220.61,0.0,0.0,6220.61,6220.61,0.0,15.35
2025-08-31,SHP05668,CARD,CC-103,LTL,2025-08-03,2025-08-08,148.25,36.02,15.81,history,200.08,1.0,184.27,184.27,0.0,0.0,184.27,184.27,0.0,15.81
2025-08-31,SHP05670,CARD,CC-103,LTL,2025-08-03,2025-08-09,2809.08,682.61,15.81,history,3507.5,1.0,3491.69,3491.69,0.0,0.0,3491.69,3491.69,0.0,15.81
2025-08-31,SHP05678,CARH,CC-101,TL,2025-08-03,2025-08-07,3849.82,785.93,13.46,history,4649.21,1.0,4635.75,4635.75,0.0,0.0,4635.75,4635.75,0.0,13.46
2025-08-31,SHP05687,CARD,CC-102,LTL,2025-08-04,2025-08-06,870.5,211.53,15.81,history,1097.84,1.0,1082.03,1082.03,0.0,0.0,1082.03,1082.03,0.0,15.81
2025-08-31,SHP05692,CARD,CC-104,LTL,2025-08-04,2025-08-10,2370.14,575.94,15.81,history,2961.89,1.0,2946.08,2946.08,0.0,0.0,2946.08,2946.08,0.0,15.81
2025-08-31,SHP05696,CARB,CC-102,LTL,2025-08-04,2025-08-06,382.86,93.03,19.41,history,495.3,1.0,475.89,475.89,0.0,0.0,475.89,475.89,0.0,19.41
2025-08-31,SHP05697,CARA,CC-103,LTL,2025-08-04,2025-08-07,359.18,87.28,17.97,history,464.43,1.0,446.46,446.46,0.0,0.0,446.46,446.46,0.0,17.97
2025-08-31,SHP05698,CARD,CC-102,LTL,2025-08-04,2025-08-08,690.7,167.84,15.81,history,874.35,1.0,858.54,858.54,0.0,0.0,858.54,858.54,0.0,15.81
2025-08-31,SHP05704,CARD,CC-102,LTL,2025-08-05,2025-08-08,441.29,107.23,15.81,history,564.33,1.0,548.52,548.52,0.0,0.0,548.52,548.52,0.0,15.81
2025-08-31,SHP05706,CARD,CC-103,LTL,2025-08-05,2025-08-09,410.7,99.8,15.81,history,526.31,1.0,512.06,512.06,0.0,0.0,512.06,512.06,0.0,14.25
2025-08-31,SHP05707,CARB,CC-104,LTL,2025-08-05,2025-08-07,320.09,77.78,19.41,history,417.28,1.0,522.87,397.87,125.0,0.0,522.87,397.87,125.0,-105.59
2025-08-31,SHP05725,CARH,CC-104,TL,2025-08-05,2025-08-07,450.0,90.97,13.46,history,554.43,1.0,797.33,572.33,225.0,31.36,765.97,540.97,225.0,-211.54
2025-08-31,SHP05726,CARB,CC-101,LTL,2025-08-05,2025-08-06,134.19,32.61,19.41,history,186.21,1.0,166.8,166.8,0.0,0.0,166.8,166.8,0.0,19.41
2025-08-31,SHP05729,CARB,CC-102,LTL,2025-08-06,2025-08-08,623.12,151.42,19.41,history,793.95,1.0,774.54,774.54,0.0,0.0,774.54,774.54,0.0,19.41
2025-08-31,SHP05730,CARD,CC-103,LTL,2025-08-06,2025-08-10,763.87,185.62,15.81,history,965.3,1.0,1044.49,949.49,95.0,0.0,1044.49,949.49,95.0,-79.19
2025-08-31,SHP05732,CARE,CC-101,LTL,2025-08-06,2025-08-10,1152.38,280.03,18.96,history,1451.37,1.0,1432.41,1432.41,0.0,0.0,1432.41,1432.41,0.0,18.96
2025-08-31,SHP05734,CARB,CC-102,LTL,2025-08-06,2025-08-08,191.95,46.64,19.41,history,258.0,1.0,238.59,238.59,0.0,0.0,238.59,238.59,0.0,19.41
2025-08-31,SHP05737,CARH,CC-101,TL,2025-08-06,2025-08-08,968.31,214.81,13.46,history,1196.58,1.0,1182.47,1182.47,0.0,0.0,1182.47,1182.47,0.0,14.11
2025-08-31,SHP05738,CARG,CC-101,TL,2025-08-06,2025-08-10,3031.08,679.1,15.35,history,3725.53,1.0,3710.18,3710.18,0.0,0.0,3710.18,3710.18,0.0,15.35
2025-08-31,SHP05739,CARG,CC-105,TL,2025-08-06,2025-08-07,519.2,106.28,15.35,history,640.83,1.0,700.48,625.48,75.0,0.0,700.48,625.48,75.0,-59.65
2025-08-31,SHP05740,CARD,CC-105,LTL,2025-08-06,2025-08-08,164.7,40.02,15.81,history,220.53,1.0,204.72,204.72,0.0,0.0,204.72,204.72,0.0,15.81
2025-08-31,SHP05742,CARH,CC-102,TL,2025-08-06,2025-08-11,3850.12,858.34,13.46,history,4721.92,1.0,4708.46,4708.46,0.0,0.0,4708.46,4708.46,0.0,13.46
2025-08-31,SHP05744,CARG,CC-102,TL,2025-08-06,2025-08-10,3150.84,653.88,15.35,history,3820.07,1.0,4126.64,4126.64,0.0,321.92,3804.72,3804.72,0.0,15.35
2025-08-31,SHP05749,CARD,CC-103,LTL,2025-08-07,2025-08-10,429.26,104.31,15.81,history,549.38,1.0,533.57,533.57,0.0,0.0,533.57,533.57,0.0,15.81
2025-08-31,SHP05755,CARH,CC-105,TL,2025-08-07,2025-08-12,4695.6,1006.95,13.46,history,5716.01,1.0,5702.55,5702.55,0.0,0.0,5702.55,5702.55,0.0,13.46
2025-08-31,SHP05757,CARD,CC-105,LTL,2025-08-07,2025-08-10,506.7,123.13,15.81,history,645.64,1.0,629.83,629.83,0.0,0.0,629.83,629.83,0.0,15.81
2025-08-31,SHP05758,CARE,CC-102,LTL,2025-08-07,2025-08-09,357.99,86.99,18.96,history,463.94,1.0,444.89,444.89,0.0,0.0,444.89,444.89,0.0,19.05
2025-08-31,SHP05761,CARD,CC-102,LTL,2025-08-07,2025-08-08,262.11,63.69,15.81,history,341.61,1.0,420.8,325.8,95.0,0.0,420.8,325.8,95.0,-79.19
2025-08-31,SHP05763,CARE,CC-105,LTL,2025-08-07,2025-08-08,594.4,144.44,18.96,history,757.8,1.0,833.84,738.84,95.0,0.0,833.84,738.84,95.0,-76.04
2025-08-31,SHP05765,CARA,CC-102,LTL,2025-08-07,2025-08-11,664.08,161.37,17.97,history,843.42,1.0,825.45,825.45,0.0,0.0,825.45,825.45,0.0,17.97
2025-08-31,SHP05767,CARC,CC-103,LTL,2025-08-07,2025-08-10,899.67,218.62,14.36,history,1132.65,1.0,1221.57,1221.57,0.0,103.28,1118.29,1118.29,0.0,14.36
2025-08-31,SHP05769,CARH,CC-102,TL,2025-08-08,2025-08-13,3850.12,858.34,13.46,history,4721.92,1.0,4708.46,4708.46,0.0,0.0,4708.46,4708.46,0.0,13.46
2025-08-31,SHP05774,CARD,CC-101,LTL,2025-08-08,2025-08-12,745.25,181.1,15.81,history,942.16,1.0,926.35,926.35,0.0,0.0,926.35,926.35,0.0,15.81
2025-08-31,SHP05777,CARB,CC-101,LTL,2025-08-08,2025-08-12,808.11,196.37,19.41,history,1023.89,1.0,1004.48,1004.48,0.0,0.0,1004.48,1004.48,0.0,19.41
2025-08-31,SHP05783,CARH,CC-101,TL,2025-08-08,2025-08-09,968.31,214.81,13.46,history,1196.58,1.0,1183.12,1183.12,0.0,0.0,1183.12,1183.12,0.0,13.46
2025-08-31,SHP05785,CARE,CC-104,LTL,2025-08-08,2025-08-10,165.71,40.27,18.96,history,224.94,1.0,205.98,205.98,0.0,0.0,205.98,205.98,0.0,18.96
2025-08-31,SHP05790,CARB,CC-102,LTL,2025-08-08,2025-08-10,392.02,95.26,19.41,history,506.69,1.0,487.28,487.28,0.0,0.0,487.28,487.28,0.0,19.41
2025-08-31,SHP05795,CARD,CC-103,LTL,2025-08-08,2025-08-11,732.8,178.07,15.81,history,926.68,1.0,910.87,910.87,0.0,0.0,910.87,910.87,0.0,15.81
2025-08-31,SHP05796,CARB,CC-103,LTL,2025-08-08,2025-08-12,648.5,157.59,19.41,history,825.5,1.0,901.09,806.09,95.0,0.0,901.09,806.09,95.0,-75.59
2025-08-31,SHP05803,CARB,CC-104,LTL,2025-08-09,2025-08-15,978.15,237.69,19.41,history,1235.25,1.0,1310.84,1215.84,95.0,0.0,1310.84,1215.84,95.0,-75.59
2025-08-31,SHP05806,CARB,CC-101,LTL,2025-08-09,2025-08-13,822.6,199.89,19.41,history,1041.9,1.0,1117.49,1022.49,95.0,0.0,1117.49,1022.49,95.0,-75.59
2025-08-31,SHP05809,CARD,CC-102,LTL,2025-08-09,2025-08-12,461.7,112.19,15.81,history,589.7,1.0,668.89,573.89,95.0,0.0,668.89,573.89,95.0,-79.19
2025-08-31,SHP05810,CARD,CC-103,LTL,2025-08-09,2025-08-15,1783.32,433.35,15.81,history,2232.48,1.0,2216.67,2216.67,0.0,0.0,2216.67,2216.67,0.0,15.81
2025-08-31,SHP05813,CARB,CC-104,LTL,2025-08-09,2025-08-15,1093.44,265.71,19.41,history,1378.56,1.0,1359.15,1359.15,0.0,0.0,1359.15,1359.15,0.0,19.41
2025-08-31,SHP05814,CARG,CC-105,TL,2025-08-09,2025-08-13,3118.98,613.35,15.35,history,3747.68,1.0,3732.33,3732.33,0.0,0.0,3732.33,3732.33,0.0,15.35
2025-08-31,SHP05816,CARA,CC-101,LTL,2025-08-09,2025-08-11,231.21,56.18,17.97,history,305.36,1.0,287.39,287.39,0.0,0.0,287.39,287.39,0.0,17.97
2025-08-31,SHP05822,CARB,CC-101,LTL,2025-08-10,2025-08-13,1742.0,423.31,19.41,history,2184.72,1.0,2165.31,2165.31,0.0,0.0,2165.31,2165.31,0.0,19.41
2025-08-31,SHP05824,CARD,CC-103,LTL,2025-08-10,2025-08-14,1066.4,259.14,15.81,history,1341.35,1.0,1325.54,1325.54,0.0,0.0,1325.54,1325.54,0.0,15.81
2025-08-31,SHP05826,CARE,CC-104,LTL,2025-08-10,2025-08-13,189.94,46.16,18.96,history,255.06,1.0,236.1,236.1,0.0,0.0,236.1,236.1,0.0,18.96
2025-08-31,SHP05835,CARH,CC-103,TL,2025-08-10,2025-08-12,1100.9,245.43,13.46,history,1359.79,1.0,1436.0,1436.0,0.0,89.67,1346.33,1346.33,0.0,13.46
2025-08-31,SHP05836,CARC,CC-104,LTL,2025-08-10,2025-08-16,326.85,79.42,14.36,history,420.63,1.0,406.27,406.27,0.0,0.0,406.27,406.27,0.0,14.36
2025-08-31,SHP05837,CARD,CC-104,LTL,2025-08-10,2025-08-16,330.78,80.38,15.81,history,426.97,1.0,411.16,411.16,0.0,0.0,411.16,411.16,0.0,15.81
2025-08-31,SHP05839,CARG,CC-104,TL,2025-08-10,2025-08-13,1750.17,347.21,15.35,history,2112.73,1.0,2097.38,2097.38,0.0,0.0,2097.38,2097.38,0.0,15.35
2025-08-31,SHP05842,CARA,CC-103,LTL,2025-08-10,2025-08-15,671.7,163.22,17.97,history,852.89,1.0,834.92,834.92,0.0,0.0,834.92,834.92,0.0,17.97
2025-08-31,SHP05843,CARE,CC-103,LTL,2025-08-10,2025-08-14,670.81,163.01,18.96,history,852.78,1.0,833.82,833.82,0.0,0.0,833.82,833.82,0.0,18.96
2025-08-31,SHP05845,CARC,CC-104,LTL,2025-08-10,2025-08-16,259.47,63.05,14.36,history,336.88,1.0,322.52,322.52,0.0,0.0,322.52,322.52,0.0,14.36
2025-08-31,SHP05846,CARD,CC-105,LTL,2025-08-10,2025-08-13,631.62,153.48,15.81,history,800.91,1.0,785.1,785.1,0.0,0.0,785.1,785.1,0.0,15.81
2025-08-31,SHP05849,CARD,CC-101,LTL,2025-08-10,2025-08-11,683.53,166.1,15.81,history,865.44,1.0,849.63,849.63,0.0,0.0,849.63,849.63,0.0,15.81
2025-08-31,SHP05853,CARB,CC-102,LTL,2025-08-10,2025-08-13,1435.5,348.83,19.41,history,1803.74,1.0,1879.33,1784.33,95.0,0.0,1879.33,1784.33,95.0,-75.59
2025-08-31,SHP05856,CARF,CC-104,TL,2025-08-10,2025-08-14,4072.32,818.71,29.69,history,4920.72,1.0,4965.45,4965.45,0.0,74.42,4891.03,4891.03,0.0,29.69
2025-08-31,SHP05857,CARE,CC-101,LTL,2025-08-10,2025-08-16,927.7,225.43,18.96,history,1172.09,1.0,1373.13,1153.13,220.0,0.0,1373.13,1153.13,220.0,-201.04
2025-08-31,SHP05860,CARH,CC-102,TL,2025-08-11,2025-08-14,1194.93,252.73,13.46,history,1461.12,1.0,1447.66,1447.66,0.0,0.0,1447.66,1447.66,0.0,13.46
2025-08-31,SHP05864,CARD,CC-105,LTL,2025-08-11,2025-08-14,878.26,213.42,15.81,history,1107.49,1.0,1091.68,1091.68,0.0,0.0,1091.68,1091.68,0.0,15.81
2025-08-31,SHP05866,CARD,CC-102,LTL,2025-08-11,2025-08-14,407.74,99.08,15.81,history,522.63,1.0,506.82,506.82,0.0,0.0,506.82,506.82,0.0,15.81
2025-08-31,SHP05867,CARB,CC-104,LTL,2025-08-11,2025-08-13,176.14,42.8,19.41,history,238.35,1.0,218.94,218.94,0.0,0.0,218.94,218.94,0.0,19.41
2025-08-31,SHP05870,CARH,CC-103,TL,2025-08-11,2025-08-15,3114.0,701.43,13.46,history,3828.89,1.0,3815.43,3815.43,0.0,0.0,3815.43,3815.43,0.0,13.46
2025-08-31,SHP05874,CARH,CC-104,TL,2025-08-11,2025-08-13,450.0,91.0,13.46,history,554.46,1.0,541.0,541.0,0.0,0.0,541.0,541.0,0.0,13.46
2025-08-31,SHP05878,CARG,CC-104,TL,2025-08-11,2025-08-17,5133.3,1085.7,15.35,history,6234.35,1.0,6219.0,6219.0,0.0,0.0,6219.0,6219.0,0.0,15.35
2025-08-31,SHP05880,CARG,CC-104,TL,2025-08-11,2025-08-12,1087.75,213.99,15.35,history,1317.09,1.0,1301.74,1301.74,0.0,0.0,1301.74,1301.74,0.0,15.35
2025-08-31,SHP05884,CARH,CC-103,TL,2025-08-11,2025-08-14,3114.0,701.43,13.46,history,3828.89,1.0,3815.43,3815.43,0.0,0.0,3815.43,3815.43,0.0,13.46
2025-08-31,SHP05886,CARD,CC-101,LTL,2025-08-11,2025-08-12,131.71,32.01,15.81,history,179.53,1.0,163.72,163.72,0.0,0.0,163.72,163.72,0.0,15.81
2025-08-31,SHP05887,CARD,CC-104,LTL,2025-08-11,2025-08-17,641.29,155.83,15.81,history,812.93,1.0,795.61,795.61,0.0,0.0,795.61,795.61,0.0,17.32
2025-08-31,SHP05889,CARH,CC-101,TL,2025-08-11,2025-08-15,3849.82,784.77,13.46,history,4648.05,1.0,4634.59,4634.59,0.0,0.0,4634.59,4634.59,0.0,13.46
2025-08-31,SHP05893,CARH,CC-102,TL,2025-08-12,2025-08-15,1743.65,365.36,13.46,history,2122.47,1.0,2109.01,2109.01,0.0,0.0,2109.01,2109.01,0.0,13.46
2025-08-31,SHP05895,CARE,CC-102,LTL,2025-08-12,2025-08-15,313.94,76.29,18.96,history,409.19,1.0,515.23,390.23,125.0,0.0,515.23,390.23,125.0,-106.04
2025-08-31,SHP05896,CARB,CC-102,LTL,2025-08-12,2025-08-14,365.84,88.9,19.41,history,474.15,1.0,548.2,453.2,95.0,0.0,548.2,453.2,95.0,-74.05
2025-08-31,SHP05898,CARA,CC-101,LTL,2025-08-12,2025-08-17,283.52,68.9,17.97,history,370.39,1.0,352.42,352.42,0.0,0.0,352.42,352.42,0.0,17.97
2025-08-31,SHP05899,CARB,CC-105,LTL,2025-08-12,2025-08-14,516.8,125.58,19.41,history,661.79,1.0,642.38,642.38,0.0,0.0,642.38,642.38,0.0,19.41
2025-08-31,SHP05900,CARC,CC-104,LTL,2025-08-12,2025-08-18,3280.44,797.15,14.36,history,4091.95,1.0,4166.16,4166.16,0.0,88.57,4077.59,4077.59,0.0,14.36
2025-08-31,SHP05901,CARG,CC-102,TL,2025-08-12,2025-08-13,825.6,172.99,15.35,history,1013.94,1.0,998.59,998.59,0.0,0.0,998.59,998.59,0.0,15.35
2025-08-31,SHP05904,CARE,CC-102,LTL,2025-08-12,2025-08-15,619.0,150.42,18.96,history,788.38,1.0,894.42,769.42,125.0,0.0,894.42,769.42,125.0,-106.04
2025-08-31,SHP05906,CARD,CC-103,LTL,2025-08-12,2025-08-16,806.42,195.96,15.81,history,1018.19,1.0,1002.38,1002.38,0.0,0.0,1002.38,1002.38,0.0,15.81
2025-08-31,SHP05909,CARD,CC-104,LTL,2025-08-12,2025-08-19,1636.33,397.63,15.81,history,2049.77,1.0,2033.96,2033.96,0.0,0.0,2033.96,2033.96,0.0,15.81
2025-08-31,SHP05911,CARB,CC-104,LTL,2025-08-13,2025-08-14,355.15,86.3,19.41,history,460.86,1.0,441.45,441.45,0.0,0.0,441.45,441.45,0.0,19.41
2025-08-31,SHP05913,CARB,CC-103,LTL,2025-08-13,2025-08-17,505.9,122.93,19.41,history,648.24,1.0,753.83,628.83,125.0,0.0,753.83,628.83,125.0,-105.59
2025-08-31,SHP05914,CARE,CC-101,LTL,2025-08-13,2025-08-16,387.35,94.13,18.96,history,500.44,1.0,481.48,481.48,0.0,0.0,481.48,481.48,0.0,18.96
2025-08-31,SHP05915,CARB,CC-102,LTL,2025-08-13,2025-08-15,494.79,120.23,19.41,history,634.43,1.0,615.02,615.02,0.0,0.0,615.02,615.02,0.0,19.41
2025-08-31,SHP05916,CARH,CC-105,TL,2025-08-13,2025-08-18,4695.6,1007.32,13.46,history,5716.38,1.0,5702.92,5702.92,0.0,0.0,5702.92,5702.92,0.0,13.46
2025-08-31,SHP05917,CARD,CC-101,LTL,2025-08-13,2025-08-17,1658.0,402.89,15.81,history,2076.7,1.0,2060.89,2060.89,0.0,0.0,2060.89,2060.89,0.0,15.81
2025-08-31,SHP05919,CARA,CC-103,LTL,2025-08-13,2025-08-17,943.7,229.32,17.97,history,1190.99,1.0,1268.02,1173.02,95.0,0.0,1268.02,1173.02,95.0,-77.03
2025-08-31,SHP05921,CARE,CC-101,LTL,2025-08-13,2025-08-18,854.05,207.53,18.96,history,1080.54,1.0,1061.58,1061.58,0.0,0.0,1061.58,1061.58,0.0,18.96
2025-08-31,SHP05922,CARD,CC-103,LTL,2025-08-13,2025-08-17,541.89,131.68,15.81,history,689.38,1.0,673.57,673.57,0.0,0.0,673.57,673.57,0.0,15.81
2025-08-31,SHP05923,CARH,CC-103,TL,2025-08-13,2025-08-14,1100.9,245.52,13.46,history,1359.88,2.0,2692.84,2692.84,0.0,1346.42,1346.42,1346.42,0.0,13.46
2025-08-31,SHP05925,CARD,CC-105,LTL,2025-08-13,2025-08-15,439.86,106.89,15.81,history,562.56,1.0,546.75,546.75,0.0,0.0,546.75,546.75,0.0,15.81
2025-08-31,SHP05927,CARB,CC-104,LTL,2025-08-13,2025-08-14,202.49,49.21,19.41,history,271.11,1.0,251.49,251.49,0.0,0.0,251.49,251.49,0.0,19.62
2025-08-31,SHP05929,CARH,CC-102,TL,2025-08-13,2025-08-14,555.12,115.78,13.46,history,684.36,1.0,970.9,670.9,300.0,0.0,970.9,670.9,300.0,-286.54
2025-08-31,SHP05930,CARF,CC-103,TL,2025-08-13,2025-08-16,2781.68,540.15,29.69,history,3351.52,1.0,3370.93,3370.93,0.0,49.1,3321.83,3321.83,0.0,29.69
2025-08-31,SHP05932,CARD,CC-105,LTL,2025-08-14,2025-08-17,260.72,63.35,15.81,history,339.88,1.0,324.07,324.07,0.0,0.0,324.07,324.07,0.0,15.81
2025-08-31,SHP05933,CARB,CC-103,LTL,2025-08-14,2025-08-18,631.36,153.42,19.41,history,804.19,1.0,784.79,784.79,0.0,0.0,784.79,784.79,0.0,19.4
2025-08-31,SHP05935,CARB,CC-102,LTL,2025-08-14,2025-08-16,147.28,35.79,19.41,history,202.48,1.0,183.07,183.07,0.0,0.0,183.07,183.07,0.0,19.41
2025-08-31,SHP05936,CARA,CC-101,LTL,2025-08-14,2025-08-19,461.9,112.24,17.97,history,592.11,2.0,699.14,574.14,125.0,0.0,699.14,574.14,125.0,-107.03
2025-08-31,SHP05937,CARF,CC-103,TL,2025-08-14,2025-08-19,4876.3,907.76,29.69,history,5813.75,1.0,5866.58,5866.58,0.0,82.52,5784.06,5784.06,0.0,29.69
2025-08-31,SHP05939,CARH,CC-104,TL,2025-08-14,2025-08-16,872.0,180.2,13.46,history,1065.66,1.0,1052.2,1052.2,0.0,0.0,1052.2,1052.2,0.0,13.46
2025-08-31,SHP05941,CARF,CC-103,TL,2025-08-14,2025-08-19,4876.3,907.76,29.69,history,5813.75,1.0,5866.58,5866.58,0.0,82.52,5784.06,5784.06,0.0,29.69
2025-08-31,SHP05942,CARD,CC-103,LTL,2025-08-14,2025-08-19,1602.56,389.42,15.81,history,2007.79,1.0,1991.19,1991.19,0.0,0.0,1991.19,1991.19,0.0,16.6
2025-08-31,SHP05945,CARE,CC-105,LTL,2025-08-14,2025-08-15,112.59,27.36,18.96,history,158.91,1.0,234.95,139.95,95.0,0.0,234.95,139.95,95.0,-76.04
2025-08-31,SHP05946,CARD,CC-103,LTL,2025-08-14,2025-08-20,522.69,127.01,15.81,history,665.51,1.0,649.7,649.7,0.0,0.0,649.7,649.7,0.0,15.81
2025-08-31,SHP05947,CARA,CC-104,LTL,2025-08-14,2025-08-19,188.13,45.72,17.97,history,251.82,1.0,233.85,233.85,0.0,0.0,233.85,233.85,0.0,17.97
2025-08-31,SHP05948,CARA,CC-102,LTL,2025-08-14,2025-08-18,733.82,178.32,17.97,history,930.11,1.0,912.14,912.14,0.0,0.0,912.14,912.14,0.0,17.97
2025-08-31,SHP05949,CARE,CC-103,LTL,2025-08-14,2025-08-18,740.87,180.03,18.96,history,939.86,1.0,920.9,920.9,0.0,0.0,920.9,920.9,0.0,18.96
2025-08-31,SHP05950,CARB,CC-101,LTL,2025-08-14,2025-08-19,2415.16,586.88,19.41,history,3021.45,1.0,2999.73,2999.73,0.0,0.0,2999.73,2999.73,0.0,21.72
2025-08-31,SHP05953,CARB,CC-104,LTL,2025-08-14,2025-08-15,828.0,201.2,19.41,history,1048.61,1.0,1029.2,1029.2,0.0,0.0,1029.2,1029.2,0.0,19.41
2025-08-31,SHP05954,CARB,CC-105,LTL,2025-08-14,2025-08-20,1516.6,368.53,19.41,history,1904.54,1.0,1885.13,1885.13,0.0,0.0,1885.13,1885.13,0.0,19.41
2025-08-31,SHP05955,CARD,CC-104,LTL,2025-08-14,2025-08-15,283.4,68.87,15.81,history,368.08,1.0,352.27,352.27,0.0,0.0,352.27,352.27,0.0,15.81
2025-08-31,SHP05956,CARD,CC-105,LTL,2025-08-14,2025-08-17,788.27,191.55,15.81,history,995.63,1.0,1199.82,979.82,220.0,0.0,1199.82,979.82,220.0,-204.19
2025-08-31,SHP05958,CARA,CC-104,LTL,2025-08-14,2025-08-17,779.72,189.47,17.97,history,987.16,1.0,969.19,969.19,0.0,0.0,969.19,969.19,0.0,17.97
2025-08-31,SHP05960,CARA,CC-102,LTL,2025-08-14,2025-08-16,385.61,93.7,17.97,history,497.28,1.0,479.31,479.31,0.0,0.0,479.31,479.31,0.0,17.97
2025-08-31,SHP05962,CARA,CC-104,LTL,2025-08-14,2025-08-19,718.85,174.68,17.97,history,911.5,1.0,893.53,893.53,0.0,0.0,893.53,893.53,0.0,17.97
2025-08-31,SHP05966,CARC,CC-104,LTL,2025-08-14,2025-08-17,493.7,119.97,14.36,history,628.03,1.0,743.11,618.11,125.0,129.44,613.67,613.67,0.0,14.36
2025-08-31,SHP05968,CARD,CC-103,LTL,2025-08-14,2025-08-18,305.39,74.21,15.81,history,395.41,1.0,381.01,381.01,0.0,0.0,381.01,381.01,0.0,14.4
2025-08-31,SHP05969,CARB,CC-101,LTL,2025-08-14,2025-08-18,253.44,61.59,19.41,history,334.44,1.0,315.03,315.03,0.0,0.0,315.03,315.03,0.0,19.41
2025-08-31,SHP05972,CARE,CC-101,LTL,2025-08-15,2025-08-16,813.96,197.79,18.96,history,1030.71,1.0,1011.91,1011.91,0.0,0.0,1011.91,1011.91,0.0,18.8
2025-08-31,SHP05975,CARE,CC-102,LTL,2025-08-15,2025-08-19,1586.16,385.44,18.96,history,1990.56,1.0,2096.6,1971.6,125.0,0.0,2096.6,1971.6,125.0,-106.04
2025-08-31,SHP05976,CARB,CC-105,LTL,2025-08-15,2025-08-18,739.54,179.71,19.41,history,938.66,1.0,1008.55,1008.55,0.0,0.0,1008.55,1008.55,0.0,-69.89
2025-08-31,SHP05977,CARE,CC-102,LTL,2025-08-15,2025-08-17,368.42,89.53,18.96,history,476.91,2.0,917.46,917.46,0.0,458.73,458.73,458.73,0.0,18.18
2025-08-31,SHP05983,CARA,CC-103,LTL,2025-08-15,2025-08-17,110.0,26.73,17.97,history,154.7,1.0,136.73,136.73,0.0,0.0,136.73,136.73,0.0,17.97
2025-08-31,SHP05984,CARF,CC-104,TL,2025-08-15,2025-08-17,1694.04,334.72,29.69,history,2058.45,1.0,2062.51,2062.51,0.0,30.43,2032.08,2032.08,0.0,26.37
2025-08-31,SHP05985,CARD,CC-102,LTL,2025-08-15,2025-08-18,855.71,207.94,15.81,history,1079.46,1.0,1063.65,1063.65,0.0,0.0,1063.65,1063.65,0.0,15.81
2025-08-31,SHP05988,CARB,CC-102,LTL,2025-08-15,2025-08-20,244.04,59.3,19.41,history,322.75,1.0,303.34,303.34,0.0,0.0,303.34,303.34,0.0,19.41
2025-08-31,SHP05989,CARE,CC-103,LTL,2025-08-15,2025-08-19,1290.9,313.69,18.96,history,1623.55,1.0,1604.59,1604.59,0.0,0.0,1604.59,1604.59,0.0,18.96
2025-08-31,SHP05990,CARD,CC-105,LTL,2025-08-15,2025-08-17,360.92,87.7,15.81,history,464.43,1.0,573.62,448.62,125.0,0.0,573.62,448.62,125.0,-109.19
2025-08-31,SHP05999,CARE,CC-105,LTL,2025-08-16,2025-08-21,559.28,135.91,18.96,history,714.15,1.0,695.19,695.19,0.0,0.0,695.19,695.19,0.0,18.96
2025-08-31,SHP06001,CARC,CC-101,LTL,2025-08-16,2025-08-19,568.63,138.18,14.36,history,721.17,1.0,706.81,706.81,0.0,0.0,706.81,706.81,0.0,14.36
2025-08-31,SHP06002,CARH,CC-102,TL,2025-08-16,2025-08-19,2414.45,505.91,13.46,history,2933.82,1.0,2920.36,2920.36,0.0,0.0,2920.36,2920.36,0.0,13.46
2025-08-31,SHP06003,CARE,CC-104,LTL,2025-08-16,2025-08-18,216.57,52.63,18.96,history,288.16,1.0,269.2,269.2,0.0,0.0,269.2,269.2,0.0,18.96
2025-08-31,SHP06005,CARE,CC-101,LTL,2025-08-16,2025-08-21,1577.0,383.21,18.96,history,1979.17,1.0,2085.21,1960.21,125.0,0.0,2085.21,1960.21,125.0,-106.04
2025-08-31,SHP06006,CARE,CC-102,LTL,2025-08-16,2025-08-19,268.39,65.22,18.96,history,352.57,1.0,333.61,333.61,0.0,0.0,333.61,333.61,0.0,18.96
2025-08-31,SHP06007,CARD,CC-103,LTL,2025-08-16,2025-08-20,805.93,195.84,15.81,history,1017.58,1.0,1001.77,1001.77,0.0,0.0,1001.77,1001.77,0.0,15.81
2025-08-31,SHP06008,CARH,CC-104,TL,2025-08-16,2025-08-18,872.0,180.2,13.46,history,1065.66,1.0,1052.2,1052.2,0.0,0.0,1052.2,1052.2,0.0,13.46
2025-08-31,SHP06010,CARE,CC-105,LTL,2025-08-16,2025-08-20,222.16,53.98,18.96,history,295.1,1.0,276.14,276.14,0.0,0.0,276.14,276.14,0.0,18.96
2025-08-31,SHP06011,CARB,CC-102,LTL,2025-08-16,2025-08-18,229.89,55.86,19.41,history,305.16,1.0,285.62,285.62,0.0,0.0,285.62,285.62,0.0,19.54
2025-08-31,SHP06012,CARD,CC-103,LTL,2025-08-16,2025-08-22,1513.63,367.81,15.81,history,1897.25,1.0,1881.44,1881.44,0.0,0.0,1881.44,1881.44,0.0,15.81
2025-08-31,SHP06015,CARB,CC-101,LTL,2025-08-16,2025-08-18,230.55,56.02,19.41,history,305.98,1.0,285.77,285.77,0.0,0.0,285.77,285.77,0.0,20.21
2025-08-31,SHP06017,CARG,CC-101,TL,2025-08-16,2025-08-20,3031.08,679.35,15.35,history,3725.78,1.0,3710.43,3710.43,0.0,0.0,3710.43,3710.43,0.0,15.35
2025-08-31,SHP06018,CARE,CC-104,LTL,2025-08-16,2025-08-17,251.83,61.19,18.96,history,331.98,1.0,313.02,313.02,0.0,0.0,313.02,313.02,0.0,18.96
2025-08-31,SHP06019,CARB,CC-102,LTL,2025-08-17,2025-08-22,199.04,48.37,19.41,history,266.82,1.0,247.41,247.41,0.0,0.0,247.41,247.41,0.0,19.41
2025-08-31,SHP06020,CARB,CC-101,LTL,2025-08-17,2025-08-22,782.63,190.18,19.41,history,992.22,1.0,972.81,972.81,0.0,0.0,972.81,972.81,0.0,19.41
2025-08-31,SHP06021,CARH,CC-104,TL,2025-08-17,2025-08-18,450.0,91.0,13.46,history,554.46,1.0,541.0,541.0,0.0,0.0,541.0,541.0,0.0,13.46
2025-08-31,SHP06022,CARF,CC-104,TL,2025-08-17,2025-08-19,1694.04,334.72,29.69,history,2058.45,1.0,2059.19,2059.19,0.0,30.43,2028.76,2028.76,0.0,29.69
2025-08-31,SHP06023,CARB,CC-102,LTL,2025-08-17,2025-08-18,237.53,57.72,19.41,history,314.66,1.0,295.28,295.28,0.0,0.0,295.28,295.28,0.0,19.38
2025-08-31,SHP06027,CARB,CC-103,LTL,2025-08-17,2025-08-21,372.9,90.61,19.41,history,482.92,2.0,558.83,463.83,95.0,0.0,558.83,463.83,95.0,-75.91
2025-08-31,SHP06030,CARE,CC-102,LTL,2025-08-17,2025-08-23,679.29,165.07,18.96,history,863.32,1.0,939.36,844.36,95.0,0.0,939.36,844.36,95.0,-76.04
2025-08-31,SHP06031,CARA,CC-104,LTL,2025-08-17,2025-08-20,217.65,52.89,17.97,history,288.51,1.0,270.54,270.54,0.0,0.0,270.54,270.54,0.0,17.97
2025-08-31,SHP06032,CARG,CC-103,TL,2025-08-17,2025-08-21,3133.35,668.99,15.35,history,3817.69,1.0,4225.32,4225.32,0.0,422.98,3802.34,3802.34,0.0,15.35
2025-08-31,SHP06033,CARD,CC-102,LTL,2025-08-17,2025-08-19,325.22,79.03,15.81,history,420.06,1.0,499.25,404.25,95.0,0.0,499.25,404.25,95.0,-79.19
2025-08-31,SHP06035,CARA,CC-102,LTL,2025-08-17,2025-08-21,657.5,159.77,17.97,history,835.24,1.0,817.27,817.27,0.0,0.0,817.27,817.27,0.0,17.97
2025-08-31,SHP06036,CARG,CC-103,TL,2025-08-17,2025-08-20,3133.35,668.99,15.35,history,3817.69,1.0,3802.34,3802.34,0.0,0.0,3802.34,3802.34,0.0,15.35
2025-08-31,SHP06038,CARB,CC-104,LTL,2025-08-17,2025-08-20,239.43,58.18,19.41,history,317.02,1.0,297.61,297.61,0.0,0.0,297.61,297.61,0.0,19.41
2025-08-31,SHP06039,CARC,CC-101,LTL,2025-08-17,2025-08-20,275.05,66.84,14.36,history,356.25,1.0,341.89,341.89,0.0,0.0,341.89,341.89,0.0,14.36
2025-08-31,SHP06040,CARH,CC-102,TL,2025-08-17,2025-08-20,1194.93,252.73,13.46,history,1461.12,1.0,1444.14,1444.14,0.0,0.0,1444.14,1444.14,0.0,16.98
2025-08-31,SHP06042,CARA,CC-105,LTL,2025-08-17,2025-08-22,1685.73,409.63,17.97,history,2113.33,1.0,2095.36,2095.36,0.0,0.0,2095.36,2095.36,0.0,17.97
2025-08-31,SHP06043,CARG,CC-105,TL,2025-08-17,2025-08-19,1254.24,281.11,15.35,history,1550.7,1.0,1591.51,1591.51,0.0,56.16,1535.35,1535.35,0.0,15.35
2025-08-31,SHP06044,CARE,CC-104,LTL,2025-08-17,2025-08-20,476.68,115.83,18.96,history,611.47,1.0,592.4,592.4,0.0,0.0,592.4,592.4,0.0,19.07
2025-08-31,SHP06046,CARA,CC-101,LTL,2025-08-17,2025-08-19,487.71,118.51,17.97,history,624.19,1.0,606.22,606.22,0.0,0.0,606.22,606.22,0.0,17.97
2025-08-31,SHP06048,CARD,CC-104,LTL,2025-08-17,2025-08-19,110.0,26.73,15.81,history,152.54,1.0,137.18,137.18,0.0,0.0,137.18,137.18,0.0,15.36
2025-08-31,SHP06050,CARG,CC-102,TL,2025-08-17,2025-08-19,1782.92,378.87,15.35,history,2177.14,1.0,2161.79,2161.79,0.0,0.0,2161.79,2161.79,0.0,15.35
2025-08-31,SHP06051,CARC,CC-103,LTL,2025-08-18,2025-08-22,697.66,169.53,14.36,history,881.55,1.0,867.19,867.19,0.0,0.0,867.19,867.19,0.0,14.36
2025-08-31,SHP06052,CARC,CC-104,LTL,2025-08-18,2025-08-24,1323.52,321.62,14.36,history,1659.5,2.0,1865.14,1645.14,220.0,0.0,1865.14,1645.14,220.0,-205.64
2025-08-31,SHP06054,CARE,CC-101,LTL,2025-08-18,2025-08-22,1635.48,397.42,18.96,history,2051.86,1.0,2032.9,2032.9,0.0,0.0,2032.9,2032.9,0.0,18.96
2025-08-31,SHP06055,CARA,CC-104,LTL,2025-08-18,2025-08-20,187.81,45.64,17.97,history,251.42,1.0,279.81,279.81,0.0,0.0,279.81,279.81,0.0,-28.39
2025-08-31,SHP06056,CARA,CC-102,LTL,2025-08-18,2025-08-19,359.73,87.41,17.97,history,465.11,1.0,542.14,447.14,95.0,95.0,447.14,447.14,0.0,17.97
2025-08-31,SHP06057,CARD,CC-102,LTL,2025-08-18,2025-08-20,1898.25,461.27,15.81,history,2375.33,1.0,2359.95,2359.95,0.0,0.0,2359.95,2359.95,0.0,15.38
2025-08-31,SHP06058,CARB,CC-102,LTL,2025-08-18,2025-08-20,170.1,41.33,19.41,history,230.84,1.0,306.43,211.43,95.0,0.0,306.43,211.43,95.0,-75.59
2025-08-31,SHP06059,CARB,CC-105,LTL,2025-08-18,2025-08-24,1756.98,426.95,19.41,history,2203.34,1.0,2183.93,2183.93,0.0,0.0,2183.93,2183.93,0.0,19.41
2025-08-31,SHP06061,CARB,CC-101,LTL,2025-08-18,2025-08-23,592.07,143.87,19.41,history,755.35,1.0,735.94,735.94,0.0,0.0,735.94,735.94,0.0,19.41
2025-08-31,SHP06062,CARB,CC-104,LTL,2025-08-18,2025-08-24,1566.99,380.78,19.41,history,1967.18,1.0,1947.77,1947.77,0.0,0.0,1947.77,1947.77,0.0,19.41
2025-08-31,SHP06063,CARE,CC-101,LTL,2025-08-18,2025-08-20,151.89,36.91,18.96,history,207.76,1.0,188.75,188.75,0.0,0.0,188.75,188.75,0.0,19.01
2025-08-31,SHP06064,CARB,CC-102,LTL,2025-08-18,2025-08-20,370.14,89.94,19.41,history,479.49,1.0,460.08,460.08,0.0,0.0,460.08,460.08,0.0,19.41
2025-08-31,SHP06065,CARE,CC-102,LTL,2025-08-18,2025-08-22,879.0,213.6,18.96,history,1111.56,1.0,1092.6,1092.6,0.0,0.0,1092.6,1092.6,0.0,18.96
2025-08-31,SHP06066,CARC,CC-104,LTL,2025-08-18,2025-08-23,629.67,153.01,14.36,history,797.04,1.0,782.68,782.68,0.0,0.0,782.68,782.68,0.0,14.36
2025-08-31,SHP06067,CARB,CC-103,LTL,2025-08-18,2025-08-22,648.5,157.59,19.41,history,825.5,1.0,806.09,806.09,0.0,0.0,806.09,806.09,0.0,19.41
2025-08-31,SHP06068,CARD,CC-104,LTL,2025-08-18,2025-08-20,831.79,202.12,15.81,history,1049.72,1.0,1033.91,1033.91,0.0,0.0,1033.91,1033.91,0.0,15.81
2025-08-31,SHP06069,CARD,CC-104,LTL,2025-08-18,2025-08-25,932.65,226.63,15.81,history,1175.09,1.0,1160.06,1160.06,0.0,0.0,1160.06,1160.06,0.0,15.03
2025-08-31,SHP06070,CARC,CC-102,LTL,2025-08-18,2025-08-21,872.92,212.12,14.36,history,1099.4,1.0,1085.04,1085.04,0.0,0.0,1085.04,1085.04,0.0,14.36
2025-08-31,SHP06071,CARA,CC-104,LTL,2025-08-18,2025-08-20,722.44,175.55,17.97,history,915.96,2.0,1795.98,1795.98,0.0,897.99,897.99,897.99,0.0,17.97
2025-08-31,SHP06072,CARH,CC-104,TL,2025-08-18,2025-08-19,450.0,92.55,13.46,history,556.01,1.0,542.55,542.55,0.0,0.0,542.55,542.55,0.0,13.46
2025-08-31,SHP06073,CARA,CC-105,LTL,2025-08-18,2025-08-24,777.62,188.96,17.97,history,984.55,1.0,966.58,966.58,0.0,0.0,966.58,966.58,0.0,17.97
2025-08-31,SHP06074,CARA,CC-105,LTL,2025-08-18,2025-08-20,1088.55,264.52,17.97,history,1371.04,1.0,1353.07,1353.07,0.0,0.0,1353.07,1353.07,0.0,17.97
2025-08-31,SHP06075,CARD,CC-101,LTL,2025-08-18,2025-08-22,1098.55,266.95,15.81,history,1381.31,1.0,1365.5,1365.5,0.0,0.0,1365.5,1365.5,0.0,15.81
2025-08-31,SHP06076,CARA,CC-104,LTL,2025-08-18,2025-08-21,348.68,84.73,17.97,history,451.38,1.0,433.41,433.41,0.0,0.0,433.41,433.41,0.0,17.97
2025-08-31,SHP06077,CARE,CC-105,LTL,2025-08-18,2025-08-20,777.83,189.01,18.96,history,985.8,1.0,1091.84,966.84,125.0,0.0,1091.84,966.84,125.0,-106.04
2025-08-31,SHP06078,CARH,CC-104,TL,2025-08-18,2025-08-20,872.0,183.27,13.46,history,1068.73,1.0,1055.27,1055.27,0.0,0.0,1055.27,1055.27,0.0,13.46
2025-08-31,SHP06079,CARA,CC-102,LTL,2025-08-18,2025-08-20,1263.35,306.99,17.97,history,1588.31,1.0,1570.34,1570.34,0.0,0.0,1570.34,1570.34,0.0,17.97
2025-08-31,SHP06080,CARB,CC-102,LTL,2025-08-19,2025-08-22,463.4,112.61,19.41,history,595.42,1.0,576.01,576.01,0.0,0.0,576.01,576.01,0.0,19.41
2025-08-31,SHP06081,CARA,CC-105,LTL,2025-08-19,2025-08-23,695.02,168.89,17.97,history,881.88,1.0,863.91,863.91,0.0,0.0,863.91,863.91,0.0,17.97
2025-08-31,SHP06082,CARB,CC-101,LTL,2025-08-19,2025-08-25,413.55,100.49,19.41,history,533.45,1.0,514.04,514.04,0.0,0.0,514.04,514.04,0.0,19.41
2025-08-31,SHP06083,CARD,CC-103,LTL,2025-08-19,2025-08-22,1193.96,290.13,15.81,history,1499.9,1.0,1484.09,1484.09,0.0,0.0,1484.09,1484.09,0.0,15.81
2025-08-31,SHP06084,CARD,CC-102,LTL,2025-08-19,2025-08-21,411.0,99.87,15.81,history,526.68,1.0,635.87,510.87,125.0,0.0,635.87,510.87,125.0,-109.19
2025-08-31,SHP06085,CARE,CC-104,LTL,2025-08-19,2025-08-21,110.0,26.73,18.96,history,155.69,1.0,136.73,136.73,0.0,0.0,136.73,136.73,0.0,18.96
2025-08-31,SHP06086,CARA,CC-102,LTL,2025-08-19,2025-08-22,294.9,71.66,17.97,history,384.53,1.0,461.56,366.56,95.0,0.0,461.56,366.56,95.0,-77.03
2025-08-31,SHP06088,CARD,CC-101,LTL,2025-08-19,2025-08-21,615.49,149.56,15.81,history,780.86,1.0,889.76,764.76,125.0,0.0,889.76,764.76,125.0,-108.9
2025-08-31,SHP06089,CARA,CC-102,LTL,2025-08-19,2025-08-21,426.87,103.73,17.97,history,548.57,1.0,637.12,542.12,95.0,106.52,530.6,530.6,0.0,17.97
2025-08-31,SHP06090,CARE,CC-105,LTL,2025-08-19,2025-08-21,254.11,61.75,18.96,history,334.82,1.0,440.86,315.86,125.0,125.0,315.86,315.86,0.0,18.96
2025-08-31,SHP06091,CARE,CC-105,LTL,2025-08-19,2025-08-24,1588.57,386.02,18.96,history,1993.55,1.0,2099.59,1974.59,125.0,0.0,2099.59,1974.59,125.0,-106.04
2025-08-31,SHP06092,CARD,CC-102,LTL,2025-08-19,2025-08-21,286.35,69.58,15.81,history,371.74,1.0,355.93,355.93,0.0,0.0,355.93,355.93,0.0,15.81
2025-08-31,SHP06093,CARF,CC-102,TL,2025-08-19,2025-08-22,2408.9,499.4,29.69,history,2937.99,1.0,2953.7,2953.7,0.0,45.4,2908.3,2908.3,0.0,29.69
2025-08-31,SHP06095,CARD,CC-102,LTL,2025-08-19,2025-08-21,110.0,26.73,15.81,history,152.54,1.0,136.73,136.73,0.0,0.0,136.73,136.73,0.0,15.81
2025-08-31,SHP06097,CARC,CC-104,LTL,2025-08-19,2025-08-25,986.99,239.84,14.36,history,1241.19,1.0,1226.83,1226.83,0.0,0.0,1226.83,1226.83,0.0,14.36
2025-08-31,SHP06099,CARA,CC-103,LTL,2025-08-19,2025-08-25,449.4,109.2,17.97,history,576.57,1.0,626.92,626.92,0.0,68.32,558.6,558.6,0.0,17.97
2025-08-31,SHP06100,CARA,CC-102,LTL,2025-08-19,2025-08-21,110.0,26.73,17.97,history,154.7,1.0,136.73,136.73,0.0,0.0,136.73,136.73,0.0,17.97
2025-08-31,SHP06101,CARD,CC-102,LTL,2025-08-19,2025-08-22,800.78,194.59,15.81,history,1011.18,1.0,1003.92,1003.92,0.0,0.0,1003.92,1003.92,0.0,7.26
2025-08-31,SHP06102,CARC,CC-104,LTL,2025-08-19,2025-08-23,828.92,201.43,14.36,history,1044.71,1.0,1030.35,1030.35,0.0,0.0,1030.35,1030.35,0.0,14.36
2025-08-31,SHP06103,CARB,CC-101,LTL,2025-08-19,2025-08-22,822.6,199.89,19.41,history,1041.9,1.0,1022.49,1022.49,0.0,0.0,1022.49,1022.49,0.0,19.41
2025-08-31,SHP06105,CARE,CC-101,LTL,2025-08-19,2025-08-23,674.73,163.96,18.96,history,857.65,1.0,838.69,838.69,0.0,0.0,838.69,838.69,0.0,18.96
2025-08-31,SHP06106,CARB,CC-102,LTL,2025-08-19,2025-08-22,1087.87,264.35,19.41,history,1371.63,1.0,1352.93,1352.93,0.0,0.0,1352.93,1352.93,0.0,18.7
2025-08-31,SHP06107,CARB,CC-102,LTL,2025-08-19,2025-08-20,137.3,33.36,19.41,history,190.07,1.0,170.66,170.66,0.0,0.0,170.66,170.66,0.0,19.41
2025-08-31,SHP06108,CARG,CC-101,TL,2025-08-19,2025-08-22,3031.08,690.92,15.35,history,3737.35,1.0,3722.0,3722.0,0.0,0.0,3722.0,3722.0,0.0,15.35
2025-08-31,SHP06109,CARG,CC-102,TL,2025-08-19,2025-08-22,3150.84,665.26,15.35,history,3831.45,1.0,4079.1,4079.1,0.0,263.0,3816.1,3816.1,0.0,15.35
2025-08-31,SHP06111,CARC,CC-102,LTL,2025-08-20,2025-08-23,407.4,99.0,14.36,history,520.76,1.0,506.4,506.4,0.0,0.0,506.4,506.4,0.0,14.36
2025-08-31,SHP06112,CARB,CC-102,LTL,2025-08-20,2025-08-22,598.28,145.38,19.41,history,763.07,1.0,868.66,743.66,125.0,0.0,868.66,743.66,125.0,-105.59
2025-08-31,SHP06114,CARB,CC-105,LTL,2025-08-20,2025-08-25,976.85,237.37,19.41,history,1233.63,1.0,1309.71,1214.71,95.0,0.0,1309.71,1214.71,95.0,-76.08
2025-08-31,SHP06115,CARC,CC-103,LTL,2025-08-20,2025-08-23,244.43,59.4,14.36,history,318.19,1.0,303.68,303.68,0.0,0.0,303.68,303.68,0.0,14.51
2025-08-31,SHP06116,CARH,CC-102,TL,2025-08-20,2025-08-23,1308.34,286.81,13.46,history,1608.61,1.0,1595.15,1595.15,0.0,0.0,1595.15,1595.15,0.0,13.46
2025-08-31,SHP06117,CARB,CC-101,LTL,2025-08-20,2025-08-24,1145.06,278.25,19.41,history,1442.72,1.0,1424.16,1424.16,0.0,0.0,1424.16,1424.16,0.0,18.56
2025-08-31,SHP06118,CARD,CC-103,LTL,2025-08-20,2025-08-24,746.15,181.31,15.81,history,943.27,1.0,1253.96,1033.96,220.0,0.0,1253.96,1033.96,220.0,-310.69
2025-08-31,SHP06119,CARE,CC-101,LTL,2025-08-20,2025-08-25,661.45,160.73,18.96,history,841.14,1.0,947.18,822.18,125.0,0.0,947.18,822.18,125.0,-106.04
2025-08-31,SHP06120,CARB,CC-102,LTL,2025-08-20,2025-08-23,563.46,136.92,19.41,history,719.79,1.0,700.38,700.38,0.0,0.0,700.38,700.38,0.0,19.41
2025-08-31,SHP06122,CARD,CC-102,LTL,2025-08-20,2025-08-23,627.18,152.4,15.81,history,795.39,1.0,779.58,779.58,0.0,0.0,779.58,779.58,0.0,15.81
2025-08-31,SHP06124,CARE,CC-105,LTL,2025-08-20,2025-08-22,450.77,109.54,18.96,history,579.27,1.0,560.31,560.31,0.0,0.0,560.31,560.31,0.0,18.96
2025-08-31,SHP06125,CARA,CC-102,LTL,2025-08-20,2025-08-21,246.41,59.88,17.97,history,324.26,1.0,306.29,306.29,0.0,0.0,306.29,306.29,0.0,17.97
2025-08-31,SHP06126,CARE,CC-101,LTL,2025-08-20,2025-08-25,1703.54,413.96,18.96,history,2136.46,1.0,2117.5,2117.5,0.0,0.0,2117.5,2117.5,0.0,18.96
2025-08-31,SHP06127,CARC,CC-101,LTL,2025-08-20,2025-08-21,334.8,81.36,14.36,history,430.52,1.0,416.16,416.16,0.0,0.0,416.16,416.16,0.0,14.36
2025-08-31,SHP06128,CARF,CC-103,TL,2025-08-21,2025-08-23,1458.54,301.02,29.69,history,1789.25,1.0,1861.92,1786.92,75.0,27.36,1834.56,1759.56,75.0,-45.31
2025-08-31,SHP06129,CARA,CC-101,LTL,2025-08-21,2025-08-25,1002.47,243.6,17.97,history,1264.04,1.0,1246.07,1246.07,0.0,0.0,1246.07,1246.07,0.0,17.97
2025-08-31,SHP06130,CARA,CC-104,LTL,2025-08-21,2025-08-27,3032.5,736.9,17.97,history,3787.37,1.0,3769.4,3769.4,0.0,0.0,3769.4,3769.4,0.0,17.97
2025-08-31,SHP06131,CARB,CC-101,LTL,2025-08-21,2025-08-22,135.63,32.96,19.41,history,188.0,1.0,189.99,189.99,0.0,21.4,168.59,168.59,0.0,19.41
2025-08-31,SHP06132,CARD,CC-104,LTL,2025-08-21,2025-08-23,523.78,127.28,15.81,history,666.87,1.0,651.06,651.06,0.0,0.0,651.06,651.06,0.0,15.81
2025-08-31,SHP06133,CARD,CC-101,LTL,2025-08-21,2025-08-22,251.42,61.1,15.81,history,328.33,1.0,407.52,312.52,95.0,0.0,407.52,312.52,95.0,-79.19
2025-08-31,SHP06134,CARB,CC-104,LTL,2025-08-21,2025-08-27,975.1,236.95,19.41,history,1231.46,1.0,1212.05,1212.05,0.0,0.0,1212.05,1212.05,0.0,19.41
2025-08-31,SHP06135,CARB,CC-104,LTL,2025-08-21,2025-08-22,604.26,146.84,19.41,history,770.51,1.0,749.41,749.41,0.0,0.0,749.41,749.41,0.0,21.1
2025-08-31,SHP06136,CARC,CC-104,LTL,2025-08-21,2025-08-24,493.7,119.97,14.36,history,628.03,1.0,613.67,613.67,0.0,0.0,613.67,613.67,0.0,14.36
2025-08-31,SHP06137,CARE,CC-105,LTL,2025-08-21,2025-08-22,144.54,35.12,18.96,history,198.62,1.0,179.66,179.66,0.0,0.0,179.66,179.66,0.0,18.96
2025-08-31,SHP06138,CARH,CC-103,TL,2025-08-21,2025-08-23,1100.9,249.7,13.46,history,1364.06,1.0,1425.6,1350.6,75.0,75.0,1350.6,1350.6,0.0,13.46
2025-08-31,SHP06139,CARC,CC-102,LTL,2025-08-21,2025-08-26,1263.44,307.02,14.36,history,1584.82,1.0,1570.46,1570.46,0.0,0.0,1570.46,1570.46,0.0,14.36
2025-08-31,SHP06140,CARC,CC-101,LTL,2025-08-21,2025-08-26,998.8,242.71,14.36,history,1255.87,1.0,1242.39,1242.39,0.0,0.0,1242.39,1242.39,0.0,13.48
2025-08-31,SHP06141,CARD,CC-102,LTL,2025-08-21,2025-08-23,381.16,92.62,15.81,history,489.59,1.0,473.78,473.78,0.0,0.0,473.78,473.78,0.0,15.81
2025-08-31,SHP06142,CARE,CC-105,LTL,2025-08-21,2025-08-24,569.19,138.31,18.96,history,726.46,1.0,707.5,707.5,0.0,0.0,707.5,707.5,0.0,18.96
2025-08-31,SHP06143,CARA,CC-101,LTL,2025-08-21,2025-08-26,472.99,114.94,17.97,history,605.9,1.0,682.93,587.93,95.0,95.0,587.93,587.93,0.0,17.97
2025-08-31,SHP06144,CARB,CC-101,LTL,2025-08-21,2025-08-23,110.0,26.73,19.41,history,156.14,1.0,231.73,136.73,95.0,0.0,231.73,136.73,95.0,-75.59
2025-08-31,SHP06145,CARH,CC-105,TL,2025-08-21,2025-08-26,4695.6,1024.46,13.46,history,5733.52,1.0,5727.09,5727.09,0.0,0.0,5727.09,5727.09,0.0,6.43
2025-08-31,SHP06146,CARC,CC-101,LTL,2025-08-21,2025-08-25,1697.59,412.51,14.36,history,2124.46,1.0,2110.1,2110.1,0.0,0.0,2110.1,2110.1,0.0,14.36
2025-08-31,SHP06147,CARA,CC-103,LTL,2025-08-21,2025-08-26,1487.2,361.39,17.97,history,1866.56,1.0,1943.59,1848.59,95.0,95.0,1848.59,1848.59,0.0,17.97
2025-08-31,SHP06148,CARC,CC-101,LTL,2025-08-21,2025-08-24,996.09,242.05,14.36,history,1252.5,1.0,1238.14,1238.14,0.0,0.0,1238.14,1238.14,0.0,14.36
2025-08-31,SHP06149,CARA,CC-101,LTL,2025-08-22,2025-08-25,1322.29,321.32,17.97,history,1661.58,1.0,1643.61,1643.61,0.0,0.0,1643.61,1643.61,0.0,17.97
2025-08-31,SHP06150,CARD,CC-105,LTL,2025-08-22,2025-08-24,788.44,191.59,15.81,history,995.84,1.0,980.03,980.03,0.0,0.0,980.03,980.03,0.0,15.81
2025-08-31,SHP06151,CARB,CC-103,LTL,2025-08-22,2025-08-26,1102.4,267.88,19.41,history,1389.69,1.0,1370.28,1370.28,0.0,0.0,1370.28,1370.28,0.0,19.41
2025-08-31,SHP06152,CARG,CC-105,TL,2025-08-22,2025-08-24,1254.24,285.9,15.35,history,1555.49,1.0,1540.14,1540.14,0.0,0.0,1540.14,1540.14,0.0,15.35
2025-08-31,SHP06153,CARB,CC-105,LTL,2025-08-22,2025-08-25,291.48,70.83,19.41,history,381.72,1.0,362.31,362.31,0.0,0.0,362.31,362.31,0.0,19.41
2025-08-31,SHP06154,CARA,CC-101,LTL,2025-08-22,2025-08-26,4030.75,979.47,17.97,history,5028.19,1.0,5010.22,5010.22,0.0,0.0,5010.22,5010.22,0.0,17.97
2025-08-31,SHP06155,CARH,CC-102,TL,2025-08-22,2025-08-24,1308.34,286.81,13.46,history,1608.61,1.0,1595.15,1595.15,0.0,0.0,1595.15,1595.15,0.0,13.46
2025-08-31,SHP06156,CARH,CC-103,TL,2025-08-22,2025-08-26,3699.41,851.73,13.46,history,4564.6,1.0,4551.14,4551.14,0.0,0.0,4551.14,4551.14,0.0,13.46
2025-08-31,SHP06157,CARA,CC-105,LTL,2025-08-22,2025-08-27,1756.06,426.72,17.97,history,2200.75,1.0,2182.78,2182.78,0.0,0.0,2182.78,2182.78,0.0,17.97
2025-08-31,SHP06158,CARD,CC-103,LTL,2025-08-22,2025-08-24,532.68,129.44,15.81,history,677.93,1.0,768.94,768.94,0.0,0.0,768.94,768.94,0.0,-91.01
2025-08-31,SHP06159,CARA,CC-103,LTL,2025-08-22,2025-08-27,367.1,89.21,17.97,history,474.28,1.0,456.31,456.31,0.0,0.0,456.31,456.31,0.0,17.97
2025-08-31,SHP06160,CARD,CC-103,LTL,2025-08-22,2025-08-28,2376.99,577.61,15.81,history,2970.41,1.0,2954.6,2954.6,0.0,0.0,2954.6,2954.6,0.0,15.81
2025-08-31,SHP06161,CARD,CC-104,LTL,2025-08-22,2025-08-24,221.43,53.81,15.81,history,291.05,1.0,370.24,275.24,95.0,0.0,370.24,275.24,95.0,-79.19
2025-08-31,SHP06162,CARE,CC-105,LTL,2025-08-22,2025-08-24,112.88,27.43,18.96,history,159.27,1.0,140.31,140.31,0.0,0.0,140.31,140.31,0.0,18.96
2025-08-31,SHP06163,CARD,CC-102,LTL,2025-08-22,2025-08-24,821.92,199.73,15.81,history,1037.46,1.0,1146.65,1021.65,125.0,0.0,1146.65,1021.65,125.0,-109.19
2025-08-31,SHP06164,CARD,CC-101,LTL,2025-08-22,2025-08-23,110.0,26.73,15.81,history,152.54,1.0,261.73,136.73,125.0,125.0,136.73,136.73,0.0,15.81
2025-08-31,SHP06165,CARD,CC-104,LTL,2025-08-22,2025-08-28,772.57,187.73,15.81,history,976.11,1.0,960.3,960.3,0.0,0.0,960.3,960.3,0.0,15.81
2025-08-31,SHP06166,CARH,CC-105,TL,2025-08-22,2025-08-24,598.23,132.41,13.46,history,744.1,1.0,730.64,730.64,0.0,0.0,730.64,730.64,0.0,13.46
2025-08-31,SHP06168,CARC,CC-101,LTL,2025-08-22,2025-08-26,746.77,181.47,14.36,history,942.6,1.0,928.24,928.24,0.0,0.0,928.24,928.24,0.0,14.36
2025-08-31,SHP06169,CARC,CC-104,LTL,2025-08-22,2025-08-24,356.21,86.56,14.36,history,457.13,1.0,442.77,442.77,0.0,0.0,442.77,442.77,0.0,14.36
2025-08-31,SHP06170,CARE,CC-104,LTL,2025-08-22,2025-08-24,163.54,39.74,18.96,history,222.24,1.0,340.29,215.29,125.0,0.0,340.29,215.29,125.0,-118.05
2025-08-31,SHP06171,CARG,CC-104,TL,2025-08-22,2025-08-25,1750.17,353.25,15.35,history,2118.77,1.0,2103.42,2103.42,0.0,0.0,2103.42,2103.42,0.0,15.35
2025-08-31,SHP06172,CARD,CC-105,LTL,2025-08-22,2025-08-23,365.96,88.93,15.81,history,470.7,1.0,454.89,454.89,0.0,0.0,454.89,454.89,0.0,15.81
2025-08-31,SHP06173,CARC,CC-104,LTL,2025-08-22,2025-08-29,3415.5,829.97,14.36,history,4259.83,1.0,4245.47,4245.47,0.0,0.0,4245.47,4245.47,0.0,14.36
2025-08-31,SHP06174,CARD,CC-102,LTL,2025-08-22,2025-08-25,136.75,33.23,15.81,history,185.79,1.0,264.98,169.98,95.0,0.0,264.98,169.98,95.0,-79.19
2025-08-31,SHP06175,CARD,CC-105,LTL,2025-08-23,2025-08-24,110.0,26.73,15.81,history,152.54,1.0,136.73,136.73,0.0,0.0,136.73,136.73,0.0,15.81
2025-08-31,SHP06176,CARB,CC-102,LTL,2025-08-23,2025-08-26,236.02,57.35,19.41,history,312.78,1.0,293.37,293.37,0.0,0.0,293.37,293.37,0.0,19.41
2025-08-31,SHP06177,CARD,CC-103,LTL,2025-08-23,2025-08-27,781.16,189.82,15.81,history,986.79,1.0,1065.98,970.98,95.0,0.0,1065.98,970.98,95.0,-79.19
2025-08-31,SHP06178,CARA,CC-101,LTL,2025-08-23,2025-08-26,594.98,144.58,17.97,history,757.53,1.0,739.56,739.56,0.0,0.0,739.56,739.56,0.0,17.97
2025-08-31,SHP06179,CARB,CC-104,LTL,2025-08-23,2025-08-25,270.6,65.76,19.41,history,355.77,1.0,336.36,336.36,0.0,0.0,336.36,336.36,0.0,19.41
2025-08-31,SHP06180,CARB,CC-104,LTL,2025-08-23,2025-08-25,543.5,132.07,19.41,history,694.98,1.0,675.57,675.57,0.0,0.0,675.57,675.57,0.0,19.41
2025-08-31,SHP06181,CARG,CC-101,TL,2025-08-23,2025-08-25,450.0,90.72,15.35,history,556.07,1.0,540.72,540.72,0.0,0.0,540.72,540.72,0.0,15.35
2025-08-31,SHP06182,CARD,CC-101,LTL,2025-08-23,2025-08-24,150.0,36.45,15.81,history,202.26,1.0,186.45,186.45,0.0,0.0,186.45,186.45,0.0,15.81
2025-08-31,SHP06183,CARA,CC-102,LTL,2025-08-23,2025-08-26,1079.72,262.37,17.97,history,1360.06,1.0,1437.09,1342.09,95.0,0.0,1437.09,1342.09,95.0,-77.03
2025-08-31,SHP06184,CARA,CC-101,LTL,2025-08-23,2025-08-28,2009.17,488.23,17.97,history,2515.37,1.0,2497.4,2497.4,0.0,0.0,2497.4,2497.4,0.0,17.97
2025-08-31,SHP06185,CARH,CC-104,TL,2025-08-23,2025-08-24,872.0,183.27,13.46,history,1068.73,1.0,1055.27,1055.27,0.0,0.0,1055.27,1055.27,0.0,13.46
2025-08-31,SHP06186,CARH,CC-102,TL,2025-08-23,2025-08-24,555.12,117.75,13.46,history,686.33,1.0,672.87,672.87,0.0,0.0,672.87,672.87,0.0,13.46
2025-08-31,SHP06187,CARA,CC-103,LTL,2025-08-23,2025-08-28,2517.83,611.83,17.97,history,3147.63,1.0,3152.32,3152.32,0.0,22.66,3129.66,3129.66,0.0,17.97
2025-08-31,SHP06188,CARC,CC-102,LTL,2025-08-23,2025-08-26,1233.17,299.66,14.36,history,1547.19,1.0,1627.83,1532.83,95.0,0.0,1627.83,1532.83,95.0,-80.64
2025-08-31,SHP06189,CARE,CC-102,LTL,2025-08-23,2025-08-27,1318.5,320.4,18.96,history,1657.86,1.0,1733.9,1638.9,95.0,0.0,1733.9,1638.9,95.0,-76.04
2025-08-31,SHP06190,CARC,CC-101,LTL,2025-08-23,2025-08-26,517.44,125.74,14.36,history,657.54,1.0,643.18,643.18,0.0,0.0,643.18,643.18,0.0,14.36
2025-08-31,SHP06191,CARE,CC-101,LTL,2025-08-23,2025-08-28,1560.13,379.11,18.96,history,1958.2,1.0,1939.24,1939.24,0.0,0.0,1939.24,1939.24,0.0,18.96
2025-08-31,SHP06192,CARA,CC-103,LTL,2025-08-23,2025-08-26,222.08,53.97,17.97,history,294.02,1.0,276.05,276.05,0.0,0.0,276.05,276.05,0.0,17.97
2025-08-31,SHP06194,CARE,CC-101,LTL,2025-08-23,2025-08-29,1577.0,383.21,18.96,history,1979.17,1.0,1960.21,1960.21,0.0,0.0,1960.21,1960.21,0.0,18.96
2025-08-31,SHP06195,CARH,CC-102,TL,2025-08-23,2025-08-25,1743.65,371.57,13.46,history,2128.68,1.0,2115.22,2115.22,0.0,0.0,2115.22,2115.22,0.0,13.46
2025-08-31,SHP06196,CARF,CC-101,TL,2025-08-24,2025-08-28,3432.0,655.18,29.69,history,4116.87,1.0,4146.74,4146.74,0.0,59.56,4087.18,4087.18,0.0,29.69
2025-08-31,SHP06197,CARD,CC-104,LTL,2025-08-24,2025-08-26,166.7,40.51,15.81,history,223.02,1.0,207.21,207.21,0.0,0.0,207.21,207.21,0.0,15.81
2025-08-31,SHP06198,CARB,CC-104,LTL,2025-08-24,2025-08-25,674.96,164.02,19.41,history,858.39,1.0,838.98,838.98,0.0,0.0,838.98,838.98,0.0,19.41
2025-08-31,SHP06199,CARB,CC-104,LTL,2025-08-24,2025-08-26,442.65,107.56,19.41,history,569.62,1.0,550.21,550.21,0.0,0.0,550.21,550.21,0.0,19.41
2025-08-31,SHP06200,CARC,CC-104,LTL,2025-08-24,2025-08-27,385.47,93.67,14.36,history,493.5,1.0,536.58,536.58,0.0,57.44,479.14,479.14,0.0,14.36
2025-08-31,SHP06201,CARG,CC-104,TL,2025-08-24,2025-08-26,450.0,89.34,15.35,history,554.69,1.0,689.34,539.34,150.0,0.0,689.34,539.34,150.0,-134.65
2025-08-31,SHP06202,CARC,CC-101,LTL,2025-08-24,2025-08-26,240.4,58.42,14.36,history,313.18,1.0,393.82,298.82,95.0,0.0,393.82,298.82,95.0,-80.64
2025-08-31,SHP06203,CARE,CC-101,LTL,2025-08-24,2025-08-30,425.78,103.46,18.96,history,548.2,2.0,654.24,529.24,125.0,0.0,654.24,529.24,125.0,-106.04
2025-08-31,SHP06204,CARE,CC-105,LTL,2025-08-24,2025-08-27,1410.21,342.68,18.96,history,1771.85,1.0,1752.89,1752.89,0.0,0.0,1752.89,1752.89,0.0,18.96
2025-08-31,SHP06205,CARE,CC-102,LTL,2025-08-24,2025-08-26,173.05,42.05,18.96,history,234.06,1.0,215.1,215.1,0.0,0.0,215.1,215.1,0.0,18.96
2025-08-31,SHP06206,CARG,CC-103,TL,2025-08-24,2025-08-27,3133.35,680.38,15.35,history,3829.08,1.0,3813.73,3813.73,0.0,0.0,3813.73,3813.73,0.0,15.35
2025-08-31,SHP06207,CARF,CC-101,TL,2025-08-24,2025-08-27,2457.46,504.9,29.69,history,2992.05,1.0,3008.26,3008.26,0.0,45.9,2962.36,2962.36,0.0,29.69
2025-08-31,SHP06208,CARF,CC-104,TL,2025-08-24,2025-08-26,1279.04,261.61,29.69,history,1570.34,1.0,1564.44,1564.44,0.0,23.79,1540.65,1540.65,0.0,29.69
2025-08-31,SHP06209,CARB,CC-104,LTL,2025-08-24,2025-08-27,252.1,61.26,19.41,history,332.77,1.0,313.21,313.21,0.0,0.0,313.21,313.21,0.0,19.56
2025-08-31,SHP06210,CARC,CC-103,LTL,2025-08-24,2025-08-28,369.31,89.74,14.36,history,473.41,1.0,679.05,459.05,220.0,0.0,679.05,459.05,220.0,-205.64
2025-08-31,SHP06211,CARC,CC-103,LTL,2025-08-24,2025-08-28,502.96,122.22,14.36,history,639.54,1.0,625.18,625.18,0.0,0.0,625.18,625.18,0.0,14.36
2025-08-31,SHP06212,CARD,CC-104,LTL,2025-08-24,2025-08-26,302.04,73.4,15.81,history,391.25,1.0,375.44,375.44,0.0,0.0,375.44,375.44,0.0,15.81
2025-08-31,SHP06213,CARG,CC-104,TL,2025-08-24,2025-08-26,1750.17,353.25,15.35,history,2118.77,1.0,2103.42,2103.42,0.0,0.0,2103.42,2103.42,0.0,15.35
2025-08-31,SHP06214,CARA,CC-102,LTL,2025-08-24,2025-08-29,3031.18,736.58,17.97,history,3785.73,1.0,3767.76,3767.76,0.0,0.0,3767.76,3767.76,0.0,17.97
2025-08-31,SHP06215,CARE,CC-105,LTL,2025-08-24,2025-08-25,170.9,41.53,18.96,history,231.39,1.0,212.43,212.43,0.0,0.0,212.43,212.43,0.0,18.96
2025-08-31,SHP06216,CARF,CC-102,TL,2025-08-24,2025-08-25,1231.2,235.04,29.69,history,1495.93,1.0,1487.61,1487.61,0.0,21.37,1466.24,1466.24,0.0,29.69
2025-08-31,SHP06217,CARD,CC-102,LTL,2025-08-24,2025-08-27,297.56,72.31,15.81,history,385.68,1.0,384.25,384.25,0.0,14.38,369.87,369.87,0.0,15.81
2025-08-31,SHP06218,CARB,CC-102,LTL,2025-08-24,2025-08-26,257.85,62.66,19.41,history,339.92,1.0,320.51,320.51,0.0,0.0,320.51,320.51,0.0,19.41
2025-08-31,SHP06219,CARF,CC-104,TL,2025-08-24,2025-08-26,1694.04,340.42,29.69,history,2064.15,1.0,2065.4,2065.4,0.0,30.94,2034.46,2034.46,0.0,29.69
2025-08-31,SHP06220,CARG,CC-104,TL,2025-08-24,2025-08-30,5133.3,1104.18,15.35,history,6252.83,1.0,6237.48,6237.48,0.0,0.0,6237.48,6237.48,0.0,15.35
2025-08-31,SHP06221,CARA,CC-103,LTL,2025-08-24,2025-08-28,649.8,157.9,17.97,history,825.67,1.0,937.74,937.74,0.0,130.04,807.7,807.7,0.0,17.97
2025-08-31,SHP06222,CARH,CC-102,TL,2025-08-25,2025-08-28,1194.93,252.17,13.46,history,1460.56,1.0,1448.06,1448.06,0.0,0.0,1448.06,1448.06,0.0,12.5
2025-08-31,SHP06223,CARE,CC-101,LTL,2025-08-25,2025-08-27,264.8,64.35,18.96,history,348.11,1.0,329.15,329.15,0.0,0.0,329.15,329.15,0.0,18.96
2025-08-31,SHP06224,CARF,CC-104,TL,2025-08-25,2025-08-30,5564.8,1064.42,29.69,history,6658.91,1.0,6875.98,6725.98,150.0,96.76,6779.22,6629.22,150.0,-120.31
2025-08-31,SHP06225,CARD,CC-105,LTL,2025-08-25,2025-08-27,280.0,68.04,15.81,history,363.85,1.0,348.04,348.04,0.0,0.0,348.04,348.04,0.0,15.81
2025-08-31,SHP06226,CARE,CC-105,LTL,2025-08-25,2025-08-26,240.56,58.46,18.96,history,317.98,1.0,327.2,327.2,0.0,28.6,298.6,298.6,0.0,19.38
2025-08-31,SHP06227,CARF,CC-104,TL,2025-08-25,2025-08-28,1279.04,256.66,29.69,history,1565.39,1.0,1559.04,1559.04,0.0,23.34,1535.7,1535.7,0.0,29.69
2025-08-31,SHP06228,CARA,CC-105,LTL,2025-08-25,2025-08-27,388.71,94.46,17.97,history,501.14,1.0,483.17,483.17,0.0,0.0,483.17,483.17,0.0,17.97
2025-08-31,SHP06229,CARD,CC-104,LTL,2025-08-25,2025-08-27,205.21,49.87,15.81,history,270.89,1.0,255.08,255.08,0.0,0.0,255.08,255.08,0.0,15.81
2025-08-31,SHP06230,CARB,CC-101,LTL,2025-08-25,2025-08-27,181.82,44.18,19.41,history,245.41,1.0,226.0,226.0,0.0,0.0,226.0,226.0,0.0,19.41
2025-08-31,SHP06231,CARA,CC-103,LTL,2025-08-25,2025-08-30,2595.47,630.7,17.97,history,3244.14,1.0,3226.17,3226.17,0.0,0.0,3226.17,3226.17,0.0,17.97
2025-08-31,SHP06232,CARC,CC-104,LTL,2025-08-25,2025-08-28,1152.22,279.99,14.36,history,1446.57,1.0,1527.21,1432.21,95.0,0.0,1527.21,1432.21,95.0,-80.64
2025-08-31,SHP06233,CARA,CC-103,LTL,2025-08-25,2025-08-27,346.7,84.25,17.97,history,448.92,1.0,459.39,459.39,0.0,0.0,459.39,459.39,0.0,-10.47
2025-08-31,SHP06234,CARB,CC-104,LTL,2025-08-25,2025-08-30,1481.17,359.92,19.41,history,1860.5,1.0,1841.09,1841.09,0.0,0.0,1841.09,1841.09,0.0,19.41
2025-08-31,SHP06235,CARA,CC-104,LTL,2025-08-25,2025-08-30,1338.4,325.23,17.97,history,1681.6,1.0,1663.63,1663.63,0.0,0.0,1663.63,1663.63,0.0,17.97
2025-08-31,SHP06236,CARB,CC-102,LTL,2025-08-25,2025-08-27,1546.5,375.8,19.41,history,1941.71,1.0,1922.3,1922.3,0.0,0.0,1922.3,1922.3,0.0,19.41
2025-08-31,SHP06237,CARE,CC-102,LTL,2025-08-25,2025-08-31,2570.92,624.73,18.96,history,3214.61,1.0,3195.65,3195.65,0.0,0.0,3195.65,3195.65,0.0,18.96
2025-08-31,SHP06238,CARA,CC-102,LTL,2025-08-25,2025-08-29,665.61,161.74,17.97,history,845.32,1.0,827.35,827.35,0.0,0.0,827.35,827.35,0.0,17.97
2025-08-31,SHP06239,CARG,CC-101,TL,2025-08-25,2025-08-29,4656.96,934.51,15.35,history,5606.82,1.0,5816.47,5591.47,225.0,0.0,5816.47,5591.47,225.0,-209.65
2025-08-31,SHP06240,CARH,CC-104,TL,2025-08-25,2025-08-27,872.0,179.8,13.46,history,1065.26,1.0,1051.9,1051.9,0.0,0.0,1051.9,1051.9,0.0,13.36
2025-08-31,SHP06241,CARE,CC-102,LTL,2025-08-25,2025-08-30,800.35,194.49,18.96,history,1013.8,1.0,994.84,994.84,0.0,0.0,994.84,994.84,0.0,18.96
2025-08-31,SHP06242,CARE,CC-102,LTL,2025-08-25,2025-08-31,699.46,169.97,18.96,history,888.39,1.0,964.43,869.43,95.0,0.0,964.43,869.43,95.0,-76.04
2025-08-31,SHP06243,CARC,CC-103,LTL,2025-08-25,2025-08-29,843.6,204.99,14.36,history,1062.95,1.0,1048.59,1048.59,0.0,0.0,1048.59,1048.59,0.0,14.36
2025-08-31,SHP06244,CARD,CC-103,LTL,2025-08-25,2025-08-28,331.43,80.54,15.81,history,427.78,2.0,506.97,411.97,95.0,0.0,506.97,411.97,95.0,-79.19
2025-08-31,SHP06245,CARE,CC-105,LTL,2025-08-25,2025-08-29,701.11,170.37,18.96,history,890.44,1.0,871.48,871.48,0.0,0.0,871.48,871.48,0.0,18.96
2025-08-31,SHP06246,CARF,CC-104,TL,2025-08-25,2025-08-27,531.18,102.04,29.69,history,662.91,1.0,642.49,642.49,0.0,9.27,633.22,633.22,0.0,29.69
2025-08-31,SHP06247,CARF,CC-103,TL,2025-08-25,2025-08-28,2355.42,476.92,29.69,history,2862.03,1.0,3025.7,2875.7,150.0,193.36,2832.34,2832.34,0.0,29.69
2025-08-31,SHP06248,CARA,CC-101,LTL,2025-08-25,2025-08-29,1070.0,260.01,17.97,history,1347.98,1.0,1425.01,1330.01,95.0,95.0,1330.01,1330.01,0.0,17.97
2025-08-31,SHP06249,CARD,CC-103,LTL,2025-08-25,2025-08-29,1912.5,464.74,15.81,history,2393.05,1.0,2377.24,2377.24,0.0,0.0,2377.24,2377.24,0.0,15.81
2025-08-31,SHP06250,CARA,CC-104,LTL,2025-08-25,2025-08-26,126.96,30.85,17.97,history,175.78,1.0,157.81,157.81,0.0,0.0,157.81,157.81,0.0,17.97
2025-08-31,SHP06251,CARE,CC-101,LTL,2025-08-26,2025-08-27,110.0,26.73,18.96,history,155.69,1.0,136.73,136.73,0.0,0.0,136.73,136.73,0.0,18.96
2025-08-31,SHP06252,CARA,CC-103,LTL,2025-08-26,2025-08-31,485.31,117.93,17.97,history,621.21,1.0,603.24,603.24,0.0,0.0,603.24,603.24,0.0,17.97
2025-08-31,SHP06253,CARH,CC-102,TL,2025-08-26,2025-08-29,1743.65,364.54,13.46,history,2121.65,1.0,2108.19,2108.19,0.0,0.0,2108.19,2108.19,0.0,13.46
2025-08-31,SHP06254,CARE,CC-101,LTL,2025-08-26,2025-08-28,205.34,49.9,18.96,history,274.2,1.0,279.65,279.65,0.0,24.41,255.24,255.24,0.0,18.96
2025-08-31,SHP06256,CARD,CC-104,LTL,2025-08-26,2025-08-27,215.22,52.3,15.81,history,283.33,1.0,267.52,267.52,0.0,0.0,267.52,267.52,0.0,15.81
2025-08-31,SHP06257,CARC,CC-103,LTL,2025-08-26,2025-08-30,509.8,123.88,14.36,history,648.04,1.0,633.68,633.68,0.0,0.0,633.68,633.68,0.0,14.36
2025-08-31,SHP06259,CARF,CC-103,TL,2025-08-26,2025-08-30,2925.24,576.71,29.69,history,3531.64,1.0,3629.38,3554.38,75.0,52.43,3576.95,3501.95,75.0,-45.31
2025-08-31,SHP06260,CARC,CC-102,LTL,2025-08-26,2025-08-29,581.24,141.24,14.36,history,736.84,1.0,722.48,722.48,0.0,0.0,722.48,722.48,0.0,14.36
2025-08-31,SHP06261,CARF,CC-103,TL,2025-08-26,2025-08-29,1458.54,295.32,29.69,history,1783.55,1.0,2005.71,1780.71,225.0,26.85,1978.86,1753.86,225.0,-195.31
2025-08-31,SHP06263,CARD,CC-104,LTL,2025-08-26,2025-08-27,151.14,36.73,15.81,history,203.68,1.0,187.87,187.87,0.0,0.0,187.87,187.87,0.0,15.81
2025-08-31,SHP06264,CARC,CC-103,LTL,2025-08-26,2025-08-29,411.75,100.06,14.36,history,526.17,1.0,605.25,510.25,95.0,0.0,605.25,510.25,95.0,-79.08
2025-08-31,SHP06265,CARB,CC-102,LTL,2025-08-26,2025-08-28,111.15,27.01,19.41,history,157.57,1.0,138.16,138.16,0.0,0.0,138.16,138.16,0.0,19.41
2025-08-31,SHP06266,CARE,CC-101,LTL,2025-08-26,2025-08-31,1814.17,440.84,18.96,history,2273.97,1.0,2255.01,2255.01,0.0,0.0,2255.01,2255.01,0.0,18.96
2025-08-31,SHP06267,CARE,CC-104,LTL,2025-08-26,2025-08-29,393.92,95.72,18.96,history,508.6,1.0,489.64,489.64,0.0,0.0,489.64,489.64,0.0,18.96
2025-08-31,SHP06268,CARC,CC-104,LTL,2025-08-26,2025-08-29,1255.34,305.05,14.36,history,1574.75,1.0,1560.39,1560.39,0.0,0.0,1560.39,1560.39,0.0,14.36
2025-08-31,SHP06269,CARD,CC-102,LTL,2025-08-26,2025-08-29,411.0,99.87,15.81,history,526.68,1.0,521.97,521.97,0.0,11.1,510.87,510.87,0.0,15.81
2025-08-31,SHP06270,CARF,CC-104,TL,2025-08-26,2025-08-28,451.13,88.55,29.69,history,569.37,1.0,547.73,547.73,0.0,8.05,539.68,539.68,0.0,29.69
2025-08-31,SHP06271,CARE,CC-101,LTL,2025-08-26,2025-08-31,291.01,70.72,18.96,history,380.69,1.0,402.25,402.25,0.0,0.0,402.25,402.25,0.0,-21.56
2025-08-31,SHP06272,CARA,CC-104,LTL,2025-08-26,2025-08-28,518.24,125.93,17.97,history,662.14,1.0,644.17,644.17,0.0,0.0,644.17,644.17,0.0,17.97
2025-08-31,SHP06273,CARE,CC-102,LTL,2025-08-26,2025-08-29,471.87,114.66,18.96,history,605.49,1.0,586.53,586.53,0.0,0.0,586.53,586.53,0.0,18.96
2025-08-31,SHP06274,CARA,CC-101,LTL,2025-08-26,2025-08-29,276.2,67.12,17.97,history,361.29,1.0,468.32,343.32,125.0,0.0,468.32,343.32,125.0,-107.03
2025-08-31,SHP06275,CARE,CC-101,LTL,2025-08-27,2025-08-28,180.87,43.95,18.96,history,243.78,1.0,224.82,224.82,0.0,0.0,224.82,224.82,0.0,18.96
2025-08-31,SHP06276,CARA,CC-102,LTL,2025-08-27,2025-08-29,393.13,95.53,17.97,history,506.63,1.0,488.66,488.66,0.0,0.0,488.66,488.66,0.0,17.97
2025-08-31,SHP06279,CARD,CC-103,LTL,2025-08-27,2025-08-31,577.84,140.42,15.81,history,734.07,1.0,718.26,718.26,0.0,0.0,718.26,718.26,0.0,15.81
2025-08-31,SHP06280,CARC,CC-102,LTL,2025-08-27,2025-08-31,1149.63,279.36,14.36,history,1443.35,1.0,1428.99,1428.99,0.0,0.0,1428.99,1428.99,0.0,14.36
2025-08-31,SHP06281,CARB,CC-102,LTL,2025-08-27,2025-08-29,1264.06,307.17,19.41,history,1590.64,1.0,1696.23,1571.23,125.0,0.0,1696.23,1571.23,125.0,-105.59
2025-08-31,SHP06282,CARG,CC-103,TL,2025-08-27,2025-08-30,3133.35,667.51,15.35,history,3816.21,1.0,4216.14,4216.14,0.0,415.28,3800.86,3800.86,0.0,15.35
2025-08-31,SHP06283,CARC,CC-101,LTL,2025-08-27,2025-08-29,162.98,39.6,14.36,history,216.94,1.0,228.84,228.84,0.0,26.25,202.59,202.59,0.0,14.35
2025-08-31,SHP06284,CARB,CC-104,LTL,2025-08-27,2025-08-31,296.54,72.06,19.41,history,388.01,1.0,368.6,368.6,0.0,0.0,368.6,368.6,0.0,19.41
2025-08-31,SHP06285,CARA,CC-103,LTL,2025-08-27,2025-08-31,1163.14,282.64,17.97,history,1463.75,1.0,1445.78,1445.78,0.0,0.0,1445.78,1445.78,0.0,17.97
2025-08-31,SHP06286,CARE,CC-101,LTL,2025-08-27,2025-08-28,118.97,28.91,18.96,history,166.84,1.0,147.88,147.88,0.0,0.0,147.88,147.88,0.0,18.96
2025-08-31,SHP06287,CARE,CC-102,LTL,2025-08-27,2025-08-30,337.14,81.93,18.96,history,438.03,1.0,419.07,419.07,0.0,0.0,419.07,419.07,0.0,18.96
2025-08-31,SHP06288,CARB,CC-102,LTL,2025-08-27,2025-08-28,415.34,100.93,19.41,history,535.68,1.0,516.27,516.27,0.0,0.0,516.27,516.27,0.0,19.41
2025-08-31,SHP06289,CARG,CC-101,TL,2025-08-27,2025-08-29,1614.45,316.9,15.35,history,1946.7,1.0,2156.35,1931.35,225.0,0.0,2156.35,1931.35,225.0,-209.65
2025-08-31,SHP06290,CARH,CC-102,TL,2025-08-27,2025-08-30,2414.45,504.79,13.46,history,2932.7,1.0,2919.24,2919.24,0.0,0.0,2919.24,2919.24,0.0,13.46
2025-08-31,SHP06291,CARH,CC-102,TL,2025-08-27,2025-08-31,3850.12,856.75,13.46,history,4720.33,1.0,4706.87,4706.87,0.0,0.0,4706.87,4706.87,0.0,13.46
2025-08-31,SHP06292,CARE,CC-104,LTL,2025-08-27,2025-08-29,698.78,169.8,18.96,history,887.54,1.0,868.58,868.58,0.0,0.0,868.58,868.58,0.0,18.96
2025-08-31,SHP06293,CARB,CC-104,LTL,2025-08-27,2025-08-30,1009.56,245.32,19.41,history,1274.29,1.0,1254.88,1254.88,0.0,0.0,1254.88,1254.88,0.0,19.41
2025-08-31,SHP06294,CARE,CC-103,LTL,2025-08-27,2025-08-30,728.2,176.95,18.96,history,924.11,1.0,905.15,905.15,0.0,0.0,905.15,905.15,0.0,18.96
2025-08-31,SHP06295,CARB,CC-105,LTL,2025-08-27,2025-08-29,1641.0,398.76,19.41,history,2059.17,1.0,2044.24,2044.24,0.0,0.0,2044.24,2044.24,0.0,14.93
2025-08-31,SHP06296,CARB,CC-104,LTL,2025-08-27,2025-08-31,439.3,106.75,19.41,history,565.46,1.0,546.05,546.05,0.0,0.0,546.05,546.05,0.0,19.41
2025-08-31,SHP06297,CARD,CC-104,LTL,2025-08-27,2025-08-29,174.78,42.47,15.81,history,233.06,1.0,217.25,217.25,0.0,0.0,217.25,217.25,0.0,15.81
2025-08-31,SHP06298,CARE,CC-104,LTL,2025-08-27,2025-08-29,248.53,60.39,18.96,history,327.88,1.0,308.92,308.92,0.0,0.0,308.92,308.92,0.0,18.96
2025-08-31,SHP06299,CARC,CC-101,LTL,2025-08-27,2025-08-30,388.1,94.31,14.36,history,496.77,1.0,483.48,483.48,0.0,0.0,483.48,483.48,0.0,13.29
2025-08-31,SHP06300,CARC,CC-104,LTL,2025-08-28,2025-08-31,746.47,181.39,14.36,history,942.22,1.0,927.86,927.86,0.0,0.0,927.86,927.86,0.0,14.36
2025-08-31,SHP06301,CARE,CC-101,LTL,2025-08-28,2025-08-31,849.6,206.45,18.96,history,1075.01,2.0,2112.1,2112.1,0.0,1056.05,1056.05,1056.05,0.0,18.96
2025-08-31,SHP06302,CARA,CC-102,LTL,2025-08-28,2025-08-30,213.24,51.82,17.97,history,283.03,1.0,265.06,265.06,0.0,0.0,265.06,265.06,0.0,17.97
2025-08-31,SHP06303,CARB,CC-101,LTL,2025-08-28,2025-08-29,353.6,85.92,19.41,history,458.93,1.0,564.85,439.85,125.0,0.0,564.85,439.85,125.0,-105.92
2025-08-31,SHP06304,CARC,CC-104,LTL,2025-08-28,2025-08-30,215.22,52.3,14.36,history,281.88,1.0,267.52,267.52,0.0,0.0,267.52,267.52,0.0,14.36
2025-08-31,SHP06305,CARE,CC-104,LTL,2025-08-28,2025-08-31,192.76,46.84,18.96,history,258.56,1.0,239.6,239.6,0.0,0.0,239.6,239.6,0.0,18.96
2025-08-31,SHP06307,CARG,CC-101,TL,2025-08-28,2025-08-30,621.96,127.66,15.35,history,764.97,1.0,749.62,749.62,0.0,0.0,749.62,749.62,0.0,15.35
2025-08-31,SHP06308,CARD,CC-105,LTL,2025-08-28,2025-08-30,361.48,87.84,15.81,history,465.13,1.0,455.83,455.83,0.0,6.51,449.32,449.32,0.0,15.81
2025-08-31,SHP06309,CARD,CC-104,LTL,2025-08-28,2025-08-29,283.4,68.87,15.81,history,368.08,1.0,352.27,352.27,0.0,0.0,352.27,352.27,0.0,15.81
2025-08-31,SHP06311,CARB,CC-102,LTL,2025-08-28,2025-08-30,110.0,26.73,19.41,history,156.14,1.0,231.73,136.73,95.0,0.0,231.73,136.73,95.0,-75.59
2025-08-31,SHP06314,CARD,CC-104,LTL,2025-08-28,2025-08-30,166.7,40.51,15.81,history,223.02,1.0,207.21,207.21,0.0,0.0,207.21,207.21,0.0,15.81
2025-08-31,SHP06315,CARE,CC-105,LTL,2025-08-28,2025-08-30,196.06,47.64,18.96,history,262.66,1.0,243.7,243.7,0.0,0.0,243.7,243.7,0.0,18.96
2025-08-31,SHP06316,CARD,CC-105,LTL,2025-08-28,2025-08-30,280.0,68.04,15.81,history,363.85,1.0,473.04,348.04,125.0,0.0,473.04,348.04,125.0,-109.19
2025-08-31,SHP06317,CARC,CC-101,LTL,2025-08-28,2025-08-30,211.35,51.36,14.36,history,277.07,1.0,262.81,262.81,0.0,0.0,262.81,262.81,0.0,14.26
2025-08-31,SHP06318,CARG,CC-101,TL,2025-08-28,2025-08-29,450.0,89.0,15.35,history,554.35,2.0,1078.0,1078.0,0.0,539.0,539.0,539.0,0.0,15.35
2025-08-31,SHP06319,CARH,CC-102,TL,2025-08-28,2025-08-30,1743.65,364.54,13.46,history,2121.65,1.0,2108.19,2108.19,0.0,0.0,2108.19,2108.19,0.0,13.46
2025-08-31,SHP06320,CARE,CC-101,LTL,2025-08-28,2025-08-30,136.91,33.27,18.96,history,189.14,1.0,170.18,170.18,0.0,0.0,170.18,170.18,0.0,18.96
2025-08-31,SHP06321,CARF,CC-103,TL,2025-08-28,2025-08-31,1458.54,295.32,29.69,history,1783.55,1.0,1780.71,1780.71,0.0,26.85,1753.86,1753.86,0.0,29.69
2025-08-31,SHP06322,CARC,CC-103,LTL,2025-08-28,2025-08-31,737.68,179.26,14.36,history,931.3,1.0,1041.94,916.94,125.0,0.0,1041.94,916.94,125.0,-110.64
2025-08-31,SHP06323,CARE,CC-104,LTL,2025-08-28,2025-08-31,497.15,120.81,18.96,history,636.92,1.0,617.96,617.96,0.0,0.0,617.96,617.96,0.0,18.96
2025-08-31,SHP06324,CARD,CC-101,LTL,2025-08-28,2025-08-30,294.0,71.44,15.81,history,381.25,1.0,365.44,365.44,0.0,0.0,365.44,365.44,0.0,15.81
2025-08-31,SHP06325,CARC,CC-102,LTL,2025-08-28,2025-08-30,409.54,99.52,14.36,history,523.42,1.0,509.06,509.06,0.0,0.0,509.06,509.06,0.0,14.36
2025-08-31,SHP06326,CARC,CC-102,LTL,2025-08-28,2025-08-31,110.0,26.73,14.36,history,151.09,1.0,136.73,136.73,0.0,0.0,136.73,136.73,0.0,14.36
2025-08-31,SHP06327,CARB,CC-104,LTL,2025-08-28,2025-08-31,1408.16,342.18,19.41,history,1769.75,1.0,2103.93,2103.93,0.0,353.58,1750.35,1750.35,0.0,19.4
2025-08-31,SHP06329,CARF,CC-105,TL,2025-08-28,2025-08-31,1866.76,355.55,29.69,history,2252.0,1.0,2254.64,2254.64,0.0,32.33,2222.31,2222.31,0.0,29.69
2025-08-31,SHP06330,CARF,CC-101,TL,2025-08-28,2025-08-30,711.9,141.59,29.69,history,883.18,1.0,866.36,866.36,0.0,12.87,853.49,853.49,0.0,29.69
2025-08-31,SHP06331,CARE,CC-104,LTL,2025-08-28,2025-08-30,554.99,134.86,18.96,history,708.81,1.0,784.85,689.85,95.0,0.0,784.85,689.85,95.0,-76.04
2025-08-31,SHP06332,CARA,CC-104,LTL,2025-08-28,2025-08-30,393.8,95.69,17.97,history,507.46,1.0,614.49,489.49,125.0,0.0,614.49,489.49,125.0,-107.03
2025-08-31,SHP06335,CARD,CC-104,LTL,2025-08-29,2025-08-30,424.67,103.19,15.81,history,543.67,2.0,1055.86,1055.86,0.0,527.93,527.93,527.93,0.0,15.74
2025-08-31,SHP06336,CARC,CC-104,LTL,2025-08-29,2025-08-30,112.75,27.4,14.36,history,154.51,1.0,140.15,140.15,0.0,0.0,140.15,140.15,0.0,14.36
2025-08-31,SHP06337,CARG,CC-104,TL,2025-08-29,2025-08-31,450.0,87.65,15.35,history,553.0,1.0,537.65,537.65,0.0,0.0,537.65,537.65,0.0,15.35
2025-08-31,SHP06340,CARB,CC-104,LTL,2025-08-29,2025-08-31,153.3,37.25,19.41,history,209.96,1.0,189.99,189.99,0.0,0.0,189.99,189.99,0.0,19.97
2025-08-31,SHP06341,CARA,CC-105,LTL,2025-08-29,2025-08-31,308.5,74.97,17.97,history,401.44,1.0,382.88,382.88,0.0,0.0,382.88,382.88,0.0,18.56
2025-08-31,SHP06346,CARB,CC-104,LTL,2025-08-29,2025-08-31,324.27,78.8,19.41,history,422.48,1.0,528.07,403.07,125.0,0.0,528.07,403.07,125.0,-105.59
2025-08-31,SHP06347,CARB,CC-102,LTL,2025-08-29,2025-08-30,110.0,26.73,19.41,history,156.14,1.0,261.73,136.73,125.0,0.0,261.73,136.73,125.0,-105.59
2025-08-31,SHP06348,CARE,CC-104,LTL,2025-08-29,2025-08-31,191.12,46.44,18.96,history,256.52,1.0,239.28,239.28,0.0,1.72,237.56,237.56,0.0,18.96
2025-08-31,SHP06350,CARB,CC-104,LTL,2025-08-29,2025-08-30,260.6,63.33,19.41,history,343.34,1.0,323.93,323.93,0.0,0.0,323.93,323.93,0.0,19.41
2025-08-31,SHP06352,CARC,CC-102,LTL,2025-08-29,2025-08-31,769.77,187.05,14.36,history,971.18,1.0,1051.82,956.82,95.0,0.0,1051.82,956.82,95.0,-80.64
2025-08-31,SHP06353,CARD,CC-104,LTL,2025-08-29,2025-08-30,110.0,26.73,15.81,history,152.54,1.0,136.5,136.5,0.0,0.0,136.5,136.5,0.0,16.04
2025-08-31,SHP06356,CARB,CC-102,LTL,2025-08-29,2025-08-31,632.31,153.65,19.41,history,805.37,1.0,785.96,785.96,0.0,0.0,785.96,785.96,0.0,19.41
2025-09-30,SHP05092,CARD,CC-102,LTL,2025-07-10,2025-07-13,288.33,64.87,17.1,history,370.3,1.0,353.2,353.2,0.0,0.0,353.2,353.2,0.0,17.1
2025-09-30,SHP05185,CARD,CC-102,LTL,2025-07-14,2025-07-16,276.0,62.1,17.1,history,355.2,1.0,338.1,338.1,0.0,0.0,338.1,338.1,0.0,17.1
2025-09-30,SHP05384,CARG,CC-105,TL,2025-07-22,2025-07-23,519.2,102.5,18.41,history,640.11,1.0,621.7,621.7,0.0,0.0,621.7,621.7,0.0,18.41
2025-09-30,SHP05508,CARD,CC-103,LTL,2025-07-27,2025-08-01,1228.2,287.4,17.1,history,1532.7,1.0,1515.6,1515.6,0.0,0.0,1515.6,1515.6,0.0,17.1
2025-09-30,SHP05737,CARH,CC-101,TL,2025-08-06,2025-08-08,968.31,214.81,19.02,history,1202.14,1.0,1182.47,1182.47,0.0,0.0,1182.47,1182.47,0.0,19.67
2025-09-30,SHP05769,CARH,CC-102,TL,2025-08-08,2025-08-13,3850.12,858.34,19.02,history,4727.48,1.0,4708.46,4708.46,0.0,0.0,4708.46,4708.46,0.0,19.02
2025-09-30,SHP05795,CARD,CC-103,LTL,2025-08-08,2025-08-11,732.8,178.07,17.1,history,927.97,1.0,910.87,910.87,0.0,0.0,910.87,910.87,0.0,17.1
2025-09-30,SHP05939,CARH,CC-104,TL,2025-08-14,2025-08-16,872.0,180.2,19.02,history,1071.22,1.0,1052.2,1052.2,0.0,0.0,1052.2,1052.2,0.0,19.02
2025-09-30,SHP06007,CARD,CC-103,LTL,2025-08-16,2025-08-20,805.93,195.84,17.1,history,1018.87,1.0,1001.77,1001.77,0.0,0.0,1001.77,1001.77,0.0,17.1
2025-09-30,SHP06021,CARH,CC-104,TL,2025-08-17,2025-08-18,450.0,91.0,19.02,history,560.02,1.0,541.0,541.0,0.0,0.0,541.0,541.0,0.0,19.02
2025-09-30,SHP06032,CARG,CC-103,TL,2025-08-17,2025-08-21,3133.35,668.99,18.41,history,3820.75,1.0,4225.32,4225.32,0.0,422.98,3802.34,3802.34,0.0,18.41
2025-09-30,SHP06108,CARG,CC-101,TL,2025-08-19,2025-08-22,3031.08,690.92,18.41,history,3740.41,1.0,3722.0,3722.0,0.0,0.0,3722.0,3722.0,0.0,18.41
2025-09-30,SHP06118,CARD,CC-103,LTL,2025-08-20,2025-08-24,746.15,181.31,17.1,history,944.56,1.0,1253.96,1033.96,220.0,0.0,1253.96,1033.96,220.0,-309.4
2025-09-30,SHP06122,CARD,CC-102,LTL,2025-08-20,2025-08-23,627.18,152.4,17.1,history,796.68,1.0,779.58,779.58,0.0,0.0,779.58,779.58,0.0,17.1
2025-09-30,SHP06141,CARD,CC-102,LTL,2025-08-21,2025-08-23,381.16,92.62,17.1,history,490.88,1.0,473.78,473.78,0.0,0.0,473.78,473.78,0.0,17.1
2025-09-30,SHP06152,CARG,CC-105,TL,2025-08-22,2025-08-24,1254.24,285.9,18.41,history,1558.55,1.0,1540.14,1540.14,0.0,0.0,1540.14,1540.14,0.0,18.41
2025-09-30,SHP06166,CARH,CC-105,TL,2025-08-22,2025-08-24,598.23,132.41,19.02,history,749.66,1.0,730.64,730.64,0.0,0.0,730.64,730.64,0.0,19.02
2025-09-30,SHP06177,CARD,CC-103,LTL,2025-08-23,2025-08-27,781.16,189.82,17.1,history,988.08,1.0,1065.98,970.98,95.0,0.0,1065.98,970.98,95.0,-77.9
2025-09-30,SHP06179,CARB,CC-104,LTL,2025-08-23,2025-08-25,270.6,65.76,20.91,history,357.27,1.0,336.36,336.36,0.0,0.0,336.36,336.36,0.0,20.91
2025-09-30,SHP06191,CARE,CC-101,LTL,2025-08-23,2025-08-28,1560.13,379.11,20.04,history,1959.28,1.0,1939.24,1939.24,0.0,0.0,1939.24,1939.24,0.0,20.04
2025-09-30,SHP06212,CARD,CC-104,LTL,2025-08-24,2025-08-26,302.04,73.4,17.1,history,392.54,1.0,375.44,375.44,0.0,0.0,375.44,375.44,0.0,17.1
2025-09-30,SHP06225,CARD,CC-105,LTL,2025-08-25,2025-08-27,280.0,68.04,17.1,history,365.14,1.0,348.04,348.04,0.0,0.0,348.04,348.04,0.0,17.1
2025-09-30,SHP06229,CARD,CC-104,LTL,2025-08-25,2025-08-27,205.21,49.87,17.1,history,272.18,1.0,255.08,255.08,0.0,0.0,255.08,255.08,0.0,17.1
2025-09-30,SHP06234,CARB,CC-104,LTL,2025-08-25,2025-08-30,1481.17,359.92,20.91,history,1862.0,1.0,1841.09,1841.09,0.0,0.0,1841.09,1841.09,0.0,20.91
2025-09-30,SHP06252,CARA,CC-103,LTL,2025-08-26,2025-08-31,485.31,117.93,14.05,history,617.29,1.0,603.24,603.24,0.0,0.0,603.24,603.24,0.0,14.05
2025-09-30,SHP06263,CARD,CC-104,LTL,2025-08-26,2025-08-27,151.14,36.73,17.1,history,204.97,1.0,187.87,187.87,0.0,0.0,187.87,187.87,0.0,17.1
2025-09-30,SHP06273,CARE,CC-102,LTL,2025-08-26,2025-08-29,471.87,114.66,20.04,history,606.57,1.0,586.53,586.53,0.0,0.0,586.53,586.53,0.0,20.04
2025-09-30,SHP06290,CARH,CC-102,TL,2025-08-27,2025-08-30,2414.45,504.79,19.02,history,2938.26,1.0,2919.24,2919.24,0.0,0.0,2919.24,2919.24,0.0,19.02
2025-09-30,SHP06306,CARD,CC-103,LTL,2025-08-28,2025-09-02,1321.8,321.2,17.1,history,1660.1,1.0,1643.0,1643.0,0.0,0.0,1643.0,1643.0,0.0,17.1
2025-09-30,SHP06307,CARG,CC-101,TL,2025-08-28,2025-08-30,621.96,127.66,18.41,history,768.03,1.0,749.62,749.62,0.0,0.0,749.62,749.62,0.0,18.41
2025-09-30,SHP06346,CARB,CC-104,LTL,2025-08-29,2025-08-31,324.27,78.8,20.91,history,423.98,1.0,528.07,403.07,125.0,0.0,528.07,403.07,125.0,-104.09
2025-09-30,SHP06348,CARE,CC-104,LTL,2025-08-29,2025-08-31,191.12,46.44,20.04,history,257.6,1.0,239.28,239.28,0.0,1.72,237.56,237.56,0.0,20.04
2025-09-30,SHP06362,CARD,CC-102,LTL,2025-08-30,2025-09-01,422.5,102.67,17.1,history,542.27,1.0,650.17,525.17,125.0,0.0,650.17,525.17,125.0,-107.9
2025-09-30,SHP06364,CARB,CC-102,LTL,2025-08-30,2025-09-04,558.06,135.61,20.91,history,714.58,1.0,693.67,693.67,0.0,0.0,693.67,693.67,0.0,20.91
2025-09-30,SHP06371,CARD,CC-103,LTL,2025-08-30,2025-09-04,1066.4,259.14,17.1,history,1342.64,1.0,1325.54,1325.54,0.0,0.0,1325.54,1325.54,0.0,17.1
2025-09-30,SHP06376,CARE,CC-102,LTL,2025-08-30,2025-09-01,619.0,150.42,20.04,history,789.46,1.0,864.42,769.42,95.0,0.0,864.42,769.42,95.0,-74.96
2025-09-30,SHP06388,CARC,CC-101,LTL,2025-08-31,2025-09-03,458.65,111.45,15.03,history,585.13,1.0,570.1,570.1,0.0,0.0,570.1,570.1,0.0,15.03
2025-09-30,SHP06390,CARE,CC-105,LTL,2025-08-31,2025-09-02,399.0,96.96,20.04,history,516.0,1.0,620.96,495.96,125.0,0.0,620.96,495.96,125.0,-104.96
2025-09-30,SHP06393,CARB,CC-104,LTL,2025-08-31,2025-09-03,257.28,62.52,20.91,history,340.71,1.0,319.99,319.99,0.0,0.0,319.99,319.99,0.0,20.72
2025-09-30,SHP06401,CARH,CC-104,TL,2025-09-01,2025-09-02,872.0,180.4,19.02,history,1071.42,1.0,1052.4,1052.4,0.0,0.0,1052.4,1052.4,0.0,19.02
2025-09-30,SHP06405,CARG,CC-101,TL,2025-09-01,2025-09-03,450.0,89.3,18.41,history,557.71,1.0,539.3,539.3,0.0,0.0,539.3,539.3,0.0,18.41
2025-09-30,SHP06418,CARD,CC-103,LTL,2025-09-01,2025-09-04,1175.08,285.54,17.1,history,1477.72,1.0,1460.54,1460.54,0.0,0.0,1460.54,1460.54,0.0,17.18
2025-09-30,SHP06424,CARB,CC-101,LTL,2025-09-01,2025-09-05,865.59,210.34,20.91,history,1096.84,1.0,1075.93,1075.93,0.0,0.0,1075.93,1075.93,0.0,20.91
2025-09-30,SHP06425,CARD,CC-102,LTL,2025-09-01,2025-09-03,110.0,26.73,17.1,history,153.83,1.0,136.73,136.73,0.0,0.0,136.73,136.73,0.0,17.1
2025-09-30,SHP06427,CARH,CC-102,TL,2025-09-02,2025-09-05,1308.34,282.33,19.02,history,1609.69,2.0,1740.67,1590.67,150.0,0.0,1740.67,1590.67,150.0,-130.98
2025-09-30,SHP06434,CARB,CC-104,LTL,2025-09-02,2025-09-04,511.86,124.38,20.91,history,657.15,1.0,636.24,636.24,0.0,0.0,636.24,636.24,0.0,20.91
2025-09-30,SHP06440,CARB,CC-101,LTL,2025-09-02,2025-09-04,153.46,37.29,20.91,history,211.66,1.0,190.8,190.8,0.0,0.0,190.8,190.8,0.0,20.86
2025-09-30,SHP06444,CARE,CC-102,LTL,2025-09-02,2025-09-04,316.05,76.8,20.04,history,412.89,1.0,392.85,392.85,0.0,0.0,392.85,392.85,0.0,20.04
2025-09-30,SHP06448,CARB,CC-101,LTL,2025-09-02,2025-09-07,580.84,141.14,20.91,history,742.89,1.0,722.81,722.81,0.0,0.0,722.81,722.81,0.0,20.08
2025-09-30,SHP06450,CARH,CC-101,TL,2025-09-02,2025-09-04,968.31,215.13,19.02,history,1202.46,1.0,1184.93,1184.93,0.0,0.0,1184.93,1184.93,0.0,17.53
2025-09-30,SHP06452,CARC,CC-101,LTL,2025-09-02,2025-09-05,965.57,234.63,15.03,history,1215.23,1.0,1200.2,1200.2,0.0,0.0,1200.2,1200.2,0.0,15.03
2025-09-30,SHP06459,CARE,CC-104,LTL,2025-09-03,2025-09-05,423.67,102.95,20.04,history,546.66,1.0,526.62,526.62,0.0,0.0,526.62,526.62,0.0,20.04
2025-09-30,SHP06462,CARE,CC-105,LTL,2025-09-03,2025-09-05,319.4,77.61,20.04,history,417.05,1.0,397.01,397.01,0.0,0.0,397.01,397.01,0.0,20.04
2025-09-30,SHP06472,CARB,CC-104,LTL,2025-09-03,2025-09-05,393.72,95.67,20.91,history,510.3,1.0,584.39,489.39,95.0,0.0,584.39,489.39,95.0,-74.09
2025-09-30,SHP06479,CARB,CC-101,LTL,2025-09-03,2025-09-08,1112.7,270.39,20.91,history,1404.0,1.0,1383.09,1383.09,0.0,0.0,1383.09,1383.09,0.0,20.91
2025-09-30,SHP06493,CARC,CC-104,LTL,2025-09-04,2025-09-08,785.48,190.87,15.03,history,991.38,1.0,975.37,975.37,0.0,0.0,975.37,975.37,0.0,16.01
2025-09-30,SHP06498,CARD,CC-103,LTL,2025-09-04,2025-09-07,184.21,44.76,17.1,history,246.07,1.0,240.61,240.61,0.0,0.0,240.61,240.61,0.0,5.46
2025-09-30,SHP06504,CARC,CC-104,LTL,2025-09-04,2025-09-11,545.9,132.65,15.03,history,693.58,1.0,678.55,678.55,0.0,0.0,678.55,678.55,0.0,15.03
2025-09-30,SHP06512,CARE,CC-105,LTL,2025-09-04,2025-09-07,269.44,65.47,20.04,history,354.95,1.0,429.91,334.91,95.0,0.0,429.91,334.91,95.0,-74.96
2025-09-30,SHP06514,CARF,CC-101,TL,2025-09-04,2025-09-07,2457.46,497.0,25.88,history,2980.34,1.0,2999.64,2999.64,0.0,45.18,2954.46,2954.46,0.0,25.88
2025-09-30,SHP06518,CARF,CC-101,TL,2025-09-05,2025-09-07,784.89,145.67,25.88,history,956.44,1.0,943.81,943.81,0.0,13.25,930.56,930.56,0.0,25.88
2025-09-30,SHP06519,CARD,CC-105,LTL,2025-09-05,2025-09-07,240.96,58.55,17.1,history,316.61,1.0,299.51,299.51,0.0,0.0,299.51,299.51,0.0,17.1
2025-09-30,SHP06523,CARB,CC-102,LTL,2025-09-05,2025-09-07,1133.91,275.54,20.91,history,1430.36,1.0,1409.45,1409.45,0.0,0.0,1409.45,1409.45,0.0,20.91
2025-09-30,SHP06525,CARA,CC-103,LTL,2025-09-05,2025-09-09,2125.5,516.5,14.05,history,2656.05,1.0,3226.41,3226.41,0.0,584.41,2642.0,2642.0,0.0,14.05
2025-09-30,SHP06527,CARB,CC-102,LTL,2025-09-05,2025-09-07,189.73,46.1,20.91,history,256.74,1.0,330.83,235.83,95.0,0.0,330.83,235.83,95.0,-74.09
2025-09-30,SHP06529,CARD,CC-103,LTL,2025-09-05,2025-09-08,383.09,93.09,17.1,history,493.28,1.0,476.18,476.18,0.0,0.0,476.18,476.18,0.0,17.1
2025-09-30,SHP06530,CARB,CC-104,LTL,2025-09-05,2025-09-11,560.65,136.24,20.91,history,717.8,1.0,696.89,696.89,0.0,0.0,696.89,696.89,0.0,20.91
2025-09-30,SHP06531,CARA,CC-102,LTL,2025-09-05,2025-09-10,938.91,228.16,14.05,history,1181.12,1.0,1167.07,1167.07,0.0,0.0,1167.07,1167.07,0.0,14.05
2025-09-30,SHP06535,CARG,CC-102,TL,2025-09-05,2025-09-09,3150.84,654.85,18.41,history,3824.1,1.0,3805.69,3805.69,0.0,0.0,3805.69,3805.69,0.0,18.41
2025-09-30,SHP06537,CARD,CC-102,LTL,2025-09-05,2025-09-07,165.1,40.12,17.1,history,222.32,1.0,205.22,205.22,0.0,0.0,205.22,205.22,0.0,17.1
2025-09-30,SHP06540,CARD,CC-103,LTL,2025-09-05,2025-09-08,364.41,88.55,17.1,history,470.06,1.0,547.96,452.96,95.0,0.0,547.96,452.96,95.0,-77.9
2025-09-30,SHP06543,CARA,CC-103,LTL,2025-09-05,2025-09-08,590.3,143.44,14.05,history,747.79,1.0,733.74,733.74,0.0,0.0,733.74,733.74,0.0,14.05
2025-09-30,SHP06545,CARE,CC-101,LTL,2025-09-05,2025-09-09,1001.2,243.29,20.04,history,1264.53,1.0,1244.49,1244.49,0.0,0.0,1244.49,1244.49,0.0,20.04
2025-09-30,SHP06549,CARD,CC-105,LTL,2025-09-05,2025-09-08,536.27,130.31,17.1,history,683.68,1.0,761.58,666.58,95.0,0.0,761.58,666.58,95.0,-77.9
2025-09-30,SHP06556,CARA,CC-102,LTL,2025-09-06,2025-09-09,379.1,92.12,14.05,history,485.27,1.0,471.22,471.22,0.0,0.0,471.22,471.22,0.0,14.05
2025-09-30,SHP06558,CARB,CC-105,LTL,2025-09-06,2025-09-12,952.76,231.52,20.91,history,1205.19,1.0,1184.28,1184.28,0.0,0.0,1184.28,1184.28,0.0,20.91
2025-09-30,SHP06560,CARA,CC-101,LTL,2025-09-06,2025-09-11,1365.6,331.84,14.05,history,1711.49,1.0,1697.44,1697.44,0.0,0.0,1697.44,1697.44,0.0,14.05
2025-09-30,SHP06561,CARD,CC-101,LTL,2025-09-06,2025-09-08,259.55,63.07,17.1,history,339.72,1.0,322.62,322.62,0.0,0.0,322.62,322.62,0.0,17.1
2025-09-30,SHP06567,CARB,CC-104,LTL,2025-09-06,2025-09-07,196.15,47.66,20.91,history,264.72,1.0,243.81,243.81,0.0,0.0,243.81,243.81,0.0,20.91
2025-09-30,SHP06570,CARH,CC-103,TL,2025-09-06,2025-09-07,1100.9,245.8,19.02,history,1365.72,1.0,1346.7,1346.7,0.0,0.0,1346.7,1346.7,0.0,19.02
2025-09-30,SHP06573,CARH,CC-103,TL,2025-09-06,2025-09-07,1100.9,245.8,19.02,history,1365.72,1.0,1344.76,1344.76,0.0,0.0,1344.76,1344.76,0.0,20.96
2025-09-30,SHP06574,CARB,CC-102,LTL,2025-09-06,2025-09-08,627.95,152.59,20.91,history,801.45,1.0,780.54,780.54,0.0,0.0,780.54,780.54,0.0,20.91
2025-09-30,SHP06576,CARG,CC-104,TL,2025-09-06,2025-09-12,5133.3,1086.91,18.41,history,6238.62,1.0,6220.21,6220.21,0.0,0.0,6220.21,6220.21,0.0,18.41
2025-09-30,SHP06581,CARB,CC-104,LTL,2025-09-07,2025-09-13,1629.01,395.85,20.91,history,2045.77,1.0,2023.79,2023.79,0.0,0.0,2023.79,2023.79,0.0,21.98
2025-09-30,SHP06582,CARG,CC-101,TL,2025-09-07,2025-09-10,1614.45,317.95,18.41,history,1950.81,1.0,1932.4,1932.4,0.0,0.0,1932.4,1932.4,0.0,18.41
2025-09-30,SHP06585,CARE,CC-105,LTL,2025-09-07,2025-09-09,290.4,70.57,20.04,history,381.01,1.0,360.97,360.97,0.0,0.0,360.97,360.97,0.0,20.04
2025-09-30,SHP06587,CARE,CC-102,LTL,2025-09-07,2025-09-10,323.66,78.65,20.04,history,422.35,1.0,402.31,402.31,0.0,0.0,402.31,402.31,0.0,20.04
2025-09-30,SHP06597,CARD,CC-103,LTL,2025-09-07,2025-09-13,1352.51,328.66,17.1,history,1698.27,1.0,1681.17,1681.17,0.0,0.0,1681.17,1681.17,0.0,17.1
2025-09-30,SHP06598,CARD,CC-103,LTL,2025-09-07,2025-09-10,236.02,57.35,17.1,history,310.47,1.0,293.37,293.37,0.0,0.0,293.37,293.37,0.0,17.1
2025-09-30,SHP06612,CARB,CC-103,LTL,2025-09-08,2025-09-11,539.29,135.9,20.91,history,696.1,1.0,675.19,675.19,0.0,0.0,675.19,675.19,0.0,20.91
2025-09-30,SHP06613,CARB,CC-104,LTL,2025-09-08,2025-09-09,815.25,205.44,20.91,history,1041.6,1.0,1020.69,1020.69,0.0,0.0,1020.69,1020.69,0.0,20.91
2025-09-30,SHP06617,CARE,CC-105,LTL,2025-09-08,2025-09-10,479.6,120.86,20.04,history,620.5,2.0,820.46,600.46,220.0,0.0,820.46,600.46,220.0,-199.96
2025-09-30,SHP06623,CARG,CC-102,TL,2025-09-08,2025-09-11,1620.42,334.24,18.41,history,1973.07,2.0,2179.66,1954.66,225.0,0.0,2179.66,1954.66,225.0,-206.59
2025-09-30,SHP06627,CARH,CC-103,TL,2025-09-08,2025-09-11,3114.0,725.82,19.02,history,3858.84,1.0,3839.82,3839.82,0.0,0.0,3839.82,3839.82,0.0,19.02
2025-09-30,SHP06628,CARH,CC-104,TL,2025-09-08,2025-09-10,450.0,94.17,19.02,history,563.19,1.0,544.17,544.17,0.0,0.0,544.17,544.17,0.0,19.02
2025-09-30,SHP06643,CARA,CC-103,LTL,2025-09-09,2025-09-15,2380.26,599.83,14.05,history,2994.14,1.0,3105.09,2980.09,125.0,0.0,3105.09,2980.09,125.0,-110.95
2025-09-30,SHP06647,CARB,CC-104,LTL,2025-09-09,2025-09-15,1657.6,417.72,20.91,history,2096.23,1.0,2075.32,2075.32,0.0,0.0,2075.32,2075.32,0.0,20.91
2025-09-30,SHP06649,CARB,CC-104,LTL,2025-09-09,2025-09-12,278.72,70.24,20.91,history,369.87,1.0,443.96,348.96,95.0,0.0,443.96,348.96,95.0,-74.09
2025-09-30,SHP06652,CARB,CC-104,LTL,2025-09-09,2025-09-10,256.8,64.71,20.91,history,342.42,1.0,416.51,321.51,95.0,0.0,416.51,321.51,95.0,-74.09
2025-09-30,SHP06659,CARE,CC-104,LTL,2025-09-09,2025-09-10,134.46,33.88,20.04,history,188.38,1.0,168.83,168.83,0.0,0.0,168.83,168.83,0.0,19.55
2025-09-30,SHP06660,CARA,CC-101,LTL,2025-09-09,2025-09-13,385.8,97.22,14.05,history,497.07,1.0,578.02,483.02,95.0,0.0,578.02,483.02,95.0,-80.95
2025-09-30,SHP06662,CARE,CC-101,LTL,2025-09-09,2025-09-14,1184.67,298.54,20.04,history,1503.25,1.0,1483.21,1483.21,0.0,0.0,1483.21,1483.21,0.0,20.04
2025-09-30,SHP06663,CARC,CC-104,LTL,2025-09-09,2025-09-10,173.15,43.63,15.03,history,231.81,1.0,216.78,216.78,0.0,0.0,216.78,216.78,0.0,15.03
2025-09-30,SHP06668,CARB,CC-103,LTL,2025-09-09,2025-09-13,290.95,73.32,20.91,history,385.18,2.0,507.38,412.38,95.0,48.11,459.27,364.27,95.0,-74.09
2025-09-30,SHP06669,CARD,CC-102,LTL,2025-09-09,2025-09-12,1898.25,478.36,17.1,history,2393.71,1.0,2378.25,2378.25,0.0,0.0,2378.25,2378.25,0.0,15.46
2025-09-30,SHP06671,CARD,CC-104,LTL,2025-09-10,2025-09-17,2903.14,731.59,17.1,history,3651.83,1.0,3634.73,3634.73,0.0,0.0,3634.73,3634.73,0.0,17.1
2025-09-30,SHP06673,CARC,CC-101,LTL,2025-09-10,2025-09-14,396.64,99.95,15.03,history,511.62,1.0,496.59,496.59,0.0,0.0,496.59,496.59,0.0,15.03
2025-09-30,SHP06674,CARD,CC-104,LTL,2025-09-10,2025-09-11,177.87,44.82,17.1,history,239.79,1.0,248.16,248.16,0.0,25.47,222.69,222.69,0.0,17.1
2025-09-30,SHP06676,CARE,CC-102,LTL,2025-09-10,2025-09-16,480.4,121.06,20.04,history,621.5,1.0,601.46,601.46,0.0,0.0,601.46,601.46,0.0,20.04
2025-09-30,SHP06677,CARD,CC-105,LTL,2025-09-10,2025-09-13,543.77,137.03,17.1,history,697.9,1.0,680.8,680.8,0.0,0.0,680.8,680.8,0.0,17.1
2025-09-30,SHP06678,CARD,CC-103,LTL,2025-09-10,2025-09-14,1541.42,388.44,17.1,history,1946.96,1.0,1929.86,1929.86,0.0,0.0,1929.86,1929.86,0.0,17.1
2025-09-30,SHP06679,CARH,CC-102,TL,2025-09-10,2025-09-12,555.12,119.8,19.02,history,693.94,1.0,674.92,674.92,0.0,0.0,674.92,674.92,0.0,19.02
2025-09-30,SHP06681,CARB,CC-104,LTL,2025-09-10,2025-09-13,1530.46,385.68,20.91,history,1937.05,1.0,1916.14,1916.14,0.0,0.0,1916.14,1916.14,0.0,20.91
2025-09-30,SHP06682,CARE,CC-102,LTL,2025-09-10,2025-09-13,480.98,121.21,20.04,history,622.23,1.0,602.19,602.19,0.0,0.0,602.19,602.19,0.0,20.04
2025-09-30,SHP06683,CARH,CC-105,TL,2025-09-10,2025-09-11,598.23,134.72,19.02,history,751.97,1.0,732.95,732.95,0.0,0.0,732.95,732.95,0.0,19.02
2025-09-30,SHP06686,CARB,CC-104,LTL,2025-09-10,2025-09-14,200.27,50.47,20.91,history,271.65,1.0,250.74,250.74,0.0,0.0,250.74,250.74,0.0,20.91
2025-09-30,SHP06687,CARE,CC-105,LTL,2025-09-10,2025-09-14,642.83,161.99,20.04,history,824.86,1.0,1024.82,804.82,220.0,125.0,899.82,804.82,95.0,-74.96
2025-09-30,SHP06693,CARC,CC-103,LTL,2025-09-10,2025-09-14,181.0,45.61,15.03,history,241.64,,,,,,,,,241.64
2025-09-30,SHP06695,CARD,CC-103,LTL,2025-09-10,2025-09-15,1642.1,413.81,17.1,history,2073.01,1.0,2055.91,2055.91,0.0,0.0,2055.91,2055.91,0.0,17.1
2025-09-30,SHP06699,CARB,CC-104,LTL,2025-09-10,2025-09-12,248.93,62.73,20.91,history,332.57,1.0,436.66,311.66,125.0,0.0,436.66,311.66,125.0,-104.09
2025-09-30,SHP06702,CARA,CC-105,LTL,2025-09-11,2025-09-14,381.6,96.16,14.05,history,491.81,1.0,477.76,477.76,0.0,0.0,477.76,477.76,0.0,14.05
2025-09-30,SHP06704,CARD,CC-103,LTL,2025-09-11,2025-09-14,531.2,133.86,17.1,history,682.16,1.0,738.88,738.88,0.0,0.0,738.88,738.88,0.0,-56.72
2025-09-30,SHP06705,CARG,CC-102,TL,2025-09-11,2025-09-15,3150.84,676.87,18.41,history,3846.12,1.0,3977.71,3827.71,150.0,0.0,3977.71,3827.71,150.0,-131.59
2025-09-30,SHP06706,CARE,CC-101,LTL,2025-09-11,2025-09-16,807.52,203.5,20.04,history,1031.06,1.0,1011.02,1011.02,0.0,0.0,1011.02,1011.02,0.0,20.04
2025-09-30,SHP06707,CARD,CC-103,LTL,2025-09-11,2025-09-14,433.61,109.27,17.1,history,559.98,1.0,545.56,545.56,0.0,0.0,545.56,545.56,0.0,14.42
2025-09-30,SHP06710,CARH,CC-102,TL,2025-09-11,2025-09-15,2414.45,523.51,19.02,history,2956.98,1.0,2946.43,2946.43,0.0,0.0,2946.43,2946.43,0.0,10.55
2025-09-30,SHP06714,CARB,CC-102,LTL,2025-09-11,2025-09-13,171.8,43.29,20.91,history,236.0,1.0,215.09,215.09,0.0,0.0,215.09,215.09,0.0,20.91
2025-09-30,SHP06717,CARB,CC-102,LTL,2025-09-11,2025-09-12,110.0,27.72,20.91,history,158.63,1.0,149.75,149.75,0.0,12.03,137.72,137.72,0.0,20.91
2025-09-30,SHP06718,CARG,CC-105,TL,2025-09-11,2025-09-12,519.2,110.02,18.41,history,647.63,1.0,649.48,649.48,0.0,20.11,629.37,629.37,0.0,18.26
2025-09-30,SHP06719,CARB,CC-101,LTL,2025-09-11,2025-09-12,110.0,27.72,20.91,history,158.63,1.0,137.72,137.72,0.0,0.0,137.72,137.72,0.0,20.91
2025-09-30,SHP06720,CARE,CC-103,LTL,2025-09-11,2025-09-14,490.44,123.59,20.04,history,634.07,1.0,614.03,614.03,0.0,0.0,614.03,614.03,0.0,20.04
2025-09-30,SHP06721,CARD,CC-103,LTL,2025-09-11,2025-09-16,319.9,80.61,17.1,history,417.61,1.0,400.51,400.51,0.0,0.0,400.51,400.51,0.0,17.1
2025-09-30,SHP06724,CARE,CC-101,LTL,2025-09-11,2025-09-16,3339.5,841.55,20.04,history,4201.09,1.0,4304.81,4304.81,0.0,123.76,4181.05,4181.05,0.0,20.04
2025-09-30,SHP06725,CARB,CC-102,LTL,2025-09-11,2025-09-13,231.21,58.26,20.91,history,310.38,1.0,289.47,289.47,0.0,0.0,289.47,289.47,0.0,20.91
2025-09-30,SHP06727,CARG,CC-105,TL,2025-09-12,2025-09-15,3118.98,634.92,18.41,history,3772.31,1.0,3753.9,3753.9,0.0,0.0,3753.9,3753.9,0.0,18.41
2025-09-30,SHP06731,CARB,CC-104,LTL,2025-09-12,2025-09-13,310.34,78.21,20.91,history,409.46,1.0,388.55,388.55,0.0,0.0,388.55,388.55,0.0,20.91
2025-09-30,SHP06732,CARE,CC-101,LTL,2025-09-12,2025-09-17,2352.1,592.73,20.04,history,2964.87,1.0,2944.83,2944.83,0.0,0.0,2944.83,2944.83,0.0,20.04
2025-09-30,SHP06734,CARE,CC-102,LTL,2025-09-12,2025-09-14,1515.6,381.93,20.04,history,1917.57,1.0,1992.53,1897.53,95.0,0.0,1992.53,1897.53,95.0,-74.96
2025-09-30,SHP06735,CARD,CC-103,LTL,2025-09-12,2025-09-16,507.4,127.86,17.1,history,652.36,1.0,731.44,636.44,95.0,0.0,731.44,636.44,95.0,-79.08
2025-09-30,SHP06738,CARD,CC-103,LTL,2025-09-12,2025-09-17,624.73,157.43,17.1,history,799.26,1.0,907.16,782.16,125.0,0.0,907.16,782.16,125.0,-107.9
2025-09-30,SHP06739,CARF,CC-101,TL,2025-09-12,2025-09-14,784.89,150.57,25.88,history,961.34,1.0,949.15,949.15,0.0,13.69,935.46,935.46,0.0,25.88
2025-09-30,SHP06740,CARB,CC-104,LTL,2025-09-12,2025-09-15,520.4,131.14,20.91,history,672.45,1.0,651.54,651.54,0.0,0.0,651.54,651.54,0.0,20.91
2025-09-30,SHP06741,CARC,CC-104,LTL,2025-09-12,2025-09-19,540.5,136.21,15.03,history,691.74,1.0,676.71,676.71,0.0,0.0,676.71,676.71,0.0,15.03
2025-09-30,SHP06752,CARB,CC-104,LTL,2025-09-12,2025-09-14,756.99,190.76,20.91,history,968.66,1.0,947.75,947.75,0.0,0.0,947.75,947.75,0.0,20.91
2025-09-30,SHP06753,CARD,CC-103,LTL,2025-09-13,2025-09-17,780.52,196.69,17.1,history,994.31,1.0,977.21,977.21,0.0,0.0,977.21,977.21,0.0,17.1
2025-09-30,SHP06754,CARF,CC-104,TL,2025-09-13,2025-09-18,4710.56,930.47,25.88,history,5666.91,1.0,5725.62,5725.62,0.0,84.59,5641.03,5641.03,0.0,25.88
2025-09-30,SHP06756,CARF,CC-104,TL,2025-09-13,2025-09-16,1694.04,346.36,25.88,history,2066.28,1.0,2071.89,2071.89,0.0,31.49,2040.4,2040.4,0.0,25.88
2025-09-30,SHP06757,CARB,CC-103,LTL,2025-09-13,2025-09-17,346.66,87.36,20.91,history,454.93,2.0,529.02,434.02,95.0,0.0,529.02,434.02,95.0,-74.09
2025-09-30,SHP06758,CARE,CC-101,LTL,2025-09-13,2025-09-19,831.04,209.42,20.04,history,1060.5,1.0,1040.46,1040.46,0.0,0.0,1040.46,1040.46,0.0,20.04
2025-09-30,SHP06759,CARE,CC-101,LTL,2025-09-13,2025-09-19,927.7,233.78,20.04,history,1181.52,1.0,1256.48,1161.48,95.0,0.0,1256.48,1161.48,95.0,-74.96
2025-09-30,SHP06763,CARB,CC-104,LTL,2025-09-13,2025-09-17,363.89,91.7,20.91,history,476.5,1.0,550.59,455.59,95.0,0.0,550.59,455.59,95.0,-74.09
2025-09-30,SHP06766,CARC,CC-102,LTL,2025-09-13,2025-09-16,722.02,181.95,15.03,history,919.0,1.0,903.97,903.97,0.0,0.0,903.97,903.97,0.0,15.03
2025-09-30,SHP06767,CARD,CC-103,LTL,2025-09-13,2025-09-16,248.14,62.53,17.1,history,327.77,1.0,310.67,310.67,0.0,0.0,310.67,310.67,0.0,17.1
2025-09-30,SHP06769,CARD,CC-102,LTL,2025-09-13,2025-09-15,555.37,139.95,17.1,history,712.42,1.0,695.32,695.32,0.0,0.0,695.32,695.32,0.0,17.1
2025-09-30,SHP06770,CARB,CC-101,LTL,2025-09-13,2025-09-14,225.01,56.7,20.91,history,302.62,1.0,427.28,302.28,125.0,0.0,427.28,302.28,125.0,-124.66
2025-09-30,SHP06773,CARD,CC-103,LTL,2025-09-13,2025-09-17,286.4,72.17,17.1,history,375.67,1.0,358.57,358.57,0.0,0.0,358.57,358.57,0.0,17.1
2025-09-30,SHP06776,CARE,CC-105,LTL,2025-09-13,2025-09-15,815.97,205.62,20.04,history,1041.63,1.0,1021.59,1021.59,0.0,0.0,1021.59,1021.59,0.0,20.04
2025-09-30,SHP06779,CARD,CC-104,LTL,2025-09-13,2025-09-14,166.7,42.01,17.1,history,225.81,1.0,303.71,208.71,95.0,0.0,303.71,208.71,95.0,-77.9
2025-09-30,SHP06781,CARD,CC-103,LTL,2025-09-13,2025-09-15,181.3,45.69,17.1,history,244.09,1.0,226.99,226.99,0.0,0.0,226.99,226.99,0.0,17.1
2025-09-30,SHP06782,CARA,CC-103,LTL,2025-09-13,2025-09-18,770.8,194.24,14.05,history,979.09,1.0,965.04,965.04,0.0,0.0,965.04,965.04,0.0,14.05
2025-09-30,SHP06783,CARH,CC-103,TL,2025-09-13,2025-09-18,3699.41,866.6,19.02,history,4585.03,1.0,4566.01,4566.01,0.0,0.0,4566.01,4566.01,0.0,19.02
2025-09-30,SHP06786,CARE,CC-101,LTL,2025-09-13,2025-09-18,330.26,83.23,20.04,history,433.53,1.0,413.49,413.49,0.0,0.0,413.49,413.49,0.0,20.04
2025-09-30,SHP06787,CARD,CC-105,LTL,2025-09-13,2025-09-15,1166.88,294.05,17.1,history,1478.03,1.0,1462.12,1462.12,0.0,0.0,1462.12,1462.12,0.0,15.91
2025-09-30,SHP06793,CARD,CC-101,LTL,2025-09-14,2025-09-18,648.52,163.43,17.1,history,829.05,1.0,820.6,820.6,0.0,0.0,820.6,820.6,0.0,8.45
2025-09-30,SHP06796,CARB,CC-104,LTL,2025-09-14,2025-09-16,304.97,76.85,20.91,history,402.73,1.0,381.82,381.82,0.0,0.0,381.82,381.82,0.0,20.91
2025-09-30,SHP06797,CARC,CC-104,LTL,2025-09-14,2025-09-21,2101.48,529.57,15.03,history,2646.08,1.0,2756.05,2631.05,125.0,125.0,2631.05,2631.05,0.0,15.03
2025-09-30,SHP06798,CARG,CC-101,TL,2025-09-14,2025-09-19,4656.96,969.16,18.41,history,5644.53,1.0,5628.69,5628.69,0.0,0.0,5628.69,5628.69,0.0,15.84
2025-09-30,SHP06799,CARG,CC-104,TL,2025-09-14,2025-09-19,5133.3,1123.46,18.41,history,6275.17,1.0,6481.76,6256.76,225.0,0.0,6481.76,6256.76,225.0,-206.59
2025-09-30,SHP06800,CARG,CC-101,TL,2025-09-14,2025-09-16,621.96,132.39,18.41,history,772.76,1.0,1054.35,754.35,300.0,0.0,1054.35,754.35,300.0,-281.59
2025-09-30,SHP06801,CARD,CC-103,LTL,2025-09-14,2025-09-20,827.26,208.47,17.1,history,1052.83,1.0,1035.73,1035.73,0.0,0.0,1035.73,1035.73,0.0,17.1
2025-09-30,SHP06803,CARG,CC-105,TL,2025-09-14,2025-09-16,1225.91,270.84,18.41,history,1515.16,1.0,1496.75,1496.75,0.0,0.0,1496.75,1496.75,0.0,18.41
2025-09-30,SHP06805,CARE,CC-101,LTL,2025-09-14,2025-09-19,589.0,148.43,20.04,history,757.47,1.0,737.43,737.43,0.0,0.0,737.43,737.43,0.0,20.04
2025-09-30,SHP06808,CARD,CC-103,LTL,2025-09-14,2025-09-19,1707.81,430.37,17.1,history,2155.28,1.0,2138.18,2138.18,0.0,0.0,2138.18,2138.18,0.0,17.1
2025-09-30,SHP06810,CARE,CC-103,LTL,2025-09-14,2025-09-17,482.39,121.56,20.04,history,623.99,1.0,603.95,603.95,0.0,0.0,603.95,603.95,0.0,20.04
2025-09-30,SHP06811,CARD,CC-102,LTL,2025-09-14,2025-09-17,263.98,66.52,17.1,history,347.6,1.0,425.5,330.5,95.0,0.0,425.5,330.5,95.0,-77.9
2025-09-30,SHP06813,CARE,CC-101,LTL,2025-09-14,2025-09-17,499.8,125.95,20.04,history,645.79,1.0,625.2,625.2,0.0,0.0,625.2,625.2,0.0,20.59
2025-09-30,SHP06814,CARG,CC-103,TL,2025-09-14,2025-09-18,2972.59,621.4,18.41,history,3612.4,1.0,3901.85,3901.85,0.0,307.86,3593.99,3593.99,0.0,18.41
2025-09-30,SHP06816,CARD,CC-101,LTL,2025-09-14,2025-09-15,346.67,87.36,17.1,history,451.13,1.0,434.03,434.03,0.0,0.0,434.03,434.03,0.0,17.1
2025-09-30,SHP06817,CARH,CC-102,TL,2025-09-14,2025-09-19,3850.12,888.51,19.02,history,4757.65,1.0,4738.63,4738.63,0.0,0.0,4738.63,4738.63,0.0,19.02
2025-09-30,SHP06818,CARD,CC-103,LTL,2025-09-14,2025-09-18,1356.99,341.96,17.1,history,1716.05,1.0,1698.95,1698.95,0.0,0.0,1698.95,1698.95,0.0,17.1
2025-09-30,SHP06819,CARD,CC-102,LTL,2025-09-14,2025-09-16,754.42,190.11,17.1,history,961.63,2.0,1069.53,944.53,125.0,0.0,1069.53,944.53,125.0,-107.9
2025-09-30,SHP06822,CARD,CC-101,LTL,2025-09-14,2025-09-16,163.2,41.13,17.1,history,221.43,1.0,204.33,204.33,0.0,0.0,204.33,204.33,0.0,17.1
2025-09-30,SHP06825,CARG,CC-101,TL,2025-09-15,2025-09-18,2614.43,572.77,18.41,history,3205.61,1.0,3187.2,3187.2,0.0,0.0,3187.2,3187.2,0.0,18.41
2025-09-30,SHP06827,CARA,CC-102,LTL,2025-09-15,2025-09-17,755.56,197.2,14.05,history,966.81,1.0,952.76,952.76,0.0,0.0,952.76,952.76,0.0,14.05
2025-09-30,SHP06830,CARG,CC-101,TL,2025-09-15,2025-09-17,450.0,95.87,18.41,history,564.28,1.0,545.87,545.87,0.0,0.0,545.87,545.87,0.0,18.41
2025-09-30,SHP06832,CARA,CC-102,LTL,2025-09-15,2025-09-16,156.56,40.86,14.05,history,211.47,1.0,197.42,197.42,0.0,0.0,197.42,197.42,0.0,14.05
2025-09-30,SHP06833,CARD,CC-103,LTL,2025-09-15,2025-09-18,498.1,130.0,17.1,history,645.2,1.0,628.1,628.1,0.0,0.0,628.1,628.1,0.0,17.1
2025-09-30,SHP06834,CARA,CC-101,LTL,2025-09-15,2025-09-18,1175.9,306.91,14.05,history,1496.86,1.0,1482.81,1482.81,0.0,0.0,1482.81,1482.81,0.0,14.05
2025-09-30,SHP06835,CARA,CC-103,LTL,2025-09-15,2025-09-20,2285.83,596.6,14.05,history,2896.48,1.0,2882.43,2882.43,0.0,0.0,2882.43,2882.43,0.0,14.05
2025-09-30,SHP06838,CARA,CC-104,LTL,2025-09-15,2025-09-21,694.44,181.25,14.05,history,889.74,1.0,875.69,875.69,0.0,0.0,875.69,875.69,0.0,14.05
2025-09-30,SHP06840,CARA,CC-103,LTL,2025-09-15,2025-09-18,432.33,112.84,14.05,history,559.22,1.0,545.17,545.17,0.0,0.0,545.17,545.17,0.0,14.05
2025-09-30,SHP06841,CARD,CC-103,LTL,2025-09-15,2025-09-19,178.58,46.61,17.1,history,242.29,1.0,253.22,253.22,0.0,28.03,225.19,225.19,0.0,17.1
2025-09-30,SHP06843,CARD,CC-103,LTL,2025-09-15,2025-09-20,356.79,93.12,17.1,history,467.01,1.0,449.91,449.91,0.0,0.0,449.91,449.91,0.0,17.1
2025-09-30,SHP06844,CARA,CC-103,LTL,2025-09-15,2025-09-18,624.47,162.99,14.05,history,801.51,1.0,882.46,787.46,95.0,0.0,882.46,787.46,95.0,-80.95
2025-09-30,SHP06846,CARA,CC-105,LTL,2025-09-15,2025-09-20,1057.18,275.92,14.05,history,1347.15,1.0,1730.1,1730.1,0.0,397.0,1333.1,1333.1,0.0,14.05
2025-09-30,SHP06847,CARB,CC-101,LTL,2025-09-15,2025-09-18,476.83,124.45,20.91,history,622.19,1.0,601.28,601.28,0.0,0.0,601.28,601.28,0.0,20.91
2025-09-30,SHP06848,CARE,CC-101,LTL,2025-09-15,2025-09-19,1327.62,346.51,20.04,history,1694.17,1.0,1674.13,1674.13,0.0,0.0,1674.13,1674.13,0.0,20.04
2025-09-30,SHP06850,CARD,CC-102,LTL,2025-09-15,2025-09-18,367.67,95.96,17.1,history,480.73,1.0,463.63,463.63,0.0,0.0,463.63,463.63,0.0,17.1
2025-09-30,SHP06851,CARF,CC-103,TL,2025-09-15,2025-09-17,1458.54,318.1,25.88,history,1802.52,1.0,1805.56,1805.56,0.0,28.92,1776.64,1776.64,0.0,25.88
2025-09-30,SHP06853,CARE,CC-105,LTL,2025-09-15,2025-09-20,906.24,236.53,20.04,history,1162.81,1.0,1237.77,1142.77,95.0,0.0,1237.77,1142.77,95.0,-74.96
2025-09-30,SHP06854,CARD,CC-105,LTL,2025-09-15,2025-09-17,234.53,61.21,17.1,history,312.84,1.0,295.74,295.74,0.0,0.0,295.74,295.74,0.0,17.1
2025-09-30,SHP06855,CARE,CC-102,LTL,2025-09-15,2025-09-17,327.84,85.57,20.04,history,433.45,2.0,538.41,413.41,125.0,0.0,538.41,413.41,125.0,-104.96
2025-09-30,SHP06858,CARD,CC-103,LTL,2025-09-15,2025-09-17,549.79,143.5,17.1,history,710.39,1.0,693.3,693.3,0.0,0.0,693.3,693.3,0.0,17.09
2025-09-30,SHP06862,CARB,CC-105,LTL,2025-09-15,2025-09-21,1516.6,395.83,20.91,history,1933.34,1.0,2007.43,1912.43,95.0,0.0,2007.43,1912.43,95.0,-74.09
2025-09-30,SHP06863,CARD,CC-103,LTL,2025-09-16,2025-09-19,711.11,185.6,17.1,history,913.81,1.0,896.71,896.71,0.0,0.0,896.71,896.71,0.0,17.1
2025-09-30,SHP06864,CARE,CC-104,LTL,2025-09-16,2025-09-18,173.75,45.35,20.04,history,239.14,1.0,233.84,233.84,0.0,0.0,233.84,233.84,0.0,5.3
2025-09-30,SHP06865,CARG,CC-102,TL,2025-09-16,2025-09-17,825.6,185.92,18.41,history,1029.93,1.0,1011.52,1011.52,0.0,0.0,1011.52,1011.52,0.0,18.41
2025-09-30,SHP06866,CARG,CC-104,TL,2025-09-16,2025-09-22,5133.3,1166.84,18.41,history,6318.55,1.0,6300.14,6300.14,0.0,0.0,6300.14,6300.14,0.0,18.41
2025-09-30,SHP06867,CARG,CC-104,TL,2025-09-16,2025-09-17,1087.75,229.98,18.41,history,1336.14,1.0,1317.73,1317.73,0.0,0.0,1317.73,1317.73,0.0,18.41
2025-09-30,SHP06868,CARD,CC-101,LTL,2025-09-16,2025-09-18,399.84,104.36,17.1,history,521.3,1.0,504.2,504.2,0.0,0.0,504.2,504.2,0.0,17.1
2025-09-30,SHP06869,CARB,CC-105,LTL,2025-09-16,2025-09-21,3333.54,870.05,20.91,history,4224.5,1.0,4298.59,4203.59,95.0,0.0,4298.59,4203.59,95.0,-74.09
2025-09-30,SHP06871,CARF,CC-103,TL,2025-09-16,2025-09-19,2925.24,621.19,25.88,history,3572.31,1.0,3546.43,3546.43,0.0,0.0,3546.43,3546.43,0.0,25.88
2025-09-30,SHP06873,CARE,CC-102,LTL,2025-09-16,2025-09-20,678.44,177.07,20.04,history,875.55,1.0,855.51,855.51,0.0,0.0,855.51,855.51,0.0,20.04
2025-09-30,SHP06875,CARC,CC-102,LTL,2025-09-16,2025-09-20,123.41,32.21,15.03,history,170.65,1.0,155.62,155.62,0.0,0.0,155.62,155.62,0.0,15.03
2025-09-30,SHP06877,CARA,CC-104,LTL,2025-09-16,2025-09-21,1169.25,305.17,14.05,history,1488.47,1.0,1474.42,1474.42,0.0,0.0,1474.42,1474.42,0.0,14.05
2025-09-30,SHP06878,CARH,CC-102,TL,2025-09-16,2025-09-18,555.12,124.43,19.02,history,698.57,1.0,679.55,679.55,0.0,0.0,679.55,679.55,0.0,19.02
2025-09-30,SHP06879,CARG,CC-102,TL,2025-09-16,2025-09-19,1782.92,407.18,18.41,history,2208.51,1.0,2190.1,2190.1,0.0,0.0,2190.1,2190.1,0.0,18.41
2025-09-30,SHP06880,CARE,CC-104,LTL,2025-09-16,2025-09-19,520.47,135.84,20.04,history,676.35,2.0,751.05,656.05,95.0,0.0,751.05,656.05,95.0,-74.7
2025-09-30,SHP06881,CARA,CC-105,LTL,2025-09-16,2025-09-21,954.75,249.19,14.05,history,1217.99,1.0,1328.94,1203.94,125.0,0.0,1328.94,1203.94,125.0,-110.95
2025-09-30,SHP06882,CARD,CC-102,LTL,2025-09-16,2025-09-19,488.47,127.49,17.1,history,633.06,1.0,615.96,615.96,0.0,0.0,615.96,615.96,0.0,17.1
2025-09-30,SHP06883,CARD,CC-103,LTL,2025-09-16,2025-09-19,247.9,64.7,17.1,history,329.7,1.0,437.6,312.6,125.0,0.0,437.6,312.6,125.0,-107.9
2025-09-30,SHP06885,CARE,CC-101,LTL,2025-09-16,2025-09-22,1211.58,316.22,20.04,history,1547.84,1.0,1527.8,1527.8,0.0,0.0,1527.8,1527.8,0.0,20.04
2025-09-30,SHP06886,CARB,CC-105,LTL,2025-09-16,2025-09-21,393.84,102.79,20.91,history,517.54,1.0,591.63,496.63,95.0,0.0,591.63,496.63,95.0,-74.09
2025-09-30,SHP06888,CARD,CC-102,LTL,2025-09-16,2025-09-18,402.28,105.0,17.1,history,524.38,1.0,602.28,507.28,95.0,0.0,602.28,507.28,95.0,-77.9
2025-09-30,SHP06889,CARG,CC-105,TL,2025-09-16,2025-09-20,3118.98,659.44,18.41,history,3796.83,1.0,3778.42,3778.42,0.0,0.0,3778.42,3778.42,0.0,18.41
2025-09-30,SHP06890,CARB,CC-102,LTL,2025-09-16,2025-09-18,686.8,179.25,20.91,history,886.96,2.0,1732.1,1732.1,0.0,866.05,866.05,866.05,0.0,20.91
2025-09-30,SHP06891,CARA,CC-101,LTL,2025-09-16,2025-09-18,698.58,182.33,14.05,history,894.96,1.0,880.91,880.91,0.0,0.0,880.91,880.91,0.0,14.05
2025-09-30,SHP06894,CARD,CC-103,LTL,2025-09-16,2025-09-19,678.87,177.19,17.1,history,873.16,1.0,951.06,856.06,95.0,0.0,951.06,856.06,95.0,-77.9
2025-09-30,SHP06895,CARC,CC-104,LTL,2025-09-16,2025-09-21,538.86,140.64,15.03,history,694.53,1.0,679.5,679.5,0.0,0.0,679.5,679.5,0.0,15.03
2025-09-30,SHP06896,CARC,CC-102,LTL,2025-09-16,2025-09-19,660.58,172.41,15.03,history,848.02,1.0,945.52,945.52,0.0,112.53,832.99,832.99,0.0,15.03
2025-09-30,SHP06897,CARB,CC-102,LTL,2025-09-16,2025-09-19,555.9,145.09,20.91,history,721.9,1.0,701.07,701.07,0.0,0.0,701.07,701.07,0.0,20.83
2025-09-30,SHP06898,CARF,CC-103,TL,2025-09-16,2025-09-19,2925.24,621.19,25.88,history,3572.31,1.0,3602.9,3602.9,0.0,56.47,3546.43,3546.43,0.0,25.88
2025-09-30,SHP06900,CARD,CC-103,LTL,2025-09-16,2025-09-19,340.17,88.78,17.1,history,446.05,1.0,428.95,428.95,0.0,0.0,428.95,428.95,0.0,17.1
2025-09-30,SHP06902,CARB,CC-103,LTL,2025-09-16,2025-09-20,848.39,221.43,20.91,history,1090.73,1.0,1069.82,1069.82,0.0,0.0,1069.82,1069.82,0.0,20.91
2025-09-30,SHP06903,CARB,CC-102,LTL,2025-09-17,2025-09-20,323.63,84.47,20.91,history,429.01,1.0,408.1,408.1,0.0,0.0,408.1,408.1,0.0,20.91
2025-09-30,SHP06904,CARB,CC-101,LTL,2025-09-17,2025-09-21,822.6,214.7,20.91,history,1058.21,1.0,1034.33,1034.33,0.0,0.0,1034.33,1034.33,0.0,23.88
2025-09-30,SHP06905,CARE,CC-101,LTL,2025-09-17,2025-09-20,670.23,174.93,20.04,history,865.2,1.0,845.16,845.16,0.0,0.0,845.16,845.16,0.0,20.04
2025-09-30,SHP06911,CARD,CC-105,LTL,2025-09-17,2025-09-20,453.73,118.42,17.1,history,589.25,1.0,584.4,584.4,0.0,12.25,572.15,572.15,0.0,17.1
2025-09-30,SHP06912,CARG,CC-105,TL,2025-09-17,2025-09-21,3118.98,659.44,18.41,history,3796.83,1.0,3778.42,3778.42,0.0,0.0,3778.42,3778.42,0.0,18.41
2025-09-30,SHP06913,CARD,CC-103,LTL,2025-09-17,2025-09-22,947.2,247.22,17.1,history,1211.52,1.0,1194.42,1194.42,0.0,0.0,1194.42,1194.42,0.0,17.1
2025-09-30,SHP06914,CARC,CC-103,LTL,2025-09-17,2025-09-19,1074.17,280.36,15.03,history,1369.56,1.0,1357.36,1357.36,0.0,0.0,1357.36,1357.36,0.0,12.2
2025-09-30,SHP06915,CARB,CC-101,LTL,2025-09-17,2025-09-19,110.0,28.71,20.91,history,159.62,1.0,233.71,138.71,95.0,0.0,233.71,138.71,95.0,-74.09
2025-09-30,SHP06916,CARA,CC-105,LTL,2025-09-17,2025-09-21,2349.5,613.22,14.05,history,2976.77,1.0,2962.72,2962.72,0.0,0.0,2962.72,2962.72,0.0,14.05
2025-09-30,SHP06917,CARA,CC-103,LTL,2025-09-17,2025-09-22,2513.35,655.98,14.05,history,3183.38,1.0,3594.27,3499.27,95.0,95.0,3499.27,3499.27,0.0,-315.89
2025-09-30,SHP06918,CARG,CC-104,TL,2025-09-17,2025-09-23,5133.3,1166.84,18.41,history,6318.55,1.0,6300.14,6300.14,0.0,0.0,6300.14,6300.14,0.0,18.41
2025-09-30,SHP06919,CARD,CC-102,LTL,2025-09-17,2025-09-20,290.46,75.81,17.1,history,383.37,1.0,491.27,366.27,125.0,0.0,491.27,366.27,125.0,-107.9
2025-09-30,SHP06920,CARD,CC-103,LTL,2025-09-17,2025-09-20,486.89,127.08,17.1,history,631.07,1.0,613.97,613.97,0.0,0.0,613.97,613.97,0.0,17.1
2025-09-30,SHP06921,CARE,CC-104,LTL,2025-09-17,2025-09-20,503.51,131.42,20.04,history,654.97,1.0,634.11,634.11,0.0,0.0,634.11,634.11,0.0,20.86
2025-09-30,SHP06922,CARD,CC-105,LTL,2025-09-17,2025-09-20,635.97,165.99,17.1,history,819.06,1.0,926.96,801.96,125.0,0.0,926.96,801.96,125.0,-107.9
2025-09-30,SHP06923,CARA,CC-101,LTL,2025-09-17,2025-09-20,1299.5,339.17,14.05,history,1652.72,1.0,1638.67,1638.67,0.0,0.0,1638.67,1638.67,0.0,14.05
2025-09-30,SHP06924,CARC,CC-101,LTL,2025-09-17,2025-09-20,408.6,106.64,15.03,history,530.27,1.0,548.59,548.59,0.0,33.73,514.86,514.86,0.0,15.41
2025-09-30,SHP06926,CARB,CC-104,LTL,2025-09-17,2025-09-18,110.0,28.71,20.91,history,159.62,1.0,263.83,138.83,125.0,0.0,263.83,138.83,125.0,-104.21
2025-09-30,SHP06928,CARE,CC-105,LTL,2025-09-17,2025-09-19,147.57,38.52,20.04,history,206.13,1.0,186.09,186.09,0.0,0.0,186.09,186.09,0.0,20.04
2025-09-30,SHP06929,CARB,CC-101,LTL,2025-09-17,2025-09-21,882.06,230.22,20.91,history,1133.19,1.0,1112.28,1112.28,0.0,0.0,1112.28,1112.28,0.0,20.91
2025-09-30,SHP06931,CARA,CC-103,LTL,2025-09-17,2025-09-20,540.48,141.07,14.05,history,695.6,1.0,681.55,681.55,0.0,0.0,681.55,681.55,0.0,14.05
2025-09-30,SHP06932,CARD,CC-102,LTL,2025-09-17,2025-09-19,276.0,72.04,17.1,history,365.14,1.0,473.04,348.04,125.0,0.0,473.04,348.04,125.0,-107.9
2025-09-30,SHP06933,CARC,CC-102,LTL,2025-09-17,2025-09-19,513.24,133.96,15.03,history,662.23,1.0,647.2,647.2,0.0,0.0,647.2,647.2,0.0,15.03
2025-09-30,SHP06935,CARF,CC-101,TL,2025-09-18,2025-09-19,711.9,152.51,25.88,history,890.29,1.0,878.28,878.28,0.0,13.87,864.41,864.41,0.0,25.88
2025-09-30,SHP06936,CARA,CC-105,LTL,2025-09-18,2025-09-21,1556.47,406.24,14.05,history,1976.76,1.0,1962.71,1962.71,0.0,0.0,1962.71,1962.71,0.0,14.05
2025-09-30,SHP06937,CARD,CC-102,LTL,2025-09-18,2025-09-20,664.18,173.35,17.1,history,854.63,1.0,837.53,837.53,0.0,0.0,837.53,837.53,0.0,17.1
2025-09-30,SHP06938,CARG,CC-103,TL,2025-09-18,2025-09-21,2972.59,645.39,18.41,history,3636.39,1.0,3632.65,3632.65,0.0,14.67,3617.98,3617.98,0.0,18.41
2025-09-30,SHP06939,CARB,CC-104,LTL,2025-09-18,2025-09-25,975.1,254.5,20.91,history,1250.51,1.0,1229.6,1229.6,0.0,0.0,1229.6,1229.6,0.0,20.91
2025-09-30,SHP06940,CARD,CC-104,LTL,2025-09-18,2025-09-19,154.62,40.36,17.1,history,212.08,1.0,196.37,196.37,0.0,1.39,194.98,194.98,0.0,17.1
2025-09-30,SHP06941,CARD,CC-102,LTL,2025-09-18,2025-09-20,468.6,122.3,17.1,history,608.0,1.0,590.9,590.9,0.0,0.0,590.9,590.9,0.0,17.1
2025-09-30,SHP06942,CARE,CC-104,LTL,2025-09-18,2025-09-20,906.89,236.7,20.04,history,1163.63,1.0,1143.59,1143.59,0.0,0.0,1143.59,1143.59,0.0,20.04
2025-09-30,SHP06943,CARE,CC-102,LTL,2025-09-18,2025-09-21,1289.05,336.44,20.04,history,1645.53,1.0,1627.49,1627.49,0.0,0.0,1627.49,1627.49,0.0,18.04
2025-09-30,SHP06944,CARD,CC-102,LTL,2025-09-18,2025-09-21,253.89,66.27,17.1,history,337.26,1.0,540.16,320.16,220.0,0.0,540.16,320.16,220.0,-202.9
2025-09-30,SHP06945,CARD,CC-104,LTL,2025-09-18,2025-09-20,110.0,28.71,17.1,history,155.81,1.0,138.71,138.71,0.0,0.0,138.71,138.71,0.0,17.1
2025-09-30,SHP06946,CARH,CC-101,TL,2025-09-18,2025-09-23,3849.82,843.42,19.02,history,4712.26,1.0,4693.24,4693.24,0.0,0.0,4693.24,4693.24,0.0,19.02
2025-09-30,SHP06947,CARE,CC-104,LTL,2025-09-18,2025-09-19,132.27,34.52,20.04,history,186.83,1.0,166.79,166.79,0.0,0.0,166.79,166.79,0.0,20.04
2025-09-30,SHP06948,CARE,CC-104,LTL,2025-09-18,2025-09-21,1019.28,266.03,20.04,history,1305.35,1.0,1380.31,1285.31,95.0,0.0,1380.31,1285.31,95.0,-74.96
2025-09-30,SHP06949,CARG,CC-104,TL,2025-09-18,2025-09-23,5133.3,1166.84,18.41,history,6318.55,1.0,6300.14,6300.14,0.0,0.0,6300.14,6300.14,0.0,18.41
2025-09-30,SHP06950,CARB,CC-104,LTL,2025-09-18,2025-09-24,1657.6,432.63,20.91,history,2111.14,1.0,2105.15,2105.15,0.0,14.92,2090.23,2090.23,0.0,20.91
2025-09-30,SHP06951,CARC,CC-104,LTL,2025-09-18,2025-09-20,250.74,65.44,15.03,history,331.21,1.0,411.18,316.18,95.0,0.0,411.18,316.18,95.0,-79.97
2025-09-30,SHP06952,CARD,CC-102,LTL,2025-09-18,2025-09-20,624.88,163.09,17.1,history,805.07,1.0,882.97,787.97,95.0,0.0,882.97,787.97,95.0,-77.9
2025-09-30,SHP06953,CARE,CC-103,LTL,2025-09-18,2025-09-22,1370.98,357.83,20.04,history,1748.85,1.0,1823.81,1728.81,95.0,0.0,1823.81,1728.81,95.0,-74.96
2025-09-30,SHP06954,CARD,CC-105,LTL,2025-09-18,2025-09-20,933.32,243.6,17.1,history,1194.02,2.0,1281.08,1186.08,95.0,7.66,1273.42,1178.42,95.0,-79.4
2025-09-30,SHP06956,CARA,CC-101,LTL,2025-09-18,2025-09-23,134.06,34.99,14.05,history,183.1,1.0,169.05,169.05,0.0,0.0,169.05,169.05,0.0,14.05
2025-09-30,SHP06958,CARD,CC-103,LTL,2025-09-18,2025-09-22,505.21,131.86,17.1,history,654.17,1.0,732.07,637.07,95.0,0.0,732.07,637.07,95.0,-77.9
2025-09-30,SHP06960,CARB,CC-102,LTL,2025-09-19,2025-09-23,2116.39,552.38,20.91,history,2689.68,1.0,2668.77,2668.77,0.0,0.0,2668.77,2668.77,0.0,20.91
2025-09-30,SHP06961,CARG,CC-101,TL,2025-09-19,2025-09-21,621.96,137.5,18.41,history,777.87,1.0,832.3,757.3,75.0,0.0,832.3,757.3,75.0,-54.43
2025-09-30,SHP06962,CARG,CC-101,TL,2025-09-19,2025-09-22,3031.08,730.12,18.41,history,3779.61,1.0,3761.2,3761.2,0.0,0.0,3761.2,3761.2,0.0,18.41
2025-09-30,SHP06964,CARG,CC-104,TL,2025-09-19,2025-09-25,5133.3,1166.84,18.41,history,6318.55,1.0,6292.98,6292.98,0.0,0.0,6292.98,6292.98,0.0,25.57
2025-09-30,SHP06965,CARE,CC-102,LTL,2025-09-19,2025-09-21,619.0,161.56,20.04,history,800.6,1.0,905.56,780.56,125.0,0.0,905.56,780.56,125.0,-104.96
2025-09-30,SHP06967,CARB,CC-102,LTL,2025-09-19,2025-09-21,179.86,46.94,20.91,history,247.71,1.0,226.8,226.8,0.0,0.0,226.8,226.8,0.0,20.91
2025-09-30,SHP06968,CARG,CC-105,TL,2025-09-19,2025-09-21,1225.91,281.3,18.41,history,1525.62,1.0,1507.21,1507.21,0.0,0.0,1507.21,1507.21,0.0,18.41
2025-09-30,SHP06970,CARB,CC-103,LTL,2025-09-19,2025-09-23,1301.38,339.66,20.91,history,1661.95,1.0,1641.04,1641.04,0.0,0.0,1641.04,1641.04,0.0,20.91
2025-09-30,SHP06971,CARF,CC-103,TL,2025-09-19,2025-09-22,2925.24,621.19,25.88,history,3572.31,1.0,3602.9,3602.9,0.0,56.47,3546.43,3546.43,0.0,25.88
2025-09-30,SHP06972,CARF,CC-103,TL,2025-09-19,2025-09-21,2355.42,513.7,25.88,history,2895.0,1.0,2915.82,2915.82,0.0,46.7,2869.12,2869.12,0.0,25.88
2025-09-30,SHP06973,CARA,CC-102,LTL,2025-09-19,2025-09-21,190.02,49.6,14.05,history,253.67,1.0,334.62,239.62,95.0,0.0,334.62,239.62,95.0,-80.95
2025-09-30,SHP06974,CARH,CC-101,TL,2025-09-19,2025-09-24,3849.82,843.42,19.02,history,4712.26,1.0,4693.24,4693.24,0.0,0.0,4693.24,4693.24,0.0,19.02
2025-09-30,SHP06975,CARD,CC-104,LTL,2025-09-19,2025-09-21,392.37,102.41,17.1,history,511.88,1.0,589.78,494.78,95.0,0.0,589.78,494.78,95.0,-77.9
2025-09-30,SHP06976,CARB,CC-104,LTL,2025-09-19,2025-09-25,2820.94,736.27,20.91,history,3578.12,1.0,3695.34,3695.34,0.0,138.13,3557.21,3557.21,0.0,20.91
2025-09-30,SHP06977,CARG,CC-103,TL,2025-09-19,2025-09-23,2972.59,645.39,18.41,history,3636.39,1.0,3617.98,3617.98,0.0,0.0,3617.98,3617.98,0.0,18.41
2025-09-30,SHP06979,CARA,CC-104,LTL,2025-09-19,2025-09-25,812.82,212.15,14.05,history,1039.02,1.0,1149.97,1024.97,125.0,0.0,1149.97,1024.97,125.0,-110.95
2025-09-30,SHP06980,CARE,CC-101,LTL,2025-09-19,2025-09-24,1899.28,495.71,20.04,history,2415.03,1.0,2519.99,2394.99,125.0,0.0,2519.99,2394.99,125.0,-104.96
2025-09-30,SHP06981,CARD,CC-105,LTL,2025-09-19,2025-09-21,318.5,83.13,17.1,history,418.73,1.0,621.63,401.63,220.0,0.0,621.63,401.63,220.0,-202.9
2025-09-30,SHP06982,CARH,CC-104,TL,2025-09-19,2025-09-21,872.0,193.67,19.02,history,1084.69,1.0,1065.67,1065.67,0.0,0.0,1065.67,1065.67,0.0,19.02
2025-09-30,SHP06983,CARD,CC-104,LTL,2025-09-19,2025-09-20,139.3,36.36,17.1,history,192.76,1.0,175.66,175.66,0.0,0.0,175.66,175.66,0.0,17.1
2025-09-30,SHP06984,CARC,CC-102,LTL,2025-09-19,2025-09-21,254.34,66.38,15.03,history,335.75,1.0,416.18,321.18,95.0,0.0,416.18,321.18,95.0,-80.43
2025-09-30,SHP06985,CARA,CC-101,LTL,2025-09-19,2025-09-21,613.6,160.15,14.05,history,787.8,1.0,773.75,773.75,0.0,0.0,773.75,773.75,0.0,14.05
2025-09-30,SHP06986,CARB,CC-104,LTL,2025-09-19,2025-09-26,1270.56,331.62,20.91,history,1623.09,1.0,1602.18,1602.18,0.0,0.0,1602.18,1602.18,0.0,20.91
2025-09-30,SHP06987,CARG,CC-103,TL,2025-09-19,2025-09-22,2972.59,645.39,18.41,history,3636.39,1.0,3617.98,3617.98,0.0,0.0,3617.98,3617.98,0.0,18.41
2025-09-30,SHP06988,CARC,CC-104,LTL,2025-09-19,2025-09-21,327.94,85.59,15.03,history,428.56,1.0,413.53,413.53,0.0,0.0,413.53,413.53,0.0,15.03
2025-09-30,SHP06989,CARA,CC-104,LTL,2025-09-20,2025-09-26,1817.55,474.38,14.05,history,2305.98,1.0,2386.93,2291.93,95.0,0.0,2386.93,2291.93,95.0,-80.95
2025-09-30,SHP06990,CARE,CC-104,LTL,2025-09-20,2025-09-23,295.31,77.08,20.04,history,392.43,1.0,497.39,372.39,125.0,0.0,497.39,372.39,125.0,-104.96
2025-09-30,SHP06992,CARB,CC-103,LTL,2025-09-20,2025-09-24,1023.33,267.09,20.91,history,1311.33,1.0,1514.23,1389.23,125.0,0.0,1514.23,1389.23,125.0,-202.9
2025-09-30,SHP06993,CARD,CC-105,LTL,2025-09-20,2025-09-23,467.76,122.09,17.1,history,606.95,1.0,684.85,589.85,95.0,0.0,684.85,589.85,95.0,-77.9
2025-09-30,SHP06994,CARF,CC-103,TL,2025-09-20,2025-09-24,2781.68,580.52,25.88,history,3388.08,1.0,3414.97,3414.97,0.0,52.77,3362.2,3362.2,0.0,25.88
2025-09-30,SHP06996,CARC,CC-103,LTL,2025-09-20,2025-09-23,948.93,247.67,15.03,history,1211.63,1.0,1291.6,1196.6,95.0,0.0,1291.6,1196.6,95.0,-79.97
2025-09-30,SHP06997,CARD,CC-103,LTL,2025-09-20,2025-09-24,723.49,188.83,17.1,history,929.42,1.0,1121.2,1026.2,95.0,0.0,1121.2,1026.2,95.0,-191.78
2025-09-30,SHP06998,CARA,CC-102,LTL,2025-09-20,2025-09-25,657.5,171.61,14.05,history,843.16,1.0,924.11,829.11,95.0,0.0,924.11,829.11,95.0,-80.95
2025-09-30,SHP06999,CARB,CC-101,LTL,2025-09-20,2025-09-25,758.84,198.06,20.91,history,977.81,1.0,956.9,956.9,0.0,0.0,956.9,956.9,0.0,20.91
2025-09-30,SHP07000,CARB,CC-104,LTL,2025-09-20,2025-09-22,460.0,120.06,20.91,history,600.97,1.0,580.06,580.06,0.0,0.0,580.06,580.06,0.0,20.91
2025-09-30,SHP07001,CARB,CC-101,LTL,2025-09-20,2025-09-26,1523.02,397.51,20.91,history,1941.44,1.0,2015.53,1920.53,95.0,0.0,2015.53,1920.53,95.0,-74.09
2025-09-30,SHP07002,CARB,CC-101,LTL,2025-09-20,2025-09-26,1407.6,367.38,20.91,history,1795.89,1.0,1774.98,1774.98,0.0,0.0,1774.98,1774.98,0.0,20.91
2025-09-30,SHP07003,CARD,CC-102,LTL,2025-09-20,2025-09-23,166.42,43.44,17.1,history,226.96,1.0,334.86,209.86,125.0,0.0,334.86,209.86,125.0,-107.9
2025-09-30,SHP07004,CARF,CC-104,TL,2025-09-20,2025-09-25,4072.32,880.22,25.88,history,4978.42,1.0,5032.55,5032.55,0.0,80.01,4952.54,4952.54,0.0,25.88
2025-09-30,SHP07006,CARG,CC-105,TL,2025-09-20,2025-09-24,3118.98,659.44,18.41,history,3796.83,1.0,3778.42,3778.42,0.0,0.0,3778.42,3778.42,0.0,18.41
2025-09-30,SHP07007,CARA,CC-105,LTL,2025-09-20,2025-09-24,344.47,89.91,14.05,history,448.43,1.0,434.38,434.38,0.0,0.0,434.38,434.38,0.0,14.05
2025-09-30,SHP07008,CARF,CC-101,TL,2025-09-20,2025-09-24,3432.0,692.36,25.88,history,4150.24,1.0,4187.3,4187.3,0.0,62.94,4124.36,4124.36,0.0,25.88
2025-09-30,SHP07009,CARA,CC-103,LTL,2025-09-20,2025-09-25,629.97,164.42,14.05,history,808.44,1.0,794.1,794.1,0.0,0.0,794.1,794.1,0.0,14.34
2025-09-30,SHP07010,CARB,CC-101,LTL,2025-09-20,2025-09-21,340.91,88.98,20.91,history,450.8,1.0,429.89,429.89,0.0,0.0,429.89,429.89,0.0,20.91
2025-09-30,SHP07011,CARF,CC-104,TL,2025-09-20,2025-09-22,1279.04,276.46,25.88,history,1581.38,1.0,1580.63,1580.63,0.0,25.13,1555.5,1555.5,0.0,25.88
2025-09-30,SHP07012,CARB,CC-104,LTL,2025-09-20,2025-09-22,155.55,40.6,20.91,history,217.06,1.0,196.11,196.11,0.0,0.0,196.11,196.11,0.0,20.95
2025-09-30,SHP07013,CARD,CC-102,LTL,2025-09-20,2025-09-23,484.32,126.41,17.1,history,627.83,1.0,610.73,610.73,0.0,0.0,610.73,610.73,0.0,17.1
2025-09-30,SHP07014,CARF,CC-104,TL,2025-09-20,2025-09-25,4710.56,966.4,25.88,history,5702.84,1.0,5764.81,5764.81,0.0,87.85,5676.96,5676.96,0.0,25.88
2025-09-30,SHP07015,CARC,CC-104,LTL,2025-09-20,2025-09-22,110.0,28.71,15.03,history,153.74,1.0,138.71,138.71,0.0,0.0,138.71,138.71,0.0,15.03
2025-09-30,SHP07016,CARB,CC-104,LTL,2025-09-20,2025-09-23,121.1,31.61,20.91,history,173.62,1.0,152.71,152.71,0.0,0.0,152.71,152.71,0.0,20.91
2025-09-30,SHP07017,CARC,CC-102,LTL,2025-09-20,2025-09-23,232.78,60.76,15.03,history,308.57,1.0,293.54,293.54,0.0,0.0,293.54,293.54,0.0,15.03
2025-09-30,SHP07018,CARA,CC-103,LTL,2025-09-20,2025-09-24,1059.27,276.47,14.05,history,1349.79,1.0,1335.74,1335.74,0.0,0.0,1335.74,1335.74,0.0,14.05
2025-09-30,SHP07019,CARG,CC-103,TL,2025-09-20,2025-09-23,2972.59,645.39,18.41,history,3636.39,1.0,3617.98,3617.98,0.0,0.0,3617.98,3617.98,0.0,18.41
2025-09-30,SHP07021,CARC,CC-102,LTL,2025-09-20,2025-09-23,491.71,128.34,15.03,history,635.08,1.0,620.05,620.05,0.0,0.0,620.05,620.05,0.0,15.03
2025-09-30,SHP07022,CARB,CC-102,LTL,2025-09-20,2025-09-24,202.5,52.85,20.91,history,276.26,1.0,255.35,255.35,0.0,0.0,255.35,255.35,0.0,20.91
2025-09-30,SHP07023,CARH,CC-104,TL,2025-09-20,2025-09-21,450.0,97.8,19.02,history,566.82,1.0,547.8,547.8,0.0,0.0,547.8,547.8,0.0,19.02
2025-09-30,SHP07024,CARD,CC-103,LTL,2025-09-20,2025-09-23,297.56,77.66,17.1,history,392.32,1.0,470.22,375.22,95.0,0.0,470.22,375.22,95.0,-77.9
2025-09-30,SHP07025,CARC,CC-101,LTL,2025-09-20,2025-09-24,1549.07,404.31,15.03,history,1968.41,1.0,2195.68,2195.68,0.0,242.3,1953.38,1953.38,0.0,15.03
2025-09-30,SHP07026,CARD,CC-103,LTL,2025-09-20,2025-09-23,1055.39,275.46,17.1,history,1347.95,1.0,1330.85,1330.85,0.0,0.0,1330.85,1330.85,0.0,17.1
2025-09-30,SHP07027,CARD,CC-104,LTL,2025-09-21,2025-09-22,149.0,38.89,17.1,history,204.99,1.0,187.89,187.89,0.0,0.0,187.89,187.89,0.0,17.1
2025-09-30,SHP07028,CARH,CC-104,TL,2025-09-21,2025-09-22,872.0,193.67,19.02,history,1084.69,1.0,1065.33,1065.33,0.0,0.0,1065.33,1065.33,0.0,19.36
2025-09-30,SHP07029,CARB,CC-101,LTL,2025-09-21,2025-09-27,688.37,179.66,20.91,history,888.94,1.0,963.03,868.03,95.0,95.0,868.03,868.03,0.0,20.91
2025-09-30,SHP07030,CARD,CC-104,LTL,2025-09-21,2025-09-23,458.56,119.68,17.1,history,595.34,1.0,578.24,578.24,0.0,0.0,578.24,578.24,0.0,17.1
2025-09-30,SHP07031,CARD,CC-102,LTL,2025-09-21,2025-09-23,437.46,114.18,17.1,history,568.74,2.0,682.03,587.03,95.0,35.22,646.81,551.81,95.0,-78.07
2025-09-30,SHP07032,CARF,CC-104,TL,2025-09-21,2025-09-27,5564.8,1146.51,25.88,history,6737.19,1.0,7132.43,7132.43,0.0,421.12,6711.31,6711.31,0.0,25.88
2025-09-30,SHP07034,CARD,CC-101,LTL,2025-09-21,2025-09-23,544.1,142.01,17.1,history,703.21,1.0,686.11,686.11,0.0,0.0,686.11,686.11,0.0,17.1
2025-09-30,SHP07035,CARD,CC-105,LTL,2025-09-21,2025-09-23,248.5,64.86,17.1,history,330.46,1.0,313.36,313.36,0.0,0.0,313.36,313.36,0.0,17.1
2025-09-30,SHP07036,CARE,CC-104,LTL,2025-09-21,2025-09-22,110.0,28.71,20.04,history,158.75,1.0,138.71,138.71,0.0,0.0,138.71,138.71,0.0,20.04
2025-09-30,SHP07037,CARF,CC-103,TL,2025-09-21,2025-09-24,2781.68,580.52,25.88,history,3388.08,1.0,3417.45,3417.45,0.0,52.77,3364.68,3364.68,0.0,23.4
2025-09-30,SHP07038,CARB,CC-102,LTL,2025-09-21,2025-09-22,261.69,68.3,20.91,history,350.9,1.0,329.99,329.99,0.0,0.0,329.99,329.99,0.0,20.91
2025-09-30,SHP07039,CARE,CC-104,LTL,2025-09-21,2025-09-23,178.78,46.66,20.04,history,245.48,1.0,226.83,226.83,0.0,0.0,226.83,226.83,0.0,18.65
2025-09-30,SHP07040,CARA,CC-103,LTL,2025-09-21,2025-09-26,2330.22,608.19,14.05,history,2952.46,1.0,3063.41,2938.41,125.0,0.0,3063.41,2938.41,125.0,-110.95
2025-09-30,SHP07041,CARC,CC-104,LTL,2025-09-21,2025-09-24,483.76,126.26,15.03,history,625.05,1.0,610.02,610.02,0.0,0.0,610.02,610.02,0.0,15.03
2025-09-30,SHP07042,CARB,CC-104,LTL,2025-09-21,2025-09-24,250.12,65.28,20.91,history,336.31,1.0,362.2,362.2,0.0,46.8,315.4,315.4,0.0,20.91
2025-09-30,SHP07043,CARA,CC-101,LTL,2025-09-21,2025-09-26,2282.6,595.76,14.05,history,2892.41,1.0,2878.36,2878.36,0.0,0.0,2878.36,2878.36,0.0,14.05
2025-09-30,SHP07044,CARF,CC-101,TL,2025-09-21,2025-09-25,3432.0,692.36,25.88,history,4150.24,1.0,4187.3,4187.3,0.0,62.94,4124.36,4124.36,0.0,25.88
2025-09-30,SHP07045,CARC,CC-104,LTL,2025-09-21,2025-09-24,1102.72,287.81,15.03,history,1405.56,1.0,1485.53,1390.53,95.0,0.0,1485.53,1390.53,95.0,-79.97
2025-09-30,SHP07046,CARE,CC-104,LTL,2025-09-21,2025-09-24,204.7,53.43,20.04,history,278.17,1.0,258.13,258.13,0.0,0.0,258.13,258.13,0.0,20.04
2025-09-30,SHP07047,CARA,CC-103,LTL,2025-09-21,2025-09-26,3924.28,1024.24,14.05,history,4962.57,1.0,4948.52,4948.52,0.0,0.0,4948.52,4948.52,0.0,14.05
2025-09-30,SHP07048,CARD,CC-103,LTL,2025-09-21,2025-09-25,1912.23,499.09,17.1,history,2428.42,1.0,2666.91,2666.91,0.0,255.59,2411.32,2411.32,0.0,17.1
2025-09-30,SHP07049,CARC,CC-104,LTL,2025-09-21,2025-09-24,449.71,117.37,15.03,history,582.11,1.0,567.08,567.08,0.0,0.0,567.08,567.08,0.0,15.03
2025-09-30,SHP07050,CARA,CC-103,LTL,2025-09-21,2025-09-25,793.66,207.15,14.05,history,1014.86,1.0,1000.81,1000.81,0.0,0.0,1000.81,1000.81,0.0,14.05
2025-09-30,SHP07051,CARE,CC-105,LTL,2025-09-21,2025-09-22,316.49,82.6,20.04,history,419.13,1.0,619.09,399.09,220.0,0.0,619.09,399.09,220.0,-199.96
2025-09-30,SHP07052,CARG,CC-103,TL,2025-09-21,2025-09-24,2272.56,539.36,18.41,history,2830.33,1.0,2811.92,2811.92,0.0,0.0,2811.92,2811.92,0.0,18.41
2025-09-30,SHP07053,CARE,CC-103,LTL,2025-09-22,2025-09-24,618.18,166.91,20.04,history,805.13,1.0,880.09,785.09,95.0,0.0,880.09,785.09,95.0,-74.96
2025-09-30,SHP07054,CARC,CC-101,LTL,2025-09-22,2025-09-24,128.88,34.8,15.03,history,178.71,1.0,273.05,178.05,95.0,0.0,273.05,178.05,95.0,-94.34
2025-09-30,SHP07056,CARH,CC-101,TL,2025-09-22,2025-09-27,3849.82,858.23,19.02,history,4727.07,1.0,4708.05,4708.05,0.0,0.0,4708.05,4708.05,0.0,19.02
2025-09-30,SHP07057,CARB,CC-101,LTL,2025-09-22,2025-09-23,198.9,53.7,20.91,history,273.51,1.0,252.6,252.6,0.0,0.0,252.6,252.6,0.0,20.91
2025-09-30,SHP07058,CARB,CC-102,LTL,2025-09-22,2025-09-25,333.79,90.12,20.91,history,444.82,1.0,518.91,423.91,95.0,0.0,518.91,423.91,95.0,-74.09
2025-09-30,SHP07059,CARG,CC-102,TL,2025-09-22,2025-09-24,825.6,189.18,18.41,history,1033.19,1.0,1014.78,1014.78,0.0,0.0,1014.78,1014.78,0.0,18.41
2025-09-30,SHP07060,CARA,CC-103,LTL,2025-09-22,2025-09-27,191.47,51.7,14.05,history,257.22,1.0,243.17,243.17,0.0,0.0,243.17,243.17,0.0,14.05
2025-09-30,SHP07061,CARC,CC-103,LTL,2025-09-22,2025-09-26,866.6,233.98,15.03,history,1115.61,1.0,1195.58,1100.58,95.0,0.0,1195.58,1100.58,95.0,-79.97
2025-09-30,SHP07062,CARG,CC-105,TL,2025-09-22,2025-09-25,3118.98,671.01,18.41,history,3808.4,1.0,3791.85,3791.85,0.0,0.0,3791.85,3791.85,0.0,16.55
2025-09-30,SHP07063,CARA,CC-103,LTL,2025-09-22,2025-09-28,1089.25,294.1,14.05,history,1397.4,1.0,1474.36,1379.36,95.0,0.0,1474.36,1379.36,95.0,-76.96
2025-09-30,SHP07064,CARC,CC-104,LTL,2025-09-22,2025-09-27,1011.57,273.12,15.03,history,1299.72,1.0,1379.69,1284.69,95.0,0.0,1379.69,1284.69,95.0,-79.97
2025-09-30,SHP07065,CARD,CC-103,LTL,2025-09-22,2025-09-25,1422.2,383.99,17.1,history,1823.29,1.0,1806.19,1806.19,0.0,0.0,1806.19,1806.19,0.0,17.1
2025-09-30,SHP07066,CARC,CC-102,LTL,2025-09-22,2025-09-24,278.48,75.19,15.03,history,368.7,1.0,353.67,353.67,0.0,0.0,353.67,353.67,0.0,15.03
2025-09-30,SHP07067,CARE,CC-104,LTL,2025-09-22,2025-09-24,504.61,136.24,20.04,history,660.89,1.0,640.85,640.85,0.0,0.0,640.85,640.85,0.0,20.04
2025-09-30,SHP07068,CARA,CC-104,LTL,2025-09-22,2025-09-24,1363.0,368.01,14.05,history,1745.06,1.0,1731.01,1731.01,0.0,0.0,1731.01,1731.01,0.0,14.05
2025-09-30,SHP07069,CARA,CC-102,LTL,2025-09-22,2025-09-26,1766.7,477.01,14.05,history,2257.76,1.0,2338.71,2243.71,95.0,0.0,2338.71,2243.71,95.0,-80.95
2025-09-30,SHP07070,CARB,CC-104,LTL,2025-09-22,2025-09-28,1253.98,338.57,20.91,history,1613.46,1.0,1613.61,1613.61,0.0,0.0,1613.61,1613.61,0.0,-0.15
2025-09-30,SHP07071,CARC,CC-103,LTL,2025-09-22,2025-09-25,110.82,29.92,15.03,history,155.77,1.0,140.74,140.74,0.0,0.0,140.74,140.74,0.0,15.03
2025-09-30,SHP07072,CARH,CC-105,TL,2025-09-22,2025-09-28,4695.6,1101.6,19.02,history,5816.22,1.0,5797.2,5797.2,0.0,0.0,5797.2,5797.2,0.0,19.02
2025-09-30,SHP07073,CARG,CC-104,TL,2025-09-22,2025-09-24,450.0,96.07,18.41,history,564.48,1.0,546.56,546.56,0.0,0.0,546.56,546.56,0.0,17.92
2025-09-30,SHP07074,CARC,CC-104,LTL,2025-09-22,2025-09-23,706.38,190.72,15.03,history,912.13,1.0,897.1,897.1,0.0,0.0,897.1,897.1,0.0,15.03
2025-09-30,SHP07075,CARB,CC-101,LTL,2025-09-22,2025-09-25,1300.12,351.03,20.91,history,1672.06,1.0,1650.05,1650.05,0.0,0.0,1650.05,1650.05,0.0,22.01
2025-09-30,SHP07076,CARG,CC-105,TL,2025-09-22,2025-09-26,3118.98,671.01,18.41,history,3808.4,1.0,3786.64,3786.64,0.0,0.0,3786.64,3786.64,0.0,21.76
2025-09-30,SHP07077,CARA,CC-104,LTL,2025-09-22,2025-09-27,530.56,143.25,14.05,history,687.86,1.0,673.81,673.81,0.0,0.0,673.81,673.81,0.0,14.05
2025-09-30,SHP07078,CARD,CC-104,LTL,2025-09-22,2025-09-24,236.8,63.94,17.1,history,317.84,1.0,395.74,300.74,95.0,95.0,300.74,300.74,0.0,17.1
2025-09-30,SHP07079,CARD,CC-102,LTL,2025-09-22,2025-09-24,353.32,95.4,17.1,history,465.82,1.0,543.72,448.72,95.0,0.0,543.72,448.72,95.0,-77.9
2025-09-30,SHP07080,CARD,CC-105,LTL,2025-09-22,2025-09-24,223.66,60.39,17.1,history,301.15,1.0,284.05,284.05,0.0,0.0,284.05,284.05,0.0,17.1
2025-09-30,SHP07081,CARA,CC-101,LTL,2025-09-22,2025-09-27,1678.32,453.15,14.05,history,2145.52,1.0,2131.47,2131.47,0.0,0.0,2131.47,2131.47,0.0,14.05
2025-09-30,SHP07082,CARB,CC-102,LTL,2025-09-22,2025-09-24,409.25,110.5,20.91,history,540.66,2.0,614.75,519.75,95.0,0.0,614.75,519.75,95.0,-74.09
2025-09-30,SHP07083,CARD,CC-103,LTL,2025-09-22,2025-09-28,1237.01,333.99,17.1,history,1588.1,1.0,1571.0,1571.0,0.0,0.0,1571.0,1571.0,0.0,17.1
2025-09-30,SHP07084,CARD,CC-103,LTL,2025-09-22,2025-09-24,540.59,145.96,17.1,history,703.65,1.0,686.55,686.55,0.0,0.0,686.55,686.55,0.0,17.1
2025-09-30,SHP07085,CARB,CC-101,LTL,2025-09-22,2025-09-24,190.96,51.56,20.91,history,263.43,1.0,242.52,242.52,0.0,0.0,242.52,242.52,0.0,20.91
2025-09-30,SHP07086,CARC,CC-102,LTL,2025-09-22,2025-09-24,355.5,95.98,15.03,history,466.51,1.0,451.48,451.48,0.0,0.0,451.48,451.48,0.0,15.03
2025-09-30,SHP07087,CARB,CC-104,LTL,2025-09-22,2025-09-24,771.42,208.28,20.91,history,1000.61,1.0,979.7,979.7,0.0,0.0,979.7,979.7,0.0,20.91
2025-09-30,SHP07088,CARE,CC-102,LTL,2025-09-23,2025-09-28,592.81,160.06,20.04,history,772.91,1.0,847.87,752.87,95.0,0.0,847.87,752.87,95.0,-74.96
2025-09-30,SHP07089,CARA,CC-101,LTL,2025-09-23,2025-09-28,2196.57,593.07,14.05,history,2803.69,1.0,2884.64,2789.64,95.0,0.0,2884.64,2789.64,95.0,-80.95
2025-09-30,SHP07090,CARH,CC-104,TL,2025-09-23,2025-09-25,1536.12,370.98,19.02,history,1926.12,1.0,1907.1,1907.1,0.0,0.0,1907.1,1907.1,0.0,19.02
2025-09-30,SHP07091,CARC,CC-102,LTL,2025-09-23,2025-09-28,588.32,158.85,15.03,history,762.2,1.0,842.17,747.17,95.0,0.0,842.17,747.17,95.0,-79.97
2025-09-30,SHP07092,CARC,CC-101,LTL,2025-09-23,2025-09-26,217.97,58.85,15.03,history,291.85,1.0,371.82,276.82,95.0,0.0,371.82,276.82,95.0,-79.97
2025-09-30,SHP07093,CARC,CC-103,LTL,2025-09-23,2025-09-26,763.4,206.12,15.03,history,984.55,1.0,969.52,969.52,0.0,0.0,969.52,969.52,0.0,15.03
2025-09-30,SHP07094,CARC,CC-104,LTL,2025-09-23,2025-09-29,1121.07,302.69,15.03,history,1438.79,1.0,1423.76,1423.76,0.0,0.0,1423.76,1423.76,0.0,15.03
2025-09-30,SHP07095,CARD,CC-104,LTL,2025-09-23,2025-09-24,139.3,37.61,17.1,history,194.01,1.0,176.91,176.91,0.0,0.0,176.91,176.91,0.0,17.1
2025-09-30,SHP07097,CARE,CC-105,LTL,2025-09-23,2025-09-24,110.0,29.7,20.04,history,159.74,1.0,139.7,139.7,0.0,0.0,139.7,139.7,0.0,20.04
2025-09-30,SHP07098,CARA,CC-103,LTL,2025-09-23,2025-09-29,711.31,192.05,14.05,history,917.41,1.0,903.36,903.36,0.0,0.0,903.36,903.36,0.0,14.05
2025-09-30,SHP07099,CARH,CC-103,TL,2025-09-23,2025-09-27,3114.0,767.08,19.02,history,3900.1,1.0,3956.08,3881.08,75.0,0.0,3956.08,3881.08,75.0,-55.98
2025-09-30,SHP07100,CARE,CC-101,LTL,2025-09-23,2025-09-24,110.0,29.7,20.04,history,159.74,1.0,139.7,139.7,0.0,0.0,139.7,139.7,0.0,20.04
2025-09-30,SHP07101,CARE,CC-104,LTL,2025-09-23,2025-09-25,254.4,68.69,20.04,history,343.13,1.0,323.09,323.09,0.0,0.0,323.09,323.09,0.0,20.04
2025-09-30,SHP07102,CARE,CC-105,LTL,2025-09-23,2025-09-25,459.51,124.07,20.04,history,603.62,1.0,764.21,639.21,125.0,181.15,583.06,583.06,0.0,20.56
2025-09-30,SHP07103,CARE,CC-101,LTL,2025-09-23,2025-09-25,215.63,58.22,20.04,history,293.89,1.0,398.85,273.85,125.0,0.0,398.85,273.85,125.0,-104.96
2025-09-30,SHP07104,CARE,CC-101,LTL,2025-09-23,2025-09-28,927.7,250.48,20.04,history,1198.22,1.0,1178.18,1178.18,0.0,0.0,1178.18,1178.18,0.0,20.04
2025-09-30,SHP07105,CARG,CC-101,TL,2025-09-23,2025-09-25,1614.45,347.33,18.41,history,1980.19,1.0,1961.78,1961.78,0.0,0.0,1961.78,1961.78,0.0,18.41
2025-09-30,SHP07106,CARB,CC-103,LTL,2025-09-23,2025-09-27,352.79,95.25,20.91,history,468.95,1.0,448.04,448.04,0.0,0.0,448.04,448.04,0.0,20.91
2025-09-30,SHP07107,CARD,CC-103,LTL,2025-09-23,2025-09-27,155.65,42.03,17.1,history,214.78,1.0,197.68,197.68,0.0,0.0,197.68,197.68,0.0,17.1
2025-09-30,SHP07108,CARA,CC-102,LTL,2025-09-23,2025-09-27,657.5,177.53,14.05,history,849.08,1.0,956.95,956.95,0.0,121.92,835.03,835.03,0.0,14.05
2025-09-30,SHP07109,CARC,CC-101,LTL,2025-09-23,2025-09-26,322.59,87.1,15.03,history,424.72,1.0,504.69,409.69,95.0,0.0,504.69,409.69,95.0,-79.97
2025-09-30,SHP07110,CARB,CC-103,LTL,2025-09-23,2025-09-27,237.04,64.0,20.91,history,321.95,1.0,340.73,340.73,0.0,39.69,301.04,301.04,0.0,20.91
2025-09-30,SHP07111,CARA,CC-104,LTL,2025-09-23,2025-09-29,3021.23,815.73,14.05,history,3851.01,1.0,3836.96,3836.96,0.0,0.0,3836.96,3836.96,0.0,14.05
2025-09-30,SHP07112,CARA,CC-103,LTL,2025-09-24,2025-09-29,870.23,234.96,14.05,history,1119.24,1.0,1200.19,1105.19,95.0,0.0,1200.19,1105.19,95.0,-80.95
2025-09-30,SHP07113,CARD,CC-105,LTL,2025-09-24,2025-09-25,731.88,197.61,17.1,history,946.59,1.0,1054.49,929.49,125.0,0.0,1054.49,929.49,125.0,-107.9
2025-09-30,SHP07114,CARB,CC-104,LTL,2025-09-24,2025-09-30,1194.5,322.52,20.91,history,1537.93,1.0,1612.02,1517.02,95.0,0.0,1612.02,1517.02,95.0,-74.09
2025-09-30,SHP07115,CARC,CC-104,LTL,2025-09-24,2025-09-30,3415.5,922.19,15.03,history,4352.72,1.0,4337.69,4337.69,0.0,0.0,4337.69,4337.69,0.0,15.03
2025-09-30,SHP07116,CARD,CC-103,LTL,2025-09-24,2025-09-29,1595.33,430.74,17.1,history,2043.17,1.0,2026.07,2026.07,0.0,0.0,2026.07,2026.07,0.0,17.1
2025-09-30,SHP07117,CARA,CC-104,LTL,2025-09-24,2025-09-26,192.87,52.07,14.05,history,258.99,1.0,244.94,244.94,0.0,0.0,244.94,244.94,0.0,14.05
2025-09-30,SHP07118,CARD,CC-103,LTL,2025-09-24,2025-09-27,514.83,139.0,17.1,history,670.93,1.0,653.83,653.83,0.0,0.0,653.83,653.83,0.0,17.1
2025-09-30,SHP07119,CARE,CC-101,LTL,2025-09-24,2025-09-28,1303.56,351.96,20.04,history,1675.56,1.0,1875.52,1655.52,220.0,0.0,1875.52,1655.52,220.0,-199.96
2025-09-30,SHP07120,CARE,CC-105,LTL,2025-09-24,2025-09-28,505.39,136.46,20.04,history,661.89,1.0,641.85,641.85,0.0,0.0,641.85,641.85,0.0,20.04
2025-09-30,SHP07121,CARH,CC-102,TL,2025-09-24,2025-09-26,1308.34,308.41,19.02,history,1635.77,1.0,1616.75,1616.75,0.0,0.0,1616.75,1616.75,0.0,19.02
2025-09-30,SHP07122,CARD,CC-103,LTL,2025-09-24,2025-09-28,711.32,192.06,17.1,history,920.48,1.0,903.38,903.38,0.0,0.0,903.38,903.38,0.0,17.1
2025-09-30,SHP07123,CARG,CC-101,TL,2025-09-24,2025-09-25,450.0,97.55,18.41,history,565.96,1.0,547.55,547.55,0.0,0.0,547.55,547.55,0.0,18.41
2025-09-30,SHP07124,CARD,CC-105,LTL,2025-09-24,2025-09-26,467.74,126.29,17.1,history,611.13,1.0,594.03,594.03,0.0,0.0,594.03,594.03,0.0,17.1
2025-09-30,SHP07125,CARD,CC-104,LTL,2025-09-24,2025-09-26,252.7,68.23,17.1,history,338.03,1.0,415.93,320.93,95.0,0.0,415.93,320.93,95.0,-77.9
2025-09-30,SHP07126,CARD,CC-102,LTL,2025-09-24,2025-09-27,351.5,94.91,17.1,history,463.51,1.0,446.41,446.41,0.0,0.0,446.41,446.41,0.0,17.1
2025-09-30,SHP07127,CARE,CC-105,LTL,2025-09-24,2025-09-28,207.51,56.03,20.04,history,283.58,1.0,358.54,263.54,95.0,0.0,358.54,263.54,95.0,-74.96
2025-09-30,SHP07128,CARG,CC-104,TL,2025-09-24,2025-09-26,1087.75,234.02,18.41,history,1340.18,1.0,1321.77,1321.77,0.0,0.0,1321.77,1321.77,0.0,18.41
2025-09-30,SHP07129,CARC,CC-103,LTL,2025-09-24,2025-09-28,763.4,206.12,15.03,history,984.55,1.0,1094.52,969.52,125.0,0.0,1094.52,969.52,125.0,-109.97
2025-09-30,SHP07130,CARD,CC-103,LTL,2025-09-24,2025-09-27,130.14,35.14,17.1,history,182.38,1.0,165.28,165.28,0.0,0.0,165.28,165.28,0.0,17.1
2025-09-30,SHP07131,CARG,CC-104,TL,2025-09-24,2025-09-27,1750.17,379.85,18.41,history,2148.43,1.0,2130.02,2130.02,0.0,0.0,2130.02,2130.02,0.0,18.41
2025-09-30,SHP07132,CARD,CC-103,LTL,2025-09-24,2025-09-28,335.82,90.67,17.1,history,443.59,1.0,521.49,426.49,95.0,0.0,521.49,426.49,95.0,-77.9
2025-09-30,SHP07133,CARH,CC-103,TL,2025-09-24,2025-09-28,3699.41,915.87,19.02,history,4634.3,1.0,4615.28,4615.28,0.0,0.0,4615.28,4615.28,0.0,19.02
2025-09-30,SHP07134,CARD,CC-105,LTL,2025-09-24,2025-09-26,264.21,71.34,17.1,history,352.65,1.0,335.55,335.55,0.0,0.0,335.55,335.55,0.0,17.1
2025-09-30,SHP07135,CARE,CC-102,LTL,2025-09-24,2025-09-28,649.99,175.5,20.04,history,845.53,1.0,966.44,871.44,95.0,45.95,920.49,825.49,95.0,-74.96
2025-09-30,SHP07136,CARD,CC-101,LTL,2025-09-24,2025-09-28,264.85,71.51,17.1,history,353.46,1.0,336.36,336.36,0.0,0.0,336.36,336.36,0.0,17.1
2025-09-30,SHP07137,CARB,CC-101,LTL,2025-09-24,2025-09-29,975.27,263.32,20.91,history,1259.5,1.0,1238.59,1238.59,0.0,0.0,1238.59,1238.59,0.0,20.91
2025-09-30,SHP07138,CARE,CC-104,LTL,2025-09-24,2025-09-27,243.18,65.66,20.04,history,328.88,1.0,308.84,308.84,0.0,0.0,308.84,308.84,0.0,20.04
2025-09-30,SHP07139,CARA,CC-101,LTL,2025-09-24,2025-09-27,469.6,126.79,14.05,history,610.44,1.0,596.39,596.39,0.0,0.0,596.39,596.39,0.0,14.05
2025-09-30,SHP07140,CARE,CC-103,LTL,2025-09-25,2025-09-28,662.31,178.82,20.04,history,861.17,1.0,841.13,841.13,0.0,0.0,841.13,841.13,0.0,20.04
2025-09-30,SHP07141,CARE,CC-101,LTL,2025-09-25,2025-09-29,537.1,145.02,20.04,history,702.16,1.0,731.38,731.38,0.0,49.26,682.12,682.12,0.0,20.04
2025-09-30,SHP07142,CARA,CC-101,LTL,2025-09-25,2025-09-28,202.06,54.56,14.05,history,270.67,1.0,256.62,256.62,0.0,0.0,256.62,256.62,0.0,14.05
2025-09-30,SHP07143,CARF,CC-101,TL,2025-09-25,2025-09-27,711.9,155.19,25.88,history,892.97,1.0,1181.2,881.2,300.0,314.11,867.09,867.09,0.0,25.88
2025-09-30,SHP07144,CARA,CC-103,LTL,2025-09-25,2025-09-28,1696.78,458.13,14.05,history,2168.96,1.0,2154.91,2154.91,0.0,0.0,2154.91,2154.91,0.0,14.05
2025-09-30,SHP07145,CARB,CC-104,LTL,2025-09-25,2025-09-27,633.19,170.96,20.91,history,825.06,1.0,1024.15,804.15,220.0,0.0,1024.15,804.15,220.0,-199.09
2025-09-30,SHP07146,CARB,CC-104,LTL,2025-09-25,2025-09-26,191.17,51.62,20.91,history,263.7,1.0,242.85,242.85,0.0,0.0,242.85,242.85,0.0,20.85
2025-09-30,SHP07148,CARD,CC-102,LTL,2025-09-25,2025-09-28,379.62,102.5,17.1,history,499.22,1.0,482.12,482.12,0.0,0.0,482.12,482.12,0.0,17.1
2025-09-30,SHP07149,CARB,CC-103,LTL,2025-09-25,2025-09-30,1591.87,429.8,20.91,history,2042.58,1.0,2021.67,2021.67,0.0,0.0,2021.67,2021.67,0.0,20.91
2025-09-30,SHP07150,CARE,CC-104,LTL,2025-09-25,2025-09-27,254.4,68.69,20.04,history,343.13,1.0,418.09,323.09,95.0,0.0,418.09,323.09,95.0,-74.96
2025-09-30,SHP07151,CARC,CC-103,LTL,2025-09-25,2025-09-27,269.52,72.77,15.03,history,357.32,1.0,342.29,342.29,0.0,0.0,342.29,342.29,0.0,15.03
2025-09-30,SHP07152,CARA,CC-105,LTL,2025-09-25,2025-09-29,254.61,68.74,14.05,history,337.4,1.0,323.35,323.35,0.0,0.0,323.35,323.35,0.0,14.05
2025-09-30,SHP07154,CARD,CC-101,LTL,2025-09-25,2025-09-28,264.85,71.51,17.1,history,353.46,1.0,336.36,336.36,0.0,0.0,336.36,336.36,0.0,17.1
2025-09-30,SHP07155,CARD,CC-102,LTL,2025-09-25,2025-09-28,456.32,123.21,17.1,history,596.63,1.0,813.16,688.16,125.0,108.64,704.52,579.52,125.0,-107.89
2025-09-30,SHP07156,CARD,CC-104,LTL,2025-09-25,2025-09-26,110.0,29.7,17.1,history,156.8,1.0,234.7,139.7,95.0,0.0,234.7,139.7,95.0,-77.9
2025-09-30,SHP07157,CARE,CC-105,LTL,2025-09-25,2025-09-28,353.22,95.37,20.04,history,468.63,1.0,448.59,448.59,0.0,0.0,448.59,448.59,0.0,20.04
2025-09-30,SHP07158,CARB,CC-102,LTL,2025-09-25,2025-09-26,940.81,254.02,20.91,history,1215.74,1.0,1194.83,1194.83,0.0,0.0,1194.83,1194.83,0.0,20.91
2025-09-30,SHP07159,CARH,CC-102,TL,2025-09-25,2025-09-27,555.12,126.62,19.02,history,700.76,1.0,981.74,681.74,300.0,0.0,981.74,681.74,300.0,-280.98
2025-09-30,SHP07160,CARC,CC-102,LTL,2025-09-25,2025-09-29,785.0,211.95,15.03,history,1011.98,1.0,996.95,996.95,0.0,0.0,996.95,996.95,0.0,15.03
2025-09-30,SHP07161,CARA,CC-105,LTL,2025-09-25,2025-09-28,267.16,72.13,14.05,history,353.34,1.0,339.29,339.29,0.0,0.0,339.29,339.29,0.0,14.05
2025-09-30,SHP07162,CARC,CC-102,LTL,2025-09-25,2025-09-28,261.63,70.64,15.03,history,347.3,1.0,332.27,332.27,0.0,0.0,332.27,332.27,0.0,15.03
2025-09-30,SHP07163,CARA,CC-105,LTL,2025-09-25,2025-09-29,1109.4,299.54,14.05,history,1422.99,1.0,1408.94,1408.94,0.0,0.0,1408.94,1408.94,0.0,14.05
2025-09-30,SHP07164,CARE,CC-101,LTL,2025-09-25,2025-09-26,110.0,29.7,20.04,history,159.74,1.0,359.7,139.7,220.0,95.0,264.7,139.7,125.0,-104.96
2025-09-30,SHP07165,CARH,CC-102,TL,2025-09-25,2025-09-28,1743.65,399.55,19.02,history,2162.22,1.0,2143.2,2143.2,0.0,0.0,2143.2,2143.2,0.0,19.02
2025-09-30,SHP07166,CARB,CC-102,LTL,2025-09-25,2025-09-30,598.61,161.62,20.91,history,781.14,1.0,760.23,760.23,0.0,0.0,760.23,760.23,0.0,20.91
2025-09-30,SHP07167,CARG,CC-101,TL,2025-09-25,2025-09-28,2614.43,582.82,18.41,history,3215.66,1.0,3197.25,3197.25,0.0,0.0,3197.25,3197.25,0.0,18.41
2025-09-30,SHP07168,CARD,CC-104,LTL,2025-09-25,2025-09-26,143.98,38.87,17.1,history,199.95,1.0,182.85,182.85,0.0,0.0,182.85,182.85,0.0,17.1
2025-09-30,SHP07169,CARB,CC-104,LTL,2025-09-25,2025-09-26,218.45,58.98,20.91,history,298.34,1.0,277.43,277.43,0.0,0.0,277.43,277.43,0.0,20.91
2025-09-30,SHP07170,CARE,CC-104,LTL,2025-09-25,2025-09-28,823.68,222.39,20.04,history,1066.11,1.0,1046.07,1046.07,0.0,0.0,1046.07,1046.07,0.0,20.04
2025-09-30,SHP07171,CARA,CC-103,LTL,2025-09-25,2025-09-30,531.56,143.52,14.05,history,689.13,1.0,675.08,675.08,0.0,0.0,675.08,675.08,0.0,14.05
2025-09-30,SHP07172,CARE,CC-102,LTL,2025-09-25,2025-09-30,1092.83,295.06,20.04,history,1407.93,1.0,1397.73,1397.73,0.0,9.84,1387.89,1387.89,0.0,20.04
2025-09-30,SHP07174,CARC,CC-101,LTL,2025-09-26,2025-09-28,400.89,108.24,15.03,history,524.16,1.0,643.03,548.03,95.0,38.9,604.13,509.13,95.0,-79.97
2025-09-30,SHP07175,CARE,CC-104,LTL,2025-09-26,2025-09-28,708.49,191.29,20.04,history,919.82,1.0,899.78,899.78,0.0,0.0,899.78,899.78,0.0,20.04
2025-09-30,SHP07177,CARE,CC-101,LTL,2025-09-26,2025-09-28,149.81,40.45,20.04,history,210.3,1.0,190.26,190.26,0.0,0.0,190.26,190.26,0.0,20.04
2025-09-30,SHP07179,CARD,CC-103,LTL,2025-09-26,2025-09-29,460.8,124.42,17.1,history,602.32,1.0,585.22,585.22,0.0,0.0,585.22,585.22,0.0,17.1
2025-09-30,SHP07180,CARF,CC-101,TL,2025-09-26,2025-09-29,2457.46,542.92,25.88,history,3026.26,1.0,3049.73,3049.73,0.0,49.35,3000.38,3000.38,0.0,25.88
2025-09-30,SHP07181,CARA,CC-101,LTL,2025-09-26,2025-09-30,283.52,76.55,14.05,history,374.12,1.0,360.07,360.07,0.0,0.0,360.07,360.07,0.0,14.05
2025-09-30,SHP07182,CARD,CC-102,LTL,2025-09-26,2025-09-29,174.29,47.06,17.1,history,238.45,1.0,316.35,221.35,95.0,0.0,316.35,221.35,95.0,-77.9
2025-09-30,SHP07183,CARG,CC-105,TL,2025-09-26,2025-09-28,1254.24,307.42,18.41,history,1580.07,1.0,1561.66,1561.66,0.0,0.0,1561.66,1561.66,0.0,18.41
2025-09-30,SHP07184,CARC,CC-102,LTL,2025-09-26,2025-09-29,563.24,152.07,15.03,history,730.34,1.0,713.9,713.9,0.0,0.0,713.9,713.9,0.0,16.44
2025-09-30,SHP07185,CARE,CC-104,LTL,2025-09-26,2025-09-29,110.0,29.7,20.04,history,159.74,1.0,234.7,139.7,95.0,0.0,234.7,139.7,95.0,-74.96
2025-09-30,SHP07186,CARA,CC-101,LTL,2025-09-26,2025-09-30,488.42,131.87,14.05,history,634.34,1.0,629.12,629.12,0.0,8.83,620.29,620.29,0.0,14.05
2025-09-30,SHP07187,CARC,CC-103,LTL,2025-09-26,2025-09-30,379.86,102.56,15.03,history,497.45,1.0,482.42,482.42,0.0,0.0,482.42,482.42,0.0,15.03
2025-09-30,SHP07188,CARG,CC-101,TL,2025-09-26,2025-09-28,621.96,139.92,18.41,history,780.29,1.0,761.45,761.45,0.0,0.0,761.45,761.45,0.0,18.84
2025-09-30,SHP07189,CARF,CC-101,TL,2025-09-26,2025-09-28,784.89,159.13,25.88,history,969.9,1.0,958.49,958.49,0.0,14.47,944.02,944.02,0.0,25.88
2025-09-30,SHP07190,CARD,CC-104,LTL,2025-09-26,2025-09-29,225.89,60.99,17.1,history,303.98,1.0,286.88,286.88,0.0,0.0,286.88,286.88,0.0,17.1
2025-09-30,SHP07191,CARF,CC-104,TL,2025-09-26,2025-09-29,2815.48,587.75,25.88,history,3429.11,1.0,3456.66,3456.66,0.0,53.43,3403.23,3403.23,0.0,25.88
2025-09-30,SHP07194,CARE,CC-102,LTL,2025-09-26,2025-09-29,197.97,53.45,20.04,history,271.46,1.0,253.43,253.43,0.0,0.0,253.43,253.43,0.0,18.03
2025-09-30,SHP07195,CARD,CC-103,LTL,2025-09-26,2025-09-30,1479.49,399.46,17.1,history,1896.05,1.0,1973.95,1878.95,95.0,0.0,1973.95,1878.95,95.0,-77.9
2025-09-30,SHP07197,CARG,CC-105,TL,2025-09-26,2025-09-28,519.2,116.27,18.41,history,653.88,1.0,635.47,635.47,0.0,0.0,635.47,635.47,0.0,18.41
2025-09-30,SHP07200,CARD,CC-104,LTL,2025-09-26,2025-09-28,295.94,79.9,17.1,history,392.94,1.0,596.26,376.26,220.0,0.0,596.26,376.26,220.0,-203.32
2025-09-30,SHP07201,CARE,CC-101,LTL,2025-09-27,2025-09-28,460.62,124.37,20.04,history,605.03,1.0,584.99,584.99,0.0,0.0,584.99,584.99,0.0,20.04
2025-09-30,SHP07202,CARB,CC-104,LTL,2025-09-27,2025-09-30,331.76,89.58,20.91,history,442.25,1.0,421.34,421.34,0.0,0.0,421.34,421.34,0.0,20.91
2025-09-30,SHP07203,CARH,CC-102,TL,2025-09-27,2025-09-29,1308.34,308.41,19.02,history,1635.77,1.0,1616.75,1616.75,0.0,0.0,1616.75,1616.75,0.0,19.02
2025-09-30,SHP07204,CARB,CC-104,LTL,2025-09-27,2025-09-29,122.28,33.02,20.91,history,176.21,1.0,155.3,155.3,0.0,0.0,155.3,155.3,0.0,20.91
2025-09-30,SHP07205,CARE,CC-104,LTL,2025-09-27,2025-09-29,297.34,80.28,20.04,history,397.66,1.0,472.62,377.62,95.0,0.0,472.62,377.62,95.0,-74.96
2025-09-30,SHP07206,CARB,CC-102,LTL,2025-09-27,2025-09-30,677.8,183.01,20.91,history,881.72,1.0,860.81,860.81,0.0,0.0,860.81,860.81,0.0,20.91
2025-09-30,SHP07210,CARD,CC-105,LTL,2025-09-27,2025-09-29,282.22,76.2,17.1,history,375.52,1.0,358.42,358.42,0.0,0.0,358.42,358.42,0.0,17.1
2025-09-30,SHP07212,CARC,CC-104,LTL,2025-09-27,2025-09-30,456.46,123.24,15.03,history,594.73,1.0,674.7,579.7,95.0,95.0,579.7,579.7,0.0,15.03
2025-09-30,SHP07213,CARC,CC-104,LTL,2025-09-27,2025-09-28,131.83,35.59,15.03,history,182.45,1.0,292.42,167.42,125.0,0.0,292.42,167.42,125.0,-109.97
2025-09-30,SHP07214,CARD,CC-102,LTL,2025-09-27,2025-09-30,413.68,111.69,17.1,history,542.47,1.0,525.37,525.37,0.0,0.0,525.37,525.37,0.0,17.1
2025-09-30,SHP07217,CARH,CC-103,TL,2025-09-27,2025-09-29,1100.9,268.5,19.02,history,1388.42,1.0,1369.4,1369.4,0.0,0.0,1369.4,1369.4,0.0,19.02
2025-09-30,SHP07218,CARD,CC-105,LTL,2025-09-27,2025-09-29,605.77,163.56,17.1,history,786.43,1.0,769.33,769.33,0.0,0.0,769.33,769.33,0.0,17.1
2025-09-30,SHP07220,CARG,CC-101,TL,2025-09-27,2025-09-29,1614.45,347.33,18.41,history,1980.19,1.0,1961.78,1961.78,0.0,0.0,1961.78,1961.78,0.0,18.41
2025-09-30,SHP07221,CARE,CC-104,LTL,2025-09-27,2025-09-29,640.2,172.85,20.04,history,833.09,1.0,813.05,813.05,0.0,0.0,813.05,813.05,0.0,20.04
2025-09-30,SHP07224,CARH,CC-103,TL,2025-09-28,2025-09-29,1100.9,268.5,19.02,history,1388.42,1.0,1369.4,1369.4,0.0,0.0,1369.4,1369.4,0.0,19.02
2025-09-30,SHP07226,CARD,CC-102,LTL,2025-09-28,2025-09-30,333.48,90.04,17.1,history,440.62,1.0,548.52,423.52,125.0,0.0,548.52,423.52,125.0,-107.9
2025-09-30,SHP07230,CARE,CC-105,LTL,2025-09-28,2025-09-29,522.83,141.16,20.04,history,684.03,1.0,663.99,663.99,0.0,0.0,663.99,663.99,0.0,20.04
2025-09-30,SHP07233,CARC,CC-105,LTL,2025-09-28,2025-09-30,407.6,110.05,15.03,history,532.68,2.0,1035.3,1035.3,0.0,517.65,517.65,517.65,0.0,15.03
2025-09-30,SHP07238,CARB,CC-101,LTL,2025-09-28,2025-09-30,110.0,29.7,20.91,history,160.61,1.0,264.7,139.7,125.0,0.0,264.7,139.7,125.0,-104.09
2025-09-30,SHP07239,CARG,CC-105,TL,2025-09-28,2025-09-30,1254.24,307.42,18.41,history,1580.07,1.0,1561.66,1561.66,0.0,0.0,1561.66,1561.66,0.0,18.41
2025-09-30,SHP07241,CARG,CC-101,TL,2025-09-28,2025-09-30,621.96,139.92,18.41,history,780.29,1.0,761.88,761.88,0.0,0.0,761.88,761.88,0.0,18.41
2025-09-30,SHP07242,CARE,CC-103,LTL,2025-09-28,2025-09-30,925.18,249.8,20.04,history,1195.02,1.0,1174.98,1174.98,0.0,0.0,1174.98,1174.98,0.0,20.04
2025-09-30,SHP07243,CARA,CC-104,LTL,2025-09-28,2025-09-29,230.44,62.22,14.05,history,306.71,1.0,292.66,292.66,0.0,0.0,292.66,292.66,0.0,14.05
2025-09-30,SHP07244,CARG,CC-105,TL,2025-09-28,2025-09-29,519.2,116.27,18.41,history,653.88,1.0,635.47,635.47,0.0,0.0,635.47,635.47,0.0,18.41
2025-09-30,SHP07245,CARB,CC-101,LTL,2025-09-28,2025-09-30,577.94,156.04,20.91,history,754.89,1.0,733.98,733.98,0.0,0.0,733.98,733.98,0.0,20.91
2025-09-30,SHP07249,CARA,CC-104,LTL,2025-09-28,2025-09-30,176.81,47.74,14.05,history,238.6,1.0,224.55,224.55,0.0,0.0,224.55,224.55,0.0,14.05
2025-09-30,SHP07258,CARD,CC-102,LTL,2025-09-29,2025-09-30,288.14,77.8,17.1,history,383.04,1.0,490.94,365.94,125.0,125.0,365.94,365.94,0.0,17.1
2025-09-30,SHP07262,CARG,CC-101,TL,2025-09-29,2025-09-30,450.0,98.04,18.41,history,566.45,1.0,548.04,548.04,0.0,0.0,548.04,548.04,0.0,18.41
2025-09-30,SHP07265,CARD,CC-101,LTL,2025-09-29,2025-09-30,110.0,29.7,17.1,history,156.8,1.0,139.4,139.4,0.0,0.0,139.4,139.4,0.0,17.4
2025-09-30,SHP07266,CARF,CC-104,TL,2025-09-29,2025-09-30,451.13,97.55,25.88,history,574.56,1.0,557.33,557.33,0.0,9.22,548.11,548.11,0.0,26.45
2025-09-30,SHP07271,CARE,CC-104,LTL,2025-09-29,2025-09-30,254.08,68.6,20.04,history,342.72,1.0,322.68,322.68,0.0,0.0,322.68,322.68,0.0,20.04
2025-09-30,SHP07275,CARE,CC-101,LTL,2025-09-29,2025-09-30,110.0,29.7,20.04,history,159.74,1.0,139.7,139.7,0.0,0.0,139.7,139.7,0.0,20.04
2025-10-31,SHP05939,CARH,CC-104,TL,2025-08-14,2025-08-16,872.0,180.2,14.57,history,1066.77,1.0,1052.2,1052.2,0.0,0.0,1052.2,1052.2,0.0,14.57
2025-10-31,SHP06273,CARE,CC-102,LTL,2025-08-26,2025-08-29,471.87,114.66,20.74,history,607.27,1.0,586.53,586.53,0.0,0.0,586.53,586.53,0.0,20.74
2025-10-31,SHP06290,CARH,CC-102,TL,2025-08-27,2025-08-30,2414.45,504.79,14.57,history,2933.81,1.0,2919.24,2919.24,0.0,0.0,2919.24,2919.24,0.0,14.57
2025-10-31,SHP06371,CARD,CC-103,LTL,2025-08-30,2025-09-04,1066.4,259.14,20.56,history,1346.1,1.0,1325.54,1325.54,0.0,0.0,1325.54,1325.54,0.0,20.56
2025-10-31,SHP06448,CARB,CC-101,LTL,2025-09-02,2025-09-07,580.84,141.14,22.97,history,744.95,1.0,722.81,722.81,0.0,0.0,722.81,722.81,0.0,22.14
2025-10-31,SHP06597,CARD,CC-103,LTL,2025-09-07,2025-09-13,1352.51,328.66,20.56,history,1701.73,1.0,1681.17,1681.17,0.0,0.0,1681.17,1681.17,0.0,20.56
2025-10-31,SHP06693,CARC,CC-103,LTL,2025-09-10,2025-09-14,181.0,45.61,18.53,history,245.14,,,,,,,,,245.14
2025-10-31,SHP06710,CARH,CC-102,TL,2025-09-11,2025-09-15,2414.45,523.51,14.57,history,2952.53,1.0,2946.43,2946.43,0.0,0.0,2946.43,2946.43,0.0,6.1
2025-10-31,SHP06721,CARD,CC-103,LTL,2025-09-11,2025-09-16,319.9,80.61,20.56,history,421.07,1.0,400.51,400.51,0.0,0.0,400.51,400.51,0.0,20.56
2025-10-31,SHP06779,CARD,CC-104,LTL,2025-09-13,2025-09-14,166.7,42.01,20.56,history,229.27,1.0,303.71,208.71,95.0,0.0,303.71,208.71,95.0,-74.44
2025-10-31,SHP06825,CARG,CC-101,TL,2025-09-15,2025-09-18,2614.43,572.77,20.56,history,3207.76,1.0,3187.2,3187.2,0.0,0.0,3187.2,3187.2,0.0,20.56
2025-10-31,SHP06847,CARB,CC-101,LTL,2025-09-15,2025-09-18,476.83,124.45,22.97,history,624.25,1.0,601.28,601.28,0.0,0.0,601.28,601.28,0.0,22.97
2025-10-31,SHP06894,CARD,CC-103,LTL,2025-09-16,2025-09-19,678.87,177.19,20.56,history,876.62,1.0,951.06,856.06,95.0,0.0,951.06,856.06,95.0,-74.44
2025-10-31,SHP06922,CARD,CC-105,LTL,2025-09-17,2025-09-20,635.97,165.99,20.56,history,822.52,1.0,926.96,801.96,125.0,0.0,926.96,801.96,125.0,-104.44
2025-10-31,SHP06929,CARB,CC-101,LTL,2025-09-17,2025-09-21,882.06,230.22,22.97,history,1135.25,1.0,1112.28,1112.28,0.0,0.0,1112.28,1112.28,0.0,22.97
2025-10-31,SHP06937,CARD,CC-102,LTL,2025-09-18,2025-09-20,664.18,173.35,20.56,history,858.09,1.0,837.53,837.53,0.0,0.0,837.53,837.53,0.0,20.56
2025-10-31,SHP06944,CARD,CC-102,LTL,2025-09-18,2025-09-21,253.89,66.27,20.56,history,340.72,1.0,540.16,320.16,220.0,0.0,540.16,320.16,220.0,-199.44
2025-10-31,SHP06945,CARD,CC-104,LTL,2025-09-18,2025-09-20,110.0,28.71,20.56,history,159.27,1.0,138.71,138.71,0.0,0.0,138.71,138.71,0.0,20.56
2025-10-31,SHP06964,CARG,CC-104,TL,2025-09-19,2025-09-25,5133.3,1166.84,20.56,history,6320.7,1.0,6292.98,6292.98,0.0,0.0,6292.98,6292.98,0.0,27.72
2025-10-31,SHP06968,CARG,CC-105,TL,2025-09-19,2025-09-21,1225.91,281.3,20.56,history,1527.77,1.0,1507.21,1507.21,0.0,0.0,1507.21,1507.21,0.0,20.56
2025-10-31,SHP06997,CARD,CC-103,LTL,2025-09-20,2025-09-24,723.49,188.83,20.56,history,932.88,1.0,1121.2,1026.2,95.0,0.0,1121.2,1026.2,95.0,-188.32
2025-10-31,SHP07002,CARB,CC-101,LTL,2025-09-20,2025-09-26,1407.6,367.38,22.97,history,1797.95,1.0,1774.98,1774.98,0.0,0.0,1774.98,1774.98,0.0,22.97
2025-10-31,SHP07027,CARD,CC-104,LTL,2025-09-21,2025-09-22,149.0,38.89,20.56,history,208.45,1.0,187.89,187.89,0.0,0.0,187.89,187.89,0.0,20.56
2025-10-31,SHP07035,CARD,CC-105,LTL,2025-09-21,2025-09-23,248.5,64.86,20.56,history,333.92,1.0,313.36,313.36,0.0,0.0,313.36,313.36,0.0,20.56
2025-10-31,SHP07046,CARE,CC-104,LTL,2025-09-21,2025-09-24,204.7,53.43,20.74,history,278.87,1.0,258.13,258.13,0.0,0.0,258.13,258.13,0.0,20.74
2025-10-31,SHP07053,CARE,CC-103,LTL,2025-09-22,2025-09-24,618.18,166.91,20.74,history,805.83,1.0,880.09,785.09,95.0,0.0,880.09,785.09,95.0,-74.26
2025-10-31,SHP07078,CARD,CC-104,LTL,2025-09-22,2025-09-24,236.8,63.94,20.56,history,321.3,1.0,395.74,300.74,95.0,95.0,300.74,300.74,0.0,20.56
2025-10-31,SHP07079,CARD,CC-102,LTL,2025-09-22,2025-09-24,353.32,95.4,20.56,history,469.28,1.0,543.72,448.72,95.0,0.0,543.72,448.72,95.0,-74.44
2025-10-31,SHP07083,CARD,CC-103,LTL,2025-09-22,2025-09-28,1237.01,333.99,20.56,history,1591.56,1.0,1571.0,1571.0,0.0,0.0,1571.0,1571.0,0.0,20.56
2025-10-31,SHP07084,CARD,CC-103,LTL,2025-09-22,2025-09-24,540.59,145.96,20.56,history,707.11,1.0,686.55,686.55,0.0,0.0,686.55,686.55,0.0,20.56
2025-10-31,SHP07091,CARC,CC-102,LTL,2025-09-23,2025-09-28,588.32,158.85,18.53,history,765.7,1.0,842.17,747.17,95.0,0.0,842.17,747.17,95.0,-76.47
2025-10-31,SHP07121,CARH,CC-102,TL,2025-09-24,2025-09-26,1308.34,308.41,14.57,history,1631.32,1.0,1616.75,1616.75,0.0,0.0,1616.75,1616.75,0.0,14.57
2025-10-31,SHP07122,CARD,CC-103,LTL,2025-09-24,2025-09-28,711.32,192.06,20.56,history,923.94,1.0,903.38,903.38,0.0,0.0,903.38,903.38,0.0,20.56
2025-10-31,SHP07133,CARH,CC-103,TL,2025-09-24,2025-09-28,3699.41,915.87,14.57,history,4629.85,1.0,4615.28,4615.28,0.0,0.0,4615.28,4615.28,0.0,14.57
2025-10-31,SHP07154,CARD,CC-101,LTL,2025-09-25,2025-09-28,264.85,71.51,20.56,history,356.92,1.0,336.36,336.36,0.0,0.0,336.36,336.36,0.0,20.56
2025-10-31,SHP07171,CARA,CC-103,LTL,2025-09-25,2025-09-30,531.56,143.52,16.01,history,691.09,1.0,675.08,675.08,0.0,0.0,675.08,675.08,0.0,16.01
2025-10-31,SHP07172,CARE,CC-102,LTL,2025-09-25,2025-09-30,1092.83,295.06,20.74,history,1408.63,1.0,1397.73,1397.73,0.0,9.84,1387.89,1387.89,0.0,20.74
2025-10-31,SHP07176,CARE,CC-105,LTL,2025-09-26,2025-10-01,544.16,146.92,20.74,history,711.82,1.0,705.78,705.78,0.0,14.7,691.08,691.08,0.0,20.74
2025-10-31,SHP07195,CARD,CC-103,LTL,2025-09-26,2025-09-30,1479.49,399.46,20.56,history,1899.51,1.0,1973.95,1878.95,95.0,0.0,1973.95,1878.95,95.0,-74.44
2025-10-31,SHP07198,CARE,CC-101,LTL,2025-09-26,2025-10-01,1742.86,470.57,20.74,history,2234.17,1.0,2213.43,2213.43,0.0,0.0,2213.43,2213.43,0.0,20.74
2025-10-31,SHP07206,CARB,CC-102,LTL,2025-09-27,2025-09-30,677.8,183.01,22.97,history,883.78,1.0,860.81,860.81,0.0,0.0,860.81,860.81,0.0,22.97
2025-10-31,SHP07214,CARD,CC-102,LTL,2025-09-27,2025-09-30,413.68,111.69,20.56,history,545.93,1.0,525.37,525.37,0.0,0.0,525.37,525.37,0.0,20.56
2025-10-31,SHP07224,CARH,CC-103,TL,2025-09-28,2025-09-29,1100.9,268.5,14.57,history,1383.97,1.0,1369.4,1369.4,0.0,0.0,1369.4,1369.4,0.0,14.57
2025-10-31,SHP07229,CARH,CC-103,TL,2025-09-28,2025-10-01,3114.0,767.08,14.57,history,3895.65,2.0,4183.62,3883.62,300.0,0.0,4183.62,3883.62,300.0,-287.97
2025-10-31,SHP07246,CARH,CC-105,TL,2025-09-28,2025-10-04,4695.6,1101.6,14.57,history,5811.77,1.0,5797.2,5797.2,0.0,0.0,5797.2,5797.2,0.0,14.57
2025-10-31,SHP07279,CARG,CC-103,TL,2025-09-29,2025-10-02,1959.75,431.29,20.56,history,2411.6,1.0,2391.04,2391.04,0.0,0.0,2391.04,2391.04,0.0,20.56
2025-10-31,SHP07296,CARG,CC-102,TL,2025-09-30,2025-10-03,1620.42,355.03,20.56,history,1996.01,1.0,1975.45,1975.45,0.0,0.0,1975.45,1975.45,0.0,20.56
2025-10-31,SHP07299,CARD,CC-104,LTL,2025-09-30,2025-10-01,163.9,44.25,20.56,history,228.71,1.0,208.15,208.15,0.0,0.0,208.15,208.15,0.0,20.56
2025-10-31,SHP07316,CARH,CC-103,TL,2025-10-01,2025-10-04,3114.0,770.97,14.57,history,3899.54,1.0,3884.97,3884.97,0.0,0.0,3884.97,3884.97,0.0,14.57
2025-10-31,SHP07329,CARD,CC-103,LTL,2025-10-01,2025-10-04,368.0,99.36,20.56,history,487.92,1.0,467.36,467.36,0.0,0.0,467.36,467.36,0.0,20.56
2025-10-31,SHP07330,CARC,CC-104,LTL,2025-10-01,2025-10-02,346.11,93.45,18.53,history,458.09,1.0,439.56,439.56,0.0,0.0,439.56,439.56,0.0,18.53
2025-10-31,SHP07331,CARD,CC-105,LTL,2025-10-01,2025-10-03,241.94,65.32,20.56,history,327.82,1.0,307.26,307.26,0.0,0.0,307.26,307.26,0.0,20.56
2025-10-31,SHP07342,CARC,CC-101,LTL,2025-10-02,2025-10-05,1973.06,532.73,18.53,history,2524.32,1.0,2505.79,2505.79,0.0,0.0,2505.79,2505.79,0.0,18.53
2025-10-31,SHP07343,CARB,CC-101,LTL,2025-10-02,2025-10-04,255.42,68.96,22.97,history,347.35,1.0,324.38,324.38,0.0,0.0,324.38,324.38,0.0,22.97
2025-10-31,SHP07345,CARB,CC-104,LTL,2025-10-02,2025-10-04,110.0,29.7,22.97,history,162.67,1.0,139.7,139.7,0.0,0.0,139.7,139.7,0.0,22.97
2025-10-31,SHP07368,CARH,CC-104,TL,2025-10-03,2025-10-05,1536.12,372.86,14.57,history,1923.55,1.0,1908.98,1908.98,0.0,0.0,1908.98,1908.98,0.0,14.57
2025-10-31,SHP07373,CARD,CC-104,LTL,2025-10-03,2025-10-05,210.9,56.94,20.56,history,288.4,1.0,267.84,267.84,0.0,0.0,267.84,267.84,0.0,20.56
2025-10-31,SHP07379,CARB,CC-102,LTL,2025-10-03,2025-10-05,474.41,128.09,22.97,history,625.47,1.0,602.5,602.5,0.0,0.0,602.5,602.5,0.0,22.97
2025-10-31,SHP07381,CARH,CC-102,TL,2025-10-03,2025-10-07,3850.12,943.79,14.57,history,4808.48,2.0,9587.82,9587.82,0.0,4793.91,4793.91,4793.91,0.0,14.57
2025-10-31,SHP07387,CARB,CC-105,LTL,2025-10-03,2025-10-05,320.31,86.48,22.97,history,429.76,1.0,406.79,406.79,0.0,0.0,406.79,406.79,0.0,22.97
2025-10-31,SHP07389,CARB,CC-101,LTL,2025-10-04,2025-10-06,135.42,36.56,22.97,history,194.95,1.0,391.98,171.98,220.0,125.0,266.98,171.98,95.0,-72.03
2025-10-31,SHP07394,CARH,CC-103,TL,2025-10-04,2025-10-09,3699.41,920.51,14.57,history,4634.49,1.0,4619.92,4619.92,0.0,0.0,4619.92,4619.92,0.0,14.57
2025-10-31,SHP07395,CARB,CC-101,LTL,2025-10-04,2025-10-07,483.9,130.65,22.97,history,637.52,1.0,614.55,614.55,0.0,0.0,614.55,614.55,0.0,22.97
2025-10-31,SHP07408,CARH,CC-102,TL,2025-10-04,2025-10-07,1194.93,277.79,14.57,history,1487.29,1.0,1472.72,1472.72,0.0,0.0,1472.72,1472.72,0.0,14.57
2025-10-31,SHP07411,CARE,CC-101,LTL,2025-10-04,2025-10-06,300.89,81.24,20.74,history,402.87,1.0,382.13,382.13,0.0,0.0,382.13,382.13,0.0,20.74
2025-10-31,SHP07419,CARB,CC-104,LTL,2025-10-05,2025-10-06,151.0,40.77,22.97,history,214.74,1.0,191.77,191.77,0.0,0.0,191.77,191.77,0.0,22.97
2025-10-31,SHP07420,CARB,CC-103,LTL,2025-10-05,2025-10-10,587.69,158.68,22.97,history,769.34,1.0,746.37,746.37,0.0,0.0,746.37,746.37,0.0,22.97
2025-10-31,SHP07421,CARG,CC-102,TL,2025-10-05,2025-10-08,1782.92,416.44,20.56,history,2219.92,1.0,2199.36,2199.36,0.0,0.0,2199.36,2199.36,0.0,20.56
2025-10-31,SHP07422,CARA,CC-103,LTL,2025-10-05,2025-10-11,940.52,253.94,16.01,history,1210.47,1.0,1319.46,1194.46,125.0,0.0,1319.46,1194.46,125.0,-108.99
2025-10-31,SHP07427,CARH,CC-105,TL,2025-10-05,2025-10-11,4695.6,1107.19,14.57,history,5817.36,1.0,5802.79,5802.79,0.0,0.0,5802.79,5802.79,0.0,14.57
2025-10-31,SHP07432,CARD,CC-103,LTL,2025-10-05,2025-10-08,339.83,91.75,20.56,history,452.14,1.0,526.58,431.58,95.0,0.0,526.58,431.58,95.0,-74.44
2025-10-31,SHP07435,CARD,CC-102,LTL,2025-10-05,2025-10-07,304.57,82.23,20.56,history,407.36,1.0,439.81,439.81,0.0,53.0,386.81,386.81,0.0,20.55
2025-10-31,SHP07439,CARG,CC-101,TL,2025-10-05,2025-10-07,621.96,140.63,20.56,history,783.15,1.0,837.59,762.59,75.0,0.0,837.59,762.59,75.0,-54.44
2025-10-31,SHP07454,CARE,CC-101,LTL,2025-10-06,2025-10-09,774.19,209.03,20.74,history,1003.96,1.0,983.22,983.22,0.0,0.0,983.22,983.22,0.0,20.74
2025-10-31,SHP07457,CARH,CC-105,TL,2025-10-06,2025-10-12,4695.6,1105.33,14.57,history,5815.5,1.0,5928.97,5928.97,0.0,128.04,5800.93,5800.93,0.0,14.57
2025-10-31,SHP07461,CARD,CC-101,LTL,2025-10-06,2025-10-10,1805.56,487.5,20.56,history,2313.62,1.0,2418.06,2293.06,125.0,0.0,2418.06,2293.06,125.0,-104.44
2025-10-31,SHP07466,CARB,CC-101,LTL,2025-10-06,2025-10-08,123.67,33.39,22.97,history,180.03,1.0,157.06,157.06,0.0,0.0,157.06,157.06,0.0,22.97
2025-10-31,SHP07471,CARD,CC-102,LTL,2025-10-06,2025-10-09,357.9,96.63,20.56,history,475.09,1.0,454.53,454.53,0.0,0.0,454.53,454.53,0.0,20.56
2025-10-31,SHP07473,CARB,CC-102,LTL,2025-10-07,2025-10-09,166.47,44.95,22.97,history,234.39,1.0,306.42,211.42,95.0,95.0,211.42,211.42,0.0,22.97
2025-10-31,SHP07476,CARG,CC-101,TL,2025-10-07,2025-10-11,2614.43,584.8,20.56,history,3219.79,1.0,3199.23,3199.23,0.0,0.0,3199.23,3199.23,0.0,20.56
2025-10-31,SHP07492,CARD,CC-104,LTL,2025-10-07,2025-10-14,878.2,237.11,20.56,history,1135.87,1.0,1115.31,1115.31,0.0,0.0,1115.31,1115.31,0.0,20.56
2025-10-31,SHP07500,CARB,CC-102,LTL,2025-10-08,2025-10-10,709.46,191.55,22.97,history,923.98,1.0,967.77,967.77,0.0,66.75,901.02,901.02,0.0,22.96
2025-10-31,SHP07501,CARD,CC-102,LTL,2025-10-08,2025-10-10,162.57,43.89,20.56,history,227.02,1.0,206.46,206.46,0.0,0.0,206.46,206.46,0.0,20.56
2025-10-31,SHP07503,CARD,CC-103,LTL,2025-10-08,2025-10-10,304.21,82.14,20.56,history,406.91,1.0,386.35,386.35,0.0,0.0,386.35,386.35,0.0,20.56
2025-10-31,SHP07506,CARE,CC-104,LTL,2025-10-08,2025-10-11,754.32,203.67,20.74,history,978.73,1.0,957.99,957.99,0.0,0.0,957.99,957.99,0.0,20.74
2025-10-31,SHP07509,CARB,CC-101,LTL,2025-10-08,2025-10-11,447.35,120.78,22.97,history,591.1,1.0,568.13,568.13,0.0,0.0,568.13,568.13,0.0,22.97
2025-10-31,SHP07519,CARB,CC-102,LTL,2025-10-08,2025-10-11,282.01,76.14,22.97,history,381.12,1.0,358.15,358.15,0.0,0.0,358.15,358.15,0.0,22.97
2025-10-31,SHP07521,CARB,CC-104,LTL,2025-10-08,2025-10-10,201.59,54.43,22.97,history,278.99,1.0,256.02,256.02,0.0,0.0,256.02,256.02,0.0,22.97
2025-10-31,SHP07522,CARB,CC-104,LTL,2025-10-08,2025-10-14,1401.21,378.33,22.97,history,1802.51,1.0,2043.29,2043.29,0.0,263.75,1779.54,1779.54,0.0,22.97
2025-10-31,SHP07535,CARD,CC-104,LTL,2025-10-09,2025-10-11,409.51,110.57,20.56,history,540.64,1.0,520.08,520.08,0.0,0.0,520.08,520.08,0.0,20.56
2025-10-31,SHP07537,CARD,CC-103,LTL,2025-10-09,2025-10-13,627.3,169.37,20.56,history,817.23,1.0,796.67,796.67,0.0,0.0,796.67,796.67,0.0,20.56
2025-10-31,SHP07545,CARG,CC-102,TL,2025-10-09,2025-10-11,1620.42,354.44,20.56,history,1995.42,1.0,1974.86,1974.86,0.0,0.0,1974.86,1974.86,0.0,20.56
2025-10-31,SHP07546,CARD,CC-104,LTL,2025-10-09,2025-10-16,560.49,151.33,20.56,history,732.38,1.0,711.82,711.82,0.0,0.0,711.82,711.82,0.0,20.56
2025-10-31,SHP07547,CARD,CC-103,LTL,2025-10-09,2025-10-13,624.73,168.68,20.56,history,813.97,1.0,918.41,793.41,125.0,0.0,918.41,793.41,125.0,-104.44
2025-10-31,SHP07551,CARE,CC-104,LTL,2025-10-09,2025-10-11,660.8,178.42,20.74,history,859.96,1.0,839.22,839.22,0.0,0.0,839.22,839.22,0.0,20.74
2025-10-31,SHP07554,CARG,CC-101,TL,2025-10-09,2025-10-10,450.0,97.88,20.56,history,568.44,1.0,547.88,547.88,0.0,0.0,547.88,547.88,0.0,20.56
2025-10-31,SHP07556,CARE,CC-101,LTL,2025-10-09,2025-10-10,687.0,185.49,20.74,history,893.23,1.0,967.49,872.49,95.0,0.0,967.49,872.49,95.0,-74.26
2025-10-31,SHP07559,CARD,CC-101,LTL,2025-10-09,2025-10-11,465.7,125.74,20.56,history,612.0,1.0,591.44,591.44,0.0,0.0,591.44,591.44,0.0,20.56
2025-10-31,SHP07561,CARE,CC-101,LTL,2025-10-09,2025-10-14,927.7,250.48,20.74,history,1198.92,1.0,1273.18,1178.18,95.0,0.0,1273.18,1178.18,95.0,-74.26
2025-10-31,SHP07562,CARA,CC-101,LTL,2025-10-09,2025-10-11,535.11,144.48,16.01,history,695.6,1.0,679.59,679.59,0.0,0.0,679.59,679.59,0.0,16.01
2025-10-31,SHP07565,CARA,CC-101,LTL,2025-10-10,2025-10-15,655.09,176.87,16.01,history,847.97,1.0,956.96,831.96,125.0,0.0,956.96,831.96,125.0,-108.99
2025-10-31,SHP07566,CARE,CC-105,LTL,2025-10-10,2025-10-14,328.6,88.72,20.74,history,438.06,1.0,417.32,417.32,0.0,0.0,417.32,417.32,0.0,20.74
2025-10-31,SHP07573,CARD,CC-103,LTL,2025-10-10,2025-10-14,360.7,97.39,20.56,history,478.65,1.0,499.39,499.39,0.0,41.3,458.09,458.09,0.0,20.56
2025-10-31,SHP07574,CARB,CC-105,LTL,2025-10-10,2025-10-15,1944.28,524.96,22.97,history,2492.21,1.0,2469.37,2469.37,0.0,0.0,2469.37,2469.37,0.0,22.84
2025-10-31,SHP07575,CARE,CC-105,LTL,2025-10-10,2025-10-13,513.08,138.53,20.74,history,672.35,2.0,810.29,685.29,125.0,33.68,776.61,651.61,125.0,-104.26
2025-10-31,SHP07585,CARE,CC-102,LTL,2025-10-10,2025-10-16,704.27,190.15,20.74,history,915.16,1.0,894.42,894.42,0.0,0.0,894.42,894.42,0.0,20.74
2025-10-31,SHP07587,CARH,CC-101,TL,2025-10-10,2025-10-14,3849.82,861.13,14.57,history,4725.52,1.0,4710.95,4710.95,0.0,0.0,4710.95,4710.95,0.0,14.57
2025-10-31,SHP07588,CARD,CC-103,LTL,2025-10-10,2025-10-12,368.0,99.36,20.56,history,487.92,1.0,467.36,467.36,0.0,0.0,467.36,467.36,0.0,20.56
2025-10-31,SHP07590,CARB,CC-101,LTL,2025-10-11,2025-10-15,828.36,223.66,22.97,history,1074.99,1.0,1052.02,1052.02,0.0,0.0,1052.02,1052.02,0.0,22.97
2025-10-31,SHP07595,CARD,CC-103,LTL,2025-10-11,2025-10-17,816.42,220.43,20.56,history,1057.41,1.0,1036.85,1036.85,0.0,0.0,1036.85,1036.85,0.0,20.56
2025-10-31,SHP07596,CARD,CC-105,LTL,2025-10-11,2025-10-13,164.4,44.39,20.56,history,229.35,1.0,303.79,208.79,95.0,95.0,208.79,208.79,0.0,20.56
2025-10-31,SHP07599,CARG,CC-101,TL,2025-10-11,2025-10-13,1614.45,348.5,20.56,history,1983.51,1.0,1962.95,1962.95,0.0,0.0,1962.95,1962.95,0.0,20.56
2025-10-31,SHP07600,CARE,CC-102,LTL,2025-10-11,2025-10-14,131.64,35.54,20.74,history,187.92,1.0,166.81,166.81,0.0,0.0,166.81,166.81,0.0,21.11
2025-10-31,SHP07603,CARG,CC-101,TL,2025-10-11,2025-10-15,4656.96,1027.72,20.56,history,5705.24,1.0,5684.68,5684.68,0.0,0.0,5684.68,5684.68,0.0,20.56
2025-10-31,SHP07607,CARG,CC-104,TL,2025-10-11,2025-10-13,1087.75,234.81,20.56,history,1343.12,1.0,1322.56,1322.56,0.0,0.0,1322.56,1322.56,0.0,20.56
2025-10-31,SHP07609,CARD,CC-102,LTL,2025-10-12,2025-10-14,411.0,110.97,20.56,history,542.53,1.0,521.97,521.97,0.0,0.0,521.97,521.97,0.0,20.56
2025-10-31,SHP07611,CARF,CC-105,TL,2025-10-12,2025-10-15,1866.76,391.02,19.41,history,2277.19,1.0,2368.32,2293.32,75.0,35.54,2332.78,2257.78,75.0,-55.59
2025-10-31,SHP07612,CARA,CC-103,LTL,2025-10-12,2025-10-14,252.38,68.14,16.01,history,336.53,1.0,320.52,320.52,0.0,0.0,320.52,320.52,0.0,16.01
2025-10-31,SHP07615,CARE,CC-101,LTL,2025-10-12,2025-10-17,296.24,79.98,20.74,history,396.96,1.0,376.22,376.22,0.0,0.0,376.22,376.22,0.0,20.74
2025-10-31,SHP07617,CARD,CC-102,LTL,2025-10-12,2025-10-15,114.04,30.79,20.56,history,165.39,2.0,289.66,289.66,0.0,144.83,144.83,144.83,0.0,20.56
2025-10-31,SHP07618,CARD,CC-104,LTL,2025-10-12,2025-10-19,1215.43,328.17,20.56,history,1564.16,1.0,1543.6,1543.6,0.0,0.0,1543.6,1543.6,0.0,20.56
2025-10-31,SHP07623,CARD,CC-104,LTL,2025-10-12,2025-10-13,110.0,29.7,20.56,history,160.26,1.0,139.7,139.7,0.0,0.0,139.7,139.7,0.0,20.56
2025-10-31,SHP07624,CARB,CC-104,LTL,2025-10-12,2025-10-15,561.43,151.59,22.97,history,735.99,1.0,713.02,713.02,0.0,0.0,713.02,713.02,0.0,22.97
2025-10-31,SHP07625,CARA,CC-101,LTL,2025-10-12,2025-10-16,671.0,181.17,16.01,history,868.18,1.0,852.17,852.17,0.0,0.0,852.17,852.17,0.0,16.01
2025-10-31,SHP07627,CARB,CC-101,LTL,2025-10-12,2025-10-14,222.84,60.17,22.97,history,305.98,1.0,378.01,283.01,95.0,0.0,378.01,283.01,95.0,-72.03
2025-10-31,SHP07633,CARA,CC-103,LTL,2025-10-13,2025-10-18,994.76,268.59,16.01,history,1279.36,1.0,1263.35,1263.35,0.0,0.0,1263.35,1263.35,0.0,16.01
2025-10-31,SHP07634,CARA,CC-101,LTL,2025-10-13,2025-10-18,803.3,216.89,16.01,history,1036.2,1.0,1020.19,1020.19,0.0,0.0,1020.19,1020.19,0.0,16.01
2025-10-31,SHP07635,CARD,CC-105,LTL,2025-10-13,2025-10-15,1268.59,342.52,20.56,history,1631.67,1.0,1611.11,1611.11,0.0,0.0,1611.11,1611.11,0.0,20.56
2025-10-31,SHP07636,CARH,CC-101,TL,2025-10-13,2025-10-17,3849.82,875.35,14.57,history,4739.74,1.0,4725.17,4725.17,0.0,0.0,4725.17,4725.17,0.0,14.57
2025-10-31,SHP07638,CARC,CC-104,LTL,2025-10-13,2025-10-20,5076.0,1370.52,18.53,history,6465.05,1.0,6446.52,6446.52,0.0,0.0,6446.52,6446.52,0.0,18.53
2025-10-31,SHP07640,CARD,CC-103,LTL,2025-10-13,2025-10-15,205.1,55.38,20.56,history,281.04,1.0,387.42,262.42,125.0,0.0,387.42,262.42,125.0,-106.38
2025-10-31,SHP07641,CARD,CC-102,LTL,2025-10-13,2025-10-15,401.55,108.42,20.56,history,530.53,1.0,634.97,509.97,125.0,125.0,509.97,509.97,0.0,20.56
2025-10-31,SHP07642,CARB,CC-103,LTL,2025-10-13,2025-10-16,2732.25,737.71,22.97,history,3492.93,1.0,3469.96,3469.96,0.0,0.0,3469.96,3469.96,0.0,22.97
2025-10-31,SHP07643,CARF,CC-101,TL,2025-10-13,2025-10-14,711.9,158.29,19.41,history,889.6,1.0,884.58,884.58,0.0,14.39,870.19,870.19,0.0,19.41
2025-10-31,SHP07645,CARB,CC-101,LTL,2025-10-13,2025-10-18,208.32,56.25,22.97,history,287.54,1.0,264.57,264.57,0.0,0.0,264.57,264.57,0.0,22.97
2025-10-31,SHP07646,CARD,CC-103,LTL,2025-10-13,2025-10-16,551.63,148.94,20.56,history,721.13,1.0,700.57,700.57,0.0,0.0,700.57,700.57,0.0,20.56
2025-10-31,SHP07648,CARD,CC-103,LTL,2025-10-13,2025-10-19,932.75,251.84,20.56,history,1205.15,1.0,1279.59,1184.59,95.0,0.0,1279.59,1184.59,95.0,-74.44
2025-10-31,SHP07649,CARF,CC-104,TL,2025-10-13,2025-10-16,1279.04,286.93,19.41,history,1585.38,1.0,1592.05,1592.05,0.0,26.08,1565.97,1565.97,0.0,19.41
2025-10-31,SHP07651,CARE,CC-102,LTL,2025-10-13,2025-10-16,975.11,263.28,20.74,history,1259.13,1.0,1238.39,1238.39,0.0,0.0,1238.39,1238.39,0.0,20.74
2025-10-31,SHP07653,CARD,CC-101,LTL,2025-10-13,2025-10-15,110.0,29.7,20.56,history,160.26,1.0,234.7,139.7,95.0,0.0,234.7,139.7,95.0,-74.44
2025-10-31,SHP07655,CARB,CC-103,LTL,2025-10-13,2025-10-17,717.37,193.69,22.97,history,934.03,1.0,911.06,911.06,0.0,0.0,911.06,911.06,0.0,22.97
2025-10-31,SHP07657,CARB,CC-102,LTL,2025-10-14,2025-10-16,300.4,81.11,22.97,history,404.48,1.0,381.51,381.51,0.0,0.0,381.51,381.51,0.0,22.97
2025-10-31,SHP07658,CARB,CC-101,LTL,2025-10-14,2025-10-19,2022.02,545.95,22.97,history,2590.94,1.0,2567.97,2567.97,0.0,0.0,2567.97,2567.97,0.0,22.97
2025-10-31,SHP07661,CARD,CC-103,LTL,2025-10-14,2025-10-18,531.2,143.42,20.56,history,695.18,1.0,674.62,674.62,0.0,0.0,674.62,674.62,0.0,20.56
2025-10-31,SHP07662,CARF,CC-101,TL,2025-10-14,2025-10-17,2457.46,553.75,19.41,history,3030.62,1.0,3061.56,3061.56,0.0,50.35,3011.21,3011.21,0.0,19.41
2025-10-31,SHP07663,CARA,CC-102,LTL,2025-10-14,2025-10-18,552.8,149.26,16.01,history,718.07,1.0,702.06,702.06,0.0,0.0,702.06,702.06,0.0,16.01
2025-10-31,SHP07666,CARH,CC-105,TL,2025-10-14,2025-10-16,598.23,145.22,14.57,history,758.02,1.0,743.45,743.45,0.0,0.0,743.45,743.45,0.0,14.57
2025-10-31,SHP07667,CARD,CC-104,LTL,2025-10-14,2025-10-21,504.95,136.34,20.56,history,661.85,1.0,641.29,641.29,0.0,0.0,641.29,641.29,0.0,20.56
2025-10-31,SHP07668,CARG,CC-103,TL,2025-10-14,2025-10-18,3133.35,746.21,20.56,history,3900.12,1.0,3879.56,3879.56,0.0,0.0,3879.56,3879.56,0.0,20.56
2025-10-31,SHP07669,CARA,CC-104,LTL,2025-10-14,2025-10-16,392.27,105.91,16.01,history,514.19,1.0,643.03,518.03,125.0,19.81,623.22,498.22,125.0,-109.03
2025-10-31,SHP07670,CARE,CC-105,LTL,2025-10-14,2025-10-18,3085.5,833.09,20.74,history,3939.33,1.0,4141.17,4141.17,0.0,222.58,3918.59,3918.59,0.0,20.74
2025-10-31,SHP07673,CARC,CC-105,LTL,2025-10-14,2025-10-16,237.73,64.19,18.53,history,320.45,1.0,396.92,301.92,95.0,0.0,396.92,301.92,95.0,-76.47
2025-10-31,SHP07674,CARH,CC-103,TL,2025-10-14,2025-10-18,3699.41,934.15,14.57,history,4648.13,1.0,4633.56,4633.56,0.0,0.0,4633.56,4633.56,0.0,14.57
2025-10-31,SHP07678,CARD,CC-101,LTL,2025-10-14,2025-10-15,255.0,68.85,20.56,history,344.41,1.0,448.85,323.85,125.0,0.0,448.85,323.85,125.0,-104.44
2025-10-31,SHP07679,CARH,CC-102,TL,2025-10-15,2025-10-18,1743.65,407.53,14.57,history,2165.75,1.0,2151.18,2151.18,0.0,0.0,2151.18,2151.18,0.0,14.57
2025-10-31,SHP07681,CARB,CC-104,LTL,2025-10-15,2025-10-21,560.65,151.38,22.97,history,735.0,1.0,807.03,712.03,95.0,0.0,807.03,712.03,95.0,-72.03
2025-10-31,SHP07682,CARB,CC-101,LTL,2025-10-15,2025-10-19,602.46,162.66,22.97,history,788.09,1.0,765.12,765.12,0.0,0.0,765.12,765.12,0.0,22.97
2025-10-31,SHP07684,CARB,CC-104,LTL,2025-10-15,2025-10-21,1022.78,276.15,22.97,history,1321.9,1.0,1529.19,1529.19,0.0,0.0,1529.19,1529.19,0.0,-207.29
2025-10-31,SHP07685,CARA,CC-103,LTL,2025-10-15,2025-10-19,353.08,95.33,16.01,history,464.42,1.0,448.41,448.41,0.0,0.0,448.41,448.41,0.0,16.01
2025-10-31,SHP07686,CARB,CC-105,LTL,2025-10-15,2025-10-18,322.44,87.06,22.97,history,432.47,1.0,409.5,409.5,0.0,0.0,409.5,409.5,0.0,22.97
2025-10-31,SHP07689,CARF,CC-104,TL,2025-10-15,2025-10-19,4710.56,1002.99,19.41,history,5732.96,1.0,5804.73,5804.73,0.0,91.18,5713.55,5713.55,0.0,19.41
2025-10-31,SHP07690,CARB,CC-104,LTL,2025-10-15,2025-10-21,1657.6,447.55,22.97,history,2128.12,1.0,2200.15,2105.15,95.0,0.0,2200.15,2105.15,95.0,-72.03
2025-10-31,SHP07691,CARD,CC-103,LTL,2025-10-15,2025-10-17,198.18,53.51,20.56,history,272.25,1.0,251.69,251.69,0.0,0.0,251.69,251.69,0.0,20.56
2025-10-31,SHP07694,CARD,CC-105,LTL,2025-10-15,2025-10-17,395.08,106.67,20.56,history,522.31,1.0,721.75,501.75,220.0,0.0,721.75,501.75,220.0,-199.44
2025-10-31,SHP07702,CARB,CC-102,LTL,2025-10-15,2025-10-18,686.8,185.44,22.97,history,895.21,1.0,872.24,872.24,0.0,0.0,872.24,872.24,0.0,22.97
2025-10-31,SHP07703,CARE,CC-104,LTL,2025-10-15,2025-10-16,159.36,43.03,20.74,history,223.13,2.0,404.78,404.78,0.0,202.39,202.39,202.39,0.0,20.74
2025-10-31,SHP07704,CARD,CC-103,LTL,2025-10-15,2025-10-19,271.7,73.36,20.56,history,365.62,1.0,345.06,345.06,0.0,0.0,345.06,345.06,0.0,20.56
2025-10-31,SHP07707,CARF,CC-101,TL,2025-10-15,2025-10-18,3432.0,718.57,19.41,history,4169.98,1.0,4215.9,4215.9,0.0,65.33,4150.57,4150.57,0.0,19.41
2025-10-31,SHP07710,CARD,CC-102,LTL,2025-10-16,2025-10-19,709.63,191.6,20.56,history,921.79,1.0,900.59,900.59,0.0,0.0,900.59,900.59,0.0,21.2
2025-10-31,SHP07713,CARB,CC-102,LTL,2025-10-16,2025-10-18,384.22,103.74,22.97,history,510.93,1.0,582.96,487.96,95.0,0.0,582.96,487.96,95.0,-72.03
2025-10-31,SHP07714,CARG,CC-102,TL,2025-10-16,2025-10-19,1620.42,360.29,20.56,history,2001.27,1.0,1980.71,1980.71,0.0,0.0,1980.71,1980.71,0.0,20.56
2025-10-31,SHP07719,CARE,CC-102,LTL,2025-10-16,2025-10-19,290.16,78.34,20.74,history,389.24,1.0,368.5,368.5,0.0,0.0,368.5,368.5,0.0,20.74
2025-10-31,SHP07720,CARA,CC-104,LTL,2025-10-16,2025-10-18,236.33,63.81,16.01,history,316.15,1.0,300.14,300.14,0.0,0.0,300.14,300.14,0.0,16.01
2025-10-31,SHP07722,CARB,CC-102,LTL,2025-10-16,2025-10-18,110.0,29.7,22.97,history,162.67,1.0,139.7,139.7,0.0,0.0,139.7,139.7,0.0,22.97
2025-10-31,SHP07723,CARG,CC-103,TL,2025-10-16,2025-10-18,1959.75,437.68,20.56,history,2417.99,1.0,2397.43,2397.43,0.0,0.0,2397.43,2397.43,0.0,20.56
2025-10-31,SHP07726,CARA,CC-105,LTL,2025-10-16,2025-10-21,941.05,254.08,16.01,history,1211.14,1.0,1318.63,1318.63,0.0,0.0,1318.63,1318.63,0.0,-107.49
2025-10-31,SHP07727,CARB,CC-102,LTL,2025-10-16,2025-10-19,727.96,196.55,22.97,history,947.48,1.0,924.51,924.51,0.0,0.0,924.51,924.51,0.0,22.97
2025-10-31,SHP07728,CARA,CC-103,LTL,2025-10-16,2025-10-21,1053.98,284.57,16.01,history,1354.56,1.0,1338.55,1338.55,0.0,0.0,1338.55,1338.55,0.0,16.01
2025-10-31,SHP07729,CARB,CC-104,LTL,2025-10-16,2025-10-19,841.13,227.11,22.97,history,1091.21,1.0,1163.24,1068.24,95.0,0.0,1163.24,1068.24,95.0,-72.03
2025-10-31,SHP07730,CARA,CC-105,LTL,2025-10-16,2025-10-22,894.4,241.49,16.01,history,1151.9,1.0,1230.89,1135.89,95.0,0.0,1230.89,1135.89,95.0,-78.99
2025-10-31,SHP07731,CARB,CC-102,LTL,2025-10-16,2025-10-19,342.96,92.6,22.97,history,458.53,1.0,435.56,435.56,0.0,0.0,435.56,435.56,0.0,22.97
2025-10-31,SHP07736,CARD,CC-103,LTL,2025-10-16,2025-10-21,1475.51,398.39,20.56,history,1894.46,1.0,1873.9,1873.9,0.0,0.0,1873.9,1873.9,0.0,20.56
2025-10-31,SHP07737,CARB,CC-101,LTL,2025-10-16,2025-10-17,427.65,115.47,22.97,history,566.09,1.0,543.12,543.12,0.0,0.0,543.12,543.12,0.0,22.97
2025-10-31,SHP07738,CARE,CC-105,LTL,2025-10-16,2025-10-18,136.17,36.77,20.74,history,193.68,1.0,202.13,202.13,0.0,29.2,172.93,172.93,0.0,20.75
2025-10-31,SHP07740,CARB,CC-104,LTL,2025-10-16,2025-10-20,1608.12,434.19,22.97,history,2065.28,1.0,2042.31,2042.31,0.0,0.0,2042.31,2042.31,0.0,22.97
2025-10-31,SHP07741,CARH,CC-101,TL,2025-10-16,2025-10-21,3849.82,875.35,14.57,history,4739.74,2.0,9450.34,9450.34,0.0,4725.17,4725.17,4725.17,0.0,14.57
2025-10-31,SHP07742,CARB,CC-102,LTL,2025-10-16,2025-10-21,943.55,254.76,22.97,history,1221.28,1.0,1198.31,1198.31,0.0,0.0,1198.31,1198.31,0.0,22.97
2025-10-31,SHP07743,CARF,CC-101,TL,2025-10-16,2025-10-17,711.9,158.29,19.41,history,889.6,1.0,884.58,884.58,0.0,14.39,870.19,870.19,0.0,19.41
2025-10-31,SHP07744,CARA,CC-102,LTL,2025-10-17,2025-10-21,830.42,224.21,16.01,history,1070.64,1.0,1179.63,1054.63,125.0,0.0,1179.63,1054.63,125.0,-108.99
2025-10-31,SHP07745,CARC,CC-101,LTL,2025-10-17,2025-10-19,320.2,86.45,18.53,history,425.18,1.0,407.88,407.88,0.0,0.0,407.88,407.88,0.0,17.3
2025-10-31,SHP07746,CARC,CC-101,LTL,2025-10-17,2025-10-22,629.32,169.92,18.53,history,817.77,1.0,799.24,799.24,0.0,0.0,799.24,799.24,0.0,18.53
2025-10-31,SHP07747,CARG,CC-101,TL,2025-10-17,2025-10-21,4656.96,1044.7,20.56,history,5722.22,1.0,5926.66,5701.66,225.0,0.0,5926.66,5701.66,225.0,-204.44
2025-10-31,SHP07748,CARC,CC-102,LTL,2025-10-17,2025-10-20,335.4,90.56,18.53,history,444.49,1.0,438.32,438.32,0.0,12.36,425.96,425.96,0.0,18.53
2025-10-31,SHP07749,CARG,CC-104,TL,2025-10-17,2025-10-22,5133.3,1211.02,20.56,history,6364.88,1.0,6344.32,6344.32,0.0,0.0,6344.32,6344.32,0.0,20.56
2025-10-31,SHP07750,CARA,CC-105,LTL,2025-10-17,2025-10-19,191.59,51.73,16.01,history,259.33,1.0,243.32,243.32,0.0,0.0,243.32,243.32,0.0,16.01
2025-10-31,SHP07751,CARC,CC-104,LTL,2025-10-17,2025-10-24,1736.23,468.78,18.53,history,2223.54,1.0,2205.01,2205.01,0.0,0.0,2205.01,2205.01,0.0,18.53
2025-10-31,SHP07752,CARA,CC-102,LTL,2025-10-17,2025-10-20,607.16,163.93,16.01,history,787.1,1.0,771.09,771.09,0.0,0.0,771.09,771.09,0.0,16.01
2025-10-31,SHP07753,CARB,CC-104,LTL,2025-10-17,2025-10-20,884.8,238.9,22.97,history,1146.67,1.0,1123.7,1123.7,0.0,0.0,1123.7,1123.7,0.0,22.97
2025-10-31,SHP07754,CARD,CC-102,LTL,2025-10-17,2025-10-21,324.44,87.6,20.56,history,432.6,1.0,412.04,412.04,0.0,0.0,412.04,412.04,0.0,20.56
2025-10-31,SHP07755,CARE,CC-104,LTL,2025-10-17,2025-10-19,472.06,127.46,20.74,history,620.26,1.0,693.45,598.45,95.0,0.0,693.45,598.45,95.0,-73.19
2025-10-31,SHP07757,CARC,CC-101,LTL,2025-10-17,2025-10-19,138.2,37.31,18.53,history,194.04,1.0,175.63,175.63,0.0,0.0,175.63,175.63,0.0,18.41
2025-10-31,SHP07758,CARA,CC-103,LTL,2025-10-17,2025-10-23,1160.05,313.21,16.01,history,1489.27,1.0,1473.26,1473.26,0.0,0.0,1473.26,1473.26,0.0,16.01
2025-10-31,SHP07759,CARC,CC-103,LTL,2025-10-17,2025-10-21,893.18,241.16,18.53,history,1152.87,1.0,1134.34,1134.34,0.0,0.0,1134.34,1134.34,0.0,18.53
2025-10-31,SHP07760,CARH,CC-102,TL,2025-10-17,2025-10-21,3850.12,957.76,14.57,history,4822.45,1.0,4807.88,4807.88,0.0,0.0,4807.88,4807.88,0.0,14.57
2025-10-31,SHP07761,CARB,CC-103,LTL,2025-10-17,2025-10-21,1290.36,348.4,22.97,history,1661.73,1.0,1790.38,1790.38,0.0,150.34,1640.04,1640.04,0.0,21.69
2025-10-31,SHP07762,CARA,CC-102,LTL,2025-10-17,2025-10-20,218.0,58.86,16.01,history,292.87,1.0,401.49,276.49,125.0,0.0,401.49,276.49,125.0,-108.62
2025-10-31,SHP07765,CARC,CC-103,LTL,2025-10-17,2025-10-20,336.24,90.78,18.53,history,445.55,1.0,427.02,427.02,0.0,0.0,427.02,427.02,0.0,18.53
2025-10-31,SHP07767,CARE,CC-105,LTL,2025-10-17,2025-10-19,489.77,132.24,20.74,history,642.75,1.0,622.01,622.01,0.0,0.0,622.01,622.01,0.0,20.74
2025-10-31,SHP07769,CARD,CC-104,LTL,2025-10-17,2025-10-19,279.37,75.43,20.56,history,375.36,1.0,449.8,354.8,95.0,0.0,449.8,354.8,95.0,-74.44
2025-10-31,SHP07771,CARE,CC-102,LTL,2025-10-17,2025-10-20,186.55,50.37,20.74,history,257.66,1.0,236.92,236.92,0.0,0.0,236.92,236.92,0.0,20.74
2025-10-31,SHP07772,CARD,CC-102,LTL,2025-10-17,2025-10-20,608.4,164.27,20.56,history,793.23,1.0,772.67,772.67,0.0,0.0,772.67,772.67,0.0,20.56
2025-10-31,SHP07773,CARD,CC-105,LTL,2025-10-18,2025-10-20,511.29,138.05,20.56,history,669.9,1.0,649.34,649.34,0.0,0.0,649.34,649.34,0.0,20.56
2025-10-31,SHP07774,CARD,CC-101,LTL,2025-10-18,2025-10-22,2088.09,563.78,20.56,history,2672.43,1.0,2651.87,2651.87,0.0,0.0,2651.87,2651.87,0.0,20.56
2025-10-31,SHP07775,CARD,CC-103,LTL,2025-10-18,2025-10-20,155.85,42.08,20.56,history,218.49,2.0,292.93,197.93,95.0,0.0,292.93,197.93,95.0,-74.44
2025-10-31,SHP07776,CARB,CC-101,LTL,2025-10-18,2025-10-21,278.2,75.11,22.97,history,376.28,1.0,353.31,353.31,0.0,0.0,353.31,353.31,0.0,22.97
2025-10-31,SHP07777,CARC,CC-101,LTL,2025-10-18,2025-10-20,286.09,77.24,18.53,history,381.86,1.0,459.9,364.9,95.0,95.0,364.9,364.9,0.0,16.96
2025-10-31,SHP07778,CARH,CC-105,TL,2025-10-18,2025-10-24,4695.6,1123.59,14.57,history,5833.76,1.0,5819.19,5819.19,0.0,0.0,5819.19,5819.19,0.0,14.57
2025-10-31,SHP07780,CARB,CC-102,LTL,2025-10-18,2025-10-20,158.29,42.74,22.97,history,224.0,1.0,201.03,201.03,0.0,0.0,201.03,201.03,0.0,22.97
2025-10-31,SHP07781,CARB,CC-102,LTL,2025-10-18,2025-10-20,1454.5,392.72,22.97,history,1870.19,1.0,1847.22,1847.22,0.0,0.0,1847.22,1847.22,0.0,22.97
2025-10-31,SHP07782,CARB,CC-102,LTL,2025-10-18,2025-10-20,137.3,37.07,22.97,history,197.34,1.0,174.37,174.37,0.0,0.0,174.37,174.37,0.0,22.97
2025-10-31,SHP07783,CARD,CC-103,LTL,2025-10-18,2025-10-21,803.2,216.86,20.56,history,1040.62,1.0,1020.06,1020.06,0.0,0.0,1020.06,1020.06,0.0,20.56
2025-10-31,SHP07784,CARD,CC-105,LTL,2025-10-18,2025-10-20,326.55,88.17,20.56,history,435.28,1.0,509.72,414.72,95.0,0.0,509.72,414.72,95.0,-74.44
2025-10-31,SHP07786,CARF,CC-102,TL,2025-10-18,2025-10-20,2408.9,547.72,19.41,history,2976.03,1.0,3006.42,3006.42,0.0,49.8,2956.62,2956.62,0.0,19.41
2025-10-31,SHP07788,CARD,CC-104,LTL,2025-10-18,2025-10-20,149.0,40.23,20.56,history,209.79,1.0,189.23,189.23,0.0,0.0,189.23,189.23,0.0,20.56
2025-10-31,SHP07789,CARC,CC-101,LTL,2025-10-18,2025-10-20,368.77,99.57,18.53,history,486.87,1.0,468.34,468.34,0.0,0.0,468.34,468.34,0.0,18.53
2025-10-31,SHP07790,CARB,CC-104,LTL,2025-10-18,2025-10-23,164.44,44.4,22.97,history,231.81,1.0,208.98,208.98,0.0,0.0,208.98,208.98,0.0,22.83
2025-10-31,SHP07791,CARB,CC-102,LTL,2025-10-18,2025-10-20,110.0,29.7,22.97,history,162.67,1.0,139.59,139.59,0.0,0.0,139.59,139.59,0.0,23.08
2025-10-31,SHP07792,CARC,CC-104,LTL,2025-10-18,2025-10-24,2577.57,695.94,18.53,history,3292.04,1.0,3363.71,3268.71,95.0,0.0,3363.71,3268.71,95.0,-71.67
2025-10-31,SHP07793,CARA,CC-103,LTL,2025-10-18,2025-10-22,367.1,99.12,16.01,history,482.23,1.0,561.22,466.22,95.0,0.0,561.22,466.22,95.0,-78.99
2025-10-31,SHP07794,CARF,CC-103,TL,2025-10-18,2025-10-22,2781.68,602.5,19.41,history,3403.59,1.0,3738.95,3438.95,300.0,54.77,3684.18,3384.18,300.0,-280.59
2025-10-31,SHP07795,CARB,CC-102,LTL,2025-10-18,2025-10-20,146.71,39.61,22.97,history,209.29,1.0,186.32,186.32,0.0,0.0,186.32,186.32,0.0,22.97
2025-10-31,SHP07797,CARD,CC-103,LTL,2025-10-18,2025-10-24,925.52,249.89,20.56,history,1195.97,1.0,1175.41,1175.41,0.0,0.0,1175.41,1175.41,0.0,20.56
2025-10-31,SHP07798,CARC,CC-102,LTL,2025-10-18,2025-10-21,338.08,91.28,18.53,history,447.89,1.0,428.8,428.8,0.0,0.0,428.8,428.8,0.0,19.09
2025-10-31,SHP07800,CARD,CC-101,LTL,2025-10-18,2025-10-19,110.0,29.7,20.56,history,160.26,1.0,139.7,139.7,0.0,0.0,139.7,139.7,0.0,20.56
2025-10-31,SHP07801,CARD,CC-104,LTL,2025-10-18,2025-10-21,608.06,164.18,20.56,history,792.8,1.0,772.24,772.24,0.0,0.0,772.24,772.24,0.0,20.56
2025-10-31,SHP07802,CARD,CC-103,LTL,2025-10-19,2025-10-23,472.5,127.58,20.56,history,620.64,1.0,600.08,600.08,0.0,0.0,600.08,600.08,0.0,20.56
2025-10-31,SHP07803,CARG,CC-104,TL,2025-10-19,2025-10-21,1750.17,387.43,20.56,history,2158.16,1.0,2137.6,2137.6,0.0,0.0,2137.6,2137.6,0.0,20.56
2025-10-31,SHP07804,CARD,CC-105,LTL,2025-10-19,2025-10-21,444.91,120.13,20.56,history,585.6,1.0,690.04,565.04,125.0,0.0,690.04,565.04,125.0,-104.44
2025-10-31,SHP07806,CARA,CC-105,LTL,2025-10-19,2025-10-24,3220.0,869.4,16.01,history,4105.41,1.0,4089.4,4089.4,0.0,0.0,4089.4,4089.4,0.0,16.01
2025-10-31,SHP07807,CARD,CC-101,LTL,2025-10-19,2025-10-20,151.68,40.95,20.56,history,213.19,1.0,192.63,192.63,0.0,0.0,192.63,192.63,0.0,20.56
2025-10-31,SHP07809,CARC,CC-105,LTL,2025-10-19,2025-10-21,110.0,29.7,18.53,history,158.23,1.0,139.7,139.7,0.0,0.0,139.7,139.7,0.0,18.53
2025-10-31,SHP07812,CARB,CC-104,LTL,2025-10-19,2025-10-21,332.22,89.7,22.97,history,444.89,1.0,421.92,421.92,0.0,0.0,421.92,421.92,0.0,22.97
2025-10-31,SHP07814,CARA,CC-104,LTL,2025-10-19,2025-10-24,649.17,175.28,16.01,history,840.46,1.0,919.45,824.45,95.0,0.0,919.45,824.45,95.0,-78.99
2025-10-31,SHP07815,CARF,CC-103,TL,2025-10-19,2025-10-24,4876.3,1012.54,19.41,history,5908.25,1.0,5980.89,5980.89,0.0,92.05,5888.84,5888.84,0.0,19.41
2025-10-31,SHP07817,CARB,CC-102,LTL,2025-10-19,2025-10-21,334.25,90.25,22.97,history,447.47,1.0,424.5,424.5,0.0,0.0,424.5,424.5,0.0,22.97
2025-10-31,SHP07818,CARC,CC-104,LTL,2025-10-19,2025-10-23,570.72,154.09,18.53,history,743.34,1.0,819.81,724.81,95.0,0.0,819.81,724.81,95.0,-76.47
2025-10-31,SHP07819,CARD,CC-103,LTL,2025-10-19,2025-10-21,1324.5,357.62,20.56,history,1702.68,1.0,1682.12,1682.12,0.0,0.0,1682.12,1682.12,0.0,20.56
2025-10-31,SHP07820,CARE,CC-103,LTL,2025-10-19,2025-10-21,1023.85,276.44,20.74,history,1321.03,1.0,1300.29,1300.29,0.0,0.0,1300.29,1300.29,0.0,20.74
2025-10-31,SHP07821,CARD,CC-103,LTL,2025-10-19,2025-10-21,368.0,99.36,20.56,history,487.92,1.0,467.36,467.36,0.0,0.0,467.36,467.36,0.0,20.56
2025-10-31,SHP07823,CARA,CC-105,LTL,2025-10-19,2025-10-21,789.59,213.19,16.01,history,1018.79,1.0,1016.99,1016.99,0.0,14.21,1002.78,1002.78,0.0,16.01
2025-10-31,SHP07824,CARD,CC-103,LTL,2025-10-19,2025-10-23,593.74,160.31,20.56,history,774.61,1.0,754.05,754.05,0.0,0.0,754.05,754.05,0.0,20.56
2025-10-31,SHP07825,CARE,CC-103,LTL,2025-10-19,2025-10-22,362.64,97.91,20.74,history,481.29,1.0,460.55,460.55,0.0,0.0,460.55,460.55,0.0,20.74
2025-10-31,SHP07826,CARD,CC-103,LTL,2025-10-19,2025-10-22,928.5,250.7,20.56,history,1199.76,1.0,1304.2,1179.2,125.0,0.0,1304.2,1179.2,125.0,-104.44
2025-10-31,SHP07827,CARE,CC-103,LTL,2025-10-19,2025-10-22,155.59,42.01,20.74,history,218.34,1.0,197.6,197.6,0.0,0.0,197.6,197.6,0.0,20.74
2025-10-31,SHP07828,CARA,CC-105,LTL,2025-10-20,2025-10-24,760.28,198.43,16.01,history,974.72,1.0,958.71,958.71,0.0,0.0,958.71,958.71,0.0,16.01
2025-10-31,SHP07829,CARF,CC-103,TL,2025-10-20,2025-10-24,2781.68,589.31,19.41,history,3390.4,1.0,3424.56,3424.56,0.0,53.57,3370.99,3370.99,0.0,19.41
2025-10-31,SHP07830,CARE,CC-104,LTL,2025-10-20,2025-10-22,432.4,112.86,20.74,history,566.0,1.0,545.26,545.26,0.0,0.0,545.26,545.26,0.0,20.74
2025-10-31,SHP07831,CARC,CC-102,LTL,2025-10-20,2025-10-25,523.05,136.52,18.53,history,678.1,1.0,659.57,659.57,0.0,0.0,659.57,659.57,0.0,18.53
2025-10-31,SHP07832,CARB,CC-104,LTL,2025-10-20,2025-10-24,1209.52,315.68,22.97,history,1548.17,1.0,1525.2,1525.2,0.0,0.0,1525.2,1525.2,0.0,22.97
2025-10-31,SHP07833,CARC,CC-101,LTL,2025-10-20,2025-10-22,1152.5,300.8,18.53,history,1471.83,1.0,1548.3,1453.3,95.0,0.0,1548.3,1453.3,95.0,-76.47
2025-10-31,SHP07834,CARD,CC-103,LTL,2025-10-20,2025-10-23,531.2,138.64,20.56,history,690.4,1.0,764.84,669.84,95.0,0.0,764.84,669.84,95.0,-74.44
2025-10-31,SHP07835,CARA,CC-104,LTL,2025-10-20,2025-10-22,232.45,60.67,16.01,history,309.13,1.0,293.12,293.12,0.0,0.0,293.12,293.12,0.0,16.01
2025-10-31,SHP07836,CARE,CC-105,LTL,2025-10-20,2025-10-21,224.43,58.58,20.74,history,303.75,1.0,283.01,283.01,0.0,0.0,283.01,283.01,0.0,20.74
2025-10-31,SHP07837,CARB,CC-101,LTL,2025-10-20,2025-10-26,664.57,173.45,22.97,history,860.99,1.0,933.02,838.02,95.0,0.0,933.02,838.02,95.0,-72.03
2025-10-31,SHP07838,CARG,CC-104,TL,2025-10-20,2025-10-25,5133.3,1184.51,20.56,history,6338.37,1.0,6317.81,6317.81,0.0,0.0,6317.81,6317.81,0.0,20.56
2025-10-31,SHP07839,CARD,CC-103,LTL,2025-10-20,2025-10-24,1399.98,365.39,20.56,history,1785.93,1.0,1765.37,1765.37,0.0,0.0,1765.37,1765.37,0.0,20.56
2025-10-31,SHP07840,CARD,CC-103,LTL,2025-10-20,2025-10-24,903.0,235.68,20.56,history,1159.24,1.0,1138.68,1138.68,0.0,0.0,1138.68,1138.68,0.0,20.56
2025-10-31,SHP07841,CARD,CC-103,LTL,2025-10-20,2025-10-25,451.96,117.96,20.56,history,590.48,1.0,569.92,569.92,0.0,0.0,569.92,569.92,0.0,20.56
2025-10-31,SHP07842,CARC,CC-102,LTL,2025-10-20,2025-10-25,777.5,202.93,18.53,history,998.96,1.0,980.43,980.43,0.0,0.0,980.43,980.43,0.0,18.53
2025-10-31,SHP07843,CARA,CC-105,LTL,2025-10-20,2025-10-26,1915.7,500.0,16.01,history,2431.71,1.0,2415.7,2415.7,0.0,0.0,2415.7,2415.7,0.0,16.01
2025-10-31,SHP07844,CARD,CC-104,LTL,2025-10-20,2025-10-23,159.3,41.58,20.56,history,221.44,2.0,591.76,401.76,190.0,295.88,295.88,200.88,95.0,-74.44
2025-10-31,SHP07845,CARC,CC-102,LTL,2025-10-20,2025-10-22,609.03,158.96,18.53,history,786.52,1.0,866.12,866.12,0.0,98.13,767.99,767.99,0.0,18.53
2025-10-31,SHP07846,CARA,CC-101,LTL,2025-10-20,2025-10-22,333.33,87.0,16.01,history,436.34,1.0,420.33,420.33,0.0,0.0,420.33,420.33,0.0,16.01
2025-10-31,SHP07847,CARG,CC-102,TL,2025-10-20,2025-10-23,3150.84,713.66,20.56,history,3885.06,1.0,3864.5,3864.5,0.0,0.0,3864.5,3864.5,0.0,20.56
2025-10-31,SHP07848,CARC,CC-104,LTL,2025-10-20,2025-10-26,1530.32,399.41,18.53,history,1948.26,1.0,1925.15,1925.15,0.0,0.0,1925.15,1925.15,0.0,23.11
2025-10-31,SHP07850,CARA,CC-102,LTL,2025-10-20,2025-10-24,557.93,145.62,16.01,history,719.56,1.0,703.55,703.55,0.0,0.0,703.55,703.55,0.0,16.01
2025-10-31,SHP07851,CARD,CC-101,LTL,2025-10-21,2025-10-25,1283.73,335.05,20.56,history,1639.34,1.0,1880.43,1880.43,0.0,261.64,1618.79,1618.79,0.0,20.55
2025-10-31,SHP07852,CARD,CC-104,LTL,2025-10-21,2025-10-28,750.36,195.84,20.56,history,966.76,1.0,946.2,946.2,0.0,0.0,946.2,946.2,0.0,20.56
2025-10-31,SHP07853,CARA,CC-103,LTL,2025-10-21,2025-10-25,350.36,91.44,16.01,history,457.81,1.0,448.11,448.11,0.0,6.31,441.8,441.8,0.0,16.01
2025-10-31,SHP07854,CARC,CC-102,LTL,2025-10-21,2025-10-24,461.7,120.5,18.53,history,600.73,1.0,582.2,582.2,0.0,0.0,582.2,582.2,0.0,18.53
2025-10-31,SHP07855,CARD,CC-105,LTL,2025-10-21,2025-10-24,151.41,39.52,20.56,history,211.49,1.0,206.43,206.43,0.0,0.0,206.43,206.43,0.0,5.06
2025-10-31,SHP07856,CARC,CC-101,LTL,2025-10-21,2025-10-22,304.8,79.55,18.53,history,402.88,1.0,384.35,384.35,0.0,0.0,384.35,384.35,0.0,18.53
2025-10-31,SHP07857,CARA,CC-103,LTL,2025-10-21,2025-10-26,730.39,190.63,16.01,history,937.03,1.0,921.02,921.02,0.0,0.0,921.02,921.02,0.0,16.01
2025-10-31,SHP07858,CARG,CC-102,TL,2025-10-21,2025-10-23,1782.92,413.35,20.56,history,2216.83,1.0,2196.27,2196.27,0.0,0.0,2196.27,2196.27,0.0,20.56
2025-10-31,SHP07860,CARB,CC-102,LTL,2025-10-21,2025-10-24,404.0,105.44,22.97,history,532.41,1.0,509.44,509.44,0.0,0.0,509.44,509.44,0.0,22.97
2025-10-31,SHP07861,CARH,CC-104,TL,2025-10-21,2025-10-24,1536.12,370.1,14.57,history,1920.79,1.0,1906.22,1906.22,0.0,0.0,1906.22,1906.22,0.0,14.57
2025-10-31,SHP07863,CARC,CC-104,LTL,2025-10-21,2025-10-26,1478.52,385.89,18.53,history,1882.94,1.0,1864.41,1864.41,0.0,0.0,1864.41,1864.41,0.0,18.53
2025-10-31,SHP07864,CARA,CC-104,LTL,2025-10-21,2025-10-23,384.85,100.45,16.01,history,501.31,1.0,485.3,485.3,0.0,0.0,485.3,485.3,0.0,16.01
2025-10-31,SHP07865,CARD,CC-101,LTL,2025-10-21,2025-10-25,253.69,66.21,20.56,history,340.46,1.0,446.01,321.01,125.0,125.0,321.01,321.01,0.0,19.45
2025-10-31,SHP07866,CARG,CC-102,TL,2025-10-21,2025-10-24,1782.92,413.35,20.56,history,2216.83,1.0,2196.27,2196.27,0.0,0.0,2196.27,2196.27,0.0,20.56
2025-10-31,SHP07867,CARD,CC-102,LTL,2025-10-21,2025-10-24,305.64,79.77,20.56,history,405.97,1.0,388.16,388.16,0.0,2.75,385.41,385.41,0.0,20.56
2025-10-31,SHP07868,CARD,CC-104,LTL,2025-10-21,2025-10-23,369.1,96.34,20.56,history,486.0,1.0,465.44,465.44,0.0,0.0,465.44,465.44,0.0,20.56
2025-10-31,SHP07869,CARB,CC-101,LTL,2025-10-21,2025-10-25,2248.7,586.91,22.97,history,2858.58,1.0,3055.61,2835.61,220.0,0.0,3055.61,2835.61,220.0,-197.03
2025-10-31,SHP07870,CARB,CC-105,LTL,2025-10-21,2025-10-27,564.25,147.27,22.97,history,734.49,1.0,711.52,711.52,0.0,0.0,711.52,711.52,0.0,22.97
2025-10-31,SHP07871,CARE,CC-104,LTL,2025-10-21,2025-10-23,251.21,65.57,20.74,history,337.52,1.0,319.04,319.04,0.0,2.26,316.78,316.78,0.0,20.74
2025-10-31,SHP07872,CARB,CC-104,LTL,2025-10-21,2025-10-23,460.0,120.06,22.97,history,603.03,1.0,580.06,580.06,0.0,0.0,580.06,580.06,0.0,22.97
2025-10-31,SHP07873,CARC,CC-104,LTL,2025-10-21,2025-10-23,352.69,92.05,18.53,history,463.27,1.0,539.74,444.74,95.0,0.0,539.74,444.74,95.0,-76.47
2025-10-31,SHP07874,CARH,CC-102,TL,2025-10-21,2025-10-23,1308.34,307.68,14.57,history,1630.59,1.0,1616.02,1616.02,0.0,0.0,1616.02,1616.02,0.0,14.57
2025-10-31,SHP07875,CARA,CC-105,LTL,2025-10-21,2025-10-24,343.36,89.62,16.01,history,448.99,1.0,432.98,432.98,0.0,0.0,432.98,432.98,0.0,16.01
2025-10-31,SHP07876,CARD,CC-104,LTL,2025-10-21,2025-10-22,110.0,28.71,20.56,history,159.27,1.0,138.71,138.71,0.0,0.0,138.71,138.71,0.0,20.56
2025-10-31,SHP07877,CARB,CC-101,LTL,2025-10-21,2025-10-24,483.9,126.3,22.97,history,633.17,1.0,610.2,610.2,0.0,0.0,610.2,610.2,0.0,22.97
2025-10-31,SHP07878,CARB,CC-104,LTL,2025-10-21,2025-10-23,214.43,55.97,22.97,history,293.37,1.0,365.4,270.4,95.0,0.0,365.4,270.4,95.0,-72.03
2025-10-31,SHP07879,CARA,CC-103,LTL,2025-10-21,2025-10-25,372.24,97.15,16.01,history,485.4,1.0,469.39,469.39,0.0,0.0,469.39,469.39,0.0,16.01
2025-10-31,SHP07880,CARD,CC-102,LTL,2025-10-21,2025-10-25,461.7,120.5,20.56,history,602.76,2.0,1164.4,1164.4,0.0,582.2,582.2,582.2,0.0,20.56
2025-10-31,SHP07881,CARD,CC-105,LTL,2025-10-21,2025-10-23,203.05,53.0,20.56,history,276.61,1.0,259.49,259.49,0.0,3.71,255.78,255.78,0.0,20.83
2025-10-31,SHP07882,CARF,CC-104,TL,2025-10-21,2025-10-26,4072.32,893.55,19.41,history,4985.28,1.0,5047.1,5047.1,0.0,81.23,4965.87,4965.87,0.0,19.41
2025-10-31,SHP07884,CARE,CC-102,LTL,2025-10-22,2025-10-25,110.0,28.71,20.74,history,159.45,1.0,138.71,138.71,0.0,0.0,138.71,138.71,0.0,20.74
2025-10-31,SHP07885,CARA,CC-104,LTL,2025-10-22,2025-10-24,141.46,36.92,16.01,history,194.39,1.0,303.38,178.38,125.0,0.0,303.38,178.38,125.0,-108.99
2025-10-31,SHP07886,CARB,CC-102,LTL,2025-10-22,2025-10-25,206.17,53.81,22.97,history,282.95,1.0,354.98,259.98,95.0,0.0,354.98,259.98,95.0,-72.03
2025-10-31,SHP07887,CARA,CC-102,LTL,2025-10-22,2025-10-24,260.09,67.88,16.01,history,343.98,1.0,327.97,327.97,0.0,0.0,327.97,327.97,0.0,16.01
2025-10-31,SHP07888,CARD,CC-103,LTL,2025-10-22,2025-10-26,129.1,33.7,20.56,history,183.36,1.0,198.07,198.07,0.0,35.27,162.8,162.8,0.0,20.56
2025-10-31,SHP07889,CARE,CC-105,LTL,2025-10-22,2025-10-23,290.4,75.79,20.74,history,386.93,1.0,366.19,366.19,0.0,0.0,366.19,366.19,0.0,20.74
2025-10-31,SHP07890,CARE,CC-105,LTL,2025-10-22,2025-10-24,424.52,110.8,20.74,history,556.06,1.0,535.32,535.32,0.0,0.0,535.32,535.32,0.0,20.74
2025-10-31,SHP07891,CARA,CC-105,LTL,2025-10-22,2025-10-27,2950.34,770.04,16.01,history,3736.39,1.0,3720.38,3720.38,0.0,0.0,3720.38,3720.38,0.0,16.01
2025-10-31,SHP07892,CARA,CC-101,LTL,2025-10-22,2025-10-26,861.56,224.87,16.01,history,1102.44,1.0,1086.43,1086.43,0.0,0.0,1086.43,1086.43,0.0,16.01
2025-10-31,SHP07893,CARA,CC-104,LTL,2025-10-22,2025-10-25,679.96,177.47,16.01,history,873.44,2.0,1714.86,1714.86,0.0,857.43,857.43,857.43,0.0,16.01
2025-10-31,SHP07894,CARA,CC-104,LTL,2025-10-22,2025-10-28,842.4,219.87,16.01,history,1078.28,1.0,1192.28,1097.28,95.0,0.0,1192.28,1097.28,95.0,-114.0
2025-10-31,SHP07895,CARC,CC-101,LTL,2025-10-22,2025-10-27,1139.63,297.44,18.53,history,1455.6,1.0,1437.07,1437.07,0.0,0.0,1437.07,1437.07,0.0,18.53
2025-10-31,SHP07896,CARG,CC-101,TL,2025-10-22,2025-10-24,450.0,97.32,20.56,history,567.88,1.0,547.32,547.32,0.0,0.0,547.32,547.32,0.0,20.56
2025-10-31,SHP07897,CARE,CC-101,LTL,2025-10-22,2025-10-26,1111.28,290.04,20.74,history,1422.06,1.0,1401.32,1401.32,0.0,0.0,1401.32,1401.32,0.0,20.74
2025-10-31,SHP07898,CARD,CC-105,LTL,2025-10-22,2025-10-24,328.44,85.72,20.56,history,434.72,1.0,539.16,414.16,125.0,0.0,539.16,414.16,125.0,-104.44
2025-10-31,SHP07899,CARE,CC-101,LTL,2025-10-22,2025-10-24,232.2,60.6,20.74,history,313.54,1.0,335.97,335.97,0.0,43.16,292.81,292.81,0.0,20.73
2025-10-31,SHP07900,CARA,CC-102,LTL,2025-10-22,2025-10-27,378.05,98.67,16.01,history,492.73,1.0,601.72,476.72,125.0,0.0,601.72,476.72,125.0,-108.99
2025-10-31,SHP07901,CARC,CC-101,LTL,2025-10-22,2025-10-26,337.85,88.18,18.53,history,444.56,1.0,429.07,429.07,0.0,3.04,426.03,426.03,0.0,18.53
2025-10-31,SHP07902,CARF,CC-103,TL,2025-10-22,2025-10-25,2925.24,630.59,19.41,history,3575.24,1.0,3613.16,3613.16,0.0,57.33,3555.83,3555.83,0.0,19.41
2025-10-31,SHP07903,CARF,CC-104,TL,2025-10-22,2025-10-24,451.13,96.83,19.41,history,567.37,1.0,556.76,556.76,0.0,8.8,547.96,547.96,0.0,19.41
2025-10-31,SHP07904,CARH,CC-102,TL,2025-10-22,2025-10-25,1743.65,398.61,14.57,history,2156.83,1.0,2335.79,2335.79,0.0,193.53,2142.26,2142.26,0.0,14.57
2025-10-31,SHP07905,CARF,CC-103,TL,2025-10-22,2025-10-26,4876.3,990.37,19.41,history,5886.08,1.0,5956.71,5956.71,0.0,90.04,5866.67,5866.67,0.0,19.41
2025-10-31,SHP07906,CARC,CC-101,LTL,2025-10-22,2025-10-23,414.48,108.18,18.53,history,541.19,1.0,522.66,522.66,0.0,0.0,522.66,522.66,0.0,18.53
2025-10-31,SHP07907,CARH,CC-103,TL,2025-10-22,2025-10-26,3114.0,765.27,14.57,history,3893.84,1.0,3879.27,3879.27,0.0,0.0,3879.27,3879.27,0.0,14.57
2025-10-31,SHP07908,CARB,CC-101,LTL,2025-10-22,2025-10-28,977.75,255.19,22.97,history,1255.91,1.0,1232.94,1232.94,0.0,0.0,1232.94,1232.94,0.0,22.97
2025-10-31,SHP07909,CARD,CC-103,LTL,2025-10-22,2025-10-25,646.04,168.62,20.56,history,835.22,1.0,814.66,814.66,0.0,0.0,814.66,814.66,0.0,20.56
2025-10-31,SHP07910,CARD,CC-102,LTL,2025-10-22,2025-10-24,380.11,99.21,20.56,history,499.88,1.0,479.32,479.32,0.0,0.0,479.32,479.32,0.0,20.56
2025-10-31,SHP07911,CARD,CC-101,LTL,2025-10-22,2025-10-23,146.91,38.34,20.56,history,205.81,1.0,185.25,185.25,0.0,0.0,185.25,185.25,0.0,20.56
2025-10-31,SHP07912,CARB,CC-102,LTL,2025-10-22,2025-10-24,284.84,74.34,22.97,history,382.15,1.0,359.18,359.18,0.0,0.0,359.18,359.18,0.0,22.97
2025-10-31,SHP07913,CARC,CC-103,LTL,2025-10-22,2025-10-26,398.85,104.1,18.53,history,521.48,1.0,502.95,502.95,0.0,0.0,502.95,502.95,0.0,18.53
2025-10-31,SHP07914,CARE,CC-102,LTL,2025-10-22,2025-10-24,334.41,87.28,20.74,history,442.43,1.0,460.03,460.03,0.0,0.0,460.03,460.03,0.0,-17.6
2025-10-31,SHP07915,CARF,CC-101,TL,2025-10-22,2025-10-25,2457.46,541.63,19.41,history,3018.5,1.0,3048.33,3048.33,0.0,49.24,2999.09,2999.09,0.0,19.41
2025-10-31,SHP07916,CARB,CC-104,LTL,2025-10-22,2025-10-24,1048.32,273.61,22.97,history,1344.9,1.0,1416.93,1321.93,95.0,0.0,1416.93,1321.93,95.0,-72.03
2025-10-31,SHP07917,CARC,CC-102,LTL,2025-10-22,2025-10-24,110.0,28.71,18.53,history,157.24,1.0,138.71,138.71,0.0,0.0,138.71,138.71,0.0,18.53
2025-10-31,SHP07918,CARA,CC-102,LTL,2025-10-22,2025-10-26,994.29,259.51,16.01,history,1269.81,1.0,1253.8,1253.8,0.0,0.0,1253.8,1253.8,0.0,16.01
2025-10-31,SHP07919,CARC,CC-104,LTL,2025-10-22,2025-10-25,340.2,88.79,18.53,history,447.52,2.0,857.98,857.98,0.0,428.99,428.99,428.99,0.0,18.53
2025-10-31,SHP07921,CARE,CC-105,LTL,2025-10-23,2025-10-25,110.0,28.71,20.74,history,159.45,1.0,138.71,138.71,0.0,0.0,138.71,138.71,0.0,20.74
2025-10-31,SHP07922,CARG,CC-102,TL,2025-10-23,2025-10-24,825.6,188.74,20.56,history,1034.9,1.0,1089.34,1014.34,75.0,0.0,1089.34,1014.34,75.0,-54.44
2025-10-31,SHP07923,CARA,CC-103,LTL,2025-10-23,2025-10-27,1678.99,438.22,16.01,history,2133.22,1.0,2117.21,2117.21,0.0,0.0,2117.21,2117.21,0.0,16.01
2025-10-31,SHP07924,CARH,CC-102,TL,2025-10-23,2025-10-25,1194.93,275.73,14.57,history,1485.23,1.0,1470.66,1470.66,0.0,0.0,1470.66,1470.66,0.0,14.57
2025-10-31,SHP07925,CARD,CC-105,LTL,2025-10-23,2025-10-26,618.03,161.31,20.56,history,799.9,1.0,870.71,870.71,0.0,91.37,779.34,779.34,0.0,20.56
2025-10-31,SHP07926,CARC,CC-103,LTL,2025-10-23,2025-10-27,515.92,134.66,18.53,history,669.11,1.0,650.58,650.58,0.0,0.0,650.58,650.58,0.0,18.53
2025-10-31,SHP07927,CARB,CC-102,LTL,2025-10-23,2025-10-25,299.86,78.26,22.97,history,401.09,1.0,378.12,378.12,0.0,0.0,378.12,378.12,0.0,22.97
2025-10-31,SHP07928,CARH,CC-103,TL,2025-10-23,2025-10-28,3699.41,913.7,14.57,history,4627.68,1.0,5128.07,5128.07,0.0,513.41,4614.66,4614.66,0.0,13.02
2025-10-31,SHP07929,CARF,CC-102,TL,2025-10-23,2025-10-24,1231.2,252.14,19.41,history,1502.75,1.0,1656.26,1506.26,150.0,22.92,1633.34,1483.34,150.0,-130.59
2025-10-31,SHP07930,CARD,CC-103,LTL,2025-10-23,2025-10-28,360.7,94.14,20.56,history,475.4,1.0,455.17,455.17,0.0,0.0,455.17,455.17,0.0,20.23
2025-10-31,SHP07931,CARC,CC-101,LTL,2025-10-23,2025-10-26,269.25,70.27,18.53,history,358.05,1.0,464.52,339.52,125.0,0.0,464.52,339.52,125.0,-106.47
2025-10-31,SHP07932,CARB,CC-104,LTL,2025-10-23,2025-10-26,541.22,141.26,22.97,history,705.45,1.0,682.48,682.48,0.0,0.0,682.48,682.48,0.0,22.97
2025-10-31,SHP07933,CARB,CC-105,LTL,2025-10-23,2025-10-28,2572.91,671.53,22.97,history,3267.41,1.0,3244.44,3244.44,0.0,0.0,3244.44,3244.44,0.0,22.97
2025-10-31,SHP07934,CARB,CC-101,LTL,2025-10-23,2025-10-24,247.63,64.63,22.97,history,335.23,1.0,442.12,347.12,95.0,34.85,407.27,312.27,95.0,-72.04
2025-10-31,SHP07935,CARC,CC-104,LTL,2025-10-23,2025-10-25,110.0,28.71,18.53,history,157.24,1.0,138.71,138.71,0.0,0.0,138.71,138.71,0.0,18.53
2025-10-31,SHP07936,CARG,CC-101,TL,2025-10-23,2025-10-27,2614.43,581.44,20.56,history,3216.43,1.0,3195.87,3195.87,0.0,0.0,3195.87,3195.87,0.0,20.56
2025-10-31,SHP07937,CARD,CC-105,LTL,2025-10-23,2025-10-25,856.77,223.62,20.56,history,1100.95,1.0,1080.39,1080.39,0.0,0.0,1080.39,1080.39,0.0,20.56
2025-10-31,SHP07938,CARE,CC-101,LTL,2025-10-23,2025-10-28,589.0,153.73,20.74,history,763.47,2.0,1485.46,1485.46,0.0,742.73,742.73,742.73,0.0,20.74
2025-10-31,SHP07939,CARE,CC-101,LTL,2025-10-23,2025-10-28,1238.48,323.24,20.74,history,1582.46,1.0,1561.72,1561.72,0.0,0.0,1561.72,1561.72,0.0,20.74
2025-10-31,SHP07941,CARH,CC-101,TL,2025-10-23,2025-10-24,968.31,234.45,14.57,history,1217.33,1.0,1202.11,1202.11,0.0,0.0,1202.11,1202.11,0.0,15.22
2025-10-31,SHP07942,CARF,CC-102,TL,2025-10-23,2025-10-25,1231.2,252.14,19.41,history,1502.75,1.0,1658.15,1508.15,150.0,22.92,1635.23,1485.23,150.0,-132.48
2025-10-31,SHP07943,CARC,CC-102,LTL,2025-10-23,2025-10-25,286.83,74.86,18.53,history,380.22,1.0,361.69,361.69,0.0,0.0,361.69,361.69,0.0,18.53
2025-10-31,SHP07944,CARE,CC-101,LTL,2025-10-23,2025-10-27,426.3,111.26,20.74,history,558.3,1.0,758.68,538.68,220.0,125.0,633.68,538.68,95.0,-75.38
2025-10-31,SHP07945,CARF,CC-104,TL,2025-10-23,2025-10-24,531.18,111.57,19.41,history,662.16,1.0,652.89,652.89,0.0,10.14,642.75,642.75,0.0,19.41
2025-10-31,SHP07946,CARB,CC-101,LTL,2025-10-23,2025-10-25,110.0,28.71,22.97,history,161.68,1.0,138.71,138.71,0.0,0.0,138.71,138.71,0.0,22.97
2025-10-31,SHP07947,CARC,CC-103,LTL,2025-10-23,2025-10-26,148.54,38.77,18.53,history,205.84,1.0,187.31,187.31,0.0,0.0,187.31,187.31,0.0,18.53
2025-10-31,SHP07949,CARE,CC-104,LTL,2025-10-23,2025-10-26,898.69,234.56,20.74,history,1153.99,1.0,1133.25,1133.25,0.0,0.0,1133.25,1133.25,0.0,20.74
2025-10-31,SHP07951,CARD,CC-104,LTL,2025-10-24,2025-10-27,159.3,41.58,20.56,history,221.44,1.0,200.88,200.88,0.0,0.0,200.88,200.88,0.0,20.56
2025-10-31,SHP07952,CARB,CC-101,LTL,2025-10-24,2025-10-29,1244.92,324.92,22.97,history,1592.81,1.0,1569.84,1569.84,0.0,0.0,1569.84,1569.84,0.0,22.97
2025-10-31,SHP07954,CARB,CC-102,LTL,2025-10-24,2025-10-25,191.72,50.04,22.97,history,264.73,1.0,241.76,241.76,0.0,0.0,241.76,241.76,0.0,22.97
2025-10-31,SHP07955,CARC,CC-101,LTL,2025-10-24,2025-10-26,169.03,44.12,18.53,history,231.68,1.0,308.15,213.15,95.0,0.0,308.15,213.15,95.0,-76.47
2025-10-31,SHP07956,CARG,CC-101,TL,2025-10-24,2025-10-25,621.96,139.59,20.56,history,782.11,1.0,761.55,761.55,0.0,0.0,761.55,761.55,0.0,20.56
2025-10-31,SHP07957,CARG,CC-105,TL,2025-10-24,2025-10-25,519.2,115.99,20.56,history,655.75,1.0,635.19,635.19,0.0,0.0,635.19,635.19,0.0,20.56
2025-10-31,SHP07959,CARA,CC-105,LTL,2025-10-24,2025-10-28,424.78,110.87,16.01,history,551.66,1.0,535.65,535.65,0.0,0.0,535.65,535.65,0.0,16.01
2025-10-31,SHP07960,CARE,CC-101,LTL,2025-10-24,2025-10-26,297.08,77.54,20.74,history,395.36,1.0,469.62,374.62,95.0,0.0,469.62,374.62,95.0,-74.26
2025-10-31,SHP07961,CARB,CC-103,LTL,2025-10-24,2025-10-29,1102.4,287.73,22.97,history,1413.1,1.0,1390.13,1390.13,0.0,0.0,1390.13,1390.13,0.0,22.97
2025-10-31,SHP07962,CARE,CC-101,LTL,2025-10-24,2025-10-28,841.38,219.6,20.74,history,1081.72,2.0,2292.06,2292.06,0.0,1146.03,1146.03,1146.03,0.0,-64.31
2025-10-31,SHP07963,CARH,CC-102,TL,2025-10-24,2025-10-26,1308.34,307.68,14.57,history,1630.59,1.0,1616.02,1616.02,0.0,0.0,1616.02,1616.02,0.0,14.57
2025-10-31,SHP07964,CARC,CC-101,LTL,2025-10-24,2025-10-29,998.8,260.69,18.53,history,1278.02,1.0,1259.49,1259.49,0.0,0.0,1259.49,1259.49,0.0,18.53
2025-10-31,SHP07965,CARA,CC-104,LTL,2025-10-24,2025-10-30,1053.0,274.83,16.01,history,1343.84,1.0,1327.83,1327.83,0.0,0.0,1327.83,1327.83,0.0,16.01
2025-10-31,SHP07966,CARB,CC-104,LTL,2025-10-24,2025-10-26,269.07,70.23,22.97,history,362.27,1.0,339.3,339.3,0.0,0.0,339.3,339.3,0.0,22.97
2025-10-31,SHP07967,CARE,CC-104,LTL,2025-10-24,2025-10-25,144.42,37.69,20.74,history,202.85,1.0,182.11,182.11,0.0,0.0,182.11,182.11,0.0,20.74
2025-10-31,SHP07968,CARC,CC-104,LTL,2025-10-24,2025-10-28,138.63,36.18,18.53,history,193.34,1.0,174.81,174.81,0.0,0.0,174.81,174.81,0.0,18.53
2025-10-31,SHP07969,CARD,CC-104,LTL,2025-10-24,2025-10-30,1103.9,288.12,20.56,history,1412.58,1.0,1392.02,1392.02,0.0,0.0,1392.02,1392.02,0.0,20.56
2025-10-31,SHP07970,CARB,CC-105,LTL,2025-10-24,2025-10-27,646.52,168.74,22.97,history,838.23,1.0,910.26,815.26,95.0,0.0,910.26,815.26,95.0,-72.03
2025-10-31,SHP07971,CARD,CC-102,LTL,2025-10-24,2025-10-26,110.0,28.71,20.56,history,159.27,1.0,138.71,138.71,0.0,0.0,138.71,138.71,0.0,20.56
2025-10-31,SHP07973,CARB,CC-101,LTL,2025-10-24,2025-10-29,1532.88,400.08,22.97,history,1955.93,1.0,1946.76,1946.76,0.0,13.8,1932.96,1932.96,0.0,22.97
2025-10-31,SHP07974,CARA,CC-104,LTL,2025-10-24,2025-10-29,558.03,145.65,16.01,history,719.69,1.0,703.68,703.68,0.0,0.0,703.68,703.68,0.0,16.01
2025-10-31,SHP07975,CARD,CC-103,LTL,2025-10-24,2025-10-28,756.52,197.45,20.56,history,974.53,1.0,953.97,953.97,0.0,0.0,953.97,953.97,0.0,20.56
2025-10-31,SHP07976,CARA,CC-102,LTL,2025-10-24,2025-10-27,269.45,70.33,16.01,history,355.79,1.0,456.77,361.77,95.0,21.99,434.78,339.78,95.0,-78.99
2025-10-31,SHP07977,CARF,CC-103,TL,2025-10-24,2025-10-28,4876.3,990.37,19.41,history,5886.08,1.0,6181.71,5956.71,225.0,90.04,6091.67,5866.67,225.0,-205.59
2025-10-31,SHP07978,CARB,CC-104,LTL,2025-10-24,2025-10-27,460.0,120.06,22.97,history,603.03,1.0,580.06,580.06,0.0,0.0,580.06,580.06,0.0,22.97
2025-10-31,SHP07979,CARC,CC-101,LTL,2025-10-24,2025-10-29,213.37,55.69,18.53,history,287.59,1.0,269.06,269.06,0.0,0.0,269.06,269.06,0.0,18.53
2025-10-31,SHP07980,CARH,CC-102,TL,2025-10-24,2025-10-26,1743.65,398.61,14.57,history,2156.83,1.0,2442.26,2142.26,300.0,0.0,2442.26,2142.26,300.0,-285.43
2025-10-31,SHP07981,CARE,CC-101,LTL,2025-10-24,2025-10-29,1325.09,345.85,20.74,history,1691.68,1.0,1670.94,1670.94,0.0,0.0,1670.94,1670.94,0.0,20.74
2025-10-31,SHP07982,CARD,CC-103,LTL,2025-10-24,2025-10-28,373.34,97.44,20.56,history,491.34,1.0,608.23,513.23,95.0,42.45,565.78,470.78,95.0,-74.44
2025-10-31,SHP07983,CARB,CC-101,LTL,2025-10-24,2025-10-28,1263.07,329.66,22.97,history,1615.7,1.0,1592.73,1592.73,0.0,0.0,1592.73,1592.73,0.0,22.97
2025-10-31,SHP07984,CARH,CC-102,TL,2025-10-24,2025-10-29,3850.12,936.8,14.57,history,4801.49,1.0,4786.92,4786.92,0.0,0.0,4786.92,4786.92,0.0,14.57
2025-10-31,SHP07985,CARB,CC-102,LTL,2025-10-24,2025-10-26,110.0,28.71,22.97,history,161.68,1.0,263.71,138.71,125.0,0.0,263.71,138.71,125.0,-102.03
2025-10-31,SHP07986,CARC,CC-103,LTL,2025-10-24,2025-10-26,1638.34,427.61,18.53,history,2084.48,1.0,2065.95,2065.95,0.0,0.0,2065.95,2065.95,0.0,18.53
2025-10-31,SHP07987,CARD,CC-104,LTL,2025-10-24,2025-10-26,538.18,140.46,20.56,history,699.2,1.0,803.64,678.64,125.0,0.0,803.64,678.64,125.0,-104.44
2025-10-31,SHP07988,CARA,CC-103,LTL,2025-10-24,2025-10-29,3149.5,822.02,16.01,history,3987.53,1.0,3971.52,3971.52,0.0,0.0,3971.52,3971.52,0.0,16.01
2025-10-31,SHP07989,CARE,CC-105,LTL,2025-10-25,2025-10-27,512.46,133.75,20.74,history,666.95,1.0,646.59,646.59,0.0,0.0,646.59,646.59,0.0,20.36
2025-10-31,SHP07990,CARD,CC-105,LTL,2025-10-25,2025-10-27,640.33,167.13,20.56,history,828.02,1.0,808.54,808.54,0.0,0.0,808.54,808.54,0.0,19.48
2025-10-31,SHP07991,CARB,CC-102,LTL,2025-10-25,2025-10-28,179.19,46.77,22.97,history,248.93,1.0,225.96,225.96,0.0,0.0,225.96,225.96,0.0,22.97
2025-10-31,SHP07992,CARD,CC-104,LTL,2025-10-25,2025-10-27,153.93,40.18,20.56,history,214.67,1.0,194.11,194.11,0.0,0.0,194.11,194.11,0.0,20.56
2025-10-31,SHP07993,CARE,CC-105,LTL,2025-10-25,2025-10-28,425.1,110.95,20.74,history,556.79,1.0,631.05,536.05,95.0,0.0,631.05,536.05,95.0,-74.26
2025-10-31,SHP07994,CARC,CC-101,LTL,2025-10-25,2025-10-28,139.31,36.36,18.53,history,194.2,1.0,175.57,175.57,0.0,0.0,175.57,175.57,0.0,18.63
2025-10-31,SHP07995,CARG,CC-103,TL,2025-10-25,2025-10-29,3133.35,729.88,20.56,history,3883.79,1.0,3863.23,3863.23,0.0,0.0,3863.23,3863.23,0.0,20.56
2025-10-31,SHP07996,CARD,CC-105,LTL,2025-10-25,2025-10-27,922.34,240.73,20.56,history,1183.63,1.0,1163.07,1163.07,0.0,0.0,1163.07,1163.07,0.0,20.56
2025-10-31,SHP07997,CARB,CC-102,LTL,2025-10-25,2025-10-28,398.7,104.06,22.97,history,525.73,1.0,597.76,502.76,95.0,0.0,597.76,502.76,95.0,-72.03
2025-10-31,SHP07998,CARA,CC-101,LTL,2025-10-25,2025-10-28,665.76,173.76,16.01,history,855.53,1.0,839.52,839.52,0.0,0.0,839.52,839.52,0.0,16.01
2025-10-31,SHP07999,CARG,CC-102,TL,2025-10-25,2025-10-26,825.6,188.74,20.56,history,1034.9,1.0,1014.34,1014.34,0.0,0.0,1014.34,1014.34,0.0,20.56
2025-10-31,SHP08000,CARE,CC-102,LTL,2025-10-25,2025-10-30,742.7,193.84,20.74,history,957.28,1.0,936.54,936.54,0.0,0.0,936.54,936.54,0.0,20.74
2025-10-31,SHP08001,CARA,CC-104,LTL,2025-10-25,2025-10-26,231.7,60.47,16.01,history,308.18,1.0,292.17,292.17,0.0,0.0,292.17,292.17,0.0,16.01
2025-10-31,SHP08002,CARC,CC-104,LTL,2025-10-25,2025-10-28,493.7,128.86,18.53,history,641.09,1.0,622.56,622.56,0.0,0.0,622.56,622.56,0.0,18.53
2025-10-31,SHP08003,CARA,CC-104,LTL,2025-10-25,2025-10-27,1968.99,513.91,16.01,history,2498.91,1.0,2482.9,2482.9,0.0,0.0,2482.9,2482.9,0.0,16.01
2025-10-31,SHP08004,CARB,CC-103,LTL,2025-10-25,2025-10-30,646.61,168.77,22.97,history,838.35,1.0,815.38,815.38,0.0,0.0,815.38,815.38,0.0,22.97
2025-10-31,SHP08005,CARC,CC-104,LTL,2025-10-25,2025-10-27,295.43,77.11,18.53,history,391.07,1.0,467.54,372.54,95.0,0.0,467.54,372.54,95.0,-76.47
2025-10-31,SHP08006,CARF,CC-104,TL,2025-10-25,2025-10-30,4710.56,981.03,19.41,history,5711.0,1.0,5770.97,5770.97,0.0,89.19,5681.78,5681.78,0.0,29.22
2025-10-31,SHP08007,CARF,CC-105,TL,2025-10-25,2025-10-28,1918.8,403.03,19.41,history,2341.24,1.0,2358.47,2358.47,0.0,36.64,2321.83,2321.83,0.0,19.41
2025-10-31,SHP08008,CARA,CC-105,LTL,2025-10-25,2025-10-28,1196.39,312.26,16.01,history,1524.66,1.0,1633.65,1508.65,125.0,0.0,1633.65,1508.65,125.0,-108.99
2025-10-31,SHP08009,CARA,CC-104,LTL,2025-10-25,2025-10-28,378.6,98.81,16.01,history,493.42,1.0,477.41,477.41,0.0,0.0,477.41,477.41,0.0,16.01
2025-10-31,SHP08010,CARA,CC-102,LTL,2025-10-25,2025-10-29,845.61,220.7,16.01,history,1082.32,1.0,1066.31,1066.31,0.0,0.0,1066.31,1066.31,0.0,16.01
2025-10-31,SHP08011,CARC,CC-103,LTL,2025-10-25,2025-10-28,258.2,67.39,18.53,history,344.12,1.0,420.57,325.57,95.0,0.0,420.57,325.57,95.0,-76.45
2025-10-31,SHP08014,CARD,CC-105,LTL,2025-10-26,2025-10-29,432.9,112.99,20.56,history,566.45,1.0,545.89,545.89,0.0,0.0,545.89,545.89,0.0,20.56
2025-10-31,SHP08015,CARC,CC-102,LTL,2025-10-26,2025-10-28,405.83,105.92,18.53,history,530.28,1.0,511.75,511.75,0.0,0.0,511.75,511.75,0.0,18.53
2025-10-31,SHP08016,CARD,CC-102,LTL,2025-10-26,2025-10-28,679.79,177.43,20.56,history,877.78,1.0,857.22,857.22,0.0,0.0,857.22,857.22,0.0,20.56
2025-10-31,SHP08017,CARA,CC-102,LTL,2025-10-26,2025-10-30,585.62,152.85,16.01,history,754.48,1.0,738.47,738.47,0.0,0.0,738.47,738.47,0.0,16.01
2025-10-31,SHP08018,CARD,CC-103,LTL,2025-10-26,2025-10-29,1545.36,403.34,20.56,history,1969.26,1.0,1948.7,1948.7,0.0,0.0,1948.7,1948.7,0.0,20.56
2025-10-31,SHP08019,CARE,CC-104,LTL,2025-10-26,2025-10-28,110.0,28.71,20.74,history,159.45,1.0,138.71,138.71,0.0,0.0,138.71,138.71,0.0,20.74
2025-10-31,SHP08020,CARF,CC-104,TL,2025-10-26,2025-10-27,531.18,111.57,19.41,history,662.16,1.0,652.89,652.89,0.0,10.14,642.75,642.75,0.0,19.41
2025-10-31,SHP08021,CARD,CC-105,LTL,2025-10-26,2025-10-27,280.0,73.08,20.56,history,373.64,1.0,353.08,353.08,0.0,0.0,353.08,353.08,0.0,20.56
2025-10-31,SHP08022,CARC,CC-101,LTL,2025-10-26,2025-10-31,587.6,153.36,18.53,history,759.49,1.0,740.96,740.96,0.0,0.0,740.96,740.96,0.0,18.53
2025-10-31,SHP08023,CARB,CC-102,LTL,2025-10-26,2025-10-28,398.1,103.9,22.97,history,524.97,1.0,502.0,502.0,0.0,0.0,502.0,502.0,0.0,22.97
2025-10-31,SHP08024,CARD,CC-103,LTL,2025-10-26,2025-10-31,722.5,188.57,20.56,history,931.63,1.0,911.07,911.07,0.0,0.0,911.07,911.07,0.0,20.56
2025-10-31,SHP08025,CARC,CC-104,LTL,2025-10-26,2025-10-31,919.21,239.91,18.53,history,1177.65,1.0,1254.12,1159.12,95.0,0.0,1254.12,1159.12,95.0,-76.47
2025-10-31,SHP08026,CARC,CC-104,LTL,2025-10-26,2025-10-29,569.16,148.55,18.53,history,736.24,1.0,717.71,717.71,0.0,0.0,717.71,717.71,0.0,18.53
2025-10-31,SHP08027,CARA,CC-105,LTL,2025-10-26,2025-10-31,1520.4,396.82,16.01,history,1933.23,1.0,1917.22,1917.22,0.0,0.0,1917.22,1917.22,0.0,16.01
2025-10-31,SHP08028,CARC,CC-102,LTL,2025-10-26,2025-10-29,382.52,99.84,18.53,history,500.89,1.0,577.36,482.36,95.0,0.0,577.36,482.36,95.0,-76.47
2025-10-31,SHP08029,CARF,CC-101,TL,2025-10-26,2025-10-30,3432.0,702.85,19.41,history,4154.26,1.0,4498.74,4198.74,300.0,63.89,4434.85,4134.85,300.0,-280.59
2025-10-31,SHP08030,CARH,CC-102,TL,2025-10-26,2025-10-27,555.12,126.32,14.57,history,696.01,1.0,681.44,681.44,0.0,0.0,681.44,681.44,0.0,14.57
2025-10-31,SHP08031,CARC,CC-103,LTL,2025-10-26,2025-10-30,415.62,108.48,18.53,history,542.63,1.0,524.1,524.1,0.0,0.0,524.1,524.1,0.0,18.53
2025-10-31,SHP08032,CARE,CC-102,LTL,2025-10-26,2025-10-30,1941.17,506.65,20.74,history,2468.56,1.0,2573.8,2478.8,95.0,0.0,2573.8,2478.8,95.0,-105.24
2025-10-31,SHP08033,CARB,CC-105,LTL,2025-10-26,2025-10-31,1516.6,395.83,22.97,history,1935.4,1.0,2007.43,1912.43,95.0,0.0,2007.43,1912.43,95.0,-72.03
2025-10-31,SHP08034,CARB,CC-102,LTL,2025-10-26,2025-10-31,1023.04,267.01,22.97,history,1313.02,1.0,1290.05,1290.05,0.0,0.0,1290.05,1290.05,0.0,22.97
2025-10-31,SHP08035,CARB,CC-104,LTL,2025-10-26,2025-10-29,492.68,128.59,22.97,history,644.24,1.0,709.53,709.53,0.0,88.26,621.27,621.27,0.0,22.97
2025-10-31,SHP08036,CARD,CC-102,LTL,2025-10-26,2025-10-29,596.76,155.75,20.56,history,773.07,1.0,752.51,752.51,0.0,0.0,752.51,752.51,0.0,20.56
2025-10-31,SHP08038,CARG,CC-103,TL,2025-10-26,2025-10-29,2272.56,547.53,20.56,history,2840.65,1.0,2820.09,2820.09,0.0,0.0,2820.09,2820.09,0.0,20.56
2025-10-31,SHP08039,CARA,CC-104,LTL,2025-10-27,2025-10-29,272.48,71.12,16.01,history,359.61,1.0,343.6,343.6,0.0,0.0,343.6,343.6,0.0,16.01
2025-10-31,SHP08040,CARE,CC-104,LTL,2025-10-27,2025-10-30,480.16,125.32,20.74,history,626.22,1.0,605.48,605.48,0.0,0.0,605.48,605.48,0.0,20.74
2025-10-31,SHP08041,CARA,CC-104,LTL,2025-10-27,2025-10-29,954.1,249.02,16.01,history,1219.13,1.0,1203.12,1203.12,0.0,0.0,1203.12,1203.12,0.0,16.01
2025-10-31,SHP08042,CARD,CC-103,LTL,2025-10-27,2025-10-30,706.5,184.4,20.56,history,911.46,1.0,891.01,891.01,0.0,0.0,891.01,891.01,0.0,20.45
2025-10-31,SHP08043,CARD,CC-104,LTL,2025-10-27,2025-10-28,248.88,64.96,20.56,history,334.4,1.0,313.84,313.84,0.0,0.0,313.84,313.84,0.0,20.56
2025-10-31,SHP08045,CARD,CC-104,LTL,2025-10-27,2025-10-30,199.76,52.14,20.56,history,272.46,1.0,251.9,251.9,0.0,0.0,251.9,251.9,0.0,20.56
2025-10-31,SHP08046,CARC,CC-101,LTL,2025-10-27,2025-10-31,478.7,124.94,18.53,history,622.17,1.0,698.64,603.64,95.0,0.0,698.64,603.64,95.0,-76.47
2025-10-31,SHP08048,CARC,CC-101,LTL,2025-10-27,2025-10-30,110.0,28.71,18.53,history,157.24,1.0,138.71,138.71,0.0,0.0,138.71,138.71,0.0,18.53
2025-10-31,SHP08049,CARB,CC-104,LTL,2025-10-27,2025-10-30,308.83,80.6,22.97,history,412.4,1.0,461.12,461.12,0.0,0.0,461.12,461.12,0.0,-48.72
2025-10-31,SHP08051,CARD,CC-103,LTL,2025-10-27,2025-10-31,405.64,105.87,20.56,history,532.07,1.0,512.37,512.37,0.0,0.0,512.37,512.37,0.0,19.7
2025-10-31,SHP08052,CARA,CC-105,LTL,2025-10-27,2025-10-29,722.11,188.47,16.01,history,926.59,1.0,910.58,910.58,0.0,0.0,910.58,910.58,0.0,16.01
2025-10-31,SHP08053,CARC,CC-105,LTL,2025-10-27,2025-10-29,317.2,82.79,18.53,history,418.52,1.0,503.55,408.55,95.0,8.56,494.99,399.99,95.0,-76.47
2025-10-31,SHP08054,CARA,CC-102,LTL,2025-10-27,2025-10-30,242.85,63.38,16.01,history,322.24,1.0,306.23,306.23,0.0,0.0,306.23,306.23,0.0,16.01
2025-10-31,SHP08055,CARE,CC-105,LTL,2025-10-27,2025-10-29,377.04,98.41,20.74,history,496.19,1.0,570.45,475.45,95.0,0.0,570.45,475.45,95.0,-74.26
2025-10-31,SHP08056,CARC,CC-104,LTL,2025-10-27,2025-10-30,355.5,92.79,18.53,history,466.82,1.0,448.29,448.29,0.0,0.0,448.29,448.29,0.0,18.53
2025-10-31,SHP08057,CARA,CC-103,LTL,2025-10-27,2025-10-31,478.27,124.83,16.01,history,619.11,1.0,607.4,607.4,0.0,4.3,603.1,603.1,0.0,16.01
2025-10-31,SHP08058,CARC,CC-105,LTL,2025-10-27,2025-10-29,163.1,42.57,18.53,history,224.2,1.0,205.67,205.67,0.0,0.0,205.67,205.67,0.0,18.53
2025-10-31,SHP08060,CARB,CC-104,LTL,2025-10-27,2025-10-29,110.0,28.71,22.97,history,161.68,1.0,138.71,138.71,0.0,0.0,138.71,138.71,0.0,22.97
2025-10-31,SHP08062,CARG,CC-102,TL,2025-10-27,2025-10-29,825.6,185.02,20.56,history,1031.18,2.0,2021.9,2021.9,0.0,1010.95,1010.95,1010.95,0.0,20.23
2025-10-31,SHP08063,CARA,CC-103,LTL,2025-10-27,2025-10-29,379.29,98.99,16.01,history,494.29,1.0,603.28,478.28,125.0,0.0,603.28,478.28,125.0,-108.99
2025-10-31,SHP08064,CARD,CC-103,LTL,2025-10-27,2025-10-30,271.0,70.73,20.56,history,362.29,1.0,341.73,341.73,0.0,0.0,341.73,341.73,0.0,20.56
2025-10-31,SHP08065,CARD,CC-102,LTL,2025-10-27,2025-10-30,121.97,31.83,20.56,history,174.36,1.0,153.8,153.8,0.0,0.0,153.8,153.8,0.0,20.56
2025-10-31,SHP08066,CARD,CC-102,LTL,2025-10-27,2025-10-29,219.73,57.35,20.56,history,297.64,1.0,372.08,277.08,95.0,0.0,372.08,277.08,95.0,-74.44
2025-10-31,SHP08067,CARC,CC-104,LTL,2025-10-27,2025-10-29,1374.45,358.73,18.53,history,1751.71,1.0,1733.18,1733.18,0.0,0.0,1733.18,1733.18,0.0,18.53
2025-10-31,SHP08068,CARH,CC-101,TL,2025-10-27,2025-10-29,968.31,229.83,14.57,history,1212.71,1.0,1498.14,1198.14,300.0,0.0,1498.14,1198.14,300.0,-285.43
2025-10-31,SHP08069,CARE,CC-101,LTL,2025-10-27,2025-10-28,179.77,46.92,20.74,history,247.43,1.0,226.69,226.69,0.0,0.0,226.69,226.69,0.0,20.74
2025-10-31,SHP08070,CARH,CC-102,TL,2025-10-27,2025-10-31,2414.45,541.1,14.57,history,2970.12,1.0,2965.84,2965.84,0.0,10.29,2955.55,2955.55,0.0,14.57
2025-10-31,SHP08072,CARD,CC-102,LTL,2025-10-27,2025-10-30,415.77,108.52,20.56,history,544.85,2.0,1048.58,1048.58,0.0,524.29,524.29,524.29,0.0,20.56
2025-10-31,SHP08073,CARC,CC-103,LTL,2025-10-27,2025-10-30,210.38,54.91,18.53,history,283.82,1.0,265.29,265.29,0.0,0.0,265.29,265.29,0.0,18.53
2025-10-31,SHP08076,CARE,CC-103,LTL,2025-10-28,2025-10-31,700.01,182.7,20.74,history,903.45,1.0,882.71,882.71,0.0,0.0,882.71,882.71,0.0,20.74
2025-10-31,SHP08077,CARE,CC-104,LTL,2025-10-28,2025-10-31,665.11,173.59,20.74,history,859.44,1.0,838.7,838.7,0.0,0.0,838.7,838.7,0.0,20.74
2025-10-31,SHP08078,CARB,CC-102,LTL,2025-10-28,2025-10-30,221.41,57.79,22.97,history,302.17,1.0,376.19,281.19,95.0,1.99,374.2,279.2,95.0,-72.03
2025-10-31,SHP08079,CARF,CC-104,TL,2025-10-28,2025-10-31,1694.04,358.0,19.41,history,2071.45,1.0,2084.59,2084.59,0.0,32.55,2052.04,2052.04,0.0,19.41
2025-10-31,SHP08080,CARC,CC-104,LTL,2025-10-28,2025-10-29,152.33,39.76,18.53,history,210.62,1.0,211.18,211.18,0.0,19.09,192.09,192.09,0.0,18.53
2025-10-31,SHP08081,CARC,CC-101,LTL,2025-10-28,2025-10-30,391.28,102.12,18.53,history,511.93,1.0,493.4,493.4,0.0,0.0,493.4,493.4,0.0,18.53
2025-10-31,SHP08082,CARE,CC-101,LTL,2025-10-28,2025-10-31,1130.82,295.14,20.74,history,1446.7,1.0,1425.96,1425.96,0.0,0.0,1425.96,1425.96,0.0,20.74
2025-10-31,SHP08084,CARA,CC-102,LTL,2025-10-28,2025-10-29,296.56,77.4,16.01,history,389.97,1.0,373.96,373.96,0.0,0.0,373.96,373.96,0.0,16.01
2025-10-31,SHP08085,CARF,CC-103,TL,2025-10-28,2025-10-31,2781.68,577.72,19.41,history,3378.81,1.0,3411.92,3411.92,0.0,52.52,3359.4,3359.4,0.0,19.41
2025-10-31,SHP08086,CARE,CC-101,LTL,2025-10-28,2025-10-30,407.26,106.29,20.74,history,534.29,1.0,513.55,513.55,0.0,0.0,513.55,513.55,0.0,20.74
2025-10-31,SHP08087,CARA,CC-104,LTL,2025-10-28,2025-10-29,231.7,60.47,16.01,history,308.18,1.0,292.17,292.17,0.0,0.0,292.17,292.17,0.0,16.01
2025-10-31,SHP08088,CARE,CC-104,LTL,2025-10-28,2025-10-31,640.2,167.09,20.74,history,828.03,1.0,807.29,807.29,0.0,0.0,807.29,807.29,0.0,20.74
2025-10-31,SHP08090,CARE,CC-101,LTL,2025-10-28,2025-10-30,293.93,76.72,20.74,history,391.39,1.0,370.65,370.65,0.0,0.0,370.65,370.65,0.0,20.74
2025-10-31,SHP08091,CARB,CC-104,LTL,2025-10-28,2025-10-30,260.6,68.02,22.97,history,351.59,1.0,328.62,328.62,0.0,0.0,328.62,328.62,0.0,22.97
2025-10-31,SHP08092,CARB,CC-104,LTL,2025-10-28,2025-10-29,168.82,44.06,22.97,history,235.85,1.0,450.78,230.78,220.0,125.0,325.78,230.78,95.0,-89.93
2025-10-31,SHP08095,CARB,CC-102,LTL,2025-10-28,2025-10-31,1015.68,265.09,22.97,history,1303.74,1.0,1280.77,1280.77,0.0,0.0,1280.77,1280.77,0.0,22.97
2025-10-31,SHP08096,CARE,CC-104,LTL,2025-10-28,2025-10-31,1087.54,283.85,20.74,history,1392.13,1.0,1371.39,1371.39,0.0,0.0,1371.39,1371.39,0.0,20.74
2025-10-31,SHP08097,CARF,CC-102,TL,2025-10-28,2025-10-31,1763.58,384.5,19.41,history,2167.49,1.0,2183.04,2183.04,0.0,34.96,2148.08,2148.08,0.0,19.41
2025-10-31,SHP08098,CARC,CC-104,LTL,2025-10-28,2025-10-30,578.4,150.96,18.53,history,747.89,1.0,728.43,728.43,0.0,0.0,728.43,728.43,0.0,19.46
2025-10-31,SHP08101,CARB,CC-105,LTL,2025-10-28,2025-10-31,516.8,134.88,22.97,history,674.65,1.0,651.68,651.68,0.0,0.0,651.68,651.68,0.0,22.97
2025-10-31,SHP08102,CARB,CC-103,LTL,2025-10-28,2025-10-31,1821.5,475.41,22.97,history,2319.88,1.0,2296.91,2296.91,0.0,0.0,2296.91,2296.91,0.0,22.97
2025-10-31,SHP08103,CARE,CC-102,LTL,2025-10-28,2025-10-31,1878.73,490.35,20.74,history,2389.82,1.0,2494.08,2369.08,125.0,0.0,2494.08,2369.08,125.0,-104.26
2025-10-31,SHP08105,CARC,CC-104,LTL,2025-10-28,2025-10-31,191.95,50.1,18.53,history,260.58,1.0,242.05,242.05,0.0,0.0,242.05,242.05,0.0,18.53
2025-10-31,SHP08107,CARE,CC-103,LTL,2025-10-28,2025-10-31,487.6,127.26,20.74,history,635.6,1.0,614.86,614.86,0.0,0.0,614.86,614.86,0.0,20.74
2025-10-31,SHP08112,CARD,CC-102,LTL,2025-10-29,2025-10-31,330.44,86.24,20.56,history,437.24,1.0,511.68,416.68,95.0,0.0,511.68,416.68,95.0,-74.44
2025-10-31,SHP08115,CARD,CC-102,LTL,2025-10-29,2025-10-31,289.1,75.46,20.56,history,385.12,1.0,364.56,364.56,0.0,0.0,364.56,364.56,0.0,20.56
2025-10-31,SHP08116,CARB,CC-101,LTL,2025-10-29,2025-10-30,547.73,142.96,22.97,history,713.66,1.0,815.69,690.69,125.0,0.0,815.69,690.69,125.0,-102.03
2025-10-31,SHP08117,CARE,CC-103,LTL,2025-10-29,2025-10-31,530.36,138.42,20.74,history,689.52,1.0,668.78,668.78,0.0,0.0,668.78,668.78,0.0,20.74
2025-10-31,SHP08121,CARG,CC-103,TL,2025-10-29,2025-10-31,1959.75,419.68,20.56,history,2399.99,1.0,2379.43,2379.43,0.0,0.0,2379.43,2379.43,0.0,20.56
2025-10-31,SHP08123,CARC,CC-103,LTL,2025-10-29,2025-10-31,194.97,50.89,18.53,history,264.39,1.0,245.86,245.86,0.0,0.0,245.86,245.86,0.0,18.53
2025-10-31,SHP08124,CARC,CC-102,LTL,2025-10-29,2025-10-31,591.2,154.3,18.53,history,764.03,1.0,747.08,747.08,0.0,0.0,747.08,747.08,0.0,16.95
2025-10-31,SHP08128,CARB,CC-104,LTL,2025-10-29,2025-10-31,505.63,131.97,22.97,history,660.57,1.0,637.6,637.6,0.0,0.0,637.6,637.6,0.0,22.97
2025-10-31,SHP08129,CARA,CC-105,LTL,2025-10-29,2025-10-31,1127.61,294.31,16.01,history,1437.93,1.0,1421.92,1421.92,0.0,0.0,1421.92,1421.92,0.0,16.01
2025-10-31,SHP08130,CARC,CC-104,LTL,2025-10-29,2025-10-30,457.47,119.4,18.53,history,595.4,1.0,577.74,577.74,0.0,0.0,577.74,577.74,0.0,17.66
2025-10-31,SHP08135,CARB,CC-104,LTL,2025-10-29,2025-10-31,217.89,56.87,22.97,history,297.73,1.0,274.76,274.76,0.0,0.0,274.76,274.76,0.0,22.97
2025-10-31,SHP08136,CARC,CC-101,LTL,2025-10-29,2025-10-30,334.8,87.38,18.53,history,440.71,1.0,547.18,422.18,125.0,0.0,547.18,422.18,125.0,-106.47
2025-10-31,SHP08137,CARG,CC-101,TL,2025-10-30,2025-10-31,450.0,95.4,20.56,history,565.96,1.0,545.4,545.4,0.0,0.0,545.4,545.4,0.0,20.56
2025-10-31,SHP08142,CARG,CC-101,TL,2025-10-30,2025-10-31,450.0,95.4,20.56,history,565.96,1.0,544.98,544.98,0.0,0.0,544.98,544.98,0.0,20.98
2025-10-31,SHP08151,CARD,CC-104,LTL,2025-10-30,2025-10-31,768.16,200.49,20.56,history,989.21,1.0,968.65,968.65,0.0,0.0,968.65,968.65,0.0,20.56
2025-11-30,SHP06693,CARC,CC-103,LTL,2025-09-10,2025-09-14,181.0,45.61,20.62,history,247.23,,,,,,,,,247.23
2025-11-30,SHP06710,CARH,CC-102,TL,2025-09-11,2025-09-15,2414.45,523.51,15.22,history,2953.18,1.0,2946.43,2946.43,0.0,0.0,2946.43,2946.43,0.0,6.75
2025-11-30,SHP06944,CARD,CC-102,LTL,2025-09-18,2025-09-21,253.89,66.27,21.22,history,341.38,1.0,540.16,320.16,220.0,0.0,540.16,320.16,220.0,-198.78
2025-11-30,SHP07027,CARD,CC-104,LTL,2025-09-21,2025-09-22,149.0,38.89,21.22,history,209.11,1.0,187.89,187.89,0.0,0.0,187.89,187.89,0.0,21.22
2025-11-30,SHP07176,CARE,CC-105,LTL,2025-09-26,2025-10-01,544.16,146.92,19.5,history,710.58,1.0,705.78,705.78,0.0,14.7,691.08,691.08,0.0,19.5
2025-11-30,SHP07522,CARB,CC-104,LTL,2025-10-08,2025-10-14,1401.21,378.33,23.71,history,1803.25,1.0,2043.29,2043.29,0.0,263.75,1779.54,1779.54,0.0,23.71
2025-11-30,SHP07603,CARG,CC-101,TL,2025-10-11,2025-10-15,4656.96,1027.72,17.43,history,5702.11,1.0,5684.68,5684.68,0.0,0.0,5684.68,5684.68,0.0,17.43
2025-11-30,SHP07645,CARB,CC-101,LTL,2025-10-13,2025-10-18,208.32,56.25,23.71,history,288.28,1.0,264.57,264.57,0.0,0.0,264.57,264.57,0.0,23.71
2025-11-30,SHP07653,CARD,CC-101,LTL,2025-10-13,2025-10-15,110.0,29.7,21.22,history,160.92,1.0,234.7,139.7,95.0,0.0,234.7,139.7,95.0,-73.78
2025-11-30,SHP07714,CARG,CC-102,TL,2025-10-16,2025-10-19,1620.42,360.29,17.43,history,1998.14,1.0,1980.71,1980.71,0.0,0.0,1980.71,1980.71,0.0,17.43
2025-11-30,SHP07728,CARA,CC-103,LTL,2025-10-16,2025-10-21,1053.98,284.57,18.12,history,1356.67,1.0,1338.55,1338.55,0.0,0.0,1338.55,1338.55,0.0,18.12
2025-11-30,SHP07760,CARH,CC-102,TL,2025-10-17,2025-10-21,3850.12,957.76,15.22,history,4823.1,1.0,4807.88,4807.88,0.0,0.0,4807.88,4807.88,0.0,15.22
2025-11-30,SHP07774,CARD,CC-101,LTL,2025-10-18,2025-10-22,2088.09,563.78,21.22,history,2673.09,1.0,2651.87,2651.87,0.0,0.0,2651.87,2651.87,0.0,21.22
2025-11-30,SHP07778,CARH,CC-105,TL,2025-10-18,2025-10-24,4695.6,1123.59,15.22,history,5834.41,1.0,5819.19,5819.19,0.0,0.0,5819.19,5819.19,0.0,15.22
2025-11-30,SHP07823,CARA,CC-105,LTL,2025-10-19,2025-10-21,789.59,213.19,18.12,history,1020.9,1.0,1016.99,1016.99,0.0,14.21,1002.78,1002.78,0.0,18.12
2025-11-30,SHP07824,CARD,CC-103,LTL,2025-10-19,2025-10-23,593.74,160.31,21.22,history,775.27,1.0,754.05,754.05,0.0,0.0,754.05,754.05,0.0,21.22
2025-11-30,SHP07864,CARA,CC-104,LTL,2025-10-21,2025-10-23,384.85,100.45,18.12,history,503.42,1.0,485.3,485.3,0.0,0.0,485.3,485.3,0.0,18.12
2025-11-30,SHP07874,CARH,CC-102,TL,2025-10-21,2025-10-23,1308.34,307.68,15.22,history,1631.24,1.0,1616.02,1616.02,0.0,0.0,1616.02,1616.02,0.0,15.22
2025-11-30,SHP07881,CARD,CC-105,LTL,2025-10-21,2025-10-23,203.05,53.0,21.22,history,277.27,1.0,259.49,259.49,0.0,3.71,255.78,255.78,0.0,21.49
2025-11-30,SHP07892,CARA,CC-101,LTL,2025-10-22,2025-10-26,861.56,224.87,18.12,history,1104.55,1.0,1086.43,1086.43,0.0,0.0,1086.43,1086.43,0.0,18.12
2025-11-30,SHP07897,CARE,CC-101,LTL,2025-10-22,2025-10-26,1111.28,290.04,19.5,history,1420.82,1.0,1401.32,1401.32,0.0,0.0,1401.32,1401.32,0.0,19.5
2025-11-30,SHP07898,CARD,CC-105,LTL,2025-10-22,2025-10-24,328.44,85.72,21.22,history,435.38,1.0,539.16,414.16,125.0,0.0,539.16,414.16,125.0,-103.78
2025-11-30,SHP07909,CARD,CC-103,LTL,2025-10-22,2025-10-25,646.04,168.62,21.22,history,835.88,1.0,814.66,814.66,0.0,0.0,814.66,814.66,0.0,21.22
2025-11-30,SHP07912,CARB,CC-102,LTL,2025-10-22,2025-10-24,284.84,74.34,23.71,history,382.89,1.0,359.18,359.18,0.0,0.0,359.18,359.18,0.0,23.71
2025-11-30,SHP07928,CARH,CC-103,TL,2025-10-23,2025-10-28,3699.41,913.7,15.22,history,4628.33,1.0,5128.07,5128.07,0.0,513.41,4614.66,4614.66,0.0,13.67
2025-11-30,SHP07949,CARE,CC-104,LTL,2025-10-23,2025-10-26,898.69,234.56,19.5,history,1152.75,1.0,1133.25,1133.25,0.0,0.0,1133.25,1133.25,0.0,19.5
2025-11-30,SHP07974,CARA,CC-104,LTL,2025-10-24,2025-10-29,558.03,145.65,18.12,history,721.8,1.0,703.68,703.68,0.0,0.0,703.68,703.68,0.0,18.12
2025-11-30,SHP07982,CARD,CC-103,LTL,2025-10-24,2025-10-28,373.34,97.44,21.22,history,492.0,1.0,608.23,513.23,95.0,42.45,565.78,470.78,95.0,-73.78
2025-11-30,SHP08018,CARD,CC-103,LTL,2025-10-26,2025-10-29,1545.36,403.34,21.22,history,1969.92,1.0,1948.7,1948.7,0.0,0.0,1948.7,1948.7,0.0,21.22
2025-11-30,SHP08024,CARD,CC-103,LTL,2025-10-26,2025-10-31,722.5,188.57,21.22,history,932.29,1.0,911.07,911.07,0.0,0.0,911.07,911.07,0.0,21.22
2025-11-30,SHP08036,CARD,CC-102,LTL,2025-10-26,2025-10-29,596.76,155.75,21.22,history,773.73,1.0,752.51,752.51,0.0,0.0,752.51,752.51,0.0,21.22
2025-11-30,SHP08042,CARD,CC-103,LTL,2025-10-27,2025-10-30,706.5,184.4,21.22,history,912.12,1.0,891.01,891.01,0.0,0.0,891.01,891.01,0.0,21.11
2025-11-30,SHP08059,CARH,CC-105,TL,2025-10-27,2025-11-02,4695.6,1077.38,15.22,history,5788.2,1.0,5772.98,5772.98,0.0,0.0,5772.98,5772.98,0.0,15.22
2025-11-30,SHP08060,CARB,CC-104,LTL,2025-10-27,2025-10-29,110.0,28.71,23.71,history,162.42,1.0,138.71,138.71,0.0,0.0,138.71,138.71,0.0,23.71
2025-11-30,SHP08068,CARH,CC-101,TL,2025-10-27,2025-10-29,968.31,229.83,15.22,history,1213.36,1.0,1498.14,1198.14,300.0,0.0,1498.14,1198.14,300.0,-284.78
2025-11-30,SHP08072,CARD,CC-102,LTL,2025-10-27,2025-10-30,415.77,108.52,21.22,history,545.51,2.0,1048.58,1048.58,0.0,524.29,524.29,524.29,0.0,21.22
2025-11-30,SHP08075,CARD,CC-101,LTL,2025-10-28,2025-11-01,196.49,51.28,21.22,history,268.99,1.0,247.77,247.77,0.0,0.0,247.77,247.77,0.0,21.22
2025-11-30,SHP08095,CARB,CC-102,LTL,2025-10-28,2025-10-31,1015.68,265.09,23.71,history,1304.48,1.0,1280.77,1280.77,0.0,0.0,1280.77,1280.77,0.0,23.71
2025-11-30,SHP08113,CARD,CC-104,LTL,2025-10-29,2025-11-05,1441.13,376.13,21.22,history,1838.48,1.0,1817.26,1817.26,0.0,0.0,1817.26,1817.26,0.0,21.22
2025-11-30,SHP08114,CARD,CC-103,LTL,2025-10-29,2025-11-01,211.55,55.21,21.22,history,287.98,1.0,266.76,266.76,0.0,0.0,266.76,266.76,0.0,21.22
2025-11-30,SHP08118,CARE,CC-105,LTL,2025-10-29,2025-11-02,642.83,167.78,19.5,history,830.11,1.0,936.76,811.76,125.0,125.0,811.76,811.76,0.0,18.35
2025-11-30,SHP08128,CARB,CC-104,LTL,2025-10-29,2025-10-31,505.63,131.97,23.71,history,661.31,1.0,637.6,637.6,0.0,0.0,637.6,637.6,0.0,23.71
2025-11-30,SHP08131,CARA,CC-101,LTL,2025-10-29,2025-11-03,332.43,86.76,18.12,history,437.31,1.0,419.19,419.19,0.0,0.0,419.19,419.19,0.0,18.12
2025-11-30,SHP08140,CARH,CC-102,TL,2025-10-30,2025-11-01,1308.34,301.63,15.22,history,1625.19,1.0,1609.97,1609.97,0.0,0.0,1609.97,1609.97,0.0,15.22
2025-11-30,SHP08152,CARC,CC-104,LTL,2025-10-30,2025-11-06,725.35,189.32,20.62,history,935.29,1.0,914.67,914.67,0.0,0.0,914.67,914.67,0.0,20.62
2025-11-30,SHP08154,CARD,CC-103,LTL,2025-10-30,2025-11-04,1189.65,310.5,21.22,history,1521.37,1.0,1500.15,1500.15,0.0,0.0,1500.15,1500.15,0.0,21.22
2025-11-30,SHP08166,CARA,CC-102,LTL,2025-10-31,2025-11-03,1591.47,415.37,18.12,history,2024.96,1.0,2008.01,2008.01,0.0,0.0,2008.01,2008.01,0.0,16.95
2025-11-30,SHP08173,CARG,CC-101,TL,2025-10-31,2025-11-01,621.96,136.84,17.43,history,776.23,1.0,758.8,758.8,0.0,0.0,758.8,758.8,0.0,17.43
2025-11-30,SHP08180,CARE,CC-101,LTL,2025-10-31,2025-11-05,1328.59,346.76,19.5,history,1694.85,1.0,1675.35,1675.35,0.0,0.0,1675.35,1675.35,0.0,19.5
2025-11-30,SHP08182,CARG,CC-101,TL,2025-10-31,2025-11-04,3031.08,726.6,17.43,history,3775.11,1.0,3757.68,3757.68,0.0,0.0,3757.68,3757.68,0.0,17.43
2025-11-30,SHP08186,CARE,CC-103,LTL,2025-10-31,2025-11-02,268.47,70.07,19.5,history,358.04,1.0,338.54,338.54,0.0,0.0,338.54,338.54,0.0,19.5
2025-11-30,SHP08189,CARE,CC-101,LTL,2025-10-31,2025-11-05,376.58,98.29,19.5,history,494.37,1.0,474.87,474.87,0.0,0.0,474.87,474.87,0.0,19.5
2025-11-30,SHP08197,CARD,CC-104,LTL,2025-10-31,2025-11-01,175.24,45.74,21.22,history,242.2,1.0,220.98,220.98,0.0,0.0,220.98,220.98,0.0,21.22
2025-11-30,SHP08203,CARD,CC-103,LTL,2025-11-01,2025-11-05,309.12,80.68,21.22,history,411.02,1.0,389.8,389.8,0.0,0.0,389.8,389.8,0.0,21.22
2025-11-30,SHP08210,CARH,CC-101,TL,2025-11-01,2025-11-06,3849.82,839.35,15.22,history,4704.39,1.0,4689.17,4689.17,0.0,0.0,4689.17,4689.17,0.0,15.22
2025-11-30,SHP08216,CARD,CC-103,LTL,2025-11-01,2025-11-03,349.32,91.17,21.22,history,461.71,1.0,440.49,440.49,0.0,0.0,440.49,440.49,0.0,21.22
2025-11-30,SHP08220,CARD,CC-101,LTL,2025-11-01,2025-11-02,110.0,28.71,21.22,history,159.93,1.0,138.71,138.71,0.0,0.0,138.71,138.71,0.0,21.22
2025-11-30,SHP08228,CARD,CC-101,LTL,2025-11-02,2025-11-03,431.0,112.49,21.22,history,564.71,1.0,638.49,543.49,95.0,0.0,638.49,543.49,95.0,-73.78
2025-11-30,SHP08233,CARE,CC-102,LTL,2025-11-02,2025-11-07,835.5,218.07,19.5,history,1073.07,1.0,1053.57,1053.57,0.0,0.0,1053.57,1053.57,0.0,19.5
2025-11-30,SHP08235,CARG,CC-104,TL,2025-11-02,2025-11-07,5133.3,1161.22,17.43,history,6311.95,1.0,6294.52,6294.52,0.0,0.0,6294.52,6294.52,0.0,17.43
2025-11-30,SHP08236,CARD,CC-101,LTL,2025-11-02,2025-11-03,110.0,28.71,21.22,history,159.93,1.0,138.71,138.71,0.0,0.0,138.71,138.71,0.0,21.22
2025-11-30,SHP08237,CARE,CC-105,LTL,2025-11-02,2025-11-06,2057.0,536.88,19.5,history,2613.38,1.0,2593.88,2593.88,0.0,0.0,2593.88,2593.88,0.0,19.5
2025-11-30,SHP08241,CARD,CC-103,LTL,2025-11-02,2025-11-05,231.64,60.46,21.22,history,313.32,1.0,292.1,292.1,0.0,0.0,292.1,292.1,0.0,21.22
2025-11-30,SHP08250,CARB,CC-104,LTL,2025-11-02,2025-11-04,1096.92,286.3,23.71,history,1406.93,1.0,1383.22,1383.22,0.0,0.0,1383.22,1383.22,0.0,23.71
2025-11-30,SHP08253,CARD,CC-104,LTL,2025-11-03,2025-11-05,113.81,29.7,21.22,history,164.73,1.0,143.51,143.51,0.0,0.0,143.51,143.51,0.0,21.22
2025-11-30,SHP08254,CARG,CC-102,TL,2025-11-03,2025-11-04,825.6,188.54,17.43,history,1031.57,1.0,1014.33,1014.33,0.0,0.0,1014.33,1014.33,0.0,17.24
2025-11-30,SHP08256,CARH,CC-103,TL,2025-11-03,2025-11-06,3114.0,764.49,15.22,history,3893.71,1.0,3878.49,3878.49,0.0,0.0,3878.49,3878.49,0.0,15.22
2025-11-30,SHP08264,CARD,CC-101,LTL,2025-11-03,2025-11-05,216.75,56.57,21.22,history,294.54,1.0,273.32,273.32,0.0,0.0,273.32,273.32,0.0,21.22
2025-11-30,SHP08265,CARG,CC-103,TL,2025-11-03,2025-11-06,1959.75,427.66,17.43,history,2404.84,1.0,2387.41,2387.41,0.0,0.0,2387.41,2387.41,0.0,17.43
2025-11-30,SHP08268,CARE,CC-101,LTL,2025-11-03,2025-11-04,516.61,134.84,19.5,history,670.95,1.0,651.45,651.45,0.0,0.0,651.45,651.45,0.0,19.5
2025-11-30,SHP08271,CARB,CC-105,LTL,2025-11-04,2025-11-10,810.46,211.53,23.71,history,1045.7,2.0,2043.98,2043.98,0.0,1021.99,1021.99,1021.99,0.0,23.71
2025-11-30,SHP08273,CARG,CC-104,TL,2025-11-04,2025-11-10,5133.3,1183.31,17.43,history,6334.04,1.0,6316.61,6316.61,0.0,0.0,6316.61,6316.61,0.0,17.43
2025-11-30,SHP08278,CARG,CC-101,TL,2025-11-04,2025-11-07,2614.43,580.85,17.43,history,3212.71,1.0,3195.28,3195.28,0.0,0.0,3195.28,3195.28,0.0,17.43
2025-11-30,SHP08280,CARD,CC-103,LTL,2025-11-04,2025-11-07,446.78,116.61,21.22,history,584.61,1.0,688.39,563.39,125.0,125.0,563.39,563.39,0.0,21.22
2025-11-30,SHP08288,CARD,CC-103,LTL,2025-11-04,2025-11-07,1163.97,303.8,21.22,history,1488.99,1.0,1467.77,1467.77,0.0,0.0,1467.77,1467.77,0.0,21.22
2025-11-30,SHP08294,CARG,CC-104,TL,2025-11-04,2025-11-10,5133.3,1183.31,17.43,history,6334.04,1.0,6616.61,6316.61,300.0,0.0,6616.61,6316.61,300.0,-282.57
2025-11-30,SHP08295,CARB,CC-101,LTL,2025-11-04,2025-11-07,2613.0,681.99,23.71,history,3318.7,1.0,3419.99,3294.99,125.0,0.0,3419.99,3294.99,125.0,-101.29
2025-11-30,SHP08300,CARB,CC-103,LTL,2025-11-04,2025-11-08,1069.66,279.18,23.71,history,1372.55,1.0,1348.84,1348.84,0.0,0.0,1348.84,1348.84,0.0,23.71
2025-11-30,SHP08311,CARC,CC-101,LTL,2025-11-05,2025-11-07,356.38,93.02,20.62,history,470.02,1.0,449.4,449.4,0.0,0.0,449.4,449.4,0.0,20.62
2025-11-30,SHP08318,CARA,CC-105,LTL,2025-11-05,2025-11-08,801.06,209.08,18.12,history,1028.26,1.0,1010.14,1010.14,0.0,0.0,1010.14,1010.14,0.0,18.12
2025-11-30,SHP08320,CARD,CC-102,LTL,2025-11-05,2025-11-07,409.37,106.85,21.22,history,537.44,1.0,516.22,516.22,0.0,0.0,516.22,516.22,0.0,21.22
2025-11-30,SHP08322,CARB,CC-104,LTL,2025-11-05,2025-11-08,239.43,62.49,23.71,history,325.63,1.0,396.92,301.92,95.0,0.0,396.92,301.92,95.0,-71.29
2025-11-30,SHP08331,CARA,CC-105,LTL,2025-11-05,2025-11-07,326.7,85.27,18.12,history,430.09,1.0,506.97,411.97,95.0,0.0,506.97,411.97,95.0,-76.88
2025-11-30,SHP08334,CARE,CC-104,LTL,2025-11-06,2025-11-09,408.52,106.62,19.5,history,534.64,1.0,515.14,515.14,0.0,0.0,515.14,515.14,0.0,19.5
2025-11-30,SHP08337,CARB,CC-102,LTL,2025-11-06,2025-11-08,392.77,102.51,23.71,history,518.99,1.0,495.28,495.28,0.0,0.0,495.28,495.28,0.0,23.71
2025-11-30,SHP08338,CARB,CC-104,LTL,2025-11-06,2025-11-12,1034.58,270.03,23.71,history,1328.32,1.0,1429.61,1304.61,125.0,0.0,1429.61,1304.61,125.0,-101.29
2025-11-30,SHP08342,CARD,CC-105,LTL,2025-11-06,2025-11-08,119.52,31.19,21.22,history,171.93,1.0,150.71,150.71,0.0,0.0,150.71,150.71,0.0,21.22
2025-11-30,SHP08346,CARC,CC-104,LTL,2025-11-06,2025-11-13,1085.43,283.3,20.62,history,1389.35,1.0,1369.4,1369.4,0.0,0.0,1369.4,1369.4,0.0,19.95
2025-11-30,SHP08349,CARB,CC-101,LTL,2025-11-06,2025-11-10,614.88,160.48,23.71,history,799.07,1.0,775.36,775.36,0.0,0.0,775.36,775.36,0.0,23.71
2025-11-30,SHP08351,CARA,CC-101,LTL,2025-11-06,2025-11-11,552.47,144.19,18.12,history,714.78,1.0,821.66,696.66,125.0,0.0,821.66,696.66,125.0,-106.88
2025-11-30,SHP08356,CARD,CC-102,LTL,2025-11-06,2025-11-09,622.7,162.52,21.22,history,806.44,1.0,784.9,784.9,0.0,0.0,784.9,784.9,0.0,21.54
2025-11-30,SHP08363,CARE,CC-104,LTL,2025-11-07,2025-11-10,114.7,29.94,19.5,history,164.14,1.0,144.64,144.64,0.0,0.0,144.64,144.64,0.0,19.5
2025-11-30,SHP08365,CARC,CC-101,LTL,2025-11-07,2025-11-11,350.67,91.52,20.62,history,462.81,1.0,442.19,442.19,0.0,0.0,442.19,442.19,0.0,20.62
2025-11-30,SHP08368,CARG,CC-101,TL,2025-11-07,2025-11-10,2614.43,580.85,17.43,history,3212.71,1.0,3195.28,3195.28,0.0,0.0,3195.28,3195.28,0.0,17.43
2025-11-30,SHP08369,CARB,CC-104,LTL,2025-11-07,2025-11-09,176.05,45.95,23.71,history,245.71,1.0,222.0,222.0,0.0,0.0,222.0,222.0,0.0,23.71
2025-11-30,SHP08370,CARB,CC-104,LTL,2025-11-07,2025-11-08,110.0,28.71,23.71,history,162.42,1.0,138.71,138.71,0.0,0.0,138.71,138.71,0.0,23.71
2025-11-30,SHP08373,CARD,CC-103,LTL,2025-11-07,2025-11-10,368.0,96.05,21.22,history,485.27,1.0,464.05,464.05,0.0,0.0,464.05,464.05,0.0,21.22
2025-11-30,SHP08374,CARH,CC-103,TL,2025-11-07,2025-11-11,3699.41,912.77,15.22,history,4627.4,1.0,4612.18,4612.18,0.0,0.0,4612.18,4612.18,0.0,15.22
2025-11-30,SHP08375,CARF,CC-101,TL,2025-11-07,2025-11-08,784.89,158.59,17.86,history,961.34,1.0,943.48,943.48,0.0,0.0,943.48,943.48,0.0,17.86
2025-11-30,SHP08377,CARB,CC-102,LTL,2025-11-07,2025-11-11,745.48,194.57,23.71,history,963.76,1.0,1065.05,940.05,125.0,0.0,1065.05,940.05,125.0,-101.29
2025-11-30,SHP08378,CARH,CC-104,TL,2025-11-07,2025-11-08,450.0,99.18,15.22,history,564.4,1.0,549.18,549.18,0.0,0.0,549.18,549.18,0.0,15.22
2025-11-30,SHP08379,CARD,CC-103,LTL,2025-11-07,2025-11-12,722.5,188.57,21.22,history,932.29,1.0,911.07,911.07,0.0,0.0,911.07,911.07,0.0,21.22
2025-11-30,SHP08387,CARD,CC-102,LTL,2025-11-07,2025-11-09,187.41,48.91,21.22,history,257.54,1.0,236.93,236.93,0.0,0.0,236.93,236.93,0.0,20.61
2025-11-30,SHP08389,CARD,CC-104,LTL,2025-11-07,2025-11-08,284.06,74.14,21.22,history,379.42,1.0,358.2,358.2,0.0,0.0,358.2,358.2,0.0,21.22
2025-11-30,SHP08391,CARE,CC-104,LTL,2025-11-07,2025-11-10,1399.5,365.27,19.5,history,1784.27,1.0,1764.77,1764.77,0.0,0.0,1764.77,1764.77,0.0,19.5
2025-11-30,SHP08392,CARD,CC-103,LTL,2025-11-07,2025-11-13,390.65,101.96,21.22,history,513.83,1.0,492.61,492.61,0.0,0.0,492.61,492.61,0.0,21.22
2025-11-30,SHP08408,CARD,CC-105,LTL,2025-11-08,2025-11-11,543.19,141.77,21.22,history,706.18,1.0,684.96,684.96,0.0,0.0,684.96,684.96,0.0,21.22
2025-11-30,SHP08409,CARB,CC-103,LTL,2025-11-08,2025-11-13,1102.4,287.73,23.71,history,1413.84,1.0,1390.13,1390.13,0.0,0.0,1390.13,1390.13,0.0,23.71
2025-11-30,SHP08411,CARB,CC-104,LTL,2025-11-08,2025-11-14,1888.84,492.99,23.71,history,2405.54,1.0,2383.8,2383.8,0.0,0.0,2383.8,2383.8,0.0,21.74
2025-11-30,SHP08412,CARH,CC-104,TL,2025-11-08,2025-11-09,450.0,99.18,15.22,history,564.4,1.0,549.18,549.18,0.0,0.0,549.18,549.18,0.0,15.22
2025-11-30,SHP08418,CARD,CC-103,LTL,2025-11-08,2025-11-11,175.71,45.86,21.22,history,242.79,1.0,221.57,221.57,0.0,0.0,221.57,221.57,0.0,21.22
2025-11-30,SHP08424,CARG,CC-103,TL,2025-11-08,2025-11-11,3133.35,729.13,17.43,history,3879.91,1.0,3864.46,3864.46,0.0,0.0,3864.46,3864.46,0.0,15.45
2025-11-30,SHP08425,CARE,CC-104,LTL,2025-11-08,2025-11-10,248.04,64.74,19.5,history,332.28,1.0,312.78,312.78,0.0,0.0,312.78,312.78,0.0,19.5
2025-11-30,SHP08429,CARD,CC-103,LTL,2025-11-09,2025-11-15,1407.37,367.32,21.22,history,1795.91,1.0,1774.69,1774.69,0.0,0.0,1774.69,1774.69,0.0,21.22
2025-11-30,SHP08430,CARB,CC-101,LTL,2025-11-09,2025-11-13,1037.0,270.66,23.71,history,1331.37,1.0,1373.66,1373.66,0.0,66.0,1307.66,1307.66,0.0,23.71
2025-11-30,SHP08432,CARG,CC-104,TL,2025-11-09,2025-11-15,5133.3,1183.31,17.43,history,6334.04,1.0,6316.61,6316.61,0.0,0.0,6316.61,6316.61,0.0,17.43
2025-11-30,SHP08434,CARD,CC-104,LTL,2025-11-09,2025-11-11,194.54,50.77,21.22,history,266.53,1.0,245.31,245.31,0.0,0.0,245.31,245.31,0.0,21.22
2025-11-30,SHP08436,CARE,CC-105,LTL,2025-11-09,2025-11-13,971.6,253.59,19.5,history,1244.69,1.0,1225.19,1225.19,0.0,0.0,1225.19,1225.19,0.0,19.5
2025-11-30,SHP08437,CARD,CC-103,LTL,2025-11-09,2025-11-12,509.99,133.11,21.22,history,664.32,1.0,644.96,644.96,0.0,0.0,644.96,644.96,0.0,19.36
2025-11-30,SHP08438,CARF,CC-104,TL,2025-11-09,2025-11-11,531.18,111.46,17.86,history,660.5,1.0,642.64,642.64,0.0,0.0,642.64,642.64,0.0,17.86
2025-11-30,SHP08439,CARG,CC-104,TL,2025-11-09,2025-11-11,1087.75,233.22,17.43,history,1338.4,1.0,1320.97,1320.97,0.0,0.0,1320.97,1320.97,0.0,17.43
2025-11-30,SHP08440,CARA,CC-101,LTL,2025-11-09,2025-11-14,1924.13,502.2,18.12,history,2444.45,1.0,2426.33,2426.33,0.0,0.0,2426.33,2426.33,0.0,18.12
2025-11-30,SHP08445,CARC,CC-104,LTL,2025-11-09,2025-11-11,155.83,40.67,20.62,history,217.12,1.0,239.44,239.44,0.0,42.94,196.5,196.5,0.0,20.62
2025-11-30,SHP08446,CARD,CC-101,LTL,2025-11-09,2025-11-12,182.81,47.71,21.22,history,251.74,1.0,327.09,232.09,95.0,0.0,327.09,232.09,95.0,-75.35
2025-11-30,SHP08454,CARA,CC-101,LTL,2025-11-09,2025-11-11,938.03,244.83,18.12,history,1200.98,1.0,1182.86,1182.86,0.0,0.0,1182.86,1182.86,0.0,18.12
2025-11-30,SHP08458,CARE,CC-105,LTL,2025-11-09,2025-11-12,826.94,215.83,19.5,history,1062.27,1.0,1167.77,1042.77,125.0,0.0,1167.77,1042.77,125.0,-105.5
2025-11-30,SHP08466,CARE,CC-101,LTL,2025-11-09,2025-11-10,159.85,41.72,19.5,history,221.07,1.0,312.28,217.28,95.0,0.0,312.28,217.28,95.0,-91.21
2025-11-30,SHP08469,CARC,CC-102,LTL,2025-11-10,2025-11-16,595.47,160.78,20.62,history,776.87,1.0,756.25,756.25,0.0,0.0,756.25,756.25,0.0,20.62
2025-11-30,SHP08470,CARA,CC-102,LTL,2025-11-10,2025-11-14,416.4,112.43,18.12,history,546.95,1.0,528.83,528.83,0.0,0.0,528.83,528.83,0.0,18.12
2025-11-30,SHP08473,CARD,CC-105,LTL,2025-11-10,2025-11-13,529.96,143.09,21.22,history,694.27,1.0,673.05,673.05,0.0,0.0,673.05,673.05,0.0,21.22
2025-11-30,SHP08474,CARH,CC-102,TL,2025-11-10,2025-11-12,1194.93,276.2,15.22,history,1486.35,1.0,1471.13,1471.13,0.0,0.0,1471.13,1471.13,0.0,15.22
2025-11-30,SHP08478,CARB,CC-101,LTL,2025-11-10,2025-11-12,332.18,89.69,23.71,history,445.58,1.0,421.87,421.87,0.0,0.0,421.87,421.87,0.0,23.71
2025-11-30,SHP08479,CARH,CC-101,TL,2025-11-10,2025-11-11,968.31,234.84,15.22,history,1218.37,1.0,1203.15,1203.15,0.0,0.0,1203.15,1203.15,0.0,15.22
2025-11-30,SHP08480,CARD,CC-104,LTL,2025-11-10,2025-11-12,253.4,68.42,21.22,history,343.04,1.0,416.82,321.82,95.0,0.0,416.82,321.82,95.0,-73.78
2025-11-30,SHP08482,CARB,CC-104,LTL,2025-11-10,2025-11-15,2029.75,548.03,23.71,history,2601.49,1.0,2577.78,2577.78,0.0,0.0,2577.78,2577.78,0.0,23.71
2025-11-30,SHP08486,CARA,CC-102,LTL,2025-11-10,2025-11-12,478.42,129.17,18.12,history,625.71,1.0,607.59,607.59,0.0,0.0,607.59,607.59,0.0,18.12
2025-11-30,SHP08488,CARD,CC-105,LTL,2025-11-10,2025-11-12,244.07,65.9,21.22,history,331.19,1.0,309.97,309.97,0.0,0.0,309.97,309.97,0.0,21.22
2025-11-30,SHP08489,CARC,CC-104,LTL,2025-11-10,2025-11-17,1157.54,312.54,20.62,history,1490.7,1.0,1589.93,1464.93,125.0,0.0,1589.93,1464.93,125.0,-99.23
2025-11-30,SHP08490,CARD,CC-105,LTL,2025-11-10,2025-11-12,860.67,232.38,21.22,history,1114.27,1.0,1218.05,1093.05,125.0,0.0,1218.05,1093.05,125.0,-103.78
2025-11-30,SHP08492,CARG,CC-105,TL,2025-11-10,2025-11-12,1225.91,286.05,17.43,history,1529.39,1.0,1511.96,1511.96,0.0,0.0,1511.96,1511.96,0.0,17.43
2025-11-30,SHP08495,CARC,CC-101,LTL,2025-11-10,2025-11-12,143.52,38.75,20.62,history,202.89,1.0,182.27,182.27,0.0,0.0,182.27,182.27,0.0,20.62
2025-11-30,SHP08496,CARC,CC-101,LTL,2025-11-10,2025-11-15,1475.23,398.31,20.62,history,1894.16,1.0,1873.54,1873.54,0.0,0.0,1873.54,1873.54,0.0,20.62
2025-11-30,SHP08498,CARD,CC-104,LTL,2025-11-10,2025-11-12,471.0,127.17,21.22,history,619.39,1.0,598.17,598.17,0.0,0.0,598.17,598.17,0.0,21.22
2025-11-30,SHP08501,CARB,CC-105,LTL,2025-11-11,2025-11-13,144.43,39.0,23.71,history,207.14,1.0,183.43,183.43,0.0,0.0,183.43,183.43,0.0,23.71
2025-11-30,SHP08502,CARD,CC-105,LTL,2025-11-11,2025-11-14,1077.12,290.82,21.22,history,1389.16,1.0,1614.81,1614.81,0.0,246.86,1367.95,1367.95,0.0,21.21
2025-11-30,SHP08504,CARE,CC-105,LTL,2025-11-11,2025-11-14,280.14,75.64,19.5,history,375.28,1.0,355.78,355.78,0.0,0.0,355.78,355.78,0.0,19.5
2025-11-30,SHP08508,CARG,CC-102,TL,2025-11-11,2025-11-14,1620.42,353.0,17.43,history,1990.85,1.0,1973.42,1973.42,0.0,0.0,1973.42,1973.42,0.0,17.43
2025-11-30,SHP08510,CARA,CC-104,LTL,2025-11-11,2025-11-16,1438.11,388.29,18.12,history,1844.52,1.0,1826.4,1826.4,0.0,0.0,1826.4,1826.4,0.0,18.12
2025-11-30,SHP08514,CARB,CC-102,LTL,2025-11-11,2025-11-16,403.99,109.08,23.71,history,536.78,1.0,733.07,513.07,220.0,0.0,733.07,513.07,220.0,-196.29
2025-11-30,SHP08518,CARC,CC-102,LTL,2025-11-11,2025-11-17,775.18,209.3,20.62,history,1005.1,1.0,984.48,984.48,0.0,0.0,984.48,984.48,0.0,20.62
2025-11-30,SHP08520,CARB,CC-102,LTL,2025-11-11,2025-11-14,652.27,176.11,23.71,history,852.09,1.0,925.79,830.79,95.0,0.0,925.79,830.79,95.0,-73.7
2025-11-30,SHP08525,CARD,CC-103,LTL,2025-11-11,2025-11-17,844.49,228.01,21.22,history,1093.72,1.0,1197.5,1072.5,125.0,0.0,1197.5,1072.5,125.0,-103.78
2025-11-30,SHP08532,CARD,CC-103,LTL,2025-11-12,2025-11-16,431.1,116.4,21.22,history,568.72,1.0,547.5,547.5,0.0,0.0,547.5,547.5,0.0,21.22
2025-11-30,SHP08536,CARA,CC-102,LTL,2025-11-12,2025-11-14,110.0,29.7,18.12,history,157.82,1.0,139.7,139.7,0.0,0.0,139.7,139.7,0.0,18.12
2025-11-30,SHP08544,CARG,CC-101,TL,2025-11-12,2025-11-13,450.0,97.48,17.43,history,564.91,1.0,547.48,547.48,0.0,0.0,547.48,547.48,0.0,17.43
2025-11-30,SHP08545,CARG,CC-101,TL,2025-11-12,2025-11-16,2614.43,582.43,17.43,history,3214.29,1.0,3196.86,3196.86,0.0,0.0,3196.86,3196.86,0.0,17.43
2025-11-30,SHP08547,CARD,CC-102,LTL,2025-11-12,2025-11-15,254.47,68.71,21.22,history,344.4,1.0,323.18,323.18,0.0,0.0,323.18,323.18,0.0,21.22
2025-11-30,SHP08548,CARB,CC-102,LTL,2025-11-12,2025-11-14,1035.35,279.54,23.71,history,1338.6,1.0,1314.89,1314.89,0.0,0.0,1314.89,1314.89,0.0,23.71
2025-11-30,SHP08549,CARD,CC-104,LTL,2025-11-12,2025-11-15,821.19,221.72,21.22,history,1064.13,1.0,1042.91,1042.91,0.0,0.0,1042.91,1042.91,0.0,21.22
2025-11-30,SHP08550,CARA,CC-104,LTL,2025-11-12,2025-11-17,1737.91,469.24,18.12,history,2225.27,1.0,2207.15,2207.15,0.0,0.0,2207.15,2207.15,0.0,18.12
2025-11-30,SHP08552,CARE,CC-105,LTL,2025-11-12,2025-11-14,266.73,72.02,19.5,history,358.25,1.0,338.91,338.91,0.0,0.0,338.91,338.91,0.0,19.34
2025-11-30,SHP08555,CARD,CC-102,LTL,2025-11-13,2025-11-14,297.8,80.41,21.22,history,399.43,1.0,378.13,378.13,0.0,0.0,378.13,378.13,0.0,21.3
2025-11-30,SHP08556,CARF,CC-104,TL,2025-11-13,2025-11-15,531.18,111.76,17.86,history,660.8,1.0,866.69,641.69,225.0,0.0,866.69,641.69,225.0,-205.89
2025-11-30,SHP08561,CARF,CC-103,TL,2025-11-13,2025-11-17,2781.68,590.31,17.86,history,3389.85,1.0,3381.52,3381.52,0.0,0.0,3381.52,3381.52,0.0,8.33
2025-11-30,SHP08562,CARH,CC-103,TL,2025-11-13,2025-11-17,3114.0,766.56,15.22,history,3895.78,1.0,3880.56,3880.56,0.0,0.0,3880.56,3880.56,0.0,15.22
2025-11-30,SHP08563,CARD,CC-105,LTL,2025-11-13,2025-11-16,202.29,54.62,21.22,history,278.13,1.0,256.91,256.91,0.0,0.0,256.91,256.91,0.0,21.22
2025-11-30,SHP08565,CARE,CC-103,LTL,2025-11-13,2025-11-16,1041.01,281.07,19.5,history,1341.58,1.0,1322.08,1322.08,0.0,0.0,1322.08,1322.08,0.0,19.5
2025-11-30,SHP08570,CARB,CC-101,LTL,2025-11-13,2025-11-15,568.77,153.57,23.71,history,746.05,1.0,817.34,722.34,95.0,0.0,817.34,722.34,95.0,-71.29
2025-11-30,SHP08571,CARE,CC-104,LTL,2025-11-13,2025-11-15,359.82,97.15,19.5,history,476.47,1.0,456.97,456.97,0.0,0.0,456.97,456.97,0.0,19.5
2025-11-30,SHP08572,CARF,CC-104,TL,2025-11-13,2025-11-15,531.18,111.76,17.86,history,660.8,1.0,642.94,642.94,0.0,0.0,642.94,642.94,0.0,17.86
2025-11-30,SHP08573,CARE,CC-101,LTL,2025-11-13,2025-11-17,824.33,222.57,19.5,history,1066.4,1.0,1046.9,1046.9,0.0,0.0,1046.9,1046.9,0.0,19.5
2025-11-30,SHP08574,CARD,CC-101,LTL,2025-11-13,2025-11-14,180.75,48.8,21.22,history,250.77,1.0,324.55,229.55,95.0,0.0,324.55,229.55,95.0,-73.78
2025-11-30,SHP08577,CARB,CC-105,LTL,2025-11-13,2025-11-19,4121.0,1112.67,23.71,history,5257.38,1.0,5233.67,5233.67,0.0,0.0,5233.67,5233.67,0.0,23.71
2025-11-30,SHP08578,CARD,CC-102,LTL,2025-11-13,2025-11-16,275.6,74.41,21.22,history,371.23,1.0,350.01,350.01,0.0,0.0,350.01,350.01,0.0,21.22
2025-11-30,SHP08580,CARC,CC-103,LTL,2025-11-13,2025-11-17,496.2,133.97,20.62,history,650.79,1.0,630.17,630.17,0.0,0.0,630.17,630.17,0.0,20.62
2025-11-30,SHP08581,CARA,CC-102,LTL,2025-11-13,2025-11-15,679.14,183.37,18.12,history,880.63,1.0,862.51,862.51,0.0,0.0,862.51,862.51,0.0,18.12
2025-11-30,SHP08582,CARA,CC-102,LTL,2025-11-13,2025-11-15,379.1,102.36,18.12,history,499.58,1.0,481.46,481.46,0.0,0.0,481.46,481.46,0.0,18.12
2025-11-30,SHP08583,CARE,CC-104,LTL,2025-11-13,2025-11-15,305.75,82.55,19.5,history,407.8,1.0,388.3,388.3,0.0,0.0,388.3,388.3,0.0,19.5
2025-11-30,SHP08585,CARE,CC-105,LTL,2025-11-13,2025-11-15,494.03,133.39,19.5,history,646.92,1.0,627.42,627.42,0.0,0.0,627.42,627.42,0.0,19.5
2025-11-30,SHP08588,CARB,CC-101,LTL,2025-11-13,2025-11-16,278.2,75.11,23.71,history,377.02,1.0,478.31,353.31,125.0,0.0,478.31,353.31,125.0,-101.29
2025-11-30,SHP08591,CARB,CC-101,LTL,2025-11-13,2025-11-17,538.58,145.42,23.71,history,707.71,1.0,806.67,806.67,0.0,0.0,806.67,806.67,0.0,-98.96
2025-11-30,SHP08594,CARB,CC-105,LTL,2025-11-14,2025-11-20,672.99,181.71,23.71,history,878.41,1.0,854.7,854.7,0.0,0.0,854.7,854.7,0.0,23.71
2025-11-30,SHP08596,CARE,CC-103,LTL,2025-11-14,2025-11-18,272.25,73.51,19.5,history,365.26,1.0,345.76,345.76,0.0,0.0,345.76,345.76,0.0,19.5
2025-11-30,SHP08597,CARH,CC-102,TL,2025-11-14,2025-11-17,1743.65,399.28,15.22,history,2158.15,1.0,2142.93,2142.93,0.0,0.0,2142.93,2142.93,0.0,15.22
2025-11-30,SHP08598,CARB,CC-103,LTL,2025-11-14,2025-11-18,2021.87,545.9,23.71,history,2591.48,1.0,2567.77,2567.77,0.0,0.0,2567.77,2567.77,0.0,23.71
2025-11-30,SHP08599,CARG,CC-102,TL,2025-11-14,2025-11-16,1620.42,353.0,17.43,history,1990.85,1.0,1973.42,1973.42,0.0,0.0,1973.42,1973.42,0.0,17.43
2025-11-30,SHP08602,CARD,CC-104,LTL,2025-11-14,2025-11-15,576.72,155.71,21.22,history,753.65,1.0,732.43,732.43,0.0,0.0,732.43,732.43,0.0,21.22
2025-11-30,SHP08603,CARB,CC-101,LTL,2025-11-14,2025-11-17,438.44,118.38,23.71,history,580.53,1.0,556.82,556.82,0.0,0.0,556.82,556.82,0.0,23.71
2025-11-30,SHP08604,CARF,CC-104,TL,2025-11-14,2025-11-16,451.13,96.99,17.86,history,565.98,1.0,548.12,548.12,0.0,0.0,548.12,548.12,0.0,17.86
2025-11-30,SHP08606,CARH,CC-103,TL,2025-11-14,2025-11-19,3699.41,915.25,15.22,history,4629.88,1.0,4614.66,4614.66,0.0,0.0,4614.66,4614.66,0.0,15.22
2025-11-30,SHP08608,CARE,CC-104,LTL,2025-11-14,2025-11-17,432.4,116.75,19.5,history,568.65,1.0,549.49,549.49,0.0,0.0,549.49,549.49,0.0,19.16
2025-11-30,SHP08609,CARH,CC-101,TL,2025-11-14,2025-11-18,3849.82,857.64,15.22,history,4722.68,1.0,4707.46,4707.46,0.0,0.0,4707.46,4707.46,0.0,15.22
2025-11-30,SHP08613,CARD,CC-104,LTL,2025-11-14,2025-11-17,273.36,73.81,21.22,history,368.39,1.0,347.17,347.17,0.0,0.0,347.17,347.17,0.0,21.22
2025-11-30,SHP08614,CARC,CC-101,LTL,2025-11-14,2025-11-19,557.45,150.51,20.62,history,728.58,1.0,707.96,707.96,0.0,0.0,707.96,707.96,0.0,20.62
2025-11-30,SHP08617,CARC,CC-101,LTL,2025-11-14,2025-11-17,1272.38,343.54,20.62,history,1636.54,1.0,1615.92,1615.92,0.0,0.0,1615.92,1615.92,0.0,20.62
2025-11-30,SHP08619,CARE,CC-105,LTL,2025-11-14,2025-11-16,287.58,77.65,19.5,history,384.73,1.0,365.23,365.23,0.0,0.0,365.23,365.23,0.0,19.5
2025-11-30,SHP08625,CARG,CC-104,TL,2025-11-14,2025-11-16,450.0,96.0,17.43,history,563.43,1.0,546.0,546.0,0.0,0.0,546.0,546.0,0.0,17.43
2025-11-30,SHP08626,CARG,CC-104,TL,2025-11-14,2025-11-17,1750.17,379.59,17.43,history,2147.19,1.0,2354.76,2129.76,225.0,0.0,2354.76,2129.76,225.0,-207.57
2025-11-30,SHP08630,CARB,CC-104,LTL,2025-11-14,2025-11-17,416.45,112.44,23.71,history,552.6,1.0,528.89,528.89,0.0,0.0,528.89,528.89,0.0,23.71
2025-11-30,SHP08632,CARH,CC-102,TL,2025-11-15,2025-11-16,555.12,126.53,15.22,history,696.87,1.0,906.65,681.65,225.0,0.0,906.65,681.65,225.0,-209.78
2025-11-30,SHP08633,CARB,CC-104,LTL,2025-11-15,2025-11-17,128.36,34.66,23.71,history,186.73,1.0,163.02,163.02,0.0,0.0,163.02,163.02,0.0,23.71
2025-11-30,SHP08636,CARA,CC-103,LTL,2025-11-15,2025-11-21,1030.56,278.25,18.12,history,1326.93,1.0,1308.81,1308.81,0.0,0.0,1308.81,1308.81,0.0,18.12
2025-11-30,SHP08637,CARH,CC-103,TL,2025-11-15,2025-11-18,3114.0,766.56,15.22,history,3895.78,1.0,3880.56,3880.56,0.0,0.0,3880.56,3880.56,0.0,15.22
2025-11-30,SHP08638,CARB,CC-102,LTL,2025-11-15,2025-11-17,204.02,55.09,23.71,history,282.82,1.0,354.11,259.11,95.0,0.0,354.11,259.11,95.0,-71.29
2025-11-30,SHP08639,CARA,CC-103,LTL,2025-11-15,2025-11-20,372.05,100.45,18.12,history,490.62,1.0,472.5,472.5,0.0,0.0,472.5,472.5,0.0,18.12
2025-11-30,SHP08640,CARE,CC-101,LTL,2025-11-15,2025-11-20,998.36,269.56,19.5,history,1287.42,1.0,1392.92,1267.92,125.0,0.0,1392.92,1267.92,125.0,-105.5
2025-11-30,SHP08641,CARB,CC-105,LTL,2025-11-15,2025-11-20,512.95,138.5,23.71,history,675.16,1.0,665.3,665.3,0.0,13.85,651.45,651.45,0.0,23.71
2025-11-30,SHP08644,CARB,CC-102,LTL,2025-11-15,2025-11-17,382.86,103.37,23.71,history,509.94,1.0,486.23,486.23,0.0,0.0,486.23,486.23,0.0,23.71
2025-11-30,SHP08645,CARB,CC-102,LTL,2025-11-15,2025-11-17,481.39,129.98,23.71,history,635.08,1.0,611.37,611.37,0.0,0.0,611.37,611.37,0.0,23.71
2025-11-30,SHP08647,CARG,CC-102,TL,2025-11-15,2025-11-18,1620.42,353.0,17.43,history,1990.85,1.0,1973.42,1973.42,0.0,0.0,1973.42,1973.42,0.0,17.43
2025-11-30,SHP08652,CARE,CC-101,LTL,2025-11-15,2025-11-17,123.36,33.31,19.5,history,176.17,1.0,156.67,156.67,0.0,0.0,156.67,156.67,0.0,19.5
2025-11-30,SHP08653,CARG,CC-101,TL,2025-11-15,2025-11-19,2614.43,582.43,17.43,history,3214.29,1.0,3271.86,3196.86,75.0,0.0,3271.86,3196.86,75.0,-57.57
2025-11-30,SHP08654,CARD,CC-102,LTL,2025-11-15,2025-11-16,358.8,96.88,21.22,history,476.9,1.0,455.88,455.88,0.0,0.0,455.88,455.88,0.0,21.02
2025-11-30,SHP08655,CARB,CC-104,LTL,2025-11-15,2025-11-19,443.49,119.74,23.71,history,586.94,1.0,563.23,563.23,0.0,0.0,563.23,563.23,0.0,23.71
2025-11-30,SHP08656,CARE,CC-101,LTL,2025-11-15,2025-11-20,475.87,128.48,19.5,history,623.85,1.0,604.35,604.35,0.0,0.0,604.35,604.35,0.0,19.5
2025-11-30,SHP08657,CARC,CC-103,LTL,2025-11-15,2025-11-19,1786.5,482.36,20.62,history,2289.48,1.0,2268.86,2268.86,0.0,0.0,2268.86,2268.86,0.0,20.62
2025-11-30,SHP08659,CARB,CC-104,LTL,2025-11-15,2025-11-22,983.88,265.65,23.71,history,1273.24,1.0,1249.53,1249.53,0.0,0.0,1249.53,1249.53,0.0,23.71
2025-11-30,SHP08660,CARD,CC-103,LTL,2025-11-15,2025-11-18,148.63,40.13,21.22,history,209.98,1.0,188.76,188.76,0.0,0.0,188.76,188.76,0.0,21.22
2025-11-30,SHP08661,CARH,CC-101,TL,2025-11-15,2025-11-16,968.31,234.84,15.22,history,1218.37,1.0,1203.15,1203.15,0.0,0.0,1203.15,1203.15,0.0,15.22
2025-11-30,SHP08662,CARB,CC-102,LTL,2025-11-15,2025-11-19,1471.77,397.38,23.71,history,1892.86,1.0,2136.15,2136.15,0.0,267.0,1869.15,1869.15,0.0,23.71
2025-11-30,SHP08663,CARG,CC-104,TL,2025-11-16,2025-11-17,1087.75,233.86,17.43,history,1339.04,1.0,1322.32,1322.32,0.0,0.0,1322.32,1322.32,0.0,16.72
2025-11-30,SHP08664,CARE,CC-104,LTL,2025-11-16,2025-11-19,652.04,176.05,19.5,history,847.59,1.0,827.45,827.45,0.0,0.0,827.45,827.45,0.0,20.14
2025-11-30,SHP08665,CARA,CC-101,LTL,2025-11-16,2025-11-21,1632.77,440.85,18.12,history,2091.74,1.0,2073.62,2073.62,0.0,0.0,2073.62,2073.62,0.0,18.12
2025-11-30,SHP08667,CARB,CC-104,LTL,2025-11-16,2025-11-18,110.0,29.7,23.71,history,163.41,1.0,234.7,139.7,95.0,0.0,234.7,139.7,95.0,-71.29
2025-11-30,SHP08668,CARD,CC-102,LTL,2025-11-16,2025-11-17,158.32,42.75,21.22,history,222.29,1.0,201.07,201.07,0.0,0.0,201.07,201.07,0.0,21.22
2025-11-30,SHP08670,CARE,CC-105,LTL,2025-11-16,2025-11-21,1225.67,330.93,19.5,history,1576.1,1.0,1556.6,1556.6,0.0,0.0,1556.6,1556.6,0.0,19.5
2025-11-30,SHP08671,CARC,CC-101,LTL,2025-11-16,2025-11-19,188.07,50.78,20.62,history,259.47,1.0,238.85,238.85,0.0,0.0,238.85,238.85,0.0,20.62
2025-11-30,SHP08672,CARB,CC-102,LTL,2025-11-16,2025-11-19,1546.5,417.56,23.71,history,1987.77,1.0,1964.06,1964.06,0.0,0.0,1964.06,1964.06,0.0,23.71
2025-11-30,SHP08673,CARD,CC-103,LTL,2025-11-16,2025-11-19,884.86,238.91,21.22,history,1144.99,1.0,1123.77,1123.77,0.0,0.0,1123.77,1123.77,0.0,21.22
2025-11-30,SHP08678,CARA,CC-101,LTL,2025-11-16,2025-11-21,267.21,72.15,18.12,history,357.48,1.0,339.36,339.36,0.0,0.0,339.36,339.36,0.0,18.12
2025-11-30,SHP08680,CARC,CC-102,LTL,2025-11-16,2025-11-21,2517.37,679.69,20.62,history,3217.68,1.0,3292.06,3197.06,95.0,0.0,3292.06,3197.06,95.0,-74.38
2025-11-30,SHP08682,CARA,CC-104,LTL,2025-11-16,2025-11-18,396.56,107.07,18.12,history,521.75,1.0,503.63,503.63,0.0,0.0,503.63,503.63,0.0,18.12
2025-11-30,SHP08683,CARC,CC-104,LTL,2025-11-16,2025-11-22,322.76,87.15,20.62,history,430.53,1.0,534.91,409.91,125.0,0.0,534.91,409.91,125.0,-104.38
2025-11-30,SHP08684,CARD,CC-105,LTL,2025-11-16,2025-11-19,1263.84,341.24,21.22,history,1626.3,1.0,1605.08,1605.08,0.0,0.0,1605.08,1605.08,0.0,21.22
2025-11-30,SHP08685,CARB,CC-104,LTL,2025-11-16,2025-11-22,940.96,254.06,23.71,history,1218.73,1.0,1290.02,1195.02,95.0,0.0,1290.02,1195.02,95.0,-71.29
2025-11-30,SHP08687,CARD,CC-102,LTL,2025-11-16,2025-11-18,213.87,57.74,21.22,history,292.83,1.0,271.61,271.61,0.0,0.0,271.61,271.61,0.0,21.22
2025-11-30,SHP08689,CARD,CC-102,LTL,2025-11-16,2025-11-18,472.43,127.56,21.22,history,621.21,1.0,600.46,600.46,0.0,0.0,600.46,600.46,0.0,20.75
2025-11-30,SHP08692,CARE,CC-104,LTL,2025-11-16,2025-11-19,939.99,253.8,19.5,history,1213.29,1.0,1193.79,1193.79,0.0,0.0,1193.79,1193.79,0.0,19.5
2025-11-30,SHP08693,CARB,CC-102,LTL,2025-11-16,2025-11-19,744.83,201.1,23.71,history,969.64,1.0,945.93,945.93,0.0,0.0,945.93,945.93,0.0,23.71
2025-11-30,SHP08694,CARF,CC-101,TL,2025-11-16,2025-11-20,2457.46,542.55,17.86,history,3017.87,1.0,3014.1,3014.1,0.0,0.0,3014.1,3014.1,0.0,3.77
2025-11-30,SHP08695,CARA,CC-101,LTL,2025-11-17,2025-11-22,630.4,164.53,18.12,history,813.05,1.0,794.08,794.08,0.0,0.0,794.08,794.08,0.0,18.97
2025-11-30,SHP08696,CARB,CC-101,LTL,2025-11-17,2025-11-18,208.05,54.3,23.71,history,286.06,1.0,357.35,262.35,95.0,0.0,357.35,262.35,95.0,-71.29
2025-11-30,SHP08698,CARE,CC-104,LTL,2025-11-17,2025-11-19,283.91,74.1,19.5,history,377.51,1.0,358.01,358.01,0.0,0.0,358.01,358.01,0.0,19.5
2025-11-30,SHP08700,CARB,CC-105,LTL,2025-11-17,2025-11-20,1641.0,428.3,23.71,history,2093.01,1.0,2069.3,2069.3,0.0,0.0,2069.3,2069.3,0.0,23.71
2025-11-30,SHP08701,CARD,CC-105,LTL,2025-11-17,2025-11-20,203.05,53.0,21.22,history,277.27,1.0,256.05,256.05,0.0,0.0,256.05,256.05,0.0,21.22
2025-11-30,SHP08703,CARA,CC-103,LTL,2025-11-17,2025-11-23,1262.57,329.53,18.12,history,1610.22,1.0,1592.1,1592.1,0.0,0.0,1592.1,1592.1,0.0,18.12
2025-11-30,SHP08704,CARA,CC-105,LTL,2025-11-17,2025-11-22,935.54,244.18,18.12,history,1197.84,1.0,1179.72,1179.72,0.0,0.0,1179.72,1179.72,0.0,18.12
2025-11-30,SHP08705,CARA,CC-102,LTL,2025-11-17,2025-11-18,523.06,136.52,18.12,history,677.7,1.0,784.58,659.58,125.0,0.0,784.58,659.58,125.0,-106.88
2025-11-30,SHP08707,CARE,CC-101,LTL,2025-11-17,2025-11-19,141.93,37.04,19.5,history,198.47,1.0,186.78,186.78,0.0,7.81,178.97,178.97,0.0,19.5
2025-11-30,SHP08708,CARC,CC-102,LTL,2025-11-17,2025-11-19,347.81,90.78,20.62,history,459.21,1.0,438.59,438.59,0.0,0.0,438.59,438.59,0.0,20.62
2025-11-30,SHP08709,CARE,CC-105,LTL,2025-11-17,2025-11-19,317.5,82.87,19.5,history,419.87,1.0,400.37,400.37,0.0,0.0,400.37,400.37,0.0,19.5
2025-11-30,SHP08710,CARD,CC-101,LTL,2025-11-17,2025-11-19,110.0,28.71,21.22,history,159.93,1.0,138.71,138.71,0.0,0.0,138.71,138.71,0.0,21.22
2025-11-30,SHP08711,CARC,CC-102,LTL,2025-11-17,2025-11-22,255.05,66.57,20.62,history,342.24,1.0,321.62,321.62,0.0,0.0,321.62,321.62,0.0,20.62
2025-11-30,SHP08713,CARC,CC-103,LTL,2025-11-17,2025-11-20,118.24,30.86,20.62,history,169.72,1.0,149.1,149.1,0.0,0.0,149.1,149.1,0.0,20.62
2025-11-30,SHP08715,CARD,CC-104,LTL,2025-11-17,2025-11-19,110.0,28.71,21.22,history,159.93,1.0,138.71,138.71,0.0,0.0,138.71,138.71,0.0,21.22
2025-11-30,SHP08716,CARE,CC-104,LTL,2025-11-17,2025-11-20,267.75,69.88,19.5,history,357.13,1.0,462.63,337.63,125.0,0.0,462.63,337.63,125.0,-105.5
2025-11-30,SHP08717,CARH,CC-102,TL,2025-11-17,2025-11-21,3850.12,907.26,15.22,history,4772.6,2.0,9514.76,9514.76,0.0,4757.38,4757.38,4757.38,0.0,15.22
2025-11-30,SHP08718,CARC,CC-104,LTL,2025-11-17,2025-11-19,487.25,127.17,20.62,history,635.04,1.0,834.42,614.42,220.0,95.0,739.42,614.42,125.0,-104.38
2025-11-30,SHP08719,CARA,CC-104,LTL,2025-11-17,2025-11-22,819.58,213.91,18.12,history,1051.61,1.0,1033.49,1033.49,0.0,0.0,1033.49,1033.49,0.0,18.12
2025-11-30,SHP08720,CARA,CC-103,LTL,2025-11-17,2025-11-22,443.2,115.68,18.12,history,577.0,1.0,683.88,558.88,125.0,125.0,558.88,558.88,0.0,18.12
2025-11-30,SHP08721,CARC,CC-101,LTL,2025-11-17,2025-11-20,329.17,85.91,20.62,history,435.7,1.0,415.08,415.08,0.0,0.0,415.08,415.08,0.0,20.62
2025-11-30,SHP08723,CARG,CC-101,TL,2025-11-18,2025-11-22,4656.96,989.6,17.43,history,5663.99,1.0,5646.56,5646.56,0.0,0.0,5646.56,5646.56,0.0,17.43
2025-11-30,SHP08724,CARF,CC-104,TL,2025-11-18,2025-11-24,5564.8,1127.17,17.86,history,6709.83,1.0,6691.97,6691.97,0.0,0.0,6691.97,6691.97,0.0,17.86
2025-11-30,SHP08725,CARD,CC-105,LTL,2025-11-18,2025-11-20,110.0,28.71,21.22,history,159.93,1.0,138.71,138.71,0.0,0.0,138.71,138.71,0.0,21.22
2025-11-30,SHP08726,CARB,CC-101,LTL,2025-11-18,2025-11-19,194.85,50.86,23.71,history,269.42,1.0,245.71,245.71,0.0,0.0,245.71,245.71,0.0,23.71
2025-11-30,SHP08727,CARG,CC-101,TL,2025-11-18,2025-11-20,1614.45,335.58,17.43,history,1967.46,1.0,1949.52,1949.52,0.0,0.0,1949.52,1949.52,0.0,17.94
2025-11-30,SHP08728,CARE,CC-101,LTL,2025-11-18,2025-11-19,110.0,28.71,19.5,history,158.21,1.0,138.71,138.71,0.0,0.0,138.71,138.71,0.0,19.5
2025-11-30,SHP08729,CARH,CC-102,TL,2025-11-18,2025-11-20,1194.93,267.04,15.22,history,1477.19,1.0,1461.97,1461.97,0.0,0.0,1461.97,1461.97,0.0,15.22
2025-11-30,SHP08730,CARF,CC-105,TL,2025-11-18,2025-11-20,1866.76,376.52,17.86,history,2261.14,1.0,2243.28,2243.28,0.0,0.0,2243.28,2243.28,0.0,17.86
2025-11-30,SHP08732,CARA,CC-102,LTL,2025-11-18,2025-11-21,312.59,81.59,18.12,history,412.3,1.0,394.18,394.18,0.0,0.0,394.18,394.18,0.0,18.12
2025-11-30,SHP08733,CARG,CC-102,TL,2025-11-18,2025-11-21,3150.84,691.15,17.43,history,3859.42,1.0,3841.99,3841.99,0.0,0.0,3841.99,3841.99,0.0,17.43
2025-11-30,SHP08734,CARA,CC-101,LTL,2025-11-18,2025-11-21,741.73,193.59,18.12,history,953.44,2.0,1870.64,1870.64,0.0,935.32,935.32,935.32,0.0,18.12
2025-11-30,SHP08735,CARC,CC-104,LTL,2025-11-18,2025-11-24,540.5,141.07,20.62,history,702.19,1.0,683.15,683.15,0.0,0.0,683.15,683.15,0.0,19.04
2025-11-30,SHP08736,CARB,CC-104,LTL,2025-11-18,2025-11-24,1147.69,299.55,23.71,history,1470.95,1.0,1447.24,1447.24,0.0,0.0,1447.24,1447.24,0.0,23.71
2025-11-30,SHP08737,CARD,CC-105,LTL,2025-11-18,2025-11-20,274.52,71.65,21.22,history,367.39,1.0,346.17,346.17,0.0,0.0,346.17,346.17,0.0,21.22
2025-11-30,SHP08739,CARB,CC-102,LTL,2025-11-18,2025-11-20,300.4,78.4,23.71,history,402.51,1.0,378.8,378.8,0.0,0.0,378.8,378.8,0.0,23.71
2025-11-30,SHP08740,CARH,CC-104,TL,2025-11-18,2025-11-19,872.0,190.4,15.22,history,1077.62,1.0,1062.4,1062.4,0.0,0.0,1062.4,1062.4,0.0,15.22
2025-11-30,SHP08741,CARE,CC-105,LTL,2025-11-18,2025-11-19,110.0,28.71,19.5,history,158.21,1.0,148.51,148.51,0.0,9.8,138.71,138.71,0.0,19.5
2025-11-30,SHP08742,CARH,CC-101,TL,2025-11-18,2025-11-23,3849.82,829.19,15.22,history,4694.23,1.0,4679.01,4679.01,0.0,0.0,4679.01,4679.01,0.0,15.22
2025-11-30,SHP08743,CARC,CC-104,LTL,2025-11-18,2025-11-21,424.23,110.72,20.62,history,555.57,1.0,534.95,534.95,0.0,0.0,534.95,534.95,0.0,20.62
2025-11-30,SHP08745,CARB,CC-104,LTL,2025-11-18,2025-11-21,270.6,70.63,23.71,history,364.94,1.0,341.23,341.23,0.0,0.0,341.23,341.23,0.0,23.71
2025-11-30,SHP08746,CARC,CC-104,LTL,2025-11-18,2025-11-24,1163.23,303.6,20.62,history,1487.45,1.0,1466.83,1466.83,0.0,0.0,1466.83,1466.83,0.0,20.62
2025-11-30,SHP08747,CARD,CC-104,LTL,2025-11-18,2025-11-19,110.0,28.71,21.22,history,159.93,1.0,138.71,138.71,0.0,0.0,138.71,138.71,0.0,21.22
2025-11-30,SHP08748,CARB,CC-105,LTL,2025-11-18,2025-11-24,262.56,68.53,23.71,history,354.8,1.0,331.09,331.09,0.0,0.0,331.09,331.09,0.0,23.71
2025-11-30,SHP08749,CARB,CC-101,LTL,2025-11-18,2025-11-22,827.95,216.09,23.71,history,1067.75,1.0,1169.04,1044.04,125.0,0.0,1169.04,1044.04,125.0,-101.29
2025-11-30,SHP08750,CARC,CC-104,LTL,2025-11-18,2025-11-24,349.66,91.26,20.62,history,461.54,1.0,440.92,440.92,0.0,0.0,440.92,440.92,0.0,20.62
2025-11-30,SHP08751,CARE,CC-105,LTL,2025-11-18,2025-11-22,650.25,169.72,19.5,history,839.47,1.0,819.97,819.97,0.0,0.0,819.97,819.97,0.0,19.5
2025-11-30,SHP08753,CARH,CC-102,TL,2025-11-18,2025-11-23,3850.12,907.26,15.22,history,4772.6,2.0,9514.76,9514.76,0.0,4757.38,4757.38,4757.38,0.0,15.22
2025-11-30,SHP08755,CARG,CC-105,TL,2025-11-18,2025-11-21,3118.98,648.31,17.43,history,3784.72,1.0,3767.29,3767.29,0.0,0.0,3767.29,3767.29,0.0,17.43
2025-11-30,SHP08756,CARE,CC-104,LTL,2025-11-18,2025-11-20,584.55,152.57,19.5,history,756.62,1.0,737.12,737.12,0.0,0.0,737.12,737.12,0.0,19.5
2025-11-30,SHP08757,CARC,CC-104,LTL,2025-11-19,2025-11-21,198.0,51.68,20.62,history,270.3,1.0,249.68,249.68,0.0,0.0,249.68,249.68,0.0,20.62
2025-11-30,SHP08759,CARD,CC-104,LTL,2025-11-19,2025-11-21,230.38,60.13,21.22,history,311.73,1.0,301.28,301.28,0.0,10.77,290.51,290.51,0.0,21.22
2025-11-30,SHP08760,CARD,CC-102,LTL,2025-11-19,2025-11-22,241.8,63.11,21.22,history,326.13,1.0,399.91,304.91,95.0,0.0,399.91,304.91,95.0,-73.78
2025-11-30,SHP08761,CARE,CC-103,LTL,2025-11-19,2025-11-21,964.86,251.83,19.5,history,1236.19,1.0,1436.69,1216.69,220.0,125.0,1311.69,1216.69,95.0,-75.5
2025-11-30,SHP08762,CARB,CC-105,LTL,2025-11-19,2025-11-22,303.9,79.32,23.71,history,406.93,1.0,478.22,383.22,95.0,0.0,478.22,383.22,95.0,-71.29
2025-11-30,SHP08764,CARG,CC-105,TL,2025-11-19,2025-11-22,1225.91,276.56,17.43,history,1519.9,1.0,1502.47,1502.47,0.0,0.0,1502.47,1502.47,0.0,17.43
2025-11-30,SHP08765,CARD,CC-103,LTL,2025-11-19,2025-11-21,368.0,96.05,21.22,history,485.27,1.0,464.05,464.05,0.0,0.0,464.05,464.05,0.0,21.22
2025-11-30,SHP08766,CARD,CC-102,LTL,2025-11-19,2025-11-22,521.1,136.01,21.22,history,678.33,1.0,752.11,657.11,95.0,0.0,752.11,657.11,95.0,-73.78
2025-11-30,SHP08767,CARE,CC-104,LTL,2025-11-19,2025-11-21,1316.31,343.56,19.5,history,1679.37,1.0,1659.87,1659.87,0.0,0.0,1659.87,1659.87,0.0,19.5
2025-11-30,SHP08768,CARA,CC-102,LTL,2025-11-19,2025-11-21,117.24,30.6,18.12,history,165.96,1.0,147.84,147.84,0.0,0.0,147.84,147.84,0.0,18.12
2025-11-30,SHP08770,CARH,CC-104,TL,2025-11-19,2025-11-20,872.0,190.4,15.22,history,1077.62,1.0,1061.95,1061.95,0.0,0.0,1061.95,1061.95,0.0,15.67
2025-11-30,SHP08771,CARE,CC-105,LTL,2025-11-19,2025-11-24,1075.56,280.72,19.5,history,1375.78,1.0,1356.28,1356.28,0.0,0.0,1356.28,1356.28,0.0,19.5
2025-11-30,SHP08772,CARC,CC-104,LTL,2025-11-19,2025-11-25,556.72,145.3,20.62,history,722.64,1.0,702.02,702.02,0.0,0.0,702.02,702.02,0.0,20.62
2025-11-30,SHP08773,CARD,CC-102,LTL,2025-11-19,2025-11-22,1205.36,314.6,21.22,history,1541.18,1.0,1519.96,1519.96,0.0,0.0,1519.96,1519.96,0.0,21.22
2025-11-30,SHP08774,CARD,CC-102,LTL,2025-11-19,2025-11-22,110.0,28.71,21.22,history,159.93,1.0,138.71,138.71,0.0,0.0,138.71,138.71,0.0,21.22
2025-11-30,SHP08775,CARC,CC-102,LTL,2025-11-19,2025-11-21,290.66,75.86,20.62,history,387.14,1.0,366.64,366.64,0.0,0.0,366.64,366.64,0.0,20.5
2025-11-30,SHP08776,CARB,CC-101,LTL,2025-11-19,2025-11-20,319.49,83.39,23.71,history,426.59,1.0,408.63,408.63,0.0,5.75,402.88,402.88,0.0,23.71
2025-11-30,SHP08777,CARC,CC-103,LTL,2025-11-19,2025-11-21,605.29,157.98,20.62,history,783.89,1.0,763.27,763.27,0.0,0.0,763.27,763.27,0.0,20.62
2025-11-30,SHP08778,CARG,CC-104,TL,2025-11-19,2025-11-21,1087.75,226.1,17.43,history,1331.28,1.0,1313.85,1313.85,0.0,0.0,1313.85,1313.85,0.0,17.43
2025-11-30,SHP08779,CARF,CC-104,TL,2025-11-19,2025-11-22,1279.04,271.8,17.86,history,1568.7,1.0,1550.84,1550.84,0.0,0.0,1550.84,1550.84,0.0,17.86
2025-11-30,SHP08781,CARA,CC-103,LTL,2025-11-19,2025-11-23,545.92,142.49,18.12,history,706.53,1.0,688.41,688.41,0.0,0.0,688.41,688.41,0.0,18.12
2025-11-30,SHP08782,CARB,CC-101,LTL,2025-11-19,2025-11-20,338.2,88.27,23.71,history,450.18,1.0,426.4,426.4,0.0,0.0,426.4,426.4,0.0,23.78
2025-11-30,SHP08783,CARE,CC-102,LTL,2025-11-19,2025-11-21,284.72,74.31,19.5,history,378.53,1.0,484.03,359.03,125.0,0.0,484.03,359.03,125.0,-105.5
2025-11-30,SHP08784,CARA,CC-105,LTL,2025-11-19,2025-11-21,381.6,99.6,18.12,history,499.32,1.0,481.2,481.2,0.0,0.0,481.2,481.2,0.0,18.12
2025-11-30,SHP08785,CARE,CC-101,LTL,2025-11-19,2025-11-24,3616.49,943.9,19.5,history,4579.89,1.0,4560.39,4560.39,0.0,0.0,4560.39,4560.39,0.0,19.5
2025-11-30,SHP08786,CARD,CC-105,LTL,2025-11-19,2025-11-22,203.05,53.0,21.22,history,277.27,1.0,256.05,256.05,0.0,0.0,256.05,256.05,0.0,21.22
2025-11-30,SHP08787,CARD,CC-105,LTL,2025-11-20,2025-11-22,366.24,95.59,21.22,history,483.05,1.0,461.83,461.83,0.0,0.0,461.83,461.83,0.0,21.22
2025-11-30,SHP08789,CARE,CC-105,LTL,2025-11-20,2025-11-22,148.61,38.79,19.5,history,206.9,1.0,187.4,187.4,0.0,0.0,187.4,187.4,0.0,19.5
2025-11-30,SHP08790,CARB,CC-101,LTL,2025-11-20,2025-11-26,837.83,218.67,23.71,history,1080.21,1.0,1056.5,1056.5,0.0,0.0,1056.5,1056.5,0.0,23.71
2025-11-30,SHP08791,CARG,CC-104,TL,2025-11-20,2025-11-22,1750.17,367.0,17.43,history,2134.6,1.0,2117.17,2117.17,0.0,0.0,2117.17,2117.17,0.0,17.43
2025-11-30,SHP08792,CARB,CC-101,LTL,2025-11-20,2025-11-25,221.49,57.81,23.71,history,303.01,1.0,279.3,279.3,0.0,0.0,279.3,279.3,0.0,23.71
2025-11-30,SHP08794,CARB,CC-102,LTL,2025-11-20,2025-11-21,284.89,74.36,23.71,history,382.96,1.0,359.25,359.25,0.0,0.0,359.25,359.25,0.0,23.71
2025-11-30,SHP08795,CARC,CC-102,LTL,2025-11-20,2025-11-23,695.35,181.49,20.62,history,897.46,1.0,876.84,876.84,0.0,0.0,876.84,876.84,0.0,20.62
2025-11-30,SHP08797,CARC,CC-102,LTL,2025-11-20,2025-11-23,570.2,148.82,20.62,history,739.64,1.0,920.01,825.01,95.0,105.99,814.02,719.02,95.0,-74.38
2025-11-30,SHP08798,CARB,CC-102,LTL,2025-11-20,2025-11-22,823.46,214.92,23.71,history,1062.09,1.0,1258.38,1038.38,220.0,0.0,1258.38,1038.38,220.0,-196.29
2025-11-30,SHP08799,CARD,CC-101,LTL,2025-11-20,2025-11-22,162.02,42.29,21.22,history,225.53,1.0,204.31,204.31,0.0,0.0,204.31,204.31,0.0,21.22
2025-11-30,SHP08800,CARF,CC-104,TL,2025-11-20,2025-11-25,4072.32,865.37,17.86,history,4955.55,1.0,4937.69,4937.69,0.0,0.0,4937.69,4937.69,0.0,17.86
2025-11-30,SHP08801,CARF,CC-104,TL,2025-11-20,2025-11-25,4710.56,950.1,17.86,history,5678.52,1.0,5660.66,5660.66,0.0,0.0,5660.66,5660.66,0.0,17.86
2025-11-30,SHP08802,CARB,CC-102,LTL,2025-11-20,2025-11-22,151.8,39.62,23.71,history,215.13,1.0,191.42,191.42,0.0,0.0,191.42,191.42,0.0,23.71
2025-11-30,SHP08803,CARD,CC-103,LTL,2025-11-20,2025-11-23,366.89,95.76,21.22,history,483.87,1.0,462.65,462.65,0.0,0.0,462.65,462.65,0.0,21.22
2025-11-30,SHP08804,CARD,CC-105,LTL,2025-11-20,2025-11-22,1931.25,504.06,21.22,history,2456.53,1.0,2435.31,2435.31,0.0,0.0,2435.31,2435.31,0.0,21.22
2025-11-30,SHP08805,CARC,CC-102,LTL,2025-11-20,2025-11-22,639.96,167.03,20.62,history,827.61,1.0,806.99,806.99,0.0,0.0,806.99,806.99,0.0,20.62
2025-11-30,SHP08806,CARH,CC-101,TL,2025-11-20,2025-11-22,968.31,227.05,15.22,history,1210.58,1.0,1195.36,1195.36,0.0,0.0,1195.36,1195.36,0.0,15.22
2025-11-30,SHP08807,CARE,CC-105,LTL,2025-11-20,2025-11-21,615.0,160.52,19.5,history,795.02,1.0,775.52,775.52,0.0,0.0,775.52,775.52,0.0,19.5
2025-11-30,SHP08808,CARF,CC-101,TL,2025-11-20,2025-11-23,3432.0,680.68,17.86,history,4130.54,1.0,4112.68,4112.68,0.0,0.0,4112.68,4112.68,0.0,17.86
2025-11-30,SHP08809,CARE,CC-104,LTL,2025-11-20,2025-11-22,299.04,78.05,19.5,history,396.59,1.0,420.54,420.54,0.0,43.45,377.09,377.09,0.0,19.5
2025-11-30,SHP08810,CARB,CC-101,LTL,2025-11-20,2025-11-21,114.48,29.88,23.71,history,168.07,1.0,144.78,144.78,0.0,0.0,144.78,144.78,0.0,23.29
2025-11-30,SHP08811,CARB,CC-104,LTL,2025-11-20,2025-11-22,151.0,39.41,23.71,history,214.12,1.0,190.41,190.41,0.0,0.0,190.41,190.41,0.0,23.71
2025-11-30,SHP08812,CARB,CC-102,LTL,2025-11-20,2025-11-22,238.8,62.33,23.71,history,324.84,1.0,396.25,301.25,95.0,0.0,396.25,301.25,95.0,-71.41
2025-11-30,SHP08813,CARB,CC-101,LTL,2025-11-20,2025-11-23,644.55,168.23,23.71,history,836.49,1.0,815.4,815.4,0.0,0.0,815.4,815.4,0.0,21.09
2025-11-30,SHP08814,CARB,CC-104,LTL,2025-11-20,2025-11-23,299.99,78.3,23.71,history,402.0,1.0,378.29,378.29,0.0,0.0,378.29,378.29,0.0,23.71
2025-11-30,SHP08815,CARC,CC-101,LTL,2025-11-20,2025-11-22,367.61,95.95,20.62,history,484.18,1.0,496.23,496.23,0.0,32.92,463.31,463.31,0.0,20.87
2025-11-30,SHP08816,CARE,CC-102,LTL,2025-11-20,2025-11-25,480.4,125.38,19.5,history,625.28,1.0,605.78,605.78,0.0,0.0,605.78,605.78,0.0,19.5
2025-11-30,SHP08818,CARC,CC-104,LTL,2025-11-20,2025-11-23,340.2,88.79,20.62,history,449.61,1.0,428.99,428.99,0.0,0.0,428.99,428.99,0.0,20.62
2025-11-30,SHP08819,CARA,CC-103,LTL,2025-11-20,2025-11-23,339.5,88.61,18.12,history,446.23,1.0,553.11,428.11,125.0,0.0,553.11,428.11,125.0,-106.88
2025-11-30,SHP08820,CARD,CC-102,LTL,2025-11-20,2025-11-23,348.63,90.99,21.22,history,460.84,1.0,439.62,439.62,0.0,0.0,439.62,439.62,0.0,21.22
2025-11-30,SHP08822,CARA,CC-105,LTL,2025-11-20,2025-11-26,1120.68,292.5,18.12,history,1431.3,1.0,1414.71,1414.71,0.0,0.0,1414.71,1414.71,0.0,16.59
2025-11-30,SHP08824,CARG,CC-101,TL,2025-11-20,2025-11-23,2614.43,563.11,17.43,history,3194.97,1.0,3182.53,3182.53,0.0,0.0,3182.53,3182.53,0.0,12.44
2025-11-30,SHP08826,CARA,CC-104,LTL,2025-11-21,2025-11-27,1338.4,349.32,18.12,history,1705.84,1.0,1907.72,1687.72,220.0,0.0,1907.72,1687.72,220.0,-201.88
2025-11-30,SHP08827,CARA,CC-103,LTL,2025-11-21,2025-11-23,207.72,54.21,18.12,history,280.05,1.0,261.93,261.93,0.0,0.0,261.93,261.93,0.0,18.12
2025-11-30,SHP08828,CARA,CC-103,LTL,2025-11-21,2025-11-23,443.08,115.64,18.12,history,576.84,1.0,778.72,558.72,220.0,0.0,778.72,558.72,220.0,-201.88
2025-11-30,SHP08829,CARH,CC-102,TL,2025-11-21,2025-11-25,3850.12,907.26,15.22,history,4772.6,1.0,4757.38,4757.38,0.0,0.0,4757.38,4757.38,0.0,15.22
2025-11-30,SHP08830,CARC,CC-104,LTL,2025-11-21,2025-11-27,1107.67,289.1,20.62,history,1417.39,1.0,1396.5,1396.5,0.0,0.0,1396.5,1396.5,0.0,20.89
2025-11-30,SHP08831,CARB,CC-103,LTL,2025-11-21,2025-11-25,1442.13,376.4,23.71,history,1842.24,1.0,1913.53,1818.53,95.0,0.0,1913.53,1818.53,95.0,-71.29
2025-11-30,SHP08832,CARA,CC-103,LTL,2025-11-21,2025-11-25,139.63,36.44,18.12,history,194.19,1.0,176.07,176.07,0.0,0.0,176.07,176.07,0.0,18.12
2025-11-30,SHP08833,CARD,CC-102,LTL,2025-11-21,2025-11-24,540.47,141.06,21.22,history,702.75,1.0,681.53,681.53,0.0,0.0,681.53,681.53,0.0,21.22
2025-11-30,SHP08834,CARE,CC-101,LTL,2025-11-21,2025-11-25,1298.56,338.92,19.5,history,1656.98,1.0,1633.8,1633.8,0.0,0.0,1633.8,1633.8,0.0,23.18
2025-11-30,SHP08835,CARC,CC-101,LTL,2025-11-21,2025-11-24,408.6,106.64,20.62,history,535.86,1.0,514.3,514.3,0.0,0.0,514.3,514.3,0.0,21.56
2025-11-30,SHP08836,CARE,CC-105,LTL,2025-11-21,2025-11-23,267.52,69.82,19.5,history,356.84,1.0,337.34,337.34,0.0,0.0,337.34,337.34,0.0,19.5
2025-11-30,SHP08838,CARF,CC-102,TL,2025-11-21,2025-11-22,1231.2,244.19,17.86,history,1493.25,1.0,1475.39,1475.39,0.0,0.0,1475.39,1475.39,0.0,17.86
2025-11-30,SHP08839,CARE,CC-104,LTL,2025-11-21,2025-11-23,605.2,157.96,19.5,history,782.66,1.0,763.16,763.16,0.0,0.0,763.16,763.16,0.0,19.5
2025-11-30,SHP08840,CARB,CC-102,LTL,2025-11-21,2025-11-23,238.8,62.33,23.71,history,324.84,1.0,396.13,301.13,95.0,0.0,396.13,301.13,95.0,-71.29
2025-11-30,SHP08841,CARD,CC-105,LTL,2025-11-21,2025-11-23,290.36,75.78,21.22,history,387.36,1.0,404.55,404.55,0.0,0.0,404.55,404.55,0.0,-17.19
2025-11-30,SHP08842,CARH,CC-102,TL,2025-11-21,2025-11-22,555.12,122.33,15.22,history,692.67,1.0,677.45,677.45,0.0,0.0,677.45,677.45,0.0,15.22
2025-11-30,SHP08844,CARD,CC-104,LTL,2025-11-21,2025-11-23,227.38,59.35,21.22,history,307.95,1.0,286.73,286.73,0.0,0.0,286.73,286.73,0.0,21.22
2025-11-30,SHP08845,CARD,CC-104,LTL,2025-11-21,2025-11-27,1493.0,389.67,21.22,history,1903.89,1.0,1882.67,1882.67,0.0,0.0,1882.67,1882.67,0.0,21.22
2025-11-30,SHP08846,CARB,CC-102,LTL,2025-11-21,2025-11-24,135.65,35.4,23.71,history,194.76,1.0,171.05,171.05,0.0,0.0,171.05,171.05,0.0,23.71
2025-11-30,SHP08847,CARB,CC-103,LTL,2025-11-21,2025-11-24,505.9,132.04,23.71,history,661.65,1.0,637.94,637.94,0.0,0.0,637.94,637.94,0.0,23.71
2025-11-30,SHP08848,CARA,CC-102,LTL,2025-11-21,2025-11-26,454.42,118.6,18.12,history,591.14,1.0,668.02,573.02,95.0,0.0,668.02,573.02,95.0,-76.88
2025-11-30,SHP08849,CARG,CC-102,TL,2025-11-21,2025-11-22,825.6,182.78,17.43,history,1025.81,1.0,1008.38,1008.38,0.0,0.0,1008.38,1008.38,0.0,17.43
2025-11-30,SHP08850,CARF,CC-103,TL,2025-11-21,2025-11-23,2355.42,505.04,17.86,history,2878.32,1.0,2860.46,2860.46,0.0,0.0,2860.46,2860.46,0.0,17.86
2025-11-30,SHP08851,CARA,CC-101,LTL,2025-11-21,2025-11-25,803.3,209.66,18.12,history,1031.08,1.0,1014.99,1014.99,0.0,0.0,1014.99,1014.99,0.0,16.09
2025-11-30,SHP08852,CARD,CC-103,LTL,2025-11-21,2025-11-27,1712.11,446.86,21.22,history,2180.19,1.0,2283.97,2158.97,125.0,0.0,2283.97,2158.97,125.0,-103.78
2025-11-30,SHP08853,CARA,CC-102,LTL,2025-11-21,2025-11-24,523.06,136.52,18.12,history,677.7,2.0,1319.16,1319.16,0.0,659.58,659.58,659.58,0.0,18.12
2025-11-30,SHP08855,CARH,CC-103,TL,2025-11-22,2025-11-26,3114.0,741.13,15.22,history,3870.35,1.0,3855.13,3855.13,0.0,0.0,3855.13,3855.13,0.0,15.22
2025-11-30,SHP08856,CARB,CC-102,LTL,2025-11-22,2025-11-27,925.6,241.58,23.71,history,1190.89,1.0,1262.18,1167.18,95.0,95.0,1167.18,1167.18,0.0,23.71
2025-11-30,SHP08857,CARE,CC-103,LTL,2025-11-22,2025-11-26,771.17,201.28,19.5,history,991.95,1.0,1097.45,972.45,125.0,125.0,972.45,972.45,0.0,19.5
2025-11-30,SHP08858,CARB,CC-103,LTL,2025-11-22,2025-11-25,962.99,251.34,23.71,history,1238.04,1.0,1213.72,1213.72,0.0,0.0,1213.72,1213.72,0.0,24.32
2025-11-30,SHP08859,CARG,CC-101,TL,2025-11-22,2025-11-26,3031.08,717.81,17.43,history,3766.32,1.0,3748.89,3748.89,0.0,0.0,3748.89,3748.89,0.0,17.43
2025-11-30,SHP08860,CARH,CC-101,TL,2025-11-22,2025-11-24,968.31,227.05,15.22,history,1210.58,1.0,1195.36,1195.36,0.0,0.0,1195.36,1195.36,0.0,15.22
2025-11-30,SHP08861,CARF,CC-104,TL,2025-11-22,2025-11-25,1694.04,353.67,17.86,history,2065.57,1.0,2047.71,2047.71,0.0,0.0,2047.71,2047.71,0.0,17.86
2025-11-30,SHP08862,CARC,CC-101,LTL,2025-11-22,2025-11-24,399.3,104.22,20.62,history,524.14,1.0,503.52,503.52,0.0,0.0,503.52,503.52,0.0,20.62
2025-11-30,SHP08863,CARB,CC-101,LTL,2025-11-22,2025-11-23,127.68,33.32,23.71,history,184.71,1.0,161.0,161.0,0.0,0.0,161.0,161.0,0.0,23.71
2025-11-30,SHP08864,CARC,CC-103,LTL,2025-11-22,2025-11-26,2752.5,718.4,20.62,history,3491.52,1.0,3470.9,3470.9,0.0,0.0,3470.9,3470.9,0.0,20.62
2025-11-30,SHP08865,CARE,CC-105,LTL,2025-11-22,2025-11-26,971.6,253.59,19.5,history,1244.69,1.0,1225.19,1225.19,0.0,0.0,1225.19,1225.19,0.0,19.5
2025-11-30,SHP08866,CARA,CC-102,LTL,2025-11-22,2025-11-25,1365.0,356.26,18.12,history,1739.38,1.0,1721.26,1721.26,0.0,0.0,1721.26,1721.26,0.0,18.12
2025-11-30,SHP08867,CARF,CC-104,TL,2025-11-22,2025-11-27,5564.8,1127.17,17.86,history,6709.83,1.0,6691.97,6691.97,0.0,0.0,6691.97,6691.97,0.0,17.86
2025-11-30,SHP08868,CARD,CC-104,LTL,2025-11-22,2025-11-23,236.8,61.8,21.22,history,319.82,1.0,393.82,298.82,95.0,0.0,393.82,298.82,95.0,-74.0
2025-11-30,SHP08869,CARA,CC-103,LTL,2025-11-22,2025-11-27,931.13,243.02,18.12,history,1192.27,1.0,1299.15,1174.15,125.0,0.0,1299.15,1174.15,125.0,-106.88
2025-11-30,SHP08870,CARC,CC-104,LTL,2025-11-22,2025-11-24,157.43,41.09,20.62,history,219.14,1.0,293.52,198.52,95.0,0.0,293.52,198.52,95.0,-74.38
2025-11-30,SHP08871,CARC,CC-104,LTL,2025-11-22,2025-11-24,301.69,78.74,20.62,history,401.05,1.0,380.86,380.86,0.0,0.0,380.86,380.86,0.0,20.19
2025-11-30,SHP08872,CARC,CC-102,LTL,2025-11-22,2025-11-28,4198.5,1095.81,20.62,history,5314.93,1.0,5300.49,5300.49,0.0,0.0,5300.49,5300.49,0.0,14.44
2025-11-30,SHP08873,CARG,CC-102,TL,2025-11-22,2025-11-25,3150.84,691.15,17.43,history,3859.42,1.0,3841.99,3841.99,0.0,0.0,3841.99,3841.99,0.0,17.43
2025-11-30,SHP08874,CARE,CC-101,LTL,2025-11-22,2025-11-23,324.4,84.67,19.5,history,428.57,1.0,409.07,409.07,0.0,0.0,409.07,409.07,0.0,19.5
2025-11-30,SHP08875,CARC,CC-103,LTL,2025-11-22,2025-11-25,535.8,139.84,20.62,history,696.26,1.0,677.3,677.3,0.0,0.0,677.3,677.3,0.0,18.96
2025-11-30,SHP08876,CARA,CC-103,LTL,2025-11-22,2025-11-27,443.46,115.74,18.12,history,577.32,1.0,684.2,559.2,125.0,0.0,684.2,559.2,125.0,-106.88
2025-11-30,SHP08877,CARB,CC-104,LTL,2025-11-22,2025-11-28,3510.0,916.11,23.71,history,4449.82,1.0,4426.11,4426.11,0.0,0.0,4426.11,4426.11,0.0,23.71
2025-11-30,SHP08878,CARC,CC-102,LTL,2025-11-22,2025-11-26,426.39,111.29,20.62,history,558.3,1.0,536.58,536.58,0.0,0.0,536.58,536.58,0.0,21.72
2025-11-30,SHP08879,CARG,CC-102,TL,2025-11-22,2025-11-24,1782.92,400.32,17.43,history,2200.67,1.0,2188.22,2188.22,0.0,0.0,2188.22,2188.22,0.0,12.45
2025-11-30,SHP08880,CARD,CC-104,LTL,2025-11-22,2025-11-28,3161.5,825.15,21.22,history,4007.87,1.0,4081.65,3986.65,95.0,0.0,4081.65,3986.65,95.0,-73.78
2025-11-30,SHP08881,CARB,CC-102,LTL,2025-11-22,2025-11-24,981.5,256.17,23.71,history,1261.38,1.0,1237.67,1237.67,0.0,0.0,1237.67,1237.67,0.0,23.71
2025-11-30,SHP08882,CARD,CC-101,LTL,2025-11-22,2025-11-24,237.0,61.86,21.22,history,320.08,1.0,518.86,298.86,220.0,0.0,518.86,298.86,220.0,-198.78
2025-11-30,SHP08883,CARC,CC-101,LTL,2025-11-22,2025-11-27,337.85,88.18,20.62,history,446.65,1.0,426.03,426.03,0.0,0.0,426.03,426.03,0.0,20.62
2025-11-30,SHP08884,CARB,CC-104,LTL,2025-11-22,2025-11-24,110.0,28.71,23.71,history,162.42,1.0,138.71,138.71,0.0,0.0,138.71,138.71,0.0,23.71
2025-11-30,SHP08885,CARB,CC-105,LTL,2025-11-22,2025-11-25,800.78,209.0,23.71,history,1033.49,1.0,1009.78,1009.78,0.0,0.0,1009.78,1009.78,0.0,23.71
2025-11-30,SHP08886,CARC,CC-102,LTL,2025-11-23,2025-11-26,993.15,259.21,20.62,history,1272.98,1.0,1252.36,1252.36,0.0,0.0,1252.36,1252.36,0.0,20.62
2025-11-30,SHP08887,CARB,CC-102,LTL,2025-11-23,2025-11-25,322.63,84.21,23.71,history,430.55,1.0,406.84,406.84,0.0,0.0,406.84,406.84,0.0,23.71
2025-11-30,SHP08888,CARA,CC-105,LTL,2025-11-23,2025-11-25,213.94,55.84,18.12,history,287.9,1.0,269.78,269.78,0.0,0.0,269.78,269.78,0.0,18.12
2025-11-30,SHP08889,CARE,CC-102,LTL,2025-11-23,2025-11-25,342.54,89.4,19.5,history,451.44,1.0,431.94,431.94,0.0,0.0,431.94,431.94,0.0,19.5
2025-11-30,SHP08890,CARA,CC-102,LTL,2025-11-23,2025-11-26,1754.06,457.81,18.12,history,2229.99,1.0,2306.87,2211.87,95.0,0.0,2306.87,2211.87,95.0,-76.88
2025-11-30,SHP08891,CARF,CC-101,TL,2025-11-23,2025-11-26,3432.0,680.68,17.86,history,4130.54,1.0,4112.68,4112.68,0.0,0.0,4112.68,4112.68,0.0,17.86
2025-11-30,SHP08892,CARF,CC-103,TL,2025-11-23,2025-11-26,2925.24,610.71,17.86,history,3553.81,1.0,3535.95,3535.95,0.0,0.0,3535.95,3535.95,0.0,17.86
2025-11-30,SHP08893,CARE,CC-104,LTL,2025-11-23,2025-11-25,485.1,126.61,19.5,history,631.21,1.0,611.71,611.71,0.0,0.0,611.71,611.71,0.0,19.5
2025-11-30,SHP08894,CARH,CC-102,TL,2025-11-23,2025-11-26,1308.34,297.98,15.22,history,1621.54,1.0,1681.32,1606.32,75.0,75.0,1606.32,1606.32,0.0,15.22
2025-11-30,SHP08895,CARD,CC-104,LTL,2025-11-23,2025-11-24,121.43,31.69,21.22,history,174.34,1.0,153.12,153.12,0.0,0.0,153.12,153.12,0.0,21.22
2025-11-30,SHP08896,CARD,CC-102,LTL,2025-11-23,2025-11-25,298.62,77.94,21.22,history,397.78,1.0,376.75,376.75,0.0,0.0,376.75,376.75,0.0,21.03
2025-11-30,SHP08897,CARB,CC-102,LTL,2025-11-23,2025-11-25,275.05,71.79,23.71,history,370.55,1.0,346.6,346.6,0.0,0.0,346.6,346.6,0.0,23.95
2025-11-30,SHP08898,CARA,CC-102,LTL,2025-11-23,2025-11-24,369.0,96.31,18.12,history,483.43,1.0,465.31,465.31,0.0,0.0,465.31,465.31,0.0,18.12
2025-11-30,SHP08899,CARE,CC-104,LTL,2025-11-23,2025-11-26,110.0,28.71,19.5,history,158.21,1.0,138.76,138.76,0.0,0.0,138.76,138.76,0.0,19.45
2025-11-30,SHP08900,CARA,CC-101,LTL,2025-11-23,2025-11-25,157.89,41.21,18.12,history,217.22,1.0,199.1,199.1,0.0,0.0,199.1,199.1,0.0,18.12
2025-11-30,SHP08901,CARA,CC-105,LTL,2025-11-23,2025-11-25,305.84,79.82,18.12,history,403.78,1.0,480.66,385.66,95.0,0.0,480.66,385.66,95.0,-76.88
2025-11-30,SHP08902,CARG,CC-103,TL,2025-11-23,2025-11-27,3133.35,706.86,17.43,history,3857.64,1.0,3840.21,3840.21,0.0,0.0,3840.21,3840.21,0.0,17.43
2025-11-30,SHP08903,CARG,CC-101,TL,2025-11-23,2025-11-24,621.96,135.18,17.43,history,774.57,1.0,757.14,757.14,0.0,0.0,757.14,757.14,0.0,17.43
2025-11-30,SHP08904,CARD,CC-105,LTL,2025-11-23,2025-11-25,600.4,156.7,21.22,history,778.32,1.0,757.1,757.1,0.0,0.0,757.1,757.1,0.0,21.22
2025-11-30,SHP08905,CARG,CC-102,TL,2025-11-23,2025-11-26,1782.92,400.32,17.43,history,2200.67,1.0,2183.24,2183.24,0.0,0.0,2183.24,2183.24,0.0,17.43
2025-11-30,SHP08906,CARB,CC-103,LTL,2025-11-23,2025-11-27,2032.79,530.56,23.71,history,2587.06,1.0,2563.35,2563.35,0.0,0.0,2563.35,2563.35,0.0,23.71
2025-11-30,SHP08907,CARH,CC-103,TL,2025-11-24,2025-11-29,3699.41,875.59,15.22,history,4590.22,1.0,4575.0,4575.0,0.0,0.0,4575.0,4575.0,0.0,15.22
2025-11-30,SHP08908,CARA,CC-101,LTL,2025-11-24,2025-11-29,1541.08,388.35,18.12,history,1947.55,1.0,1929.43,1929.43,0.0,0.0,1929.43,1929.43,0.0,18.12
2025-11-30,SHP08909,CARD,CC-103,LTL,2025-11-24,2025-11-27,597.26,150.51,21.22,history,768.99,1.0,872.77,747.77,125.0,0.0,872.77,747.77,125.0,-103.78
2025-11-30,SHP08910,CARC,CC-101,LTL,2025-11-24,2025-11-27,1645.31,414.62,20.62,history,2080.55,2.0,4119.86,4119.86,0.0,2059.93,2059.93,2059.93,0.0,20.62
2025-11-30,SHP08911,CARB,CC-104,LTL,2025-11-24,2025-11-26,181.8,45.81,23.71,history,251.32,1.0,227.61,227.61,0.0,0.0,227.61,227.61,0.0,23.71
2025-11-30,SHP08912,CARD,CC-102,LTL,2025-11-24,2025-11-27,246.83,62.2,21.22,history,330.25,1.0,309.03,309.03,0.0,0.0,309.03,309.03,0.0,21.22
2025-11-30,SHP08913,CARA,CC-104,LTL,2025-11-24,2025-11-29,1237.64,311.89,18.12,history,1567.65,1.0,1644.53,1549.53,95.0,0.0,1644.53,1549.53,95.0,-76.88
2025-11-30,SHP08914,CARC,CC-102,LTL,2025-11-24,2025-11-26,566.31,142.71,20.62,history,729.64,2.0,1418.04,1418.04,0.0,709.02,709.02,709.02,0.0,20.62
2025-11-30,SHP08915,CARD,CC-105,LTL,2025-11-24,2025-11-26,1151.25,290.12,21.22,history,1462.59,1.0,1566.37,1441.37,125.0,0.0,1566.37,1441.37,125.0,-103.78
2025-11-30,SHP08916,CARE,CC-104,LTL,2025-11-24,2025-11-26,286.65,72.24,19.5,history,378.39,1.0,358.89,358.89,0.0,0.0,358.89,358.89,0.0,19.5
2025-11-30,SHP08917,CARA,CC-103,LTL,2025-11-24,2025-11-30,1243.23,313.29,18.12,history,1574.64,1.0,1556.06,1556.06,0.0,0.0,1556.06,1556.06,0.0,18.58
2025-11-30,SHP08918,CARC,CC-101,LTL,2025-11-24,2025-11-26,138.16,34.82,20.62,history,193.6,1.0,172.98,172.98,0.0,0.0,172.98,172.98,0.0,20.62
2025-11-30,SHP08919,CARA,CC-102,LTL,2025-11-24,2025-11-28,657.5,165.69,18.12,history,841.31,1.0,918.19,823.19,95.0,0.0,918.19,823.19,95.0,-76.88
2025-11-30,SHP08920,CARG,CC-103,TL,2025-11-24,2025-11-28,2272.56,524.69,17.43,history,2814.68,1.0,2797.25,2797.25,0.0,0.0,2797.25,2797.25,0.0,17.43
2025-11-30,SHP08921,CARC,CC-104,LTL,2025-11-24,2025-11-26,224.8,56.65,20.62,history,302.07,1.0,319.42,319.42,0.0,37.97,281.45,281.45,0.0,20.62
2025-11-30,SHP08922,CARC,CC-101,LTL,2025-11-24,2025-11-27,712.78,179.62,20.62,history,913.02,1.0,987.4,892.4,95.0,0.0,987.4,892.4,95.0,-74.38
2025-11-30,SHP08923,CARE,CC-105,LTL,2025-11-24,2025-11-25,211.06,53.19,19.5,history,283.75,1.0,264.25,264.25,0.0,0.0,264.25,264.25,0.0,19.5
2025-11-30,SHP08924,CARC,CC-101,LTL,2025-11-24,2025-11-28,424.34,106.93,20.62,history,551.89,1.0,626.27,531.27,95.0,0.0,626.27,531.27,95.0,-74.38
2025-11-30,SHP08925,CARD,CC-105,LTL,2025-11-24,2025-11-25,122.73,30.93,21.22,history,174.88,1.0,153.65,153.65,0.0,0.0,153.65,153.65,0.0,21.23
2025-11-30,SHP08926,CARB,CC-102,LTL,2025-11-24,2025-11-27,123.28,31.07,23.71,history,178.06,1.0,154.53,154.53,0.0,0.0,154.53,154.53,0.0,23.53
2025-11-30,SHP08927,CARF,CC-103,TL,2025-11-24,2025-11-28,2781.68,564.73,17.86,history,3364.27,1.0,3346.41,3346.41,0.0,0.0,3346.41,3346.41,0.0,17.86
2025-11-30,SHP08928,CARH,CC-101,TL,2025-11-24,2025-11-28,3849.82,820.48,15.22,history,4685.52,1.0,4670.3,4670.3,0.0,0.0,4670.3,4670.3,0.0,15.22
2025-11-30,SHP08929,CARB,CC-102,LTL,2025-11-24,2025-11-25,110.0,27.72,23.71,history,161.43,1.0,137.72,137.72,0.0,0.0,137.72,137.72,0.0,23.71
2025-11-30,SHP08930,CARC,CC-101,LTL,2025-11-24,2025-11-26,146.77,36.99,20.62,history,204.38,1.0,183.76,183.76,0.0,0.0,183.76,183.76,0.0,20.62
2025-11-30,SHP08931,CARB,CC-104,LTL,2025-11-24,2025-11-26,171.38,43.19,23.71,history,238.28,1.0,309.57,214.57,95.0,0.0,309.57,214.57,95.0,-71.29
2025-11-30,SHP08932,CARB,CC-102,LTL,2025-11-24,2025-11-26,624.2,157.3,23.71,history,805.21,1.0,876.5,781.5,95.0,0.0,876.5,781.5,95.0,-71.29
2025-11-30,SHP08933,CARA,CC-102,LTL,2025-11-24,2025-11-27,1313.61,331.03,18.12,history,1662.76,1.0,1644.64,1644.64,0.0,0.0,1644.64,1644.64,0.0,18.12
2025-11-30,SHP08934,CARD,CC-102,LTL,2025-11-24,2025-11-26,110.0,27.72,21.22,history,158.94,1.0,262.72,137.72,125.0,0.0,262.72,137.72,125.0,-103.78
2025-11-30,SHP08935,CARG,CC-103,TL,2025-11-24,2025-11-28,3133.35,699.43,17.43,history,3850.21,1.0,3832.78,3832.78,0.0,0.0,3832.78,3832.78,0.0,17.43
2025-11-30,SHP08936,CARG,CC-101,TL,2025-11-24,2025-11-26,450.0,93.26,17.43,history,560.69,1.0,543.26,543.26,0.0,0.0,543.26,543.26,0.0,17.43
2025-11-30,SHP08937,CARD,CC-105,LTL,2025-11-24,2025-11-27,493.85,124.45,21.22,history,639.52,1.0,618.3,618.3,0.0,0.0,618.3,618.3,0.0,21.22
2025-11-30,SHP08938,CARE,CC-105,LTL,2025-11-24,2025-11-25,128.71,32.43,19.5,history,180.64,1.0,161.04,161.04,0.0,0.0,161.04,161.04,0.0,19.6
2025-11-30,SHP08939,CARA,CC-104,LTL,2025-11-24,2025-11-30,1194.33,300.97,18.12,history,1513.42,1.0,1590.3,1495.3,95.0,0.0,1590.3,1495.3,95.0,-76.88
2025-11-30,SHP08940,CARB,CC-102,LTL,2025-11-25,2025-11-28,574.9,144.87,23.71,history,743.48,1.0,719.77,719.77,0.0,0.0,719.77,719.77,0.0,23.71
2025-11-30,SHP08941,CARA,CC-104,LTL,2025-11-25,2025-11-30,1338.4,337.28,18.12,history,1693.8,1.0,1675.68,1675.68,0.0,0.0,1675.68,1675.68,0.0,18.12
2025-11-30,SHP08943,CARD,CC-105,LTL,2025-11-25,2025-11-27,202.01,50.91,21.22,history,274.14,1.0,252.8,252.8,0.0,0.0,252.8,252.8,0.0,21.34
2025-11-30,SHP08944,CARD,CC-103,LTL,2025-11-25,2025-11-30,328.56,82.8,21.22,history,432.58,1.0,411.36,411.36,0.0,0.0,411.36,411.36,0.0,21.22
2025-11-30,SHP08945,CARB,CC-102,LTL,2025-11-25,2025-11-27,346.66,87.36,23.71,history,457.73,1.0,434.02,434.02,0.0,0.0,434.02,434.02,0.0,23.71
2025-11-30,SHP08946,CARG,CC-105,TL,2025-11-25,2025-11-27,1254.24,293.9,17.43,history,1565.57,1.0,1548.14,1548.14,0.0,0.0,1548.14,1548.14,0.0,17.43
2025-11-30,SHP08947,CARG,CC-105,TL,2025-11-25,2025-11-26,519.2,111.16,17.43,history,647.79,1.0,630.36,630.36,0.0,0.0,630.36,630.36,0.0,17.43
2025-11-30,SHP08948,CARG,CC-104,TL,2025-11-25,2025-11-26,450.0,91.84,17.43,history,559.27,1.0,540.42,540.42,0.0,0.0,540.42,540.42,0.0,18.85
2025-11-30,SHP08949,CARA,CC-102,LTL,2025-11-25,2025-11-29,435.27,109.69,18.12,history,563.08,1.0,544.96,544.96,0.0,0.0,544.96,544.96,0.0,18.12
2025-11-30,SHP08950,CARG,CC-101,TL,2025-11-25,2025-11-27,1614.45,332.05,17.43,history,1963.93,1.0,2077.87,2077.87,0.0,131.37,1946.5,1946.5,0.0,17.43
2025-11-30,SHP08951,CARD,CC-101,LTL,2025-11-25,2025-11-26,110.0,27.72,21.22,history,158.94,1.0,137.72,137.72,0.0,0.0,137.72,137.72,0.0,21.22
2025-11-30,SHP08952,CARC,CC-103,LTL,2025-11-25,2025-11-28,529.8,133.51,20.62,history,683.93,1.0,663.31,663.31,0.0,0.0,663.31,663.31,0.0,20.62
2025-11-30,SHP08954,CARB,CC-101,LTL,2025-11-25,2025-11-29,543.9,137.06,23.71,history,704.67,1.0,680.96,680.96,0.0,0.0,680.96,680.96,0.0,23.71
2025-11-30,SHP08955,CARH,CC-102,TL,2025-11-25,2025-11-26,555.12,121.05,15.22,history,691.39,1.0,676.17,676.17,0.0,0.0,676.17,676.17,0.0,15.22
2025-11-30,SHP08956,CARC,CC-102,LTL,2025-11-25,2025-11-27,253.05,63.77,20.62,history,337.44,1.0,316.82,316.82,0.0,0.0,316.82,316.82,0.0,20.62
2025-11-30,SHP08957,CARC,CC-101,LTL,2025-11-25,2025-11-28,803.74,202.54,20.62,history,1026.9,1.0,1006.28,1006.28,0.0,0.0,1006.28,1006.28,0.0,20.62
2025-11-30,SHP08958,CARE,CC-101,LTL,2025-11-25,2025-11-29,943.58,237.78,19.5,history,1200.86,2.0,2362.72,2362.72,0.0,1181.36,1181.36,1181.36,0.0,19.5
2025-11-30,SHP08959,CARB,CC-104,LTL,2025-11-25,2025-11-26,564.34,142.21,23.71,history,730.26,1.0,706.55,706.55,0.0,0.0,706.55,706.55,0.0,23.71
2025-11-30,SHP08960,CARE,CC-101,LTL,2025-11-25,2025-11-29,875.94,220.74,19.5,history,1116.18,1.0,1099.05,1099.05,0.0,0.0,1099.05,1099.05,0.0,17.13
2025-11-30,SHP08961,CARB,CC-103,LTL,2025-11-25,2025-11-28,968.16,243.98,23.71,history,1235.85,1.0,1211.23,1211.23,0.0,0.0,1211.23,1211.23,0.0,24.62
2025-11-30,SHP08962,CARG,CC-102,TL,2025-11-25,2025-11-29,3150.84,683.89,17.43,history,3852.16,1.0,4059.73,3834.73,225.0,0.0,4059.73,3834.73,225.0,-207.57
2025-11-30,SHP08963,CARA,CC-103,LTL,2025-11-25,2025-11-30,649.8,163.75,18.12,history,831.67,1.0,813.55,813.55,0.0,0.0,813.55,813.55,0.0,18.12
2025-11-30,SHP08964,CARD,CC-103,LTL,2025-11-25,2025-11-29,365.71,92.16,21.22,history,479.09,1.0,457.87,457.87,0.0,0.0,457.87,457.87,0.0,21.22
2025-11-30,SHP08965,CARB,CC-104,LTL,2025-11-25,2025-11-27,110.0,27.72,23.71,history,161.43,1.0,137.72,137.72,0.0,0.0,137.72,137.72,0.0,23.71
2025-11-30,SHP08966,CARE,CC-105,LTL,2025-11-26,2025-11-27,141.15,35.57,19.5,history,196.22,1.0,176.72,176.72,0.0,0.0,176.72,176.72,0.0,19.5
2025-11-30,SHP08967,CARA,CC-102,LTL,2025-11-26,2025-11-30,1372.21,345.8,18.12,history,1736.13,1.0,1718.01,1718.01,0.0,0.0,1718.01,1718.01,0.0,18.12
2025-11-30,SHP08968,CARA,CC-105,LTL,2025-11-26,2025-11-29,308.11,77.64,18.12,history,403.87,1.0,385.75,385.75,0.0,0.0,385.75,385.75,0.0,18.12
2025-11-30,SHP08969,CARC,CC-101,LTL,2025-11-26,2025-11-28,656.42,165.42,20.62,history,842.46,1.0,916.84,821.84,95.0,0.0,916.84,821.84,95.0,-74.38
2025-11-30,SHP08970,CARD,CC-104,LTL,2025-11-26,2025-11-27,142.26,35.85,21.22,history,199.33,1.0,178.04,178.04,0.0,0.0,178.04,178.04,0.0,21.29
2025-11-30,SHP08971,CARG,CC-103,TL,2025-11-26,2025-11-30,3133.35,699.43,17.43,history,3850.21,1.0,3832.78,3832.78,0.0,0.0,3832.78,3832.78,0.0,17.43
2025-11-30,SHP08972,CARF,CC-101,TL,2025-11-26,2025-11-28,711.9,148.36,17.86,history,878.12,1.0,860.26,860.26,0.0,0.0,860.26,860.26,0.0,17.86
2025-11-30,SHP08973,CARC,CC-101,LTL,2025-11-26,2025-11-29,273.09,68.82,20.62,history,362.53,1.0,341.91,341.91,0.0,0.0,341.91,341.91,0.0,20.62
2025-11-30,SHP08975,CARH,CC-102,TL,2025-11-26,2025-11-27,555.12,121.05,15.22,history,691.39,1.0,676.17,676.17,0.0,0.0,676.17,676.17,0.0,15.22
2025-11-30,SHP08976,CARF,CC-103,TL,2025-11-26,2025-11-30,2781.68,564.73,17.86,history,3364.27,1.0,3346.41,3346.41,0.0,0.0,3346.41,3346.41,0.0,17.86
2025-11-30,SHP08977,CARC,CC-101,LTL,2025-11-26,2025-11-29,288.0,72.58,20.62,history,381.2,1.0,360.58,360.58,0.0,0.0,360.58,360.58,0.0,20.62
2025-11-30,SHP08978,CARB,CC-104,LTL,2025-11-26,2025-11-28,228.8,57.66,23.71,history,310.17,1.0,333.43,333.43,0.0,46.98,286.45,286.45,0.0,23.72
2025-11-30,SHP08979,CARD,CC-104,LTL,2025-11-26,2025-11-28,167.03,42.09,21.22,history,230.34,1.0,209.12,209.12,0.0,0.0,209.12,209.12,0.0,21.22
2025-11-30,SHP08980,CARB,CC-104,LTL,2025-11-26,2025-11-28,129.58,32.65,23.71,history,185.94,1.0,162.23,162.23,0.0,0.0,162.23,162.23,0.0,23.71
2025-11-30,SHP08981,CARA,CC-103,LTL,2025-11-26,2025-11-29,233.52,58.85,18.12,history,310.49,1.0,292.37,292.37,0.0,0.0,292.37,292.37,0.0,18.12
2025-11-30,SHP08982,CARC,CC-104,LTL,2025-11-26,2025-11-28,123.55,31.13,20.62,history,175.3,1.0,154.52,154.52,0.0,0.0,154.52,154.52,0.0,20.78
2025-11-30,SHP08983,CARD,CC-102,LTL,2025-11-26,2025-11-29,785.0,197.82,21.22,history,1004.04,1.0,1077.82,982.82,95.0,0.0,1077.82,982.82,95.0,-73.78
2025-11-30,SHP08984,CARE,CC-104,LTL,2025-11-26,2025-11-28,357.7,90.14,19.5,history,467.34,1.0,542.84,447.84,95.0,0.0,542.84,447.84,95.0,-75.5
2025-11-30,SHP08986,CARE,CC-104,LTL,2025-11-26,2025-11-29,165.85,41.79,19.5,history,227.14,1.0,207.64,207.64,0.0,0.0,207.64,207.64,0.0,19.5
2025-11-30,SHP08988,CARE,CC-105,LTL,2025-11-26,2025-11-28,643.0,162.04,19.5,history,824.54,1.0,805.04,805.04,0.0,0.0,805.04,805.04,0.0,19.5
2025-11-30,SHP08989,CARE,CC-104,LTL,2025-11-26,2025-11-28,376.6,94.9,19.5,history,491.0,1.0,506.86,506.86,0.0,0.0,506.86,506.86,0.0,-15.86
2025-11-30,SHP08990,CARB,CC-102,LTL,2025-11-26,2025-11-29,372.3,93.82,23.71,history,489.83,1.0,466.12,466.12,0.0,0.0,466.12,466.12,0.0,23.71
2025-11-30,SHP08991,CARE,CC-102,LTL,2025-11-26,2025-11-30,321.08,80.91,19.5,history,421.49,1.0,402.28,402.28,0.0,0.0,402.28,402.28,0.0,19.21
2025-11-30,SHP08992,CARD,CC-105,LTL,2025-11-26,2025-11-28,648.73,163.48,21.22,history,833.43,1.0,812.21,812.21,0.0,0.0,812.21,812.21,0.0,21.22
2025-11-30,SHP08993,CARB,CC-102,LTL,2025-11-26,2025-11-29,325.64,82.06,23.71,history,431.41,1.0,408.83,408.83,0.0,0.0,408.83,408.83,0.0,22.58
2025-11-30,SHP08994,CARD,CC-102,LTL,2025-11-26,2025-11-28,498.78,125.69,21.22,history,645.69,1.0,624.47,624.47,0.0,0.0,624.47,624.47,0.0,21.22
2025-11-30,SHP08996,CARF,CC-104,TL,2025-11-27,2025-11-30,1694.04,349.95,17.86,history,2061.85,1.0,2043.99,2043.99,0.0,0.0,2043.99,2043.99,0.0,17.86
2025-11-30,SHP08997,CARC,CC-101,LTL,2025-11-27,2025-11-29,184.1,46.39,20.62,history,251.11,1.0,230.49,230.49,0.0,0.0,230.49,230.49,0.0,20.62
2025-11-30,SHP08998,CARD,CC-104,LTL,2025-11-27,2025-11-28,320.98,80.89,21.22,history,423.09,1.0,401.87,401.87,0.0,0.0,401.87,401.87,0.0,21.22
2025-11-30,SHP09000,CARD,CC-105,LTL,2025-11-27,2025-11-29,280.0,70.56,21.22,history,371.78,1.0,475.56,350.56,125.0,0.0,475.56,350.56,125.0,-103.78
2025-11-30,SHP09001,CARB,CC-102,LTL,2025-11-27,2025-11-29,194.97,49.13,23.71,history,267.81,1.0,243.54,243.54,0.0,0.0,243.54,243.54,0.0,24.27
2025-11-30,SHP09002,CARH,CC-102,TL,2025-11-27,2025-11-30,1743.65,381.98,15.22,history,2140.85,1.0,2125.63,2125.63,0.0,0.0,2125.63,2125.63,0.0,15.22
2025-11-30,SHP09003,CARA,CC-101,LTL,2025-11-27,2025-11-30,173.97,43.84,18.12,history,235.93,1.0,217.81,217.81,0.0,0.0,217.81,217.81,0.0,18.12
2025-11-30,SHP09004,CARG,CC-101,TL,2025-11-27,2025-11-29,1614.45,332.05,17.43,history,1963.93,1.0,1946.5,1946.5,0.0,0.0,1946.5,1946.5,0.0,17.43
2025-11-30,SHP09005,CARG,CC-104,TL,2025-11-27,2025-11-28,450.0,91.84,17.43,history,559.27,1.0,541.84,541.84,0.0,0.0,541.84,541.84,0.0,17.43
2025-11-30,SHP09006,CARA,CC-104,LTL,2025-11-27,2025-11-29,282.51,71.19,18.12,history,371.82,1.0,478.7,353.7,125.0,0.0,478.7,353.7,125.0,-106.88
2025-11-30,SHP09008,CARC,CC-103,LTL,2025-11-27,2025-11-30,517.45,130.4,20.62,history,668.47,1.0,647.85,647.85,0.0,0.0,647.85,647.85,0.0,20.62
2025-11-30,SHP09009,CARC,CC-103,LTL,2025-11-27,2025-11-30,330.61,83.31,20.62,history,434.54,1.0,413.92,413.92,0.0,0.0,413.92,413.92,0.0,20.62
2025-11-30,SHP09011,CARF,CC-104,TL,2025-11-27,2025-11-29,451.13,92.79,17.86,history,561.78,1.0,543.92,543.92,0.0,0.0,543.92,543.92,0.0,17.86
2025-11-30,SHP09012,CARD,CC-103,LTL,2025-11-27,2025-11-30,1307.04,329.37,21.22,history,1657.63,1.0,1636.41,1636.41,0.0,0.0,1636.41,1636.41,0.0,21.22
2025-11-30,SHP09013,CARE,CC-105,LTL,2025-11-27,2025-11-30,317.5,80.01,19.5,history,417.01,1.0,397.62,397.62,0.0,0.0,397.62,397.62,0.0,19.39
2025-11-30,SHP09014,CARC,CC-103,LTL,2025-11-27,2025-11-30,1225.22,308.76,20.62,history,1554.6,1.0,1533.98,1533.98,0.0,0.0,1533.98,1533.98,0.0,20.62
2025-11-30,SHP09016,CARD,CC-105,LTL,2025-11-27,2025-11-30,353.1,88.98,21.22,history,463.3,1.0,442.08,442.08,0.0,0.0,442.08,442.08,0.0,21.22
2025-11-30,SHP09018,CARC,CC-101,LTL,2025-11-27,2025-11-29,320.2,80.69,20.62,history,421.51,1.0,400.89,400.89,0.0,0.0,400.89,400.89,0.0,20.62
2025-11-30,SHP09019,CARD,CC-104,LTL,2025-11-27,2025-11-29,110.0,27.72,21.22,history,158.94,1.0,137.72,137.72,0.0,0.0,137.72,137.72,0.0,21.22
2025-11-30,SHP09020,CARB,CC-102,LTL,2025-11-27,2025-11-30,677.8,170.81,23.71,history,872.32,1.0,848.61,848.61,0.0,0.0,848.61,848.61,0.0,23.71
2025-11-30,SHP09021,CARC,CC-102,LTL,2025-11-27,2025-11-30,879.41,221.61,20.62,history,1121.64,1.0,1101.02,1101.02,0.0,0.0,1101.02,1101.02,0.0,20.62
2025-11-30,SHP09022,CARE,CC-105,LTL,2025-11-27,2025-11-29,608.67,153.38,19.5,history,781.55,1.0,762.05,762.05,0.0,0.0,762.05,762.05,0.0,19.5
2025-11-30,SHP09023,CARD,CC-103,LTL,2025-11-27,2025-11-30,1199.28,302.22,21.22,history,1522.72,1.0,1501.5,1501.5,0.0,0.0,1501.5,1501.5,0.0,21.22
2025-11-30,SHP09024,CARA,CC-104,LTL,2025-11-27,2025-11-29,378.6,95.41,18.12,history,492.13,1.0,474.01,474.01,0.0,0.0,474.01,474.01,0.0,18.12
2025-11-30,SHP09029,CARB,CC-102,LTL,2025-11-28,2025-11-30,178.07,44.87,23.71,history,246.65,1.0,222.94,222.94,0.0,0.0,222.94,222.94,0.0,23.71
2025-11-30,SHP09030,CARG,CC-101,TL,2025-11-28,2025-11-29,621.96,133.76,17.43,history,773.15,1.0,755.72,755.72,0.0,0.0,755.72,755.72,0.0,17.43
2025-11-30,SHP09032,CARB,CC-102,LTL,2025-11-28,2025-11-30,402.39,101.4,23.71,history,527.5,1.0,598.79,503.79,95.0,0.0,598.79,503.79,95.0,-71.29
2025-11-30,SHP09033,CARE,CC-103,LTL,2025-11-28,2025-11-30,1096.67,276.36,19.5,history,1392.53,1.0,1498.84,1498.84,0.0,125.81,1373.03,1373.03,0.0,19.5
2025-11-30,SHP09035,CARB,CC-102,LTL,2025-11-28,2025-11-29,300.4,75.7,23.71,history,399.81,1.0,376.1,376.1,0.0,0.0,376.1,376.1,0.0,23.71
2025-11-30,SHP09037,CARD,CC-102,LTL,2025-11-28,2025-11-30,302.01,76.11,21.22,history,399.34,1.0,378.12,378.12,0.0,0.0,378.12,378.12,0.0,21.22
2025-11-30,SHP09039,CARG,CC-104,TL,2025-11-28,2025-11-29,450.0,91.84,17.43,history,559.27,1.0,540.08,540.08,0.0,0.0,540.08,540.08,0.0,19.19
2025-11-30,SHP09040,CARE,CC-101,LTL,2025-11-28,2025-11-30,318.64,80.3,19.5,history,418.44,1.0,398.94,398.94,0.0,0.0,398.94,398.94,0.0,19.5
2025-11-30,SHP09042,CARC,CC-105,LTL,2025-11-28,2025-11-30,124.47,31.37,20.62,history,176.46,1.0,155.84,155.84,0.0,0.0,155.84,155.84,0.0,20.62
2025-11-30,SHP09043,CARE,CC-101,LTL,2025-11-28,2025-11-29,626.74,157.94,19.5,history,804.18,2.0,879.68,784.68,95.0,0.0,879.68,784.68,95.0,-75.5
2025-11-30,SHP09044,CARB,CC-104,LTL,2025-11-28,2025-11-30,543.5,136.96,23.71,history,704.17,1.0,680.46,680.46,0.0,0.0,680.46,680.46,0.0,23.71
2025-11-30,SHP09050,CARB,CC-102,LTL,2025-11-28,2025-11-30,229.25,57.77,23.71,history,310.73,1.0,412.02,287.02,125.0,0.0,412.02,287.02,125.0,-101.29
2025-11-30,SHP09052,CARD,CC-101,LTL,2025-11-28,2025-11-29,110.0,27.72,21.22,history,158.94,1.0,137.72,137.72,0.0,0.0,137.72,137.72,0.0,21.22
2025-11-30,SHP09053,CARG,CC-104,TL,2025-11-29,2025-11-30,1087.75,223.72,17.43,history,1328.9,1.0,1311.47,1311.47,0.0,0.0,1311.47,1311.47,0.0,17.43
2025-12-31,SHP06693,CARC,CC-103,LTL,2025-09-10,2025-09-14,181.0,45.61,19.31,history,245.92,,,,,,,,,245.92
2025-12-31,SHP07714,CARG,CC-102,TL,2025-10-16,2025-10-19,1620.42,360.29,14.14,history,1994.85,1.0,1980.71,1980.71,0.0,0.0,1980.71,1980.71,0.0,14.14
2025-12-31,SHP07982,CARD,CC-103,LTL,2025-10-24,2025-10-28,373.34,97.44,20.73,history,491.51,1.0,608.23,513.23,95.0,42.45,565.78,470.78,95.0,-74.27
2025-12-31,SHP08220,CARD,CC-101,LTL,2025-11-01,2025-11-02,110.0,28.71,20.73,history,159.44,1.0,138.71,138.71,0.0,0.0,138.71,138.71,0.0,20.73
2025-12-31,SHP08273,CARG,CC-104,TL,2025-11-04,2025-11-10,5133.3,1183.31,14.14,history,6330.75,1.0,6316.61,6316.61,0.0,0.0,6316.61,6316.61,0.0,14.14
2025-12-31,SHP08378,CARH,CC-104,TL,2025-11-07,2025-11-08,450.0,99.18,13.99,history,563.17,1.0,549.18,549.18,0.0,0.0,549.18,549.18,0.0,13.99
2025-12-31,SHP08387,CARD,CC-102,LTL,2025-11-07,2025-11-09,187.41,48.91,20.73,history,257.05,1.0,236.93,236.93,0.0,0.0,236.93,236.93,0.0,20.12
2025-12-31,SHP08418,CARD,CC-103,LTL,2025-11-08,2025-11-11,175.71,45.86,20.73,history,242.3,1.0,221.57,221.57,0.0,0.0,221.57,221.57,0.0,20.73
2025-12-31,SHP08424,CARG,CC-103,TL,2025-11-08,2025-11-11,3133.35,729.13,14.14,history,3876.62,1.0,3864.46,3864.46,0.0,0.0,3864.46,3864.46,0.0,12.16
2025-12-31,SHP08474,CARH,CC-102,TL,2025-11-10,2025-11-12,1194.93,276.2,13.99,history,1485.12,1.0,1471.13,1471.13,0.0,0.0,1471.13,1471.13,0.0,13.99
2025-12-31,SHP08492,CARG,CC-105,TL,2025-11-10,2025-11-12,1225.91,286.05,14.14,history,1526.1,1.0,1511.96,1511.96,0.0,0.0,1511.96,1511.96,0.0,14.14
2025-12-31,SHP08545,CARG,CC-101,TL,2025-11-12,2025-11-16,2614.43,582.43,14.14,history,3211.0,1.0,3196.86,3196.86,0.0,0.0,3196.86,3196.86,0.0,14.14
2025-12-31,SHP08563,CARD,CC-105,LTL,2025-11-13,2025-11-16,202.29,54.62,20.73,history,277.64,1.0,256.91,256.91,0.0,0.0,256.91,256.91,0.0,20.73
2025-12-31,SHP08619,CARE,CC-105,LTL,2025-11-14,2025-11-16,287.58,77.65,20.04,history,385.27,1.0,365.23,365.23,0.0,0.0,365.23,365.23,0.0,20.04
2025-12-31,SHP08662,CARB,CC-102,LTL,2025-11-15,2025-11-19,1471.77,397.38,23.5,history,1892.65,1.0,2136.15,2136.15,0.0,267.0,1869.15,1869.15,0.0,23.5
2025-12-31,SHP08737,CARD,CC-105,LTL,2025-11-18,2025-11-20,274.52,71.65,20.73,history,366.9,1.0,346.17,346.17,0.0,0.0,346.17,346.17,0.0,20.73
2025-12-31,SHP08795,CARC,CC-102,LTL,2025-11-20,2025-11-23,695.35,181.49,19.31,history,896.15,1.0,876.84,876.84,0.0,0.0,876.84,876.84,0.0,19.31
2025-12-31,SHP08820,CARD,CC-102,LTL,2025-11-20,2025-11-23,348.63,90.99,20.73,history,460.35,1.0,439.62,439.62,0.0,0.0,439.62,439.62,0.0,20.73
2025-12-31,SHP08839,CARE,CC-104,LTL,2025-11-21,2025-11-23,605.2,157.96,20.04,history,783.2,1.0,763.16,763.16,0.0,0.0,763.16,763.16,0.0,20.04
2025-12-31,SHP08844,CARD,CC-104,LTL,2025-11-21,2025-11-23,227.38,59.35,20.73,history,307.46,1.0,286.73,286.73,0.0,0.0,286.73,286.73,0.0,20.73
2025-12-31,SHP08860,CARH,CC-101,TL,2025-11-22,2025-11-24,968.31,227.05,13.99,history,1209.35,1.0,1195.36,1195.36,0.0,0.0,1195.36,1195.36,0.0,13.99
2025-12-31,SHP08879,CARG,CC-102,TL,2025-11-22,2025-11-24,1782.92,400.32,14.14,history,2197.38,1.0,2188.22,2188.22,0.0,0.0,2188.22,2188.22,0.0,9.16
2025-12-31,SHP08904,CARD,CC-105,LTL,2025-11-23,2025-11-25,600.4,156.7,20.73,history,777.83,1.0,757.1,757.1,0.0,0.0,757.1,757.1,0.0,20.73
2025-12-31,SHP08926,CARB,CC-102,LTL,2025-11-24,2025-11-27,123.28,31.07,23.5,history,177.85,1.0,154.53,154.53,0.0,0.0,154.53,154.53,0.0,23.32
2025-12-31,SHP08947,CARG,CC-105,TL,2025-11-25,2025-11-26,519.2,111.16,14.14,history,644.5,1.0,630.36,630.36,0.0,0.0,630.36,630.36,0.0,14.14
2025-12-31,SHP08950,CARG,CC-101,TL,2025-11-25,2025-11-27,1614.45,332.05,14.14,history,1960.64,1.0,2077.87,2077.87,0.0,131.37,1946.5,1946.5,0.0,14.14
2025-12-31,SHP08987,CARB,CC-104,LTL,2025-11-26,2025-12-02,650.35,163.89,23.5,history,837.74,1.0,814.24,814.24,0.0,0.0,814.24,814.24,0.0,23.5
2025-12-31,SHP08992,CARD,CC-105,LTL,2025-11-26,2025-11-28,648.73,163.48,20.73,history,832.94,1.0,812.21,812.21,0.0,0.0,812.21,812.21,0.0,20.73
2025-12-31,SHP09004,CARG,CC-101,TL,2025-11-27,2025-11-29,1614.45,332.05,14.14,history,1960.64,1.0,1946.5,1946.5,0.0,0.0,1946.5,1946.5,0.0,14.14
2025-12-31,SHP09015,CARD,CC-103,LTL,2025-11-27,2025-12-01,555.69,140.03,20.73,history,716.45,1.0,695.72,695.72,0.0,0.0,695.72,695.72,0.0,20.73
2025-12-31,SHP09023,CARD,CC-103,LTL,2025-11-27,2025-11-30,1199.28,302.22,20.73,history,1522.23,1.0,1501.5,1501.5,0.0,0.0,1501.5,1501.5,0.0,20.73
2025-12-31,SHP09035,CARB,CC-102,LTL,2025-11-28,2025-11-29,300.4,75.7,23.5,history,399.6,1.0,376.1,376.1,0.0,0.0,376.1,376.1,0.0,23.5
2025-12-31,SHP09040,CARE,CC-101,LTL,2025-11-28,2025-11-30,318.64,80.3,20.04,history,418.98,1.0,398.94,398.94,0.0,0.0,398.94,398.94,0.0,20.04
2025-12-31,SHP09045,CARD,CC-102,LTL,2025-11-28,2025-12-01,455.6,114.81,20.73,history,591.14,1.0,570.41,570.41,0.0,0.0,570.41,570.41,0.0,20.73
2025-12-31,SHP09048,CARH,CC-101,TL,2025-11-28,2025-12-03,3849.82,820.48,13.99,history,4684.29,1.0,4670.3,4670.3,0.0,0.0,4670.3,4670.3,0.0,13.99
2025-12-31,SHP09050,CARB,CC-102,LTL,2025-11-28,2025-11-30,229.25,57.77,23.5,history,310.52,1.0,412.02,287.02,125.0,0.0,412.02,287.02,125.0,-101.5
2025-12-31,SHP09054,CARD,CC-102,LTL,2025-11-29,2025-12-02,506.16,127.55,20.73,history,654.44,1.0,633.71,633.71,0.0,0.0,633.71,633.71,0.0,20.73
2025-12-31,SHP09067,CARD,CC-104,LTL,2025-11-29,2025-12-02,217.29,54.76,20.73,history,292.78,1.0,367.05,272.05,95.0,0.0,367.05,272.05,95.0,-74.27
2025-12-31,SHP09078,CARH,CC-101,TL,2025-11-30,2025-12-01,968.31,224.67,13.99,history,1206.97,1.0,1192.98,1192.98,0.0,0.0,1192.98,1192.98,0.0,13.99
2025-12-31,SHP09080,CARD,CC-103,LTL,2025-11-30,2025-12-03,245.0,61.74,20.73,history,327.47,1.0,306.74,306.74,0.0,0.0,306.74,306.74,0.0,20.73
2025-12-31,SHP09085,CARD,CC-103,LTL,2025-11-30,2025-12-03,1392.56,350.93,20.73,history,1764.22,1.0,1743.49,1743.49,0.0,0.0,1743.49,1743.49,0.0,20.73
2025-12-31,SHP09099,CARD,CC-105,LTL,2025-11-30,2025-12-02,703.74,177.34,20.73,history,901.81,1.0,881.33,881.33,0.0,0.0,881.33,881.33,0.0,20.48
2025-12-31,SHP09103,CARA,CC-104,LTL,2025-12-01,2025-12-06,1178.52,296.99,20.95,history,1496.46,1.0,1475.51,1475.51,0.0,0.0,1475.51,1475.51,0.0,20.95
2025-12-31,SHP09104,CARH,CC-105,TL,2025-12-01,2025-12-03,598.23,132.75,13.99,history,744.97,1.0,729.47,729.47,0.0,0.0,729.47,729.47,0.0,15.5
2025-12-31,SHP09121,CARG,CC-102,TL,2025-12-01,2025-12-04,1620.42,329.34,14.14,history,1963.9,1.0,1949.76,1949.76,0.0,0.0,1949.76,1949.76,0.0,14.14
2025-12-31,SHP09130,CARB,CC-104,LTL,2025-12-01,2025-12-04,1371.88,345.71,23.5,history,1741.09,1.0,1717.59,1717.59,0.0,0.0,1717.59,1717.59,0.0,23.5
2025-12-31,SHP09134,CARG,CC-105,TL,2025-12-02,2025-12-04,1225.91,266.87,14.14,history,1506.92,1.0,1642.78,1492.78,150.0,0.0,1642.78,1492.78,150.0,-135.86
2025-12-31,SHP09136,CARD,CC-102,LTL,2025-12-02,2025-12-05,449.92,113.38,20.73,history,584.03,1.0,658.3,563.3,95.0,0.0,658.3,563.3,95.0,-74.27
2025-12-31,SHP09154,CARH,CC-102,TL,2025-12-02,2025-12-04,1308.34,287.54,13.99,history,1609.87,1.0,1595.88,1595.88,0.0,0.0,1595.88,1595.88,0.0,13.99
2025-12-31,SHP09155,CARD,CC-103,LTL,2025-12-02,2025-12-08,2028.99,511.31,20.73,history,2561.03,1.0,2540.3,2540.3,0.0,0.0,2540.3,2540.3,0.0,20.73
2025-12-31,SHP09156,CARA,CC-105,LTL,2025-12-02,2025-12-08,2813.5,709.0,20.95,history,3543.45,1.0,3521.86,3521.86,0.0,0.0,3521.86,3521.86,0.0,21.59
2025-12-31,SHP09157,CARB,CC-101,LTL,2025-12-02,2025-12-07,1771.2,446.34,23.5,history,2241.04,1.0,2217.54,2217.54,0.0,0.0,2217.54,2217.54,0.0,23.5
2025-12-31,SHP09161,CARD,CC-103,LTL,2025-12-02,2025-12-04,250.61,63.15,20.73,history,334.49,1.0,313.76,313.76,0.0,0.0,313.76,313.76,0.0,20.73
2025-12-31,SHP09162,CARH,CC-103,TL,2025-12-02,2025-12-03,1100.9,250.34,13.99,history,1365.23,1.0,1351.24,1351.24,0.0,0.0,1351.24,1351.24,0.0,13.99
2025-12-31,SHP09177,CARE,CC-101,LTL,2025-12-03,2025-12-07,580.27,146.23,20.04,history,746.54,1.0,726.5,726.5,0.0,0.0,726.5,726.5,0.0,20.04
2025-12-31,SHP09180,CARF,CC-102,TL,2025-12-03,2025-12-06,1763.58,366.55,20.95,history,2151.08,1.0,2130.09,2130.09,0.0,0.0,2130.09,2130.09,0.0,20.99
2025-12-31,SHP09184,CARD,CC-103,LTL,2025-12-03,2025-12-07,732.8,184.67,20.73,history,938.2,1.0,1012.47,917.47,95.0,0.0,1012.47,917.47,95.0,-74.27
2025-12-31,SHP09188,CARF,CC-105,TL,2025-12-03,2025-12-05,1866.76,363.33,20.95,history,2251.04,1.0,2530.09,2230.09,300.0,0.0,2530.09,2230.09,300.0,-279.05
2025-12-31,SHP09197,CARE,CC-101,LTL,2025-12-04,2025-12-09,1795.79,452.54,20.04,history,2268.37,1.0,2596.22,2596.22,0.0,347.89,2248.33,2248.33,0.0,20.04
2025-12-31,SHP09210,CARB,CC-102,LTL,2025-12-04,2025-12-06,377.15,95.04,23.5,history,495.69,1.0,472.19,472.19,0.0,0.0,472.19,472.19,0.0,23.5
2025-12-31,SHP09218,CARH,CC-104,TL,2025-12-04,2025-12-05,872.0,183.73,13.99,history,1069.72,1.0,1055.73,1055.73,0.0,0.0,1055.73,1055.73,0.0,13.99
2025-12-31,SHP09219,CARB,CC-104,LTL,2025-12-04,2025-12-07,520.5,131.17,23.5,history,675.17,1.0,651.44,651.44,0.0,0.0,651.44,651.44,0.0,23.73
2025-12-31,SHP09226,CARB,CC-104,LTL,2025-12-05,2025-12-11,168.49,42.46,23.5,history,234.45,1.0,210.95,210.95,0.0,0.0,210.95,210.95,0.0,23.5
2025-12-31,SHP09238,CARB,CC-101,LTL,2025-12-05,2025-12-07,136.34,34.36,23.5,history,194.2,1.0,170.7,170.7,0.0,0.0,170.7,170.7,0.0,23.5
2025-12-31,SHP09239,CARD,CC-102,LTL,2025-12-05,2025-12-06,162.4,40.92,20.73,history,224.05,1.0,215.68,215.68,0.0,12.36,203.32,203.32,0.0,20.73
2025-12-31,SHP09241,CARD,CC-103,LTL,2025-12-05,2025-12-09,997.98,251.49,20.73,history,1270.2,1.0,1344.47,1249.47,95.0,0.0,1344.47,1249.47,95.0,-74.27
2025-12-31,SHP09245,CARH,CC-103,TL,2025-12-05,2025-12-08,3114.0,715.18,13.99,history,3843.17,1.0,3829.18,3829.18,0.0,0.0,3829.18,3829.18,0.0,13.99
2025-12-31,SHP09251,CARD,CC-101,LTL,2025-12-05,2025-12-07,161.43,40.68,20.73,history,222.84,1.0,202.11,202.11,0.0,0.0,202.11,202.11,0.0,20.73
2025-12-31,SHP09255,CARD,CC-102,LTL,2025-12-06,2025-12-08,196.06,49.41,20.73,history,266.2,1.0,245.47,245.47,0.0,0.0,245.47,245.47,0.0,20.73
2025-12-31,SHP09257,CARE,CC-105,LTL,2025-12-06,2025-12-09,267.96,67.53,20.04,history,355.53,1.0,335.49,335.49,0.0,0.0,335.49,335.49,0.0,20.04
2025-12-31,SHP09258,CARE,CC-101,LTL,2025-12-06,2025-12-10,283.37,71.41,20.04,history,374.82,1.0,354.78,354.78,0.0,0.0,354.78,354.78,0.0,20.04
2025-12-31,SHP09262,CARC,CC-104,LTL,2025-12-06,2025-12-13,1546.3,389.67,19.31,history,1955.28,1.0,1935.97,1935.97,0.0,0.0,1935.97,1935.97,0.0,19.31
2025-12-31,SHP09270,CARH,CC-102,TL,2025-12-06,2025-12-11,3850.12,875.49,13.99,history,4739.6,1.0,4725.61,4725.61,0.0,0.0,4725.61,4725.61,0.0,13.99
2025-12-31,SHP09271,CARH,CC-104,TL,2025-12-06,2025-12-09,1536.12,345.88,13.99,history,1895.99,1.0,1882.0,1882.0,0.0,0.0,1882.0,1882.0,0.0,13.99
2025-12-31,SHP09272,CARH,CC-105,TL,2025-12-06,2025-12-07,598.23,132.75,13.99,history,744.97,1.0,742.31,742.31,0.0,11.33,730.98,730.98,0.0,13.99
2025-12-31,SHP09275,CARB,CC-104,LTL,2025-12-06,2025-12-07,404.74,101.99,23.5,history,530.23,1.0,601.73,506.73,95.0,0.0,601.73,506.73,95.0,-71.5
2025-12-31,SHP09276,CARH,CC-103,TL,2025-12-06,2025-12-08,1100.9,250.34,13.99,history,1365.23,1.0,1351.24,1351.24,0.0,0.0,1351.24,1351.24,0.0,13.99
2025-12-31,SHP09277,CARC,CC-101,LTL,2025-12-06,2025-12-07,137.26,34.59,19.31,history,191.16,1.0,171.85,171.85,0.0,0.0,171.85,171.85,0.0,19.31
2025-12-31,SHP09281,CARE,CC-102,LTL,2025-12-06,2025-12-12,835.5,210.55,20.04,history,1066.09,1.0,1046.05,1046.05,0.0,0.0,1046.05,1046.05,0.0,20.04
2025-12-31,SHP09288,CARD,CC-102,LTL,2025-12-07,2025-12-10,272.89,68.77,20.73,history,362.39,1.0,341.66,341.66,0.0,0.0,341.66,341.66,0.0,20.73
2025-12-31,SHP09296,CARD,CC-103,LTL,2025-12-07,2025-12-10,502.27,126.57,20.73,history,649.57,1.0,628.84,628.84,0.0,0.0,628.84,628.84,0.0,20.73
2025-12-31,SHP09298,CARH,CC-104,TL,2025-12-07,2025-12-09,872.0,183.73,13.99,history,1069.72,1.0,1130.73,1055.73,75.0,75.0,1055.73,1055.73,0.0,13.99
2025-12-31,SHP09302,CARF,CC-105,TL,2025-12-07,2025-12-09,1918.8,376.65,20.95,history,2316.4,1.0,2295.45,2295.45,0.0,0.0,2295.45,2295.45,0.0,20.95
2025-12-31,SHP09304,CARD,CC-103,LTL,2025-12-07,2025-12-11,522.59,131.69,20.73,history,675.01,1.0,654.28,654.28,0.0,0.0,654.28,654.28,0.0,20.73
2025-12-31,SHP09305,CARB,CC-102,LTL,2025-12-08,2025-12-11,605.1,147.04,23.5,history,775.64,1.0,752.14,752.14,0.0,0.0,752.14,752.14,0.0,23.5
2025-12-31,SHP09310,CARE,CC-105,LTL,2025-12-08,2025-12-13,1103.74,268.21,20.04,history,1391.99,1.0,1371.95,1371.95,0.0,0.0,1371.95,1371.95,0.0,20.04
2025-12-31,SHP09316,CARC,CC-102,LTL,2025-12-08,2025-12-14,285.49,69.37,19.31,history,374.17,1.0,354.86,354.86,0.0,0.0,354.86,354.86,0.0,19.31
2025-12-31,SHP09318,CARH,CC-103,TL,2025-12-08,2025-12-11,3114.0,699.09,13.99,history,3827.08,1.0,3813.09,3813.09,0.0,0.0,3813.09,3813.09,0.0,13.99
2025-12-31,SHP09320,CARD,CC-102,LTL,2025-12-08,2025-12-11,528.82,128.5,20.73,history,678.05,1.0,752.32,657.32,95.0,0.0,752.32,657.32,95.0,-74.27
2025-12-31,SHP09321,CARA,CC-103,LTL,2025-12-08,2025-12-12,1085.4,263.75,20.95,history,1370.1,1.0,1349.15,1349.15,0.0,0.0,1349.15,1349.15,0.0,20.95
2025-12-31,SHP09323,CARE,CC-105,LTL,2025-12-08,2025-12-11,539.6,131.12,20.04,history,690.76,1.0,670.72,670.72,0.0,0.0,670.72,670.72,0.0,20.04
2025-12-31,SHP09331,CARD,CC-104,LTL,2025-12-08,2025-12-15,3363.84,817.41,20.73,history,4201.98,1.0,4237.05,4237.05,0.0,0.0,4237.05,4237.05,0.0,-35.07
2025-12-31,SHP09333,CARD,CC-102,LTL,2025-12-09,2025-12-12,2015.95,489.88,20.73,history,2526.56,1.0,2505.83,2505.83,0.0,0.0,2505.83,2505.83,0.0,20.73
2025-12-31,SHP09340,CARB,CC-102,LTL,2025-12-09,2025-12-12,599.25,145.62,23.5,history,768.37,1.0,744.87,744.87,0.0,0.0,744.87,744.87,0.0,23.5
2025-12-31,SHP09343,CARD,CC-103,LTL,2025-12-09,2025-12-15,378.42,91.96,20.73,history,491.11,1.0,470.38,470.38,0.0,0.0,470.38,470.38,0.0,20.73
2025-12-31,SHP09344,CARE,CC-101,LTL,2025-12-09,2025-12-13,1097.12,266.6,20.04,history,1383.76,1.0,1363.72,1363.72,0.0,0.0,1363.72,1363.72,0.0,20.04
2025-12-31,SHP09346,CARA,CC-101,LTL,2025-12-09,2025-12-11,540.74,131.4,20.95,history,693.09,1.0,672.14,672.14,0.0,0.0,672.14,672.14,0.0,20.95
2025-12-31,SHP09351,CARE,CC-105,LTL,2025-12-09,2025-12-11,211.76,51.46,20.04,history,283.26,1.0,263.22,263.22,0.0,0.0,263.22,263.22,0.0,20.04
2025-12-31,SHP09352,CARA,CC-103,LTL,2025-12-09,2025-12-13,819.4,199.11,20.95,history,1039.46,1.0,1018.51,1018.51,0.0,0.0,1018.51,1018.51,0.0,20.95
2025-12-31,SHP09353,CARC,CC-105,LTL,2025-12-09,2025-12-11,143.57,34.89,19.31,history,197.77,1.0,178.46,178.46,0.0,0.0,178.46,178.46,0.0,19.31
2025-12-31,SHP09354,CARH,CC-105,TL,2025-12-09,2025-12-10,598.23,129.76,13.99,history,741.98,1.0,727.99,727.99,0.0,0.0,727.99,727.99,0.0,13.99
2025-12-31,SHP09358,CARD,CC-101,LTL,2025-12-09,2025-12-13,492.84,119.76,20.73,history,633.33,1.0,612.6,612.6,0.0,0.0,612.6,612.6,0.0,20.73
2025-12-31,SHP09360,CARA,CC-104,LTL,2025-12-10,2025-12-15,624.73,151.81,20.95,history,797.49,1.0,871.54,776.54,95.0,0.0,871.54,776.54,95.0,-74.05
2025-12-31,SHP09361,CARH,CC-103,TL,2025-12-10,2025-12-11,1100.9,244.71,13.99,history,1359.6,1.0,1345.61,1345.61,0.0,0.0,1345.61,1345.61,0.0,13.99
2025-12-31,SHP09362,CARD,CC-103,LTL,2025-12-10,2025-12-14,1427.69,346.93,20.73,history,1795.35,1.0,1774.62,1774.62,0.0,0.0,1774.62,1774.62,0.0,20.73
2025-12-31,SHP09363,CARD,CC-104,LTL,2025-12-10,2025-12-17,510.0,123.93,20.73,history,654.66,1.0,633.93,633.93,0.0,0.0,633.93,633.93,0.0,20.73
2025-12-31,SHP09365,CARE,CC-105,LTL,2025-12-10,2025-12-15,323.99,78.73,20.04,history,422.76,1.0,497.72,402.72,95.0,0.0,497.72,402.72,95.0,-74.96
2025-12-31,SHP09366,CARA,CC-102,LTL,2025-12-10,2025-12-14,696.29,169.2,20.95,history,886.44,1.0,865.49,865.49,0.0,0.0,865.49,865.49,0.0,20.95
2025-12-31,SHP09368,CARH,CC-103,TL,2025-12-10,2025-12-14,3114.0,699.09,13.99,history,3827.08,1.0,3813.09,3813.09,0.0,0.0,3813.09,3813.09,0.0,13.99
2025-12-31,SHP09370,CARG,CC-104,TL,2025-12-10,2025-12-16,5133.3,1082.09,14.14,history,6229.53,1.0,6215.39,6215.39,0.0,0.0,6215.39,6215.39,0.0,14.14
2025-12-31,SHP09372,CARD,CC-103,LTL,2025-12-10,2025-12-14,495.33,120.37,20.73,history,636.43,1.0,615.7,615.7,0.0,0.0,615.7,615.7,0.0,20.73
2025-12-31,SHP09373,CARF,CC-103,TL,2025-12-10,2025-12-12,1458.54,294.99,20.95,history,1774.48,1.0,1753.53,1753.53,0.0,0.0,1753.53,1753.53,0.0,20.95
2025-12-31,SHP09374,CARG,CC-101,TL,2025-12-10,2025-12-12,450.0,88.9,14.14,history,553.04,1.0,538.9,538.9,0.0,0.0,538.9,538.9,0.0,14.14
2025-12-31,SHP09376,CARA,CC-101,LTL,2025-12-10,2025-12-12,170.07,41.33,20.95,history,232.35,1.0,211.4,211.4,0.0,0.0,211.4,211.4,0.0,20.95
2025-12-31,SHP09378,CARG,CC-104,TL,2025-12-10,2025-12-12,450.0,87.56,14.14,history,551.7,1.0,837.56,537.56,300.0,0.0,837.56,537.56,300.0,-285.86
2025-12-31,SHP09381,CARE,CC-101,LTL,2025-12-10,2025-12-14,557.6,135.5,20.04,history,713.14,1.0,693.1,693.1,0.0,0.0,693.1,693.1,0.0,20.04
2025-12-31,SHP09383,CARD,CC-103,LTL,2025-12-10,2025-12-14,431.1,104.76,20.73,history,556.59,1.0,535.86,535.86,0.0,0.0,535.86,535.86,0.0,20.73
2025-12-31,SHP09390,CARE,CC-103,LTL,2025-12-10,2025-12-13,381.76,92.77,20.04,history,494.57,1.0,474.53,474.53,0.0,0.0,474.53,474.53,0.0,20.04
2025-12-31,SHP09391,CARB,CC-101,LTL,2025-12-10,2025-12-11,144.24,35.05,23.5,history,202.79,1.0,179.29,179.29,0.0,0.0,179.29,179.29,0.0,23.5
2025-12-31,SHP09392,CARC,CC-104,LTL,2025-12-10,2025-12-13,1280.0,311.04,19.31,history,1610.35,1.0,1591.04,1591.04,0.0,0.0,1591.04,1591.04,0.0,19.31
2025-12-31,SHP09397,CARD,CC-105,LTL,2025-12-11,2025-12-13,480.61,116.79,20.73,history,618.13,1.0,596.9,596.9,0.0,0.0,596.9,596.9,0.0,21.23
2025-12-31,SHP09401,CARA,CC-103,LTL,2025-12-11,2025-12-16,840.94,204.35,20.95,history,1066.24,1.0,1045.29,1045.29,0.0,0.0,1045.29,1045.29,0.0,20.95
2025-12-31,SHP09403,CARG,CC-105,TL,2025-12-11,2025-12-14,1225.91,260.87,14.14,history,1500.92,1.0,1486.78,1486.78,0.0,0.0,1486.78,1486.78,0.0,14.14
2025-12-31,SHP09410,CARA,CC-104,LTL,2025-12-11,2025-12-12,273.87,66.55,20.95,history,361.37,1.0,340.42,340.42,0.0,0.0,340.42,340.42,0.0,20.95
2025-12-31,SHP09411,CARD,CC-103,LTL,2025-12-11,2025-12-15,1229.56,298.78,20.73,history,1549.07,1.0,1528.34,1528.34,0.0,0.0,1528.34,1528.34,0.0,20.73
2025-12-31,SHP09413,CARC,CC-102,LTL,2025-12-11,2025-12-14,655.44,159.27,19.31,history,834.02,1.0,814.71,814.71,0.0,0.0,814.71,814.71,0.0,19.31
2025-12-31,SHP09414,CARH,CC-104,TL,2025-12-11,2025-12-13,1536.12,338.1,13.99,history,1888.21,1.0,1874.22,1874.22,0.0,0.0,1874.22,1874.22,0.0,13.99
2025-12-31,SHP09415,CARB,CC-102,LTL,2025-12-11,2025-12-13,110.0,26.73,23.5,history,160.23,1.0,136.73,136.73,0.0,0.0,136.73,136.73,0.0,23.5
2025-12-31,SHP09418,CARD,CC-102,LTL,2025-12-11,2025-12-15,155.2,37.71,20.73,history,213.64,1.0,287.91,192.91,95.0,0.0,287.91,192.91,95.0,-74.27
2025-12-31,SHP09420,CARD,CC-103,LTL,2025-12-11,2025-12-14,491.45,119.42,20.73,history,631.6,1.0,610.87,610.87,0.0,0.0,610.87,610.87,0.0,20.73
2025-12-31,SHP09421,CARF,CC-103,TL,2025-12-11,2025-12-15,4876.3,904.74,20.95,history,5801.99,1.0,5781.04,5781.04,0.0,0.0,5781.04,5781.04,0.0,20.95
2025-12-31,SHP09422,CARE,CC-104,LTL,2025-12-11,2025-12-13,674.19,163.83,20.04,history,858.06,1.0,963.02,838.02,125.0,125.0,838.02,838.02,0.0,20.04
2025-12-31,SHP09425,CARB,CC-102,LTL,2025-12-11,2025-12-13,656.66,159.57,23.5,history,839.73,1.0,816.23,816.23,0.0,0.0,816.23,816.23,0.0,23.5
2025-12-31,SHP09426,CARB,CC-105,LTL,2025-12-11,2025-12-13,516.8,125.58,23.5,history,665.88,1.0,642.38,642.38,0.0,0.0,642.38,642.38,0.0,23.5
2025-12-31,SHP09428,CARC,CC-104,LTL,2025-12-11,2025-12-17,686.43,166.8,19.31,history,872.54,1.0,1057.11,1057.11,0.0,201.56,855.55,855.55,0.0,16.99
2025-12-31,SHP09430,CARD,CC-102,LTL,2025-12-11,2025-12-13,1488.0,361.58,20.73,history,1870.31,1.0,1849.58,1849.58,0.0,0.0,1849.58,1849.58,0.0,20.73
2025-12-31,SHP09433,CARA,CC-105,LTL,2025-12-11,2025-12-14,492.65,119.71,20.95,history,633.31,1.0,612.36,612.36,0.0,0.0,612.36,612.36,0.0,20.95
2025-12-31,SHP09434,CARB,CC-104,LTL,2025-12-11,2025-12-13,181.06,44.0,23.5,history,248.56,1.0,225.06,225.06,0.0,0.0,225.06,225.06,0.0,23.5
2025-12-31,SHP09435,CARF,CC-101,TL,2025-12-11,2025-12-12,711.9,141.44,20.95,history,874.29,1.0,853.34,853.34,0.0,0.0,853.34,853.34,0.0,20.95
2025-12-31,SHP09436,CARB,CC-104,LTL,2025-12-11,2025-12-18,686.24,166.76,23.5,history,876.5,1.0,851.4,851.4,0.0,0.0,851.4,851.4,0.0,25.1
2025-12-31,SHP09439,CARD,CC-104,LTL,2025-12-11,2025-12-12,165.84,40.3,20.73,history,226.87,1.0,331.14,206.14,125.0,0.0,331.14,206.14,125.0,-104.27
2025-12-31,SHP09440,CARA,CC-105,LTL,2025-12-12,2025-12-14,499.46,121.37,20.95,history,641.78,1.0,715.83,620.83,95.0,0.0,715.83,620.83,95.0,-74.05
2025-12-31,SHP09441,CARA,CC-101,LTL,2025-12-12,2025-12-17,1363.59,331.35,20.95,history,1715.89,1.0,1694.94,1694.94,0.0,0.0,1694.94,1694.94,0.0,20.95
2025-12-31,SHP09442,CARE,CC-104,LTL,2025-12-12,2025-12-15,227.52,55.29,20.04,history,302.85,1.0,307.11,307.11,0.0,24.3,282.81,282.81,0.0,20.04
2025-12-31,SHP09445,CARA,CC-102,LTL,2025-12-12,2025-12-16,1265.91,307.62,20.95,history,1594.48,1.0,1573.53,1573.53,0.0,0.0,1573.53,1573.53,0.0,20.95
2025-12-31,SHP09446,CARD,CC-105,LTL,2025-12-12,2025-12-14,372.62,90.55,20.73,history,483.9,1.0,463.17,463.17,0.0,0.0,463.17,463.17,0.0,20.73
2025-12-31,SHP09448,CARE,CC-104,LTL,2025-12-12,2025-12-15,388.7,94.45,20.04,history,503.19,1.0,514.4,514.4,0.0,0.0,514.4,514.4,0.0,-11.21
2025-12-31,SHP09453,CARA,CC-105,LTL,2025-12-12,2025-12-15,308.5,74.97,20.95,history,404.42,1.0,383.47,383.47,0.0,0.0,383.47,383.47,0.0,20.95
2025-12-31,SHP09454,CARD,CC-103,LTL,2025-12-12,2025-12-18,1310.35,318.42,20.73,history,1649.5,1.0,1628.77,1628.77,0.0,0.0,1628.77,1628.77,0.0,20.73
2025-12-31,SHP09460,CARA,CC-103,LTL,2025-12-12,2025-12-15,338.5,82.26,20.95,history,441.71,2.0,558.41,433.41,125.0,12.65,545.76,420.76,125.0,-104.05
2025-12-31,SHP09461,CARE,CC-101,LTL,2025-12-12,2025-12-13,841.5,204.48,20.04,history,1066.02,1.0,1140.98,1045.98,95.0,0.0,1140.98,1045.98,95.0,-74.96
2025-12-31,SHP09462,CARG,CC-101,TL,2025-12-12,2025-12-15,1614.45,316.55,14.14,history,1945.14,1.0,1940.22,1940.22,0.0,0.0,1940.22,1940.22,0.0,4.92
2025-12-31,SHP09463,CARF,CC-104,TL,2025-12-12,2025-12-17,4710.56,896.2,20.95,history,5627.71,1.0,5606.76,5606.76,0.0,0.0,5606.76,5606.76,0.0,20.95
2025-12-31,SHP09464,CARB,CC-103,LTL,2025-12-12,2025-12-16,1107.94,269.23,23.5,history,1400.67,1.0,1377.17,1377.17,0.0,0.0,1377.17,1377.17,0.0,23.5
2025-12-31,SHP09465,CARC,CC-104,LTL,2025-12-12,2025-12-19,545.55,132.57,19.31,history,697.43,1.0,678.12,678.12,0.0,0.0,678.12,678.12,0.0,19.31
2025-12-31,SHP09468,CARA,CC-103,LTL,2025-12-13,2025-12-18,1523.36,370.18,20.95,history,1914.49,1.0,1893.54,1893.54,0.0,0.0,1893.54,1893.54,0.0,20.95
2025-12-31,SHP09469,CARH,CC-102,TL,2025-12-13,2025-12-14,555.12,115.39,13.99,history,684.5,1.0,670.51,670.51,0.0,0.0,670.51,670.51,0.0,13.99
2025-12-31,SHP09470,CARB,CC-105,LTL,2025-12-13,2025-12-18,1290.87,313.68,23.5,history,1628.05,1.0,1700.42,1605.42,95.0,0.0,1700.42,1605.42,95.0,-72.37
2025-12-31,SHP09472,CARA,CC-104,LTL,2025-12-13,2025-12-18,787.3,191.31,20.95,history,999.56,1.0,978.61,978.61,0.0,0.0,978.61,978.61,0.0,20.95
2025-12-31,SHP09474,CARB,CC-104,LTL,2025-12-13,2025-12-15,431.76,104.92,23.5,history,560.18,1.0,536.68,536.68,0.0,0.0,536.68,536.68,0.0,23.5
2025-12-31,SHP09475,CARD,CC-103,LTL,2025-12-13,2025-12-19,171.52,41.68,20.73,history,233.93,1.0,213.2,213.2,0.0,0.0,213.2,213.2,0.0,20.73
2025-12-31,SHP09476,CARD,CC-103,LTL,2025-12-13,2025-12-17,420.44,102.17,20.73,history,543.34,1.0,617.61,522.61,95.0,0.0,617.61,522.61,95.0,-74.27
2025-12-31,SHP09477,CARE,CC-104,LTL,2025-12-13,2025-12-16,303.37,73.72,20.04,history,397.13,1.0,377.09,377.09,0.0,0.0,377.09,377.09,0.0,20.04
2025-12-31,SHP09478,CARD,CC-102,LTL,2025-12-13,2025-12-16,303.35,73.71,20.73,history,397.79,1.0,472.06,377.06,95.0,95.0,377.06,377.06,0.0,20.73
2025-12-31,SHP09480,CARB,CC-101,LTL,2025-12-13,2025-12-15,129.22,31.4,23.5,history,184.12,1.0,160.62,160.62,0.0,0.0,160.62,160.62,0.0,23.5
2025-12-31,SHP09481,CARB,CC-104,LTL,2025-12-13,2025-12-15,159.74,38.82,23.5,history,222.06,1.0,211.06,211.06,0.0,12.5,198.56,198.56,0.0,23.5
2025-12-31,SHP09483,CARB,CC-101,LTL,2025-12-13,2025-12-17,483.9,117.59,23.5,history,624.99,1.0,821.49,601.49,220.0,125.0,696.49,601.49,95.0,-71.5
2025-12-31,SHP09484,CARD,CC-103,LTL,2025-12-13,2025-12-18,1044.24,253.75,20.73,history,1318.72,1.0,1297.99,1297.99,0.0,0.0,1297.99,1297.99,0.0,20.73
2025-12-31,SHP09485,CARF,CC-104,TL,2025-12-13,2025-12-15,531.18,101.92,20.95,history,654.05,1.0,633.1,633.1,0.0,0.0,633.1,633.1,0.0,20.95
2025-12-31,SHP09487,CARH,CC-105,TL,2025-12-13,2025-12-19,4695.6,1003.96,13.99,history,5713.55,1.0,5699.56,5699.56,0.0,0.0,5699.56,5699.56,0.0,13.99
2025-12-31,SHP09491,CARH,CC-103,TL,2025-12-13,2025-12-17,3699.41,834.69,13.99,history,4548.09,1.0,4534.1,4534.1,0.0,0.0,4534.1,4534.1,0.0,13.99
2025-12-31,SHP09493,CARH,CC-104,TL,2025-12-13,2025-12-15,1536.12,338.1,13.99,history,1888.21,1.0,1874.22,1874.22,0.0,0.0,1874.22,1874.22,0.0,13.99
2025-12-31,SHP09494,CARH,CC-105,TL,2025-12-13,2025-12-14,598.23,129.76,13.99,history,741.98,1.0,727.99,727.99,0.0,0.0,727.99,727.99,0.0,13.99
2025-12-31,SHP09495,CARH,CC-103,TL,2025-12-13,2025-12-17,3699.41,834.69,13.99,history,4548.09,1.0,4534.1,4534.1,0.0,0.0,4534.1,4534.1,0.0,13.99
2025-12-31,SHP09500,CARB,CC-101,LTL,2025-12-13,2025-12-14,164.78,40.04,23.5,history,228.32,1.0,299.82,204.82,95.0,95.0,204.82,204.82,0.0,23.5
2025-12-31,SHP09501,CARE,CC-103,LTL,2025-12-14,2025-12-18,416.0,101.09,20.04,history,537.13,1.0,517.09,517.09,0.0,0.0,517.09,517.09,0.0,20.04
2025-12-31,SHP09502,CARC,CC-104,LTL,2025-12-14,2025-12-17,140.63,34.17,19.31,history,194.11,1.0,174.8,174.8,0.0,0.0,174.8,174.8,0.0,19.31
2025-12-31,SHP09503,CARD,CC-103,LTL,2025-12-14,2025-12-18,197.3,47.94,20.73,history,265.97,1.0,245.24,245.24,0.0,0.0,245.24,245.24,0.0,20.73
2025-12-31,SHP09504,CARH,CC-102,TL,2025-12-14,2025-12-17,1194.93,251.89,13.99,history,1460.81,1.0,1746.82,1446.82,300.0,300.0,1446.82,1446.82,0.0,13.99
2025-12-31,SHP09505,CARH,CC-103,TL,2025-12-14,2025-12-19,3699.41,834.69,13.99,history,4548.09,2.0,4759.1,4534.1,225.0,0.0,4759.1,4534.1,225.0,-211.01
2025-12-31,SHP09508,CARH,CC-102,TL,2025-12-14,2025-12-16,1194.93,251.89,13.99,history,1460.81,1.0,1446.82,1446.82,0.0,0.0,1446.82,1446.82,0.0,13.99
2025-12-31,SHP09510,CARD,CC-102,LTL,2025-12-14,2025-12-17,394.05,95.75,20.73,history,510.53,1.0,489.8,489.8,0.0,0.0,489.8,489.8,0.0,20.73
2025-12-31,SHP09512,CARA,CC-101,LTL,2025-12-14,2025-12-17,343.7,83.52,20.95,history,448.17,1.0,522.22,427.22,95.0,0.0,522.22,427.22,95.0,-74.05
2025-12-31,SHP09513,CARB,CC-103,LTL,2025-12-14,2025-12-19,833.32,202.5,23.5,history,1059.32,1.0,1130.82,1035.82,95.0,0.0,1130.82,1035.82,95.0,-71.5
2025-12-31,SHP09514,CARD,CC-104,LTL,2025-12-14,2025-12-15,197.53,48.0,20.73,history,266.26,1.0,340.53,245.53,95.0,0.0,340.53,245.53,95.0,-74.27
2025-12-31,SHP09515,CARC,CC-104,LTL,2025-12-14,2025-12-16,355.5,86.39,19.31,history,461.2,1.0,441.89,441.89,0.0,0.0,441.89,441.89,0.0,19.31
2025-12-31,SHP09516,CARB,CC-104,LTL,2025-12-14,2025-12-16,155.55,37.8,23.5,history,216.85,1.0,288.35,193.35,95.0,0.0,288.35,193.35,95.0,-71.5
2025-12-31,SHP09519,CARB,CC-102,LTL,2025-12-14,2025-12-16,319.99,77.76,23.5,history,421.25,1.0,397.75,397.75,0.0,0.0,397.75,397.75,0.0,23.5
2025-12-31,SHP09521,CARB,CC-104,LTL,2025-12-14,2025-12-20,4059.18,986.38,23.5,history,5069.06,1.0,5059.88,5059.88,0.0,0.0,5059.88,5059.88,0.0,9.18
2025-12-31,SHP09522,CARE,CC-101,LTL,2025-12-14,2025-12-18,273.51,66.46,20.04,history,360.01,1.0,339.97,339.97,0.0,0.0,339.97,339.97,0.0,20.04
2025-12-31,SHP09523,CARD,CC-102,LTL,2025-12-14,2025-12-16,404.29,98.24,20.73,history,523.26,1.0,597.53,502.53,95.0,0.0,597.53,502.53,95.0,-74.27
2025-12-31,SHP09525,CARB,CC-104,LTL,2025-12-14,2025-12-20,1691.46,411.02,23.5,history,2125.98,1.0,2102.48,2102.48,0.0,0.0,2102.48,2102.48,0.0,23.5
2025-12-31,SHP09526,CARC,CC-104,LTL,2025-12-14,2025-12-21,450.84,109.55,19.31,history,579.7,1.0,559.97,559.97,0.0,0.0,559.97,559.97,0.0,19.73
2025-12-31,SHP09527,CARD,CC-104,LTL,2025-12-14,2025-12-15,110.0,26.73,20.73,history,157.46,1.0,136.73,136.73,0.0,0.0,136.73,136.73,0.0,20.73
2025-12-31,SHP09528,CARE,CC-104,LTL,2025-12-14,2025-12-16,631.64,153.49,20.04,history,805.17,1.0,785.13,785.13,0.0,0.0,785.13,785.13,0.0,20.04
2025-12-31,SHP09530,CARD,CC-103,LTL,2025-12-14,2025-12-17,484.31,117.69,20.73,history,622.73,1.0,601.8,601.8,0.0,0.0,601.8,601.8,0.0,20.93
2025-12-31,SHP09533,CARD,CC-103,LTL,2025-12-14,2025-12-20,1492.26,362.62,20.73,history,1875.61,1.0,1854.88,1854.88,0.0,0.0,1854.88,1854.88,0.0,20.73
2025-12-31,SHP09536,CARD,CC-104,LTL,2025-12-15,2025-12-16,206.51,50.18,20.73,history,277.42,1.0,256.69,256.69,0.0,0.0,256.69,256.69,0.0,20.73
2025-12-31,SHP09538,CARG,CC-101,TL,2025-12-15,2025-12-18,2614.43,523.67,14.14,history,3152.24,1.0,3138.1,3138.1,0.0,0.0,3138.1,3138.1,0.0,14.14
2025-12-31,SHP09540,CARD,CC-103,LTL,2025-12-15,2025-12-18,271.7,66.02,20.73,history,358.45,1.0,337.72,337.72,0.0,0.0,337.72,337.72,0.0,20.73
2025-12-31,SHP09541,CARC,CC-104,LTL,2025-12-15,2025-12-17,938.94,228.16,19.31,history,1186.41,1.0,1167.1,1167.1,0.0,0.0,1167.1,1167.1,0.0,19.31
2025-12-31,SHP09545,CARD,CC-103,LTL,2025-12-15,2025-12-20,1155.0,280.67,20.73,history,1456.4,1.0,1435.67,1435.67,0.0,0.0,1435.67,1435.67,0.0,20.73
2025-12-31,SHP09546,CARH,CC-103,TL,2025-12-15,2025-12-17,1100.9,241.25,13.99,history,1356.14,1.0,1642.15,1342.15,300.0,0.0,1642.15,1342.15,300.0,-286.01
2025-12-31,SHP09547,CARE,CC-101,LTL,2025-12-15,2025-12-20,257.97,62.69,20.04,history,340.7,1.0,320.55,320.55,0.0,0.0,320.55,320.55,0.0,20.15
2025-12-31,SHP09551,CARH,CC-102,TL,2025-12-15,2025-12-17,555.12,113.77,13.99,history,682.88,1.0,668.89,668.89,0.0,0.0,668.89,668.89,0.0,13.99
2025-12-31,SHP09552,CARF,CC-104,TL,2025-12-15,2025-12-17,451.13,87.21,20.95,history,559.29,1.0,538.34,538.34,0.0,0.0,538.34,538.34,0.0,20.95
2025-12-31,SHP09557,CARG,CC-103,TL,2025-12-16,2025-12-19,2972.59,590.07,14.14,history,3576.8,1.0,3555.75,3555.75,0.0,0.0,3555.75,3555.75,0.0,21.05
2025-12-31,SHP09558,CARG,CC-105,TL,2025-12-16,2025-12-18,519.2,104.47,14.14,history,637.81,1.0,623.67,623.67,0.0,0.0,623.67,623.67,0.0,14.14
2025-12-31,SHP09559,CARB,CC-101,LTL,2025-12-16,2025-12-20,483.9,117.59,23.5,history,624.99,1.0,696.8,601.8,95.0,0.0,696.8,601.8,95.0,-71.81
2025-12-31,SHP09560,CARA,CC-104,LTL,2025-12-16,2025-12-22,1062.07,258.08,20.95,history,1341.1,1.0,1320.15,1320.15,0.0,0.0,1320.15,1320.15,0.0,20.95
2025-12-31,SHP09562,CARE,CC-104,LTL,2025-12-16,2025-12-17,235.38,57.2,20.04,history,312.62,1.0,292.52,292.52,0.0,0.0,292.52,292.52,0.0,20.1
2025-12-31,SHP09564,CARH,CC-102,TL,2025-12-16,2025-12-19,1194.93,248.34,13.99,history,1457.26,1.0,1443.27,1443.27,0.0,0.0,1443.27,1443.27,0.0,13.99
2025-12-31,SHP09567,CARE,CC-102,LTL,2025-12-16,2025-12-22,628.36,152.69,20.04,history,801.09,1.0,781.05,781.05,0.0,0.0,781.05,781.05,0.0,20.04
2025-12-31,SHP09568,CARD,CC-104,LTL,2025-12-16,2025-12-18,267.72,65.06,20.73,history,353.51,2.0,665.56,665.56,0.0,332.78,332.78,332.78,0.0,20.73
2025-12-31,SHP09569,CARC,CC-102,LTL,2025-12-16,2025-12-20,1173.58,285.18,19.31,history,1478.07,1.0,1458.76,1458.76,0.0,0.0,1458.76,1458.76,0.0,19.31
2025-12-31,SHP09570,CARH,CC-103,TL,2025-12-16,2025-12-20,3114.0,689.23,13.99,history,3817.22,1.0,3803.23,3803.23,0.0,0.0,3803.23,3803.23,0.0,13.99
2025-12-31,SHP09572,CARD,CC-102,LTL,2025-12-16,2025-12-20,785.0,190.75,20.73,history,996.48,1.0,975.75,975.75,0.0,0.0,975.75,975.75,0.0,20.73
2025-12-31,SHP09573,CARC,CC-103,LTL,2025-12-16,2025-12-18,306.77,74.55,19.31,history,400.63,1.0,381.32,381.32,0.0,0.0,381.32,381.32,0.0,19.31
2025-12-31,SHP09574,CARD,CC-105,LTL,2025-12-16,2025-12-18,349.52,84.93,20.73,history,455.18,1.0,443.89,443.89,0.0,9.44,434.45,434.45,0.0,20.73
2025-12-31,SHP09575,CARC,CC-104,LTL,2025-12-16,2025-12-21,1266.4,307.74,19.31,history,1593.45,1.0,1574.14,1574.14,0.0,0.0,1574.14,1574.14,0.0,19.31
2025-12-31,SHP09577,CARG,CC-103,TL,2025-12-16,2025-12-19,2972.59,590.07,14.14,history,3576.8,1.0,3562.66,3562.66,0.0,0.0,3562.66,3562.66,0.0,14.14
2025-12-31,SHP09578,CARC,CC-101,LTL,2025-12-16,2025-12-18,260.3,63.25,19.31,history,342.86,1.0,323.55,323.55,0.0,0.0,323.55,323.55,0.0,19.31
2025-12-31,SHP09579,CARD,CC-102,LTL,2025-12-16,2025-12-19,354.18,86.07,20.73,history,460.98,1.0,441.31,441.31,0.0,0.0,441.31,441.31,0.0,19.67
2025-12-31,SHP09580,CARG,CC-102,TL,2025-12-16,2025-12-19,3150.84,642.75,14.14,history,3807.73,1.0,3943.59,3793.59,150.0,0.0,3943.59,3793.59,150.0,-135.86
2025-12-31,SHP09581,CARB,CC-105,LTL,2025-12-16,2025-12-21,2924.0,710.53,23.5,history,3658.03,1.0,3634.53,3634.53,0.0,0.0,3634.53,3634.53,0.0,23.5
2025-12-31,SHP09583,CARD,CC-103,LTL,2025-12-17,2025-12-21,123.97,30.12,20.73,history,174.82,1.0,154.09,154.09,0.0,0.0,154.09,154.09,0.0,20.73
2025-12-31,SHP09584,CARD,CC-102,LTL,2025-12-17,2025-12-19,597.6,145.22,20.73,history,763.55,1.0,837.82,742.82,95.0,0.0,837.82,742.82,95.0,-74.27
2025-12-31,SHP09585,CARG,CC-101,TL,2025-12-17,2025-12-19,621.96,125.72,14.14,history,761.82,1.0,747.68,747.68,0.0,0.0,747.68,747.68,0.0,14.14
2025-12-31,SHP09586,CARB,CC-104,LTL,2025-12-17,2025-12-20,884.8,215.01,23.5,history,1123.31,1.0,1224.81,1099.81,125.0,0.0,1224.81,1099.81,125.0,-101.5
2025-12-31,SHP09587,CARB,CC-102,LTL,2025-12-17,2025-12-20,677.8,164.71,23.5,history,866.01,1.0,842.51,842.51,0.0,0.0,842.51,842.51,0.0,23.5
2025-12-31,SHP09588,CARC,CC-104,LTL,2025-12-17,2025-12-22,1104.69,268.44,19.31,history,1392.44,1.0,1373.13,1373.13,0.0,0.0,1373.13,1373.13,0.0,19.31
2025-12-31,SHP09589,CARD,CC-104,LTL,2025-12-17,2025-12-24,1141.66,277.42,20.73,history,1439.81,1.0,1419.08,1419.08,0.0,0.0,1419.08,1419.08,0.0,20.73
2025-12-31,SHP09591,CARG,CC-105,TL,2025-12-17,2025-12-19,519.2,104.47,14.14,history,637.81,1.0,623.67,623.67,0.0,0.0,623.67,623.67,0.0,14.14
2025-12-31,SHP09592,CARE,CC-102,LTL,2025-12-17,2025-12-22,1298.37,315.5,20.04,history,1633.91,1.0,1613.87,1613.87,0.0,0.0,1613.87,1613.87,0.0,20.04
2025-12-31,SHP09594,CARE,CC-102,LTL,2025-12-17,2025-12-20,516.29,125.46,20.04,history,661.79,1.0,641.75,641.75,0.0,0.0,641.75,641.75,0.0,20.04
2025-12-31,SHP09596,CARD,CC-103,LTL,2025-12-17,2025-12-23,1228.2,298.45,20.73,history,1547.38,1.0,1522.22,1522.22,0.0,0.0,1522.22,1522.22,0.0,25.16
2025-12-31,SHP09599,CARG,CC-103,TL,2025-12-17,2025-12-21,2972.59,590.07,14.14,history,3576.8,1.0,3562.66,3562.66,0.0,0.0,3562.66,3562.66,0.0,14.14
2025-12-31,SHP09600,CARC,CC-104,LTL,2025-12-17,2025-12-20,254.34,61.8,19.31,history,335.45,1.0,316.14,316.14,0.0,0.0,316.14,316.14,0.0,19.31
2025-12-31,SHP09601,CARF,CC-103,TL,2025-12-17,2025-12-19,1458.54,290.83,20.95,history,1770.32,1.0,1749.37,1749.37,0.0,0.0,1749.37,1749.37,0.0,20.95
2025-12-31,SHP09602,CARB,CC-104,LTL,2025-12-18,2025-12-24,1138.92,276.76,23.5,history,1439.18,1.0,1415.44,1415.44,0.0,0.0,1415.44,1415.44,0.0,23.74
2025-12-31,SHP09603,CARB,CC-104,LTL,2025-12-18,2025-12-21,520.5,126.48,23.5,history,670.48,1.0,646.98,646.98,0.0,0.0,646.98,646.98,0.0,23.5
2025-12-31,SHP09606,CARC,CC-103,LTL,2025-12-18,2025-12-21,336.24,81.71,19.31,history,437.26,1.0,448.28,448.28,0.0,30.33,417.95,417.95,0.0,19.31
2025-12-31,SHP09607,CARA,CC-101,LTL,2025-12-18,2025-12-22,376.29,91.44,20.95,history,488.68,1.0,562.73,467.73,95.0,95.0,467.73,467.73,0.0,20.95
2025-12-31,SHP09608,CARC,CC-101,LTL,2025-12-18,2025-12-23,449.34,109.19,19.31,history,577.84,1.0,558.53,558.53,0.0,0.0,558.53,558.53,0.0,19.31
2025-12-31,SHP09609,CARH,CC-104,TL,2025-12-18,2025-12-20,450.0,89.42,13.99,history,553.41,1.0,539.42,539.42,0.0,0.0,539.42,539.42,0.0,13.99
2025-12-31,SHP09610,CARC,CC-104,LTL,2025-12-18,2025-12-19,148.85,36.17,19.31,history,204.33,1.0,185.02,185.02,0.0,0.0,185.02,185.02,0.0,19.31
2025-12-31,SHP09611,CARH,CC-102,TL,2025-12-18,2025-12-21,1743.65,359.0,13.99,history,2116.64,1.0,2102.65,2102.65,0.0,0.0,2102.65,2102.65,0.0,13.99
2025-12-31,SHP09612,CARD,CC-102,LTL,2025-12-18,2025-12-22,1662.5,403.99,20.73,history,2087.22,1.0,2066.49,2066.49,0.0,0.0,2066.49,2066.49,0.0,20.73
2025-12-31,SHP09613,CARE,CC-102,LTL,2025-12-18,2025-12-22,517.1,125.66,20.04,history,662.8,1.0,642.76,642.76,0.0,0.0,642.76,642.76,0.0,20.04
2025-12-31,SHP09614,CARE,CC-104,LTL,2025-12-18,2025-12-20,212.06,51.53,20.04,history,283.63,1.0,263.59,263.59,0.0,0.0,263.59,263.59,0.0,20.04
2025-12-31,SHP09616,CARC,CC-104,LTL,2025-12-18,2025-12-23,155.88,37.88,19.31,history,213.07,1.0,193.76,193.76,0.0,0.0,193.76,193.76,0.0,19.31
2025-12-31,SHP09617,CARE,CC-104,LTL,2025-12-18,2025-12-20,416.14,101.12,20.04,history,537.3,1.0,517.09,517.09,0.0,0.0,517.09,517.09,0.0,20.21
2025-12-31,SHP09618,CARD,CC-104,LTL,2025-12-18,2025-12-20,236.8,57.54,20.73,history,315.07,1.0,294.34,294.34,0.0,0.0,294.34,294.34,0.0,20.73
2025-12-31,SHP09619,CARE,CC-105,LTL,2025-12-18,2025-12-21,317.5,77.15,20.04,history,414.69,1.0,394.65,394.65,0.0,0.0,394.65,394.65,0.0,20.04
2025-12-31,SHP09620,CARH,CC-102,TL,2025-12-18,2025-12-20,555.12,113.77,13.99,history,682.88,1.0,668.89,668.89,0.0,0.0,668.89,668.89,0.0,13.99
2025-12-31,SHP09622,CARB,CC-102,LTL,2025-12-18,2025-12-21,884.6,214.96,23.5,history,1123.06,1.0,1098.46,1098.46,0.0,0.0,1098.46,1098.46,0.0,24.6
2025-12-31,SHP09623,CARB,CC-105,LTL,2025-12-18,2025-12-20,137.86,33.5,23.5,history,194.86,1.0,171.36,171.36,0.0,0.0,171.36,171.36,0.0,23.5
2025-12-31,SHP09628,CARD,CC-102,LTL,2025-12-19,2025-12-22,2493.75,605.98,20.73,history,3120.46,1.0,3099.73,3099.73,0.0,0.0,3099.73,3099.73,0.0,20.73
2025-12-31,SHP09629,CARG,CC-105,TL,2025-12-19,2025-12-22,1225.91,257.19,14.14,history,1497.24,1.0,1483.1,1483.1,0.0,0.0,1483.1,1483.1,0.0,14.14
2025-12-31,SHP09630,CARB,CC-102,LTL,2025-12-19,2025-12-22,665.0,161.59,23.5,history,850.09,1.0,921.59,826.59,95.0,0.0,921.59,826.59,95.0,-71.5
2025-12-31,SHP09631,CARE,CC-105,LTL,2025-12-19,2025-12-20,290.33,70.55,20.04,history,380.92,1.0,360.88,360.88,0.0,0.0,360.88,360.88,0.0,20.04
2025-12-31,SHP09632,CARH,CC-102,TL,2025-12-19,2025-12-22,2414.45,497.11,13.99,history,2925.55,1.0,2913.32,2913.32,0.0,0.0,2913.32,2913.32,0.0,12.23
2025-12-31,SHP09633,CARA,CC-102,LTL,2025-12-19,2025-12-21,247.71,60.19,20.95,history,328.85,1.0,402.84,307.84,95.0,0.0,402.84,307.84,95.0,-73.99
2025-12-31,SHP09634,CARB,CC-104,LTL,2025-12-19,2025-12-26,454.12,110.35,23.5,history,587.97,1.0,564.47,564.47,0.0,0.0,564.47,564.47,0.0,23.5
2025-12-31,SHP09637,CARE,CC-104,LTL,2025-12-19,2025-12-20,110.0,26.73,20.04,history,156.77,1.0,136.73,136.73,0.0,0.0,136.73,136.73,0.0,20.04
2025-12-31,SHP09639,CARC,CC-103,LTL,2025-12-19,2025-12-22,239.66,58.24,19.31,history,317.21,1.0,297.9,297.9,0.0,0.0,297.9,297.9,0.0,19.31
2025-12-31,SHP09640,CARA,CC-104,LTL,2025-12-19,2025-12-20,194.74,47.32,20.95,history,263.01,1.0,367.06,242.06,125.0,0.0,367.06,242.06,125.0,-104.05
2025-12-31,SHP09641,CARG,CC-101,TL,2025-12-19,2025-12-20,450.0,87.65,14.14,history,551.79,2.0,1074.84,1074.84,0.0,537.42,537.42,537.42,0.0,14.37
2025-12-31,SHP09642,CARB,CC-105,LTL,2025-12-19,2025-12-22,915.25,222.41,23.5,history,1161.16,1.0,1137.66,1137.66,0.0,0.0,1137.66,1137.66,0.0,23.5
2025-12-31,SHP09643,CARD,CC-105,LTL,2025-12-19,2025-12-22,284.7,69.18,20.73,history,374.61,1.0,448.88,353.88,95.0,0.0,448.88,353.88,95.0,-74.27
2025-12-31,SHP09645,CARB,CC-101,LTL,2025-12-19,2025-12-20,204.04,49.58,23.5,history,277.12,1.0,253.62,253.62,0.0,0.0,253.62,253.62,0.0,23.5
2025-12-31,SHP09647,CARC,CC-104,LTL,2025-12-19,2025-12-22,493.7,119.97,19.31,history,632.98,1.0,613.67,613.67,0.0,0.0,613.67,613.67,0.0,19.31
2025-12-31,SHP09649,CARD,CC-102,LTL,2025-12-19,2025-12-21,664.11,161.38,20.73,history,846.22,1.0,825.49,825.49,0.0,0.0,825.49,825.49,0.0,20.73
2025-12-31,SHP09650,CARA,CC-104,LTL,2025-12-19,2025-12-24,865.99,210.44,20.95,history,1097.38,1.0,1076.43,1076.43,0.0,0.0,1076.43,1076.43,0.0,20.95
2025-12-31,SHP09651,CARA,CC-105,LTL,2025-12-19,2025-12-22,672.54,163.43,20.95,history,856.92,1.0,835.97,835.97,0.0,0.0,835.97,835.97,0.0,20.95
2025-12-31,SHP09652,CARD,CC-103,LTL,2025-12-19,2025-12-22,520.22,126.41,20.73,history,667.36,1.0,646.63,646.63,0.0,0.0,646.63,646.63,0.0,20.73
2025-12-31,SHP09653,CARA,CC-104,LTL,2025-12-19,2025-12-21,319.51,77.64,20.95,history,418.1,1.0,397.15,397.15,0.0,0.0,397.15,397.15,0.0,20.95
2025-12-31,SHP09657,CARB,CC-104,LTL,2025-12-19,2025-12-21,202.32,49.16,23.5,history,274.98,1.0,251.48,251.48,0.0,0.0,251.48,251.48,0.0,23.5
2025-12-31,SHP09658,CARD,CC-103,LTL,2025-12-19,2025-12-22,187.75,45.62,20.73,history,254.1,1.0,328.37,233.37,95.0,0.0,328.37,233.37,95.0,-74.27
2025-12-31,SHP09659,CARC,CC-101,LTL,2025-12-19,2025-12-21,312.97,76.05,19.31,history,408.33,1.0,387.73,387.73,0.0,0.0,387.73,387.73,0.0,20.6
2025-12-31,SHP09660,CARD,CC-105,LTL,2025-12-19,2025-12-22,169.46,41.18,20.73,history,231.37,1.0,210.64,210.64,0.0,0.0,210.64,210.64,0.0,20.73
2025-12-31,SHP09661,CARH,CC-102,TL,2025-12-20,2025-12-22,1308.34,277.11,13.99,history,1599.44,1.0,1585.45,1585.45,0.0,0.0,1585.45,1585.45,0.0,13.99
2025-12-31,SHP09662,CARB,CC-104,LTL,2025-12-20,2025-12-21,378.52,91.98,23.5,history,494.0,1.0,470.5,470.5,0.0,0.0,470.5,470.5,0.0,23.5
2025-12-31,SHP09663,CARB,CC-105,LTL,2025-12-20,2025-12-26,1099.07,267.07,23.5,history,1389.64,1.0,1366.14,1366.14,0.0,0.0,1366.14,1366.14,0.0,23.5
2025-12-31,SHP09664,CARA,CC-104,LTL,2025-12-20,2025-12-25,787.3,191.31,20.95,history,999.56,1.0,978.61,978.61,0.0,0.0,978.61,978.61,0.0,20.95
2025-12-31,SHP09665,CARD,CC-101,LTL,2025-12-20,2025-12-22,284.77,69.2,20.73,history,374.7,1.0,474.3,379.3,95.0,25.33,448.97,353.97,95.0,-74.27
2025-12-31,SHP09666,CARB,CC-102,LTL,2025-12-20,2025-12-23,164.7,40.02,23.5,history,228.22,1.0,204.72,204.72,0.0,0.0,204.72,204.72,0.0,23.5
2025-12-31,SHP09667,CARC,CC-101,LTL,2025-12-20,2025-12-22,184.1,44.74,19.31,history,248.15,1.0,228.84,228.84,0.0,0.0,228.84,228.84,0.0,19.31
2025-12-31,SHP09669,CARA,CC-102,LTL,2025-12-20,2025-12-25,2367.0,575.18,20.95,history,2963.13,1.0,2942.18,2942.18,0.0,0.0,2942.18,2942.18,0.0,20.95
2025-12-31,SHP09670,CARB,CC-101,LTL,2025-12-20,2025-12-24,127.37,30.95,23.5,history,181.82,1.0,158.32,158.32,0.0,0.0,158.32,158.32,0.0,23.5
2025-12-31,SHP09671,CARB,CC-102,LTL,2025-12-20,2025-12-21,131.06,31.85,23.5,history,186.41,1.0,162.91,162.91,0.0,0.0,162.91,162.91,0.0,23.5
2025-12-31,SHP09672,CARE,CC-104,LTL,2025-12-20,2025-12-23,412.96,100.35,20.04,history,533.35,1.0,513.31,513.31,0.0,0.0,513.31,513.31,0.0,20.04
2025-12-31,SHP09673,CARH,CC-101,TL,2025-12-20,2025-12-21,968.31,211.15,13.99,history,1193.45,1.0,1179.46,1179.46,0.0,0.0,1179.46,1179.46,0.0,13.99
2025-12-31,SHP09674,CARD,CC-104,LTL,2025-12-20,2025-12-21,900.75,218.88,20.73,history,1140.36,1.0,1122.39,1122.39,0.0,0.0,1122.39,1122.39,0.0,17.97
2025-12-31,SHP09675,CARF,CC-103,TL,2025-12-20,2025-12-24,4876.3,891.97,20.95,history,5789.22,1.0,5768.27,5768.27,0.0,0.0,5768.27,5768.27,0.0,20.95
2025-12-31,SHP09676,CARE,CC-103,LTL,2025-12-20,2025-12-22,428.4,104.1,20.04,history,552.54,1.0,558.59,558.59,0.0,0.0,558.59,558.59,0.0,-6.05
2025-12-31,SHP09679,CARD,CC-104,LTL,2025-12-20,2025-12-27,1654.24,401.98,20.73,history,2076.95,1.0,2056.22,2056.22,0.0,0.0,2056.22,2056.22,0.0,20.73
2025-12-31,SHP09680,CARD,CC-104,LTL,2025-12-20,2025-12-22,110.0,26.73,20.73,history,157.46,1.0,136.73,136.73,0.0,0.0,136.73,136.73,0.0,20.73
2025-12-31,SHP09681,CARA,CC-104,LTL,2025-12-20,2025-12-25,2396.07,582.25,20.95,history,2999.27,2.0,3198.32,2978.32,220.0,0.0,3198.32,2978.32,220.0,-199.05
2025-12-31,SHP09682,CARD,CC-104,LTL,2025-12-20,2025-12-21,123.83,30.09,20.73,history,174.65,1.0,176.33,176.33,0.0,22.41,153.92,153.92,0.0,20.73
2025-12-31,SHP09684,CARE,CC-104,LTL,2025-12-20,2025-12-23,388.7,94.45,20.04,history,503.19,1.0,483.15,483.15,0.0,0.0,483.15,483.15,0.0,20.04
2025-12-31,SHP09685,CARG,CC-103,TL,2025-12-20,2025-12-24,3133.35,657.36,14.14,history,3804.85,1.0,3790.71,3790.71,0.0,0.0,3790.71,3790.71,0.0,14.14
2025-12-31,SHP09686,CARD,CC-105,LTL,2025-12-20,2025-12-22,110.0,26.73,20.73,history,157.46,1.0,231.99,136.99,95.0,0.0,231.99,136.99,95.0,-74.53
2025-12-31,SHP09687,CARE,CC-104,LTL,2025-12-20,2025-12-23,198.97,48.35,20.04,history,267.36,1.0,247.32,247.32,0.0,0.0,247.32,247.32,0.0,20.04
2025-12-31,SHP09688,CARB,CC-102,LTL,2025-12-20,2025-12-22,189.6,46.07,23.5,history,259.17,1.0,235.67,235.67,0.0,0.0,235.67,235.67,0.0,23.5
2025-12-31,SHP09690,CARB,CC-102,LTL,2025-12-20,2025-12-21,178.82,43.45,23.5,history,245.77,1.0,317.27,222.27,95.0,0.0,317.27,222.27,95.0,-71.5
2025-12-31,SHP09693,CARA,CC-103,LTL,2025-12-21,2025-12-25,770.66,187.27,20.95,history,978.88,1.0,1134.82,1134.82,0.0,176.89,957.93,957.93,0.0,20.95
2025-12-31,SHP09694,CARF,CC-103,TL,2025-12-21,2025-12-25,2781.68,530.76,20.95,history,3333.39,1.0,3312.44,3312.44,0.0,0.0,3312.44,3312.44,0.0,20.95
2025-12-31,SHP09695,CARG,CC-103,TL,2025-12-21,2025-12-24,2972.59,590.07,14.14,history,3576.8,1.0,3562.66,3562.66,0.0,0.0,3562.66,3562.66,0.0,14.14
2025-12-31,SHP09696,CARA,CC-101,LTL,2025-12-21,2025-12-25,671.0,163.05,20.95,history,855.0,1.0,834.52,834.52,0.0,0.0,834.52,834.52,0.0,20.48
2025-12-31,SHP09698,CARE,CC-105,LTL,2025-12-21,2025-12-26,571.4,138.85,20.04,history,730.29,1.0,710.25,710.25,0.0,0.0,710.25,710.25,0.0,20.04
2025-12-31,SHP09699,CARC,CC-101,LTL,2025-12-21,2025-12-25,411.22,99.93,19.31,history,530.46,1.0,512.37,512.37,0.0,0.0,512.37,512.37,0.0,18.09
2025-12-31,SHP09700,CARA,CC-103,LTL,2025-12-21,2025-12-24,344.93,83.82,20.95,history,449.7,1.0,553.75,428.75,125.0,0.0,553.75,428.75,125.0,-104.05
2025-12-31,SHP09701,CARC,CC-102,LTL,2025-12-21,2025-12-23,1038.0,252.23,19.31,history,1309.54,1.0,1290.23,1290.23,0.0,0.0,1290.23,1290.23,0.0,19.31
2025-12-31,SHP09702,CARC,CC-104,LTL,2025-12-21,2025-12-27,1004.78,244.16,19.31,history,1268.25,1.0,1343.94,1248.94,95.0,0.0,1343.94,1248.94,95.0,-75.69
2025-12-31,SHP09703,CARE,CC-101,LTL,2025-12-21,2025-12-24,1449.84,352.31,20.04,history,1822.19,1.0,1802.15,1802.15,0.0,0.0,1802.15,1802.15,0.0,20.04
2025-12-31,SHP09704,CARB,CC-104,LTL,2025-12-21,2025-12-22,795.32,193.26,23.5,history,1012.08,1.0,987.7,987.7,0.0,0.0,987.7,987.7,0.0,24.38
2025-12-31,SHP09705,CARB,CC-102,LTL,2025-12-21,2025-12-23,257.28,62.52,23.5,history,343.3,1.0,319.8,319.8,0.0,0.0,319.8,319.8,0.0,23.5
2025-12-31,SHP09706,CARG,CC-102,TL,2025-12-21,2025-12-23,1782.92,372.28,14.14,history,2169.34,1.0,2155.2,2155.2,0.0,0.0,2155.2,2155.2,0.0,14.14
2025-12-31,SHP09707,CARG,CC-105,TL,2025-12-21,2025-12-22,519.2,104.47,14.14,history,637.81,1.0,623.67,623.67,0.0,0.0,623.67,623.67,0.0,14.14
2025-12-31,SHP09708,CARE,CC-102,LTL,2025-12-21,2025-12-27,835.5,203.03,20.04,history,1058.57,1.0,1038.53,1038.53,0.0,0.0,1038.53,1038.53,0.0,20.04
2025-12-31,SHP09709,CARG,CC-103,TL,2025-12-21,2025-12-25,3133.35,657.36,14.14,history,3804.85,1.0,3790.71,3790.71,0.0,0.0,3790.71,3790.71,0.0,14.14
2025-12-31,SHP09710,CARC,CC-104,LTL,2025-12-21,2025-12-23,604.4,146.87,19.31,history,770.58,1.0,751.27,751.27,0.0,0.0,751.27,751.27,0.0,19.31
2025-12-31,SHP09711,CARE,CC-101,LTL,2025-12-21,2025-12-25,290.23,70.53,20.04,history,380.8,1.0,360.76,360.76,0.0,0.0,360.76,360.76,0.0,20.04
2025-12-31,SHP09712,CARG,CC-104,TL,2025-12-21,2025-12-22,1087.75,210.27,14.14,history,1312.16,1.0,1298.02,1298.02,0.0,0.0,1298.02,1298.02,0.0,14.14
2025-12-31,SHP09713,CARE,CC-101,LTL,2025-12-21,2025-12-24,1186.47,288.31,20.04,history,1494.82,1.0,1474.78,1474.78,0.0,0.0,1474.78,1474.78,0.0,20.04
2025-12-31,SHP09714,CARC,CC-103,LTL,2025-12-21,2025-12-24,533.41,129.62,19.31,history,682.34,1.0,663.03,663.03,0.0,0.0,663.03,663.03,0.0,19.31
2025-12-31,SHP09715,CARA,CC-103,LTL,2025-12-21,2025-12-26,877.23,213.17,20.95,history,1111.35,1.0,1090.4,1090.4,0.0,0.0,1090.4,1090.4,0.0,20.95
2025-12-31,SHP09716,CARC,CC-102,LTL,2025-12-21,2025-12-25,220.02,53.46,19.31,history,292.79,1.0,273.48,273.48,0.0,0.0,273.48,273.48,0.0,19.31
2025-12-31,SHP09717,CARD,CC-105,LTL,2025-12-21,2025-12-22,110.0,26.73,20.73,history,157.46,1.0,136.73,136.73,0.0,0.0,136.73,136.73,0.0,20.73
2025-12-31,SHP09719,CARC,CC-104,LTL,2025-12-21,2025-12-23,110.0,26.73,19.31,history,156.04,1.0,136.73,136.73,0.0,0.0,136.73,136.73,0.0,19.31
2025-12-31,SHP09720,CARB,CC-102,LTL,2025-12-21,2025-12-23,471.74,114.63,23.5,history,609.87,1.0,586.37,586.37,0.0,0.0,586.37,586.37,0.0,23.5
2025-12-31,SHP09721,CARB,CC-105,LTL,2025-12-21,2025-12-23,464.97,112.99,23.5,history,601.46,2.0,1155.92,1155.92,0.0,577.96,577.96,577.96,0.0,23.5
2025-12-31,SHP09722,CARE,CC-103,LTL,2025-12-21,2025-12-25,272.25,66.16,20.04,history,358.45,1.0,433.41,338.41,95.0,0.0,433.41,338.41,95.0,-74.96
2025-12-31,SHP09723,CARG,CC-101,TL,2025-12-22,2025-12-26,2614.43,520.52,14.14,history,3149.09,1.0,3134.95,3134.95,0.0,0.0,3134.95,3134.95,0.0,14.14
2025-12-31,SHP09724,CARE,CC-102,LTL,2025-12-22,2025-12-25,110.0,25.74,20.04,history,155.78,1.0,135.74,135.74,0.0,0.0,135.74,135.74,0.0,20.04
2025-12-31,SHP09725,CARB,CC-101,LTL,2025-12-22,2025-12-26,1224.18,286.46,23.5,history,1534.14,1.0,1510.64,1510.64,0.0,0.0,1510.64,1510.64,0.0,23.5
2025-12-31,SHP09726,CARD,CC-104,LTL,2025-12-22,2025-12-24,139.3,32.6,20.73,history,192.63,1.0,171.9,171.9,0.0,0.0,171.9,171.9,0.0,20.73
2025-12-31,SHP09727,CARE,CC-101,LTL,2025-12-22,2025-12-26,1501.53,351.36,20.04,history,1872.93,1.0,1852.89,1852.89,0.0,0.0,1852.89,1852.89,0.0,20.04
2025-12-31,SHP09728,CARB,CC-105,LTL,2025-12-22,2025-12-24,208.3,48.74,23.5,history,280.54,1.0,352.04,257.04,95.0,0.0,352.04,257.04,95.0,-71.5
2025-12-31,SHP09729,CARA,CC-103,LTL,2025-12-22,2025-12-24,199.35,46.65,20.95,history,266.95,1.0,245.82,245.82,0.0,0.0,245.82,245.82,0.0,21.13
2025-12-31,SHP09730,CARB,CC-104,LTL,2025-12-22,2025-12-24,420.11,98.31,23.5,history,541.92,1.0,613.42,518.42,95.0,0.0,613.42,518.42,95.0,-71.5
2025-12-31,SHP09731,CARD,CC-102,LTL,2025-12-22,2025-12-23,163.54,38.27,20.73,history,222.54,1.0,296.81,201.81,95.0,0.0,296.81,201.81,95.0,-74.27
2025-12-31,SHP09732,CARD,CC-103,LTL,2025-12-22,2025-12-25,788.57,184.53,20.73,history,993.83,1.0,1068.1,973.1,95.0,0.0,1068.1,973.1,95.0,-74.27
2025-12-31,SHP09733,CARA,CC-103,LTL,2025-12-22,2025-12-26,488.2,114.24,20.95,history,623.39,1.0,697.44,602.44,95.0,0.0,697.44,602.44,95.0,-74.05
2025-12-31,SHP09734,CARA,CC-105,LTL,2025-12-22,2025-12-24,270.8,63.37,20.95,history,355.12,1.0,334.17,334.17,0.0,0.0,334.17,334.17,0.0,20.95
2025-12-31,SHP09735,CARG,CC-103,TL,2025-12-22,2025-12-25,2972.59,586.52,14.14,history,3573.25,1.0,3559.11,3559.11,0.0,0.0,3559.11,3559.11,0.0,14.14
2025-12-31,SHP09736,CARD,CC-104,LTL,2025-12-22,2025-12-29,604.93,141.55,20.73,history,767.21,1.0,746.48,746.48,0.0,0.0,746.48,746.48,0.0,20.73
2025-12-31,SHP09737,CARG,CC-103,TL,2025-12-22,2025-12-24,1959.75,383.24,14.14,history,2357.13,1.0,2342.99,2342.99,0.0,0.0,2342.99,2342.99,0.0,14.14
2025-12-31,SHP09738,CARD,CC-105,LTL,2025-12-22,2025-12-24,1008.67,236.03,20.73,history,1265.43,1.0,1244.7,1244.7,0.0,0.0,1244.7,1244.7,0.0,20.73
2025-12-31,SHP09739,CARG,CC-105,TL,2025-12-22,2025-12-24,519.2,103.84,14.14,history,637.18,1.0,848.04,623.04,225.0,225.0,623.04,623.04,0.0,14.14
2025-12-31,SHP09740,CARA,CC-101,LTL,2025-12-22,2025-12-27,671.0,157.01,20.95,history,848.96,1.0,828.01,828.01,0.0,0.0,828.01,828.01,0.0,20.95
2025-12-31,SHP09741,CARB,CC-102,LTL,2025-12-22,2025-12-27,958.29,224.24,23.5,history,1206.03,1.0,1182.53,1182.53,0.0,0.0,1182.53,1182.53,0.0,23.5
2025-12-31,SHP09742,CARA,CC-105,LTL,2025-12-22,2025-12-28,1520.4,355.77,20.95,history,1897.12,1.0,1876.17,1876.17,0.0,0.0,1876.17,1876.17,0.0,20.95
2025-12-31,SHP09743,CARC,CC-102,LTL,2025-12-22,2025-12-24,178.07,41.67,19.31,history,239.05,1.0,219.74,219.74,0.0,0.0,219.74,219.74,0.0,19.31
2025-12-31,SHP09744,CARE,CC-101,LTL,2025-12-23,2025-12-24,227.43,53.22,20.04,history,300.69,1.0,280.65,280.65,0.0,0.0,280.65,280.65,0.0,20.04
2025-12-31,SHP09745,CARE,CC-104,LTL,2025-12-23,2025-12-25,626.99,146.72,20.04,history,793.75,1.0,772.9,772.9,0.0,0.0,772.9,772.9,0.0,20.85
2025-12-31,SHP09746,CARB,CC-105,LTL,2025-12-23,2025-12-26,174.75,40.89,23.5,history,239.14,1.0,310.64,215.64,95.0,0.0,310.64,215.64,95.0,-71.5
2025-12-31,SHP09747,CARD,CC-105,LTL,2025-12-23,2025-12-26,464.06,108.59,20.73,history,593.38,1.0,572.65,572.65,0.0,0.0,572.65,572.65,0.0,20.73
2025-12-31,SHP09748,CARA,CC-103,LTL,2025-12-23,2025-12-25,308.99,72.3,20.95,history,402.24,1.0,381.29,381.29,0.0,0.0,381.29,381.29,0.0,20.95
2025-12-31,SHP09749,CARA,CC-105,LTL,2025-12-23,2025-12-25,357.26,83.6,20.95,history,461.81,1.0,535.86,440.86,95.0,0.0,535.86,440.86,95.0,-74.05
2025-12-31,SHP09750,CARF,CC-104,TL,2025-12-23,2025-12-28,5564.8,1041.92,20.95,history,6627.67,1.0,6606.72,6606.72,0.0,0.0,6606.72,6606.72,0.0,20.95
2025-12-31,SHP09751,CARB,CC-104,LTL,2025-12-23,2025-12-25,519.32,121.52,23.5,history,664.34,1.0,645.51,645.51,0.0,4.67,640.84,640.84,0.0,23.5
2025-12-31,SHP09752,CARB,CC-101,LTL,2025-12-23,2025-12-26,380.02,88.92,23.5,history,492.44,1.0,468.7,468.7,0.0,0.0,468.7,468.7,0.0,23.74
2025-12-31,SHP09753,CARG,CC-103,TL,2025-12-23,2025-12-26,2972.59,586.52,14.14,history,3573.25,1.0,3559.11,3559.11,0.0,0.0,3559.11,3559.11,0.0,14.14
2025-12-31,SHP09754,CARD,CC-105,LTL,2025-12-23,2025-12-26,520.12,121.71,20.73,history,662.56,1.0,736.83,641.83,95.0,0.0,736.83,641.83,95.0,-74.27
2025-12-31,SHP09755,CARB,CC-101,LTL,2025-12-23,2025-12-25,489.38,114.51,23.5,history,627.39,1.0,698.89,603.89,95.0,0.0,698.89,603.89,95.0,-71.5
2025-12-31,SHP09756,CARA,CC-104,LTL,2025-12-23,2025-12-28,1474.92,345.13,20.95,history,1841.0,1.0,1820.05,1820.05,0.0,0.0,1820.05,1820.05,0.0,20.95
2025-12-31,SHP09757,CARD,CC-103,LTL,2025-12-23,2025-12-25,435.71,101.96,20.73,history,558.4,1.0,537.67,537.67,0.0,0.0,537.67,537.67,0.0,20.73
2025-12-31,SHP09758,CARH,CC-104,TL,2025-12-23,2025-12-24,872.0,176.0,13.99,history,1061.99,1.0,1048.0,1048.0,0.0,0.0,1048.0,1048.0,0.0,13.99
2025-12-31,SHP09759,CARB,CC-103,LTL,2025-12-23,2025-12-26,1591.37,372.38,23.5,history,1987.25,1.0,1963.75,1963.75,0.0,0.0,1963.75,1963.75,0.0,23.5
2025-12-31,SHP09760,CARB,CC-102,LTL,2025-12-23,2025-12-25,178.38,41.74,23.5,history,243.62,1.0,220.41,220.41,0.0,0.0,220.41,220.41,0.0,23.21
2025-12-31,SHP09761,CARE,CC-102,LTL,2025-12-23,2025-12-25,123.86,28.98,20.04,history,172.88,1.0,277.84,152.84,125.0,0.0,277.84,152.84,125.0,-104.96
2025-12-31,SHP09762,CARB,CC-105,LTL,2025-12-23,2025-12-28,1405.95,328.99,23.5,history,1758.44,1.0,1734.94,1734.94,0.0,0.0,1734.94,1734.94,0.0,23.5
2025-12-31,SHP09763,CARB,CC-102,LTL,2025-12-23,2025-12-25,230.2,53.87,23.5,history,307.57,1.0,284.07,284.07,0.0,0.0,284.07,284.07,0.0,23.5
2025-12-31,SHP09764,CARD,CC-102,LTL,2025-12-23,2025-12-25,297.97,69.72,20.73,history,388.42,1.0,367.69,367.69,0.0,0.0,367.69,367.69,0.0,20.73
2025-12-31,SHP09765,CARB,CC-102,LTL,2025-12-23,2025-12-25,253.31,59.27,23.5,history,336.08,1.0,313.41,313.41,0.0,0.0,313.41,313.41,0.0,22.67
2025-12-31,SHP09766,CARD,CC-104,LTL,2025-12-23,2025-12-26,356.63,83.45,20.73,history,460.81,1.0,440.08,440.08,0.0,0.0,440.08,440.08,0.0,20.73
2025-12-31,SHP09767,CARA,CC-102,LTL,2025-12-23,2025-12-27,1381.8,323.34,20.95,history,1726.09,1.0,1705.14,1705.14,0.0,0.0,1705.14,1705.14,0.0,20.95
2025-12-31,SHP09768,CARC,CC-104,LTL,2025-12-23,2025-12-26,916.47,214.45,19.31,history,1150.23,1.0,1130.92,1130.92,0.0,0.0,1130.92,1130.92,0.0,19.31
2025-12-31,SHP09769,CARE,CC-104,LTL,2025-12-24,2025-12-27,317.75,74.35,20.04,history,412.14,1.0,392.1,392.1,0.0,0.0,392.1,392.1,0.0,20.04
2025-12-31,SHP09770,CARF,CC-101,TL,2025-12-24,2025-12-27,2457.46,484.88,20.95,history,2963.29,1.0,2942.34,2942.34,0.0,0.0,2942.34,2942.34,0.0,20.95
2025-12-31,SHP09771,CARF,CC-104,TL,2025-12-24,2025-12-28,4072.32,799.92,20.95,history,4893.19,1.0,4947.24,4872.24,75.0,0.0,4947.24,4872.24,75.0,-54.05
2025-12-31,SHP09772,CARA,CC-104,LTL,2025-12-24,2025-12-30,639.21,149.58,20.95,history,809.74,1.0,788.79,788.79,0.0,0.0,788.79,788.79,0.0,20.95
2025-12-31,SHP09773,CARA,CC-102,LTL,2025-12-24,2025-12-28,626.81,146.67,20.95,history,794.43,1.0,773.48,773.48,0.0,0.0,773.48,773.48,0.0,20.95
2025-12-31,SHP09774,CARB,CC-103,LTL,2025-12-24,2025-12-28,196.05,45.88,23.5,history,265.43,1.0,241.93,241.93,0.0,0.0,241.93,241.93,0.0,23.5
2025-12-31,SHP09775,CARG,CC-105,TL,2025-12-24,2025-12-27,1254.24,274.56,14.14,history,1542.94,1.0,1528.8,1528.8,0.0,0.0,1528.8,1528.8,0.0,14.14
2025-12-31,SHP09776,CARG,CC-104,TL,2025-12-24,2025-12-25,1087.75,209.0,14.14,history,1310.89,1.0,1296.75,1296.75,0.0,0.0,1296.75,1296.75,0.0,14.14
2025-12-31,SHP09777,CARH,CC-104,TL,2025-12-24,2025-12-25,450.0,88.88,13.99,history,552.87,1.0,613.88,538.88,75.0,0.0,613.88,538.88,75.0,-61.01
2025-12-31,SHP09778,CARB,CC-102,LTL,2025-12-24,2025-12-26,299.33,70.04,23.5,history,392.87,1.0,369.37,369.37,0.0,0.0,369.37,369.37,0.0,23.5
2025-12-31,SHP09779,CARE,CC-101,LTL,2025-12-24,2025-12-27,853.42,199.7,20.04,history,1073.16,1.0,1148.12,1053.12,95.0,95.0,1053.12,1053.12,0.0,20.04
2025-12-31,SHP09780,CARD,CC-104,LTL,2025-12-24,2025-12-27,409.28,95.77,20.73,history,525.78,1.0,505.05,505.05,0.0,0.0,505.05,505.05,0.0,20.73
2025-12-31,SHP09781,CARD,CC-105,LTL,2025-12-24,2025-12-27,895.2,209.48,20.73,history,1125.41,1.0,1187.9,1187.9,0.0,83.47,1104.43,1104.43,0.0,20.98
2025-12-31,SHP09782,CARF,CC-104,TL,2025-12-24,2025-12-27,1279.04,251.24,20.95,history,1551.23,1.0,1527.77,1527.77,0.0,0.0,1527.77,1527.77,0.0,23.46
2025-12-31,SHP09784,CARF,CC-101,TL,2025-12-24,2025-12-28,3432.0,629.2,20.95,history,4082.15,1.0,4061.2,4061.2,0.0,0.0,4061.2,4061.2,0.0,20.95
2025-12-31,SHP09785,CARB,CC-105,LTL,2025-12-24,2025-12-26,516.8,120.93,23.5,history,661.23,1.0,637.73,637.73,0.0,0.0,637.73,637.73,0.0,23.5
2025-12-31,SHP09786,CARB,CC-104,LTL,2025-12-24,2025-12-25,110.0,25.74,23.5,history,159.24,1.0,135.74,135.74,0.0,0.0,135.74,135.74,0.0,23.5
2025-12-31,SHP09787,CARG,CC-101,TL,2025-12-24,2025-12-29,4656.96,914.76,14.14,history,5585.86,1.0,5571.72,5571.72,0.0,0.0,5571.72,5571.72,0.0,14.14
2025-12-31,SHP09788,CARH,CC-103,TL,2025-12-24,2025-12-28,3114.0,685.08,13.99,history,3813.07,1.0,3799.08,3799.08,0.0,0.0,3799.08,3799.08,0.0,13.99
2025-12-31,SHP09789,CARE,CC-104,LTL,2025-12-24,2025-12-27,388.7,90.96,20.04,history,499.7,1.0,479.66,479.66,0.0,0.0,479.66,479.66,0.0,20.04
2025-12-31,SHP09790,CARA,CC-101,LTL,2025-12-24,2025-12-26,994.5,232.71,20.95,history,1248.16,1.0,1227.21,1227.21,0.0,0.0,1227.21,1227.21,0.0,20.95
2025-12-31,SHP09791,CARA,CC-102,LTL,2025-12-24,2025-12-26,110.0,25.74,20.95,history,156.69,1.0,135.74,135.74,0.0,0.0,135.74,135.74,0.0,20.95
2025-12-31,SHP09792,CARE,CC-101,LTL,2025-12-24,2025-12-25,382.11,89.41,20.04,history,491.56,1.0,471.52,471.52,0.0,0.0,471.52,471.52,0.0,20.04
2025-12-31,SHP09793,CARG,CC-103,TL,2025-12-24,2025-12-27,2272.56,490.16,14.14,history,2776.86,1.0,2762.72,2762.72,0.0,0.0,2762.72,2762.72,0.0,14.14
2025-12-31,SHP09794,CARD,CC-102,LTL,2025-12-24,2025-12-27,197.11,46.12,20.73,history,263.96,1.0,338.23,243.23,95.0,0.0,338.23,243.23,95.0,-74.27
2025-12-31,SHP09795,CARD,CC-104,LTL,2025-12-24,2025-12-26,110.0,25.74,20.73,history,156.47,1.0,147.79,147.79,0.0,11.99,135.8,135.8,0.0,20.67
2025-12-31,SHP09796,CARF,CC-101,TL,2025-12-24,2025-12-28,3432.0,629.2,20.95,history,4082.15,1.0,4061.2,4061.2,0.0,0.0,4061.2,4061.2,0.0,20.95
2025-12-31,SHP09797,CARA,CC-103,LTL,2025-12-24,2025-12-28,795.57,186.16,20.95,history,1002.68,1.0,981.73,981.73,0.0,0.0,981.73,981.73,0.0,20.95
2025-12-31,SHP09798,CARD,CC-102,LTL,2025-12-24,2025-12-26,381.03,89.16,20.73,history,490.92,1.0,470.19,470.19,0.0,0.0,470.19,470.19,0.0,20.73
2025-12-31,SHP09799,CARD,CC-103,LTL,2025-12-24,2025-12-27,304.3,71.21,20.73,history,396.24,1.0,470.51,375.51,95.0,95.0,375.51,375.51,0.0,20.73
2025-12-31,SHP09800,CARA,CC-105,LTL,2025-12-24,2025-12-27,220.33,51.56,20.95,history,292.84,1.0,275.85,275.85,0.0,3.96,271.89,271.89,0.0,20.95
2025-12-31,SHP09801,CARC,CC-101,LTL,2025-12-24,2025-12-26,379.83,88.88,19.31,history,488.02,1.0,468.71,468.71,0.0,0.0,468.71,468.71,0.0,19.31
2025-12-31,SHP09802,CARE,CC-105,LTL,2025-12-24,2025-12-25,129.39,30.28,20.04,history,179.71,1.0,159.67,159.67,0.0,0.0,159.67,159.67,0.0,20.04
2025-12-31,SHP09803,CARB,CC-104,LTL,2025-12-24,2025-12-31,504.14,117.97,23.5,history,645.61,1.0,622.11,622.11,0.0,0.0,622.11,622.11,0.0,23.5
2025-12-31,SHP09804,CARB,CC-103,LTL,2025-12-24,2025-12-27,845.36,197.81,23.5,history,1066.67,1.0,1043.08,1043.08,0.0,0.0,1043.08,1043.08,0.0,23.59
2025-12-31,SHP09805,CARG,CC-101,TL,2025-12-24,2025-12-26,450.0,87.12,14.14,history,551.26,1.0,537.12,537.12,0.0,0.0,537.12,537.12,0.0,14.14
2025-12-31,SHP09806,CARE,CC-104,LTL,2025-12-24,2025-12-26,188.89,44.2,20.04,history,253.13,1.0,233.09,233.09,0.0,0.0,233.09,233.09,0.0,20.04
2025-12-31,SHP09807,CARC,CC-104,LTL,2025-12-25,2025-12-26,413.16,96.68,19.31,history,529.15,1.0,509.84,509.84,0.0,0.0,509.84,509.84,0.0,19.31
2025-12-31,SHP09808,CARD,CC-102,LTL,2025-12-25,2025-12-28,794.87,186.0,20.73,history,1001.6,1.0,1075.87,980.87,95.0,0.0,1075.87,980.87,95.0,-74.27
2025-12-31,SHP09809,CARB,CC-104,LTL,2025-12-25,2025-12-26,258.77,60.55,23.5,history,342.82,1.0,319.32,319.32,0.0,0.0,319.32,319.32,0.0,23.5
2025-12-31,SHP09810,CARE,CC-101,LTL,2025-12-25,2025-12-27,110.0,25.74,20.04,history,155.78,1.0,135.74,135.74,0.0,0.0,135.74,135.74,0.0,20.04
2025-12-31,SHP09811,CARH,CC-103,TL,2025-12-25,2025-12-29,3699.41,817.96,13.99,history,4531.36,1.0,4817.37,4517.37,300.0,0.0,4817.37,4517.37,300.0,-286.01
2025-12-31,SHP09812,CARD,CC-103,LTL,2025-12-25,2025-12-28,614.02,143.68,20.73,history,778.43,1.0,757.7,757.7,0.0,0.0,757.7,757.7,0.0,20.73
2025-12-31,SHP09813,CARH,CC-102,TL,2025-12-25,2025-12-28,1743.65,356.84,13.99,history,2114.48,1.0,2100.49,2100.49,0.0,0.0,2100.49,2100.49,0.0,13.99
2025-12-31,SHP09814,CARG,CC-102,TL,2025-12-25,2025-12-28,3150.84,638.88,14.14,history,3803.86,1.0,3789.72,3789.72,0.0,0.0,3789.72,3789.72,0.0,14.14
2025-12-31,SHP09815,CARB,CC-105,LTL,2025-12-25,2025-12-28,243.95,57.08,23.5,history,324.53,1.0,305.43,305.43,0.0,4.4,301.03,301.03,0.0,23.5
2025-12-31,SHP09816,CARB,CC-104,LTL,2025-12-25,2025-12-30,2950.56,690.43,23.5,history,3664.49,1.0,3640.99,3640.99,0.0,0.0,3640.99,3640.99,0.0,23.5
2025-12-31,SHP09817,CARD,CC-105,LTL,2025-12-25,2025-12-26,585.48,137.0,20.73,history,743.21,1.0,722.48,722.48,0.0,0.0,722.48,722.48,0.0,20.73
2025-12-31,SHP09818,CARD,CC-102,LTL,2025-12-25,2025-12-28,522.64,122.3,20.73,history,665.67,1.0,739.94,644.94,95.0,0.0,739.94,644.94,95.0,-74.27
2025-12-31,SHP09819,CARC,CC-104,LTL,2025-12-25,2025-12-31,1598.0,373.93,19.31,history,1991.24,1.0,1971.93,1971.93,0.0,0.0,1971.93,1971.93,0.0,19.31
2025-12-31,SHP09820,CARD,CC-103,LTL,2025-12-25,2025-12-30,1155.0,270.27,20.73,history,1446.0,1.0,1520.27,1425.27,95.0,0.0,1520.27,1425.27,95.0,-74.27
2025-12-31,SHP09821,CARB,CC-101,LTL,2025-12-25,2025-12-30,610.0,142.74,23.5,history,776.24,1.0,752.74,752.74,0.0,0.0,752.74,752.74,0.0,23.5
2025-12-31,SHP09822,CARC,CC-102,LTL,2025-12-25,2025-12-27,802.08,187.69,19.31,history,1009.08,1.0,989.77,989.77,0.0,0.0,989.77,989.77,0.0,19.31
2025-12-31,SHP09823,CARE,CC-101,LTL,2025-12-25,2025-12-30,654.38,153.12,20.04,history,827.54,1.0,807.5,807.5,0.0,0.0,807.5,807.5,0.0,20.04
2025-12-31,SHP09824,CARH,CC-103,TL,2025-12-25,2025-12-29,3114.0,685.08,13.99,history,3813.07,1.0,3799.08,3799.08,0.0,0.0,3799.08,3799.08,0.0,13.99
2025-12-31,SHP09825,CARC,CC-102,LTL,2025-12-25,2025-12-27,139.37,32.61,19.31,history,191.29,2.0,343.96,343.96,0.0,171.98,171.98,171.98,0.0,19.31
2025-12-31,SHP09826,CARB,CC-104,LTL,2025-12-25,2025-12-26,459.56,107.54,23.5,history,590.6,1.0,567.1,567.1,0.0,0.0,567.1,567.1,0.0,23.5
2025-12-31,SHP09827,CARG,CC-101,TL,2025-12-25,2025-12-29,4656.96,914.76,14.14,history,5585.86,1.0,5571.72,5571.72,0.0,0.0,5571.72,5571.72,0.0,14.14
2025-12-31,SHP09828,CARG,CC-101,TL,2025-12-26,2025-12-27,450.0,87.12,14.14,history,551.26,1.0,537.12,537.12,0.0,0.0,537.12,537.12,0.0,14.14
2025-12-31,SHP09829,CARC,CC-104,LTL,2025-12-26,2025-12-30,799.3,187.04,19.31,history,1005.65,1.0,986.34,986.34,0.0,0.0,986.34,986.34,0.0,19.31
2025-12-31,SHP09830,CARE,CC-101,LTL,2025-12-26,2025-12-28,264.8,61.96,20.04,history,346.8,2.0,451.76,326.76,125.0,0.0,451.76,326.76,125.0,-104.96
2025-12-31,SHP09831,CARE,CC-101,LTL,2025-12-26,2025-12-31,1008.41,235.97,20.04,history,1264.42,1.0,1244.38,1244.38,0.0,0.0,1244.38,1244.38,0.0,20.04
2025-12-31,SHP09833,CARC,CC-104,LTL,2025-12-26,2025-12-29,1994.0,466.6,19.31,history,2479.91,1.0,2906.3,2906.3,0.0,0.0,2906.3,2906.3,0.0,-426.39
2025-12-31,SHP09834,CARE,CC-101,LTL,2025-12-26,2025-12-28,506.56,118.54,20.04,history,645.14,1.0,625.1,625.1,0.0,0.0,625.1,625.1,0.0,20.04
2025-12-31,SHP09835,CARH,CC-102,TL,2025-12-26,2025-12-30,3850.12,838.64,13.99,history,4702.75,1.0,4688.76,4688.76,0.0,0.0,4688.76,4688.76,0.0,13.99
2025-12-31,SHP09836,CARA,CC-101,LTL,2025-12-26,2025-12-30,2105.07,492.59,20.95,history,2618.61,1.0,2597.66,2597.66,0.0,0.0,2597.66,2597.66,0.0,20.95
2025-12-31,SHP09837,CARD,CC-105,LTL,2025-12-26,2025-12-28,223.66,52.34,20.73,history,296.73,1.0,276.61,276.61,0.0,0.0,276.61,276.61,0.0,20.12
2025-12-31,SHP09838,CARD,CC-105,LTL,2025-12-26,2025-12-29,484.0,113.26,20.73,history,617.99,1.0,597.26,597.26,0.0,0.0,597.26,597.26,0.0,20.73
2025-12-31,SHP09839,CARE,CC-105,LTL,2025-12-26,2025-12-29,1329.54,311.11,20.04,history,1660.69,1.0,1735.65,1640.65,95.0,0.0,1735.65,1640.65,95.0,-74.96
2025-12-31,SHP09840,CARA,CC-102,LTL,2025-12-26,2025-12-30,392.81,91.92,20.95,history,505.68,1.0,484.73,484.73,0.0,0.0,484.73,484.73,0.0,20.95
2025-12-31,SHP09841,CARG,CC-105,TL,2025-12-26,2025-12-27,519.2,103.84,14.14,history,637.18,1.0,773.04,623.04,150.0,0.0,773.04,623.04,150.0,-135.86
2025-12-31,SHP09842,CARC,CC-103,LTL,2025-12-26,2025-12-30,1092.04,255.54,19.31,history,1366.89,1.0,1472.58,1347.58,125.0,0.0,1472.58,1347.58,125.0,-105.69
2025-12-31,SHP09843,CARD,CC-104,LTL,2025-12-26,2025-12-28,380.35,89.0,20.73,history,490.08,1.0,469.35,469.35,0.0,0.0,469.35,469.35,0.0,20.73
2025-12-31,SHP09844,CARD,CC-103,LTL,2025-12-26,2025-12-29,196.2,45.91,20.73,history,262.84,1.0,242.11,242.11,0.0,0.0,242.11,242.11,0.0,20.73
2025-12-31,SHP09845,CARE,CC-105,LTL,2025-12-26,2025-12-30,838.82,196.28,20.04,history,1055.14,1.0,1035.1,1035.1,0.0,0.0,1035.1,1035.1,0.0,20.04
2025-12-31,SHP09846,CARD,CC-102,LTL,2025-12-26,2025-12-28,351.5,82.25,20.73,history,454.48,1.0,433.75,433.75,0.0,0.0,433.75,433.75,0.0,20.73
2025-12-31,SHP09847,CARC,CC-104,LTL,2025-12-26,2025-12-29,156.16,36.54,19.31,history,212.01,1.0,192.7,192.7,0.0,0.0,192.7,192.7,0.0,19.31
2025-12-31,SHP09848,CARC,CC-103,LTL,2025-12-26,2025-12-30,285.3,66.76,19.31,history,371.37,1.0,352.06,352.06,0.0,0.0,352.06,352.06,0.0,19.31
2025-12-31,SHP09849,CARD,CC-103,LTL,2025-12-26,2025-12-29,566.03,132.45,20.73,history,719.21,1.0,698.48,698.48,0.0,0.0,698.48,698.48,0.0,20.73
2025-12-31,SHP09850,CARA,CC-101,LTL,2025-12-26,2025-12-28,635.08,148.61,20.95,history,804.64,1.0,908.69,783.69,125.0,0.0,908.69,783.69,125.0,-104.05
2025-12-31,SHP09851,CARF,CC-103,TL,2025-12-26,2025-12-30,2781.68,527.56,20.95,history,3330.19,1.0,3309.24,3309.24,0.0,0.0,3309.24,3309.24,0.0,20.95
2025-12-31,SHP09852,CARD,CC-103,LTL,2025-12-26,2025-12-30,750.64,175.65,20.73,history,947.02,1.0,926.29,926.29,0.0,0.0,926.29,926.29,0.0,20.73
2025-12-31,SHP09853,CARE,CC-102,LTL,2025-12-26,2025-12-29,244.3,57.17,20.04,history,321.51,1.0,396.47,301.47,95.0,0.0,396.47,301.47,95.0,-74.96
2025-12-31,SHP09855,CARF,CC-104,TL,2025-12-26,2025-12-29,1279.04,251.24,20.95,history,1551.23,1.0,1530.28,1530.28,0.0,0.0,1530.28,1530.28,0.0,20.95
2025-12-31,SHP09856,CARA,CC-102,LTL,2025-12-26,2025-12-30,294.9,69.01,20.95,history,384.86,1.0,406.85,406.85,0.0,42.94,363.91,363.91,0.0,20.95
2025-12-31,SHP09857,CARB,CC-102,LTL,2025-12-26,2025-12-29,147.2,34.44,23.5,history,205.14,1.0,181.64,181.64,0.0,0.0,181.64,181.64,0.0,23.5
2025-12-31,SHP09858,CARD,CC-105,LTL,2025-12-26,2025-12-28,801.83,187.63,20.73,history,1010.19,1.0,989.46,989.46,0.0,0.0,989.46,989.46,0.0,20.73
2025-12-31,SHP09859,CARD,CC-104,LTL,2025-12-26,2025-12-28,634.89,148.56,20.73,history,804.18,1.0,783.45,783.45,0.0,0.0,783.45,783.45,0.0,20.73
2025-12-31,SHP09860,CARD,CC-104,LTL,2025-12-26,2025-12-27,166.7,39.01,20.73,history,226.44,1.0,205.71,205.71,0.0,0.0,205.71,205.71,0.0,20.73
2025-12-31,SHP09861,CARE,CC-102,LTL,2025-12-26,2025-12-29,692.4,162.02,20.04,history,874.46,1.0,854.42,854.42,0.0,0.0,854.42,854.42,0.0,20.04
2025-12-31,SHP09862,CARC,CC-104,LTL,2025-12-26,2025-12-29,1911.52,447.3,19.31,history,2378.13,1.0,2358.82,2358.82,0.0,0.0,2358.82,2358.82,0.0,19.31
2025-12-31,SHP09863,CARD,CC-102,LTL,2025-12-27,2025-12-30,243.73,57.03,20.73,history,321.49,2.0,791.52,601.52,190.0,395.76,395.76,300.76,95.0,-74.27
2025-12-31,SHP09864,CARA,CC-101,LTL,2025-12-27,2025-12-31,886.84,207.52,20.95,history,1115.31,1.0,1144.04,1144.04,0.0,49.68,1094.36,1094.36,0.0,20.95
2025-12-31,SHP09865,CARA,CC-102,LTL,2025-12-27,2025-12-30,294.9,69.01,20.95,history,384.86,1.0,363.91,363.91,0.0,0.0,363.91,363.91,0.0,20.95
2025-12-31,SHP09867,CARB,CC-104,LTL,2025-12-27,2025-12-28,151.0,35.33,23.5,history,209.83,1.0,223.23,223.23,0.0,36.9,186.33,186.33,0.0,23.5
2025-12-31,SHP09868,CARG,CC-101,TL,2025-12-27,2025-12-31,2614.43,520.52,14.14,history,3149.09,1.0,3134.95,3134.95,0.0,0.0,3134.95,3134.95,0.0,14.14
2025-12-31,SHP09869,CARA,CC-103,LTL,2025-12-27,2025-12-29,800.7,187.36,20.95,history,1009.01,2.0,1976.12,1976.12,0.0,988.06,988.06,988.06,0.0,20.95
2025-12-31,SHP09870,CARB,CC-101,LTL,2025-12-27,2025-12-28,135.65,31.74,23.5,history,190.89,1.0,292.39,167.39,125.0,0.0,292.39,167.39,125.0,-101.5
2025-12-31,SHP09871,CARD,CC-103,LTL,2025-12-27,2025-12-30,571.73,133.78,20.73,history,726.24,1.0,713.09,713.09,0.0,0.0,713.09,713.09,0.0,13.15
2025-12-31,SHP09872,CARA,CC-103,LTL,2025-12-27,2025-12-31,546.98,127.99,20.95,history,695.92,1.0,674.97,674.97,0.0,0.0,674.97,674.97,0.0,20.95
2025-12-31,SHP09873,CARH,CC-102,TL,2025-12-27,2025-12-30,1194.93,246.84,13.99,history,1455.76,1.0,1591.77,1441.77,150.0,0.0,1591.77,1441.77,150.0,-136.01
2025-12-31,SHP09874,CARH,CC-102,TL,2025-12-27,2025-12-30,1194.93,246.84,13.99,history,1455.76,1.0,1441.56,1441.56,0.0,0.0,1441.56,1441.56,0.0,14.2
2025-12-31,SHP09876,CARB,CC-102,LTL,2025-12-27,2025-12-29,301.01,70.44,23.5,history,394.95,1.0,371.51,371.51,0.0,0.0,371.51,371.51,0.0,23.44
2025-12-31,SHP09877,CARD,CC-104,LTL,2025-12-27,2025-12-29,359.57,84.14,20.73,history,464.44,1.0,443.71,443.71,0.0,0.0,443.71,443.71,0.0,20.73
2025-12-31,SHP09878,CARG,CC-105,TL,2025-12-27,2025-12-30,3118.98,599.28,14.14,history,3732.4,1.0,3718.26,3718.26,0.0,0.0,3718.26,3718.26,0.0,14.14
2025-12-31,SHP09879,CARH,CC-102,TL,2025-12-27,2025-12-31,2414.45,494.12,13.99,history,2922.56,1.0,2908.57,2908.57,0.0,0.0,2908.57,2908.57,0.0,13.99
2025-12-31,SHP09881,CARG,CC-101,TL,2025-12-27,2025-12-31,2614.43,520.52,14.14,history,3149.09,1.0,3134.95,3134.95,0.0,0.0,3134.95,3134.95,0.0,14.14
2025-12-31,SHP09882,CARD,CC-104,LTL,2025-12-27,2025-12-29,295.3,69.1,20.73,history,385.13,1.0,365.49,365.49,0.0,0.0,365.49,365.49,0.0,19.64
2025-12-31,SHP09883,CARD,CC-105,LTL,2025-12-27,2025-12-30,921.73,215.68,20.73,history,1158.14,1.0,1137.41,1137.41,0.0,0.0,1137.41,1137.41,0.0,20.73
2025-12-31,SHP09884,CARE,CC-101,LTL,2025-12-27,2025-12-28,116.66,27.3,20.04,history,164.0,1.0,268.96,143.96,125.0,0.0,268.96,143.96,125.0,-104.96
2025-12-31,SHP09885,CARD,CC-104,LTL,2025-12-28,2025-12-30,283.4,66.32,20.73,history,370.45,1.0,349.72,349.72,0.0,0.0,349.72,349.72,0.0,20.73
2025-12-31,SHP09886,CARG,CC-105,TL,2025-12-28,2025-12-29,519.2,103.84,14.14,history,637.18,1.0,623.04,623.04,0.0,0.0,623.04,623.04,0.0,14.14
2025-12-31,SHP09888,CARC,CC-101,LTL,2025-12-28,2025-12-31,460.13,107.67,19.31,history,587.11,1.0,567.8,567.8,0.0,0.0,567.8,567.8,0.0,19.31
2025-12-31,SHP09891,CARE,CC-104,LTL,2025-12-28,2025-12-30,1161.64,271.82,20.04,history,1453.5,1.0,1433.46,1433.46,0.0,0.0,1433.46,1433.46,0.0,20.04
2025-12-31,SHP09892,CARD,CC-102,LTL,2025-12-28,2025-12-30,162.4,38.0,20.73,history,221.13,1.0,222.05,222.05,0.0,21.64,200.41,200.41,0.0,20.72
2025-12-31,SHP09893,CARA,CC-101,LTL,2025-12-28,2025-12-30,305.93,71.59,20.95,history,398.47,1.0,377.52,377.52,0.0,0.0,377.52,377.52,0.0,20.95
2025-12-31,SHP09895,CARE,CC-103,LTL,2025-12-28,2025-12-31,506.37,118.49,20.04,history,644.9,1.0,749.86,624.86,125.0,0.0,749.86,624.86,125.0,-104.96
2025-12-31,SHP09897,CARC,CC-102,LTL,2025-12-28,2025-12-30,1479.87,346.29,19.31,history,1845.47,1.0,1921.16,1826.16,95.0,0.0,1921.16,1826.16,95.0,-75.69
2025-12-31,SHP09899,CARD,CC-102,LTL,2025-12-28,2025-12-29,153.65,35.95,20.73,history,210.33,1.0,200.4,200.4,0.0,0.0,200.4,200.4,0.0,9.93
2025-12-31,SHP09901,CARE,CC-104,LTL,2025-12-28,2025-12-30,626.12,146.51,20.04,history,792.67,1.0,772.63,772.63,0.0,0.0,772.63,772.63,0.0,20.04
2025-12-31,SHP09903,CARA,CC-104,LTL,2025-12-28,2025-12-30,148.92,34.85,20.95,history,204.72,1.0,183.77,183.77,0.0,0.0,183.77,183.77,0.0,20.95
2025-12-31,SHP09904,CARD,CC-101,LTL,2025-12-28,2025-12-30,469.08,109.76,20.73,history,599.57,1.0,578.84,578.84,0.0,0.0,578.84,578.84,0.0,20.73
2025-12-31,SHP09907,CARH,CC-102,TL,2025-12-28,2025-12-31,1194.93,246.84,13.99,history,1455.76,1.0,1441.77,1441.77,0.0,0.0,1441.77,1441.77,0.0,13.99
2025-12-31,SHP09908,CARE,CC-102,LTL,2025-12-28,2025-12-31,110.0,25.74,20.04,history,155.78,1.0,135.74,135.74,0.0,0.0,135.74,135.74,0.0,20.04
2025-12-31,SHP09910,CARB,CC-102,LTL,2025-12-28,2025-12-30,578.8,135.44,23.5,history,737.74,1.0,714.24,714.24,0.0,0.0,714.24,714.24,0.0,23.5
2025-12-31,SHP09914,CARE,CC-103,LTL,2025-12-29,2025-12-31,572.34,133.93,20.04,history,726.31,1.0,706.27,706.27,0.0,0.0,706.27,706.27,0.0,20.04
2025-12-31,SHP09926,CARC,CC-103,LTL,2025-12-29,2025-12-31,734.57,171.89,19.31,history,925.77,1.0,906.46,906.46,0.0,0.0,906.46,906.46,0.0,19.31
2025-12-31,SHP09927,CARH,CC-104,TL,2025-12-29,2025-12-31,1536.12,322.91,13.99,history,1873.02,1.0,1859.03,1859.03,0.0,0.0,1859.03,1859.03,0.0,13.99
2025-12-31,SHP09928,CARC,CC-101,LTL,2025-12-29,2025-12-30,334.8,78.34,19.31,history,432.45,1.0,413.14,413.14,0.0,0.0,413.14,413.14,0.0,19.31
2025-12-31,SHP09929,CARE,CC-102,LTL,2025-12-29,2025-12-31,278.02,65.06,20.04,history,363.12,1.0,343.08,343.08,0.0,0.0,343.08,343.08,0.0,20.04
2025-12-31,SHP09931,CARA,CC-104,LTL,2025-12-29,2025-12-30,834.0,195.16,20.95,history,1050.11,1.0,1267.31,1267.31,0.0,238.15,1029.16,1029.16,0.0,20.95
2025-12-31,SHP09932,CARC,CC-101,LTL,2025-12-29,2025-12-31,191.39,44.79,19.31,history,255.49,1.0,236.18,236.18,0.0,0.0,236.18,236.18,0.0,19.31
2025-12-31,SHP09934,CARE,CC-103,LTL,2025-12-29,2025-12-31,1718.35,402.09,20.04,history,2140.48,1.0,2124.66,2124.66,0.0,0.0,2124.66,2124.66,0.0,15.82
2025-12-31,SHP09941,CARB,CC-104,LTL,2025-12-29,2025-12-30,110.0,25.74,23.5,history,159.24,1.0,135.74,135.74,0.0,0.0,135.74,135.74,0.0,23.5
2025-12-31,SHP09942,CARA,CC-104,LTL,2025-12-29,2025-12-31,329.09,77.01,20.95,history,427.05,1.0,406.1,406.1,0.0,0.0,406.1,406.1,0.0,20.95
2025-12-31,SHP09943,CARC,CC-104,LTL,2025-12-29,2025-12-30,137.52,32.18,19.31,history,189.01,1.0,190.65,190.65,0.0,20.95,169.7,169.7,0.0,19.31
2025-12-31,SHP09947,CARE,CC-104,LTL,2025-12-30,2025-12-31,125.5,29.37,20.04,history,174.91,1.0,154.87,154.87,0.0,0.0,154.87,154.87,0.0,20.04
2025-12-31,SHP09954,CARH,CC-104,TL,2025-12-30,2025-12-31,872.0,171.53,13.99,history,1057.52,1.0,1043.53,1043.53,0.0,0.0,1043.53,1043.53,0.0,13.99
2025-12-31,SHP09956,CARC,CC-104,LTL,2025-12-30,2025-12-31,606.54,141.93,19.31,history,767.78,1.0,933.22,838.22,95.0,89.75,843.47,748.47,95.0,-75.69
2025-12-31,SHP09961,CARE,CC-101,LTL,2025-12-30,2025-12-31,110.0,25.74,20.04,history,155.78,1.0,230.74,135.74,95.0,0.0,230.74,135.74,95.0,-74.96
