invoice_id,error_type,reason,dollar_impact_estimate,shipment_id,billed_value,expected_value,related_invoice_id,counted_in_recoverable
CARA:04220308,duplicate_invoice,"Duplicate of invoice 0101464 (same shipment or BOL, total within tolerance): total $988.06 vs $988.06, received 39 days after the first copy (2026-01-10)",988.06,SHP09869,988.06,988.06,CARA:88606918,True
CARA:07274603,duplicate_invoice,"Duplicate of invoice 0100978 (same shipment or BOL, total within tolerance): total $220.51 vs $220.51, received 12 days after the first copy (2025-09-24)",220.51,SHP06387,220.51,220.51,CARA:89739149,True
CARA:25552321,duplicate_invoice,"Duplicate of invoice 0101193 (same shipment or BOL, total within tolerance): total $857.43 vs $857.43, received 24 days after the first copy (2025-11-07)",857.43,SHP07893,857.43,857.43,CARA:79389260,True
CARA:31476189,duplicate_invoice,"Duplicate of invoice 0100746 (same shipment or BOL, total within tolerance): total $442.59 vs $442.59, received 32 days after the first copy (2025-07-25)",442.59,SHP05166,442.59,442.59,CARA:28544357,True
CARA:38240927,duplicate_invoice,"Duplicate of invoice 0100032 (same shipment or BOL, total within tolerance): total $722.44 vs $722.44, received 20 days after the first copy (2025-01-29)",722.44,SHP00415,722.44,722.44,CARA:32903913,True
CARA:39264017,duplicate_invoice,"Duplicate of invoice 0100680 (same shipment or BOL, total within tolerance): total $2,025.95 vs $2,025.95, received 29 days after the first copy (2025-07-04)",2025.95,SHP04493,2025.95,2025.95,CARA:60028024,True
CARA:42815508,duplicate_invoice,"Duplicate of invoice 0100869 (same shipment or BOL, total within tolerance): total $279.65 vs $279.65, received 20 days after the first copy (2025-08-27)",279.65,SHP05964,279.65,279.65,CARA:25073059,True
CARA:58317929,duplicate_invoice,"Duplicate of invoice 0100416 (same shipment or BOL, total within tolerance): total $491.94 vs $491.94, received 43 days after the first copy (2025-05-10)",491.94,SHP02898,491.94,491.94,CARA:65034552,True
CARA:59075540,duplicate_invoice,"Duplicate of invoice 0100200 (same shipment or BOL, total within tolerance): total $909.72 vs $909.72, received 32 days after the first copy (2025-03-18)",909.72,SHP01466,909.72,909.72,CARA:82873367,True
CARA:60592169,duplicate_invoice,"Duplicate of invoice 0101422 (same shipment or BOL, total within tolerance): total $418.42 vs $418.42, received 18 days after the first copy (2025-12-31)",418.42,SHP09060,418.42,418.42,CARA:78572353,True
CARA:63493998,duplicate_invoice,"Duplicate of invoice 0101334 (same shipment or BOL, total within tolerance): total $659.58 vs $659.58, received 6 days after the first copy (2025-12-10)",659.58,SHP08853,659.58,659.58,CARA:65241425,True
CARA:64172410,duplicate_invoice,"Duplicate of invoice 0101284 (same shipment or BOL, total within tolerance): total $935.32 vs $935.32, received 14 days after the first copy (2025-12-02)",935.32,SHP08734,935.32,935.32,CARA:47007831,True
CARA:77865875,duplicate_invoice,"Duplicate of invoice 0101282 (same shipment or BOL, total within tolerance): total $306.89 vs $306.89, received 31 days after the first copy (2025-11-28)",306.89,SHP08706,306.89,306.89,CARA:25584999,True
CARA:89679480,duplicate_invoice,"Duplicate of invoice 0100716 (same shipment or BOL, total within tolerance): total $1,095.64 vs $1,095.64, received 13 days after the first copy (2025-07-15)",1095.64,SHP04677,1095.64,1095.64,CARA:83777927,True
CARA:98473198,duplicate_invoice,"Duplicate of invoice 0101138 (same shipment or BOL, total within tolerance): total $1,281.09 vs $1,281.09, received 44 days after the first copy (2025-10-25)",1281.09,SHP07430,1281.09,1281.09,CARA:91424762,True
CARA:99586620,duplicate_invoice,"Duplicate of invoice 0100902 (same shipment or BOL, total within tolerance): total $897.99 vs $897.99, received 31 days after the first copy (2025-09-06)",897.99,SHP06071,897.99,897.99,CARA:50645531,True
CARA:99647698,duplicate_invoice,"Duplicate of invoice 0100450 (same shipment or BOL, total within tolerance): total $763.63 vs $763.63, received 32 days after the first copy (2025-05-13)",763.63,SHP03032,763.63,763.63,CARA:80510175,True
CARB:06876360,duplicate_invoice,"Duplicate of invoice 0200044 (same shipment or BOL, total within tolerance): total $528.01 vs $528.01, received 7 days after the first copy (2025-02-01)",528.01,SHP00328,528.01,528.01,CARB:31820295,True
CARB:08413222,duplicate_invoice,"Duplicate of invoice 0200330 (same shipment or BOL, total within tolerance): total $1,100.46 vs $1,100.46, received 12 days after the first copy (2025-04-08)",1100.46,SHP02220,1100.46,1100.46,CARB:27542992,True
CARB:15183428,duplicate_invoice,"Duplicate of invoice 0200765 (same shipment or BOL, total within tolerance): total $469.73 vs $469.73, received 14 days after the first copy (2025-07-07)",469.73,SHP04337,469.73,469.73,CARB:89604321,True
CARB:16081129,duplicate_invoice,"Duplicate of invoice 0201492 (same shipment or BOL, total within tolerance): total $1,021.99 vs $1,021.99, received 14 days after the first copy (2025-12-02)",1021.99,SHP08271,1021.99,1021.99,CARB:45222113,True
CARB:19037146,duplicate_invoice,"Duplicate of invoice 0201003 (same shipment or BOL, total within tolerance): total $1,601.25 vs $1,601.25, received 16 days after the first copy (2025-08-26)",1601.25,SHP05778,1601.25,1601.25,CARB:43010818,True
CARB:21323995,duplicate_invoice,"Duplicate of invoice 0201684 (same shipment or BOL, total within tolerance): total $577.96 vs $577.96, received 23 days after the first copy (2026-01-12)",577.96,SHP09721,577.96,577.96,CARB:72061990,True
CARB:21578985,duplicate_invoice,"Duplicate of invoice 0201407 (same shipment or BOL, total within tolerance): total $260.47 vs $260.47, received 24 days after the first copy (2025-11-15)",260.47,SHP08176,260.47,260.47,CARB:28833772,True
CARB:25818416,duplicate_invoice,"Duplicate of invoice 0200361 (same shipment or BOL, total within tolerance): total $132.77 vs $132.77, received 37 days after the first copy (2025-04-19)",132.77,SHP02132,132.77,132.77,CARB:01195415,True
CARB:34153471,duplicate_invoice,"Duplicate of invoice 0200191 (same shipment or BOL, total within tolerance): total $547.95 vs $547.95, received 12 days after the first copy (2025-03-06)",547.95,SHP01284,547.95,547.95,CARB:74941357,True
CARB:37825614,duplicate_invoice,"Duplicate of invoice 0201254 (same shipment or BOL, total within tolerance): total $866.05 vs $866.05, received 9 days after the first copy (2025-10-19)",866.05,SHP06890,866.05,866.05,CARB:59054244,True
CARB:48228632,duplicate_invoice,"Duplicate of invoice 0200772 (same shipment or BOL, total within tolerance): total $1,260.99 vs $1,260.99, received 29 days after the first copy (2025-07-10)",1260.99,SHP03893,1260.99,1260.99,CARB:85381879,True
CARB:50612769,duplicate_invoice,"Duplicate of invoice 0200740 (same shipment or BOL, total within tolerance): total $656.42 vs $656.42, received 43 days after the first copy (2025-07-06)",656.42,SHP04259,656.42,656.42,CARB:18894358,True
CARB:74949386,duplicate_invoice,"Duplicate of invoice 0201728 (same shipment or BOL, total within tolerance): total $659.82 vs $659.82, received 9 days after the first copy (2026-01-26)",659.82,SHP09922,659.82,659.82,CARB:55306709,True
CARB:82668552,duplicate_invoice,"Duplicate of invoice 0200474 (same shipment or BOL, total within tolerance): total $838.30 vs $838.30, received 20 days after the first copy (2025-05-13)",838.3,SHP02893,838.3,838.3,CARB:88720168,True
CARB:89409037,duplicate_invoice,"Duplicate of invoice 0200681 (same shipment or BOL, total within tolerance): total $2,045.87 vs $2,045.87, received 29 days after the first copy (2025-06-26)",2045.87,SHP02850,2045.87,2045.87,CARB:13406035,True
CARB:89529791,duplicate_invoice,"Duplicate of invoice 0200065 (same shipment or BOL, total within tolerance): total $281.06 vs $281.06, received 32 days after the first copy (2025-02-08)",281.06,SHP00512,281.06,281.06,CARB:86548329,True
CARB:89928977,duplicate_invoice,"Duplicate of invoice 0200037 (same shipment or BOL, total within tolerance): total $667.50 vs $667.50, received 14 days after the first copy (2025-02-01)",667.5,SHP00298,667.5,667.5,CARB:86985036,True
CARB:95583923,duplicate_invoice,"Duplicate of invoice 0200357 (same shipment or BOL, total within tolerance): total $526.89 vs $526.89, received 22 days after the first copy (2025-04-17)",526.89,SHP01520,526.89,526.89,CARB:67646174,True
CARC:03337898,duplicate_invoice,"Duplicate of invoice 0300283 (same shipment or BOL, total within tolerance): total $936.10 vs $936.10, received 10 days after the first copy (2025-04-02)",936.1,SHP01946,936.1,936.1,CARC:03375102,True
CARC:05309398,duplicate_invoice,"Duplicate of invoice 0300319 (same shipment or BOL, total within tolerance): total $808.91 vs $808.91, received 42 days after the first copy (2025-04-08)",808.91,SHP02121,808.91,808.91,CARC:19879173,True
CARC:06520630,duplicate_invoice,"Duplicate of invoice 0301642 (same shipment or BOL, total within tolerance): total $171.98 vs $171.98, received 7 days after the first copy (2026-01-10)",171.98,SHP09825,171.98,171.98,CARC:95305443,True
CARC:16673863,duplicate_invoice,"Duplicate of invoice 0300260 (same shipment or BOL, total within tolerance): total $928.29 vs $928.29, received 21 days after the first copy (2025-03-28)",928.29,SHP01352,928.29,928.29,CARC:53486179,True
CARC:16883377,duplicate_invoice,"Duplicate of invoice 0300723 (same shipment or BOL, total within tolerance): total $255.77 vs $255.77, received 23 days after the first copy (2025-06-30)",255.77,SHP04550,255.77,255.77,CARC:69791402,True
CARC:19019239,duplicate_invoice,"Duplicate of invoice 0300247 (same shipment or BOL, total within tolerance): total $1,036.53 vs $1,036.53, received 18 days after the first copy (2025-03-22)",1036.53,SHP01761,1036.53,1036.53,CARC:72591592,True
CARC:20085482,duplicate_invoice,"Duplicate of invoice 0301573 (same shipment or BOL, total within tolerance): total $1,331.82 vs $1,331.82, received 10 days after the first copy (2025-12-26)",1331.82,SHP09406,1331.82,1331.82,CARC:89311472,True
CARC:21432065,duplicate_invoice,"Duplicate of invoice 0301173 (same shipment or BOL, total within tolerance): total $499.19 vs $499.19, received 41 days after the first copy (2025-10-15)",499.19,SHP07404,499.19,499.19,CARC:40988277,True
CARC:31059561,duplicate_invoice,"Duplicate of invoice 0300760 (same shipment or BOL, total within tolerance): total $1,133.25 vs $1,133.25, received 33 days after the first copy (2025-07-09)",1133.25,SHP04743,1133.25,1133.25,CARC:96849745,True
CARC:41799234,duplicate_invoice,"Duplicate of invoice 0300706 (same shipment or BOL, total within tolerance): total $1,005.73 vs $1,005.73, received 21 days after the first copy (2025-06-27)",1005.73,SHP04434,1005.73,1005.73,CARC:09214431,True
CARC:42842773,duplicate_invoice,"Duplicate of invoice 0300224 (same shipment or BOL, total within tolerance): total $2,161.44 vs $2,161.44, received 44 days after the first copy (2025-03-18)",2161.44,SHP01413,2161.44,2161.44,CARC:21577190,True
CARC:48135875,duplicate_invoice,"Duplicate of invoice 0300516 (same shipment or BOL, total within tolerance): total $2,862.28 vs $2,862.28, received 28 days after the first copy (2025-05-22)",2862.28,SHP03420,2862.28,2862.28,CARC:38987991,True
CARC:52492102,duplicate_invoice,"Duplicate of invoice 0301390 (same shipment or BOL, total within tolerance): total $687.44 vs $687.44, received 16 days after the first copy (2025-11-24)",687.44,SHP08455,687.44,687.44,CARC:59915736,True
CARC:52962950,duplicate_invoice,"Duplicate of invoice 0300975 (same shipment or BOL, total within tolerance): total $966.43 vs $966.43, received 30 days after the first copy (2025-08-31)",966.43,SHP05987,966.43,966.43,CARC:21868273,True
CARC:56923106,duplicate_invoice,"Duplicate of invoice 0301449 (same shipment or BOL, total within tolerance): total $709.02 vs $709.02, received 29 days after the first copy (2025-12-03)",709.02,SHP08914,709.02,709.02,CARC:22058879,True
CARC:63205612,duplicate_invoice,"Duplicate of invoice 0301159 (same shipment or BOL, total within tolerance): total $517.65 vs $517.65, received 32 days after the first copy (2025-10-14)",517.65,SHP07233,517.65,517.65,CARC:04532486,True
CARC:66797335,duplicate_invoice,"Duplicate of invoice 0301569 (same shipment or BOL, total within tolerance): total $398.89 vs $398.89, received 33 days after the first copy (2025-12-26)",398.89,SHP09409,398.89,398.89,CARC:33627593,True
CARC:67571951,duplicate_invoice,"Duplicate of invoice 0300243 (same shipment or BOL, total within tolerance): total $2,182.85 vs $2,182.85, received 32 days after the first copy (2025-03-20)",2182.85,SHP01613,2182.85,2182.85,CARC:50765346,True
CARC:72515841,duplicate_invoice,"Duplicate of invoice 0300933 (same shipment or BOL, total within tolerance): total $277.08 vs $277.08, received 35 days after the first copy (2025-08-23)",277.08,SHP05714,277.08,277.08,CARC:23805402,True
CARC:73035582,duplicate_invoice,"Duplicate of invoice 0301266 (same shipment or BOL, total within tolerance): total $428.99 vs $428.99, received 12 days after the first copy (2025-11-03)",428.99,SHP07919,428.99,428.99,CARC:86071059,True
CARC:76302377,duplicate_invoice,"Duplicate of invoice 0300922 (same shipment or BOL, total within tolerance): total $426.71 vs $426.71, received 10 days after the first copy (2025-08-19)",426.71,SHP05664,426.71,426.71,CARC:53875788,True
CARC:82335710,duplicate_invoice,"Duplicate of invoice 0301456 (same shipment or BOL, total within tolerance): total $2,059.93 vs $2,059.93, received 29 days after the first copy (2025-12-08)",2059.93,SHP08910,2059.93,2059.93,CARC:88084421,True
CARC:85526864,duplicate_invoice,"Duplicate of invoice 0300488 (same shipment or BOL, total within tolerance): total $132.77 vs $132.77, received 32 days after the first copy (2025-05-19)",132.77,SHP03331,132.77,132.77,CARC:22658994,True
CARC:86944665,duplicate_invoice,"Duplicate of invoice 0300879 (same shipment or BOL, total within tolerance): total $1,019.54 vs $1,019.54, received 44 days after the first copy (2025-08-07)",1019.54,SHP05387,1019.54,1019.54,CARC:40919894,True
CARC:88837619,duplicate_invoice,"Duplicate of invoice 0300215 (same shipment or BOL, total within tolerance): total $335.53 vs $335.53, received 12 days after the first copy (2025-03-15)",335.53,SHP00792,335.53,335.53,CARC:95722606,True
CARC:91628125,duplicate_invoice,"Duplicate of invoice 0300985 (same shipment or BOL, total within tolerance): total $323.84 vs $323.84, received 18 days after the first copy (2025-08-29)",323.84,SHP06034,323.84,323.84,CARC:70752693,True
CARC:94980630,duplicate_invoice,"Duplicate of invoice 0300961 (same shipment or BOL, total within tolerance): total $136.73 vs $136.73, received 10 days after the first copy (2025-08-25)",136.73,SHP05994,136.73,136.73,CARC:76627707,True
CARC:97915514,duplicate_invoice,"Duplicate of invoice 0301238 (same shipment or BOL, total within tolerance): total $526.35 vs $526.35, received 35 days after the first copy (2025-10-27)",526.35,SHP07739,526.35,526.35,CARC:66207598,True
CARD:03675556,duplicate_invoice,"Duplicate of invoice 0400492 (same shipment or BOL, total within tolerance): total $947.50 vs $947.50, received 14 days after the first copy (2025-05-11)",947.5,SHP02777,947.5,947.5,CARD:20636214,True
CARD:04970123,duplicate_invoice,"Duplicate of invoice 0401769 (same shipment or BOL, total within tolerance): total $395.76 vs $395.76, received 41 days after the first copy (2026-01-13)",395.76,SHP09863,395.76,395.76,CARD:79298602,True
CARD:11094538,duplicate_invoice,"Duplicate of invoice 0400002 (same shipment or BOL, total within tolerance): total $763.40 vs $763.40, received 13 days after the first copy (2025-01-18)",763.4,SHP00006,763.4,763.4,CARD:21176129,True
CARD:11293606,duplicate_invoice,"Duplicate of invoice 0401426 (same shipment or BOL, total within tolerance): total $582.20 vs $582.20, received 23 days after the first copy (2025-11-10)",582.2,SHP07880,582.2,582.2,CARD:98406403,True
CARD:19919826,duplicate_invoice,"Duplicate of invoice 0400382 (same shipment or BOL, total within tolerance): total $316.52 vs $316.52, received 13 days after the first copy (2025-04-20)",316.52,SHP01360,316.52,316.52,CARD:36277822,True
CARD:23101239,duplicate_invoice,"Duplicate of invoice 0401049 (same shipment or BOL, total within tolerance): total $1,540.50 vs $1,540.50, received 31 days after the first copy (2025-08-29)",1540.5,SHP05970,1540.5,1540.5,CARD:76875247,True
CARD:24799408,duplicate_invoice,"Duplicate of invoice 0400827 (same shipment or BOL, total within tolerance): total $680.66 vs $680.66, received 25 days after the first copy (2025-07-16)",680.66,SHP04427,680.66,680.66,CARD:19593603,True
CARD:28493008,duplicate_invoice,"Duplicate of invoice 0400579 (same shipment or BOL, total within tolerance): total $191.25 vs $191.25, received 38 days after the first copy (2025-06-02)",191.25,SHP03314,191.25,191.25,CARD:93761486,True
CARD:29610795,duplicate_invoice,"Duplicate of invoice 0400714 (same shipment or BOL, total within tolerance): total $920.72 vs $920.72, received 12 days after the first copy (2025-06-25)",920.72,SHP04087,920.72,920.72,CARD:66048189,True
CARD:32017479,duplicate_invoice,"Duplicate of invoice 0401458 (same shipment or BOL, total within tolerance): total $295.88 vs $295.88, received 31 days after the first copy (2025-11-13)",295.88,SHP07844,295.88,295.88,CARD:08533219,True
CARD:32767940,duplicate_invoice,"Duplicate of invoice 0401431 (same shipment or BOL, total within tolerance): total $144.83 vs $144.83, received 44 days after the first copy (2025-11-08)",144.83,SHP07617,144.83,144.83,CARD:13150009,True
CARD:35383812,duplicate_invoice,"Duplicate of invoice 0400545 (same shipment or BOL, total within tolerance): total $244.00 vs $244.00, received 24 days after the first copy (2025-05-24)",244.0,SHP02968,244.0,244.0,CARD:56266165,True
CARD:37269711,duplicate_invoice,"Duplicate of invoice 0400850 (same shipment or BOL, total within tolerance): total $257.24 vs $257.24, received 10 days after the first copy (2025-07-20)",257.24,SHP05135,257.24,257.24,CARD:61081914,True
CARD:37972270,duplicate_invoice,"Duplicate of invoice 0400966 (same shipment or BOL, total within tolerance): total $1,647.04 vs $1,647.04, received 33 days after the first copy (2025-08-17)",1647.04,SHP05297,1647.04,1647.04,CARD:39924466,True
CARD:46009740,duplicate_invoice,"Duplicate of invoice 0401557 (same shipment or BOL, total within tolerance): total $1,548.76 vs $1,548.76, received 38 days after the first copy (2025-11-29)",1548.76,SHP08738,1548.76,1548.76,CARD:38321122,True
CARD:47801252,duplicate_invoice,"Duplicate of invoice 0400672 (same shipment or BOL, total within tolerance): total $409.03 vs $409.03, received 17 days after the first copy (2025-06-16)",409.03,SHP03442,409.03,409.03,CARD:25745142,True
CARD:49928059,duplicate_invoice,"Duplicate of invoice 0401682 (same shipment or BOL, total within tolerance): total $524.29 vs $524.29, received 16 days after the first copy (2025-12-28)",524.29,SHP08072,524.29,524.29,CARD:60307271,True
CARD:55106772,duplicate_invoice,"Duplicate of invoice 0400776 (same shipment or BOL, total within tolerance): total $133.76 vs $133.76, received 28 days after the first copy (2025-07-07)",133.76,SHP04547,133.76,133.76,CARD:12749943,True
CARD:57919922,duplicate_invoice,"Duplicate of invoice 0400415 (same shipment or BOL, total within tolerance): total $487.01 vs $487.01, received 16 days after the first copy (2025-04-25)",487.01,SHP02557,487.01,487.01,CARD:34164404,True
CARD:59646325,duplicate_invoice,"Duplicate of invoice 0401526 (same shipment or BOL, total within tolerance): total $454.53 vs $454.53, received 17 days after the first copy (2025-11-26)",454.53,SHP08512,454.53,454.53,CARD:34621900,True
CARD:66991178,duplicate_invoice,"Duplicate of invoice 0401097 (same shipment or BOL, total within tolerance): total $527.93 vs $527.93, received 44 days after the first copy (2025-09-06)",527.93,SHP06335,527.93,527.93,CARD:67668193,True
CARD:68422735,duplicate_invoice,"Duplicate of invoice 0400789 (same shipment or BOL, total within tolerance): total $581.38 vs $581.38, received 40 days after the first copy (2025-07-08)",581.38,SHP04506,581.38,581.38,CARD:12260497,True
CARD:86968619,duplicate_invoice,"Duplicate of invoice 0400773 (same shipment or BOL, total within tolerance): total $172.16 vs $172.16, received 18 days after the first copy (2025-07-07)",172.16,SHP04362,172.16,172.16,CARD:54000695,True
CARD:89596037,duplicate_invoice,"Duplicate of invoice 0401368 (same shipment or BOL, total within tolerance): total $866.25 vs $866.25, received 30 days after the first copy (2025-10-30)",866.25,SHP07436,866.25,866.25,CARD:59323328,True
CARD:90892747,duplicate_invoice,"Duplicate of invoice 0401345 (same shipment or BOL, total within tolerance): total $284.99 vs $284.99, received 32 days after the first copy (2025-10-26)",284.99,SHP07541,284.99,284.99,CARD:13264231,True
CARD:94157951,duplicate_invoice,"Duplicate of invoice 0401779 (same shipment or BOL, total within tolerance): total $332.78 vs $332.78, received 30 days after the first copy (2026-01-12)",332.78,SHP09568,332.78,332.78,CARD:66096376,True
CARD:97328194,duplicate_invoice,"Duplicate of invoice 0401080 (same shipment or BOL, total within tolerance): total $959.18 vs $959.18, received 32 days after the first copy (2025-09-04)",959.18,SHP04623,959.18,959.18,CARD:80700920,True
CARE:00478712,duplicate_invoice,"Duplicate of invoice 0501171 (same shipment or BOL, total within tolerance): total $2,441.26 vs $2,441.26, received 23 days after the first copy (2025-10-30)",2441.26,SHP07696,2441.26,2441.26,CARE:02654144,True
CARE:04025140,duplicate_invoice,"Duplicate of invoice 0500803 (same shipment or BOL, total within tolerance): total $1,527.40 vs $1,527.40, received 13 days after the first copy (2025-08-10)",1527.4,SHP05533,1527.4,1527.4,CARE:59135264,True
CARE:06682417,duplicate_invoice,"Duplicate of invoice 0500663 (same shipment or BOL, total within tolerance): total $135.90 vs $135.90, received 44 days after the first copy (2025-07-04)",135.9,SHP04372,135.9,135.9,CARE:13286494,True
CARE:11038100,duplicate_invoice,"Duplicate of invoice 0500214 (same shipment or BOL, total within tolerance): total $1,067.04 vs $1,067.04, received 24 days after the first copy (2025-03-23)",1067.04,SHP01429,1067.04,1067.04,CARE:70244410,True
CARE:12756338,duplicate_invoice,"Duplicate of invoice 0501393 (same shipment or BOL, total within tolerance): total $1,181.36 vs $1,181.36, received 18 days after the first copy (2025-12-22)",1181.36,SHP08958,1181.36,1181.36,CARE:56074872,True
CARE:13759078,duplicate_invoice,"Duplicate of invoice 0500228 (same shipment or BOL, total within tolerance): total $606.24 vs $606.24, received 37 days after the first copy (2025-03-26)",606.24,SHP00900,606.24,606.24,CARE:41459385,True
CARE:16140304,duplicate_invoice,"Duplicate of invoice 0500260 (same shipment or BOL, total within tolerance): total $547.14 vs $547.14, received 10 days after the first copy (2025-04-03)",547.14,SHP01852,547.14,547.14,CARE:74189473,True
CARE:16919393,duplicate_invoice,"Duplicate of invoice 0501176 (same shipment or BOL, total within tolerance): total $202.39 vs $202.39, received 19 days after the first copy (2025-11-04)",202.39,SHP07703,202.39,202.39,CARE:83451574,True
CARE:20137262,duplicate_invoice,"Duplicate of invoice 0500071 (same shipment or BOL, total within tolerance): total $575.65 vs $575.65, received 40 days after the first copy (2025-02-10)",575.65,SHP00660,575.65,575.65,CARE:06268045,True
CARE:21241763,duplicate_invoice,"Duplicate of invoice 0501273 (same shipment or BOL, total within tolerance): total $742.73 vs $742.73, received 26 days after the first copy (2025-11-26)",742.73,SHP07938,742.73,742.73,CARE:34566678,True
CARE:36643829,duplicate_invoice,"Duplicate of invoice 0501242 (same shipment or BOL, total within tolerance): total $1,146.03 vs $1,146.03, received 39 days after the first copy (2025-11-16)",1146.03,SHP07962,1146.03,1146.03,CARE:96492187,True
CARE:51393970,duplicate_invoice,"Duplicate of invoice 0500376 (same shipment or BOL, total within tolerance): total $1,165.27 vs $1,165.27, received 38 days after the first copy (2025-04-30)",1165.27,SHP02706,1165.27,1165.27,CARE:77343009,True
CARE:57855985,duplicate_invoice,"Duplicate of invoice 0500048 (same shipment or BOL, total within tolerance): total $902.08 vs $902.08, received 45 days after the first copy (2025-02-04)",902.08,SHP00386,902.08,902.08,CARE:47073854,True
CARE:59732005,duplicate_invoice,"Duplicate of invoice 0500285 (same shipment or BOL, total within tolerance): total $158.23 vs $158.23, received 30 days after the first copy (2025-04-11)",158.23,SHP02170,158.23,158.23,CARE:44049395,True
CARE:63044437,duplicate_invoice,"Duplicate of invoice 0500761 (same shipment or BOL, total within tolerance): total $225.61 vs $225.61, received 7 days after the first copy (2025-08-01)",225.61,SHP05191,225.61,225.61,CARE:75277839,True
CARE:69904303,duplicate_invoice,"Duplicate of invoice 0500898 (same shipment or BOL, total within tolerance): total $458.73 vs $458.73, received 39 days after the first copy (2025-09-05)",458.73,SHP05977,458.73,458.73,CARE:12615337,True
CARE:97943428,duplicate_invoice,"Duplicate of invoice 0500922 (same shipment or BOL, total within tolerance): total $1,056.05 vs $1,056.05, received 44 days after the first copy (2025-09-07)",1056.05,SHP06301,1056.05,1056.05,CARE:66555208,True
CARF:14284536,duplicate_invoice,"Duplicate of invoice 0600267 (same shipment or BOL, total within tolerance): total $5,691.37 vs $5,691.37, received 32 days after the first copy (2025-06-09)",5691.37,SHP03672,5691.37,5691.37,CARF:54610639,True
CARF:26203604,duplicate_invoice,"Duplicate of invoice 0600648 (same shipment or BOL, total within tolerance): total $2,927.74 vs $2,927.74, received 22 days after the first copy (2025-11-27)",2927.74,SHP08793,2927.74,2927.74,CARF:04582152,True
CARF:58208346,duplicate_invoice,"Duplicate of invoice 0600395 (same shipment or BOL, total within tolerance): total $841.31 vs $841.31, received 42 days after the first copy (2025-08-02)",841.31,SHP04611,841.31,841.31,CARF:66663075,True
CARF:78356934,duplicate_invoice,"Duplicate of invoice 0600215 (same shipment or BOL, total within tolerance): total $909.84 vs $909.84, received 32 days after the first copy (2025-05-17)",909.84,SHP03204,909.84,909.84,CARF:11261618,True
CARF:87561514,duplicate_invoice,"Duplicate of invoice 0600065 (same shipment or BOL, total within tolerance): total $2,174.46 vs $2,174.46, received 30 days after the first copy (2025-02-26)",2174.46,SHP01154,2174.46,2174.46,CARF:00284044,True
CARF:95377056,duplicate_invoice,"Duplicate of invoice 0600330 (same shipment or BOL, total within tolerance): total $1,741.96 vs $1,741.96, received 26 days after the first copy (2025-07-05)",1741.96,SHP04624,1741.96,1741.96,CARF:12953349,True
CARG:00528255,duplicate_invoice,"Duplicate of invoice 0700386 (same shipment or BOL, total within tolerance): total $740.58 vs $740.58, received 33 days after the first copy (2025-08-06)",740.58,SHP05257,740.58,740.58,CARG:05747826,True
CARG:01576514,duplicate_invoice,"Duplicate of invoice 0700075 (same shipment or BOL, total within tolerance): total $528.33 vs $528.33, received 16 days after the first copy (2025-03-08)",528.33,SHP00704,528.33,528.33,CARG:41264979,True
CARG:22601768,duplicate_invoice,"Duplicate of invoice 0700486 (same shipment or BOL, total within tolerance): total $537.95 vs $537.95, received 45 days after the first copy (2025-09-28)",537.95,SHP06480,537.95,537.95,CARG:86641811,True
CARG:30001298,duplicate_invoice,"Duplicate of invoice 0700473 (same shipment or BOL, total within tolerance): total $3,733.24 vs $3,733.24, received 18 days after the first copy (2025-09-26)",3733.24,SHP06593,3733.24,3733.24,CARG:30919989,True
CARG:38385222,duplicate_invoice,"Duplicate of invoice 0700117 (same shipment or BOL, total within tolerance): total $3,699.63 vs $3,699.63, received 29 days after the first copy (2025-03-26)",3699.63,SHP01766,3699.63,3699.63,CARG:62384007,True
CARG:38838676,duplicate_invoice,"Duplicate of invoice 0700472 (same shipment or BOL, total within tolerance): total $539.00 vs $539.00, received 29 days after the first copy (2025-09-26)",539.0,SHP06318,539.0,539.0,CARG:12059787,True
CARG:42850616,duplicate_invoice,"Duplicate of invoice 0700257 (same shipment or BOL, total within tolerance): total $2,792.61 vs $2,792.61, received 43 days after the first copy (2025-05-30)",2792.61,SHP03194,2792.61,2792.61,CARG:08610642,True
CARG:56701105,duplicate_invoice,"Duplicate of invoice 0700595 (same shipment or BOL, total within tolerance): total $1,010.95 vs $1,010.95, received 45 days after the first copy (2025-11-06)",1010.95,SHP08062,1010.95,1010.95,CARG:55296897,True
CARG:61266377,duplicate_invoice,"Duplicate of invoice 0700219 (same shipment or BOL, total within tolerance): total $3,065.55 vs $3,065.55, received 17 days after the first copy (2025-05-11)",3065.55,SHP02797,3065.55,3065.55,CARG:95837919,True
CARG:64064907,duplicate_invoice,"Duplicate of invoice 0700124 (same shipment or BOL, total within tolerance): total $977.34 vs $977.34, received 21 days after the first copy (2025-04-02)",977.34,SHP01589,977.34,977.34,CARG:76698588,True
CARG:70525462,duplicate_invoice,"Duplicate of invoice 0700681 (same shipment or BOL, total within tolerance): total $5,639.79 vs $5,639.79, received 18 days after the first copy (2025-12-24)",5639.79,SHP09077,5639.79,5639.79,CARG:93238050,True
CARG:80105573,duplicate_invoice,"Duplicate of invoice 0700694 (same shipment or BOL, total within tolerance): total $537.42 vs $537.42, received 12 days after the first copy (2026-01-01)",537.42,SHP09641,537.42,537.42,CARG:46112583,True
CARG:99551723,duplicate_invoice,"Duplicate of invoice 0700013 (same shipment or BOL, total within tolerance): total $3,757.94 vs $3,757.94, received 9 days after the first copy (2025-01-27)",3757.94,SHP00026,3757.94,3757.94,CARG:41164508,True
CARH:00540071,duplicate_invoice,"Duplicate of invoice 0800402 (same shipment or BOL, total within tolerance): total $4,793.91 vs $4,793.91, received 12 days after the first copy (2025-11-13)",4793.91,SHP07381,4793.91,4793.91,CARH:71481738,True
CARH:46846739,duplicate_invoice,"Duplicate of invoice 0800268 (same shipment or BOL, total within tolerance): total $718.94 vs $718.94, received 5 days after the first copy (2025-08-24)",718.94,SHP05194,718.94,718.94,CARH:61558163,True
CARH:50097456,duplicate_invoice,"Duplicate of invoice 0800408 (same shipment or BOL, total within tolerance): total $4,725.17 vs $4,725.17, received 16 days after the first copy (2025-11-15)",4725.17,SHP07741,4725.17,4725.17,CARH:93213416,True
CARH:57053639,duplicate_invoice,"Duplicate of invoice 0800093 (same shipment or BOL, total within tolerance): total $1,312.36 vs $1,312.36, received 5 days after the first copy (2025-04-13)",1312.36,SHP01988,1312.36,1312.36,CARH:14441256,True
CARH:88757223,duplicate_invoice,"Duplicate of invoice 0800312 (same shipment or BOL, total within tolerance): total $1,346.42 vs $1,346.42, received 44 days after the first copy (2025-09-19)",1346.42,SHP05923,1346.42,1346.42,CARH:42441343,True
CARH:93570292,duplicate_invoice,"Duplicate of invoice 0800453 (same shipment or BOL, total within tolerance): total $4,757.38 vs $4,757.38, received 41 days after the first copy (2025-12-14)",4757.38,SHP08753,4757.38,4757.38,CARH:97248745,True
CARH:96211391,duplicate_invoice,"Duplicate of invoice 0800460 (same shipment or BOL, total within tolerance): total $4,757.38 vs $4,757.38, received 33 days after the first copy (2025-12-19)",4757.38,SHP08717,4757.38,4757.38,CARH:33222739,True
CARH:96536186,duplicate_invoice,"Duplicate of invoice 0800407 (same shipment or BOL, total within tolerance): total $4,595.14 vs $4,595.14, received 16 days after the first copy (2025-11-12)",4595.14,SHP08192,4595.14,4595.14,CARH:23377476,True
CARA:14401101,phantom_invoice,"No shipment matches BOL 18987858 (Memphis → Houston, shipped 2025-01-24, 1,902 lb); whole invoice $633.19 in question",633.19,,633.19,0.0,,True
CARA:33863840,phantom_invoice,"No shipment matches BOL 21217034 (Dallas → Philadelphia, shipped 2025-09-28, 2,050 lb); whole invoice $1,437.91 in question",1437.91,,1437.91,0.0,,True
CARA:41053902,phantom_invoice,"No shipment matches BOL 62438697 (Columbus → Nashville, shipped 2025-05-07, 742 lb); whole invoice $238.59 in question",238.59,,238.59,0.0,,True
CARA:43907653,phantom_invoice,"No shipment matches BOL 80136120 (Dallas → Miami, shipped 2025-06-10, 1,895 lb); whole invoice $1,163.71 in question",1163.71,,1163.71,0.0,,True
CARA:47262462,phantom_invoice,"No shipment matches BOL 22106964 (Chicago → Charlotte, shipped 2025-02-20, 1,973 lb); whole invoice $740.62 in question",740.62,,740.62,0.0,,True
CARA:66716157,phantom_invoice,"No shipment matches BOL 57598419 (Columbus → Phoenix, shipped 2025-11-06, 1,240 lb); whole invoice $1,317.22 in question",1317.22,,1317.22,0.0,,True
CARA:69006587,phantom_invoice,"No shipment matches BOL 61036252 (Chicago → Nashville, shipped 2025-10-11, 630 lb); whole invoice $254.19 in question",254.19,,254.19,0.0,,True
CARA:70106922,phantom_invoice,"No shipment matches BOL 74324345 (Memphis → Pittsburgh, shipped 2025-01-28, 2,427 lb); whole invoice $957.38 in question",957.38,,957.38,0.0,,True
CARB:03947559,phantom_invoice,"No shipment matches BOL 07693511 (Atlanta → Louisville, shipped 2025-05-19, 430 lb); whole invoice $166.96 in question",166.96,,166.96,0.0,,True
CARB:30511017,phantom_invoice,"No shipment matches BOL 04031567 (Columbus → St. Louis, shipped 2025-08-06, 913 lb); whole invoice $336.36 in question",336.36,,336.36,0.0,,True
CARB:51909739,phantom_invoice,"No shipment matches BOL 53882473 (Atlanta → Denver, shipped 2025-11-14, 828 lb); whole invoice $775.21 in question",775.21,,775.21,0.0,,True
CARC:02574057,phantom_invoice,"No shipment matches BOL 81076875 (Dallas → Pittsburgh, shipped 2025-09-10, 279 lb); whole invoice $240.40 in question",240.4,,240.4,0.0,,True
CARC:05073833,phantom_invoice,"No shipment matches BOL 37601235 (Dallas → Detroit, shipped 2025-10-07, 1,577 lb); whole invoice $993.79 in question",993.79,,993.79,0.0,,True
CARC:14715073,phantom_invoice,"No shipment matches BOL 74145898 (Atlanta → Minneapolis, shipped 2025-04-28, 2,642 lb); whole invoice $1,251.63 in question",1251.63,,1251.63,0.0,,True
CARC:16950235,phantom_invoice,"No shipment matches BOL 81130661 (Columbus → Indianapolis, shipped 2025-12-20, 2,137 lb); whole invoice $345.32 in question",345.32,,345.32,0.0,,True
CARC:42826646,phantom_invoice,"No shipment matches BOL 39599648 (Atlanta → Kansas City, shipped 2025-06-25, 2,687 lb); whole invoice $994.38 in question",994.38,,994.38,0.0,,True
CARC:51442410,phantom_invoice,"No shipment matches BOL 67459836 (Atlanta → Phoenix, shipped 2025-01-22, 3,741 lb); whole invoice $2,984.22 in question",2984.22,,2984.22,0.0,,True
CARC:53340006,phantom_invoice,"No shipment matches BOL 85148689 (Chicago → Orlando, shipped 2025-09-19, 1,259 lb); whole invoice $759.98 in question",759.98,,759.98,0.0,,True
CARC:63673845,phantom_invoice,"No shipment matches BOL 73920488 (Dallas → Pittsburgh, shipped 2025-12-29, 2,820 lb); whole invoice $1,507.84 in question",1507.84,,1507.84,0.0,,True
CARC:64071455,phantom_invoice,"No shipment matches BOL 11191829 (Atlanta → Phoenix, shipped 2025-06-27, 526 lb); whole invoice $576.12 in question",576.12,,576.12,0.0,,True
CARC:69327175,phantom_invoice,"No shipment matches BOL 51456233 (Dallas → Detroit, shipped 2025-05-24, 211 lb); whole invoice $171.88 in question",171.88,,171.88,0.0,,True
CARC:72123028,phantom_invoice,"No shipment matches BOL 35819282 (Dallas → Detroit, shipped 2025-11-03, 288 lb); whole invoice $243.28 in question",243.28,,243.28,0.0,,True
CARC:77549424,phantom_invoice,"No shipment matches BOL 79559324 (Chicago → Louisville, shipped 2025-06-09, 883 lb); whole invoice $239.43 in question",239.43,,239.43,0.0,,True
CARC:82298374,phantom_invoice,"No shipment matches BOL 44365609 (Dallas → St. Louis, shipped 2025-02-16, 1,052 lb); whole invoice $411.91 in question",411.91,,411.91,0.0,,True
CARC:83993153,phantom_invoice,"No shipment matches BOL 40294574 (Columbus → Indianapolis, shipped 2025-04-05, 2,721 lb); whole invoice $426.95 in question",426.95,,426.95,0.0,,True
CARC:86122666,phantom_invoice,"No shipment matches BOL 58774910 (Atlanta → Kansas City, shipped 2025-10-24, 1,349 lb); whole invoice $604.74 in question",604.74,,604.74,0.0,,True
CARD:03972374,phantom_invoice,"No shipment matches BOL BOL#44019751 (Atlanta → Indianapolis, shipped 2025-04-21, 977 lb); whole invoice $309.11 in question",309.11,,309.11,0.0,,True
CARD:09714383,phantom_invoice,"No shipment matches BOL BOL#52108531 (Dallas → Seattle, shipped 2025-03-18, 464 lb); whole invoice $501.39 in question",501.39,,501.39,0.0,,True
CARD:13346293,phantom_invoice,"No shipment matches BOL BOL#28120246 (Atlanta → Pittsburgh, shipped 2025-03-24, 900 lb); whole invoice $332.65 in question",332.65,,332.65,0.0,,True
CARD:15279094,phantom_invoice,"No shipment matches BOL BOL#08006827 (Columbus → Pittsburgh, shipped 2025-06-26, 694 lb); whole invoice $145.71 in question",145.71,,145.71,0.0,,True
CARD:18287316,phantom_invoice,"No shipment matches BOL BOL#82208283 (Dallas → Seattle, shipped 2025-04-05, 2,616 lb); whole invoice $1,939.03 in question",1939.03,,1939.03,0.0,,True
CARD:25020877,phantom_invoice,"No shipment matches BOL BOL#79595701 (Dallas → Philadelphia, shipped 2025-06-27, 2,771 lb); whole invoice $1,809.94 in question",1809.94,,1809.94,0.0,,True
CARD:28082766,phantom_invoice,"No shipment matches BOL BOL#18369021 (Dallas → Boston, shipped 2025-08-20, 468 lb); whole invoice $485.58 in question",485.58,,485.58,0.0,,True
CARD:46053916,phantom_invoice,"No shipment matches BOL BOL#27245232 (Columbus → Louisville, shipped 2025-04-11, 755 lb); whole invoice $168.32 in question",168.32,,168.32,0.0,,True
CARD:50247499,phantom_invoice,"No shipment matches BOL BOL#98672339 (Dallas → Pittsburgh, shipped 2025-09-04, 871 lb); whole invoice $619.14 in question",619.14,,619.14,0.0,,True
CARD:55590236,phantom_invoice,"No shipment matches BOL BOL#87738926 (Dallas → Philadelphia, shipped 2025-12-15, 1,232 lb); whole invoice $960.63 in question",960.63,,960.63,0.0,,True
CARD:63746769,phantom_invoice,"No shipment matches BOL BOL#38544151 (Memphis → Nashville, shipped 2025-09-12, 4,541 lb); whole invoice $742.44 in question",742.44,,742.44,0.0,,True
CARD:85629517,phantom_invoice,"No shipment matches BOL BOL#87258335 (Atlanta → Kansas City, shipped 2025-11-27, 422 lb); whole invoice $250.75 in question",250.75,,250.75,0.0,,True
CARD:92261948,phantom_invoice,"No shipment matches BOL BOL#83176959 (Dallas → Boston, shipped 2025-12-30, 1,180 lb); whole invoice $989.29 in question",989.29,,989.29,0.0,,True
CARE:42022069,phantom_invoice,"No shipment matches BOL 71609302 (Chicago → Indianapolis, shipped 2025-07-30, 2,277 lb); whole invoice $374.73 in question",374.73,,374.73,0.0,,True
CARE:77765341,phantom_invoice,"No shipment matches BOL 82461310 (Atlanta → Detroit, shipped 2025-07-25, 825 lb); whole invoice $426.26 in question",426.26,,426.26,0.0,,True
CARF:06010623,phantom_invoice,"No shipment matches BOL 97296995 (Dallas → Pittsburgh, shipped 2025-11-11, 18,155 lb); whole invoice $3,556.90 in question",3556.9,,3556.9,0.0,,True
CARF:09684723,phantom_invoice,"No shipment matches BOL 60489527 (Columbus → New York, shipped 2025-12-21, 17,539 lb); whole invoice $1,531.80 in question",1531.8,,1531.8,0.0,,True
CARF:13554926,phantom_invoice,"No shipment matches BOL 51950957 (Chicago → St. Louis, shipped 2025-02-26, 40,352 lb); whole invoice $836.22 in question",836.22,,836.22,0.0,,True
CARF:21222474,phantom_invoice,"No shipment matches BOL 51818422 (Columbus → New York, shipped 2025-12-14, 22,896 lb); whole invoice $1,535.42 in question",1535.42,,1535.42,0.0,,True
CARF:56336889,phantom_invoice,"No shipment matches BOL 13154664 (Columbus → Salt Lake City, shipped 2025-11-22, 28,734 lb); whole invoice $4,937.69 in question",4937.69,,4937.69,0.0,,True
CARF:82325822,phantom_invoice,"No shipment matches BOL 52392589 (Dallas → Phoenix, shipped 2025-05-17, 29,928 lb); whole invoice $2,771.16 in question",2771.16,,2771.16,0.0,,True
CARF:88071240,phantom_invoice,"No shipment matches BOL 47128363 (Columbus → Kansas City, shipped 2025-03-11, 19,941 lb); whole invoice $1,977.37 in question",1977.37,,1977.37,0.0,,True
CARF:94328405,phantom_invoice,"No shipment matches BOL 12213671 (Atlanta → Philadelphia, shipped 2025-08-07, 32,048 lb); whole invoice $2,122.95 in question",2122.95,,2122.95,0.0,,True
CARG:02665059,phantom_invoice,"No shipment matches BOL 92199145 (Chicago → Indianapolis, shipped 2025-05-16, 32,490 lb); whole invoice $527.58 in question",527.58,,527.58,0.0,,True
CARG:38319490,phantom_invoice,"No shipment matches BOL 37909800 (Chicago → Seattle, shipped 2025-11-14, 32,489 lb); whole invoice $5,680.52 in question",5680.52,,5680.52,0.0,,True
CARG:55420910,phantom_invoice,"No shipment matches BOL 59259249 (Chicago → Indianapolis, shipped 2025-03-05, 31,411 lb); whole invoice $528.24 in question",528.24,,528.24,0.0,,True
CARG:63976517,phantom_invoice,"No shipment matches BOL 74664253 (Dallas → Charlotte, shipped 2025-06-12, 22,452 lb); whole invoice $2,809.51 in question",2809.51,,2809.51,0.0,,True
CARH:46967835,phantom_invoice,"No shipment matches BOL BOL#17227475 (Chicago → Phoenix, shipped 2025-09-14, 27,897 lb); whole invoice $4,661.88 in question",4661.88,,4661.88,0.0,,True
CARH:69619882,phantom_invoice,"No shipment matches BOL BOL#92297278 (Atlanta → Pittsburgh, shipped 2025-09-17, 19,682 lb); whole invoice $1,611.43 in question",1611.43,,1611.43,0.0,,True
CARA:00782063,rate_overcharge,"Linehaul $5,343.38 vs contract $4,826.14 (Memphis → Seattle, rate effective 2025-01-01): +$517.24 (+10.7%); est. $624.31 with fuel surcharge",624.31,SHP01724,5343.38,4826.14,,True
CARA:05100939,rate_overcharge,"Linehaul $145.44 vs contract $137.72 (Dallas → Philadelphia, rate effective 2025-01-01): +$7.72 (+5.6%); est. $9.60 with fuel surcharge",9.6,SHP06360,145.44,137.72,,True
CARA:07286558,rate_overcharge,"Linehaul $584.45 vs contract $533.31 (Atlanta → Boston, rate effective 2025-01-01): +$51.14 (+9.6%); est. $64.49 with fuel surcharge",64.49,SHP08449,584.45,533.31,,True
CARA:07438084,rate_overcharge,"Linehaul $2,275.09 vs contract $2,026.50 (Dallas → Miami, rate effective 2025-01-01): +$248.59 (+12.3%); est. $300.05 with fuel surcharge",300.05,SHP00096,2275.09,2026.5,,True
CARA:12788181,rate_overcharge,"Linehaul $1,449.71 vs contract $1,310.40 (Dallas → Boston, rate effective 2025-01-01): +$139.31 (+10.6%); est. $168.15 with fuel surcharge",168.15,SHP01247,1449.71,1310.4,,True
CARA:13909496,rate_overcharge,"Linehaul $404.30 vs contract $365.78 (Dallas → Miami, rate effective 2025-01-01): +$38.52 (+10.5%); est. $46.84 with fuel surcharge",46.84,SHP04468,404.3,365.78,,True
CARA:16413617,rate_overcharge,"Linehaul $548.81 vs contract $481.64 (Dallas → Los Angeles, rate effective 2025-01-01): +$67.17 (+13.9%); est. $82.89 with fuel surcharge",82.89,SHP05473,548.81,481.64,,True
CARA:17264600,rate_overcharge,"Linehaul $527.37 vs contract $498.75 (Memphis → Pittsburgh, rate effective 2025-01-01): +$28.62 (+5.7%); est. $36.35 with fuel surcharge",36.35,SHP07563,527.37,498.75,,True
CARA:22402943,rate_overcharge,"Linehaul $1,676.44 vs contract $1,487.20 (Dallas → Seattle, rate effective 2025-01-01): +$189.24 (+12.7%); est. $231.82 with fuel surcharge",231.82,SHP04819,1676.44,1487.2,,True
CARA:23189017,rate_overcharge,"Linehaul $310.75 vs contract $298.03 (Memphis → Houston, rate effective 2025-01-01): +$12.72 (+4.3%); est. $16.15 with fuel surcharge",16.15,SHP07592,310.75,298.03,,True
CARA:27831186,rate_overcharge,"Linehaul $725.09 vs contract $658.95 (Atlanta → Boston, rate effective 2025-01-01): +$66.14 (+10.0%); est. $79.83 with fuel surcharge",79.83,SHP02667,725.09,658.95,,True
CARA:28297843,rate_overcharge,"Linehaul $412.15 vs contract $385.80 (Chicago → Salt Lake City, rate effective 2025-01-01): +$26.35 (+6.8%); est. $31.80 with fuel surcharge",31.8,SHP02033,412.15,385.8,,True
CARA:29463240,rate_overcharge,"Linehaul $498.17 vs contract $440.52 (Dallas → Los Angeles, rate effective 2025-01-01): +$57.65 (+13.1%); est. $70.10 with fuel surcharge",70.1,SHP04373,498.17,440.52,,True
CARA:31907576,rate_overcharge,"Linehaul $449.28 vs contract $393.80 (Columbus → Nashville, rate effective 2025-01-01): +$55.48 (+14.1%); est. $67.46 with fuel surcharge",67.46,SHP04482,449.28,393.8,,True
CARA:32215981,rate_overcharge,"Linehaul $1,134.85 vs contract $1,020.72 (Chicago → Charlotte, rate effective 2025-01-01): +$114.13 (+11.2%); est. $139.81 with fuel surcharge",139.81,SHP04609,1134.85,1020.72,,True
CARA:32215996,rate_overcharge,"Linehaul $410.73 vs contract $378.60 (Columbus → Boston, rate effective 2025-01-01): +$32.13 (+8.5%); est. $38.78 with fuel surcharge",38.78,SHP02618,410.73,378.6,,True
CARA:39203586,rate_overcharge,"Linehaul $5,140.87 vs contract $4,830.00 (Memphis → Seattle, rate effective 2025-01-01): +$310.87 (+6.4%); est. $380.82 with fuel surcharge",380.82,SHP05306,5140.87,4830.0,,True
CARA:39218896,rate_overcharge,"Linehaul $932.59 vs contract $834.00 (Columbus → Nashville, rate effective 2025-01-01): +$98.59 (+11.8%); est. $119.89 with fuel surcharge",119.89,SHP00697,932.59,834.0,,True
CARA:41722422,rate_overcharge,"Linehaul $1,230.88 vs contract $1,085.40 (Dallas → Los Angeles, rate effective 2025-01-01): +$145.48 (+13.4%); est. $183.45 with fuel surcharge",183.45,SHP08143,1230.88,1085.4,,True
CARA:46302852,rate_overcharge,"Linehaul $1,155.83 vs contract $1,103.69 (Memphis → Seattle, rate effective 2025-01-01): +$52.14 (+4.7%); est. $62.93 with fuel surcharge",62.93,SHP00117,1155.83,1103.69,,True
CARA:46361344,rate_overcharge,"Linehaul $452.99 vs contract $397.30 (Atlanta → Philadelphia, rate effective 2025-01-01): +$55.69 (+14.0%); est. $69.22 with fuel surcharge",69.22,SHP05582,452.99,397.3,,True
CARA:46815124,rate_overcharge,"Linehaul $866.17 vs contract $834.00 (Columbus → Nashville, rate effective 2025-01-01): +$32.17 (+3.9%); est. $38.83 with fuel surcharge",38.83,SHP04030,866.17,834.0,,True
CARA:47390171,rate_overcharge,"Linehaul $723.16 vs contract $671.00 (Chicago → Salt Lake City, rate effective 2025-01-01): +$52.16 (+7.8%); est. $62.96 with fuel surcharge",62.96,SHP02028,723.16,671.0,,True
CARA:52880130,rate_overcharge,"Linehaul $456.44 vs contract $436.42 (Dallas → Philadelphia, rate effective 2025-01-01): +$20.02 (+4.6%); est. $25.25 with fuel surcharge",25.25,SHP08161,456.44,436.42,,True
CARA:54892446,rate_overcharge,"Linehaul $836.00 vs contract $737.96 (Dallas → Miami, rate effective 2025-01-01): +$98.04 (+13.3%); est. $118.33 with fuel surcharge",118.33,SHP00747,836.0,737.96,,True
CARA:72476825,rate_overcharge,"Linehaul $905.13 vs contract $833.75 (Columbus → Salt Lake City, rate effective 2025-01-01): +$71.38 (+8.6%); est. $86.80 with fuel surcharge",86.8,SHP03655,905.13,833.75,,True
CARA:76753526,rate_overcharge,"Linehaul $310.97 vs contract $275.50 (Dallas → St. Louis, rate effective 2025-01-01): +$35.47 (+12.9%); est. $42.81 with fuel surcharge",42.81,SHP03102,310.97,275.5,,True
CARA:77855270,rate_overcharge,"Linehaul $573.44 vs contract $517.17 (Atlanta → Denver, rate effective 2025-01-01): +$56.27 (+10.9%); est. $68.42 with fuel surcharge",68.42,SHP00645,573.44,517.17,,True
CARA:81720227,rate_overcharge,"Linehaul $332.90 vs contract $322.05 (Chicago → Nashville, rate effective 2025-01-01): +$10.85 (+3.4%); est. $13.58 with fuel surcharge",13.58,SHP09189,332.9,322.05,,True
CARA:92779919,rate_overcharge,"Linehaul $1,301.95 vs contract $1,228.46 (Atlanta → Denver, rate effective 2025-01-01): +$73.49 (+6.0%); est. $89.36 with fuel surcharge",89.36,SHP04385,1301.95,1228.46,,True
CARA:93079406,rate_overcharge,"Linehaul $927.10 vs contract $886.84 (Chicago → Phoenix, rate effective 2025-07-01): +$40.26 (+4.5%); est. $49.68 with fuel surcharge",49.68,SHP09864,927.1,886.84,,True
CARA:94449962,rate_overcharge,"Linehaul $427.23 vs contract $385.80 (Chicago → Salt Lake City, rate effective 2025-01-01): +$41.43 (+10.7%); est. $50.01 with fuel surcharge",50.01,SHP02606,427.23,385.8,,True
CARA:95847355,rate_overcharge,"Linehaul $348.68 vs contract $338.50 (Dallas → St. Louis, rate effective 2025-01-01): +$10.18 (+3.0%); est. $12.65 with fuel surcharge",12.65,SHP09460,348.68,338.5,,True
CARA:96723672,rate_overcharge,"Linehaul $379.00 vs contract $369.00 (Atlanta → Louisville, rate effective 2025-07-01): +$10.00 (+2.7%); est. $12.25 with fuel surcharge",12.25,SHP04997,379.0,369.0,,True
CARA:99260859,rate_overcharge,"Linehaul $407.87 vs contract $392.27 (Columbus → Nashville, rate effective 2025-01-01): +$15.60 (+4.0%); est. $19.81 with fuel surcharge",19.81,SHP07669,407.87,392.27,,True
CARB:00580967,rate_overcharge,"Linehaul $287.23 vs contract $250.12 (Columbus → St. Louis, rate effective 2025-01-01): +$37.11 (+14.8%); est. $46.80 with fuel surcharge",46.8,SHP07042,287.23,250.12,,True
CARB:01113277,rate_overcharge,"Linehaul $329.38 vs contract $290.95 (Dallas → Phoenix, rate effective 2025-07-01): +$38.43 (+13.2%); est. $48.11 with fuel surcharge",48.11,SHP06668,329.38,290.95,,True
CARB:03817508,rate_overcharge,"Linehaul $697.19 vs contract $671.12 (Chicago → St. Louis, rate effective 2025-01-01): +$26.07 (+3.9%); est. $31.47 with fuel surcharge",31.47,SHP01246,697.19,671.12,,True
CARB:24729551,rate_overcharge,"Linehaul $410.78 vs contract $396.03 (Chicago → Detroit, rate effective 2025-01-01): +$14.75 (+3.7%); est. $17.80 with fuel surcharge",17.8,SHP03003,410.78,396.03,,True
CARB:26809722,rate_overcharge,"Linehaul $458.27 vs contract $414.13 (Atlanta → St. Louis, rate effective 2025-01-01): +$44.14 (+10.7%); est. $53.28 with fuel surcharge",53.28,SHP04045,458.27,414.13,,True
CARB:27404220,rate_overcharge,"Linehaul $762.02 vs contract $709.46 (Atlanta → Philadelphia, rate effective 2025-01-01): +$52.56 (+7.4%); est. $66.75 with fuel surcharge",66.75,SHP07500,762.02,709.46,,True
CARB:29253593,rate_overcharge,"Linehaul $933.92 vs contract $834.06 (Memphis → Seattle, rate effective 2025-01-01): +$99.86 (+12.0%); est. $122.33 with fuel surcharge",122.33,SHP05178,933.92,834.06,,True
CARB:32510175,rate_overcharge,"Linehaul $686.73 vs contract $611.30 (Chicago → Detroit, rate effective 2025-01-01): +$75.43 (+12.3%); est. $91.72 with fuel surcharge",91.72,SHP00993,686.73,611.3,,True
CARB:33383105,rate_overcharge,"Linehaul $344.25 vs contract $313.18 (Columbus → Detroit, rate effective 2025-01-01): +$31.07 (+9.9%); est. $37.50 with fuel surcharge",37.5,SHP01192,344.25,313.18,,True
CARB:39042625,rate_overcharge,"Linehaul $1,608.89 vs contract $1,401.21 (Columbus → Phoenix, rate effective 2025-07-01): +$207.68 (+14.8%); est. $263.75 with fuel surcharge",263.75,SHP07522,1608.89,1401.21,,True
CARB:39610008,rate_overcharge,"Linehaul $1,682.01 vs contract $1,471.77 (Atlanta → Denver, rate effective 2025-01-01): +$210.24 (+14.3%); est. $267.00 with fuel surcharge",267.0,SHP08662,1682.01,1471.77,,True
CARB:39659809,rate_overcharge,"Linehaul $268.29 vs contract $237.04 (Dallas → Phoenix, rate effective 2025-07-01): +$31.25 (+13.2%); est. $39.69 with fuel surcharge",39.69,SHP07110,268.29,237.04,,True
CARB:45944206,rate_overcharge,"Linehaul $1,222.59 vs contract $1,089.80 (Atlanta → Denver, rate effective 2025-01-01): +$132.79 (+12.2%); est. $162.67 with fuel surcharge",162.67,SHP05249,1222.59,1089.8,,True
CARB:50804130,rate_overcharge,"Linehaul $560.01 vs contract $487.22 (Atlanta → Philadelphia, rate effective 2025-01-01): +$72.79 (+14.9%); est. $91.13 with fuel surcharge",91.13,SHP06634,560.01,487.22,,True
CARB:52519167,rate_overcharge,"Linehaul $562.67 vs contract $492.68 (Columbus → New York, rate effective 2025-01-01): +$69.99 (+14.2%); est. $88.26 with fuel surcharge",88.26,SHP08035,562.67,492.68,,True
CARB:57553492,rate_overcharge,"Linehaul $684.70 vs contract $630.83 (Columbus → Pittsburgh, rate effective 2025-01-01): +$53.87 (+8.5%); est. $65.51 with fuel surcharge",65.51,SHP03527,684.7,630.83,,True
CARB:61184656,rate_overcharge,"Linehaul $2,930.48 vs contract $2,820.94 (Columbus → Phoenix, rate effective 2025-07-01): +$109.54 (+3.9%); est. $138.13 with fuel surcharge",138.13,SHP06976,2930.48,2820.94,,True
CARB:62848197,rate_overcharge,"Linehaul $593.97 vs contract $534.70 (Columbus → Miami, rate effective 2025-01-01): +$59.27 (+11.1%); est. $71.54 with fuel surcharge",71.54,SHP03196,593.97,534.7,,True
CARB:67781331,rate_overcharge,"Linehaul $1,408.74 vs contract $1,290.36 (Dallas → Los Angeles, rate effective 2025-01-01): +$118.38 (+9.2%); est. $150.34 with fuel surcharge",150.34,SHP07761,1408.74,1290.36,,True
CARB:69939841,rate_overcharge,"Linehaul $402.80 vs contract $357.21 (Columbus → Detroit, rate effective 2025-07-01): +$45.59 (+12.8%); est. $55.85 with fuel surcharge",55.85,SHP05140,402.8,357.21,,True
CARB:73987183,rate_overcharge,"Linehaul $119.61 vs contract $110.00 (Atlanta → Nashville, rate effective 2025-01-01): +$9.61 (+8.7%); est. $12.03 with fuel surcharge",12.03,SHP06717,119.61,110.0,,True
CARB:74143782,rate_overcharge,"Linehaul $510.14 vs contract $473.40 (Atlanta → Louisville, rate effective 2025-01-01): +$36.74 (+7.8%); est. $44.35 with fuel surcharge",44.35,SHP00396,510.14,473.4,,True
CARB:80087560,rate_overcharge,"Linehaul $1,089.34 vs contract $1,037.00 (Chicago → Miami, rate effective 2025-01-01): +$52.34 (+5.0%); est. $66.00 with fuel surcharge",66.0,SHP08430,1089.34,1037.0,,True
CARB:80972627,rate_overcharge,"Linehaul $1,123.29 vs contract $1,071.11 (Atlanta → Denver, rate effective 2025-01-01): +$52.18 (+4.9%); est. $62.98 with fuel surcharge",62.98,SHP01753,1123.29,1071.11,,True
CARB:81069465,rate_overcharge,"Linehaul $209.44 vs contract $190.39 (Atlanta → Denver, rate effective 2025-01-01): +$19.05 (+10.0%); est. $24.19 with fuel surcharge",24.19,SHP08485,209.44,190.39,,True
CARB:83540423,rate_overcharge,"Linehaul $275.27 vs contract $247.63 (Chicago → Detroit, rate effective 2025-01-01): +$27.64 (+11.2%); est. $34.85 with fuel surcharge",34.85,SHP07934,275.27,247.63,,True
CARB:83663339,rate_overcharge,"Linehaul $161.46 vs contract $152.24 (Columbus → Detroit, rate effective 2025-01-01): +$9.22 (+6.1%); est. $11.13 with fuel surcharge",11.13,SHP00879,161.46,152.24,,True
CARB:86885935,rate_overcharge,"Linehaul $392.90 vs contract $351.45 (Chicago → Miami, rate effective 2025-01-01): +$41.45 (+11.8%); est. $50.03 with fuel surcharge",50.03,SHP02140,392.9,351.45,,True
CARB:88050344,rate_overcharge,"Linehaul $152.85 vs contract $135.63 (Chicago → Louisville, rate effective 2025-01-01): +$17.22 (+12.7%); est. $21.40 with fuel surcharge",21.4,SHP06131,152.85,135.63,,True
CARB:95325074,rate_overcharge,"Linehaul $169.80 vs contract $159.74 (Columbus → Pittsburgh, rate effective 2025-01-01): +$10.06 (+6.3%); est. $12.50 with fuel surcharge",12.5,SHP09481,169.8,159.74,,True
CARB:97169975,rate_overcharge,"Linehaul $3,180.19 vs contract $2,848.81 (Columbus → Phoenix, rate effective 2025-01-01): +$331.38 (+11.6%); est. $399.98 with fuel surcharge",399.98,SHP02476,3180.19,2848.81,,True
CARC:01338096,rate_overcharge,"Linehaul $662.86 vs contract $584.97 (Atlanta → Minneapolis, rate effective 2025-01-01): +$77.89 (+13.3%); est. $98.92 with fuel surcharge",98.92,SHP07560,662.86,584.97,,True
CARC:02032554,rate_overcharge,"Linehaul $444.69 vs contract $413.80 (Atlanta → Kansas City, rate effective 2025-01-01): +$30.89 (+7.5%); est. $38.67 with fuel surcharge",38.67,SHP06729,444.69,413.8,,True
CARC:05489715,rate_overcharge,"Linehaul $2,068.36 vs contract $1,959.95 (Columbus → Los Angeles, rate effective 2025-01-01): +$108.41 (+5.5%); est. $136.71 with fuel surcharge",136.71,SHP08188,2068.36,1959.95,,True
CARC:10680616,rate_overcharge,"Linehaul $472.48 vs contract $411.31 (Columbus → Kansas City, rate effective 2025-01-01): +$61.17 (+14.9%); est. $73.83 with fuel surcharge",73.83,SHP01786,472.48,411.31,,True
CARC:10829571,rate_overcharge,"Linehaul $601.17 vs contract $580.53 (Atlanta → Kansas City, rate effective 2025-01-01): +$20.64 (+3.6%); est. $25.28 with fuel surcharge",25.28,SHP05189,601.17,580.53,,True
CARC:12577600,rate_overcharge,"Linehaul $1,612.27 vs contract $1,549.70 (Dallas → Charlotte, rate effective 2025-01-01): +$62.57 (+4.0%); est. $77.77 with fuel surcharge",77.77,SHP09307,1612.27,1549.7,,True
CARC:13339032,rate_overcharge,"Linehaul $1,269.51 vs contract $1,147.30 (Dallas → Detroit, rate effective 2025-01-01): +$122.21 (+10.7%); est. $147.51 with fuel surcharge",147.51,SHP00290,1269.51,1147.3,,True
CARC:14263491,rate_overcharge,"Linehaul $1,766.67 vs contract $1,616.50 (Dallas → Charlotte, rate effective 2025-01-01): +$150.17 (+9.3%); est. $182.61 with fuel surcharge",182.61,SHP03882,1766.67,1616.5,,True
CARC:14973447,rate_overcharge,"Linehaul $887.34 vs contract $824.97 (Columbus → Miami, rate effective 2025-01-01): +$62.37 (+7.6%); est. $75.28 with fuel surcharge",75.28,SHP04081,887.34,824.97,,True
CARC:15751838,rate_overcharge,"Linehaul $654.25 vs contract $570.20 (Atlanta → Detroit, rate effective 2025-01-01): +$84.05 (+14.7%); est. $105.99 with fuel surcharge",105.99,SHP08797,654.25,570.2,,True
CARC:16329192,rate_overcharge,"Linehaul $531.99 vs contract $478.70 (Chicago → Orlando, rate effective 2025-01-01): +$53.29 (+11.1%); est. $64.80 with fuel surcharge",64.8,SHP00960,531.99,478.7,,True
CARC:16961850,rate_overcharge,"Linehaul $379.01 vs contract $335.51 (Dallas → Detroit, rate effective 2025-01-01): +$43.50 (+13.0%); est. $54.46 with fuel surcharge",54.46,SHP09287,379.01,335.51,,True
CARC:17471451,rate_overcharge,"Linehaul $387.04 vs contract $363.20 (Atlanta → Minneapolis, rate effective 2025-01-01): +$23.84 (+6.6%); est. $29.63 with fuel surcharge",29.63,SHP05766,387.04,363.2,,True
CARC:17880207,rate_overcharge,"Linehaul $277.73 vs contract $255.14 (Dallas → St. Louis, rate effective 2025-01-01): +$22.59 (+8.9%); est. $27.27 with fuel surcharge",27.27,SHP03235,277.73,255.14,,True
CARC:17964975,rate_overcharge,"Linehaul $461.41 vs contract $438.88 (Columbus → Indianapolis, rate effective 2025-01-01): +$22.53 (+5.1%); est. $27.19 with fuel surcharge",27.19,SHP02430,461.41,438.88,,True
CARC:18108487,rate_overcharge,"Linehaul $304.04 vs contract $279.21 (Atlanta → Pittsburgh, rate effective 2025-01-01): +$24.83 (+8.9%); est. $31.09 with fuel surcharge",31.09,SHP06646,304.04,279.21,,True
CARC:21344920,rate_overcharge,"Linehaul $1,712.45 vs contract $1,587.18 (Dallas → Pittsburgh, rate effective 2025-01-01): +$125.27 (+7.9%); est. $155.71 with fuel surcharge",155.71,SHP06029,1712.45,1587.18,,True
CARC:21455417,rate_overcharge,"Linehaul $200.14 vs contract $177.12 (Chicago → Louisville, rate effective 2025-01-01): +$23.02 (+13.0%); est. $27.79 with fuel surcharge",27.79,SHP02017,200.14,177.12,,True
CARC:21642943,rate_overcharge,"Linehaul $360.93 vs contract $334.80 (Chicago → Louisville, rate effective 2025-01-01): +$26.13 (+7.8%); est. $31.54 with fuel surcharge",31.54,SHP03285,360.93,334.8,,True
CARC:23018554,rate_overcharge,"Linehaul $686.85 vs contract $609.03 (Atlanta → Kansas City, rate effective 2025-01-01): +$77.82 (+12.8%); est. $98.13 with fuel surcharge",98.13,SHP07845,686.85,609.03,,True
CARC:23254776,rate_overcharge,"Linehaul $1,559.19 vs contract $1,395.16 (Atlanta → Phoenix, rate effective 2025-01-01): +$164.03 (+11.8%); est. $206.84 with fuel surcharge",206.84,SHP08821,1559.19,1395.16,,True
CARC:24106706,rate_overcharge,"Linehaul $477.54 vs contract $433.59 (Dallas → Kansas City, rate effective 2025-01-01): +$43.95 (+10.1%); est. $53.05 with fuel surcharge",53.05,SHP00094,477.54,433.59,,True
CARC:27179465,rate_overcharge,"Linehaul $155.91 vs contract $149.18 (Dallas → Kansas City, rate effective 2025-01-01): +$6.73 (+4.5%); est. $8.12 with fuel surcharge",8.12,SHP00023,155.91,149.18,,True
CARC:27223516,rate_overcharge,"Linehaul $1,975.70 vs contract $1,786.50 (Dallas → Detroit, rate effective 2025-01-01): +$189.20 (+10.6%); est. $240.28 with fuel surcharge",240.28,SHP07286,1975.7,1786.5,,True
CARC:28099324,rate_overcharge,"Linehaul $431.68 vs contract $385.47 (Columbus → Miami, rate effective 2025-01-01): +$46.21 (+12.0%); est. $57.44 with fuel surcharge",57.44,SHP06200,431.68,385.47,,True
CARC:28318354,rate_overcharge,"Linehaul $190.80 vs contract $182.15 (Chicago → Nashville, rate effective 2025-01-01): +$8.65 (+4.7%); est. $10.52 with fuel surcharge",10.52,SHP01007,190.8,182.15,,True
CARC:29290436,rate_overcharge,"Linehaul $473.26 vs contract $417.50 (Columbus → Los Angeles, rate effective 2025-01-01): +$55.76 (+13.4%); est. $67.30 with fuel surcharge",67.3,SHP00911,473.26,417.5,,True
CARC:29482483,rate_overcharge,"Linehaul $658.69 vs contract $636.37 (Chicago → Salt Lake City, rate effective 2025-01-01): +$22.32 (+3.5%); est. $27.14 with fuel surcharge",27.14,SHP03663,658.69,636.37,,True
CARC:34307565,rate_overcharge,"Linehaul $440.11 vs contract $415.90 (Atlanta → Detroit, rate effective 2025-01-01): +$24.21 (+5.8%); est. $30.53 with fuel surcharge",30.53,SHP08406,440.11,415.9,,True
CARC:35432464,rate_overcharge,"Linehaul $387.67 vs contract $362.51 (Dallas → Charlotte, rate effective 2025-01-01): +$25.16 (+6.9%); est. $30.59 with fuel surcharge",30.59,SHP03658,387.67,362.51,,True
CARC:42222929,rate_overcharge,"Linehaul $165.30 vs contract $147.96 (Dallas → Pittsburgh, rate effective 2025-01-01): +$17.34 (+11.7%); est. $20.93 with fuel surcharge",20.93,SHP02373,165.3,147.96,,True
CARC:44916785,rate_overcharge,"Linehaul $983.69 vs contract $946.79 (Columbus → Kansas City, rate effective 2025-01-01): +$36.90 (+3.9%); est. $45.87 with fuel surcharge",45.87,SHP06520,983.69,946.79,,True
CARC:45266789,rate_overcharge,"Linehaul $441.55 vs contract $408.60 (Chicago → Nashville, rate effective 2025-01-01): +$32.95 (+8.1%); est. $40.07 with fuel surcharge",40.07,SHP04377,441.55,408.6,,True
CARC:45739232,rate_overcharge,"Linehaul $1,741.22 vs contract $1,549.07 (Chicago → Orlando, rate effective 2025-01-01): +$192.15 (+12.4%); est. $242.30 with fuel surcharge",242.3,SHP07025,1741.22,1549.07,,True
CARC:45932502,rate_overcharge,"Linehaul $2,061.40 vs contract $1,879.02 (Dallas → Charlotte, rate effective 2025-01-01): +$182.38 (+9.7%); est. $220.13 with fuel surcharge",220.13,SHP00300,2061.4,1879.02,,True
CARC:49378245,rate_overcharge,"Linehaul $167.47 vs contract $152.33 (Columbus → Indianapolis, rate effective 2025-01-01): +$15.14 (+9.9%); est. $19.09 with fuel surcharge",19.09,SHP08080,167.47,152.33,,True
CARC:49397750,rate_overcharge,"Linehaul $255.13 vs contract $224.80 (Columbus → Detroit, rate effective 2025-01-01): +$30.33 (+13.5%); est. $37.97 with fuel surcharge",37.97,SHP08921,255.13,224.8,,True
CARC:57885483,rate_overcharge,"Linehaul $278.94 vs contract $248.08 (Columbus → Minneapolis, rate effective 2025-01-01): +$30.86 (+12.4%); est. $39.19 with fuel surcharge",39.19,SHP07542,278.94,248.08,,True
CARC:59915190,rate_overcharge,"Linehaul $180.39 vs contract $167.39 (Chicago → Orlando, rate effective 2025-01-01): +$13.00 (+7.8%); est. $15.93 with fuel surcharge",15.93,SHP04951,180.39,167.39,,True
CARC:61325683,rate_overcharge,"Linehaul $350.33 vs contract $306.27 (Columbus → Kansas City, rate effective 2025-01-01): +$44.06 (+14.4%); est. $53.58 with fuel surcharge",53.58,SHP03712,350.33,306.27,,True
CARC:63334449,rate_overcharge,"Linehaul $1,014.58 vs contract $883.79 (Columbus → Seattle, rate effective 2025-01-01): +$130.79 (+14.8%); est. $159.04 with fuel surcharge",159.04,SHP03417,1014.58,883.79,,True
CARC:64968565,rate_overcharge,"Linehaul $431.52 vs contract $400.89 (Chicago → Charlotte, rate effective 2025-01-01): +$30.63 (+7.6%); est. $38.90 with fuel surcharge",38.9,SHP07174,431.52,400.89,,True
CARC:65927881,rate_overcharge,"Linehaul $341.67 vs contract $308.58 (Atlanta → Phoenix, rate effective 2025-01-01): +$33.09 (+10.7%); est. $41.13 with fuel surcharge",41.13,SHP09492,341.67,308.58,,True
CARC:68329024,rate_overcharge,"Linehaul $982.76 vs contract $899.67 (Dallas → Charlotte, rate effective 2025-01-01): +$83.09 (+9.2%); est. $103.28 with fuel surcharge",103.28,SHP05767,982.76,899.67,,True
CARC:68551450,rate_overcharge,"Linehaul $360.64 vs contract $336.24 (Dallas → Kansas City, rate effective 2025-01-01): +$24.40 (+7.3%); est. $30.33 with fuel surcharge",30.33,SHP09606,360.64,336.24,,True
CARC:68651859,rate_overcharge,"Linehaul $420.86 vs contract $402.81 (Dallas → Kansas City, rate effective 2025-01-01): +$18.05 (+4.5%); est. $21.79 with fuel surcharge",21.79,SHP02061,420.86,402.81,,True
CARC:70068113,rate_overcharge,"Linehaul $749.82 vs contract $660.58 (Atlanta → Detroit, rate effective 2025-01-01): +$89.24 (+13.5%); est. $112.53 with fuel surcharge",112.53,SHP06896,749.82,660.58,,True
CARC:70415046,rate_overcharge,"Linehaul $435.35 vs contract $408.60 (Chicago → Nashville, rate effective 2025-01-01): +$26.75 (+6.5%); est. $33.73 with fuel surcharge",33.73,SHP06924,435.35,408.6,,True
CARC:73248374,rate_overcharge,"Linehaul $154.50 vs contract $137.52 (Columbus → Detroit, rate effective 2025-01-01): +$16.98 (+12.3%); est. $20.95 with fuel surcharge",20.95,SHP09943,154.5,137.52,,True
CARC:75690354,rate_overcharge,"Linehaul $2,176.52 vs contract $1,973.68 (Columbus → Salt Lake City, rate effective 2025-01-01): +$202.84 (+10.3%); est. $248.48 with fuel surcharge",248.48,SHP04920,2176.52,1973.68,,True
CARC:76058521,rate_overcharge,"Linehaul $1,417.58 vs contract $1,367.05 (Dallas → Detroit, rate effective 2025-01-01): +$50.53 (+3.7%); est. $64.17 with fuel surcharge",64.17,SHP07536,1417.58,1367.05,,True
CARC:76788844,rate_overcharge,"Linehaul $547.05 vs contract $482.08 (Dallas → Kansas City, rate effective 2025-01-01): +$64.97 (+13.5%); est. $80.76 with fuel surcharge",80.76,SHP09627,547.05,482.08,,True
CARC:80620252,rate_overcharge,"Linehaul $414.14 vs contract $373.60 (Dallas → Kansas City, rate effective 2025-01-01): +$40.54 (+10.9%); est. $49.66 with fuel surcharge",49.66,SHP04895,414.14,373.6,,True
CARC:83319190,rate_overcharge,"Linehaul $4,316.81 vs contract $4,023.00 (Columbus → Salt Lake City, rate effective 2025-01-01): +$293.81 (+7.3%); est. $373.14 with fuel surcharge",373.14,SHP08620,4316.81,4023.0,,True
CARC:86441997,rate_overcharge,"Linehaul $742.66 vs contract $706.34 (Atlanta → Phoenix, rate effective 2025-01-01): +$36.32 (+5.1%); est. $44.17 with fuel surcharge",44.17,SHP04368,742.66,706.34,,True
CARC:86550134,rate_overcharge,"Linehaul $610.96 vs contract $570.20 (Atlanta → Detroit, rate effective 2025-01-01): +$40.76 (+7.1%); est. $49.56 with fuel surcharge",49.56,SHP01066,610.96,570.2,,True
CARC:90170795,rate_overcharge,"Linehaul $596.48 vs contract $546.93 (Dallas → Kansas City, rate effective 2025-01-01): +$49.55 (+9.1%); est. $61.59 with fuel surcharge",61.59,SHP06167,596.48,546.93,,True
CARC:91508146,rate_overcharge,"Linehaul $407.10 vs contract $375.01 (Chicago → Salt Lake City, rate effective 2025-01-01): +$32.09 (+8.6%); est. $38.73 with fuel surcharge",38.73,SHP01865,407.1,375.01,,True
CARC:92418490,rate_overcharge,"Linehaul $125.41 vs contract $110.00 (Atlanta → Pittsburgh, rate effective 2025-01-01): +$15.41 (+14.0%); est. $19.57 with fuel surcharge",19.57,SHP07768,125.41,110.0,,True
CARC:92473175,rate_overcharge,"Linehaul $171.33 vs contract $149.72 (Chicago → Louisville, rate effective 2025-01-01): +$21.61 (+14.4%); est. $26.28 with fuel surcharge",26.28,SHP03673,171.33,149.72,,True
CARC:93253292,rate_overcharge,"Linehaul $516.54 vs contract $474.95 (Columbus → Kansas City, rate effective 2025-01-01): +$41.59 (+8.8%); est. $50.95 with fuel surcharge",50.95,SHP04577,516.54,474.95,,True
CARC:95553600,rate_overcharge,"Linehaul $533.35 vs contract $493.70 (Columbus → Miami, rate effective 2025-01-01): +$39.65 (+8.0%); est. $47.86 with fuel surcharge",47.86,SHP03153,533.35,493.7,,True
CARC:98137120,rate_overcharge,"Linehaul $154.49 vs contract $137.55 (Columbus → Indianapolis, rate effective 2025-01-01): +$16.94 (+12.3%); est. $21.06 with fuel surcharge",21.06,SHP05882,154.49,137.55,,True
CARC:99082698,rate_overcharge,"Linehaul $403.51 vs contract $386.19 (Columbus → Salt Lake City, rate effective 2025-01-01): +$17.32 (+4.5%); est. $22.00 with fuel surcharge",22.0,SHP08517,403.51,386.19,,True
CARC:99641072,rate_overcharge,"Linehaul $244.26 vs contract $227.36 (Columbus → Indianapolis, rate effective 2025-01-01): +$16.90 (+7.4%); est. $21.31 with fuel surcharge",21.31,SHP08780,244.26,227.36,,True
CARD:01989201,rate_overcharge,"Linehaul $117.85 vs contract $110.00 (Columbus → Indianapolis, rate effective 2025-01-01): +$7.85 (+7.1%); est. $9.55 with fuel surcharge",9.55,SHP01469,117.85,110.0,,True
CARD:02819059,rate_overcharge,"Linehaul $407.00 vs contract $373.34 (Dallas → Phoenix, rate effective 2025-01-01): +$33.66 (+9.0%); est. $42.45 with fuel surcharge",42.45,SHP07982,407.0,373.34,,True
CARD:06558571,rate_overcharge,"Linehaul $409.22 vs contract $361.81 (Dallas → Kansas City, rate effective 2025-01-01): +$47.41 (+13.1%); est. $57.22 with fuel surcharge",57.22,SHP02725,409.22,361.81,,True
CARD:06664876,rate_overcharge,"Linehaul $287.63 vs contract $274.75 (Chicago → Detroit, rate effective 2025-07-01): +$12.88 (+4.7%); est. $16.24 with fuel surcharge",16.24,SHP06829,287.63,274.75,,True
CARD:16077883,rate_overcharge,"Linehaul $329.05 vs contract $313.07 (Dallas → Seattle, rate effective 2025-01-01): +$15.98 (+5.1%); est. $19.58 with fuel surcharge",19.58,SHP04737,329.05,313.07,,True
CARD:16457030,rate_overcharge,"Linehaul $305.15 vs contract $284.77 (Chicago → Detroit, rate effective 2025-07-01): +$20.38 (+7.2%); est. $25.33 with fuel surcharge",25.33,SHP09665,305.15,284.77,,True
CARD:18202087,rate_overcharge,"Linehaul $244.43 vs contract $222.30 (Chicago → Indianapolis, rate effective 2025-01-01): +$22.13 (+10.0%); est. $26.91 with fuel surcharge",26.91,SHP01003,244.43,222.3,,True
CARD:19169875,rate_overcharge,"Linehaul $690.49 vs contract $618.03 (Memphis → Orlando, rate effective 2025-01-01): +$72.46 (+11.7%); est. $91.37 with fuel surcharge",91.37,SHP07925,690.49,618.03,,True
CARD:19768676,rate_overcharge,"Linehaul $232.58 vs contract $205.60 (Memphis → Orlando, rate effective 2025-01-01): +$26.98 (+13.1%); est. $32.56 with fuel surcharge",32.56,SHP01886,232.58,205.6,,True
CARD:25578533,rate_overcharge,"Linehaul $2,650.23 vs contract $2,499.28 (Columbus → Los Angeles, rate effective 2025-01-01): +$150.95 (+6.0%); est. $183.56 with fuel surcharge",183.56,SHP00652,2650.23,2499.28,,True
CARD:25852421,rate_overcharge,"Linehaul $291.28 vs contract $260.93 (Columbus → New York, rate effective 2025-01-01): +$30.35 (+11.6%); est. $36.63 with fuel surcharge",36.63,SHP00250,291.28,260.93,,True
CARD:26981957,rate_overcharge,"Linehaul $314.65 vs contract $290.20 (Columbus → Indianapolis, rate effective 2025-01-01): +$24.45 (+8.4%); est. $29.51 with fuel surcharge",29.51,SHP03957,314.65,290.2,,True
CARD:30052561,rate_overcharge,"Linehaul $4,389.26 vs contract $3,901.50 (Dallas → Seattle, rate effective 2025-01-01): +$487.76 (+12.5%); est. $606.29 with fuel surcharge",606.29,SHP05793,4389.26,3901.5,,True
CARD:30236308,rate_overcharge,"Linehaul $1,391.82 vs contract $1,270.57 (Dallas → Seattle, rate effective 2025-01-01): +$121.25 (+9.5%); est. $146.35 with fuel surcharge",146.35,SHP00824,1391.82,1270.57,,True
CARD:39332635,rate_overcharge,"Linehaul $733.29 vs contract $688.73 (Atlanta → Kansas City, rate effective 2025-01-01): +$44.56 (+6.5%); est. $55.39 with fuel surcharge",55.39,SHP09429,733.29,688.73,,True
CARD:40730884,rate_overcharge,"Linehaul $306.10 vs contract $277.10 (Columbus → New York, rate effective 2025-01-01): +$29.00 (+10.5%); est. $35.00 with fuel surcharge",35.0,SHP00057,306.1,277.1,,True
CARD:42206632,rate_overcharge,"Linehaul $341.47 vs contract $331.06 (Atlanta → Nashville, rate effective 2025-01-01): +$10.41 (+3.1%); est. $13.22 with fuel surcharge",13.22,SHP07435,341.47,331.06,,True
CARD:43291629,rate_overcharge,"Linehaul $196.60 vs contract $180.23 (Chicago → Detroit, rate effective 2025-07-01): +$16.37 (+9.1%); est. $20.79 with fuel surcharge",20.79,SHP07385,196.6,180.23,,True
CARD:44946568,rate_overcharge,"Linehaul $294.79 vs contract $265.50 (Atlanta → Boston, rate effective 2025-01-01): +$29.29 (+11.0%); est. $35.62 with fuel surcharge",35.62,SHP03546,294.79,265.5,,True
CARD:48303964,rate_overcharge,"Linehaul $393.22 vs contract $360.70 (Dallas → Philadelphia, rate effective 2025-01-01): +$32.52 (+9.0%); est. $41.30 with fuel surcharge",41.3,SHP07573,393.22,360.7,,True
CARD:48455316,rate_overcharge,"Linehaul $193.63 vs contract $175.55 (Atlanta → Nashville, rate effective 2025-01-01): +$18.08 (+10.3%); est. $22.47 with fuel surcharge",22.47,SHP05746,193.63,175.55,,True
CARD:50092765,rate_overcharge,"Linehaul $301.16 vs contract $271.70 (Dallas → Detroit, rate effective 2025-01-01): +$29.46 (+10.8%); est. $35.82 with fuel surcharge",35.82,SHP00647,301.16,271.7,,True
CARD:58017479,rate_overcharge,"Linehaul $457.63 vs contract $427.72 (Chicago → Detroit, rate effective 2025-01-01): +$29.91 (+7.0%); est. $36.10 with fuel surcharge",36.1,SHP03120,457.63,427.72,,True
CARD:59044464,rate_overcharge,"Linehaul $962.84 vs contract $895.20 (Memphis → Pittsburgh, rate effective 2025-01-01): +$67.64 (+7.6%); est. $83.47 with fuel surcharge",83.47,SHP09781,962.84,895.2,,True
CARD:60073354,rate_overcharge,"Linehaul $251.63 vs contract $240.36 (Chicago → Detroit, rate effective 2025-07-01): +$11.27 (+4.7%); est. $14.01 with fuel surcharge",14.01,SHP05850,251.63,240.36,,True
CARD:63409682,rate_overcharge,"Linehaul $222.06 vs contract $212.42 (Atlanta → Nashville, rate effective 2025-01-01): +$9.64 (+4.5%); est. $11.64 with fuel surcharge",11.64,SHP02383,222.06,212.42,,True
CARD:65609494,rate_overcharge,"Linehaul $122.02 vs contract $112.95 (Atlanta → Kansas City, rate effective 2025-01-01): +$9.07 (+8.0%); est. $11.03 with fuel surcharge",11.03,SHP01083,122.02,112.95,,True
CARD:71848652,rate_overcharge,"Linehaul $278.27 vs contract $250.59 (Chicago → Orlando, rate effective 2025-01-01): +$27.68 (+11.0%); est. $35.15 with fuel surcharge",35.15,SHP08530,278.27,250.59,,True
CARD:73198134,rate_overcharge,"Linehaul $119.72 vs contract $110.00 (Columbus → Pittsburgh, rate effective 2025-01-01): +$9.72 (+8.8%); est. $11.99 with fuel surcharge",11.99,SHP09795,119.72,110.0,,True
CARD:75346760,rate_overcharge,"Linehaul $179.94 vs contract $162.40 (Atlanta → Nashville, rate effective 2025-01-01): +$17.54 (+10.8%); est. $21.64 with fuel surcharge",21.64,SHP09892,179.94,162.4,,True
CARD:76635580,rate_overcharge,"Linehaul $465.39 vs contract $437.46 (Atlanta → Nashville, rate effective 2025-01-01): +$27.93 (+6.4%); est. $35.22 with fuel surcharge",35.22,SHP07031,465.39,437.46,,True
CARD:77302121,rate_overcharge,"Linehaul $776.85 vs contract $718.13 (Atlanta → Pittsburgh, rate effective 2025-01-01): +$58.72 (+8.2%); est. $70.88 with fuel surcharge",70.88,SHP02838,776.85,718.13,,True
CARD:77713127,rate_overcharge,"Linehaul $141.86 vs contract $123.83 (Columbus → Indianapolis, rate effective 2025-01-01): +$18.03 (+14.6%); est. $22.41 with fuel surcharge",22.41,SHP09682,141.86,123.83,,True
CARD:79465793,rate_overcharge,"Linehaul $223.47 vs contract $194.47 (Atlanta → Boston, rate effective 2025-01-01): +$29.00 (+14.9%); est. $35.26 with fuel surcharge",35.26,SHP03411,223.47,194.47,,True
CARD:85588354,rate_overcharge,"Linehaul $172.27 vs contract $162.40 (Atlanta → Nashville, rate effective 2025-01-01): +$9.87 (+6.1%); est. $12.36 with fuel surcharge",12.36,SHP09239,172.27,162.4,,True
CARD:87005765,rate_overcharge,"Linehaul $2,114.92 vs contract $1,912.23 (Dallas → Pittsburgh, rate effective 2025-07-01): +$202.69 (+10.6%); est. $255.59 with fuel surcharge",255.59,SHP07048,2114.92,1912.23,,True
CARD:88013626,rate_overcharge,"Linehaul $309.13 vs contract $297.56 (Atlanta → Kansas City, rate effective 2025-01-01): +$11.57 (+3.9%); est. $14.38 with fuel surcharge",14.38,SHP06217,309.13,297.56,,True
CARD:91675107,rate_overcharge,"Linehaul $198.21 vs contract $177.87 (Columbus → Louisville, rate effective 2025-07-01): +$20.34 (+11.4%); est. $25.47 with fuel surcharge",25.47,SHP06674,198.21,177.87,,True
CARD:92253937,rate_overcharge,"Linehaul $121.25 vs contract $110.00 (Columbus → New York, rate effective 2025-01-01): +$11.25 (+10.2%); est. $13.78 with fuel surcharge",13.78,SHP04968,121.25,110.0,,True
CARD:92859986,rate_overcharge,"Linehaul $200.81 vs contract $178.58 (Dallas → Miami, rate effective 2025-01-01): +$22.23 (+12.4%); est. $28.03 with fuel surcharge",28.03,SHP06841,200.81,178.58,,True
CARD:93896208,rate_overcharge,"Linehaul $1,066.83 vs contract $990.51 (Dallas → Philadelphia, rate effective 2025-01-01): +$76.32 (+7.7%); est. $92.81 with fuel surcharge",92.81,SHP01089,1066.83,990.51,,True
CARD:95697223,rate_overcharge,"Linehaul $238.92 vs contract $230.38 (Columbus → Louisville, rate effective 2025-07-01): +$8.54 (+3.7%); est. $10.77 with fuel surcharge",10.77,SHP08759,238.92,230.38,,True
CARD:98510209,rate_overcharge,"Linehaul $763.38 vs contract $732.80 (Dallas → Phoenix, rate effective 2025-01-01): +$30.58 (+4.2%); est. $36.91 with fuel surcharge",36.91,SHP00133,763.38,732.8,,True
CARD:99268103,rate_overcharge,"Linehaul $509.17 vs contract $471.00 (Columbus → New York, rate effective 2025-01-01): +$38.17 (+8.1%); est. $46.76 with fuel surcharge",46.76,SHP04778,509.17,471.0,,True
CARE:03094973,rate_overcharge,"Linehaul $677.11 vs contract $605.20 (Columbus → Minneapolis, rate effective 2025-01-01): +$71.91 (+11.9%); est. $91.33 with fuel surcharge",91.33,SHP07362,677.11,605.2,,True
CARE:03794626,rate_overcharge,"Linehaul $247.07 vs contract $227.52 (Columbus → Boston, rate effective 2025-07-01): +$19.55 (+8.6%); est. $24.30 with fuel surcharge",24.3,SHP09442,247.07,227.52,,True
CARE:05562722,rate_overcharge,"Linehaul $473.32 vs contract $446.79 (Memphis → Orlando, rate effective 2025-01-01): +$26.53 (+5.9%); est. $32.26 with fuel surcharge",32.26,SHP03727,473.32,446.79,,True
CARE:07783372,rate_overcharge,"Linehaul $503.72 vs contract $459.51 (Memphis → Orlando, rate effective 2025-07-01): +$44.21 (+9.6%); est. $56.15 with fuel surcharge",56.15,SHP07102,503.72,459.51,,True
CARE:08815098,rate_overcharge,"Linehaul $391.43 vs contract $364.10 (Atlanta → Detroit, rate effective 2025-01-01): +$27.33 (+7.5%); est. $32.99 with fuel surcharge",32.99,SHP02100,391.43,364.1,,True
CARE:09275223,rate_overcharge,"Linehaul $1,443.47 vs contract $1,333.00 (Atlanta → Phoenix, rate effective 2025-01-01): +$110.47 (+8.3%); est. $135.33 with fuel surcharge",135.33,SHP04714,1443.47,1333.0,,True
CARE:23178819,rate_overcharge,"Linehaul $483.21 vs contract $438.79 (Columbus → Kansas City, rate effective 2025-01-01): +$44.42 (+10.1%); est. $54.01 with fuel surcharge",54.01,SHP03609,483.21,438.79,,True
CARE:23907769,rate_overcharge,"Linehaul $266.43 vs contract $232.20 (Chicago → St. Louis, rate effective 2025-01-01): +$34.23 (+14.7%); est. $43.16 with fuel surcharge",43.16,SHP07899,266.43,232.2,,True
CARE:28637731,rate_overcharge,"Linehaul $333.50 vs contract $299.04 (Columbus → Boston, rate effective 2025-07-01): +$34.46 (+11.5%); est. $43.45 with fuel surcharge",43.45,SHP08809,333.5,299.04,,True
CARE:29838995,rate_overcharge,"Linehaul $263.57 vs contract $240.56 (Memphis → St. Louis, rate effective 2025-01-01): +$23.01 (+9.6%); est. $28.60 with fuel surcharge",28.6,SHP06226,263.57,240.56,,True
CARE:35393873,rate_overcharge,"Linehaul $117.77 vs contract $110.00 (Memphis → St. Louis, rate effective 2025-01-01): +$7.77 (+7.1%); est. $9.80 with fuel surcharge",9.8,SHP08741,117.77,110.0,,True
CARE:48643097,rate_overcharge,"Linehaul $792.66 vs contract $707.73 (Dallas → Charlotte, rate effective 2025-01-01): +$84.93 (+12.0%); est. $102.51 with fuel surcharge",102.51,SHP04127,792.66,707.73,,True
CARE:48898491,rate_overcharge,"Linehaul $686.17 vs contract $649.99 (Atlanta → Minneapolis, rate effective 2025-07-01): +$36.18 (+5.6%); est. $45.95 with fuel surcharge",45.95,SHP07135,686.17,649.99,,True
CARE:58269829,rate_overcharge,"Linehaul $313.00 vs contract $293.49 (Dallas → Charlotte, rate effective 2025-01-01): +$19.51 (+6.6%); est. $24.25 with fuel surcharge",24.25,SHP06312,313.0,293.49,,True
CARE:68574916,rate_overcharge,"Linehaul $117.38 vs contract $110.00 (Memphis → St. Louis, rate effective 2025-01-01): +$7.38 (+6.7%); est. $9.04 with fuel surcharge",9.04,SHP05186,117.38,110.0,,True
CARE:69284915,rate_overcharge,"Linehaul $198.24 vs contract $190.80 (Chicago → St. Louis, rate effective 2025-01-01): +$7.44 (+3.9%); est. $9.05 with fuel surcharge",9.05,SHP03649,198.24,190.8,,True
CARE:71136126,rate_overcharge,"Linehaul $419.56 vs contract $403.00 (Columbus → Kansas City, rate effective 2025-01-01): +$16.56 (+4.1%); est. $19.99 with fuel surcharge",19.99,SHP00445,419.56,403.0,,True
CARE:73705429,rate_overcharge,"Linehaul $124.59 vs contract $110.00 (Chicago → Indianapolis, rate effective 2025-01-01): +$14.59 (+13.3%); est. $17.74 with fuel surcharge",17.74,SHP03883,124.59,110.0,,True
CARE:74367548,rate_overcharge,"Linehaul $599.45 vs contract $557.40 (Columbus → Boston, rate effective 2025-07-01): +$42.05 (+7.5%); est. $51.89 with fuel surcharge",51.89,SHP05489,599.45,557.4,,True
CARE:79951531,rate_overcharge,"Linehaul $148.12 vs contract $141.93 (Chicago → Indianapolis, rate effective 2025-01-01): +$6.19 (+4.4%); est. $7.81 with fuel surcharge",7.81,SHP08707,148.12,141.93,,True
CARE:82186397,rate_overcharge,"Linehaul $149.00 vs contract $144.23 (Memphis → Nashville, rate effective 2025-01-01): +$4.77 (+3.3%); est. $6.06 with fuel surcharge",6.06,SHP08566,149.0,144.23,,True
CARE:88600765,rate_overcharge,"Linehaul $575.89 vs contract $537.10 (Chicago → Miami, rate effective 2025-01-01): +$38.79 (+7.2%); est. $49.26 with fuel surcharge",49.26,SHP07141,575.89,537.1,,True
CARF:02830694,rate_overcharge,"Linehaul $2,623.04 vs contract $2,408.90 (Atlanta → Minneapolis, rate effective 2025-01-01): +$214.14 (+8.9%)",214.14,SHP06507,2623.04,2408.9,,True
CARF:25400164,rate_overcharge,"Linehaul $2,144.19 vs contract $1,866.76 (Memphis → Pittsburgh, rate effective 2025-01-01): +$277.43 (+14.9%)",277.43,SHP00187,2144.19,1866.76,,True
CARF:31420007,rate_overcharge,"Linehaul $825.81 vs contract $784.89 (Chicago → Louisville, rate effective 2025-01-01): +$40.92 (+5.2%)",40.92,SHP00665,825.81,784.89,,True
CARF:44617712,rate_overcharge,"Linehaul $5,592.19 vs contract $4,876.30 (Dallas → Seattle, rate effective 2025-01-01): +$715.89 (+14.7%)",715.89,SHP08109,5592.19,4876.3,,True
CARF:47392535,rate_overcharge,"Linehaul $3,160.21 vs contract $2,925.24 (Dallas → Pittsburgh, rate effective 2025-07-01): +$234.97 (+8.0%)",234.97,SHP06794,3160.21,2925.24,,True
CARF:60682465,rate_overcharge,"Linehaul $1,897.14 vs contract $1,694.04 (Columbus → Kansas City, rate effective 2025-01-01): +$203.10 (+12.0%)",203.1,SHP01432,1897.14,1694.04,,True
CARF:62439697,rate_overcharge,"Linehaul $3,001.19 vs contract $2,781.68 (Dallas → Detroit, rate effective 2025-01-01): +$219.51 (+7.9%)",219.51,SHP08163,3001.19,2781.68,,True
CARF:64659723,rate_overcharge,"Linehaul $6,373.70 vs contract $5,564.80 (Columbus → Los Angeles, rate effective 2025-01-01): +$808.90 (+14.5%)",808.9,SHP03915,6373.7,5564.8,,True
CARF:65289782,rate_overcharge,"Linehaul $2,121.81 vs contract $1,866.76 (Memphis → Pittsburgh, rate effective 2025-01-01): +$255.05 (+13.7%)",255.05,SHP02666,2121.81,1866.76,,True
CARF:72748064,rate_overcharge,"Linehaul $1,282.46 vs contract $1,231.20 (Atlanta → Indianapolis, rate effective 2025-01-01): +$51.26 (+4.2%)",51.26,SHP04178,1282.46,1231.2,,True
CARF:86303914,rate_overcharge,"Linehaul $1,834.43 vs contract $1,763.58 (Atlanta → Philadelphia, rate effective 2025-01-01): +$70.85 (+4.0%)",70.85,SHP01986,1834.43,1763.58,,True
CARF:90038562,rate_overcharge,"Linehaul $5,938.52 vs contract $5,564.80 (Columbus → Los Angeles, rate effective 2025-01-01): +$373.72 (+6.7%)",373.72,SHP04397,5938.52,5564.8,,True
CARF:91487888,rate_overcharge,"Linehaul $5,881.70 vs contract $5,564.80 (Columbus → Los Angeles, rate effective 2025-01-01): +$316.90 (+5.7%)",316.9,SHP07032,5881.7,5564.8,,True
CARF:97390258,rate_overcharge,"Linehaul $6,283.00 vs contract $5,564.80 (Columbus → Los Angeles, rate effective 2025-01-01): +$718.20 (+12.9%)",718.2,SHP03849,6283.0,5564.8,,True
CARG:00858272,rate_overcharge,"Linehaul $3,330.22 vs contract $3,150.84 (Atlanta → Denver, rate effective 2025-01-01): +$179.38 (+5.7%)",179.38,SHP04418,3330.22,3150.84,,True
CARG:01093063,rate_overcharge,"Linehaul $3,170.97 vs contract $2,972.59 (Dallas → Miami, rate effective 2025-01-01): +$198.38 (+6.7%)",198.38,SHP02506,3170.97,2972.59,,True
CARG:06580813,rate_overcharge,"Linehaul $473.31 vs contract $450.00 (Columbus → Pittsburgh, rate effective 2025-01-01): +$23.31 (+5.2%)",23.31,SHP03657,473.31,450.0,,True
CARG:07495908,rate_overcharge,"Linehaul $3,280.45 vs contract $2,972.59 (Dallas → Miami, rate effective 2025-01-01): +$307.86 (+10.4%)",307.86,SHP06814,3280.45,2972.59,,True
CARG:21289476,rate_overcharge,"Linehaul $662.69 vs contract $621.96 (Chicago → Detroit, rate effective 2025-01-01): +$40.73 (+6.5%)",40.73,SHP02698,662.69,621.96,,True
CARG:28261037,rate_overcharge,"Linehaul $2,207.15 vs contract $1,959.75 (Dallas → Louisville, rate effective 2025-01-01): +$247.40 (+12.6%)",247.4,SHP01370,2207.15,1959.75,,True
CARG:29358023,rate_overcharge,"Linehaul $1,269.56 vs contract $1,225.91 (Memphis → Houston, rate effective 2025-01-01): +$43.65 (+3.6%)",43.65,SHP04671,1269.56,1225.91,,True
CARG:32863275,rate_overcharge,"Linehaul $1,268.84 vs contract $1,225.91 (Memphis → Houston, rate effective 2025-01-01): +$42.93 (+3.5%)",42.93,SHP01039,1268.84,1225.91,,True
CARG:32952763,rate_overcharge,"Linehaul $3,548.63 vs contract $3,133.35 (Dallas → Los Angeles, rate effective 2025-01-01): +$415.28 (+13.3%)",415.28,SHP06282,3548.63,3133.35,,True
CARG:34363224,rate_overcharge,"Linehaul $894.63 vs contract $825.60 (Atlanta → Louisville, rate effective 2025-01-01): +$69.03 (+8.4%)",69.03,SHP09066,894.63,825.6,,True
CARG:34915862,rate_overcharge,"Linehaul $3,556.33 vs contract $3,133.35 (Dallas → Los Angeles, rate effective 2025-01-01): +$422.98 (+13.5%)",422.98,SHP06032,3556.33,3133.35,,True
CARG:45929592,rate_overcharge,"Linehaul $670.03 vs contract $621.96 (Chicago → Detroit, rate effective 2025-01-01): +$48.07 (+7.7%)",48.07,SHP02734,670.03,621.96,,True
CARG:46853881,rate_overcharge,"Linehaul $3,472.76 vs contract $3,150.84 (Atlanta → Denver, rate effective 2025-01-01): +$321.92 (+10.2%)",321.92,SHP05744,3472.76,3150.84,,True
CARG:52887295,rate_overcharge,"Linehaul $470.02 vs contract $450.00 (Columbus → Pittsburgh, rate effective 2025-07-01): +$20.02 (+4.4%)",20.02,SHP05537,470.02,450.0,,True
CARG:53327792,rate_overcharge,"Linehaul $1,745.82 vs contract $1,614.45 (Chicago → Charlotte, rate effective 2025-01-01): +$131.37 (+8.1%)",131.37,SHP08950,1745.82,1614.45,,True
CARG:56458270,rate_overcharge,"Linehaul $3,275.12 vs contract $3,150.84 (Atlanta → Denver, rate effective 2025-01-01): +$124.28 (+3.9%)",124.28,SHP01204,3275.12,3150.84,,True
CARG:56809614,rate_overcharge,"Linehaul $1,351.91 vs contract $1,225.91 (Memphis → Houston, rate effective 2025-01-01): +$126.00 (+10.3%)",126.0,SHP01803,1351.91,1225.91,,True
CARG:60238666,rate_overcharge,"Linehaul $2,700.44 vs contract $2,614.43 (Chicago → Orlando, rate effective 2025-01-01): +$86.01 (+3.3%)",86.01,SHP05618,2700.44,2614.43,,True
CARG:61014951,rate_overcharge,"Linehaul $1,310.40 vs contract $1,254.24 (Memphis → Charlotte, rate effective 2025-07-01): +$56.16 (+4.5%)",56.16,SHP06043,1310.4,1254.24,,True
CARG:62149983,rate_overcharge,"Linehaul $2,135.38 vs contract $1,875.43 (Atlanta → Houston, rate effective 2025-01-01): +$259.95 (+13.9%)",259.95,SHP00967,2135.38,1875.43,,True
CARG:64405758,rate_overcharge,"Linehaul $3,413.84 vs contract $3,150.84 (Atlanta → Denver, rate effective 2025-01-01): +$263.00 (+8.3%)",263.0,SHP06109,3413.84,3150.84,,True
CARG:65409632,rate_overcharge,"Linehaul $3,349.67 vs contract $3,181.88 (Chicago → Salt Lake City, rate effective 2025-01-01): +$167.79 (+5.3%)",167.79,SHP02266,3349.67,3181.88,,True
CARG:69405649,rate_overcharge,"Linehaul $3,481.64 vs contract $3,118.98 (Memphis → Boston, rate effective 2025-01-01): +$362.66 (+11.6%)",362.66,SHP00156,3481.64,3118.98,,True
CARG:70613051,rate_overcharge,"Linehaul $467.30 vs contract $450.00 (Chicago → Indianapolis, rate effective 2025-01-01): +$17.30 (+3.8%)",17.3,SHP06408,467.3,450.0,,True
CARG:80377494,rate_overcharge,"Linehaul $1,130.53 vs contract $1,087.75 (Columbus → St. Louis, rate effective 2025-01-01): +$42.78 (+3.9%)",42.78,SHP05430,1130.53,1087.75,,True
CARG:80599018,rate_overcharge,"Linehaul $2,075.47 vs contract $1,959.75 (Dallas → Louisville, rate effective 2025-01-01): +$115.72 (+5.9%)",115.72,SHP00148,2075.47,1959.75,,True
CARG:81510684,rate_overcharge,"Linehaul $651.26 vs contract $621.96 (Chicago → Detroit, rate effective 2025-01-01): +$29.30 (+4.7%)",29.3,SHP00526,651.26,621.96,,True
CARG:83963317,rate_overcharge,"Linehaul $3,277.09 vs contract $2,972.59 (Dallas → Miami, rate effective 2025-01-01): +$304.50 (+10.2%)",304.5,SHP05748,3277.09,2972.59,,True
CARG:93834755,rate_overcharge,"Linehaul $3,546.02 vs contract $3,118.98 (Memphis → Boston, rate effective 2025-01-01): +$427.04 (+13.7%)",427.04,SHP01480,3546.02,3118.98,,True
CARG:94396858,rate_overcharge,"Linehaul $1,366.97 vs contract $1,225.91 (Memphis → Houston, rate effective 2025-01-01): +$141.06 (+11.5%)",141.06,SHP00246,1366.97,1225.91,,True
CARG:95797620,rate_overcharge,"Linehaul $1,796.23 vs contract $1,614.45 (Chicago → Charlotte, rate effective 2025-01-01): +$181.78 (+11.3%)",181.78,SHP02037,1796.23,1614.45,,True
CARG:99891415,rate_overcharge,"Linehaul $472.53 vs contract $450.00 (Columbus → Pittsburgh, rate effective 2025-01-01): +$22.53 (+5.0%)",22.53,SHP01448,472.53,450.0,,True
CARH:02170000,rate_overcharge,"Linehaul $665.00 vs contract $598.23 (Memphis → St. Louis, rate effective 2025-01-01): +$66.77 (+11.2%)",66.77,SHP03284,665.0,598.23,,True
CARH:22093556,rate_overcharge,"Linehaul $1,937.18 vs contract $1,743.65 (Atlanta → Kansas City, rate effective 2025-07-01): +$193.53 (+11.1%)",193.53,SHP07904,1937.18,1743.65,,True
CARH:29797114,rate_overcharge,"Linehaul $4,038.90 vs contract $3,850.12 (Atlanta → Phoenix, rate effective 2025-01-01): +$188.78 (+4.9%)",188.78,SHP09984,4038.9,3850.12,,True
CARH:30450147,rate_overcharge,"Linehaul $3,401.84 vs contract $3,114.00 (Dallas → Philadelphia, rate effective 2025-01-01): +$287.84 (+9.2%)",287.84,SHP01255,3401.84,3114.0,,True
CARH:41375127,rate_overcharge,"Linehaul $1,190.57 vs contract $1,100.90 (Dallas → Kansas City, rate effective 2025-01-01): +$89.67 (+8.1%)",89.67,SHP05835,1190.57,1100.9,,True
CARH:45956441,rate_overcharge,"Linehaul $1,191.60 vs contract $1,100.90 (Dallas → Kansas City, rate effective 2025-01-01): +$90.70 (+8.2%)",90.7,SHP02782,1191.6,1100.9,,True
CARH:73410887,rate_overcharge,"Linehaul $481.36 vs contract $450.00 (Columbus → Indianapolis, rate effective 2025-01-01): +$31.36 (+7.0%)",31.36,SHP05725,481.36,450.0,,True
CARH:75789226,rate_overcharge,"Linehaul $2,370.19 vs contract $2,234.77 (Atlanta → Boston, rate effective 2025-01-01): +$135.42 (+6.1%)",135.42,SHP00319,2370.19,2234.77,,True
CARH:75830278,rate_overcharge,"Linehaul $4,212.82 vs contract $3,699.41 (Dallas → Boston, rate effective 2025-01-01): +$513.41 (+13.9%)",513.41,SHP07928,4212.82,3699.41,,True
CARH:81451939,rate_overcharge,"Linehaul $686.32 vs contract $598.23 (Memphis → St. Louis, rate effective 2025-01-01): +$88.09 (+14.7%)",88.09,SHP01461,686.32,598.23,,True
CARH:95314913,rate_overcharge,"Linehaul $1,149.36 vs contract $1,100.90 (Dallas → Kansas City, rate effective 2025-01-01): +$48.46 (+4.4%)",48.46,SHP02433,1149.36,1100.9,,True
CARA:04380837,fsc_mismatch,"Fuel surcharge $55.52 vs expected $51.56 (LTL, diesel $3.890/gal for week of 2025-12-22; 25.2% of linehaul vs expected 23.4% (+1.80 pp)): +$3.96",3.96,SHP09800,55.52,51.56,,True
CARA:06802133,fsc_mismatch,"Fuel surcharge $170.32 vs expected $152.70 (LTL, diesel $3.856/gal for week of 2025-07-21; 26.1% of linehaul vs expected 23.4% (+2.70 pp)): +$17.62",17.62,SHP05499,170.32,152.7,,True
CARA:09109563,fsc_mismatch,"Fuel surcharge $279.85 vs expected $259.86 (LTL, diesel $3.823/gal for week of 2025-12-29; 25.2% of linehaul vs expected 23.4% (+1.80 pp)): +$19.99",19.99,SHP09912,279.85,259.86,,True
CARA:12035308,fsc_mismatch,"Fuel surcharge $345.39 vs expected $333.12 (LTL, diesel $3.956/gal for week of 2025-09-01; 25.2% of linehaul vs expected 24.3% (+0.89 pp)): +$12.27",12.27,SHP06497,345.39,333.12,,True
CARA:15173113,fsc_mismatch,"Fuel surcharge $131.29 vs expected $126.42 (LTL, diesel $3.856/gal for week of 2025-07-21; 24.3% of linehaul vs expected 23.4% (+0.90 pp)): +$4.87",4.87,SHP05441,131.29,126.42,,True
CARA:15866842,fsc_mismatch,"Fuel surcharge $634.49 vs expected $611.83 (LTL, diesel $3.999/gal for week of 2025-08-18; 25.2% of linehaul vs expected 24.3% (+0.90 pp)): +$22.66",22.66,SHP06187,634.49,611.83,,True
CARA:20620293,fsc_mismatch,"Fuel surcharge $137.92 vs expected $132.17 (LTL, diesel $3.562/gal for week of 2025-03-31; 21.6% of linehaul vs expected 20.7% (+0.90 pp)): +$5.75",5.75,SHP02270,137.92,132.17,,True
CARA:23613990,fsc_mismatch,"Fuel surcharge $305.95 vs expected $293.20 (LTL, diesel $3.571/gal for week of 2025-05-05; 21.6% of linehaul vs expected 20.7% (+0.90 pp)): +$12.75",12.75,SHP03259,305.95,293.2,,True
CARA:25319484,fsc_mismatch,"Fuel surcharge $152.71 vs expected $146.84 (LTL, diesel $3.739/gal for week of 2025-06-30; 23.4% of linehaul vs expected 22.5% (+0.90 pp)): +$5.87",5.87,SHP04873,152.71,146.84,,True
CARA:25760102,fsc_mismatch,"Fuel surcharge $292.76 vs expected $260.23 (LTL, diesel $3.677/gal for week of 2025-05-19; 24.3% of linehaul vs expected 21.6% (+2.70 pp)): +$32.53",32.53,SHP03703,292.76,260.23,,True
CARA:27073904,fsc_mismatch,"Fuel surcharge $97.75 vs expected $91.44 (LTL, diesel $4.199/gal for week of 2025-10-20; 27.9% of linehaul vs expected 26.1% (+1.80 pp)): +$6.31",6.31,SHP07853,97.75,91.44,,True
CARA:44916269,fsc_mismatch,"Fuel surcharge $92.12 vs expected $85.30 (LTL, diesel $3.735/gal for week of 2025-07-07; 24.3% of linehaul vs expected 22.5% (+1.80 pp)): +$6.82",6.82,SHP05004,92.12,85.3,,True
CARA:46289662,fsc_mismatch,"Fuel surcharge $402.35 vs expected $362.12 (LTL, diesel $3.956/gal for week of 2025-09-01; 27.0% of linehaul vs expected 24.3% (+2.70 pp)): +$40.23",40.23,SHP06432,402.35,362.12,,True
CARA:54052197,fsc_mismatch,"Fuel surcharge $227.40 vs expected $213.19 (LTL, diesel $4.265/gal for week of 2025-10-13; 28.8% of linehaul vs expected 27.0% (+1.80 pp)): +$14.21",14.21,SHP07823,227.4,213.19,,True
CARA:62095599,fsc_mismatch,"Fuel surcharge $207.60 vs expected $199.29 (LTL, diesel $3.618/gal for week of 2025-02-24; 22.5% of linehaul vs expected 21.6% (+0.90 pp)): +$8.31",8.31,SHP01381,207.6,199.29,,True
CARA:69046159,fsc_mismatch,"Fuel surcharge $495.69 vs expected $450.63 (LTL, diesel $4.216/gal for week of 2025-10-06; 29.7% of linehaul vs expected 27.0% (+2.70 pp)): +$45.06",45.06,SHP07484,495.69,450.63,,True
CARA:70683299,fsc_mismatch,"Fuel surcharge $280.40 vs expected $249.24 (LTL, diesel $3.677/gal for week of 2025-05-19; 24.3% of linehaul vs expected 21.6% (+2.70 pp)): +$31.16",31.16,SHP03606,280.4,249.24,,True
CARA:72123009,fsc_mismatch,"Fuel surcharge $62.17 vs expected $58.28 (LTL, diesel $4.221/gal for week of 2025-09-29; 28.8% of linehaul vs expected 27.0% (+1.80 pp)): +$3.89",3.89,SHP07365,62.17,58.28,,True
CARA:73296265,fsc_mismatch,"Fuel surcharge $140.70 vs expected $131.87 (LTL, diesel $4.206/gal for week of 2025-09-22; 28.8% of linehaul vs expected 27.0% (+1.81 pp)): +$8.83",8.83,SHP07186,140.7,131.87,,True
CARA:75710802,fsc_mismatch,"Fuel surcharge $115.25 vs expected $103.73 (LTL, diesel $3.999/gal for week of 2025-08-18; 27.0% of linehaul vs expected 24.3% (+2.70 pp)): +$11.52",11.52,SHP06089,115.25,103.73,,True
CARA:84889343,fsc_mismatch,"Fuel surcharge $132.24 vs expected $116.98 (LTL, diesel $3.542/gal for week of 2024-12-30; 23.4% of linehaul vs expected 20.7% (+2.70 pp)): +$15.26",15.26,SHP00021,132.24,116.98,,True
CARA:85412557,fsc_mismatch,"Fuel surcharge $261.74 vs expected $244.29 (LTL, diesel $4.006/gal for week of 2025-12-01; 27.0% of linehaul vs expected 25.2% (+1.80 pp)): +$17.45",17.45,SHP09167,261.74,244.29,,True
CARA:88212623,fsc_mismatch,"Fuel surcharge $171.87 vs expected $152.04 (LTL, diesel $3.562/gal for week of 2025-01-20; 23.4% of linehaul vs expected 20.7% (+2.70 pp)): +$19.83",19.83,SHP00537,171.87,152.04,,True
CARA:92800757,fsc_mismatch,"Fuel surcharge $129.13 vs expected $124.83 (LTL, diesel $4.141/gal for week of 2025-10-27; 27.0% of linehaul vs expected 26.1% (+0.90 pp)): +$4.30",4.3,SHP08057,129.13,124.83,,True
CARB:06150556,fsc_mismatch,"Fuel surcharge $46.54 vs expected $44.75 (LTL, diesel $3.739/gal for week of 2025-06-30; 23.4% of linehaul vs expected 22.5% (+0.90 pp)): +$1.79",1.79,SHP04854,46.54,44.75,,True
CARB:09228902,fsc_mismatch,"Fuel surcharge $147.70 vs expected $131.29 (LTL, diesel $3.652/gal for week of 2025-06-16; 24.3% of linehaul vs expected 21.6% (+2.70 pp)): +$16.41",16.41,SHP04491,147.7,131.29,,True
CARB:11804288,fsc_mismatch,"Fuel surcharge $152.35 vs expected $138.50 (LTL, diesel $4.204/gal for week of 2025-11-10; 29.7% of linehaul vs expected 27.0% (+2.70 pp)): +$13.85",13.85,SHP08641,152.35,138.5,,True
CARB:19738968,fsc_mismatch,"Fuel surcharge $126.19 vs expected $121.52 (LTL, diesel $3.890/gal for week of 2025-12-22; 24.3% of linehaul vs expected 23.4% (+0.90 pp)): +$4.67",4.67,SHP09751,126.19,121.52,,True
CARB:22345400,fsc_mismatch,"Fuel surcharge $288.80 vs expected $265.70 (LTL, diesel $3.538/gal for week of 2025-04-21; 22.5% of linehaul vs expected 20.7% (+1.80 pp)): +$23.10",23.1,SHP02824,288.8,265.7,,True
CARB:24939194,fsc_mismatch,"Fuel surcharge $82.65 vs expected $79.21 (LTL, diesel $3.599/gal for week of 2025-06-02; 21.6% of linehaul vs expected 20.7% (+0.90 pp)): +$3.44",3.44,SHP04113,82.65,79.21,,True
CARB:30105828,fsc_mismatch,"Fuel surcharge $38.05 vs expected $33.98 (LTL, diesel $3.739/gal for week of 2025-06-30; 25.2% of linehaul vs expected 22.5% (+2.70 pp)): +$4.07",4.07,SHP04963,38.05,33.98,,True
CARB:31349549,fsc_mismatch,"Fuel surcharge $166.89 vs expected $154.53 (LTL, diesel $3.715/gal for week of 2025-06-23; 24.3% of linehaul vs expected 22.5% (+1.80 pp)): +$12.36",12.36,SHP04734,166.89,154.53,,True
CARB:39437815,fsc_mismatch,"Fuel surcharge $447.55 vs expected $432.63 (LTL, diesel $4.155/gal for week of 2025-09-15; 27.0% of linehaul vs expected 26.1% (+0.90 pp)): +$14.92",14.92,SHP06950,447.55,432.63,,True
CARB:42414561,fsc_mismatch,"Fuel surcharge $89.14 vs expected $83.39 (LTL, diesel $4.106/gal for week of 2025-11-17; 27.9% of linehaul vs expected 26.1% (+1.80 pp)): +$5.75",5.75,SHP08776,89.14,83.39,,True
CARB:50959185,fsc_mismatch,"Fuel surcharge $58.49 vs expected $56.06 (LTL, diesel $3.507/gal for week of 2025-01-13; 21.6% of linehaul vs expected 20.7% (+0.90 pp)): +$2.43",2.43,SHP00427,58.49,56.06,,True
CARB:61381309,fsc_mismatch,"Fuel surcharge $61.48 vs expected $57.08 (LTL, diesel $3.890/gal for week of 2025-12-22; 25.2% of linehaul vs expected 23.4% (+1.80 pp)): +$4.40",4.4,SHP09815,61.48,57.08,,True
CARB:62200931,fsc_mismatch,"Fuel surcharge $40.31 vs expected $37.32 (LTL, diesel $3.735/gal for week of 2025-07-07; 24.3% of linehaul vs expected 22.5% (+1.80 pp)): +$2.99",2.99,SHP05098,40.31,37.32,,True
CARB:65112627,fsc_mismatch,"Fuel surcharge $112.22 vs expected $107.73 (LTL, diesel $3.601/gal for week of 2025-05-12; 22.5% of linehaul vs expected 21.6% (+0.90 pp)): +$4.49",4.49,SHP03471,112.22,107.73,,True
CARB:67459507,fsc_mismatch,"Fuel surcharge $413.88 vs expected $400.08 (LTL, diesel $4.199/gal for week of 2025-10-20; 27.0% of linehaul vs expected 26.1% (+0.90 pp)): +$13.80",13.8,SHP07973,413.88,400.08,,True
CARB:69914759,fsc_mismatch,"Fuel surcharge $310.67 vs expected $285.82 (LTL, diesel $3.599/gal for week of 2025-06-02; 22.5% of linehaul vs expected 20.7% (+1.80 pp)): +$24.85",24.85,SHP03984,310.67,285.82,,True
CARB:77233128,fsc_mismatch,"Fuel surcharge $59.78 vs expected $57.79 (LTL, diesel $4.141/gal for week of 2025-10-27; 27.0% of linehaul vs expected 26.1% (+0.90 pp)): +$1.99",1.99,SHP08078,59.78,57.79,,True
CARB:86885935,fsc_mismatch,"Fuel surcharge $91.94 vs expected $81.33 (LTL, diesel $3.578/gal for week of 2025-03-24; 23.4% of linehaul vs expected 20.7% (+2.70 pp)): +$10.61",10.61,SHP02140,91.94,81.33,,True
CARB:91548479,fsc_mismatch,"Fuel surcharge $83.90 vs expected $77.44 (LTL, diesel $3.677/gal for week of 2025-05-19; 23.4% of linehaul vs expected 21.6% (+1.80 pp)): +$6.46",6.46,SHP03592,83.9,77.44,,True
CARC:02455824,fsc_mismatch,"Fuel surcharge $50.93 vs expected $45.06 (LTL, diesel $3.571/gal for week of 2025-05-05; 23.4% of linehaul vs expected 20.7% (+2.70 pp)): +$5.87",5.87,SHP03238,50.93,45.06,,True
CARC:04303104,fsc_mismatch,"Fuel surcharge $29.70 vs expected $26.73 (LTL, diesel $3.944/gal for week of 2025-12-08; 27.0% of linehaul vs expected 24.3% (+2.70 pp)): +$2.97",2.97,SHP09357,29.7,26.73,,True
CARC:04953603,fsc_mismatch,"Fuel surcharge $534.96 vs expected $473.23 (LTL, diesel $3.571/gal for week of 2025-05-05; 23.4% of linehaul vs expected 20.7% (+2.70 pp)): +$61.73",61.73,SHP03286,534.96,473.23,,True
CARC:08177285,fsc_mismatch,"Fuel surcharge $171.73 vs expected $160.28 (LTL, diesel $4.047/gal for week of 2025-09-08; 27.0% of linehaul vs expected 25.2% (+1.80 pp)): +$11.45",11.45,SHP06700,171.73,160.28,,True
CARC:14172198,fsc_mismatch,"Fuel surcharge $59.24 vs expected $56.87 (LTL, diesel $3.652/gal for week of 2025-06-16; 22.5% of linehaul vs expected 21.6% (+0.90 pp)): +$2.37",2.37,SHP04545,59.24,56.87,,True
CARC:14522840,fsc_mismatch,"Fuel surcharge $885.72 vs expected $797.15 (LTL, diesel $3.953/gal for week of 2025-08-11; 27.0% of linehaul vs expected 24.3% (+2.70 pp)): +$88.57",88.57,SHP05900,885.72,797.15,,True
CARC:15136818,fsc_mismatch,"Fuel surcharge $59.45 vs expected $56.98 (LTL, diesel $3.502/gal for week of 2025-04-14; 21.6% of linehaul vs expected 20.7% (+0.90 pp)): +$2.47",2.47,SHP02697,59.45,56.98,,True
CARC:17290363,fsc_mismatch,"Fuel surcharge $50.15 vs expected $45.59 (LTL, diesel $4.221/gal for week of 2025-09-29; 29.7% of linehaul vs expected 27.0% (+2.70 pp)): +$4.56",4.56,SHP07267,50.15,45.59,,True
CARC:18108487,fsc_mismatch,"Fuel surcharge $82.09 vs expected $76.62 (LTL, diesel $4.047/gal for week of 2025-09-08; 27.0% of linehaul vs expected 25.2% (+1.80 pp)): +$5.47",5.47,SHP06646,82.09,76.62,,True
CARC:26004144,fsc_mismatch,"Fuel surcharge $110.12 vs expected $105.53 (LTL, diesel $3.538/gal for week of 2025-04-21; 21.6% of linehaul vs expected 20.7% (+0.90 pp)): +$4.59",4.59,SHP02910,110.12,105.53,,True
CARC:26788840,fsc_mismatch,"Fuel surcharge $262.55 vs expected $242.35 (LTL, diesel $3.627/gal for week of 2025-02-10; 23.4% of linehaul vs expected 21.6% (+1.80 pp)): +$20.20",20.2,SHP00934,262.55,242.35,,True
CARC:32504953,fsc_mismatch,"Fuel surcharge $95.14 vs expected $87.83 (LTL, diesel $3.571/gal for week of 2025-05-05; 22.4% of linehaul vs expected 20.7% (+1.72 pp)): +$7.31",7.31,SHP03316,95.14,87.83,,True
CARC:36767028,fsc_mismatch,"Fuel surcharge $79.93 vs expected $74.22 (LTL, diesel $3.856/gal for week of 2025-07-21; 25.2% of linehaul vs expected 23.4% (+1.80 pp)): +$5.71",5.71,SHP05359,79.93,74.22,,True
CARC:42222929,fsc_mismatch,"Fuel surcharge $37.19 vs expected $34.22 (LTL, diesel $3.521/gal for week of 2025-04-07; 22.5% of linehaul vs expected 20.7% (+1.80 pp)): +$2.97",2.97,SHP02373,37.19,34.22,,True
CARC:42846818,fsc_mismatch,"Fuel surcharge $28.77 vs expected $27.74 (LTL, diesel $3.956/gal for week of 2025-09-01; 25.2% of linehaul vs expected 24.3% (+0.90 pp)): +$1.03",1.03,SHP06420,28.77,27.74,,True
CARC:44254264,fsc_mismatch,"Fuel surcharge $78.24 vs expected $69.55 (LTL, diesel $3.662/gal for week of 2025-06-09; 24.3% of linehaul vs expected 21.6% (+2.70 pp)): +$8.69",8.69,SHP04335,78.24,69.55,,True
CARC:47729336,fsc_mismatch,"Fuel surcharge $53.90 vs expected $51.66 (LTL, diesel $3.538/gal for week of 2025-04-21; 21.6% of linehaul vs expected 20.7% (+0.90 pp)): +$2.24",2.24,SHP02758,53.9,51.66,,True
CARC:50530878,fsc_mismatch,"Fuel surcharge $345.17 vs expected $330.79 (LTL, diesel $3.571/gal for week of 2025-05-05; 21.6% of linehaul vs expected 20.7% (+0.90 pp)): +$14.38",14.38,SHP03270,345.17,330.79,,True
CARC:50948844,fsc_mismatch,"Fuel surcharge $54.34 vs expected $52.20 (LTL, diesel $3.507/gal for week of 2025-01-13; 21.5% of linehaul vs expected 20.7% (+0.85 pp)): +$2.14",2.14,SHP00333,54.34,52.2,,True
CARC:60212624,fsc_mismatch,"Fuel surcharge $49.04 vs expected $47.29 (LTL, diesel $3.999/gal for week of 2025-08-18; 25.2% of linehaul vs expected 24.3% (+0.90 pp)): +$1.75",1.75,SHP06113,49.04,47.29,,True
CARC:65902103,fsc_mismatch,"Fuel surcharge $42.17 vs expected $39.26 (LTL, diesel $3.956/gal for week of 2025-09-01; 26.1% of linehaul vs expected 24.3% (+1.80 pp)): +$2.91",2.91,SHP06551,42.17,39.26,,True
CARC:67263914,fsc_mismatch,"Fuel surcharge $91.22 vs expected $88.18 (LTL, diesel $4.199/gal for week of 2025-10-20; 27.0% of linehaul vs expected 26.1% (+0.90 pp)): +$3.04",3.04,SHP07901,91.22,88.18,,True
CARC:67322365,fsc_mismatch,"Fuel surcharge $95.09 vs expected $90.79 (LTL, diesel $3.660/gal for week of 2025-01-27; 22.6% of linehaul vs expected 21.6% (+1.02 pp)): +$4.30",4.3,SHP00586,95.09,90.79,,True
CARC:67967043,fsc_mismatch,"Fuel surcharge $899.79 vs expected $869.81 (LTL, diesel $4.196/gal for week of 2025-11-03; 27.0% of linehaul vs expected 26.1% (+0.90 pp)): +$29.98",29.98,SHP08355,899.79,869.81,,True
CARC:68649949,fsc_mismatch,"Fuel surcharge $104.33 vs expected $99.99 (LTL, diesel $3.542/gal for week of 2025-04-28; 21.6% of linehaul vs expected 20.7% (+0.90 pp)): +$4.34",4.34,SHP02954,104.33,99.99,,True
CARC:69911693,fsc_mismatch,"Fuel surcharge $91.35 vs expected $82.79 (LTL, diesel $4.141/gal for week of 2025-10-27; 28.8% of linehaul vs expected 26.1% (+2.70 pp)): +$8.56",8.56,SHP08053,91.35,82.79,,True
CARC:72574999,fsc_mismatch,"Fuel surcharge $414.85 vs expected $398.90 (LTL, diesel $3.735/gal for week of 2025-07-07; 23.4% of linehaul vs expected 22.5% (+0.90 pp)): +$15.95",15.95,SHP05012,414.85,398.9,,True
CARC:90916481,fsc_mismatch,"Fuel surcharge $135.87 vs expected $124.64 (LTL, diesel $3.562/gal for week of 2025-03-31; 22.6% of linehaul vs expected 20.7% (+1.87 pp)): +$11.23",11.23,SHP02218,135.87,124.64,,True
CARC:91556488,fsc_mismatch,"Fuel surcharge $41.09 vs expected $36.98 (LTL, diesel $3.956/gal for week of 2025-09-01; 27.0% of linehaul vs expected 24.3% (+2.70 pp)): +$4.11",4.11,SHP06423,41.09,36.98,,True
CARC:96880183,fsc_mismatch,"Fuel surcharge $102.38 vs expected $91.72 (LTL, diesel $3.856/gal for week of 2025-07-21; 26.1% of linehaul vs expected 23.4% (+2.72 pp)): +$10.66",10.66,SHP05495,102.38,91.72,,True
CARC:97012741,fsc_mismatch,"Fuel surcharge $124.41 vs expected $119.97 (LTL, diesel $3.953/gal for week of 2025-08-11; 25.2% of linehaul vs expected 24.3% (+0.90 pp)): +$4.44",4.44,SHP05966,124.41,119.97,,True
CARC:98238684,fsc_mismatch,"Fuel surcharge $407.35 vs expected $374.93 (LTL, diesel $3.510/gal for week of 2025-01-06; 22.5% of linehaul vs expected 20.7% (+1.79 pp)): +$32.42",32.42,SHP00181,407.35,374.93,,True
CARC:99082698,fsc_mismatch,"Fuel surcharge $112.58 vs expected $108.95 (LTL, diesel $4.204/gal for week of 2025-11-10; 27.9% of linehaul vs expected 27.0% (+0.90 pp)): +$3.63",3.63,SHP08517,112.58,108.95,,True
CARD:03844805,fsc_mismatch,"Fuel surcharge $161.26 vs expected $143.34 (LTL, diesel $3.677/gal for week of 2025-05-19; 24.3% of linehaul vs expected 21.6% (+2.70 pp)): +$17.92",17.92,SHP03553,161.26,143.34,,True
CARD:06427466,fsc_mismatch,"Fuel surcharge $79.45 vs expected $76.27 (LTL, diesel $3.677/gal for week of 2025-05-19; 22.5% of linehaul vs expected 21.6% (+0.90 pp)): +$3.18",3.18,SHP03689,79.45,76.27,,True
CARD:06964459,fsc_mismatch,"Fuel surcharge $94.35 vs expected $87.84 (LTL, diesel $3.947/gal for week of 2025-08-25; 26.1% of linehaul vs expected 24.3% (+1.80 pp)): +$6.51",6.51,SHP06308,94.35,87.84,,True
CARD:08210340,fsc_mismatch,"Fuel surcharge $83.43 vs expected $79.95 (LTL, diesel $3.542/gal for week of 2025-04-28; 21.6% of linehaul vs expected 20.7% (+0.90 pp)): +$3.48",3.48,SHP03094,83.43,79.95,,True
CARD:12704369,fsc_mismatch,"Fuel surcharge $337.26 vs expected $324.77 (LTL, diesel $3.856/gal for week of 2025-07-21; 24.3% of linehaul vs expected 23.4% (+0.90 pp)): +$12.49",12.49,SHP05364,337.26,324.77,,True
CARD:24455117,fsc_mismatch,"Fuel surcharge $73.27 vs expected $67.41 (LTL, diesel $3.510/gal for week of 2025-01-06; 22.5% of linehaul vs expected 20.7% (+1.80 pp)): +$5.86",5.86,SHP00176,73.27,67.41,,True
CARD:27043486,fsc_mismatch,"Fuel surcharge $100.35 vs expected $96.49 (LTL, diesel $3.739/gal for week of 2025-06-30; 23.4% of linehaul vs expected 22.5% (+0.90 pp)): +$3.86",3.86,SHP04787,100.35,96.49,,True
CARD:27333956,fsc_mismatch,"Fuel surcharge $41.75 vs expected $40.36 (LTL, diesel $4.155/gal for week of 2025-09-15; 27.0% of linehaul vs expected 26.1% (+0.90 pp)): +$1.39",1.39,SHP06940,41.75,40.36,,True
CARD:30424868,fsc_mismatch,"Fuel surcharge $411.78 vs expected $394.62 (LTL, diesel $3.507/gal for week of 2025-01-13; 21.6% of linehaul vs expected 20.7% (+0.90 pp)): +$17.16",17.16,SHP00371,411.78,394.62,,True
CARD:35852010,fsc_mismatch,"Fuel surcharge $195.84 vs expected $188.84 (LTL, diesel $3.956/gal for week of 2025-09-01; 25.2% of linehaul vs expected 24.3% (+0.90 pp)): +$7.00",7.0,SHP06521,195.84,188.84,,True
CARD:42206632,fsc_mismatch,"Fuel surcharge $98.34 vs expected $92.20 (LTL, diesel $4.221/gal for week of 2025-09-29; 28.8% of linehaul vs expected 27.0% (+1.80 pp)): +$6.14",6.14,SHP07435,98.34,92.2,,True
CARD:44946568,fsc_mismatch,"Fuel surcharge $68.98 vs expected $63.67 (LTL, diesel $3.601/gal for week of 2025-05-12; 23.4% of linehaul vs expected 21.6% (+1.80 pp)): +$5.31",5.31,SHP03546,68.98,63.67,,True
CARD:47007978,fsc_mismatch,"Fuel surcharge $56.65 vs expected $52.94 (LTL, diesel $4.199/gal for week of 2025-10-20; 27.9% of linehaul vs expected 26.1% (+1.83 pp)): +$3.71",3.71,SHP07881,56.65,52.94,,True
CARD:55223824,fsc_mismatch,"Fuel surcharge $106.87 vs expected $94.99 (LTL, diesel $3.652/gal for week of 2025-06-16; 24.3% of linehaul vs expected 21.6% (+2.70 pp)): +$11.88",11.88,SHP04490,106.87,94.99,,True
CARD:55856494,fsc_mismatch,"Fuel surcharge $51.18 vs expected $49.05 (LTL, diesel $3.598/gal for week of 2025-02-03; 21.6% of linehaul vs expected 20.7% (+0.90 pp)): +$2.13",2.13,SHP00856,51.18,49.05,,True
CARD:56386958,fsc_mismatch,"Fuel surcharge $173.49 vs expected $166.26 (LTL, diesel $3.542/gal for week of 2025-04-28; 21.6% of linehaul vs expected 20.7% (+0.90 pp)): +$7.23",7.23,SHP03127,173.49,166.26,,True
CARD:57443869,fsc_mismatch,"Fuel surcharge $110.97 vs expected $99.87 (LTL, diesel $3.947/gal for week of 2025-08-25; 27.0% of linehaul vs expected 24.3% (+2.70 pp)): +$11.10",11.1,SHP06269,110.97,99.87,,True
CARD:58151964,fsc_mismatch,"Fuel surcharge $251.57 vs expected $243.91 (LTL, diesel $4.155/gal for week of 2025-09-15; 26.9% of linehaul vs expected 26.1% (+0.82 pp)): +$7.66",7.66,SHP06954,251.57,243.91,,True
CARD:63716621,fsc_mismatch,"Fuel surcharge $53.76 vs expected $51.61 (LTL, diesel $3.652/gal for week of 2025-06-16; 22.5% of linehaul vs expected 21.6% (+0.90 pp)): +$2.15",2.15,SHP04361,53.76,51.61,,True
CARD:64394083,fsc_mismatch,"Fuel surcharge $85.97 vs expected $79.09 (LTL, diesel $3.571/gal for week of 2025-05-05; 22.5% of linehaul vs expected 20.7% (+1.80 pp)): +$6.88",6.88,SHP03171,85.97,79.09,,True
CARD:65213613,fsc_mismatch,"Fuel surcharge $94.37 vs expected $84.93 (LTL, diesel $3.906/gal for week of 2025-12-15; 27.0% of linehaul vs expected 24.3% (+2.70 pp)): +$9.44",9.44,SHP09574,94.37,84.93,,True
CARD:65561228,fsc_mismatch,"Fuel surcharge $173.64 vs expected $166.40 (LTL, diesel $3.599/gal for week of 2025-06-02; 21.6% of linehaul vs expected 20.7% (+0.90 pp)): +$7.24",7.24,SHP04082,173.64,166.4,,True
CARD:67420492,fsc_mismatch,"Fuel surcharge $82.52 vs expected $79.77 (LTL, diesel $4.199/gal for week of 2025-10-20; 27.0% of linehaul vs expected 26.1% (+0.90 pp)): +$2.75",2.75,SHP07867,82.52,79.77,,True
CARD:79465793,fsc_mismatch,"Fuel surcharge $54.30 vs expected $48.27 (LTL, diesel $3.601/gal for week of 2025-05-12; 24.3% of linehaul vs expected 21.6% (+2.70 pp)): +$6.03",6.03,SHP03411,54.3,48.27,,True
CARD:82806004,fsc_mismatch,"Fuel surcharge $82.63 vs expected $73.09 (LTL, diesel $3.510/gal for week of 2025-01-06; 23.4% of linehaul vs expected 20.7% (+2.70 pp)): +$9.54",9.54,SHP00145,82.63,73.09,,True
CARD:86550973,fsc_mismatch,"Fuel surcharge $125.02 vs expected $111.13 (LTL, diesel $3.660/gal for week of 2025-01-27; 24.3% of linehaul vs expected 21.6% (+2.70 pp)): +$13.89",13.89,SHP00716,125.02,111.13,,True
CARD:87715266,fsc_mismatch,"Fuel surcharge $125.39 vs expected $111.46 (LTL, diesel $3.627/gal for week of 2025-02-10; 24.3% of linehaul vs expected 21.6% (+2.70 pp)): +$13.93",13.93,SHP00988,125.39,111.46,,True
CARD:87727001,fsc_mismatch,"Fuel surcharge $423.96 vs expected $409.34 (LTL, diesel $4.076/gal for week of 2025-11-24; 26.1% of linehaul vs expected 25.2% (+0.90 pp)): +$14.62",14.62,SHP08985,423.96,409.34,,True
CARD:89373723,fsc_mismatch,"Fuel surcharge $130.67 vs expected $118.42 (LTL, diesel $4.155/gal for week of 2025-09-15; 28.8% of linehaul vs expected 26.1% (+2.70 pp)): +$12.25",12.25,SHP06911,130.67,118.42,,True
CARD:90250545,fsc_mismatch,"Fuel surcharge $29.70 vs expected $27.72 (LTL, diesel $4.006/gal for week of 2025-12-01; 27.0% of linehaul vs expected 25.2% (+1.80 pp)): +$1.98",1.98,SHP09221,29.7,27.72,,True
CARD:99718884,fsc_mismatch,"Fuel surcharge $175.27 vs expected $161.78 (LTL, diesel $3.618/gal for week of 2025-02-24; 23.4% of linehaul vs expected 21.6% (+1.80 pp)): +$13.49",13.49,SHP01337,175.27,161.78,,True
CARE:04771631,fsc_mismatch,"Fuel surcharge $133.27 vs expected $128.83 (LTL, diesel $4.196/gal for week of 2025-11-03; 27.0% of linehaul vs expected 26.1% (+0.90 pp)): +$4.44",4.44,SHP08407,133.27,128.83,,True
CARE:06964141,fsc_mismatch,"Fuel surcharge $121.29 vs expected $109.55 (LTL, diesel $4.006/gal for week of 2025-12-01; 27.9% of linehaul vs expected 25.2% (+2.70 pp)): +$11.74",11.74,SHP09190,121.29,109.55,,True
CARE:15587860,fsc_mismatch,"Fuel surcharge $39.85 vs expected $38.30 (LTL, diesel $3.735/gal for week of 2025-07-07; 23.4% of linehaul vs expected 22.5% (+0.91 pp)): +$1.55",1.55,SHP05038,39.85,38.3,,True
CARE:28337442,fsc_mismatch,"Fuel surcharge $154.43 vs expected $136.61 (LTL, diesel $3.571/gal for week of 2025-05-05; 23.4% of linehaul vs expected 20.7% (+2.70 pp)): +$17.82",17.82,SHP03293,154.43,136.61,,True
CARE:30415927,fsc_mismatch,"Fuel surcharge $116.09 vs expected $106.80 (LTL, diesel $3.571/gal for week of 2025-05-05; 22.5% of linehaul vs expected 20.7% (+1.80 pp)): +$9.29",9.29,SHP03263,116.09,106.8,,True
CARE:33826119,fsc_mismatch,"Fuel surcharge $139.31 vs expected $137.83 (LTL, diesel $3.890/gal for week of 2025-12-22; 23.7% of linehaul vs expected 23.4% (+0.25 pp)): +$1.48",1.48,SHP09898,139.31,137.83,,True
CARE:34572431,fsc_mismatch,"Fuel surcharge $835.05 vs expected $800.26 (LTL, diesel $3.538/gal for week of 2025-04-21; 21.6% of linehaul vs expected 20.7% (+0.90 pp)): +$34.79",34.79,SHP02792,835.05,800.26,,True
CARE:39535907,fsc_mismatch,"Fuel surcharge $53.21 vs expected $49.67 (LTL, diesel $4.047/gal for week of 2025-09-08; 27.0% of linehaul vs expected 25.2% (+1.80 pp)): +$3.54",3.54,SHP06760,53.21,49.67,,True
CARE:43230013,fsc_mismatch,"Fuel surcharge $161.62 vs expected $146.92 (LTL, diesel $4.206/gal for week of 2025-09-22; 29.7% of linehaul vs expected 27.0% (+2.70 pp)): +$14.70",14.7,SHP07176,161.62,146.92,,True
CARE:49460560,fsc_mismatch,"Fuel surcharge $132.08 vs expected $123.56 (LTL, diesel $4.141/gal for week of 2025-10-27; 27.9% of linehaul vs expected 26.1% (+1.80 pp)): +$8.52",8.52,SHP08099,132.08,123.56,,True
CARE:61525875,fsc_mismatch,"Fuel surcharge $68.58 vs expected $65.72 (LTL, diesel $3.507/gal for week of 2025-01-13; 21.6% of linehaul vs expected 20.7% (+0.90 pp)): +$2.86",2.86,SHP00320,68.58,65.72,,True
CARE:67705308,fsc_mismatch,"Fuel surcharge $48.17 vs expected $44.96 (LTL, diesel $4.047/gal for week of 2025-09-08; 27.0% of linehaul vs expected 25.2% (+1.80 pp)): +$3.21",3.21,SHP06636,48.17,44.96,,True
CARE:68230569,fsc_mismatch,"Fuel surcharge $67.83 vs expected $65.57 (LTL, diesel $4.199/gal for week of 2025-10-20; 27.0% of linehaul vs expected 26.1% (+0.90 pp)): +$2.26",2.26,SHP07871,67.83,65.57,,True
CARE:72687387,fsc_mismatch,"Fuel surcharge $304.90 vs expected $295.06 (LTL, diesel $4.206/gal for week of 2025-09-22; 27.9% of linehaul vs expected 27.0% (+0.90 pp)): +$9.84",9.84,SHP07172,304.9,295.06,,True
CARE:77245022,fsc_mismatch,"Fuel surcharge $137.46 vs expected $132.17 (LTL, diesel $3.735/gal for week of 2025-07-07; 23.4% of linehaul vs expected 22.5% (+0.90 pp)): +$5.29",5.29,SHP05024,137.46,132.17,,True
CARE:82263890,fsc_mismatch,"Fuel surcharge $48.16 vs expected $46.44 (LTL, diesel $3.947/gal for week of 2025-08-25; 25.2% of linehaul vs expected 24.3% (+0.90 pp)): +$1.72",1.72,SHP06348,48.16,46.44,,True
CARF:00218891,fsc_mismatch,"Fuel surcharge $597.52 vs expected $547.72 (TL, diesel $4.265/gal for week of 2025-10-13; $0.548/mi vs expected $0.502/mi over 1,090 mi): +$49.80",49.8,SHP07786,597.52,547.72,,True
CARF:00490748,fsc_mismatch,"Fuel surcharge $592.27 vs expected $542.92 (TL, diesel $4.206/gal for week of 2025-09-22; $0.537/mi vs expected $0.493/mi over 1,102 mi): +$49.35",49.35,SHP07180,592.27,542.92,,True
CARF:00625452,fsc_mismatch,"Fuel surcharge $227.41 vs expected $194.17 (TL, diesel $3.521/gal for week of 2025-04-07; $0.443/mi vs expected $0.378/mi over 513 mi): +$33.24",33.24,SHP02518,227.41,194.17,,True
CARF:01350587,fsc_mismatch,"Fuel surcharge $783.90 vs expected $718.57 (TL, diesel $4.265/gal for week of 2025-10-13; $0.548/mi vs expected $0.502/mi over 1,430 mi): +$65.33",65.33,SHP07707,783.9,718.57,,True
CARF:01376135,fsc_mismatch,"Fuel surcharge $550.80 vs expected $504.90 (TL, diesel $3.999/gal for week of 2025-08-18; $0.500/mi vs expected $0.458/mi over 1,102 mi): +$45.90",45.9,SHP06207,550.8,504.9,,True
CARF:02526078,fsc_mismatch,"Fuel surcharge $702.78 vs expected $644.21 (TL, diesel $3.953/gal for week of 2025-08-11; $0.491/mi vs expected $0.450/mi over 1,430 mi): +$58.57",58.57,SHP05871,702.78,644.21,,True
CARF:02830694,fsc_mismatch,"Fuel surcharge $535.17 vs expected $491.59 (TL, diesel $3.956/gal for week of 2025-09-01; $0.491/mi vs expected $0.451/mi over 1,090 mi): +$43.58",43.58,SHP06507,535.17,491.59,,True
CARF:03135104,fsc_mismatch,"Fuel surcharge $170.60 vs expected $156.39 (TL, diesel $4.155/gal for week of 2025-09-15; $0.528/mi vs expected $0.484/mi over 323 mi): +$14.21",14.21,SHP06861,170.6,156.39,,True
CARF:03279148,fsc_mismatch,"Fuel surcharge $223.02 vs expected $217.74 (TL, diesel $3.538/gal for week of 2025-03-10; $0.391/mi vs expected $0.381/mi over 571 mi): +$5.28",5.28,SHP01714,223.02,217.74,,True
CARF:03881248,fsc_mismatch,"Fuel surcharge $595.52 vs expected $494.80 (TL, diesel $3.944/gal for week of 2025-12-08; $0.540/mi vs expected $0.449/mi over 1,102 mi): +$100.72",100.72,SHP09416,595.52,494.8,,True
CARF:04213604,fsc_mismatch,"Fuel surcharge $106.24 vs expected $97.38 (TL, diesel $4.216/gal for week of 2025-10-06; $0.539/mi vs expected $0.494/mi over 197 mi): +$8.86",8.86,SHP07530,106.24,97.38,,True
CARF:04325703,fsc_mismatch,"Fuel surcharge $693.05 vs expected $635.30 (TL, diesel $4.221/gal for week of 2025-09-29; $0.540/mi vs expected $0.495/mi over 1,283 mi): +$57.75",57.75,SHP07410,693.05,635.3,,True
CARF:05008952,fsc_mismatch,"Fuel surcharge $390.55 vs expected $358.00 (TL, diesel $4.141/gal for week of 2025-10-27; $0.526/mi vs expected $0.482/mi over 743 mi): +$32.55",32.55,SHP08079,390.55,358.0,,True
CARF:06156530,fsc_mismatch,"Fuel surcharge $687.92 vs expected $630.59 (TL, diesel $4.199/gal for week of 2025-10-20; $0.536/mi vs expected $0.491/mi over 1,283 mi): +$57.33",57.33,SHP07902,687.92,630.59,,True
CARF:06532828,fsc_mismatch,"Fuel surcharge $1,094.17 vs expected $1,002.99 (TL, diesel $4.265/gal for week of 2025-10-13; $0.548/mi vs expected $0.503/mi over 1,996 mi): +$91.18",91.18,SHP07689,1094.17,1002.99,,True
CARF:08232475,fsc_mismatch,"Fuel surcharge $301.59 vs expected $276.46 (TL, diesel $4.155/gal for week of 2025-09-15; $0.528/mi vs expected $0.484/mi over 571 mi): +$25.13",25.13,SHP07011,301.59,276.46,,True
CARF:08634020,fsc_mismatch,"Fuel surcharge $260.88 vs expected $239.14 (TL, diesel $4.047/gal for week of 2025-09-08; $0.509/mi vs expected $0.466/mi over 513 mi): +$21.74",21.74,SHP06690,260.88,239.14,,True
CARF:09392301,fsc_mismatch,"Fuel surcharge $166.38 vs expected $152.51 (TL, diesel $4.155/gal for week of 2025-09-15; $0.528/mi vs expected $0.484/mi over 315 mi): +$13.87",13.87,SHP06935,166.38,152.51,,True
CARF:09612700,fsc_mismatch,"Fuel surcharge $755.30 vs expected $692.36 (TL, diesel $4.155/gal for week of 2025-09-15; $0.528/mi vs expected $0.484/mi over 1,430 mi): +$62.94",62.94,SHP07044,755.3,692.36,,True
CARF:09992244,fsc_mismatch,"Fuel surcharge $755.30 vs expected $692.36 (TL, diesel $4.155/gal for week of 2025-09-15; $0.528/mi vs expected $0.484/mi over 1,430 mi): +$62.94",62.94,SHP07008,755.3,692.36,,True
CARF:10377387,fsc_mismatch,"Fuel surcharge $431.07 vs expected $395.14 (TL, diesel $4.221/gal for week of 2025-09-29; $0.540/mi vs expected $0.495/mi over 798 mi): +$35.93",35.93,SHP07441,431.07,395.14,,True
CARF:10529731,fsc_mismatch,"Fuel surcharge $354.90 vs expected $325.32 (TL, diesel $4.221/gal for week of 2025-09-29; $0.540/mi vs expected $0.495/mi over 657 mi): +$29.58",29.58,SHP07409,354.9,325.32,,True
CARF:11534962,fsc_mismatch,"Fuel surcharge $960.23 vs expected $880.22 (TL, diesel $4.155/gal for week of 2025-09-15; $0.528/mi vs expected $0.484/mi over 1,818 mi): +$80.01",80.01,SHP07004,960.23,880.22,,True
CARF:12312879,fsc_mismatch,"Fuel surcharge $1,076.39 vs expected $986.69 (TL, diesel $4.216/gal for week of 2025-10-06; $0.539/mi vs expected $0.494/mi over 1,996 mi): +$89.70",89.7,SHP07525,1076.39,986.69,,True
CARF:12963997,fsc_mismatch,"Fuel surcharge $766.74 vs expected $702.85 (TL, diesel $4.199/gal for week of 2025-10-20; $0.536/mi vs expected $0.492/mi over 1,430 mi): +$63.89",63.89,SHP08029,766.74,702.85,,True
CARF:13760092,fsc_mismatch,"Fuel surcharge $604.10 vs expected $553.75 (TL, diesel $4.265/gal for week of 2025-10-13; $0.548/mi vs expected $0.502/mi over 1,102 mi): +$50.35",50.35,SHP07662,604.1,553.75,,True
CARF:15160230,fsc_mismatch,"Fuel surcharge $241.20 vs expected $215.08 (TL, diesel $3.510/gal for week of 2025-01-06; $0.422/mi vs expected $0.377/mi over 571 mi): +$26.12",26.12,SHP00153,241.2,215.08,,True
CARF:16147833,fsc_mismatch,"Fuel surcharge $419.46 vs expected $384.50 (TL, diesel $4.141/gal for week of 2025-10-27; $0.526/mi vs expected $0.482/mi over 798 mi): +$34.96",34.96,SHP08097,419.46,384.5,,True
CARF:16314640,fsc_mismatch,"Fuel surcharge $124.44 vs expected $114.07 (TL, diesel $4.265/gal for week of 2025-10-13; $0.548/mi vs expected $0.503/mi over 227 mi): +$10.37",10.37,SHP07639,124.44,114.07,,True
CARF:16638204,fsc_mismatch,"Fuel surcharge $573.13 vs expected $525.37 (TL, diesel $4.221/gal for week of 2025-09-29; $0.540/mi vs expected $0.495/mi over 1,061 mi): +$47.76",47.76,SHP07337,573.13,525.37,,True
CARF:16753134,fsc_mismatch,"Fuel surcharge $158.92 vs expected $145.67 (TL, diesel $3.956/gal for week of 2025-09-01; $0.492/mi vs expected $0.451/mi over 323 mi): +$13.25",13.25,SHP06518,158.92,145.67,,True
CARF:16893897,fsc_mismatch,"Fuel surcharge $154.46 vs expected $141.59 (TL, diesel $3.947/gal for week of 2025-08-25; $0.490/mi vs expected $0.449/mi over 315 mi): +$12.87",12.87,SHP06330,154.46,141.59,,True
CARF:17347267,fsc_mismatch,"Fuel surcharge $158.92 vs expected $145.67 (TL, diesel $3.956/gal for week of 2025-09-01; $0.492/mi vs expected $0.451/mi over 323 mi): +$13.25",13.25,SHP06511,158.92,145.67,,True
CARF:18443406,fsc_mismatch,"Fuel surcharge $988.08 vs expected $905.74 (TL, diesel $3.947/gal for week of 2025-08-25; $0.490/mi vs expected $0.449/mi over 2,015 mi): +$82.34",82.34,SHP06363,988.08,905.74,,True
CARF:19728468,fsc_mismatch,"Fuel surcharge $589.25 vs expected $540.15 (TL, diesel $3.953/gal for week of 2025-08-11; $0.491/mi vs expected $0.451/mi over 1,199 mi): +$49.10",49.1,SHP05930,589.25,540.15,,True
CARF:20307036,fsc_mismatch,"Fuel surcharge $439.67 vs expected $403.03 (TL, diesel $4.199/gal for week of 2025-10-20; $0.536/mi vs expected $0.491/mi over 820 mi): +$36.64",36.64,SHP08007,439.67,403.03,,True
CARF:21200612,fsc_mismatch,"Fuel surcharge $1,271.51 vs expected $1,166.63 (TL, diesel $4.206/gal for week of 2025-09-22; $0.537/mi vs expected $0.493/mi over 2,368 mi): +$104.88",104.88,SHP07178,1271.51,1166.63,,True
CARF:21254596,fsc_mismatch,"Fuel surcharge $1,104.59 vs expected $1,012.54 (TL, diesel $4.265/gal for week of 2025-10-13; $0.548/mi vs expected $0.503/mi over 2,015 mi): +$92.05",92.05,SHP07815,1104.59,1012.54,,True
CARF:21353518,fsc_mismatch,"Fuel surcharge $96.73 vs expected $88.72 (TL, diesel $3.952/gal for week of 2025-08-04; $0.491/mi vs expected $0.450/mi over 197 mi): +$8.01",8.01,SHP05752,96.73,88.72,,True
CARF:21729717,fsc_mismatch,"Fuel surcharge $629.14 vs expected $576.71 (TL, diesel $3.947/gal for week of 2025-08-25; $0.490/mi vs expected $0.450/mi over 1,283 mi): +$52.43",52.43,SHP06259,629.14,576.71,,True
CARF:22184569,fsc_mismatch,"Fuel surcharge $581.62 vs expected $533.15 (TL, diesel $4.265/gal for week of 2025-10-13; $0.548/mi vs expected $0.502/mi over 1,061 mi): +$48.47",48.47,SHP07766,581.62,533.15,,True
CARF:23099438,fsc_mismatch,"Fuel surcharge $275.06 vs expected $252.14 (TL, diesel $4.199/gal for week of 2025-10-20; $0.536/mi vs expected $0.492/mi over 513 mi): +$22.92",22.92,SHP07929,275.06,252.14,,True
CARF:24055776,fsc_mismatch,"Fuel surcharge $521.24 vs expected $477.80 (TL, diesel $3.952/gal for week of 2025-08-04; $0.491/mi vs expected $0.450/mi over 1,061 mi): +$43.44",43.44,SHP05812,521.24,477.8,,True
CARF:24990491,fsc_mismatch,"Fuel surcharge $609.75 vs expected $558.93 (TL, diesel $4.047/gal for week of 2025-09-08; $0.509/mi vs expected $0.466/mi over 1,199 mi): +$50.82",50.82,SHP06778,609.75,558.93,,True
CARF:25800798,fsc_mismatch,"Fuel surcharge $322.17 vs expected $295.32 (TL, diesel $3.947/gal for week of 2025-08-25; $0.490/mi vs expected $0.449/mi over 657 mi): +$26.85",26.85,SHP06321,322.17,295.32,,True
CARF:25835436,fsc_mismatch,"Fuel surcharge $111.31 vs expected $102.04 (TL, diesel $3.947/gal for week of 2025-08-25; $0.490/mi vs expected $0.450/mi over 227 mi): +$9.27",9.27,SHP06384,111.31,102.04,,True
CARF:25849177,fsc_mismatch,"Fuel surcharge $703.56 vs expected $644.93 (TL, diesel $3.956/gal for week of 2025-09-01; $0.492/mi vs expected $0.451/mi over 1,430 mi): +$58.63",58.63,SHP06572,703.56,644.93,,True
CARF:26044665,fsc_mismatch,"Fuel surcharge $702.78 vs expected $644.21 (TL, diesel $3.953/gal for week of 2025-08-11; $0.491/mi vs expected $0.450/mi over 1,430 mi): +$58.57",58.57,SHP05959,702.78,644.21,,True
CARF:26471918,fsc_mismatch,"Fuel surcharge $417.01 vs expected $382.26 (TL, diesel $4.047/gal for week of 2025-09-08; $0.509/mi vs expected $0.466/mi over 820 mi): +$34.75",34.75,SHP06688,417.01,382.26,,True
CARF:27764623,fsc_mismatch,"Fuel surcharge $980.58 vs expected $898.87 (TL, diesel $3.952/gal for week of 2025-08-04; $0.491/mi vs expected $0.450/mi over 1,996 mi): +$81.71",81.71,SHP05747,980.58,898.87,,True
CARF:27784624,fsc_mismatch,"Fuel surcharge $131.90 vs expected $121.38 (TL, diesel $3.562/gal for week of 2025-03-31; $0.419/mi vs expected $0.385/mi over 315 mi): +$10.52",10.52,SHP02352,131.9,121.38,,True
CARF:28434535,fsc_mismatch,"Fuel surcharge $285.40 vs expected $261.61 (TL, diesel $3.999/gal for week of 2025-08-18; $0.500/mi vs expected $0.458/mi over 571 mi): +$23.79",23.79,SHP06208,285.4,261.61,,True
CARF:28631649,fsc_mismatch,"Fuel surcharge $677.66 vs expected $621.19 (TL, diesel $4.155/gal for week of 2025-09-15; $0.528/mi vs expected $0.484/mi over 1,283 mi): +$56.47",56.47,SHP06908,677.66,621.19,,True
CARF:28688749,fsc_mismatch,"Fuel surcharge $387.88 vs expected $355.55 (TL, diesel $3.947/gal for week of 2025-08-25; $0.490/mi vs expected $0.449/mi over 791 mi): +$32.33",32.33,SHP06329,387.88,355.55,,True
CARF:29406950,fsc_mismatch,"Fuel surcharge $1,080.41 vs expected $990.37 (TL, diesel $4.199/gal for week of 2025-10-20; $0.536/mi vs expected $0.491/mi over 2,015 mi): +$90.04",90.04,SHP07905,1080.41,990.37,,True
CARF:29561606,fsc_mismatch,"Fuel surcharge $616.15 vs expected $515.34 (TL, diesel $3.660/gal for week of 2025-01-27; $0.480/mi vs expected $0.402/mi over 1,283 mi): +$100.81",100.81,SHP00676,616.15,515.34,,True
CARF:29895399,fsc_mismatch,"Fuel surcharge $396.48 vs expected $350.15 (TL, diesel $3.906/gal for week of 2025-12-15; $0.501/mi vs expected $0.443/mi over 791 mi): +$46.33",46.33,SHP09677,396.48,350.15,,True
CARF:30026813,fsc_mismatch,"Fuel surcharge $256.41 vs expected $235.04 (TL, diesel $3.999/gal for week of 2025-08-18; $0.500/mi vs expected $0.458/mi over 513 mi): +$21.37",21.37,SHP06216,256.41,235.04,,True
CARF:30723299,fsc_mismatch,"Fuel surcharge $427.68 vs expected $391.68 (TL, diesel $4.221/gal for week of 2025-09-29; $0.541/mi vs expected $0.495/mi over 791 mi): +$36.00",36.0,SHP07276,427.68,391.68,,True
CARF:31237891,fsc_mismatch,"Fuel surcharge $426.56 vs expected $391.02 (TL, diesel $4.216/gal for week of 2025-10-06; $0.539/mi vs expected $0.494/mi over 791 mi): +$35.54",35.54,SHP07611,426.56,391.02,,True
CARF:31320445,fsc_mismatch,"Fuel surcharge $1,244.71 vs expected $1,140.98 (TL, diesel $4.141/gal for week of 2025-10-27; $0.526/mi vs expected $0.482/mi over 2,368 mi): +$103.73",103.73,SHP08050,1244.71,1140.98,,True
CARF:31478676,fsc_mismatch,"Fuel surcharge $121.71 vs expected $111.57 (TL, diesel $4.199/gal for week of 2025-10-20; $0.536/mi vs expected $0.491/mi over 227 mi): +$10.14",10.14,SHP08020,121.71,111.57,,True
CARF:31962949,fsc_mismatch,"Fuel surcharge $158.97 vs expected $145.73 (TL, diesel $3.957/gal for week of 2025-07-28; $0.492/mi vs expected $0.451/mi over 323 mi): +$13.24",13.24,SHP05651,158.97,145.73,,True
CARF:33086065,fsc_mismatch,"Fuel surcharge $120.00 vs expected $109.91 (TL, diesel $4.155/gal for week of 2025-09-15; $0.529/mi vs expected $0.484/mi over 227 mi): +$10.09",10.09,SHP06857,120.0,109.91,,True
CARF:34114270,fsc_mismatch,"Fuel surcharge $541.38 vs expected $496.27 (TL, diesel $3.952/gal for week of 2025-08-04; $0.491/mi vs expected $0.450/mi over 1,102 mi): +$45.11",45.11,SHP05715,541.38,496.27,,True
CARF:35135438,fsc_mismatch,"Fuel surcharge $365.69 vs expected $335.22 (TL, diesel $3.957/gal for week of 2025-07-28; $0.492/mi vs expected $0.451/mi over 743 mi): +$30.47",30.47,SHP05603,365.69,335.22,,True
CARF:35504480,fsc_mismatch,"Fuel surcharge $988.08 vs expected $905.74 (TL, diesel $3.947/gal for week of 2025-08-25; $0.490/mi vs expected $0.449/mi over 2,015 mi): +$82.34",82.34,SHP06277,988.08,905.74,,True
CARF:35934254,fsc_mismatch,"Fuel surcharge $788.75 vs expected $776.44 (TL, diesel $3.584/gal for week of 2025-02-17; $0.395/mi vs expected $0.389/mi over 1,996 mi): +$12.31",12.31,SHP01164,788.75,776.44,,True
CARF:36910035,fsc_mismatch,"Fuel surcharge $1,165.06 vs expected $1,067.97 (TL, diesel $3.956/gal for week of 2025-09-01; $0.492/mi vs expected $0.451/mi over 2,368 mi): +$97.09",97.09,SHP06500,1165.06,1067.97,,True
CARF:37075501,fsc_mismatch,"Fuel surcharge $1,015.06 vs expected $930.47 (TL, diesel $4.047/gal for week of 2025-09-08; $0.509/mi vs expected $0.466/mi over 1,996 mi): +$84.59",84.59,SHP06754,1015.06,930.47,,True
CARF:37313879,fsc_mismatch,"Fuel surcharge $542.18 vs expected $497.00 (TL, diesel $3.956/gal for week of 2025-09-01; $0.492/mi vs expected $0.451/mi over 1,102 mi): +$45.18",45.18,SHP06514,542.18,497.0,,True
CARF:37938273,fsc_mismatch,"Fuel surcharge $96.82 vs expected $88.75 (TL, diesel $3.953/gal for week of 2025-08-11; $0.491/mi vs expected $0.451/mi over 197 mi): +$8.07",8.07,SHP05979,96.82,88.75,,True
CARF:38350183,fsc_mismatch,"Fuel surcharge $630.54 vs expected $577.99 (TL, diesel $3.953/gal for week of 2025-08-11; $0.491/mi vs expected $0.450/mi over 1,283 mi): +$52.55",52.55,SHP06026,630.54,577.99,,True
CARF:38457503,fsc_mismatch,"Fuel surcharge $642.88 vs expected $589.31 (TL, diesel $4.199/gal for week of 2025-10-20; $0.536/mi vs expected $0.492/mi over 1,199 mi): +$53.57",53.57,SHP07829,642.88,589.31,,True
CARF:38988178,fsc_mismatch,"Fuel surcharge $430.34 vs expected $394.48 (TL, diesel $4.216/gal for week of 2025-10-06; $0.539/mi vs expected $0.494/mi over 798 mi): +$35.86",35.86,SHP07464,430.34,394.48,,True
CARF:39331811,fsc_mismatch,"Fuel surcharge $322.89 vs expected $295.98 (TL, diesel $3.953/gal for week of 2025-08-11; $0.491/mi vs expected $0.451/mi over 657 mi): +$26.91",26.91,SHP05992,322.89,295.98,,True
CARF:39832845,fsc_mismatch,"Fuel surcharge $586.96 vs expected $538.04 (TL, diesel $3.956/gal for week of 2025-09-01; $0.492/mi vs expected $0.451/mi over 1,193 mi): +$48.92",48.92,SHP06554,586.96,538.04,,True
CARF:40197014,fsc_mismatch,"Fuel surcharge $1,163.33 vs expected $1,066.39 (TL, diesel $3.952/gal for week of 2025-08-04; $0.491/mi vs expected $0.450/mi over 2,368 mi): +$96.94",96.94,SHP05855,1163.33,1066.39,,True
CARF:41494542,fsc_mismatch,"Fuel surcharge $893.46 vs expected $819.01 (TL, diesel $3.953/gal for week of 2025-08-11; $0.491/mi vs expected $0.451/mi over 1,818 mi): +$74.45",74.45,SHP05993,893.46,819.01,,True
CARF:43587710,fsc_mismatch,"Fuel surcharge $365.69 vs expected $335.22 (TL, diesel $3.957/gal for week of 2025-07-28; $0.492/mi vs expected $0.451/mi over 743 mi): +$30.47",30.47,SHP05675,365.69,335.22,,True
CARF:44339723,fsc_mismatch,"Fuel surcharge $403.44 vs expected $369.82 (TL, diesel $3.956/gal for week of 2025-09-01; $0.492/mi vs expected $0.451/mi over 820 mi): +$33.62",33.62,SHP06539,403.44,369.82,,True
CARF:44476919,fsc_mismatch,"Fuel surcharge $1,277.00 vs expected $1,170.58 (TL, diesel $4.216/gal for week of 2025-10-06; $0.539/mi vs expected $0.494/mi over 2,368 mi): +$106.42",106.42,SHP07483,1277.0,1170.58,,True
CARF:44513099,fsc_mismatch,"Fuel surcharge $159.23 vs expected $145.51 (TL, diesel $3.953/gal for week of 2025-08-11; $0.493/mi vs expected $0.450/mi over 323 mi): +$13.72",13.72,SHP05926,159.23,145.51,,True
CARF:44595088,fsc_mismatch,"Fuel surcharge $554.31 vs expected $508.12 (TL, diesel $4.047/gal for week of 2025-09-08; $0.509/mi vs expected $0.466/mi over 1,090 mi): +$46.19",46.19,SHP06614,554.31,508.12,,True
CARF:44617712,fsc_mismatch,"Fuel surcharge $1,059.16 vs expected $970.89 (TL, diesel $4.141/gal for week of 2025-10-27; $0.526/mi vs expected $0.482/mi over 2,015 mi): +$88.27",88.27,SHP08109,1059.16,970.89,,True
CARF:44623547,fsc_mismatch,"Fuel surcharge $520.36 vs expected $478.69 (TL, diesel $3.957/gal for week of 2025-07-28; $0.490/mi vs expected $0.451/mi over 1,061 mi): +$41.67",41.67,SHP05631,520.36,478.69,,True
CARF:44840700,fsc_mismatch,"Fuel surcharge $365.15 vs expected $334.72 (TL, diesel $3.953/gal for week of 2025-08-11; $0.491/mi vs expected $0.450/mi over 743 mi): +$30.43",30.43,SHP06022,365.15,334.72,,True
CARF:45909478,fsc_mismatch,"Fuel surcharge $1,277.00 vs expected $1,170.58 (TL, diesel $4.216/gal for week of 2025-10-06; $0.539/mi vs expected $0.494/mi over 2,368 mi): +$106.42",106.42,SHP07582,1277.0,1170.58,,True
CARF:46019439,fsc_mismatch,"Fuel surcharge $550.80 vs expected $504.90 (TL, diesel $3.999/gal for week of 2025-08-18; $0.500/mi vs expected $0.458/mi over 1,102 mi): +$45.90",45.9,SHP06121,550.8,504.9,,True
CARF:46151165,fsc_mismatch,"Fuel surcharge $154.98 vs expected $142.06 (TL, diesel $3.956/gal for week of 2025-09-01; $0.492/mi vs expected $0.451/mi over 315 mi): +$12.92",12.92,SHP06606,154.98,142.06,,True
CARF:46472961,fsc_mismatch,"Fuel surcharge $674.06 vs expected $574.83 (TL, diesel $4.141/gal for week of 2025-10-27; $0.565/mi vs expected $0.482/mi over 1,193 mi): +$99.23",99.23,SHP08222,674.06,574.83,,True
CARF:47024574,fsc_mismatch,"Fuel surcharge $174.48 vs expected $159.94 (TL, diesel $4.221/gal for week of 2025-09-29; $0.540/mi vs expected $0.495/mi over 323 mi): +$14.54",14.54,SHP07324,174.48,159.94,,True
CARF:47125533,fsc_mismatch,"Fuel surcharge $405.82 vs expected $372.00 (TL, diesel $4.047/gal for week of 2025-09-08; $0.509/mi vs expected $0.466/mi over 798 mi): +$33.82",33.82,SHP06692,405.82,372.0,,True
CARF:47291086,fsc_mismatch,"Fuel surcharge $677.66 vs expected $621.19 (TL, diesel $4.155/gal for week of 2025-09-15; $0.528/mi vs expected $0.484/mi over 1,283 mi): +$56.47",56.47,SHP06971,677.66,621.19,,True
CARF:47392535,fsc_mismatch,"Fuel surcharge $652.46 vs expected $598.09 (TL, diesel $4.047/gal for week of 2025-09-08; $0.509/mi vs expected $0.466/mi over 1,283 mi): +$54.37",54.37,SHP06794,652.46,598.09,,True
CARF:48291594,fsc_mismatch,"Fuel surcharge $388.91 vs expected $356.87 (TL, diesel $3.957/gal for week of 2025-07-28; $0.492/mi vs expected $0.451/mi over 791 mi): +$32.04",32.04,SHP05671,388.91,356.87,,True
CARF:48691341,fsc_mismatch,"Fuel surcharge $96.78 vs expected $88.72 (TL, diesel $3.952/gal for week of 2025-08-04; $0.491/mi vs expected $0.450/mi over 197 mi): +$8.06",8.06,SHP05699,96.78,88.72,,True
CARF:49581419,fsc_mismatch,"Fuel surcharge $172.68 vs expected $158.29 (TL, diesel $4.265/gal for week of 2025-10-13; $0.548/mi vs expected $0.503/mi over 315 mi): +$14.39",14.39,SHP07743,172.68,158.29,,True
CARF:49752198,fsc_mismatch,"Fuel surcharge $407.30 vs expected $373.36 (TL, diesel $4.265/gal for week of 2025-10-13; $0.548/mi vs expected $0.503/mi over 743 mi): +$33.94",33.94,SHP07676,407.3,373.36,,True
CARF:50255019,fsc_mismatch,"Fuel surcharge $597.52 vs expected $547.72 (TL, diesel $4.265/gal for week of 2025-10-13; $0.548/mi vs expected $0.502/mi over 1,090 mi): +$49.80",49.8,SHP07715,597.52,547.72,,True
CARF:50257267,fsc_mismatch,"Fuel surcharge $522.20 vs expected $478.69 (TL, diesel $3.957/gal for week of 2025-07-28; $0.492/mi vs expected $0.451/mi over 1,061 mi): +$43.51",43.51,SHP05628,522.2,478.69,,True
CARF:50818822,fsc_mismatch,"Fuel surcharge $313.01 vs expected $286.93 (TL, diesel $4.265/gal for week of 2025-10-13; $0.548/mi vs expected $0.503/mi over 571 mi): +$26.08",26.08,SHP07649,313.01,286.93,,True
CARF:50920745,fsc_mismatch,"Fuel surcharge $106.77 vs expected $97.55 (TL, diesel $4.221/gal for week of 2025-09-29; $0.542/mi vs expected $0.495/mi over 197 mi): +$9.22",9.22,SHP07266,106.77,97.55,,True
CARF:51250773,fsc_mismatch,"Fuel surcharge $96.78 vs expected $88.72 (TL, diesel $3.952/gal for week of 2025-08-04; $0.491/mi vs expected $0.450/mi over 197 mi): +$8.06",8.06,SHP05723,96.78,88.72,,True
CARF:51479871,fsc_mismatch,"Fuel surcharge $573.13 vs expected $525.37 (TL, diesel $4.221/gal for week of 2025-09-29; $0.540/mi vs expected $0.495/mi over 1,061 mi): +$47.76",47.76,SHP07360,573.13,525.37,,True
CARF:52173268,fsc_mismatch,"Fuel surcharge $427.28 vs expected $391.68 (TL, diesel $4.221/gal for week of 2025-09-29; $0.540/mi vs expected $0.495/mi over 791 mi): +$35.60",35.6,SHP07261,427.28,391.68,,True
CARF:52580717,fsc_mismatch,"Fuel surcharge $714.74 vs expected $655.18 (TL, diesel $3.999/gal for week of 2025-08-18; $0.500/mi vs expected $0.458/mi over 1,430 mi): +$59.56",59.56,SHP06196,714.74,655.18,,True
CARF:53058562,fsc_mismatch,"Fuel surcharge $560.42 vs expected $513.72 (TL, diesel $4.047/gal for week of 2025-09-08; $0.509/mi vs expected $0.466/mi over 1,102 mi): +$46.70",46.7,SHP06672,560.42,513.72,,True
CARF:53396385,fsc_mismatch,"Fuel surcharge $957.86 vs expected $916.02 (TL, diesel $3.571/gal for week of 2025-05-05; $0.405/mi vs expected $0.387/mi over 2,368 mi): +$41.84",41.84,SHP03193,957.86,916.02,,True
CARF:57227110,fsc_mismatch,"Fuel surcharge $677.66 vs expected $621.19 (TL, diesel $4.155/gal for week of 2025-09-15; $0.528/mi vs expected $0.484/mi over 1,283 mi): +$56.47",56.47,SHP06898,677.66,621.19,,True
CARF:57389494,fsc_mismatch,"Fuel surcharge $439.67 vs expected $403.03 (TL, diesel $4.199/gal for week of 2025-10-20; $0.536/mi vs expected $0.491/mi over 820 mi): +$36.64",36.64,SHP07950,439.67,403.03,,True
CARF:58920352,fsc_mismatch,"Fuel surcharge $158.92 vs expected $145.67 (TL, diesel $3.956/gal for week of 2025-09-01; $0.492/mi vs expected $0.451/mi over 323 mi): +$13.25",13.25,SHP06591,158.92,145.67,,True
CARF:59238869,fsc_mismatch,"Fuel surcharge $280.00 vs expected $256.66 (TL, diesel $3.947/gal for week of 2025-08-25; $0.490/mi vs expected $0.449/mi over 571 mi): +$23.34",23.34,SHP06227,280.0,256.66,,True
CARF:59759318,fsc_mismatch,"Fuel surcharge $415.78 vs expected $381.13 (TL, diesel $4.141/gal for week of 2025-10-27; $0.526/mi vs expected $0.482/mi over 791 mi): +$34.65",34.65,SHP08141,415.78,381.13,,True
CARF:59770225,fsc_mismatch,"Fuel surcharge $1,054.25 vs expected $966.40 (TL, diesel $4.155/gal for week of 2025-09-15; $0.528/mi vs expected $0.484/mi over 1,996 mi): +$87.85",87.85,SHP07014,1054.25,966.4,,True
CARF:60039209,fsc_mismatch,"Fuel surcharge $313.01 vs expected $286.93 (TL, diesel $4.265/gal for week of 2025-10-13; $0.548/mi vs expected $0.503/mi over 571 mi): +$26.08",26.08,SHP07647,313.01,286.93,,True
CARF:60259351,fsc_mismatch,"Fuel surcharge $1,080.41 vs expected $990.37 (TL, diesel $4.199/gal for week of 2025-10-20; $0.536/mi vs expected $0.491/mi over 2,015 mi): +$90.04",90.04,SHP07977,1080.41,990.37,,True
CARF:60545252,fsc_mismatch,"Fuel surcharge $755.30 vs expected $692.36 (TL, diesel $4.155/gal for week of 2025-09-15; $0.528/mi vs expected $0.484/mi over 1,430 mi): +$62.94",62.94,SHP06849,755.3,692.36,,True
CARF:60557716,fsc_mismatch,"Fuel surcharge $1,250.73 vs expected $1,146.51 (TL, diesel $4.155/gal for week of 2025-09-15; $0.528/mi vs expected $0.484/mi over 2,368 mi): +$104.22",104.22,SHP06872,1250.73,1146.51,,True
CARF:61678293,fsc_mismatch,"Fuel surcharge $307.92 vs expected $282.26 (TL, diesel $4.216/gal for week of 2025-10-06; $0.539/mi vs expected $0.494/mi over 571 mi): +$25.66",25.66,SHP07446,307.92,282.26,,True
CARF:62439697,fsc_mismatch,"Fuel surcharge $630.24 vs expected $577.72 (TL, diesel $4.141/gal for week of 2025-10-27; $0.526/mi vs expected $0.482/mi over 1,199 mi): +$52.52",52.52,SHP08163,630.24,577.72,,True
CARF:62869772,fsc_mismatch,"Fuel surcharge $892.52 vs expected $819.92 (TL, diesel $3.956/gal for week of 2025-09-01; $0.491/mi vs expected $0.451/mi over 1,818 mi): +$72.60",72.6,SHP06404,892.52,819.92,,True
CARF:62873042,fsc_mismatch,"Fuel surcharge $1,165.06 vs expected $1,067.97 (TL, diesel $3.956/gal for week of 2025-09-01; $0.492/mi vs expected $0.451/mi over 2,368 mi): +$97.09",97.09,SHP06595,1165.06,1067.97,,True
CARF:63379489,fsc_mismatch,"Fuel surcharge $164.26 vs expected $150.57 (TL, diesel $4.047/gal for week of 2025-09-08; $0.509/mi vs expected $0.466/mi over 323 mi): +$13.69",13.69,SHP06739,164.26,150.57,,True
CARF:63871160,fsc_mismatch,"Fuel surcharge $641.18 vs expected $587.75 (TL, diesel $4.206/gal for week of 2025-09-22; $0.537/mi vs expected $0.493/mi over 1,193 mi): +$53.43",53.43,SHP07191,641.18,587.75,,True
CARF:64343597,fsc_mismatch,"Fuel surcharge $305.39 vs expected $280.65 (TL, diesel $4.199/gal for week of 2025-10-20; $0.535/mi vs expected $0.492/mi over 571 mi): +$24.74",24.74,SHP07859,305.39,280.65,,True
CARF:64781999,fsc_mismatch,"Fuel surcharge $560.40 vs expected $513.70 (TL, diesel $4.155/gal for week of 2025-09-15; $0.528/mi vs expected $0.484/mi over 1,061 mi): +$46.70",46.7,SHP06972,560.4,513.7,,True
CARF:65393292,fsc_mismatch,"Fuel surcharge $1,070.22 vs expected $981.03 (TL, diesel $4.199/gal for week of 2025-10-20; $0.536/mi vs expected $0.491/mi over 1,996 mi): +$89.19",89.19,SHP08006,1070.22,981.03,,True
CARF:66702137,fsc_mismatch,"Fuel surcharge $392.76 vs expected $360.03 (TL, diesel $3.957/gal for week of 2025-07-28; $0.492/mi vs expected $0.451/mi over 798 mi): +$32.73",32.73,SHP05622,392.76,360.03,,True
CARF:68124025,fsc_mismatch,"Fuel surcharge $365.15 vs expected $334.72 (TL, diesel $3.953/gal for week of 2025-08-11; $0.491/mi vs expected $0.450/mi over 743 mi): +$30.43",30.43,SHP05984,365.15,334.72,,True
CARF:68158685,fsc_mismatch,"Fuel surcharge $544.80 vs expected $499.40 (TL, diesel $3.999/gal for week of 2025-08-18; $0.500/mi vs expected $0.458/mi over 1,090 mi): +$45.40",45.4,SHP06093,544.8,499.4,,True
CARF:68325420,fsc_mismatch,"Fuel surcharge $377.85 vs expected $346.36 (TL, diesel $4.047/gal for week of 2025-09-08; $0.509/mi vs expected $0.466/mi over 743 mi): +$31.49",31.49,SHP06792,377.85,346.36,,True
CARF:69427108,fsc_mismatch,"Fuel surcharge $328.38 vs expected $301.02 (TL, diesel $3.999/gal for week of 2025-08-18; $0.500/mi vs expected $0.458/mi over 657 mi): +$27.36",27.36,SHP06128,328.38,301.02,,True
CARF:69517349,fsc_mismatch,"Fuel surcharge $588.80 vs expected $539.73 (TL, diesel $4.221/gal for week of 2025-09-29; $0.540/mi vs expected $0.495/mi over 1,090 mi): +$49.07",49.07,SHP07284,588.8,539.73,,True
CARF:70185817,fsc_mismatch,"Fuel surcharge $347.02 vs expected $318.10 (TL, diesel $4.155/gal for week of 2025-09-15; $0.528/mi vs expected $0.484/mi over 657 mi): +$28.92",28.92,SHP06851,347.02,318.1,,True
CARF:71468917,fsc_mismatch,"Fuel surcharge $657.27 vs expected $602.50 (TL, diesel $4.265/gal for week of 2025-10-13; $0.548/mi vs expected $0.503/mi over 1,199 mi): +$54.77",54.77,SHP07794,657.27,602.5,,True
CARF:71574596,fsc_mismatch,"Fuel surcharge $560.42 vs expected $513.72 (TL, diesel $4.047/gal for week of 2025-09-08; $0.509/mi vs expected $0.466/mi over 1,102 mi): +$46.70",46.7,SHP06791,560.42,513.72,,True
CARF:71679925,fsc_mismatch,"Fuel surcharge $402.26 vs expected $368.74 (TL, diesel $4.047/gal for week of 2025-09-08; $0.509/mi vs expected $0.466/mi over 791 mi): +$33.52",33.52,SHP06746,402.26,368.74,,True
CARF:71780863,fsc_mismatch,"Fuel surcharge $980.40 vs expected $898.70 (TL, diesel $4.216/gal for week of 2025-10-06; $0.539/mi vs expected $0.494/mi over 1,818 mi): +$81.70",81.7,SHP07498,980.4,898.7,,True
CARF:72204186,fsc_mismatch,"Fuel surcharge $260.88 vs expected $239.14 (TL, diesel $4.047/gal for week of 2025-09-08; $0.509/mi vs expected $0.466/mi over 513 mi): +$21.74",21.74,SHP06823,260.88,239.14,,True
CARF:73564973,fsc_mismatch,"Fuel surcharge $172.68 vs expected $158.29 (TL, diesel $4.265/gal for week of 2025-10-13; $0.548/mi vs expected $0.503/mi over 315 mi): +$14.39",14.39,SHP07643,172.68,158.29,,True
CARF:73836070,fsc_mismatch,"Fuel surcharge $280.52 vs expected $257.14 (TL, diesel $3.952/gal for week of 2025-08-04; $0.491/mi vs expected $0.450/mi over 571 mi): +$23.38",23.38,SHP05760,280.52,257.14,,True
CARF:74452542,fsc_mismatch,"Fuel surcharge $111.68 vs expected $102.38 (TL, diesel $3.956/gal for week of 2025-09-01; $0.492/mi vs expected $0.451/mi over 227 mi): +$9.30",9.3,SHP06533,111.68,102.38,,True
CARF:74519713,fsc_mismatch,"Fuel surcharge $122.00 vs expected $111.84 (TL, diesel $4.206/gal for week of 2025-09-22; $0.537/mi vs expected $0.493/mi over 227 mi): +$10.16",10.16,SHP07096,122.0,111.84,,True
CARF:74520712,fsc_mismatch,"Fuel surcharge $96.96 vs expected $88.88 (TL, diesel $3.957/gal for week of 2025-07-28; $0.492/mi vs expected $0.451/mi over 197 mi): +$8.08",8.08,SHP05633,96.96,88.88,,True
CARF:76485825,fsc_mismatch,"Fuel surcharge $633.29 vs expected $580.52 (TL, diesel $4.155/gal for week of 2025-09-15; $0.528/mi vs expected $0.484/mi over 1,199 mi): +$52.77",52.77,SHP07037,633.29,580.52,,True
CARF:76706133,fsc_mismatch,"Fuel surcharge $433.61 vs expected $397.48 (TL, diesel $4.265/gal for week of 2025-10-13; $0.548/mi vs expected $0.503/mi over 791 mi): +$36.13",36.13,SHP07799,433.61,397.48,,True
CARF:76754307,fsc_mismatch,"Fuel surcharge $322.17 vs expected $295.32 (TL, diesel $3.947/gal for week of 2025-08-25; $0.490/mi vs expected $0.449/mi over 657 mi): +$26.85",26.85,SHP06261,322.17,295.32,,True
CARF:77081726,fsc_mismatch,"Fuel surcharge $893.13 vs expected $818.71 (TL, diesel $3.952/gal for week of 2025-08-04; $0.491/mi vs expected $0.450/mi over 1,818 mi): +$74.42",74.42,SHP05856,893.13,818.71,,True
CARF:77236279,fsc_mismatch,"Fuel surcharge $586.31 vs expected $537.45 (TL, diesel $3.953/gal for week of 2025-08-11; $0.491/mi vs expected $0.451/mi over 1,193 mi): +$48.86",48.86,SHP05940,586.31,537.45,,True
CARF:77600843,fsc_mismatch,"Fuel surcharge $960.23 vs expected $880.22 (TL, diesel $4.155/gal for week of 2025-09-15; $0.528/mi vs expected $0.484/mi over 1,818 mi): +$80.01",80.01,SHP06842,960.23,880.22,,True
CARF:78446321,fsc_mismatch,"Fuel surcharge $1,165.06 vs expected $1,067.97 (TL, diesel $3.956/gal for week of 2025-09-01; $0.492/mi vs expected $0.451/mi over 2,368 mi): +$97.09",97.09,SHP06475,1165.06,1067.97,,True
CARF:78575651,fsc_mismatch,"Fuel surcharge $630.24 vs expected $577.72 (TL, diesel $4.141/gal for week of 2025-10-27; $0.526/mi vs expected $0.482/mi over 1,199 mi): +$52.52",52.52,SHP08085,630.24,577.72,,True
CARF:78691806,fsc_mismatch,"Fuel surcharge $522.01 vs expected $478.51 (TL, diesel $3.956/gal for week of 2025-09-01; $0.492/mi vs expected $0.451/mi over 1,061 mi): +$43.50",43.5,SHP06536,522.01,478.51,,True
CARF:80028332,fsc_mismatch,"Fuel surcharge $990.28 vs expected $907.76 (TL, diesel $3.953/gal for week of 2025-08-11; $0.491/mi vs expected $0.451/mi over 2,015 mi): +$82.52",82.52,SHP05937,990.28,907.76,,True
CARF:80103115,fsc_mismatch,"Fuel surcharge $974.78 vs expected $893.55 (TL, diesel $4.199/gal for week of 2025-10-20; $0.536/mi vs expected $0.492/mi over 1,818 mi): +$81.23",81.23,SHP07882,974.78,893.55,,True
CARF:81390756,fsc_mismatch,"Fuel surcharge $520.28 vs expected $476.92 (TL, diesel $3.947/gal for week of 2025-08-25; $0.490/mi vs expected $0.450/mi over 1,061 mi): +$43.36",43.36,SHP06247,520.28,476.92,,True
CARF:81620272,fsc_mismatch,"Fuel surcharge $96.92 vs expected $88.85 (TL, diesel $3.956/gal for week of 2025-09-01; $0.492/mi vs expected $0.451/mi over 197 mi): +$8.07",8.07,SHP06541,96.92,88.85,,True
CARF:81764129,fsc_mismatch,"Fuel surcharge $587.81 vs expected $538.82 (TL, diesel $4.216/gal for week of 2025-10-06; $0.539/mi vs expected $0.494/mi over 1,090 mi): +$48.99",48.99,SHP07578,587.81,538.82,,True
CARF:81978083,fsc_mismatch,"Fuel surcharge $377.85 vs expected $346.36 (TL, diesel $4.047/gal for week of 2025-09-08; $0.509/mi vs expected $0.466/mi over 743 mi): +$31.49",31.49,SHP06756,377.85,346.36,,True
CARF:82506791,fsc_mismatch,"Fuel surcharge $158.68 vs expected $145.46 (TL, diesel $3.952/gal for week of 2025-08-04; $0.491/mi vs expected $0.450/mi over 323 mi): +$13.22",13.22,SHP05756,158.68,145.46,,True
CARF:82839818,fsc_mismatch,"Fuel surcharge $96.82 vs expected $88.75 (TL, diesel $3.953/gal for week of 2025-08-11; $0.491/mi vs expected $0.451/mi over 197 mi): +$8.07",8.07,SHP05859,96.82,88.75,,True
CARF:83007362,fsc_mismatch,"Fuel surcharge $111.52 vs expected $102.23 (TL, diesel $3.952/gal for week of 2025-08-04; $0.491/mi vs expected $0.450/mi over 227 mi): +$9.29",9.29,SHP05807,111.52,102.23,,True
CARF:83444367,fsc_mismatch,"Fuel surcharge $170.60 vs expected $156.39 (TL, diesel $4.155/gal for week of 2025-09-15; $0.528/mi vs expected $0.484/mi over 323 mi): +$14.21",14.21,SHP06874,170.6,156.39,,True
CARF:84482846,fsc_mismatch,"Fuel surcharge $1,082.27 vs expected $904.58 (TL, diesel $3.542/gal for week of 2025-04-28; $0.457/mi vs expected $0.382/mi over 2,368 mi): +$177.69",177.69,SHP02938,1082.27,904.58,,True
CARF:84519791,fsc_mismatch,"Fuel surcharge $173.60 vs expected $159.13 (TL, diesel $4.206/gal for week of 2025-09-22; $0.537/mi vs expected $0.493/mi over 323 mi): +$14.47",14.47,SHP07189,173.6,159.13,,True
CARF:85256753,fsc_mismatch,"Fuel surcharge $633.29 vs expected $580.52 (TL, diesel $4.155/gal for week of 2025-09-15; $0.528/mi vs expected $0.484/mi over 1,199 mi): +$52.77",52.77,SHP06994,633.29,580.52,,True
CARF:86066688,fsc_mismatch,"Fuel surcharge $590.87 vs expected $541.63 (TL, diesel $4.199/gal for week of 2025-10-20; $0.536/mi vs expected $0.491/mi over 1,102 mi): +$49.24",49.24,SHP07915,590.87,541.63,,True
CARF:86068522,fsc_mismatch,"Fuel surcharge $105.63 vs expected $96.83 (TL, diesel $4.199/gal for week of 2025-10-20; $0.536/mi vs expected $0.492/mi over 197 mi): +$8.80",8.8,SHP07903,105.63,96.83,,True
CARF:86341194,fsc_mismatch,"Fuel surcharge $371.36 vs expected $340.42 (TL, diesel $3.999/gal for week of 2025-08-18; $0.500/mi vs expected $0.458/mi over 743 mi): +$30.94",30.94,SHP06219,371.36,340.42,,True
CARF:86548876,fsc_mismatch,"Fuel surcharge $365.56 vs expected $335.09 (TL, diesel $3.956/gal for week of 2025-09-01; $0.492/mi vs expected $0.451/mi over 743 mi): +$30.47",30.47,SHP06410,365.56,335.09,,True
CARF:86848344,fsc_mismatch,"Fuel surcharge $459.46 vs expected $420.96 (TL, diesel $3.542/gal for week of 2025-04-28; $0.417/mi vs expected $0.382/mi over 1,102 mi): +$38.50",38.5,SHP03130,459.46,420.96,,True
CARF:87521978,fsc_mismatch,"Fuel surcharge $1,161.18 vs expected $1,064.42 (TL, diesel $3.947/gal for week of 2025-08-25; $0.490/mi vs expected $0.450/mi over 2,368 mi): +$96.76",96.76,SHP06224,1161.18,1064.42,,True
CARF:87842938,fsc_mismatch,"Fuel surcharge $169.30 vs expected $155.19 (TL, diesel $4.206/gal for week of 2025-09-22; $0.537/mi vs expected $0.493/mi over 315 mi): +$14.11",14.11,SHP07143,169.3,155.19,,True
CARF:89895415,fsc_mismatch,"Fuel surcharge $96.60 vs expected $88.55 (TL, diesel $3.947/gal for week of 2025-08-25; $0.490/mi vs expected $0.449/mi over 197 mi): +$8.05",8.05,SHP06270,96.6,88.55,,True
CARF:89904588,fsc_mismatch,"Fuel surcharge $990.28 vs expected $907.76 (TL, diesel $3.953/gal for week of 2025-08-11; $0.491/mi vs expected $0.451/mi over 2,015 mi): +$82.52",82.52,SHP05941,990.28,907.76,,True
CARF:90398011,fsc_mismatch,"Fuel surcharge $433.61 vs expected $397.48 (TL, diesel $4.265/gal for week of 2025-10-13; $0.548/mi vs expected $0.503/mi over 791 mi): +$36.13",36.13,SHP07672,433.61,397.48,,True
CARF:90833782,fsc_mismatch,"Fuel surcharge $400.68 vs expected $367.29 (TL, diesel $4.216/gal for week of 2025-10-06; $0.539/mi vs expected $0.494/mi over 743 mi): +$33.39",33.39,SHP07591,400.68,367.29,,True
CARF:91487888,fsc_mismatch,"Fuel surcharge $1,250.73 vs expected $1,146.51 (TL, diesel $4.155/gal for week of 2025-09-15; $0.528/mi vs expected $0.484/mi over 2,368 mi): +$104.22",104.22,SHP07032,1250.73,1146.51,,True
CARF:91776896,fsc_mismatch,"Fuel surcharge $894.79 vs expected $820.22 (TL, diesel $3.957/gal for week of 2025-07-28; $0.492/mi vs expected $0.451/mi over 1,818 mi): +$74.57",74.57,SHP05642,894.79,820.22,,True
CARF:92804084,fsc_mismatch,"Fuel surcharge $252.40 vs expected $231.36 (TL, diesel $3.956/gal for week of 2025-09-01; $0.492/mi vs expected $0.451/mi over 513 mi): +$21.04",21.04,SHP06534,252.4,231.36,,True
CARF:93981006,fsc_mismatch,"Fuel surcharge $275.06 vs expected $252.14 (TL, diesel $4.199/gal for week of 2025-10-20; $0.536/mi vs expected $0.492/mi over 513 mi): +$22.92",22.92,SHP07942,275.06,252.14,,True
CARF:94904338,fsc_mismatch,"Fuel surcharge $575.72 vs expected $527.74 (TL, diesel $4.155/gal for week of 2025-09-15; $0.528/mi vs expected $0.484/mi over 1,090 mi): +$47.98",47.98,SHP06892,575.72,527.74,,True
CARF:95261563,fsc_mismatch,"Fuel surcharge $121.71 vs expected $111.57 (TL, diesel $4.199/gal for week of 2025-10-20; $0.536/mi vs expected $0.491/mi over 227 mi): +$10.14",10.14,SHP07945,121.71,111.57,,True
CARF:95715883,fsc_mismatch,"Fuel surcharge $540.38 vs expected $495.35 (TL, diesel $3.947/gal for week of 2025-08-25; $0.490/mi vs expected $0.450/mi over 1,102 mi): +$45.03",45.03,SHP06338,540.38,495.35,,True
CARF:95786659,fsc_mismatch,"Fuel surcharge $589.04 vs expected $539.95 (TL, diesel $3.952/gal for week of 2025-08-04; $0.491/mi vs expected $0.450/mi over 1,199 mi): +$49.09",49.09,SHP05799,589.04,539.95,,True
CARF:96527895,fsc_mismatch,"Fuel surcharge $111.31 vs expected $102.04 (TL, diesel $3.947/gal for week of 2025-08-25; $0.490/mi vs expected $0.450/mi over 227 mi): +$9.27",9.27,SHP06246,111.31,102.04,,True
CARF:98664657,fsc_mismatch,"Fuel surcharge $585.00 vs expected $536.25 (TL, diesel $3.947/gal for week of 2025-08-25; $0.490/mi vs expected $0.449/mi over 1,193 mi): +$48.75",48.75,SHP06372,585.0,536.25,,True
CARF:99542379,fsc_mismatch,"Fuel surcharge $1,163.33 vs expected $1,066.39 (TL, diesel $3.952/gal for week of 2025-08-04; $0.491/mi vs expected $0.450/mi over 2,368 mi): +$96.94",96.94,SHP05701,1163.33,1066.39,,True
CARF:99734468,fsc_mismatch,"Fuel surcharge $322.77 vs expected $295.87 (TL, diesel $3.952/gal for week of 2025-08-04; $0.491/mi vs expected $0.450/mi over 657 mi): +$26.90",26.9,SHP05834,322.77,295.87,,True
CARG:05096507,fsc_mismatch,"Fuel surcharge $429.26 vs expected $425.55 (TL, diesel $3.542/gal for week of 2024-12-30; $0.385/mi vs expected $0.382/mi over 1,114 mi): +$3.71",3.71,SHP00071,429.26,425.55,,True
CARG:08641324,fsc_mismatch,"Fuel surcharge $130.13 vs expected $110.02 (TL, diesel $4.047/gal for week of 2025-09-08; $0.551/mi vs expected $0.466/mi over 236 mi): +$20.11",20.11,SHP06718,130.13,110.02,,True
CARG:12217005,fsc_mismatch,"Fuel surcharge $114.88 vs expected $108.49 (TL, diesel $3.542/gal for week of 2025-04-28; $0.405/mi vs expected $0.382/mi over 284 mi): +$6.39",6.39,SHP03055,114.88,108.49,,True
CARG:13361882,fsc_mismatch,"Fuel surcharge $547.07 vs expected $513.02 (TL, diesel $3.510/gal for week of 2025-01-06; $0.402/mi vs expected $0.377/mi over 1,362 mi): +$34.05",34.05,SHP00253,547.07,513.02,,True
CARG:60587194,fsc_mismatch,"Fuel surcharge $508.32 vs expected $504.54 (TL, diesel $3.521/gal for week of 2025-04-07; $0.381/mi vs expected $0.378/mi over 1,333 mi): +$3.78",3.78,SHP02499,508.32,504.54,,True
CARG:61401074,fsc_mismatch,"Fuel surcharge $575.63 vs expected $526.76 (TL, diesel $3.621/gal for week of 2025-03-03; $0.432/mi vs expected $0.395/mi over 1,333 mi): +$48.87",48.87,SHP01530,575.63,526.76,,True
CARG:65450068,fsc_mismatch,"Fuel surcharge $1,193.63 vs expected $1,046.74 (TL, diesel $3.856/gal for week of 2025-07-21; $0.495/mi vs expected $0.434/mi over 2,410 mi): +$146.89",146.89,SHP05485,1193.63,1046.74,,True
CARG:68998082,fsc_mismatch,"Fuel surcharge $321.74 vs expected $285.17 (TL, diesel $3.677/gal for week of 2025-05-19; $0.456/mi vs expected $0.404/mi over 705 mi): +$36.57",36.57,SHP03643,321.74,285.17,,True
CARG:70462116,fsc_mismatch,"Fuel surcharge $539.58 vs expected $533.00 (TL, diesel $3.598/gal for week of 2025-02-03; $0.396/mi vs expected $0.391/mi over 1,362 mi): +$6.58",6.58,SHP00847,539.58,533.0,,True
CARG:74062926,fsc_mismatch,"Fuel surcharge $238.69 vs expected $227.46 (TL, diesel $3.599/gal for week of 2025-06-02; $0.411/mi vs expected $0.391/mi over 581 mi): +$11.23",11.23,SHP04120,238.69,227.46,,True
CARG:79682295,fsc_mismatch,"Fuel surcharge $660.06 vs expected $645.39 (TL, diesel $4.155/gal for week of 2025-09-15; $0.495/mi vs expected $0.484/mi over 1,333 mi): +$14.67",14.67,SHP06938,660.06,645.39,,True
CARG:80004043,fsc_mismatch,"Fuel surcharge $1,056.34 vs expected $912.19 (TL, diesel $3.521/gal for week of 2025-04-07; $0.438/mi vs expected $0.379/mi over 2,410 mi): +$144.15",144.15,SHP02399,1056.34,912.19,,True
CARG:90613155,fsc_mismatch,"Fuel surcharge $520.64 vs expected $463.54 (TL, diesel $3.601/gal for week of 2025-05-12; $0.440/mi vs expected $0.392/mi over 1,183 mi): +$57.10",57.1,SHP03430,520.64,463.54,,True
CARG:94506210,fsc_mismatch,"Fuel surcharge $280.59 vs expected $273.42 (TL, diesel $3.538/gal for week of 2025-03-10; $0.391/mi vs expected $0.381/mi over 717 mi): +$7.17",7.17,SHP01794,280.59,273.42,,True
CARG:94629718,fsc_mismatch,"Fuel surcharge $380.73 vs expected $338.64 (TL, diesel $3.666/gal for week of 2025-05-26; $0.453/mi vs expected $0.403/mi over 841 mi): +$42.09",42.09,SHP03783,380.73,338.64,,True
CARG:95036140,fsc_mismatch,"Fuel surcharge $208.21 vs expected $191.27 (TL, diesel $3.666/gal for week of 2025-05-26; $0.438/mi vs expected $0.403/mi over 475 mi): +$16.94",16.94,SHP03827,208.21,191.27,,True
CARH:00896790,fsc_mismatch,"Fuel surcharge $551.39 vs expected $541.10 (TL, diesel $4.141/gal for week of 2025-10-27; $0.491/mi vs expected $0.482/mi over 1,123 mi): +$10.29",10.29,SHP08070,551.39,541.1,,True
CARH:17546917,fsc_mismatch,"Fuel surcharge $165.93 vs expected $160.13 (TL, diesel $3.652/gal for week of 2025-06-16; $0.415/mi vs expected $0.400/mi over 400 mi): +$5.80",5.8,SHP04444,165.93,160.13,,True
CARH:24994110,fsc_mismatch,"Fuel surcharge $144.08 vs expected $132.75 (TL, diesel $4.006/gal for week of 2025-12-01; $0.499/mi vs expected $0.459/mi over 289 mi): +$11.33",11.33,SHP09272,144.08,132.75,,True
CARH:36786299,fsc_mismatch,"Fuel surcharge $244.34 vs expected $218.91 (TL, diesel $3.660/gal for week of 2025-01-27; $0.448/mi vs expected $0.402/mi over 545 mi): +$25.43",25.43,SHP00607,244.34,218.91,,True
CARH:39188598,fsc_mismatch,"Fuel surcharge $806.57 vs expected $727.58 (TL, diesel $3.756/gal for week of 2025-07-14; $0.463/mi vs expected $0.418/mi over 1,742 mi): +$78.99",78.99,SHP05180,806.57,727.58,,True
CARH:49094686,fsc_mismatch,"Fuel surcharge $513.25 vs expected $443.77 (TL, diesel $3.621/gal for week of 2025-03-03; $0.457/mi vs expected $0.395/mi over 1,123 mi): +$69.48",69.48,SHP01633,513.25,443.77,,True
CARH:50280485,fsc_mismatch,"Fuel surcharge $381.53 vs expected $327.05 (TL, diesel $3.856/gal for week of 2025-07-21; $0.507/mi vs expected $0.434/mi over 753 mi): +$54.48",54.48,SHP05407,381.53,327.05,,True
CARH:93058324,fsc_mismatch,"Fuel surcharge $1,233.37 vs expected $1,105.33 (TL, diesel $4.216/gal for week of 2025-10-06; $0.552/mi vs expected $0.494/mi over 2,236 mi): +$128.04",128.04,SHP07457,1233.37,1105.33,,True
CARH:94668424,fsc_mismatch,"Fuel surcharge $951.84 vs expected $875.35 (TL, diesel $4.265/gal for week of 2025-10-13; $0.546/mi vs expected $0.502/mi over 1,742 mi): +$76.49",76.49,SHP07810,951.84,875.35,,True
CARH:96786948,fsc_mismatch,"Fuel surcharge $776.44 vs expected $769.94 (TL, diesel $3.735/gal for week of 2025-07-07; $0.418/mi vs expected $0.414/mi over 1,859 mi): +$6.50",6.5,SHP05062,776.44,769.94,,True
CARA:00444181,unauthorized_accessorial,Liftgate $95.00 billed with no authorization on file for SHP06820 as of 2026-03-31,95.0,SHP06820,95.0,0.0,,True
CARA:00952366,unauthorized_accessorial,Liftgate $95.00 billed with no authorization on file for SHP06056 as of 2026-03-31,95.0,SHP06056,95.0,0.0,,True
CARA:09413563,unauthorized_accessorial,Liftgate $95.00 billed with no authorization on file for SHP09607 as of 2026-03-31,95.0,SHP09607,95.0,0.0,,True
CARA:09851036,unauthorized_accessorial,Liftgate $95.00 billed with no authorization on file for SHP05461 as of 2026-03-31,95.0,SHP05461,95.0,0.0,,True
CARA:13803161,unauthorized_accessorial,Residential $125.00 billed with no authorization on file for SHP04324 as of 2026-03-31,125.0,SHP04324,125.0,0.0,,True
CARA:18116671,unauthorized_accessorial,Residential $125.00 billed with no authorization on file for SHP03145 as of 2026-03-31,125.0,SHP03145,125.0,0.0,,True
CARA:18616410,unauthorized_accessorial,Residential $125.00 billed with no authorization on file for SHP00506 as of 2026-03-31,125.0,SHP00506,125.0,0.0,,True
CARA:19190581,unauthorized_accessorial,Liftgate $95.00 billed with no authorization on file for SHP06917 as of 2026-03-31,95.0,SHP06917,95.0,0.0,,True
CARA:22402943,unauthorized_accessorial,Residential $125.00 billed with no authorization on file for SHP04819 as of 2026-03-31,125.0,SHP04819,125.0,0.0,,True
CARA:28160946,unauthorized_accessorial,Liftgate $95.00 billed with no authorization on file for SHP01671 as of 2026-03-31,95.0,SHP01671,95.0,0.0,,True
CARA:28466192,unauthorized_accessorial,Liftgate $95.00 billed with no authorization on file for SHP05089 as of 2026-03-31,95.0,SHP05089,95.0,0.0,,True
CARA:29489637,unauthorized_accessorial,Residential $125.00 billed with no authorization on file for SHP08522 as of 2026-03-31,125.0,SHP08522,125.0,0.0,,True
CARA:29938521,unauthorized_accessorial,Liftgate $95.00 billed with no authorization on file for SHP06248 as of 2026-03-31,95.0,SHP06248,95.0,0.0,,True
CARA:31848735,unauthorized_accessorial,Residential $125.00 billed with no authorization on file for SHP09186 as of 2026-03-31,125.0,SHP09186,125.0,0.0,,True
CARA:44830194,unauthorized_accessorial,Residential $125.00 billed with no authorization on file for SHP03700 as of 2026-03-31,125.0,SHP03700,125.0,0.0,,True
CARA:48363966,unauthorized_accessorial,Liftgate $95.00 billed with no authorization on file for SHP06147 as of 2026-03-31,95.0,SHP06147,95.0,0.0,,True
CARA:58990350,unauthorized_accessorial,Residential $125.00 billed with no authorization on file for SHP03702 as of 2026-03-31,125.0,SHP03702,125.0,0.0,,True
CARA:59222008,unauthorized_accessorial,Liftgate $95.00 billed with no authorization on file for SHP05974 as of 2026-03-31,95.0,SHP05974,95.0,0.0,,True
CARA:59372992,unauthorized_accessorial,Residential $125.00 billed with no authorization on file for SHP07269 as of 2026-03-31,125.0,SHP07269,125.0,0.0,,True
CARA:60883027,unauthorized_accessorial,Liftgate $95.00 billed with no authorization on file for SHP04267 as of 2026-03-31,95.0,SHP04267,95.0,0.0,,True
CARA:61497913,unauthorized_accessorial,Liftgate $95.00 billed with no authorization on file for SHP03999 as of 2026-03-31,95.0,SHP03999,95.0,0.0,,True
CARA:65191133,unauthorized_accessorial,Residential $125.00 billed with no authorization on file for SHP02280 as of 2026-03-31,125.0,SHP02280,125.0,0.0,,True
CARA:69822868,unauthorized_accessorial,Residential $125.00 billed with no authorization on file for SHP04936 as of 2026-03-31,125.0,SHP04936,125.0,0.0,,True
CARA:71000023,unauthorized_accessorial,Residential $125.00 billed with no authorization on file for SHP00633 as of 2026-03-31,125.0,SHP00633,125.0,0.0,,True
CARA:74238841,unauthorized_accessorial,Liftgate $95.00 billed with no authorization on file for SHP02267 as of 2026-03-31,95.0,SHP02267,95.0,0.0,,True
CARA:75710802,unauthorized_accessorial,Liftgate $95.00 billed with no authorization on file for SHP06089 as of 2026-03-31,95.0,SHP06089,95.0,0.0,,True
CARA:76932245,unauthorized_accessorial,Liftgate $95.00 billed with no authorization on file for SHP06143 as of 2026-03-31,95.0,SHP06143,95.0,0.0,,True
CARA:82501432,unauthorized_accessorial,Liftgate $95.00 billed with no authorization on file for SHP05565 as of 2026-03-31,95.0,SHP05565,95.0,0.0,,True
CARA:85606180,unauthorized_accessorial,Residential $125.00 billed with no authorization on file for SHP03948 as of 2026-03-31,125.0,SHP03948,125.0,0.0,,True
CARA:88408552,unauthorized_accessorial,Residential $125.00 billed with no authorization on file for SHP08618 as of 2026-03-31,125.0,SHP08618,125.0,0.0,,True
CARA:90789105,unauthorized_accessorial,Residential $125.00 billed with no authorization on file for SHP03830 as of 2026-03-31,125.0,SHP03830,125.0,0.0,,True
CARA:91498535,unauthorized_accessorial,Liftgate $95.00 billed with no authorization on file for SHP01365 as of 2026-03-31,95.0,SHP01365,95.0,0.0,,True
CARA:95380052,unauthorized_accessorial,Residential $125.00 billed with no authorization on file for SHP05117 as of 2026-03-31,125.0,SHP05117,125.0,0.0,,True
CARA:97015140,unauthorized_accessorial,Residential $125.00 billed with no authorization on file for SHP03355 as of 2026-03-31,125.0,SHP03355,125.0,0.0,,True
CARA:97061115,unauthorized_accessorial,Residential $125.00 billed with no authorization on file for SHP08720 as of 2026-03-31,125.0,SHP08720,125.0,0.0,,True
CARB:02938470,unauthorized_accessorial,Residential $125.00 billed with no authorization on file for SHP09483 as of 2026-03-31,125.0,SHP09483,125.0,0.0,,True
CARB:05346504,unauthorized_accessorial,Residential $125.00 billed with no authorization on file for SHP08092 as of 2026-03-31,125.0,SHP08092,125.0,0.0,,True
CARB:08890744,unauthorized_accessorial,Liftgate $95.00 billed with no authorization on file for SHP05018 as of 2026-03-31,95.0,SHP05018,95.0,0.0,,True
CARB:12665151,unauthorized_accessorial,Liftgate $95.00 billed with no authorization on file for SHP07473 as of 2026-03-31,95.0,SHP07473,95.0,0.0,,True
CARB:18804582,unauthorized_accessorial,Residential $125.00 billed with no authorization on file for SHP08681 as of 2026-03-31,125.0,SHP08681,125.0,0.0,,True
CARB:30255463,unauthorized_accessorial,Liftgate $95.00 billed with no authorization on file for SHP00603 as of 2026-03-31,95.0,SHP00603,95.0,0.0,,True
CARB:30812962,unauthorized_accessorial,Residential $125.00 billed with no authorization on file for SHP00406 as of 2026-03-31,125.0,SHP00406,125.0,0.0,,True
CARB:30994327,unauthorized_accessorial,Residential $125.00 billed with no authorization on file for SHP02801 as of 2026-03-31,125.0,SHP02801,125.0,0.0,,True
CARB:32305625,unauthorized_accessorial,Liftgate $95.00 billed with no authorization on file for SHP09500 as of 2026-03-31,95.0,SHP09500,95.0,0.0,,True
CARB:33425874,unauthorized_accessorial,Liftgate $95.00 billed with no authorization on file for SHP07029 as of 2026-03-31,95.0,SHP07029,95.0,0.0,,True
CARB:42365935,unauthorized_accessorial,Liftgate $95.00 billed with no authorization on file for SHP05321 as of 2026-03-31,95.0,SHP05321,95.0,0.0,,True
CARB:52150455,unauthorized_accessorial,Liftgate $95.00 billed with no authorization on file for SHP01084 as of 2026-03-31,95.0,SHP01084,95.0,0.0,,True
CARB:55920340,unauthorized_accessorial,Residential $125.00 billed with no authorization on file for SHP01725 as of 2026-03-31,125.0,SHP01725,125.0,0.0,,True
CARB:64826467,unauthorized_accessorial,Liftgate $95.00 billed with no authorization on file for SHP02996 as of 2026-03-31,95.0,SHP02996,95.0,0.0,,True
CARB:70014780,unauthorized_accessorial,Liftgate $95.00 billed with no authorization on file for SHP08541 as of 2026-03-31,95.0,SHP08541,95.0,0.0,,True
CARB:75595771,unauthorized_accessorial,Residential $125.00 billed with no authorization on file for SHP03946 as of 2026-03-31,125.0,SHP03946,125.0,0.0,,True
CARB:80717640,unauthorized_accessorial,Liftgate $95.00 billed with no authorization on file for SHP08856 as of 2026-03-31,95.0,SHP08856,95.0,0.0,,True
CARB:81021089,unauthorized_accessorial,Residential $125.00 billed with no authorization on file for SHP02653 as of 2026-03-31,125.0,SHP02653,125.0,0.0,,True
CARB:94295450,unauthorized_accessorial,Residential $125.00 billed with no authorization on file for SHP07389 as of 2026-03-31,125.0,SHP07389,125.0,0.0,,True
CARC:01273578,unauthorized_accessorial,Liftgate $95.00 billed with no authorization on file for SHP03990 as of 2026-03-31,95.0,SHP03990,95.0,0.0,,True
CARC:04030430,unauthorized_accessorial,Liftgate $95.00 billed with no authorization on file for SHP02612 as of 2026-03-31,95.0,SHP02612,95.0,0.0,,True
CARC:09481406,unauthorized_accessorial,Residential $125.00 billed with no authorization on file for SHP00129 as of 2026-03-31,125.0,SHP00129,125.0,0.0,,True
CARC:10156598,unauthorized_accessorial,Residential $125.00 billed with no authorization on file for SHP08205 as of 2026-03-31,125.0,SHP08205,125.0,0.0,,True
CARC:13754117,unauthorized_accessorial,Liftgate $95.00 billed with no authorization on file for SHP05943 as of 2026-03-31,95.0,SHP05943,95.0,0.0,,True
CARC:17290363,unauthorized_accessorial,Residential $125.00 billed with no authorization on file for SHP07267 as of 2026-03-31,125.0,SHP07267,125.0,0.0,,True
CARC:24757352,unauthorized_accessorial,Liftgate $95.00 billed with no authorization on file for SHP00502 as of 2026-03-31,95.0,SHP00502,95.0,0.0,,True
CARC:32005804,unauthorized_accessorial,Residential $125.00 billed with no authorization on file for SHP09182 as of 2026-03-31,125.0,SHP09182,125.0,0.0,,True
CARC:33042263,unauthorized_accessorial,Liftgate $95.00 billed with no authorization on file for SHP05995 as of 2026-03-31,95.0,SHP05995,95.0,0.0,,True
CARC:33198551,unauthorized_accessorial,Residential $125.00 billed with no authorization on file for SHP06797 as of 2026-03-31,125.0,SHP06797,125.0,0.0,,True
CARC:41220508,unauthorized_accessorial,Liftgate $95.00 billed with no authorization on file for SHP02619 as of 2026-03-31,95.0,SHP02619,95.0,0.0,,True
CARC:41445635,unauthorized_accessorial,Residential $125.00 billed with no authorization on file for SHP01924 as of 2026-03-31,125.0,SHP01924,125.0,0.0,,True
CARC:42229752,unauthorized_accessorial,Residential $125.00 billed with no authorization on file for SHP01767 as of 2026-03-31,125.0,SHP01767,125.0,0.0,,True
CARC:45796627,unauthorized_accessorial,Liftgate $95.00 billed with no authorization on file for SHP07363 as of 2026-03-31,95.0,SHP07363,95.0,0.0,,True
CARC:48790316,unauthorized_accessorial,Liftgate $95.00 billed with no authorization on file for SHP03762 as of 2026-03-31,95.0,SHP03762,95.0,0.0,,True
CARC:49327348,unauthorized_accessorial,Residential $125.00 billed with no authorization on file for SHP05961 as of 2026-03-31,125.0,SHP05961,125.0,0.0,,True
CARC:52671578,unauthorized_accessorial,Liftgate $95.00 billed with no authorization on file for SHP04261 as of 2026-03-31,95.0,SHP04261,95.0,0.0,,True
CARC:58712707,unauthorized_accessorial,Residential $125.00 billed with no authorization on file for SHP01541 as of 2026-03-31,125.0,SHP01541,125.0,0.0,,True
CARC:59198895,unauthorized_accessorial,Liftgate $95.00 billed with no authorization on file for SHP03341 as of 2026-03-31,95.0,SHP03341,95.0,0.0,,True
CARC:62495850,unauthorized_accessorial,Liftgate $95.00 billed with no authorization on file for SHP00202 as of 2026-03-31,95.0,SHP00202,95.0,0.0,,True
CARC:62735798,unauthorized_accessorial,Residential $125.00 billed with no authorization on file for SHP05034 as of 2026-03-31,125.0,SHP05034,125.0,0.0,,True
CARC:64925180,unauthorized_accessorial,Liftgate $95.00 billed with no authorization on file for SHP07777 as of 2026-03-31,95.0,SHP07777,95.0,0.0,,True
CARC:69093429,unauthorized_accessorial,Liftgate $95.00 billed with no authorization on file for SHP06451 as of 2026-03-31,95.0,SHP06451,95.0,0.0,,True
CARC:73256406,unauthorized_accessorial,Residential $125.00 billed with no authorization on file for SHP05049 as of 2026-03-31,125.0,SHP05049,125.0,0.0,,True
CARC:76103723,unauthorized_accessorial,Residential $125.00 billed with no authorization on file for SHP02596 as of 2026-03-31,125.0,SHP02596,125.0,0.0,,True
CARC:79098499,unauthorized_accessorial,Liftgate $95.00 billed with no authorization on file for SHP07212 as of 2026-03-31,95.0,SHP07212,95.0,0.0,,True
CARC:81131165,unauthorized_accessorial,Residential $125.00 billed with no authorization on file for SHP07487 as of 2026-03-31,125.0,SHP07487,125.0,0.0,,True
CARC:81570776,unauthorized_accessorial,Liftgate $95.00 billed with no authorization on file for SHP01909 as of 2026-03-31,95.0,SHP01909,95.0,0.0,,True
CARC:86030014,unauthorized_accessorial,Residential $125.00 billed with no authorization on file for SHP08399 as of 2026-03-31,125.0,SHP08399,125.0,0.0,,True
CARC:86089441,unauthorized_accessorial,Residential $125.00 billed with no authorization on file for SHP05531 as of 2026-03-31,125.0,SHP05531,125.0,0.0,,True
CARC:88546079,unauthorized_accessorial,Residential $125.00 billed with no authorization on file for SHP05067 as of 2026-03-31,125.0,SHP05067,125.0,0.0,,True
CARC:93382511,unauthorized_accessorial,Liftgate $95.00 billed with no authorization on file for SHP01306 as of 2026-03-31,95.0,SHP01306,95.0,0.0,,True
CARC:95788179,unauthorized_accessorial,Residential $125.00 billed with no authorization on file for SHP05841 as of 2026-03-31,125.0,SHP05841,125.0,0.0,,True
CARC:97012741,unauthorized_accessorial,Residential $125.00 billed with no authorization on file for SHP05966 as of 2026-03-31,125.0,SHP05966,125.0,0.0,,True
CARC:97545913,unauthorized_accessorial,Liftgate $95.00 billed with no authorization on file for SHP08718 as of 2026-03-31,95.0,SHP08718,95.0,0.0,,True
CARC:98361031,unauthorized_accessorial,Residential $125.00 billed with no authorization on file for SHP06616 as of 2026-03-31,125.0,SHP06616,125.0,0.0,,True
CARD:01337048,unauthorized_accessorial,Residential $125.00 billed with no authorization on file for SHP07258 as of 2026-03-31,125.0,SHP07258,125.0,0.0,,True
CARD:02478146,unauthorized_accessorial,Residential $125.00 billed with no authorization on file for SHP08280 as of 2026-03-31,125.0,SHP08280,125.0,0.0,,True
CARD:02913217,unauthorized_accessorial,Residential $125.00 billed with no authorization on file for SHP05032 as of 2026-03-31,125.0,SHP05032,125.0,0.0,,True
CARD:08431062,unauthorized_accessorial,Liftgate $95.00 billed with no authorization on file for SHP03126 as of 2026-03-31,95.0,SHP03126,95.0,0.0,,True
CARD:09457333,unauthorized_accessorial,Liftgate $95.00 billed with no authorization on file for SHP09799 as of 2026-03-31,95.0,SHP09799,95.0,0.0,,True
CARD:10618528,unauthorized_accessorial,Residential $125.00 billed with no authorization on file for SHP01982 as of 2026-03-31,125.0,SHP01982,125.0,0.0,,True
CARD:11907683,unauthorized_accessorial,Liftgate $95.00 billed with no authorization on file for SHP07078 as of 2026-03-31,95.0,SHP07078,95.0,0.0,,True
CARD:19481313,unauthorized_accessorial,Residential $125.00 billed with no authorization on file for SHP07865 as of 2026-03-31,125.0,SHP07865,125.0,0.0,,True
CARD:20924877,unauthorized_accessorial,Residential $125.00 billed with no authorization on file for SHP04338 as of 2026-03-31,125.0,SHP04338,125.0,0.0,,True
CARD:29141035,unauthorized_accessorial,Liftgate $95.00 billed with no authorization on file for SHP00149 as of 2026-03-31,95.0,SHP00149,95.0,0.0,,True
CARD:30269489,unauthorized_accessorial,Residential $125.00 billed with no authorization on file for SHP07274 as of 2026-03-31,125.0,SHP07274,125.0,0.0,,True
CARD:33687096,unauthorized_accessorial,Liftgate $95.00 billed with no authorization on file for SHP05497 as of 2026-03-31,95.0,SHP05497,95.0,0.0,,True
CARD:38445278,unauthorized_accessorial,Liftgate $95.00 billed with no authorization on file for SHP03816 as of 2026-03-31,95.0,SHP03816,95.0,0.0,,True
CARD:41255352,unauthorized_accessorial,Residential $125.00 billed with no authorization on file for SHP04083 as of 2026-03-31,125.0,SHP04083,125.0,0.0,,True
CARD:44053242,unauthorized_accessorial,Liftgate $95.00 billed with no authorization on file for SHP09478 as of 2026-03-31,95.0,SHP09478,95.0,0.0,,True
CARD:47592236,unauthorized_accessorial,Residential $125.00 billed with no authorization on file for SHP04721 as of 2026-03-31,125.0,SHP04721,125.0,0.0,,True
CARD:47928886,unauthorized_accessorial,Residential $125.00 billed with no authorization on file for SHP04630 as of 2026-03-31,125.0,SHP04630,125.0,0.0,,True
CARD:48522626,unauthorized_accessorial,Liftgate $95.00 billed with no authorization on file for SHP00728 as of 2026-03-31,95.0,SHP00728,95.0,0.0,,True
CARD:49557670,unauthorized_accessorial,Residential $125.00 billed with no authorization on file for SHP07641 as of 2026-03-31,125.0,SHP07641,125.0,0.0,,True
CARD:53061359,unauthorized_accessorial,Residential $125.00 billed with no authorization on file for SHP09106 as of 2026-03-31,125.0,SHP09106,125.0,0.0,,True
CARD:57724229,unauthorized_accessorial,Liftgate $95.00 billed with no authorization on file for SHP09259 as of 2026-03-31,95.0,SHP09259,95.0,0.0,,True
CARD:58430828,unauthorized_accessorial,Residential $125.00 billed with no authorization on file for SHP05374 as of 2026-03-31,125.0,SHP05374,125.0,0.0,,True
CARD:61091370,unauthorized_accessorial,Residential $125.00 billed with no authorization on file for SHP00022 as of 2026-03-31,125.0,SHP00022,125.0,0.0,,True
CARD:64750147,unauthorized_accessorial,Residential $125.00 billed with no authorization on file for SHP01584 as of 2026-03-31,125.0,SHP01584,125.0,0.0,,True
CARD:66846595,unauthorized_accessorial,Liftgate $95.00 billed with no authorization on file for SHP07596 as of 2026-03-31,95.0,SHP07596,95.0,0.0,,True
CARD:68222667,unauthorized_accessorial,Liftgate $95.00 billed with no authorization on file for SHP05240 as of 2026-03-31,95.0,SHP05240,95.0,0.0,,True
CARD:69879375,unauthorized_accessorial,Liftgate $95.00 billed with no authorization on file for SHP04369 as of 2026-03-31,95.0,SHP04369,95.0,0.0,,True
CARD:69881327,unauthorized_accessorial,Liftgate $95.00 billed with no authorization on file for SHP04303 as of 2026-03-31,95.0,SHP04303,95.0,0.0,,True
CARD:72759767,unauthorized_accessorial,Residential $125.00 billed with no authorization on file for SHP03671 as of 2026-03-31,125.0,SHP03671,125.0,0.0,,True
CARD:77034914,unauthorized_accessorial,Liftgate $95.00 billed with no authorization on file for SHP00278 as of 2026-03-31,95.0,SHP00278,95.0,0.0,,True
CARD:77999991,unauthorized_accessorial,Liftgate $95.00 billed with no authorization on file for SHP00013 as of 2026-03-31,95.0,SHP00013,95.0,0.0,,True
CARD:87727001,unauthorized_accessorial,Residential $125.00 billed with no authorization on file for SHP08985 as of 2026-03-31,125.0,SHP08985,125.0,0.0,,True
CARD:87905164,unauthorized_accessorial,Residential $125.00 billed with no authorization on file for SHP06164 as of 2026-03-31,125.0,SHP06164,125.0,0.0,,True
CARD:88332557,unauthorized_accessorial,Liftgate $95.00 billed with no authorization on file for SHP00439 as of 2026-03-31,95.0,SHP00439,95.0,0.0,,True
CARD:88618113,unauthorized_accessorial,Residential $125.00 billed with no authorization on file for SHP02702 as of 2026-03-31,125.0,SHP02702,125.0,0.0,,True
CARD:93902609,unauthorized_accessorial,Liftgate $95.00 billed with no authorization on file for SHP05512 as of 2026-03-31,95.0,SHP05512,95.0,0.0,,True
CARE:01735493,unauthorized_accessorial,Residential $125.00 billed with no authorization on file for SHP09422 as of 2026-03-31,125.0,SHP09422,125.0,0.0,,True
CARE:05680708,unauthorized_accessorial,Liftgate $95.00 billed with no authorization on file for SHP09779 as of 2026-03-31,95.0,SHP09779,95.0,0.0,,True
CARE:07412367,unauthorized_accessorial,Liftgate $95.00 billed with no authorization on file for SHP07380 as of 2026-03-31,95.0,SHP07380,95.0,0.0,,True
CARE:07783372,unauthorized_accessorial,Residential $125.00 billed with no authorization on file for SHP07102 as of 2026-03-31,125.0,SHP07102,125.0,0.0,,True
CARE:08185508,unauthorized_accessorial,Liftgate $95.00 billed with no authorization on file for SHP02137 as of 2026-03-31,95.0,SHP02137,95.0,0.0,,True
CARE:13386477,unauthorized_accessorial,Residential $125.00 billed with no authorization on file for SHP08761 as of 2026-03-31,125.0,SHP08761,125.0,0.0,,True
CARE:20166020,unauthorized_accessorial,Residential $125.00 billed with no authorization on file for SHP00118 as of 2026-03-31,125.0,SHP00118,125.0,0.0,,True
CARE:21780790,unauthorized_accessorial,Residential $125.00 billed with no authorization on file for SHP08118 as of 2026-03-31,125.0,SHP08118,125.0,0.0,,True
CARE:24389970,unauthorized_accessorial,Residential $125.00 billed with no authorization on file for SHP08857 as of 2026-03-31,125.0,SHP08857,125.0,0.0,,True
CARE:28380889,unauthorized_accessorial,Residential $125.00 billed with no authorization on file for SHP03357 as of 2026-03-31,125.0,SHP03357,125.0,0.0,,True
CARE:31167389,unauthorized_accessorial,Residential $125.00 billed with no authorization on file for SHP03528 as of 2026-03-31,125.0,SHP03528,125.0,0.0,,True
CARE:35055995,unauthorized_accessorial,Liftgate $95.00 billed with no authorization on file for SHP02878 as of 2026-03-31,95.0,SHP02878,95.0,0.0,,True
CARE:40408355,unauthorized_accessorial,Residential $125.00 billed with no authorization on file for SHP06468 as of 2026-03-31,125.0,SHP06468,125.0,0.0,,True
CARE:41139686,unauthorized_accessorial,Residential $125.00 billed with no authorization on file for SHP01895 as of 2026-03-31,125.0,SHP01895,125.0,0.0,,True
CARE:46198189,unauthorized_accessorial,Liftgate $95.00 billed with no authorization on file for SHP05808 as of 2026-03-31,95.0,SHP05808,95.0,0.0,,True
CARE:48075085,unauthorized_accessorial,Residential $125.00 billed with no authorization on file for SHP09939 as of 2026-03-31,125.0,SHP09939,125.0,0.0,,True
CARE:52375572,unauthorized_accessorial,Residential $125.00 billed with no authorization on file for SHP07944 as of 2026-03-31,125.0,SHP07944,125.0,0.0,,True
CARE:53661015,unauthorized_accessorial,Residential $125.00 billed with no authorization on file for SHP05395 as of 2026-03-31,125.0,SHP05395,125.0,0.0,,True
CARE:54964654,unauthorized_accessorial,Residential $125.00 billed with no authorization on file for SHP01632 as of 2026-03-31,125.0,SHP01632,125.0,0.0,,True
CARE:55549048,unauthorized_accessorial,Residential $125.00 billed with no authorization on file for SHP06090 as of 2026-03-31,125.0,SHP06090,125.0,0.0,,True
CARE:55884524,unauthorized_accessorial,Liftgate $95.00 billed with no authorization on file for SHP07164 as of 2026-03-31,95.0,SHP07164,95.0,0.0,,True
CARE:56115194,unauthorized_accessorial,Liftgate $95.00 billed with no authorization on file for SHP01493 as of 2026-03-31,95.0,SHP01493,95.0,0.0,,True
CARE:62449345,unauthorized_accessorial,Liftgate $95.00 billed with no authorization on file for SHP00689 as of 2026-03-31,95.0,SHP00689,95.0,0.0,,True
CARE:72389365,unauthorized_accessorial,Liftgate $95.00 billed with no authorization on file for SHP02217 as of 2026-03-31,95.0,SHP02217,95.0,0.0,,True
CARE:77888643,unauthorized_accessorial,Residential $125.00 billed with no authorization on file for SHP03661 as of 2026-03-31,125.0,SHP03661,125.0,0.0,,True
CARE:91652710,unauthorized_accessorial,Liftgate $95.00 billed with no authorization on file for SHP01941 as of 2026-03-31,95.0,SHP01941,95.0,0.0,,True
CARE:93413570,unauthorized_accessorial,Residential $125.00 billed with no authorization on file for SHP01086 as of 2026-03-31,125.0,SHP01086,125.0,0.0,,True
CARE:97269707,unauthorized_accessorial,Residential $125.00 billed with no authorization on file for SHP06687 as of 2026-03-31,125.0,SHP06687,125.0,0.0,,True
CARE:97760628,unauthorized_accessorial,Residential $125.00 billed with no authorization on file for SHP01510 as of 2026-03-31,125.0,SHP01510,125.0,0.0,,True
CARF:10032829,unauthorized_accessorial,Detention $150.00 billed with no authorization on file for SHP02225 as of 2026-03-31,150.0,SHP02225,150.0,0.0,,True
CARF:31420007,unauthorized_accessorial,Detention $300.00 billed with no authorization on file for SHP00665 as of 2026-03-31,300.0,SHP00665,300.0,0.0,,True
CARF:48302889,unauthorized_accessorial,Detention $75.00 billed with no authorization on file for SHP05005 as of 2026-03-31,75.0,SHP05005,75.0,0.0,,True
CARF:63749001,unauthorized_accessorial,Detention $75.00 billed with no authorization on file for SHP02513 as of 2026-03-31,75.0,SHP02513,75.0,0.0,,True
CARF:73292779,unauthorized_accessorial,Detention $75.00 billed with no authorization on file for SHP01864 as of 2026-03-31,75.0,SHP01864,75.0,0.0,,True
CARF:81390756,unauthorized_accessorial,Detention $150.00 billed with no authorization on file for SHP06247 as of 2026-03-31,150.0,SHP06247,150.0,0.0,,True
CARF:81493267,unauthorized_accessorial,Detention $300.00 billed with no authorization on file for SHP05457 as of 2026-03-31,300.0,SHP05457,300.0,0.0,,True
CARF:87842938,unauthorized_accessorial,Detention $300.00 billed with no authorization on file for SHP07143 as of 2026-03-31,300.0,SHP07143,300.0,0.0,,True
CARG:14334748,unauthorized_accessorial,Detention $300.00 billed with no authorization on file for SHP01422 as of 2026-03-31,300.0,SHP01422,300.0,0.0,,True
CARG:19156712,unauthorized_accessorial,Detention $150.00 billed with no authorization on file for SHP07280 as of 2026-03-31,150.0,SHP07280,150.0,0.0,,True
CARG:19863448,unauthorized_accessorial,Detention $225.00 billed with no authorization on file for SHP00249 as of 2026-03-31,225.0,SHP00249,225.0,0.0,,True
CARG:20890530,unauthorized_accessorial,Detention $150.00 billed with no authorization on file for SHP04205 as of 2026-03-31,150.0,SHP04205,150.0,0.0,,True
CARG:44291558,unauthorized_accessorial,Detention $225.00 billed with no authorization on file for SHP05425 as of 2026-03-31,225.0,SHP05425,225.0,0.0,,True
CARG:55439103,unauthorized_accessorial,Detention $300.00 billed with no authorization on file for SHP02599 as of 2026-03-31,300.0,SHP02599,300.0,0.0,,True
CARG:62241161,unauthorized_accessorial,Detention $150.00 billed with no authorization on file for SHP09946 as of 2026-03-31,150.0,SHP09946,150.0,0.0,,True
CARG:73786224,unauthorized_accessorial,Detention $225.00 billed with no authorization on file for SHP09739 as of 2026-03-31,225.0,SHP09739,225.0,0.0,,True
CARH:10073868,unauthorized_accessorial,Detention $300.00 billed with no authorization on file for SHP02444 as of 2026-03-31,300.0,SHP02444,300.0,0.0,,True
CARH:16947448,unauthorized_accessorial,Detention $225.00 billed with no authorization on file for SHP01556 as of 2026-03-31,225.0,SHP01556,225.0,0.0,,True
CARH:24476646,unauthorized_accessorial,Detention $225.00 billed with no authorization on file for SHP00961 as of 2026-03-31,225.0,SHP00961,225.0,0.0,,True
CARH:38606680,unauthorized_accessorial,Detention $300.00 billed with no authorization on file for SHP06345 as of 2026-03-31,300.0,SHP06345,300.0,0.0,,True
CARH:43182274,unauthorized_accessorial,Detention $75.00 billed with no authorization on file for SHP08894 as of 2026-03-31,75.0,SHP08894,75.0,0.0,,True
CARH:64483020,unauthorized_accessorial,Detention $300.00 billed with no authorization on file for SHP09504 as of 2026-03-31,300.0,SHP09504,300.0,0.0,,True
CARH:75382604,unauthorized_accessorial,Detention $75.00 billed with no authorization on file for SHP06138 as of 2026-03-31,75.0,SHP06138,75.0,0.0,,True
CARH:82571550,unauthorized_accessorial,Detention $75.00 billed with no authorization on file for SHP08248 as of 2026-03-31,75.0,SHP08248,75.0,0.0,,True
CARH:87210347,unauthorized_accessorial,Detention $225.00 billed with no authorization on file for SHP05549 as of 2026-03-31,225.0,SHP05549,225.0,0.0,,True
CARH:99227647,unauthorized_accessorial,Detention $75.00 billed with no authorization on file for SHP09298 as of 2026-03-31,75.0,SHP09298,75.0,0.0,,True
CARA:00965880,weight_overbilling,"Billed weight 1,405 lb vs reference 1,186 lb (shipment weight, no reweigh certificate): +18.5%; linehaul at billed weight $912.97 vs $770.66, est. +$176.89 with fuel surcharge",176.89,SHP09693,1405.0,1186.0,,True
CARA:08727300,weight_overbilling,"Billed weight 4,784 lb vs reference 3,750 lb (shipment weight, no reweigh certificate): +27.6%; linehaul at billed weight $3,032.50 vs $2,685.38, est. +$418.97 with fuel surcharge",418.97,SHP01756,4784.0,3750.0,,True
CARA:09016684,weight_overbilling,"Billed weight 658 lb vs reference 618 lb (shipment weight, no reweigh certificate): +6.5%; linehaul at billed weight $286.89 vs $269.45, est. +$21.99 with fuel surcharge",21.99,SHP07976,658.0,618.0,,True
CARA:09109563,weight_overbilling,"Billed weight 4,351 lb vs reference 3,989 lb (shipment weight, no reweigh certificate): +9.1%; linehaul at billed weight $1,110.50 vs $1,046.31, est. +$79.21 with fuel surcharge",79.21,SHP09912,4351.0,3989.0,,True
CARA:10238179,weight_overbilling,"Billed weight 1,615 lb vs reference 1,395 lb (shipment weight, no reweigh certificate): +15.8%; linehaul at billed weight $611.44 vs $528.15, est. +$105.03 with fuel surcharge",105.03,SHP06837,1615.0,1395.0,,True
CARA:10401131,weight_overbilling,"Billed weight 692 lb vs reference 564 lb (shipment weight, no reweigh certificate): +22.7%; linehaul at billed weight $491.18 vs $400.33, est. +$109.66 with fuel surcharge",109.66,SHP01759,692.0,564.0,,True
CARA:23105632,weight_overbilling,"Billed weight 942 lb vs reference 760 lb (shipment weight, no reweigh certificate): +23.9%; linehaul at billed weight $231.70 vs $202.46, est. +$35.29 with fuel surcharge",35.29,SHP02459,942.0,760.0,,True
CARA:23117517,weight_overbilling,"Billed weight 5,556 lb vs reference 4,925 lb (shipment weight, no reweigh certificate): +12.8%; linehaul at billed weight $1,386.78 vs $1,248.00, est. +$167.51 with fuel surcharge",167.51,SHP01947,5556.0,4925.0,,True
CARA:23712174,weight_overbilling,"Billed weight 1,534 lb vs reference 1,182 lb (shipment weight, no reweigh certificate): +29.8%; linehaul at billed weight $1,372.01 vs $1,057.18, est. +$397.00 with fuel surcharge",397.0,SHP06846,1534.0,1182.0,,True
CARA:27332239,weight_overbilling,"Billed weight 375 lb vs reference 295 lb (shipment weight, no reweigh certificate): +27.1%; linehaul at billed weight $323.21 vs $254.26, est. +$83.22 with fuel surcharge",83.22,SHP00097,375.0,295.0,,True
CARA:33860188,weight_overbilling,"Billed weight 879 lb vs reference 811 lb (shipment weight, no reweigh certificate): +8.4%; linehaul at billed weight $744.10 vs $693.97, est. +$60.96 with fuel surcharge",60.96,SHP03714,879.0,811.0,,True
CARA:37476542,weight_overbilling,"Billed weight 1,658 lb vs reference 1,314 lb (shipment weight, no reweigh certificate): +26.2%; linehaul at billed weight $1,077.37 vs $853.84, est. +$269.80 with fuel surcharge",269.8,SHP02355,1658.0,1314.0,,True
CARA:38135268,weight_overbilling,"Billed weight 1,696 lb vs reference 1,496 lb (shipment weight, no reweigh certificate): +13.4%; linehaul at billed weight $523.22 vs $461.52, est. +$74.47 with fuel surcharge",74.47,SHP01923,1696.0,1496.0,,True
CARA:39597359,weight_overbilling,"Billed weight 1,652 lb vs reference 1,394 lb (shipment weight, no reweigh certificate): +18.5%; linehaul at billed weight $626.27 vs $528.47, est. +$123.33 with fuel surcharge",123.33,SHP08372,1652.0,1394.0,,True
CARA:40820441,weight_overbilling,"Billed weight 2,303 lb vs reference 2,156 lb (shipment weight, no reweigh certificate): +6.8%; linehaul at billed weight $742.03 vs $694.66, est. +$58.03 with fuel surcharge",58.03,SHP04612,2303.0,2156.0,,True
CARA:41077368,weight_overbilling,"Billed weight 1,328 lb vs reference 1,254 lb (shipment weight, no reweigh certificate): +5.9%; linehaul at billed weight $1,187.76 vs $1,121.58, est. +$84.05 with fuel surcharge",84.05,SHP07605,1328.0,1254.0,,True
CARA:42853125,weight_overbilling,"Billed weight 559 lb vs reference 487 lb (shipment weight, no reweigh certificate): +14.8%; linehaul at billed weight $329.70 vs $294.90, est. +$42.94 with fuel surcharge",42.94,SHP09856,559.0,487.0,,True
CARA:47947611,weight_overbilling,"Billed weight 569 lb vs reference 507 lb (shipment weight, no reweigh certificate): +12.2%; linehaul at billed weight $504.36 vs $449.40, est. +$68.32 with fuel surcharge",68.32,SHP06099,569.0,507.0,,True
CARA:52110560,weight_overbilling,"Billed weight 1,323 lb vs reference 1,096 lb (shipment weight, no reweigh certificate): +20.7%; linehaul at billed weight $1,019.77 vs $844.80, est. +$215.91 with fuel surcharge",215.91,SHP09994,1323.0,1096.0,,True
CARA:53622374,weight_overbilling,"Billed weight 6,106 lb vs reference 4,792 lb (shipment weight, no reweigh certificate): +27.4%; linehaul at billed weight $2,595.66 vs $2,125.50, est. +$584.41 with fuel surcharge",584.41,SHP06525,6106.0,4792.0,,True
CARA:55267955,weight_overbilling,"Billed weight 522 lb vs reference 465 lb (shipment weight, no reweigh certificate): +12.3%; linehaul at billed weight $390.09 vs $373.65, est. +$19.84 with fuel surcharge",19.84,SHP00917,522.0,465.0,,True
CARA:55917541,weight_overbilling,"Billed weight 1,161 lb vs reference 969 lb (shipment weight, no reweigh certificate): +19.8%; linehaul at billed weight $754.42 vs $649.80, est. +$130.04 with fuel surcharge",130.04,SHP06221,1161.0,969.0,,True
CARA:60336265,weight_overbilling,"Billed weight 1,146 lb vs reference 937 lb (shipment weight, no reweigh certificate): +22.3%; linehaul at billed weight $753.50 vs $657.50, est. +$121.92 with fuel surcharge",121.92,SHP07108,1146.0,937.0,,True
CARA:63297927,weight_overbilling,"Billed weight 1,358 lb vs reference 1,183 lb (shipment weight, no reweigh certificate): +14.8%; linehaul at billed weight $886.23 vs $772.03, est. +$141.95 with fuel surcharge",141.95,SHP05686,1358.0,1183.0,,True
CARA:67285683,weight_overbilling,"Billed weight 1,233 lb vs reference 1,132 lb (shipment weight, no reweigh certificate): +8.9%; linehaul at billed weight $801.20 vs $735.57, est. +$81.58 with fuel surcharge",81.58,SHP05727,1233.0,1132.0,,True
CARA:72743891,weight_overbilling,"Billed weight 1,091 lb vs reference 1,039 lb (shipment weight, no reweigh certificate): +5.0%; linehaul at billed weight $559.46 vs $532.80, est. +$32.18 with fuel surcharge",32.18,SHP03006,1091.0,1039.0,,True
CARA:74826155,weight_overbilling,"Billed weight 1,177 lb vs reference 969 lb (shipment weight, no reweigh certificate): +21.5%; linehaul at billed weight $991.50 vs $842.40, est. +$185.33 with fuel surcharge",185.33,SHP05558,1177.0,969.0,,True
CARA:79369500,weight_overbilling,"Billed weight 859 lb vs reference 771 lb (shipment weight, no reweigh certificate): +11.4%; linehaul at billed weight $214.49 vs $192.52, est. +$27.90 with fuel surcharge",27.9,SHP07763,859.0,771.0,,True
CARA:82143303,weight_overbilling,"Billed weight 340 lb vs reference 263 lb (shipment weight, no reweigh certificate): +29.3%; linehaul at billed weight $174.01 vs $134.60, est. +$47.57 with fuel surcharge",47.57,SHP03310,340.0,263.0,,True
CARA:84448438,weight_overbilling,"Billed weight 740 lb vs reference 579 lb (shipment weight, no reweigh certificate): +27.8%; linehaul at billed weight $262.55 vs $205.43, est. +$69.46 with fuel surcharge",69.46,SHP03748,740.0,579.0,,True
CARA:89151952,weight_overbilling,"Billed weight 1,774 lb vs reference 1,512 lb (shipment weight, no reweigh certificate): +17.3%; linehaul at billed weight $524.60 vs $466.45, est. +$71.23 with fuel surcharge",71.23,SHP04640,1774.0,1512.0,,True
CARA:89441530,weight_overbilling,"Billed weight 587 lb vs reference 517 lb (shipment weight, no reweigh certificate): +13.5%; linehaul at billed weight $257.63 vs $226.91, est. +$38.18 with fuel surcharge",38.18,SHP06522,587.0,517.0,,True
CARA:95311554,weight_overbilling,"Billed weight 882 lb vs reference 766 lb (shipment weight, no reweigh certificate): +15.1%; linehaul at billed weight $590.30 vs $520.11, est. +$85.98 with fuel surcharge",85.98,SHP04999,882.0,766.0,,True
CARA:99040178,weight_overbilling,"Billed weight 6,157 lb vs reference 4,820 lb (shipment weight, no reweigh certificate): +27.7%; linehaul at billed weight $1,026.99 vs $834.00, est. +$238.15 with fuel surcharge",238.15,SHP09931,6157.0,4820.0,,True
CARB:01467732,weight_overbilling,"Billed weight 936 lb vs reference 764 lb (shipment weight, no reweigh certificate): +22.5%; linehaul at billed weight $505.90 vs $444.57, est. +$76.23 with fuel surcharge",76.23,SHP05542,936.0,764.0,,True
CARB:02607864,weight_overbilling,"Billed weight 1,217 lb vs reference 1,048 lb (shipment weight, no reweigh certificate): +16.1%; linehaul at billed weight $372.65 vs $320.90, est. +$62.46 with fuel surcharge",62.46,SHP02926,1217.0,1048.0,,True
CARB:11177021,weight_overbilling,"Billed weight 1,164 lb vs reference 976 lb (shipment weight, no reweigh certificate): +19.3%; linehaul at billed weight $266.32 vs $228.80, est. +$46.98 with fuel surcharge",46.98,SHP08978,1164.0,976.0,,True
CARB:14505173,weight_overbilling,"Billed weight 783 lb vs reference 709 lb (shipment weight, no reweigh certificate): +10.4%; linehaul at billed weight $206.01 vs $186.54, est. +$23.50 with fuel surcharge",23.5,SHP00359,783.0,709.0,,True
CARB:20433183,weight_overbilling,"Billed weight 1,217 lb vs reference 1,031 lb (shipment weight, no reweigh certificate): +18.0%; linehaul at billed weight $348.55 vs $295.28, est. +$64.30 with fuel surcharge",64.3,SHP00299,1217.0,1031.0,,True
CARB:29253593,weight_overbilling,"Billed weight 813 lb vs reference 626 lb (shipment weight, no reweigh certificate): +29.9%; linehaul at billed weight $834.06 vs $642.21, est. +$235.02 with fuel surcharge",235.02,SHP05178,813.0,626.0,,True
CARB:29853243,weight_overbilling,"Billed weight 728 lb vs reference 577 lb (shipment weight, no reweigh certificate): +26.2%; linehaul at billed weight $165.69 vs $131.33, est. +$42.71 with fuel surcharge",42.71,SHP06547,728.0,577.0,,True
CARB:33392266,weight_overbilling,"Billed weight 1,383 lb vs reference 1,232 lb (shipment weight, no reweigh certificate): +12.3%; linehaul at billed weight $330.26 vs $294.20, est. +$45.80 with fuel surcharge",45.8,SHP08542,1383.0,1232.0,,True
CARB:43634385,weight_overbilling,"Billed weight 1,059 lb vs reference 870 lb (shipment weight, no reweigh certificate): +21.7%; linehaul at billed weight $1,032.63 vs $975.10, est. +$69.96 with fuel surcharge",69.96,SHP04224,1059.0,870.0,,True
CARB:63847625,weight_overbilling,"Billed weight 693 lb vs reference 542 lb (shipment weight, no reweigh certificate): +27.9%; linehaul at billed weight $516.84 vs $404.22, est. +$136.95 with fuel surcharge",136.95,SHP03923,693.0,542.0,,True
CARB:69228156,weight_overbilling,"Billed weight 1,198 lb vs reference 946 lb (shipment weight, no reweigh certificate): +26.6%; linehaul at billed weight $180.90 vs $151.00, est. +$36.90 with fuel surcharge",36.9,SHP09867,1198.0,946.0,,True
CARB:69375612,weight_overbilling,"Billed weight 2,577 lb vs reference 2,136 lb (shipment weight, no reweigh certificate): +20.6%; linehaul at billed weight $335.78 vs $278.32, est. +$69.35 with fuel surcharge",69.35,SHP00886,2577.0,2136.0,,True
CARB:69727631,weight_overbilling,"Billed weight 2,666 lb vs reference 2,139 lb (shipment weight, no reweigh certificate): +24.6%; linehaul at billed weight $347.38 vs $278.71, est. +$83.50 with fuel surcharge",83.5,SHP01523,2666.0,2139.0,,True
CARB:70149376,weight_overbilling,"Billed weight 2,744 lb vs reference 2,509 lb (shipment weight, no reweigh certificate): +9.4%; linehaul at billed weight $461.54 vs $422.01, est. +$50.20 with fuel surcharge",50.2,SHP08509,2744.0,2509.0,,True
CARB:72421492,weight_overbilling,"Billed weight 1,047 lb vs reference 872 lb (shipment weight, no reweigh certificate): +20.1%; linehaul at billed weight $320.59 vs $306.20, est. +$17.37 with fuel surcharge",17.37,SHP02598,1047.0,872.0,,True
CARB:75596162,weight_overbilling,"Billed weight 2,950 lb vs reference 2,361 lb (shipment weight, no reweigh certificate): +24.9%; linehaul at billed weight $1,268.80 vs $1,015.47, est. +$310.33 with fuel surcharge",310.33,SHP05293,2950.0,2361.0,,True
CARB:80128338,weight_overbilling,"Billed weight 2,359 lb vs reference 1,871 lb (shipment weight, no reweigh certificate): +26.1%; linehaul at billed weight $478.88 vs $406.00, est. +$90.59 with fuel surcharge",90.59,SHP09615,2359.0,1871.0,,True
CARB:86577873,weight_overbilling,"Billed weight 726 lb vs reference 646 lb (shipment weight, no reweigh certificate): +12.4%; linehaul at billed weight $744.80 vs $662.73, est. +$104.23 with fuel surcharge",104.23,SHP07208,726.0,646.0,,True
CARB:94592387,weight_overbilling,"Billed weight 3,826 lb vs reference 3,183 lb (shipment weight, no reweigh certificate): +20.2%; linehaul at billed weight $1,692.62 vs $1,408.16, est. +$353.58 with fuel surcharge",353.58,SHP06327,3826.0,3183.0,,True
CARB:96446852,weight_overbilling,"Billed weight 1,961 lb vs reference 1,667 lb (shipment weight, no reweigh certificate): +17.6%; linehaul at billed weight $533.80 vs $523.27, est. +$12.80 with fuel surcharge",12.8,SHP01450,1961.0,1667.0,,True
CARC:00631922,weight_overbilling,"Billed weight 2,597 lb vs reference 2,468 lb (shipment weight, no reweigh certificate): +5.2%; linehaul at billed weight $1,296.94 vs $1,232.52, est. +$77.75 with fuel surcharge",77.75,SHP02831,2597.0,2468.0,,True
CARC:08537973,weight_overbilling,"Billed weight 395 lb vs reference 347 lb (shipment weight, no reweigh certificate): +13.8%; linehaul at billed weight $313.31 vs $275.24, est. +$45.95 with fuel surcharge",45.95,SHP01822,395.0,347.0,,True
CARC:09729386,weight_overbilling,"Billed weight 1,813 lb vs reference 1,640 lb (shipment weight, no reweigh certificate): +10.5%; linehaul at billed weight $839.20 vs $809.67, est. +$36.71 with fuel surcharge",36.71,SHP09313,1813.0,1640.0,,True
CARC:11095270,weight_overbilling,"Billed weight 1,803 lb vs reference 1,554 lb (shipment weight, no reweigh certificate): +16.0%; linehaul at billed weight $334.80 vs $305.98, est. +$36.34 with fuel surcharge",36.34,SHP08263,1803.0,1554.0,,True
CARC:13500765,weight_overbilling,"Billed weight 1,029 lb vs reference 936 lb (shipment weight, no reweigh certificate): +9.9%; linehaul at billed weight $345.13 vs $335.40, est. +$12.36 with fuel surcharge",12.36,SHP07748,1029.0,936.0,,True
CARC:23424130,weight_overbilling,"Billed weight 336 lb vs reference 292 lb (shipment weight, no reweigh certificate): +15.1%; linehaul at billed weight $130.80 vs $113.68, est. +$20.97 with fuel surcharge",20.97,SHP04658,336.0,292.0,,True
CARC:25221042,weight_overbilling,"Billed weight 2,961 lb vs reference 2,721 lb (shipment weight, no reweigh certificate): +8.8%; linehaul at billed weight $1,478.72 vs $1,358.87, est. +$145.74 with fuel surcharge",145.74,SHP03642,2961.0,2721.0,,True
CARC:28704418,weight_overbilling,"Billed weight 597 lb vs reference 549 lb (shipment weight, no reweigh certificate): +8.7%; linehaul at billed weight $221.07 vs $203.29, est. +$21.62 with fuel surcharge",21.62,SHP04297,597.0,549.0,,True
CARC:30049679,weight_overbilling,"Billed weight 8,600 lb vs reference 7,258 lb (shipment weight, no reweigh certificate): +18.5%; linehaul at billed weight $5,820.48 vs $4,912.21, est. +$1,128.98 with fuel surcharge",1128.98,SHP05820,8600.0,7258.0,,True
CARC:30064849,weight_overbilling,"Billed weight 1,064 lb vs reference 945 lb (shipment weight, no reweigh certificate): +12.6%; linehaul at billed weight $306.86 vs $288.40, est. +$22.61 with fuel surcharge",22.61,SHP05288,1064.0,945.0,,True
CARC:32053661,weight_overbilling,"Billed weight 785 lb vs reference 635 lb (shipment weight, no reweigh certificate): +23.6%; linehaul at billed weight $848.59 vs $686.43, est. +$201.56 with fuel surcharge",201.56,SHP09428,785.0,635.0,,True
CARC:35319452,weight_overbilling,"Billed weight 8,872 lb vs reference 7,204 lb (shipment weight, no reweigh certificate): +23.2%; linehaul at billed weight $2,270.34 vs $1,843.50, est. +$519.04 with fuel surcharge",519.04,SHP00978,8872.0,7204.0,,True
CARC:35595417,weight_overbilling,"Billed weight 1,184 lb vs reference 1,013 lb (shipment weight, no reweigh certificate): +16.9%; linehaul at billed weight $420.91 vs $360.12, est. +$75.56 with fuel surcharge",75.56,SHP06358,1184.0,1013.0,,True
CARC:37042853,weight_overbilling,"Billed weight 1,562 lb vs reference 1,248 lb (shipment weight, no reweigh certificate): +25.2%; linehaul at billed weight $721.18 vs $576.20, est. +$176.30 with fuel surcharge",176.3,SHP01629,1562.0,1248.0,,True
CARC:39187766,weight_overbilling,"Billed weight 2,562 lb vs reference 2,394 lb (shipment weight, no reweigh certificate): +7.0%; linehaul at billed weight $572.86 vs $535.30, est. +$45.33 with fuel surcharge",45.33,SHP02214,2562.0,2394.0,,True
CARC:41138239,weight_overbilling,"Billed weight 6,258 lb vs reference 5,195 lb (shipment weight, no reweigh certificate): +20.5%; linehaul at billed weight $1,299.16 vs $1,078.48, est. +$278.28 with fuel surcharge",278.28,SHP08722,6258.0,5195.0,,True
CARC:41206583,weight_overbilling,"Billed weight 796 lb vs reference 709 lb (shipment weight, no reweigh certificate): +12.3%; linehaul at billed weight $307.02 vs $273.46, est. +$41.11 with fuel surcharge",41.11,SHP05036,796.0,709.0,,True
CARC:41457394,weight_overbilling,"Billed weight 6,942 lb vs reference 5,551 lb (shipment weight, no reweigh certificate): +25.1%; linehaul at billed weight $1,700.79 vs $1,359.99, est. +$411.35 with fuel surcharge",411.35,SHP02396,6942.0,5551.0,,True
CARC:41744938,weight_overbilling,"Billed weight 1,953 lb vs reference 1,515 lb (shipment weight, no reweigh certificate): +28.9%; linehaul at billed weight $260.00 vs $231.79, est. +$34.05 with fuel surcharge",34.05,SHP02016,1953.0,1515.0,,True
CARC:42884861,weight_overbilling,"Billed weight 740 lb vs reference 685 lb (shipment weight, no reweigh certificate): +8.0%; linehaul at billed weight $407.37 vs $377.09, est. +$36.82 with fuel surcharge",36.82,SHP04381,740.0,685.0,,True
CARC:45253274,weight_overbilling,"Billed weight 2,447 lb vs reference 2,310 lb (shipment weight, no reweigh certificate): +5.9%; linehaul at billed weight $1,973.26 vs $1,862.78, est. +$134.34 with fuel surcharge",134.34,SHP04496,2447.0,2310.0,,True
CARC:46014865,weight_overbilling,"Billed weight 1,928 lb vs reference 1,564 lb (shipment weight, no reweigh certificate): +23.3%; linehaul at billed weight $544.40 vs $500.79, est. +$54.60 with fuel surcharge",54.6,SHP09091,1928.0,1564.0,,True
CARC:46724679,weight_overbilling,"Billed weight 1,666 lb vs reference 1,306 lb (shipment weight, no reweigh certificate): +27.6%; linehaul at billed weight $978.94 vs $767.41, est. +$257.22 with fuel surcharge",257.22,SHP00683,1666.0,1306.0,,True
CARC:54599592,weight_overbilling,"Billed weight 246 lb vs reference 226 lb (shipment weight, no reweigh certificate): +8.8%; linehaul at billed weight $315.08 vs $289.46, est. +$31.62 with fuel surcharge",31.62,SHP09989,246.0,226.0,,True
CARC:56443460,weight_overbilling,"Billed weight 1,573 lb vs reference 1,492 lb (shipment weight, no reweigh certificate): +5.4%; linehaul at billed weight $706.43 vs $670.06, est. +$44.55 with fuel surcharge",44.55,SHP05273,1573.0,1492.0,,True
CARC:58018548,weight_overbilling,"Billed weight 1,205 lb vs reference 1,082 lb (shipment weight, no reweigh certificate): +11.4%; linehaul at billed weight $428.38 vs $384.65, est. +$52.78 with fuel surcharge",52.78,SHP01827,1205.0,1082.0,,True
CARC:59198895,weight_overbilling,"Billed weight 799 lb vs reference 637 lb (shipment weight, no reweigh certificate): +25.4%; linehaul at billed weight $412.60 vs $328.95, est. +$100.97 with fuel surcharge",100.97,SHP03341,799.0,637.0,,True
CARC:61388423,weight_overbilling,"Billed weight 622 lb vs reference 558 lb (shipment weight, no reweigh certificate): +11.5%; linehaul at billed weight $171.92 vs $154.23, est. +$21.51 with fuel surcharge",21.51,SHP04263,622.0,558.0,,True
CARC:62250819,weight_overbilling,"Billed weight 3,193 lb vs reference 2,710 lb (shipment weight, no reweigh certificate): +17.8%; linehaul at billed weight $394.97 vs $335.23, est. +$72.64 with fuel surcharge",72.64,SHP01423,3193.0,2710.0,,True
CARC:64732821,weight_overbilling,"Billed weight 1,283 lb vs reference 1,157 lb (shipment weight, no reweigh certificate): +10.9%; linehaul at billed weight $955.71 vs $861.85, est. +$114.13 with fuel surcharge",114.13,SHP04339,1283.0,1157.0,,True
CARC:67191668,weight_overbilling,"Billed weight 2,352 lb vs reference 2,196 lb (shipment weight, no reweigh certificate): +7.1%; linehaul at billed weight $393.72 vs $367.61, est. +$32.92 with fuel surcharge",32.92,SHP08815,2352.0,2196.0,,True
CARC:67514803,weight_overbilling,"Billed weight 657 lb vs reference 553 lb (shipment weight, no reweigh certificate): +18.8%; linehaul at billed weight $243.29 vs $204.78, est. +$46.83 with fuel surcharge",46.83,SHP00699,657.0,553.0,,True
CARC:67967043,weight_overbilling,"Billed weight 6,222 lb vs reference 5,355 lb (shipment weight, no reweigh certificate): +16.2%; linehaul at billed weight $3,337.48 vs $2,872.42, est. +$586.44 with fuel surcharge",586.44,SHP08355,6222.0,5355.0,,True
CARC:68501549,weight_overbilling,"Billed weight 2,053 lb vs reference 1,663 lb (shipment weight, no reweigh certificate): +23.5%; linehaul at billed weight $503.19 vs $479.61, est. +$28.46 with fuel surcharge",28.46,SHP01726,2053.0,1663.0,,True
CARC:71856414,weight_overbilling,"Billed weight 1,305 lb vs reference 1,071 lb (shipment weight, no reweigh certificate): +21.8%; linehaul at billed weight $189.88 vs $155.83, est. +$42.94 with fuel surcharge",42.94,SHP08445,1305.0,1071.0,,True
CARC:72514243,weight_overbilling,"Billed weight 1,309 lb vs reference 1,011 lb (shipment weight, no reweigh certificate): +29.5%; linehaul at billed weight $604.37 vs $466.78, est. +$166.07 with fuel surcharge",166.07,SHP02036,1309.0,1011.0,,True
CARC:74444182,weight_overbilling,"Billed weight 481 lb vs reference 396 lb (shipment weight, no reweigh certificate): +21.5%; linehaul at billed weight $195.65 vs $181.88, est. +$16.62 with fuel surcharge",16.62,SHP03301,481.0,396.0,,True
CARC:75030671,weight_overbilling,"Billed weight 3,058 lb vs reference 2,354 lb (shipment weight, no reweigh certificate): +29.9%; linehaul at billed weight $378.27 vs $291.19, est. +$105.11 with fuel surcharge",105.11,SHP01903,3058.0,2354.0,,True
CARC:75247006,weight_overbilling,"Billed weight 2,436 lb vs reference 2,194 lb (shipment weight, no reweigh certificate): +11.0%; linehaul at billed weight $991.21 vs $892.74, est. +$118.85 with fuel surcharge",118.85,SHP01173,2436.0,2194.0,,True
CARC:76452508,weight_overbilling,"Billed weight 464 lb vs reference 377 lb (shipment weight, no reweigh certificate): +23.1%; linehaul at billed weight $184.10 vs $162.98, est. +$26.25 with fuel surcharge",26.25,SHP06283,464.0,377.0,,True
CARC:76711278,weight_overbilling,"Billed weight 885 lb vs reference 832 lb (shipment weight, no reweigh certificate): +6.4%; linehaul at billed weight $948.80 vs $907.80, est. +$50.96 with fuel surcharge",50.96,SHP06258,885.0,832.0,,True
CARC:78721511,weight_overbilling,"Billed weight 582 lb vs reference 513 lb (shipment weight, no reweigh certificate): +13.5%; linehaul at billed weight $176.11 vs $155.23, est. +$25.39 with fuel surcharge",25.39,SHP03775,582.0,513.0,,True
CARC:79224238,weight_overbilling,"Billed weight 2,153 lb vs reference 1,727 lb (shipment weight, no reweigh certificate): +24.7%; linehaul at billed weight $876.06 vs $813.80, est. +$75.15 with fuel surcharge",75.15,SHP01150,2153.0,1727.0,,True
CARC:83351040,weight_overbilling,"Billed weight 3,961 lb vs reference 3,351 lb (shipment weight, no reweigh certificate): +18.2%; linehaul at billed weight $1,611.73 vs $1,363.52, est. +$301.82 with fuel surcharge",301.82,SHP01037,3961.0,3351.0,,True
CARC:84810514,weight_overbilling,"Billed weight 6,164 lb vs reference 5,504 lb (shipment weight, no reweigh certificate): +12.0%; linehaul at billed weight $679.27 vs $606.54, est. +$89.75 with fuel surcharge",89.75,SHP09956,6164.0,5504.0,,True
CARC:90625445,weight_overbilling,"Billed weight 3,911 lb vs reference 3,461 lb (shipment weight, no reweigh certificate): +13.0%; linehaul at billed weight $958.59 vs $848.29, est. +$133.13 with fuel surcharge",133.13,SHP01133,3911.0,3461.0,,True
CARC:91002567,weight_overbilling,"Billed weight 338 lb vs reference 307 lb (shipment weight, no reweigh certificate): +10.1%; linehaul at billed weight $146.12 vs $132.72, est. +$16.42 with fuel surcharge",16.42,SHP05214,338.0,307.0,,True
CARC:91655680,weight_overbilling,"Billed weight 2,783 lb vs reference 2,603 lb (shipment weight, no reweigh certificate): +6.9%; linehaul at billed weight $1,839.28 vs $1,720.32, est. +$143.58 with fuel surcharge",143.58,SHP02286,2783.0,2603.0,,True
CARC:92473175,weight_overbilling,"Billed weight 661 lb vs reference 588 lb (shipment weight, no reweigh certificate): +12.4%; linehaul at billed weight $149.72 vs $133.18, est. +$20.11 with fuel surcharge",20.11,SHP03673,661.0,588.0,,True
CARC:95091960,weight_overbilling,"Billed weight 1,823 lb vs reference 1,409 lb (shipment weight, no reweigh certificate): +29.4%; linehaul at billed weight $408.60 vs $338.72, est. +$84.35 with fuel surcharge",84.35,SHP02756,1823.0,1409.0,,True
CARC:95627629,weight_overbilling,"Billed weight 2,131 lb vs reference 1,980 lb (shipment weight, no reweigh certificate): +7.6%; linehaul at billed weight $1,349.35 vs $1,266.40, est. +$100.87 with fuel surcharge",100.87,SHP00710,2131.0,1980.0,,True
CARD:00018997,weight_overbilling,"Billed weight 219 lb vs reference 180 lb (shipment weight, no reweigh certificate): +21.7%; linehaul at billed weight $157.07 vs $129.10, est. +$35.27 with fuel surcharge",35.27,SHP07888,219.0,180.0,,True
CARD:00442684,weight_overbilling,"Billed weight 3,910 lb vs reference 3,056 lb (shipment weight, no reweigh certificate): +27.9%; linehaul at billed weight $843.78 vs $659.48, est. +$222.45 with fuel surcharge",222.45,SHP00125,3910.0,3056.0,,True
CARD:06221289,weight_overbilling,"Billed weight 1,513 lb vs reference 1,214 lb (shipment weight, no reweigh certificate): +24.6%; linehaul at billed weight $245.71 vs $197.15, est. +$59.92 with fuel surcharge",59.92,SHP05477,1513.0,1214.0,,True
CARD:08383941,weight_overbilling,"Billed weight 874 lb vs reference 756 lb (shipment weight, no reweigh certificate): +15.6%; linehaul at billed weight $275.60 vs $239.58, est. +$43.80 with fuel surcharge",43.8,SHP03379,874.0,756.0,,True
CARD:09105114,weight_overbilling,"Billed weight 3,190 lb vs reference 2,578 lb (shipment weight, no reweigh certificate): +23.7%; linehaul at billed weight $1,168.82 vs $944.58, est. +$272.68 with fuel surcharge",272.68,SHP04225,3190.0,2578.0,,True
CARD:16027197,weight_overbilling,"Billed weight 2,137 lb vs reference 1,998 lb (shipment weight, no reweigh certificate): +7.0%; linehaul at billed weight $302.81 vs $283.40, est. +$24.13 with fuel surcharge",24.13,SHP05511,2137.0,1998.0,,True
CARD:20325923,weight_overbilling,"Billed weight 822 lb vs reference 683 lb (shipment weight, no reweigh certificate): +20.4%; linehaul at billed weight $333.81 vs $277.37, est. +$69.14 with fuel surcharge",69.14,SHP04732,822.0,683.0,,True
CARD:23385084,weight_overbilling,"Billed weight 1,741 lb vs reference 1,571 lb (shipment weight, no reweigh certificate): +10.8%; linehaul at billed weight $236.80 vs $218.84, est. +$22.32 with fuel surcharge",22.32,SHP05682,1741.0,1571.0,,True
CARD:31543482,weight_overbilling,"Billed weight 2,569 lb vs reference 2,276 lb (shipment weight, no reweigh certificate): +12.9%; linehaul at billed weight $1,577.62 vs $1,397.69, est. +$222.03 with fuel surcharge",222.03,SHP05468,2569.0,2276.0,,True
CARD:33164800,weight_overbilling,"Billed weight 721 lb vs reference 596 lb (shipment weight, no reweigh certificate): +21.0%; linehaul at billed weight $130.79 vs $110.00, est. +$25.28 with fuel surcharge",25.28,SHP03716,721.0,596.0,,True
CARD:35852010,weight_overbilling,"Billed weight 2,121 lb vs reference 2,020 lb (shipment weight, no reweigh certificate): +5.0%; linehaul at billed weight $777.13 vs $740.13, est. +$45.99 with fuel surcharge",45.99,SHP06521,2121.0,2020.0,,True
CARD:36402500,weight_overbilling,"Billed weight 704 lb vs reference 588 lb (shipment weight, no reweigh certificate): +19.7%; linehaul at billed weight $550.04 vs $459.40, est. +$109.40 with fuel surcharge",109.4,SHP02991,704.0,588.0,,True
CARD:42206632,weight_overbilling,"Billed weight 2,399 lb vs reference 2,207 lb (shipment weight, no reweigh certificate): +8.7%; linehaul at billed weight $331.06 vs $304.57, est. +$33.64 with fuel surcharge",33.64,SHP07435,2399.0,2207.0,,True
CARD:45441397,weight_overbilling,"Billed weight 3,155 lb vs reference 2,860 lb (shipment weight, no reweigh certificate): +10.3%; linehaul at billed weight $1,424.48 vs $1,291.29, est. +$163.16 with fuel surcharge",163.16,SHP04998,3155.0,2860.0,,True
CARD:53802268,weight_overbilling,"Billed weight 250 lb vs reference 226 lb (shipment weight, no reweigh certificate): +10.6%; linehaul at billed weight $124.17 vs $112.25, est. +$14.82 with fuel surcharge",14.82,SHP06193,250.0,226.0,,True
CARD:54495790,weight_overbilling,"Billed weight 5,708 lb vs reference 4,418 lb (shipment weight, no reweigh certificate): +29.2%; linehaul at billed weight $572.51 vs $501.50, est. +$86.35 with fuel surcharge",86.35,SHP03858,5708.0,4418.0,,True
CARD:60403512,weight_overbilling,"Billed weight 1,232 lb vs reference 994 lb (shipment weight, no reweigh certificate): +23.9%; linehaul at billed weight $341.39 vs $277.10, est. +$78.76 with fuel surcharge",78.76,SHP04980,1232.0,994.0,,True
CARD:67695535,weight_overbilling,"Billed weight 1,171 lb vs reference 1,049 lb (shipment weight, no reweigh certificate): +11.6%; linehaul at billed weight $622.04 vs $557.23, est. +$78.23 with fuel surcharge",78.23,SHP01236,1171.0,1049.0,,True
CARD:69308090,weight_overbilling,"Billed weight 2,596 lb vs reference 2,007 lb (shipment weight, no reweigh certificate): +29.3%; linehaul at billed weight $1,594.20 vs $1,232.50, est. +$456.10 with fuel surcharge",456.1,SHP08148,2596.0,2007.0,,True
CARD:73002531,weight_overbilling,"Billed weight 377 lb vs reference 345 lb (shipment weight, no reweigh certificate): +9.3%; linehaul at billed weight $137.94 vs $126.24, est. +$14.33 with fuel surcharge",14.33,SHP04868,377.0,345.0,,True
CARD:73165863,weight_overbilling,"Billed weight 1,557 lb vs reference 1,334 lb (shipment weight, no reweigh certificate): +16.7%; linehaul at billed weight $1,124.93 vs $963.82, est. +$197.36 with fuel surcharge",197.36,SHP05121,1557.0,1334.0,,True
CARD:74101379,weight_overbilling,"Billed weight 1,514 lb vs reference 1,275 lb (shipment weight, no reweigh certificate): +18.7%; linehaul at billed weight $541.86 vs $456.32, est. +$108.64 with fuel surcharge",108.64,SHP07155,1514.0,1275.0,,True
CARD:75427739,weight_overbilling,"Billed weight 1,392 lb vs reference 1,223 lb (shipment weight, no reweigh certificate): +13.8%; linehaul at billed weight $540.79 vs $475.14, est. +$79.24 with fuel surcharge",79.24,SHP00078,1392.0,1223.0,,True
CARD:75862850,weight_overbilling,"Billed weight 4,453 lb vs reference 4,084 lb (shipment weight, no reweigh certificate): +9.0%; linehaul at billed weight $1,271.50 vs $1,226.02, est. +$54.89 with fuel surcharge",54.89,SHP00762,4453.0,4084.0,,True
CARD:79325542,weight_overbilling,"Billed weight 1,198 lb vs reference 1,105 lb (shipment weight, no reweigh certificate): +8.4%; linehaul at billed weight $516.46 vs $476.37, est. +$48.39 with fuel surcharge",48.39,SHP00832,1198.0,1105.0,,True
CARD:82780076,weight_overbilling,"Billed weight 4,328 lb vs reference 3,588 lb (shipment weight, no reweigh certificate): +20.6%; linehaul at billed weight $1,271.50 vs $1,077.12, est. +$246.86 with fuel surcharge",246.86,SHP08502,4328.0,3588.0,,True
CARD:87170391,weight_overbilling,"Billed weight 360 lb vs reference 337 lb (shipment weight, no reweigh certificate): +6.8%; linehaul at billed weight $330.19 vs $309.10, est. +$26.03 with fuel surcharge",26.03,SHP05337,360.0,337.0,,True
CARD:94581558,weight_overbilling,"Billed weight 4,773 lb vs reference 4,003 lb (shipment weight, no reweigh certificate): +19.2%; linehaul at billed weight $501.50 vs $473.96, est. +$33.24 with fuel surcharge",33.24,SHP01221,4773.0,4003.0,,True
CARD:98632912,weight_overbilling,"Billed weight 3,809 lb vs reference 3,279 lb (shipment weight, no reweigh certificate): +16.2%; linehaul at billed weight $1,491.22 vs $1,283.73, est. +$261.64 with fuel surcharge",261.64,SHP07851,3809.0,3279.0,,True
CARE:01365075,weight_overbilling,"Billed weight 2,683 lb vs reference 2,132 lb (shipment weight, no reweigh certificate): +25.8%; linehaul at billed weight $435.18 vs $345.81, est. +$107.87 with fuel surcharge",107.87,SHP02990,2683.0,2132.0,,True
CARE:01668760,weight_overbilling,"Billed weight 5,740 lb vs reference 4,594 lb (shipment weight, no reweigh certificate): +24.9%; linehaul at billed weight $1,504.45 vs $1,310.50, est. +$234.10 with fuel surcharge",234.1,SHP02919,5740.0,4594.0,,True
CARE:03226491,weight_overbilling,"Billed weight 359 lb vs reference 288 lb (shipment weight, no reweigh certificate): +24.7%; linehaul at billed weight $285.44 vs $228.99, est. +$71.18 with fuel surcharge",71.18,SHP08345,359.0,288.0,,True
CARE:03963712,weight_overbilling,"Billed weight 540 lb vs reference 512 lb (shipment weight, no reweigh certificate): +5.5%; linehaul at billed weight $221.08 vs $209.61, est. +$13.84 with fuel surcharge",13.84,SHP02145,540.0,512.0,,True
CARE:04389680,weight_overbilling,"Billed weight 365 lb vs reference 342 lb (shipment weight, no reweigh certificate): +6.7%; linehaul at billed weight $206.01 vs $193.02, est. +$15.80 with fuel surcharge",15.8,SHP04288,365.0,342.0,,True
CARE:08928915,weight_overbilling,"Billed weight 1,749 lb vs reference 1,616 lb (shipment weight, no reweigh certificate): +8.2%; linehaul at billed weight $539.60 vs $513.08, est. +$33.68 with fuel surcharge",33.68,SHP07575,1749.0,1616.0,,True
CARE:11762584,weight_overbilling,"Billed weight 7,926 lb vs reference 7,500 lb (shipment weight, no reweigh certificate): +5.7%; linehaul at billed weight $3,260.76 vs $3,085.50, est. +$222.58 with fuel surcharge",222.58,SHP07670,7926.0,7500.0,,True
CARE:12591051,weight_overbilling,"Billed weight 810 lb vs reference 693 lb (shipment weight, no reweigh certificate): +16.9%; linehaul at billed weight $159.16 vs $136.17, est. +$29.20 with fuel surcharge",29.2,SHP07738,810.0,693.0,,True
CARE:15082913,weight_overbilling,"Billed weight 1,629 lb vs reference 1,342 lb (shipment weight, no reweigh certificate): +21.4%; linehaul at billed weight $814.17 vs $670.73, est. +$180.88 with fuel surcharge",180.88,SHP08198,1629.0,1342.0,,True
CARE:15815300,weight_overbilling,"Billed weight 2,027 lb vs reference 1,561 lb (shipment weight, no reweigh certificate): +29.9%; linehaul at billed weight $1,511.94 vs $1,369.78, est. +$171.59 with fuel surcharge",171.59,SHP00783,2027.0,1561.0,,True
CARE:27819738,weight_overbilling,"Billed weight 1,461 lb vs reference 1,278 lb (shipment weight, no reweigh certificate): +14.3%; linehaul at billed weight $731.23 vs $639.64, est. +$110.55 with fuel surcharge",110.55,SHP03315,1461.0,1278.0,,True
CARE:29646200,weight_overbilling,"Billed weight 3,291 lb vs reference 2,850 lb (shipment weight, no reweigh certificate): +15.5%; linehaul at billed weight $2,073.66 vs $1,795.79, est. +$347.89 with fuel surcharge",347.89,SHP09197,3291.0,2850.0,,True
CARE:35141852,weight_overbilling,"Billed weight 1,101 lb vs reference 966 lb (shipment weight, no reweigh certificate): +14.0%; linehaul at billed weight $648.49 vs $589.00, est. +$71.80 with fuel surcharge",71.8,SHP02264,1101.0,966.0,,True
CARE:42555246,weight_overbilling,"Billed weight 1,023 lb vs reference 841 lb (shipment weight, no reweigh certificate): +21.6%; linehaul at billed weight $177.18 vs $167.53, est. +$11.82 with fuel surcharge",11.82,SHP05150,1023.0,841.0,,True
CARE:44220352,weight_overbilling,"Billed weight 8,888 lb vs reference 6,960 lb (shipment weight, no reweigh certificate): +27.7%; linehaul at billed weight $2,031.80 vs $1,591.06, est. +$531.97 with fuel surcharge",531.97,SHP02712,8888.0,6960.0,,True
CARE:62373312,weight_overbilling,"Billed weight 3,288 lb vs reference 3,012 lb (shipment weight, no reweigh certificate): +9.2%; linehaul at billed weight $1,197.16 vs $1,096.67, est. +$125.81 with fuel surcharge",125.81,SHP09033,3288.0,3012.0,,True
CARE:62762162,weight_overbilling,"Billed weight 5,148 lb vs reference 4,774 lb (shipment weight, no reweigh certificate): +7.8%; linehaul at billed weight $3,438.35 vs $3,339.50, est. +$123.76 with fuel surcharge",123.76,SHP06724,5148.0,4774.0,,True
CARE:63507464,weight_overbilling,"Billed weight 2,848 lb vs reference 2,430 lb (shipment weight, no reweigh certificate): +17.2%; linehaul at billed weight $881.46 vs $752.09, est. +$156.15 with fuel surcharge",156.15,SHP02348,2848.0,2430.0,,True
CARE:63588259,weight_overbilling,"Billed weight 3,923 lb vs reference 3,512 lb (shipment weight, no reweigh certificate): +11.7%; linehaul at billed weight $1,193.38 vs $1,068.35, est. +$152.04 with fuel surcharge",152.04,SHP04162,3923.0,3512.0,,True
CARE:67524118,weight_overbilling,"Billed weight 757 lb vs reference 633 lb (shipment weight, no reweigh certificate): +19.6%; linehaul at billed weight $727.33 vs $608.19, est. +$148.09 with fuel surcharge",148.09,SHP05897,757.0,633.0,,True
CARE:74367548,weight_overbilling,"Billed weight 1,434 lb vs reference 1,222 lb (shipment weight, no reweigh certificate): +17.3%; linehaul at billed weight $557.40 vs $474.99, est. +$101.69 with fuel surcharge",101.69,SHP05489,1434.0,1222.0,,True
CARE:77024559,weight_overbilling,"Billed weight 1,444 lb vs reference 1,318 lb (shipment weight, no reweigh certificate): +9.6%; linehaul at billed weight $224.98 vs $205.34, est. +$24.41 with fuel surcharge",24.41,SHP06254,1444.0,1318.0,,True
CARE:85701516,weight_overbilling,"Billed weight 2,495 lb vs reference 2,112 lb (shipment weight, no reweigh certificate): +18.1%; linehaul at billed weight $539.42 vs $456.61, est. +$103.68 with fuel surcharge",103.68,SHP06638,2495.0,2112.0,,True
CARE:93586259,weight_overbilling,"Billed weight 632 lb vs reference 534 lb (shipment weight, no reweigh certificate): +18.4%; linehaul at billed weight $303.80 vs $256.69, est. +$57.29 with fuel surcharge",57.29,SHP04536,632.0,534.0,,True
CARE:93928624,weight_overbilling,"Billed weight 716 lb vs reference 620 lb (shipment weight, no reweigh certificate): +15.5%; linehaul at billed weight $308.17 vs $266.85, est. +$49.87 with fuel surcharge",49.87,SHP02591,716.0,620.0,,True
CARE:96599042,weight_overbilling,"Billed weight 4,089 lb vs reference 3,752 lb (shipment weight, no reweigh certificate): +9.0%; linehaul at billed weight $3,049.99 vs $2,798.62, est. +$303.40 with fuel surcharge",303.4,SHP03279,4089.0,3752.0,,True
CARE:98480722,weight_overbilling,"Billed weight 2,181 lb vs reference 1,729 lb (shipment weight, no reweigh certificate): +26.1%; linehaul at billed weight $958.55 vs $879.00, est. +$98.88 with fuel surcharge",98.88,SHP06333,2181.0,1729.0,,True
