invoice_id,error_type,reason,dollar_impact_estimate,shipment_id,billed_value,expected_value,related_invoice_id,counted_in_recoverable
CARA:02519655,duplicate_invoice,"Duplicate of invoice 0101467 (same BOL digits): total $871.54 vs $897.24, received 16 days after the first copy (2026-01-12)",871.54,SHP09360,871.54,897.24,CARA:02982706,True
CARA:04220308,duplicate_invoice,"Duplicate of invoice 0101464 (same BOL digits): total $988.06 vs $988.06, received 39 days after the first copy (2026-01-10)",988.06,SHP09869,988.06,988.06,CARA:88606918,True
CARA:04711190,duplicate_invoice,"Duplicate of invoice 0100836 (same BOL digits): total $95.00 vs $279.81, received 23 days after the first copy (2025-08-18)",95.0,SHP05689,95.0,279.81,CARA:55874941,True
CARA:07274603,duplicate_invoice,"Duplicate of invoice 0100978 (same BOL digits): total $220.51 vs $220.51, received 12 days after the first copy (2025-09-24)",220.51,SHP06387,220.51,220.51,CARA:89739149,True
CARA:07700852,duplicate_invoice,"Duplicate of invoice 0100675 (same BOL digits): total $125.00 vs $1,511.77, received 26 days after the first copy (2025-07-06)",125.0,SHP04430,125.0,1511.77,CARA:05545733,True
CARA:11547507,duplicate_invoice,"Duplicate of invoice 0100347 (same BOL digits): total $95.00 vs $2,381.89, received 16 days after the first copy (2025-04-18)",95.0,SHP02110,95.0,2381.89,CARA:34652677,True
CARA:12715807,duplicate_invoice,"Duplicate of invoice 0100850 (same BOL digits): total $1,231.39 vs $1,258.23, received 19 days after the first copy (2025-08-22)",1231.39,SHP05688,1231.39,1258.23,CARA:65082490,True
CARA:15254921,duplicate_invoice,"Duplicate of invoice 0100173 (same BOL digits): total $95.00 vs $302.81, received 12 days after the first copy (2025-03-10)",95.0,SHP00880,95.0,302.81,CARA:08822943,True
CARA:15375068,duplicate_invoice,"Duplicate of invoice 0100750 (same BOL digits): total $95.00 vs $216.04, received 28 days after the first copy (2025-07-24)",95.0,SHP04826,95.0,216.04,CARA:63790702,True
CARA:16862605,duplicate_invoice,"Duplicate of invoice 0100751 (same BOL digits): total $449.70 vs $464.43, received 20 days after the first copy (2025-07-24)",449.7,SHP04877,449.7,464.43,CARA:46728290,True
CARA:18635131,duplicate_invoice,"Duplicate of invoice 0100078 (same BOL digits): total $95.00 vs $396.54, received 24 days after the first copy (2025-02-10)",95.0,SHP00650,95.0,396.54,CARA:14986569,True
CARA:25552321,duplicate_invoice,"Duplicate of invoice 0101193 (same BOL digits): total $857.43 vs $857.43, received 24 days after the first copy (2025-11-07)",857.43,SHP07893,857.43,857.43,CARA:79389260,True
CARA:27053622,duplicate_invoice,"Duplicate of invoice 0101442 (same BOL digits): total $125.00 vs $433.41, received 30 days after the first copy (2026-01-09)",125.0,SHP09460,125.0,433.41,CARA:95847355,True
CARA:31476189,duplicate_invoice,"Duplicate of invoice 0100746 (same BOL digits): total $442.59 vs $442.59, received 32 days after the first copy (2025-07-25)",442.59,SHP05166,442.59,442.59,CARA:28544357,True
CARA:34176148,duplicate_invoice,"Duplicate of invoice 0100153 (same BOL digits): total $633.19 vs $647.65, received 23 days after the first copy (2025-03-06)",633.19,SHP00467,633.19,647.65,CARA:40381750,True
CARA:38240927,duplicate_invoice,"Duplicate of invoice 0100032 (same BOL digits): total $722.44 vs $722.44, received 20 days after the first copy (2025-01-29)",722.44,SHP00415,722.44,722.44,CARA:32903913,True
CARA:39264017,duplicate_invoice,"Duplicate of invoice 0100680 (same BOL digits): total $2,025.95 vs $2,025.95, received 29 days after the first copy (2025-07-04)",2025.95,SHP04493,2025.95,2025.95,CARA:60028024,True
CARA:42815508,duplicate_invoice,"Duplicate of invoice 0100869 (same BOL digits): total $279.65 vs $279.65, received 20 days after the first copy (2025-08-27)",279.65,SHP05964,279.65,279.65,CARA:25073059,True
CARA:51150877,duplicate_invoice,"Duplicate of invoice 0100744 (same BOL digits): total $830.40 vs $886.01, received 27 days after the first copy (2025-07-25)",830.4,SHP05028,830.4,886.01,CARA:69900043,True
CARA:53652039,duplicate_invoice,"Duplicate of invoice 0100234 (same BOL digits): total $95.00 vs $239.29, received 13 days after the first copy (2025-03-26)",95.0,SHP01706,95.0,239.29,CARA:12111773,True
CARA:57530615,duplicate_invoice,"Duplicate of invoice 0100892 (same BOL digits): total $125.00 vs $574.14, received 25 days after the first copy (2025-09-04)",125.0,SHP05936,125.0,574.14,CARA:80246734,True
CARA:58317929,duplicate_invoice,"Duplicate of invoice 0100416 (same BOL digits): total $491.94 vs $491.94, received 43 days after the first copy (2025-05-10)",491.94,SHP02898,491.94,491.94,CARA:65034552,True
CARA:59075540,duplicate_invoice,"Duplicate of invoice 0100200 (same BOL digits): total $909.72 vs $909.72, received 32 days after the first copy (2025-03-18)",909.72,SHP01466,909.72,909.72,CARA:82873367,True
CARA:60592169,duplicate_invoice,"Duplicate of invoice 0101422 (same BOL digits): total $418.42 vs $418.42, received 18 days after the first copy (2025-12-31)",418.42,SHP09060,418.42,418.42,CARA:78572353,True
CARA:62064494,duplicate_invoice,"Duplicate of invoice 0100014 (same BOL digits): total $431.73 vs $458.38, received 17 days after the first copy (2025-01-21)",431.73,SHP00198,431.73,458.38,CARA:43633734,True
CARA:62454598,duplicate_invoice,"Duplicate of invoice 0100951 (same BOL digits): total $95.00 vs $3,284.65, received 25 days after the first copy (2025-09-17)",95.0,SHP06431,95.0,3284.65,CARA:71641798,True
CARA:63493998,duplicate_invoice,"Duplicate of invoice 0101334 (same BOL digits): total $659.58 vs $659.58, received 6 days after the first copy (2025-12-10)",659.58,SHP08853,659.58,659.58,CARA:65241425,True
CARA:64069989,duplicate_invoice,"Duplicate of invoice 0100586 (same BOL digits): total $125.00 vs $1,449.94, received 17 days after the first copy (2025-06-15)",125.0,SHP03975,125.0,1449.94,CARA:01741652,True
CARA:64172410,duplicate_invoice,"Duplicate of invoice 0101284 (same BOL digits): total $935.32 vs $935.32, received 14 days after the first copy (2025-12-02)",935.32,SHP08734,935.32,935.32,CARA:47007831,True
CARA:64441536,duplicate_invoice,"Duplicate of invoice 0100666 (same BOL digits): total $95.00 vs $335.86, received 22 days after the first copy (2025-07-01)",95.0,SHP04419,95.0,335.86,CARA:00715070,True
CARA:65124041,duplicate_invoice,"Duplicate of invoice 0100337 (same BOL digits): total $924.55 vs $959.13, received 13 days after the first copy (2025-04-17)",924.55,SHP02316,924.55,959.13,CARA:20690398,True
CARA:65850912,duplicate_invoice,"Duplicate of invoice 0100079 (same BOL digits): total $95.00 vs $1,259.03, received 17 days after the first copy (2025-02-12)",95.0,SHP00697,95.0,1259.03,CARA:39218896,True
CARA:67513052,duplicate_invoice,"Duplicate of invoice 0101098 (same BOL digits): total $519.29 vs $550.00, received 16 days after the first copy (2025-10-17)",519.29,SHP07496,519.29,550.0,CARA:75912410,True
CARA:68864256,duplicate_invoice,"Duplicate of invoice 0100735 (same BOL digits): total $387.31 vs $395.23, received 19 days after the first copy (2025-07-19)",387.31,SHP05040,387.31,395.23,CARA:32445325,True
CARA:71020850,duplicate_invoice,"Duplicate of invoice 0100417 (same BOL digits): total $2,150.65 vs $2,252.52, received 15 days after the first copy (2025-05-07)",2150.65,SHP02912,2150.65,2252.52,CARA:24227449,True
CARA:71698333,duplicate_invoice,"Duplicate of invoice 0100509 (same BOL digits): total $95.00 vs $997.24, received 26 days after the first copy (2025-05-28)",95.0,SHP03355,95.0,997.24,CARA:97015140,True
CARA:73151677,duplicate_invoice,"Duplicate of invoice 0100459 (same BOL digits): total $125.00 vs $1,448.11, received 16 days after the first copy (2025-05-20)",125.0,SHP03168,125.0,1448.11,CARA:25820662,True
CARA:74724542,duplicate_invoice,"Duplicate of invoice 0100436 (same BOL digits): total $95.00 vs $213.57, received 19 days after the first copy (2025-05-12)",95.0,SHP02982,95.0,213.57,CARA:27179869,True
CARA:77865875,duplicate_invoice,"Duplicate of invoice 0101282 (same BOL digits): total $306.89 vs $306.89, received 31 days after the first copy (2025-11-28)",306.89,SHP08706,306.89,306.89,CARA:25584999,True
CARA:78705351,duplicate_invoice,"Duplicate of invoice 0101475 (same BOL digits): total $95.00 vs $3,103.32, received 14 days after the first copy (2026-01-16)",95.0,SHP09681,95.0,3103.32,CARA:51171332,True
CARA:81522281,duplicate_invoice,"Duplicate of invoice 0101123 (same BOL digits): total $95.00 vs $962.76, received 11 days after the first copy (2025-10-22)",95.0,SHP07631,95.0,962.76,CARA:02271867,True
CARA:81981595,duplicate_invoice,"Duplicate of invoice 0100206 (same BOL digits): total $601.37 vs $645.17, received 17 days after the first copy (2025-03-16)",601.37,SHP01544,601.37,645.17,CARA:64739633,True
CARA:82239545,duplicate_invoice,"Duplicate of invoice 0100147 (same BOL digits): total $1,984.91 vs $2,116.50, received 13 days after the first copy (2025-03-01)",1984.91,SHP00916,1984.91,2116.5,CARA:66111421,True
CARA:86033714,duplicate_invoice,"Duplicate of invoice 0100182 (same BOL digits): total $95.00 vs $667.97, received 20 days after the first copy (2025-03-13)",95.0,SHP01347,95.0,667.97,CARA:89465253,True
CARA:86752877,duplicate_invoice,"Duplicate of invoice 0100825 (same BOL digits): total $673.19 vs $690.17, received 16 days after the first copy (2025-08-17)",673.19,SHP05735,673.19,690.17,CARA:17496189,True
CARA:89679480,duplicate_invoice,"Duplicate of invoice 0100716 (same BOL digits): total $1,095.64 vs $1,095.64, received 13 days after the first copy (2025-07-15)",1095.64,SHP04677,1095.64,1095.64,CARA:83777927,True
CARA:95169106,duplicate_invoice,"Duplicate of invoice 0101044 (same BOL digits): total $3,105.09 vs $3,234.72, received 14 days after the first copy (2025-10-07)",3105.09,SHP06643,3105.09,3234.72,CARA:58709534,True
CARA:96023027,duplicate_invoice,"Duplicate of invoice 0100444 (same BOL digits): total $1,285.23 vs $1,361.62, received 19 days after the first copy (2025-05-16)",1285.23,SHP02918,1285.23,1361.62,CARA:16673185,True
CARA:98473198,duplicate_invoice,"Duplicate of invoice 0101138 (same BOL digits): total $1,281.09 vs $1,281.09, received 44 days after the first copy (2025-10-25)",1281.09,SHP07430,1281.09,1281.09,CARA:91424762,True
CARA:99586620,duplicate_invoice,"Duplicate of invoice 0100902 (same BOL digits): total $897.99 vs $897.99, received 31 days after the first copy (2025-09-06)",897.99,SHP06071,897.99,897.99,CARA:50645531,True
CARA:99647698,duplicate_invoice,"Duplicate of invoice 0100450 (same BOL digits): total $763.63 vs $763.63, received 32 days after the first copy (2025-05-13)",763.63,SHP03032,763.63,763.63,CARA:80510175,True
CARA:99928752,duplicate_invoice,"Duplicate of invoice 0101362 (same BOL digits): total $95.00 vs $1,098.66, received 13 days after the first copy (2025-12-20)",95.0,SHP09007,95.0,1098.66,CARA:79266051,True
CARB:00928927,duplicate_invoice,"Duplicate of invoice 0200900 (same BOL digits): total $377.20 vs $393.26, received 28 days after the first copy (2025-07-31)",377.2,SHP05286,377.2,393.26,CARB:07198777,True
CARB:01650763,duplicate_invoice,"Duplicate of invoice 0201573 (same BOL digits): total $2,833.94 vs $3,016.96, received 20 days after the first copy (2025-12-17)",2833.94,SHP09148,2833.94,3016.96,CARB:44112758,True
CARB:03789927,duplicate_invoice,"Duplicate of invoice 0200770 (same BOL digits): total $251.70 vs $262.90, received 28 days after the first copy (2025-07-10)",251.7,SHP04792,251.7,262.9,CARB:71001391,True
CARB:05337304,duplicate_invoice,"Duplicate of invoice 0201006 (same BOL digits): total $125.00 vs $357.18, received 30 days after the first copy (2025-08-24)",125.0,SHP05830,125.0,357.18,CARB:12055905,True
CARB:06876360,duplicate_invoice,"Duplicate of invoice 0200044 (same BOL digits): total $528.01 vs $528.01, received 7 days after the first copy (2025-02-01)",528.01,SHP00328,528.01,528.01,CARB:31820295,True
CARB:07169781,duplicate_invoice,"Duplicate of invoice 0200314 (same BOL digits): total $2,381.81 vs $2,470.69, received 11 days after the first copy (2025-04-09)",2381.81,SHP01798,2381.81,2470.69,CARB:14324731,True
CARB:07442995,duplicate_invoice,"Duplicate of invoice 0200567 (same BOL digits): total $357.24 vs $369.02, received 29 days after the first copy (2025-05-28)",357.24,SHP02724,357.24,369.02,CARB:46663858,True
CARB:08091892,duplicate_invoice,"Duplicate of invoice 0200296 (same BOL digits): total $326.86 vs $349.89, received 18 days after the first copy (2025-04-02)",326.86,SHP01253,326.86,349.89,CARB:25347947,True
CARB:08413222,duplicate_invoice,"Duplicate of invoice 0200330 (same BOL digits): total $1,100.46 vs $1,100.46, received 12 days after the first copy (2025-04-08)",1100.46,SHP02220,1100.46,1100.46,CARB:27542992,True
CARB:13353467,duplicate_invoice,"Duplicate of invoice 0200180 (same BOL digits): total $681.75 vs $729.11, received 29 days after the first copy (2025-03-04)",681.75,SHP01050,681.75,729.11,CARB:39966337,True
CARB:15183428,duplicate_invoice,"Duplicate of invoice 0200765 (same BOL digits): total $469.73 vs $469.73, received 14 days after the first copy (2025-07-07)",469.73,SHP04337,469.73,469.73,CARB:89604321,True
CARB:16081129,duplicate_invoice,"Duplicate of invoice 0201492 (same BOL digits): total $1,021.99 vs $1,021.99, received 14 days after the first copy (2025-12-02)",1021.99,SHP08271,1021.99,1021.99,CARB:45222113,True
CARB:16097198,duplicate_invoice,"Duplicate of invoice 0200144 (same BOL digits): total $1,051.33 vs $1,085.36, received 22 days after the first copy (2025-02-23)",1051.33,SHP00820,1051.33,1085.36,CARB:43401336,True
CARB:19037146,duplicate_invoice,"Duplicate of invoice 0201003 (same BOL digits): total $1,601.25 vs $1,601.25, received 16 days after the first copy (2025-08-26)",1601.25,SHP05778,1601.25,1601.25,CARB:43010818,True
CARB:21323995,duplicate_invoice,"Duplicate of invoice 0201684 (same BOL digits): total $577.96 vs $577.96, received 23 days after the first copy (2026-01-12)",577.96,SHP09721,577.96,577.96,CARB:72061990,True
CARB:21578985,duplicate_invoice,"Duplicate of invoice 0201407 (same BOL digits): total $260.47 vs $260.47, received 24 days after the first copy (2025-11-15)",260.47,SHP08176,260.47,260.47,CARB:28833772,True
CARB:23519730,duplicate_invoice,"Duplicate of invoice 0200122 (same BOL digits): total $95.00 vs $260.42, received 29 days after the first copy (2025-02-20)",95.0,SHP00746,95.0,260.42,CARB:53870798,True
CARB:25818416,duplicate_invoice,"Duplicate of invoice 0200361 (same BOL digits): total $132.77 vs $132.77, received 37 days after the first copy (2025-04-19)",132.77,SHP02132,132.77,132.77,CARB:01195415,True
CARB:28984447,duplicate_invoice,"Duplicate of invoice 0200135 (same BOL digits): total $1,393.00 vs $1,451.31, received 20 days after the first copy (2025-02-26)",1393.0,SHP00805,1393.0,1451.31,CARB:00531958,True
CARB:33378699,duplicate_invoice,"Duplicate of invoice 0201182 (same BOL digits): total $95.00 vs $412.38, received 24 days after the first copy (2025-10-02)",95.0,SHP06668,95.0,412.38,CARB:01113277,True
CARB:33523581,duplicate_invoice,"Duplicate of invoice 0201567 (same BOL digits): total $125.00 vs $1,417.39, received 18 days after the first copy (2025-12-16)",125.0,SHP09038,125.0,1417.39,CARB:71323842,True
CARB:34153471,duplicate_invoice,"Duplicate of invoice 0200191 (same BOL digits): total $547.95 vs $547.95, received 12 days after the first copy (2025-03-06)",547.95,SHP01284,547.95,547.95,CARB:74941357,True
CARB:37825614,duplicate_invoice,"Duplicate of invoice 0201254 (same BOL digits): total $866.05 vs $866.05, received 9 days after the first copy (2025-10-19)",866.05,SHP06890,866.05,866.05,CARB:59054244,True
CARB:38202126,duplicate_invoice,"Duplicate of invoice 0200046 (same BOL digits): total $125.00 vs $192.85, received 26 days after the first copy (2025-02-05)",125.0,SHP00438,125.0,192.85,CARB:51390990,True
CARB:39822866,duplicate_invoice,"Duplicate of invoice 0201462 (same BOL digits): total $95.00 vs $247.76, received 14 days after the first copy (2025-11-26)",95.0,SHP08299,95.0,247.76,CARB:73751245,True
CARB:47369368,duplicate_invoice,"Duplicate of invoice 0201126 (same BOL digits): total $95.00 vs $463.83, received 29 days after the first copy (2025-09-22)",95.0,SHP06027,95.0,463.83,CARB:28381928,True
CARB:48228632,duplicate_invoice,"Duplicate of invoice 0200772 (same BOL digits): total $1,260.99 vs $1,260.99, received 29 days after the first copy (2025-07-10)",1260.99,SHP03893,1260.99,1260.99,CARB:85381879,True
CARB:48228779,duplicate_invoice,"Duplicate of invoice 0201478 (same BOL digits): total $458.96 vs $478.16, received 25 days after the first copy (2025-11-28)",458.96,SHP08688,458.96,478.16,CARB:78509585,True
CARB:50612769,duplicate_invoice,"Duplicate of invoice 0200740 (same BOL digits): total $656.42 vs $656.42, received 43 days after the first copy (2025-07-06)",656.42,SHP04259,656.42,656.42,CARB:18894358,True
CARB:52540468,duplicate_invoice,"Duplicate of invoice 0201489 (same BOL digits): total $2,069.30 vs $2,223.48, received 24 days after the first copy (2025-12-03)",2069.3,SHP08700,2069.3,2223.48,CARB:51026360,True
CARB:55484131,duplicate_invoice,"Duplicate of invoice 0200548 (same BOL digits): total $95.00 vs $765.19, received 18 days after the first copy (2025-05-26)",95.0,SHP03182,95.0,765.19,CARB:56840166,True
CARB:57270324,duplicate_invoice,"Duplicate of invoice 0201512 (same BOL digits): total $138.71 vs $147.01, received 26 days after the first copy (2025-12-06)",138.71,SHP08370,138.71,147.01,CARB:90652152,True
CARB:58195377,duplicate_invoice,"Duplicate of invoice 0201196 (same BOL digits): total $1,069.82 vs $1,149.55, received 22 days after the first copy (2025-10-04)",1069.82,SHP06902,1069.82,1149.55,CARB:86016442,True
CARB:58584321,duplicate_invoice,"Duplicate of invoice 0200930 (same BOL digits): total $125.00 vs $1,071.40, received 21 days after the first copy (2025-08-05)",125.0,SHP05159,125.0,1071.4,CARB:02680699,True
CARB:58699490,duplicate_invoice,"Duplicate of invoice 0201234 (same BOL digits): total $125.00 vs $1,011.34, received 13 days after the first copy (2025-10-11)",125.0,SHP07193,125.0,1011.34,CARB:32075599,True
CARB:59268889,duplicate_invoice,"Duplicate of invoice 0200085 (same BOL digits): total $342.85 vs $363.57, received 13 days after the first copy (2025-02-14)",342.85,SHP00667,342.85,363.57,CARB:19426460,True
CARB:60624919,duplicate_invoice,"Duplicate of invoice 0201004 (same BOL digits): total $95.00 vs $502.18, received 11 days after the first copy (2025-08-22)",95.0,SHP05573,95.0,502.18,CARB:40820497,True
CARB:61921724,duplicate_invoice,"Duplicate of invoice 0201225 (same BOL digits): total $95.00 vs $519.75, received 16 days after the first copy (2025-10-11)",95.0,SHP07082,95.0,519.75,CARB:83255396,True
CARB:62142511,duplicate_invoice,"Duplicate of invoice 0201630 (same BOL digits): total $744.87 vs $768.62, received 13 days after the first copy (2026-01-01)",744.87,SHP09340,744.87,768.62,CARB:10320400,True
CARB:65730081,duplicate_invoice,"Duplicate of invoice 0200718 (same BOL digits): total $341.96 vs $366.31, received 21 days after the first copy (2025-07-02)",341.96,SHP04195,341.96,366.31,CARB:63640143,True
CARB:67944988,duplicate_invoice,"Duplicate of invoice 0200903 (same BOL digits): total $95.00 vs $1,363.30, received 30 days after the first copy (2025-08-01)",95.0,SHP05334,95.0,1363.3,CARB:93837815,True
CARB:68866202,duplicate_invoice,"Duplicate of invoice 0200278 (same BOL digits): total $251.56 vs $269.55, received 28 days after the first copy (2025-03-27)",251.56,SHP01702,251.56,269.55,CARB:75260545,True
CARB:74949386,duplicate_invoice,"Duplicate of invoice 0201728 (same BOL digits): total $659.82 vs $659.82, received 9 days after the first copy (2026-01-26)",659.82,SHP09922,659.82,659.82,CARB:55306709,True
CARB:76214952,duplicate_invoice,"Duplicate of invoice 0200716 (same BOL digits): total $95.00 vs $1,330.71, received 21 days after the first copy (2025-07-02)",95.0,SHP04094,95.0,1330.71,CARB:85049857,True
CARB:80677622,duplicate_invoice,"Duplicate of invoice 0200928 (same BOL digits): total $810.19 vs $841.90, received 23 days after the first copy (2025-08-10)",810.19,SHP03899,810.19,841.9,CARB:57706768,True
CARB:81104231,duplicate_invoice,"Duplicate of invoice 0201538 (same BOL digits): total $359.25 vs $384.69, received 15 days after the first copy (2025-12-11)",359.25,SHP08794,359.25,384.69,CARB:32913841,True
CARB:82668552,duplicate_invoice,"Duplicate of invoice 0200474 (same BOL digits): total $838.30 vs $838.30, received 20 days after the first copy (2025-05-13)",838.3,SHP02893,838.3,838.3,CARB:88720168,True
CARB:85742109,duplicate_invoice,"Duplicate of invoice 0200772 (same BOL digits): total $95.00 vs $1,260.99, received 26 days after the first copy (2025-07-10)",95.0,SHP03893,95.0,1260.99,CARB:85381879,True
CARB:89409037,duplicate_invoice,"Duplicate of invoice 0200681 (same BOL digits): total $2,045.87 vs $2,045.87, received 29 days after the first copy (2025-06-26)",2045.87,SHP02850,2045.87,2045.87,CARB:13406035,True
CARB:89529791,duplicate_invoice,"Duplicate of invoice 0200065 (same BOL digits): total $281.06 vs $281.06, received 32 days after the first copy (2025-02-08)",281.06,SHP00512,281.06,281.06,CARB:86548329,True
CARB:89928977,duplicate_invoice,"Duplicate of invoice 0200037 (same BOL digits): total $667.50 vs $667.50, received 14 days after the first copy (2025-02-01)",667.5,SHP00298,667.5,667.5,CARB:86985036,True
CARB:90927654,duplicate_invoice,"Duplicate of invoice 0201264 (same BOL digits): total $95.00 vs $434.02, received 25 days after the first copy (2025-10-22)",95.0,SHP06757,95.0,434.02,CARB:54129401,True
CARB:92700766,duplicate_invoice,"Duplicate of invoice 0200340 (same BOL digits): total $818.10 vs $855.57, received 10 days after the first copy (2025-04-11)",818.1,SHP01737,818.1,855.57,CARB:84066238,True
CARB:95296384,duplicate_invoice,"Duplicate of invoice 0200171 (same BOL digits): total $279.71 vs $286.28, received 27 days after the first copy (2025-03-05)",279.71,SHP00817,279.71,286.28,CARB:96518365,True
CARB:95583923,duplicate_invoice,"Duplicate of invoice 0200357 (same BOL digits): total $526.89 vs $526.89, received 22 days after the first copy (2025-04-17)",526.89,SHP01520,526.89,526.89,CARB:67646174,True
CARB:96467862,duplicate_invoice,"Duplicate of invoice 0201342 (same BOL digits): total $614.55 vs $653.50, received 19 days after the first copy (2025-11-02)",614.55,SHP07395,614.55,653.5,CARB:53455876,True
CARB:99376070,duplicate_invoice,"Duplicate of invoice 0201391 (same BOL digits): total $1,774.98 vs $1,811.38, received 20 days after the first copy (2025-11-15)",1774.98,SHP08106,1774.98,1811.38,CARB:36919578,True
CARC:03233845,duplicate_invoice,"Duplicate of invoice 0300998 (same BOL digits): total $125.00 vs $1,740.14, received 24 days after the first copy (2025-09-05)",125.0,SHP06052,125.0,1740.14,CARC:55516618,True
CARC:03337898,duplicate_invoice,"Duplicate of invoice 0300283 (same BOL digits): total $936.10 vs $936.10, received 10 days after the first copy (2025-04-02)",936.1,SHP01946,936.1,936.1,CARC:03375102,True
CARC:05309398,duplicate_invoice,"Duplicate of invoice 0300319 (same BOL digits): total $808.91 vs $808.91, received 42 days after the first copy (2025-04-08)",808.91,SHP02121,808.91,808.91,CARC:19879173,True
CARC:06520630,duplicate_invoice,"Duplicate of invoice 0301642 (same BOL digits): total $171.98 vs $171.98, received 7 days after the first copy (2026-01-10)",171.98,SHP09825,171.98,171.98,CARC:95305443,True
CARC:13048129,duplicate_invoice,"Duplicate of invoice 0301513 (same BOL digits): total $155.84 vs $161.06, received 22 days after the first copy (2025-12-17)",155.84,SHP09042,155.84,161.06,CARC:91238456,True
CARC:13133785,duplicate_invoice,"Duplicate of invoice 0301329 (same BOL digits): total $95.00 vs $1,656.31, received 11 days after the first copy (2025-11-15)",95.0,SHP08199,95.0,1656.31,CARC:53781792,True
CARC:15570396,duplicate_invoice,"Duplicate of invoice 0301497 (same BOL digits): total $842.20 vs $902.24, received 22 days after the first copy (2025-12-16)",842.2,SHP09187,842.2,902.24,CARC:70675354,True
CARC:16673863,duplicate_invoice,"Duplicate of invoice 0300260 (same BOL digits): total $928.29 vs $928.29, received 21 days after the first copy (2025-03-28)",928.29,SHP01352,928.29,928.29,CARC:53486179,True
CARC:16883377,duplicate_invoice,"Duplicate of invoice 0300723 (same BOL digits): total $255.77 vs $255.77, received 23 days after the first copy (2025-06-30)",255.77,SHP04550,255.77,255.77,CARC:69791402,True
CARC:19019239,duplicate_invoice,"Duplicate of invoice 0300247 (same BOL digits): total $1,036.53 vs $1,036.53, received 18 days after the first copy (2025-03-22)",1036.53,SHP01761,1036.53,1036.53,CARC:72591592,True
CARC:20085482,duplicate_invoice,"Duplicate of invoice 0301573 (same BOL digits): total $1,331.82 vs $1,331.82, received 10 days after the first copy (2025-12-26)",1331.82,SHP09406,1331.82,1331.82,CARC:89311472,True
CARC:21432065,duplicate_invoice,"Duplicate of invoice 0301173 (same BOL digits): total $499.19 vs $499.19, received 41 days after the first copy (2025-10-15)",499.19,SHP07404,499.19,499.19,CARC:40988277,True
CARC:21587455,duplicate_invoice,"Duplicate of invoice 0301467 (same BOL digits): total $152.17 vs $163.92, received 20 days after the first copy (2025-12-06)",152.17,SHP09057,152.17,163.92,CARC:23104082,True
CARC:27429149,duplicate_invoice,"Duplicate of invoice 0301347 (same BOL digits): total $95.00 vs $1,094.81, received 19 days after the first copy (2025-11-17)",95.0,SHP08405,95.0,1094.81,CARC:63889934,True
CARC:28118583,duplicate_invoice,"Duplicate of invoice 0300584 (same BOL digits): total $95.00 vs $542.86, received 19 days after the first copy (2025-06-05)",95.0,SHP02733,95.0,542.86,CARC:50638597,True
CARC:30344403,duplicate_invoice,"Duplicate of invoice 0300917 (same BOL digits): total $95.00 vs $362.36, received 29 days after the first copy (2025-08-15)",95.0,SHP05660,95.0,362.36,CARC:62122731,True
CARC:31059561,duplicate_invoice,"Duplicate of invoice 0300760 (same BOL digits): total $1,133.25 vs $1,133.25, received 33 days after the first copy (2025-07-09)",1133.25,SHP04743,1133.25,1133.25,CARC:96849745,True
CARC:31914234,duplicate_invoice,"Duplicate of invoice 0301554 (same BOL digits): total $948.91 vs $993.70, received 29 days after the first copy (2025-12-23)",948.91,SHP09342,948.91,993.7,CARC:43483582,True
CARC:41799234,duplicate_invoice,"Duplicate of invoice 0300706 (same BOL digits): total $1,005.73 vs $1,005.73, received 21 days after the first copy (2025-06-27)",1005.73,SHP04434,1005.73,1005.73,CARC:09214431,True
CARC:42842773,duplicate_invoice,"Duplicate of invoice 0300224 (same BOL digits): total $2,161.44 vs $2,161.44, received 44 days after the first copy (2025-03-18)",2161.44,SHP01413,2161.44,2161.44,CARC:21577190,True
CARC:44684032,duplicate_invoice,"Duplicate of invoice 0300750 (same BOL digits): total $95.00 vs $160.23, received 22 days after the first copy (2025-07-10)",95.0,SHP04658,95.0,160.23,CARC:23424130,True
CARC:45964913,duplicate_invoice,"Duplicate of invoice 0300769 (same BOL digits): total $125.00 vs $1,033.41, received 29 days after the first copy (2025-07-10)",125.0,SHP04806,125.0,1033.41,CARC:75174344,True
CARC:46680603,duplicate_invoice,"Duplicate of invoice 0300567 (same BOL digits): total $1,146.78 vs $1,172.90, received 22 days after the first copy (2025-06-06)",1146.78,SHP03329,1146.78,1172.9,CARC:51536784,True
CARC:48135875,duplicate_invoice,"Duplicate of invoice 0300516 (same BOL digits): total $2,862.28 vs $2,862.28, received 28 days after the first copy (2025-05-22)",2862.28,SHP03420,2862.28,2862.28,CARC:38987991,True
CARC:52492102,duplicate_invoice,"Duplicate of invoice 0301390 (same BOL digits): total $687.44 vs $687.44, received 16 days after the first copy (2025-11-24)",687.44,SHP08455,687.44,687.44,CARC:59915736,True
CARC:52962950,duplicate_invoice,"Duplicate of invoice 0300975 (same BOL digits): total $966.43 vs $966.43, received 30 days after the first copy (2025-08-31)",966.43,SHP05987,966.43,966.43,CARC:21868273,True
CARC:56253256,duplicate_invoice,"Duplicate of invoice 0300407 (same BOL digits): total $95.00 vs $546.84, received 14 days after the first copy (2025-05-01)",95.0,SHP02710,95.0,546.84,CARC:71069340,True
CARC:56923106,duplicate_invoice,"Duplicate of invoice 0301449 (same BOL digits): total $709.02 vs $709.02, received 29 days after the first copy (2025-12-03)",709.02,SHP08914,709.02,709.02,CARC:22058879,True
CARC:63205612,duplicate_invoice,"Duplicate of invoice 0301159 (same BOL digits): total $517.65 vs $517.65, received 32 days after the first copy (2025-10-14)",517.65,SHP07233,517.65,517.65,CARC:04532486,True
CARC:64113904,duplicate_invoice,"Duplicate of invoice 0301359 (same BOL digits): total $95.00 vs $740.96, received 28 days after the first copy (2025-11-20)",95.0,SHP08287,95.0,740.96,CARC:93045679,True
CARC:66797335,duplicate_invoice,"Duplicate of invoice 0301569 (same BOL digits): total $398.89 vs $398.89, received 33 days after the first copy (2025-12-26)",398.89,SHP09409,398.89,398.89,CARC:33627593,True
CARC:67571951,duplicate_invoice,"Duplicate of invoice 0300243 (same BOL digits): total $2,182.85 vs $2,182.85, received 32 days after the first copy (2025-03-20)",2182.85,SHP01613,2182.85,2182.85,CARC:50765346,True
CARC:71728094,duplicate_invoice,"Duplicate of invoice 0300309 (same BOL digits): total $937.27 vs $992.85, received 13 days after the first copy (2025-04-06)",937.27,SHP01907,937.27,992.85,CARC:64083938,True
CARC:72515841,duplicate_invoice,"Duplicate of invoice 0300933 (same BOL digits): total $277.08 vs $277.08, received 35 days after the first copy (2025-08-23)",277.08,SHP05714,277.08,277.08,CARC:23805402,True
CARC:73035582,duplicate_invoice,"Duplicate of invoice 0301266 (same BOL digits): total $428.99 vs $428.99, received 12 days after the first copy (2025-11-03)",428.99,SHP07919,428.99,428.99,CARC:86071059,True
CARC:74439772,duplicate_invoice,"Duplicate of invoice 0300548 (same BOL digits): total $1,918.99 vs $1,959.83, received 27 days after the first copy (2025-06-04)",1918.99,SHP03044,1918.99,1959.83,CARC:02581213,True
CARC:76302377,duplicate_invoice,"Duplicate of invoice 0300922 (same BOL digits): total $426.71 vs $426.71, received 10 days after the first copy (2025-08-19)",426.71,SHP05664,426.71,426.71,CARC:53875788,True
CARC:76807122,duplicate_invoice,"Duplicate of invoice 0301170 (same BOL digits): total $411.18 vs $430.04, received 11 days after the first copy (2025-10-15)",411.18,SHP06951,411.18,430.04,CARC:93627435,True
CARC:78381639,duplicate_invoice,"Duplicate of invoice 0301415 (same BOL digits): total $534.95 vs $568.95, received 22 days after the first copy (2025-12-01)",534.95,SHP08743,534.95,568.95,CARC:70612053,True
CARC:82335710,duplicate_invoice,"Duplicate of invoice 0301456 (same BOL digits): total $2,059.93 vs $2,059.93, received 29 days after the first copy (2025-12-08)",2059.93,SHP08910,2059.93,2059.93,CARC:88084421,True
CARC:84798934,duplicate_invoice,"Duplicate of invoice 0300521 (same BOL digits): total $125.00 vs $1,765.26, received 15 days after the first copy (2025-05-26)",125.0,SHP03414,125.0,1765.26,CARC:53443389,True
CARC:85526864,duplicate_invoice,"Duplicate of invoice 0300488 (same BOL digits): total $132.77 vs $132.77, received 32 days after the first copy (2025-05-19)",132.77,SHP03331,132.77,132.77,CARC:22658994,True
CARC:86725849,duplicate_invoice,"Duplicate of invoice 0301594 (same BOL digits): total $95.00 vs $628.81, received 10 days after the first copy (2025-12-30)",95.0,SHP09534,95.0,628.81,CARC:76744975,True
CARC:86898405,duplicate_invoice,"Duplicate of invoice 0300169 (same BOL digits): total $95.00 vs $389.36, received 16 days after the first copy (2025-03-01)",95.0,SHP01032,95.0,389.36,CARC:01071116,True
CARC:86944665,duplicate_invoice,"Duplicate of invoice 0300879 (same BOL digits): total $1,019.54 vs $1,019.54, received 44 days after the first copy (2025-08-07)",1019.54,SHP05387,1019.54,1019.54,CARC:40919894,True
CARC:88837619,duplicate_invoice,"Duplicate of invoice 0300215 (same BOL digits): total $335.53 vs $335.53, received 12 days after the first copy (2025-03-15)",335.53,SHP00792,335.53,335.53,CARC:95722606,True
CARC:89950607,duplicate_invoice,"Duplicate of invoice 0300381 (same BOL digits): total $125.00 vs $410.62, received 28 days after the first copy (2025-04-26)",125.0,SHP02616,125.0,410.62,CARC:79884342,True
CARC:91628125,duplicate_invoice,"Duplicate of invoice 0300985 (same BOL digits): total $323.84 vs $323.84, received 18 days after the first copy (2025-08-29)",323.84,SHP06034,323.84,323.84,CARC:70752693,True
CARC:92524470,duplicate_invoice,"Duplicate of invoice 0301035 (same BOL digits): total $1,527.21 vs $1,629.45, received 16 days after the first copy (2025-09-10)",1527.21,SHP06232,1527.21,1629.45,CARC:69175171,True
CARC:94980630,duplicate_invoice,"Duplicate of invoice 0300961 (same BOL digits): total $136.73 vs $136.73, received 10 days after the first copy (2025-08-25)",136.73,SHP05994,136.73,136.73,CARC:76627707,True
CARC:97915514,duplicate_invoice,"Duplicate of invoice 0301238 (same BOL digits): total $526.35 vs $526.35, received 35 days after the first copy (2025-10-27)",526.35,SHP07739,526.35,526.35,CARC:66207598,True
CARD:03675556,duplicate_invoice,"Duplicate of invoice 0400492 (same BOL digits): total $947.50 vs $947.50, received 14 days after the first copy (2025-05-11)",947.5,SHP02777,947.5,947.5,CARD:20636214,True
CARD:04970123,duplicate_invoice,"Duplicate of invoice 0401769 (same BOL digits): total $395.76 vs $395.76, received 41 days after the first copy (2026-01-13)",395.76,SHP09863,395.76,395.76,CARD:79298602,True
CARD:08347192,duplicate_invoice,"Duplicate of invoice 0401126 (same BOL digits): total $95.00 vs $411.97, received 18 days after the first copy (2025-09-14)",95.0,SHP06244,95.0,411.97,CARD:16664492,True
CARD:10266315,duplicate_invoice,"Duplicate of invoice 0400256 (same BOL digits): total $125.00 vs $693.10, received 19 days after the first copy (2025-03-24)",125.0,SHP01641,125.0,693.1,CARD:55414626,True
CARD:11094538,duplicate_invoice,"Duplicate of invoice 0400002 (same BOL digits): total $763.40 vs $763.40, received 13 days after the first copy (2025-01-18)",763.4,SHP00006,763.4,763.4,CARD:21176129,True
CARD:11293606,duplicate_invoice,"Duplicate of invoice 0401426 (same BOL digits): total $582.20 vs $582.20, received 23 days after the first copy (2025-11-10)",582.2,SHP07880,582.2,582.2,CARD:98406403,True
CARD:11308698,duplicate_invoice,"Duplicate of invoice 0400726 (same BOL digits): total $520.34 vs $544.90, received 27 days after the first copy (2025-06-29)",520.34,SHP04107,520.34,544.9,CARD:83328653,True
CARD:13598029,duplicate_invoice,"Duplicate of invoice 0400730 (same BOL digits): total $659.18 vs $691.05, received 15 days after the first copy (2025-06-26)",659.18,SHP04173,659.18,691.05,CARD:03501284,True
CARD:14040472,duplicate_invoice,"Duplicate of invoice 0400878 (same BOL digits): total $95.00 vs $134.52, received 30 days after the first copy (2025-07-28)",95.0,SHP05325,95.0,134.52,CARD:43018373,True
CARD:16134297,duplicate_invoice,"Duplicate of invoice 0400372 (same BOL digits): total $659.30 vs $703.22, received 21 days after the first copy (2025-04-20)",659.3,SHP02238,659.3,703.22,CARD:70084838,True
CARD:17619802,duplicate_invoice,"Duplicate of invoice 0401178 (same BOL digits): total $95.00 vs $973.27, received 11 days after the first copy (2025-09-24)",95.0,SHP06419,95.0,973.27,CARD:06975888,True
CARD:19919826,duplicate_invoice,"Duplicate of invoice 0400382 (same BOL digits): total $316.52 vs $316.52, received 13 days after the first copy (2025-04-20)",316.52,SHP01360,316.52,316.52,CARD:36277822,True
CARD:20704646,duplicate_invoice,"Duplicate of invoice 0400824 (same BOL digits): total $95.00 vs $300.88, received 23 days after the first copy (2025-07-18)",95.0,SHP03974,95.0,300.88,CARD:16744286,True
CARD:21529810,duplicate_invoice,"Duplicate of invoice 0400898 (same BOL digits): total $229.48 vs $238.62, received 10 days after the first copy (2025-07-31)",229.48,SHP05165,229.48,238.62,CARD:79738242,True
CARD:23101239,duplicate_invoice,"Duplicate of invoice 0401049 (same BOL digits): total $1,540.50 vs $1,540.50, received 31 days after the first copy (2025-08-29)",1540.5,SHP05970,1540.5,1540.5,CARD:76875247,True
CARD:24799408,duplicate_invoice,"Duplicate of invoice 0400827 (same BOL digits): total $680.66 vs $680.66, received 25 days after the first copy (2025-07-16)",680.66,SHP04427,680.66,680.66,CARD:19593603,True
CARD:24868378,duplicate_invoice,"Duplicate of invoice 0400884 (same BOL digits): total $125.00 vs $244.00, received 10 days after the first copy (2025-08-02)",125.0,SHP03336,125.0,244.0,CARD:25686950,True
CARD:25361597,duplicate_invoice,"Duplicate of invoice 0400168 (same BOL digits): total $305.85 vs $325.09, received 22 days after the first copy (2025-03-03)",305.85,SHP00925,305.85,325.09,CARD:29330070,True
CARD:25414673,duplicate_invoice,"Duplicate of invoice 0400108 (same BOL digits): total $95.00 vs $283.81, received 17 days after the first copy (2025-02-21)",95.0,SHP00489,95.0,283.81,CARD:24389542,True
CARD:28493008,duplicate_invoice,"Duplicate of invoice 0400579 (same BOL digits): total $191.25 vs $191.25, received 38 days after the first copy (2025-06-02)",191.25,SHP03314,191.25,191.25,CARD:93761486,True
CARD:29610795,duplicate_invoice,"Duplicate of invoice 0400714 (same BOL digits): total $920.72 vs $920.72, received 12 days after the first copy (2025-06-25)",920.72,SHP04087,920.72,920.72,CARD:66048189,True
CARD:29751684,duplicate_invoice,"Duplicate of invoice 0400420 (same BOL digits): total $95.00 vs $396.90, received 10 days after the first copy (2025-05-02)",95.0,SHP02077,95.0,396.9,CARD:29588763,True
CARD:30073723,duplicate_invoice,"Duplicate of invoice 0401017 (same BOL digits): total $125.00 vs $146.66, received 15 days after the first copy (2025-08-28)",125.0,SHP05700,125.0,146.66,CARD:59827919,True
CARD:32017479,duplicate_invoice,"Duplicate of invoice 0401458 (same BOL digits): total $295.88 vs $295.88, received 31 days after the first copy (2025-11-13)",295.88,SHP07844,295.88,295.88,CARD:08533219,True
CARD:32767940,duplicate_invoice,"Duplicate of invoice 0401431 (same BOL digits): total $144.83 vs $144.83, received 44 days after the first copy (2025-11-08)",144.83,SHP07617,144.83,144.83,CARD:13150009,True
CARD:34566918,duplicate_invoice,"Duplicate of invoice 0400750 (same BOL digits): total $125.00 vs $3,205.24, received 30 days after the first copy (2025-06-30)",125.0,SHP04182,125.0,3205.24,CARD:91728204,True
CARD:35383812,duplicate_invoice,"Duplicate of invoice 0400545 (same BOL digits): total $244.00 vs $244.00, received 24 days after the first copy (2025-05-24)",244.0,SHP02968,244.0,244.0,CARD:56266165,True
CARD:36764326,duplicate_invoice,"Duplicate of invoice 0400398 (same BOL digits): total $1,256.38 vs $1,339.35, received 22 days after the first copy (2025-04-22)",1256.38,SHP02282,1256.38,1339.35,CARD:04170591,True
CARD:37269711,duplicate_invoice,"Duplicate of invoice 0400850 (same BOL digits): total $257.24 vs $257.24, received 10 days after the first copy (2025-07-20)",257.24,SHP05135,257.24,257.24,CARD:61081914,True
CARD:37972270,duplicate_invoice,"Duplicate of invoice 0400966 (same BOL digits): total $1,647.04 vs $1,647.04, received 33 days after the first copy (2025-08-17)",1647.04,SHP05297,1647.04,1647.04,CARD:39924466,True
CARD:38773914,duplicate_invoice,"Duplicate of invoice 0400369 (same BOL digits): total $95.00 vs $132.77, received 18 days after the first copy (2025-04-19)",95.0,SHP02310,95.0,132.77,CARD:34208842,True
CARD:39537848,duplicate_invoice,"Duplicate of invoice 0401360 (same BOL digits): total $378.94 vs $390.18, received 15 days after the first copy (2025-10-28)",378.94,SHP07570,378.94,390.18,CARD:80231599,True
CARD:44404584,duplicate_invoice,"Duplicate of invoice 0400167 (same BOL digits): total $619.83 vs $643.60, received 24 days after the first copy (2025-03-05)",619.83,SHP00986,619.83,643.6,CARD:95375834,True
CARD:46009740,duplicate_invoice,"Duplicate of invoice 0401557 (same BOL digits): total $1,548.76 vs $1,548.76, received 38 days after the first copy (2025-11-29)",1548.76,SHP08738,1548.76,1548.76,CARD:38321122,True
CARD:47801252,duplicate_invoice,"Duplicate of invoice 0400672 (same BOL digits): total $409.03 vs $409.03, received 17 days after the first copy (2025-06-16)",409.03,SHP03442,409.03,409.03,CARD:25745142,True
CARD:49928059,duplicate_invoice,"Duplicate of invoice 0401682 (same BOL digits): total $524.29 vs $524.29, received 16 days after the first copy (2025-12-28)",524.29,SHP08072,524.29,524.29,CARD:60307271,True
CARD:55106772,duplicate_invoice,"Duplicate of invoice 0400776 (same BOL digits): total $133.76 vs $133.76, received 28 days after the first copy (2025-07-07)",133.76,SHP04547,133.76,133.76,CARD:12749943,True
CARD:56719585,duplicate_invoice,"Duplicate of invoice 0400763 (same BOL digits): total $486.95 vs $523.43, received 21 days after the first copy (2025-07-07)",486.95,SHP04316,486.95,523.43,CARD:93919799,True
CARD:57919922,duplicate_invoice,"Duplicate of invoice 0400415 (same BOL digits): total $487.01 vs $487.01, received 16 days after the first copy (2025-04-25)",487.01,SHP02557,487.01,487.01,CARD:34164404,True
CARD:59082700,duplicate_invoice,"Duplicate of invoice 0400367 (same BOL digits): total $468.63 vs $489.44, received 29 days after the first copy (2025-04-19)",468.63,SHP01968,468.63,489.44,CARD:40032928,True
CARD:59646325,duplicate_invoice,"Duplicate of invoice 0401526 (same BOL digits): total $454.53 vs $454.53, received 17 days after the first copy (2025-11-26)",454.53,SHP08512,454.53,454.53,CARD:34621900,True
CARD:65374169,duplicate_invoice,"Duplicate of invoice 0400519 (same BOL digits): total $95.00 vs $171.88, received 29 days after the first copy (2025-05-18)",95.0,SHP02866,95.0,171.88,CARD:48947647,True
CARD:66991178,duplicate_invoice,"Duplicate of invoice 0401097 (same BOL digits): total $527.93 vs $527.93, received 44 days after the first copy (2025-09-06)",527.93,SHP06335,527.93,527.93,CARD:67668193,True
CARD:68422735,duplicate_invoice,"Duplicate of invoice 0400789 (same BOL digits): total $581.38 vs $581.38, received 40 days after the first copy (2025-07-08)",581.38,SHP04506,581.38,581.38,CARD:12260497,True
CARD:68617998,duplicate_invoice,"Duplicate of invoice 0400895 (same BOL digits): total $176.28 vs $190.18, received 26 days after the first copy (2025-08-01)",176.28,SHP04836,176.28,190.18,CARD:70737255,True
CARD:68748435,duplicate_invoice,"Duplicate of invoice 0401491 (same BOL digits): total $95.00 vs $138.71, received 20 days after the first copy (2025-11-18)",95.0,SHP08157,95.0,138.71,CARD:56173182,True
CARD:72294234,duplicate_invoice,"Duplicate of invoice 0400695 (same BOL digits): total $95.00 vs $829.66, received 30 days after the first copy (2025-06-18)",95.0,SHP03938,95.0,829.66,CARD:04965806,True
CARD:73263680,duplicate_invoice,"Duplicate of invoice 0401292 (same BOL digits): total $95.00 vs $587.03, received 13 days after the first copy (2025-10-18)",95.0,SHP07031,95.0,587.03,CARD:76635580,True
CARD:76160469,duplicate_invoice,"Duplicate of invoice 0401434 (same BOL digits): total $95.00 vs $197.93, received 22 days after the first copy (2025-11-10)",95.0,SHP07775,95.0,197.93,CARD:46616977,True
CARD:78724716,duplicate_invoice,"Duplicate of invoice 0400946 (same BOL digits): total $95.00 vs $407.45, received 26 days after the first copy (2025-08-08)",95.0,SHP05337,95.0,407.45,CARD:87170391,True
CARD:79319344,duplicate_invoice,"Duplicate of invoice 0400436 (same BOL digits): total $325.33 vs $342.56, received 19 days after the first copy (2025-05-03)",325.33,SHP02427,325.33,342.56,CARD:24669605,True
CARD:79519601,duplicate_invoice,"Duplicate of invoice 0400935 (same BOL digits): total $1,074.46 vs $1,156.34, received 25 days after the first copy (2025-08-09)",1074.46,SHP04786,1074.46,1156.34,CARD:51354768,True
CARD:80992359,duplicate_invoice,"Duplicate of invoice 0400916 (same BOL digits): total $95.00 vs $735.62, received 10 days after the first copy (2025-08-01)",95.0,SHP05396,95.0,735.62,CARD:61112678,True
CARD:81516535,duplicate_invoice,"Duplicate of invoice 0400994 (same BOL digits): total $125.00 vs $430.13, received 12 days after the first copy (2025-08-22)",125.0,SHP05602,125.0,430.13,CARD:11913967,True
CARD:82238706,duplicate_invoice,"Duplicate of invoice 0401197 (same BOL digits): total $1,121.13 vs $1,193.00, received 20 days after the first copy (2025-09-28)",1121.13,SHP06577,1121.13,1193.0,CARD:99497973,True
CARD:82607787,duplicate_invoice,"Duplicate of invoice 0400171 (same BOL digits): total $580.43 vs $608.80, received 24 days after the first copy (2025-03-06)",580.43,SHP01137,580.43,608.8,CARD:06630746,True
CARD:84502744,duplicate_invoice,"Duplicate of invoice 0401235 (same BOL digits): total $125.00 vs $944.53, received 15 days after the first copy (2025-10-05)",125.0,SHP06819,125.0,944.53,CARD:14389936,True
CARD:85622795,duplicate_invoice,"Duplicate of invoice 0400724 (same BOL digits): total $749.80 vs $784.81, received 18 days after the first copy (2025-06-26)",749.8,SHP03925,749.8,784.81,CARD:62599572,True
CARD:85856360,duplicate_invoice,"Duplicate of invoice 0401147 (same BOL digits): total $95.00 vs $972.97, received 10 days after the first copy (2025-09-16)",95.0,SHP06521,95.0,972.97,CARD:35852010,True
CARD:86968619,duplicate_invoice,"Duplicate of invoice 0400773 (same BOL digits): total $172.16 vs $172.16, received 18 days after the first copy (2025-07-07)",172.16,SHP04362,172.16,172.16,CARD:54000695,True
CARD:89560740,duplicate_invoice,"Duplicate of invoice 0401249 (same BOL digits): total $95.00 vs $1,186.08, received 21 days after the first copy (2025-10-06)",95.0,SHP06954,95.0,1186.08,CARD:58151964,True
CARD:89596037,duplicate_invoice,"Duplicate of invoice 0401368 (same BOL digits): total $866.25 vs $866.25, received 30 days after the first copy (2025-10-30)",866.25,SHP07436,866.25,866.25,CARD:59323328,True
CARD:90845101,duplicate_invoice,"Duplicate of invoice 0401039 (same BOL digits): total $135.74 vs $145.28, received 18 days after the first copy (2025-08-30)",135.74,SHP05501,135.74,145.28,CARD:32283816,True
CARD:90892747,duplicate_invoice,"Duplicate of invoice 0401345 (same BOL digits): total $284.99 vs $284.99, received 32 days after the first copy (2025-10-26)",284.99,SHP07541,284.99,284.99,CARD:13264231,True
CARD:91421260,duplicate_invoice,"Duplicate of invoice 0401016 (same BOL digits): total $358.15 vs $382.83, received 25 days after the first copy (2025-08-27)",358.15,SHP05745,358.15,382.83,CARD:76461079,True
CARD:91496825,duplicate_invoice,"Duplicate of invoice 0400277 (same BOL digits): total $555.94 vs $574.27, received 28 days after the first copy (2025-04-01)",555.94,SHP01791,555.94,574.27,CARD:75951244,True
CARD:94157951,duplicate_invoice,"Duplicate of invoice 0401779 (same BOL digits): total $332.78 vs $332.78, received 30 days after the first copy (2026-01-12)",332.78,SHP09568,332.78,332.78,CARD:66096376,True
CARD:97328194,duplicate_invoice,"Duplicate of invoice 0401080 (same BOL digits): total $959.18 vs $959.18, received 32 days after the first copy (2025-09-04)",959.18,SHP04623,959.18,959.18,CARD:80700920,True
CARD:98243770,duplicate_invoice,"Duplicate of invoice 0400415 (same BOL digits): total $125.00 vs $487.01, received 11 days after the first copy (2025-04-25)",125.0,SHP02557,125.0,487.01,CARD:34164404,True
CARE:00478712,duplicate_invoice,"Duplicate of invoice 0501171 (same BOL digits): total $2,441.26 vs $2,441.26, received 23 days after the first copy (2025-10-30)",2441.26,SHP07696,2441.26,2441.26,CARE:02654144,True
CARE:00621860,duplicate_invoice,"Duplicate of invoice 0500369 (same BOL digits): total $95.00 vs $496.96, received 16 days after the first copy (2025-04-28)",95.0,SHP02591,95.0,496.96,CARE:93928624,True
CARE:03260516,duplicate_invoice,"Duplicate of invoice 0501125 (same BOL digits): total $256.21 vs $272.69, received 18 days after the first copy (2025-10-24)",256.21,SHP07354,256.21,272.69,CARE:18672987,True
CARE:04025140,duplicate_invoice,"Duplicate of invoice 0500803 (same BOL digits): total $1,527.40 vs $1,527.40, received 13 days after the first copy (2025-08-10)",1527.4,SHP05533,1527.4,1527.4,CARE:59135264,True
CARE:06682417,duplicate_invoice,"Duplicate of invoice 0500663 (same BOL digits): total $135.90 vs $135.90, received 44 days after the first copy (2025-07-04)",135.9,SHP04372,135.9,135.9,CARE:13286494,True
CARE:08646063,duplicate_invoice,"Duplicate of invoice 0501507 (same BOL digits): total $125.00 vs $728.31, received 16 days after the first copy (2026-01-18)",125.0,SHP09898,125.0,728.31,CARE:33826119,True
CARE:10448483,duplicate_invoice,"Duplicate of invoice 0501271 (same BOL digits): total $368.81 vs $380.42, received 24 days after the first copy (2025-11-21)",368.81,SHP08587,368.81,380.42,CARE:98016273,True
CARE:10484204,duplicate_invoice,"Duplicate of invoice 0500988 (same BOL digits): total $125.00 vs $1,256.55, received 26 days after the first copy (2025-09-24)",125.0,SHP06563,125.0,1256.55,CARE:74205414,True
CARE:11038100,duplicate_invoice,"Duplicate of invoice 0500214 (same BOL digits): total $1,067.04 vs $1,067.04, received 24 days after the first copy (2025-03-23)",1067.04,SHP01429,1067.04,1067.04,CARE:70244410,True
CARE:12756338,duplicate_invoice,"Duplicate of invoice 0501393 (same BOL digits): total $1,181.36 vs $1,181.36, received 18 days after the first copy (2025-12-22)",1181.36,SHP08958,1181.36,1181.36,CARE:56074872,True
CARE:13759078,duplicate_invoice,"Duplicate of invoice 0500228 (same BOL digits): total $606.24 vs $606.24, received 37 days after the first copy (2025-03-26)",606.24,SHP00900,606.24,606.24,CARE:41459385,True
CARE:14636375,duplicate_invoice,"Duplicate of invoice 0501199 (same BOL digits): total $125.00 vs $1,658.95, received 14 days after the first copy (2025-11-10)",125.0,SHP08156,125.0,1658.95,CARE:03668877,True
CARE:16140304,duplicate_invoice,"Duplicate of invoice 0500260 (same BOL digits): total $547.14 vs $547.14, received 10 days after the first copy (2025-04-03)",547.14,SHP01852,547.14,547.14,CARE:74189473,True
CARE:16919393,duplicate_invoice,"Duplicate of invoice 0501176 (same BOL digits): total $202.39 vs $202.39, received 19 days after the first copy (2025-11-04)",202.39,SHP07703,202.39,202.39,CARE:83451574,True
CARE:16960796,duplicate_invoice,"Duplicate of invoice 0500301 (same BOL digits): total $1,717.23 vs $1,772.83, received 12 days after the first copy (2025-04-15)",1717.23,SHP01976,1717.23,1772.83,CARE:38326552,True
CARE:20137262,duplicate_invoice,"Duplicate of invoice 0500071 (same BOL digits): total $575.65 vs $575.65, received 40 days after the first copy (2025-02-10)",575.65,SHP00660,575.65,575.65,CARE:06268045,True
CARE:21241763,duplicate_invoice,"Duplicate of invoice 0501273 (same BOL digits): total $742.73 vs $742.73, received 26 days after the first copy (2025-11-26)",742.73,SHP07938,742.73,742.73,CARE:34566678,True
CARE:26127949,duplicate_invoice,"Duplicate of invoice 0501032 (same BOL digits): total $95.00 vs $725.46, received 18 days after the first copy (2025-10-04)",95.0,SHP06617,95.0,725.46,CARE:35807687,True
CARE:26175272,duplicate_invoice,"Duplicate of invoice 0501168 (same BOL digits): total $732.00 vs $767.50, received 21 days after the first copy (2025-10-29)",732.0,SHP07683,732.0,767.5,CARE:57106032,True
CARE:29660037,duplicate_invoice,"Duplicate of invoice 0500292 (same BOL digits): total $382.06 vs $402.97, received 20 days after the first copy (2025-04-15)",382.06,SHP01820,382.06,402.97,CARE:92819246,True
CARE:30092822,duplicate_invoice,"Duplicate of invoice 0501397 (same BOL digits): total $220.43 vs $232.20, received 18 days after the first copy (2025-12-23)",220.43,SHP09553,220.43,232.2,CARE:84746344,True
CARE:30333421,duplicate_invoice,"Duplicate of invoice 0501253 (same BOL digits): total $125.00 vs $685.29, received 17 days after the first copy (2025-11-20)",125.0,SHP07575,125.0,685.29,CARE:08928915,True
CARE:33205281,duplicate_invoice,"Duplicate of invoice 0500568 (same BOL digits): total $95.00 vs $702.31, received 19 days after the first copy (2025-06-16)",95.0,SHP04042,95.0,702.31,CARE:82026504,True
CARE:34529863,duplicate_invoice,"Duplicate of invoice 0501340 (same BOL digits): total $95.00 vs $784.68, received 30 days after the first copy (2025-12-07)",95.0,SHP09043,95.0,784.68,CARE:53124664,True
CARE:34613520,duplicate_invoice,"Duplicate of invoice 0500507 (same BOL digits): total $95.00 vs $133.76, received 16 days after the first copy (2025-06-07)",95.0,SHP03404,95.0,133.76,CARE:26349893,True
CARE:36643829,duplicate_invoice,"Duplicate of invoice 0501242 (same BOL digits): total $1,146.03 vs $1,146.03, received 39 days after the first copy (2025-11-16)",1146.03,SHP07962,1146.03,1146.03,CARE:96492187,True
CARE:38056317,duplicate_invoice,"Duplicate of invoice 0501042 (same BOL digits): total $125.00 vs $413.41, received 11 days after the first copy (2025-10-02)",125.0,SHP06855,125.0,413.41,CARE:25909510,True
CARE:38409195,duplicate_invoice,"Duplicate of invoice 0501015 (same BOL digits): total $95.00 vs $1,053.41, received 27 days after the first copy (2025-09-27)",95.0,SHP06516,95.0,1053.41,CARE:50095101,True
CARE:41869646,duplicate_invoice,"Duplicate of invoice 0500936 (same BOL digits): total $125.00 vs $529.24, received 16 days after the first copy (2025-09-14)",125.0,SHP06203,125.0,529.24,CARE:47949098,True
CARE:44621757,duplicate_invoice,"Duplicate of invoice 0500256 (same BOL digits): total $95.00 vs $132.77, received 22 days after the first copy (2025-03-31)",95.0,SHP01945,95.0,132.77,CARE:23201362,True
CARE:44908854,duplicate_invoice,"Duplicate of invoice 0500157 (same BOL digits): total $379.63 vs $398.76, received 30 days after the first copy (2025-03-10)",379.63,SHP00981,379.63,398.76,CARE:15958732,True
CARE:46037876,duplicate_invoice,"Duplicate of invoice 0501293 (same BOL digits): total $95.00 vs $252.45, received 26 days after the first copy (2025-11-26)",95.0,SHP08642,95.0,252.45,CARE:54977986,True
CARE:47748661,duplicate_invoice,"Duplicate of invoice 0501490 (same BOL digits): total $125.00 vs $326.76, received 29 days after the first copy (2026-01-14)",125.0,SHP09830,125.0,326.76,CARE:87556508,True
CARE:48758500,duplicate_invoice,"Duplicate of invoice 0500926 (same BOL digits): total $2,032.90 vs $2,119.94, received 11 days after the first copy (2025-09-11)",2032.9,SHP06054,2032.9,2119.94,CARE:35800311,True
CARE:49043793,duplicate_invoice,"Duplicate of invoice 0500883 (same BOL digits): total $95.00 vs $439.02, received 24 days after the first copy (2025-08-31)",95.0,SHP05815,95.0,439.02,CARE:05483692,True
CARE:51393970,duplicate_invoice,"Duplicate of invoice 0500376 (same BOL digits): total $1,165.27 vs $1,165.27, received 38 days after the first copy (2025-04-30)",1165.27,SHP02706,1165.27,1165.27,CARE:77343009,True
CARE:57855985,duplicate_invoice,"Duplicate of invoice 0500048 (same BOL digits): total $902.08 vs $902.08, received 45 days after the first copy (2025-02-04)",902.08,SHP00386,902.08,902.08,CARE:47073854,True
CARE:59244762,duplicate_invoice,"Duplicate of invoice 0500834 (same BOL digits): total $95.00 vs $323.32, received 29 days after the first copy (2025-08-17)",95.0,SHP05643,95.0,323.32,CARE:58734539,True
CARE:59732005,duplicate_invoice,"Duplicate of invoice 0500285 (same BOL digits): total $158.23 vs $158.23, received 30 days after the first copy (2025-04-11)",158.23,SHP02170,158.23,158.23,CARE:44049395,True
CARE:63044437,duplicate_invoice,"Duplicate of invoice 0500761 (same BOL digits): total $225.61 vs $225.61, received 7 days after the first copy (2025-08-01)",225.61,SHP05191,225.61,225.61,CARE:75277839,True
CARE:66913749,duplicate_invoice,"Duplicate of invoice 0500947 (same BOL digits): total $313.02 vs $326.11, received 19 days after the first copy (2025-09-17)",313.02,SHP06018,313.02,326.11,CARE:86596143,True
CARE:69904303,duplicate_invoice,"Duplicate of invoice 0500898 (same BOL digits): total $458.73 vs $458.73, received 39 days after the first copy (2025-09-05)",458.73,SHP05977,458.73,458.73,CARE:12615337,True
CARE:73676115,duplicate_invoice,"Duplicate of invoice 0500159 (same BOL digits): total $95.00 vs $258.44, received 28 days after the first copy (2025-03-08)",95.0,SHP01136,95.0,258.44,CARE:52794377,True
CARE:80318283,duplicate_invoice,"Duplicate of invoice 0501123 (same BOL digits): total $95.00 vs $656.05, received 20 days after the first copy (2025-10-21)",95.0,SHP06880,95.0,656.05,CARE:49206413,True
CARE:80405562,duplicate_invoice,"Duplicate of invoice 0501172 (same BOL digits): total $1,300.29 vs $1,333.26, received 24 days after the first copy (2025-11-03)",1300.29,SHP07820,1300.29,1333.26,CARE:36064206,True
CARE:85782087,duplicate_invoice,"Duplicate of invoice 0500340 (same BOL digits): total $502.46 vs $514.13, received 11 days after the first copy (2025-04-23)",502.46,SHP02049,502.46,514.13,CARE:06953137,True
CARE:88358155,duplicate_invoice,"Duplicate of invoice 0501281 (same BOL digits): total $125.00 vs $469.06, received 13 days after the first copy (2025-11-26)",125.0,SHP08677,125.0,469.06,CARE:53161490,True
CARE:88916965,duplicate_invoice,"Duplicate of invoice 0501247 (same BOL digits): total $238.48 vs $245.40, received 25 days after the first copy (2025-11-22)",238.48,SHP08119,238.48,245.4,CARE:28615660,True
CARE:89496324,duplicate_invoice,"Duplicate of invoice 0500052 (same BOL digits): total $125.00 vs $532.97, received 22 days after the first copy (2025-02-04)",125.0,SHP00357,125.0,532.97,CARE:35435180,True
CARE:96113317,duplicate_invoice,"Duplicate of invoice 0500499 (same BOL digits): total $95.00 vs $285.89, received 28 days after the first copy (2025-06-02)",95.0,SHP03466,95.0,285.89,CARE:23643119,True
CARE:96743552,duplicate_invoice,"Duplicate of invoice 0500650 (same BOL digits): total $609.29 vs $656.85, received 16 days after the first copy (2025-07-01)",609.29,SHP04470,609.29,656.85,CARE:03085769,True
CARE:97943428,duplicate_invoice,"Duplicate of invoice 0500922 (same BOL digits): total $1,056.05 vs $1,056.05, received 44 days after the first copy (2025-09-07)",1056.05,SHP06301,1056.05,1056.05,CARE:66555208,True
CARF:00219557,duplicate_invoice,"Duplicate of invoice 0600267 (same BOL digits): total $150.00 vs $5,691.37, received 22 days after the first copy (2025-06-09)",150.0,SHP03672,150.0,5691.37,CARF:54610639,True
CARF:11060006,duplicate_invoice,"Duplicate of invoice 0600450 (same BOL digits): total $2,833.40 vs $2,995.26, received 25 days after the first copy (2025-08-31)",2833.4,SHP05991,2833.4,2995.26,CARF:09092659,True
CARF:12331481,duplicate_invoice,"Duplicate of invoice 0600726 (same BOL digits): total $2,942.34 vs $3,057.82, received 26 days after the first copy (2026-01-07)",2942.34,SHP09770,2942.34,3057.82,CARF:53654357,True
CARF:14284536,duplicate_invoice,"Duplicate of invoice 0600267 (same BOL digits): total $5,691.37 vs $5,691.37, received 32 days after the first copy (2025-06-09)",5691.37,SHP03672,5691.37,5691.37,CARF:54610639,True
CARF:20226484,duplicate_invoice,"Duplicate of invoice 0600138 (same BOL digits): total $6,491.48 vs $6,689.39, received 22 days after the first copy (2025-04-10)",6491.48,SHP01943,6491.48,6689.39,CARF:50518726,True
CARF:23286198,duplicate_invoice,"Duplicate of invoice 0600369 (same BOL digits): total $4,826.49 vs $5,126.02, received 12 days after the first copy (2025-07-20)",4826.49,SHP04905,4826.49,5126.02,CARF:56131851,True
CARF:26203604,duplicate_invoice,"Duplicate of invoice 0600648 (same BOL digits): total $2,927.74 vs $2,927.74, received 22 days after the first copy (2025-11-27)",2927.74,SHP08793,2927.74,2927.74,CARF:04582152,True
CARF:46717115,duplicate_invoice,"Duplicate of invoice 0600741 (same BOL digits): total $5,606.76 vs $5,783.34, received 14 days after the first copy (2026-01-22)",5606.76,SHP09463,5606.76,5783.34,CARF:31894504,True
CARF:47478524,duplicate_invoice,"Duplicate of invoice 0600543 (same BOL digits): total $3,546.43 vs $3,760.24, received 14 days after the first copy (2025-10-10)",3546.43,SHP06871,3546.43,3760.24,CARF:58655174,True
CARF:49537359,duplicate_invoice,"Duplicate of invoice 0600524 (same BOL digits): total $3,371.62 vs $3,495.67, received 21 days after the first copy (2025-09-28)",3371.62,SHP06785,3371.62,3495.67,CARF:07714215,True
CARF:58208346,duplicate_invoice,"Duplicate of invoice 0600395 (same BOL digits): total $841.31 vs $841.31, received 42 days after the first copy (2025-08-02)",841.31,SHP04611,841.31,841.31,CARF:66663075,True
CARF:78356934,duplicate_invoice,"Duplicate of invoice 0600215 (same BOL digits): total $909.84 vs $909.84, received 32 days after the first copy (2025-05-17)",909.84,SHP03204,909.84,909.84,CARF:11261618,True
CARF:87443240,duplicate_invoice,"Duplicate of invoice 0600028 (same BOL digits): total $150.00 vs $622.36, received 27 days after the first copy (2025-02-05)",150.0,SHP00662,150.0,622.36,CARF:13566309,True
CARF:87561514,duplicate_invoice,"Duplicate of invoice 0600065 (same BOL digits): total $2,174.46 vs $2,174.46, received 30 days after the first copy (2025-02-26)",2174.46,SHP01154,2174.46,2174.46,CARF:00284044,True
CARF:95377056,duplicate_invoice,"Duplicate of invoice 0600330 (same BOL digits): total $1,741.96 vs $1,741.96, received 26 days after the first copy (2025-07-05)",1741.96,SHP04624,1741.96,1741.96,CARF:12953349,True
CARF:97846860,duplicate_invoice,"Duplicate of invoice 0600639 (same BOL digits): total $943.48 vs $982.05, received 26 days after the first copy (2025-12-01)",943.48,SHP08375,943.48,982.05,CARF:58799357,True
CARG:00528255,duplicate_invoice,"Duplicate of invoice 0700386 (same BOL digits): total $740.58 vs $740.58, received 33 days after the first copy (2025-08-06)",740.58,SHP05257,740.58,740.58,CARG:05747826,True
CARG:01576514,duplicate_invoice,"Duplicate of invoice 0700075 (same BOL digits): total $528.33 vs $528.33, received 16 days after the first copy (2025-03-08)",528.33,SHP00704,528.33,528.33,CARG:41264979,True
CARG:01725254,duplicate_invoice,"Duplicate of invoice 0700723 (same BOL digits): total $5,548.50 vs $5,830.86, received 28 days after the first copy (2026-01-11)",5548.5,SHP09978,5548.5,5830.86,CARG:57339208,True
CARG:10563028,duplicate_invoice,"Duplicate of invoice 0700051 (same BOL digits): total $6,101.32 vs $6,468.82, received 30 days after the first copy (2025-02-23)",6101.32,SHP00673,6101.32,6468.82,CARG:36586944,True
CARG:22601768,duplicate_invoice,"Duplicate of invoice 0700486 (same BOL digits): total $537.95 vs $537.95, received 45 days after the first copy (2025-09-28)",537.95,SHP06480,537.95,537.95,CARG:86641811,True
CARG:29562422,duplicate_invoice,"Duplicate of invoice 0700500 (same BOL digits): total $225.00 vs $1,954.66, received 12 days after the first copy (2025-10-04)",225.0,SHP06623,225.0,1954.66,CARG:26064730,True
CARG:30001298,duplicate_invoice,"Duplicate of invoice 0700473 (same BOL digits): total $3,733.24 vs $3,733.24, received 18 days after the first copy (2025-09-26)",3733.24,SHP06593,3733.24,3733.24,CARG:30919989,True
CARG:33932550,duplicate_invoice,"Duplicate of invoice 0700478 (same BOL digits): total $1,954.66 vs $2,056.16, received 20 days after the first copy (2025-09-29)",1954.66,SHP06680,1954.66,2056.16,CARG:97602015,True
CARG:38385222,duplicate_invoice,"Duplicate of invoice 0700117 (same BOL digits): total $3,699.63 vs $3,699.63, received 29 days after the first copy (2025-03-26)",3699.63,SHP01766,3699.63,3699.63,CARG:62384007,True
CARG:38838676,duplicate_invoice,"Duplicate of invoice 0700472 (same BOL digits): total $539.00 vs $539.00, received 29 days after the first copy (2025-09-26)",539.0,SHP06318,539.0,539.0,CARG:12059787,True
CARG:42850616,duplicate_invoice,"Duplicate of invoice 0700257 (same BOL digits): total $2,792.61 vs $2,792.61, received 43 days after the first copy (2025-05-30)",2792.61,SHP03194,2792.61,2792.61,CARG:08610642,True
CARG:48028800,duplicate_invoice,"Duplicate of invoice 0700288 (same BOL digits): total $3,791.87 vs $3,860.88, received 28 days after the first copy (2025-06-11)",3791.87,SHP03713,3791.87,3860.88,CARG:02806789,True
CARG:56701105,duplicate_invoice,"Duplicate of invoice 0700595 (same BOL digits): total $1,010.95 vs $1,010.95, received 45 days after the first copy (2025-11-06)",1010.95,SHP08062,1010.95,1010.95,CARG:55296897,True
CARG:61266377,duplicate_invoice,"Duplicate of invoice 0700219 (same BOL digits): total $3,065.55 vs $3,065.55, received 17 days after the first copy (2025-05-11)",3065.55,SHP02797,3065.55,3065.55,CARG:95837919,True
CARG:64064907,duplicate_invoice,"Duplicate of invoice 0700124 (same BOL digits): total $977.34 vs $977.34, received 21 days after the first copy (2025-04-02)",977.34,SHP01589,977.34,977.34,CARG:76698588,True
CARG:67318448,duplicate_invoice,"Duplicate of invoice 0700627 (same BOL digits): total $2,820.09 vs $2,883.65, received 10 days after the first copy (2025-11-30)",2820.09,SHP08038,2820.09,2883.65,CARG:00765892,True
CARG:70525462,duplicate_invoice,"Duplicate of invoice 0700681 (same BOL digits): total $5,639.79 vs $5,639.79, received 18 days after the first copy (2025-12-24)",5639.79,SHP09077,5639.79,5639.79,CARG:93238050,True
CARG:80105573,duplicate_invoice,"Duplicate of invoice 0700694 (same BOL digits): total $537.42 vs $537.42, received 12 days after the first copy (2026-01-01)",537.42,SHP09641,537.42,537.42,CARG:46112583,True
CARG:99551723,duplicate_invoice,"Duplicate of invoice 0700013 (same BOL digits): total $3,757.94 vs $3,757.94, received 9 days after the first copy (2025-01-27)",3757.94,SHP00026,3757.94,3757.94,CARG:41164508,True
CARH:00540071,duplicate_invoice,"Duplicate of invoice 0800402 (same BOL digits): total $4,793.91 vs $4,793.91, received 12 days after the first copy (2025-11-13)",4793.91,SHP07381,4793.91,4793.91,CARH:71481738,True
CARH:01769931,duplicate_invoice,"Duplicate of invoice 0800325 (same BOL digits): total $1,183.12 vs $1,246.20, received 23 days after the first copy (2025-09-25)",1183.12,SHP05783,1183.12,1246.2,CARH:11304892,True
CARH:03144049,duplicate_invoice,"Duplicate of invoice 0800361 (same BOL digits): total $550.02 vs $578.20, received 19 days after the first copy (2025-10-20)",550.02,SHP07417,550.02,578.2,CARH:41230734,True
CARH:04364972,duplicate_invoice,"Duplicate of invoice 0800007 (same BOL digits): total $706.94 vs $751.46, received 14 days after the first copy (2025-02-02)",706.94,SHP00288,706.94,751.46,CARH:61293885,True
CARH:11707978,duplicate_invoice,"Duplicate of invoice 0800146 (same BOL digits): total $1,384.09 vs $1,408.10, received 10 days after the first copy (2025-05-20)",1384.09,SHP03131,1384.09,1408.1,CARH:88482027,True
CARH:22403251,duplicate_invoice,"Duplicate of invoice 0800218 (same BOL digits): total $4,518.63 vs $4,611.89, received 18 days after the first copy (2025-07-16)",4518.63,SHP04404,4518.63,4611.89,CARH:84096527,True
CARH:23891557,duplicate_invoice,"Duplicate of invoice 0800333 (same BOL digits): total $150.00 vs $1,590.67, received 21 days after the first copy (2025-10-01)",150.0,SHP06427,150.0,1590.67,CARH:29006923,True
CARH:27323335,duplicate_invoice,"Duplicate of invoice 0800498 (same BOL digits): total $4,534.10 vs $4,811.88, received 25 days after the first copy (2026-01-07)",4534.1,SHP09495,4534.1,4811.88,CARH:96149196,True
CARH:36317713,duplicate_invoice,"Duplicate of invoice 0800503 (same BOL digits): total $225.00 vs $4,534.10, received 23 days after the first copy (2026-01-05)",225.0,SHP09505,225.0,4534.1,CARH:32374607,True
CARH:46846739,duplicate_invoice,"Duplicate of invoice 0800268 (same BOL digits): total $718.94 vs $718.94, received 5 days after the first copy (2025-08-24)",718.94,SHP05194,718.94,718.94,CARH:61558163,True
CARH:48561794,duplicate_invoice,"Duplicate of invoice 0800076 (same BOL digits): total $656.93 vs $696.59, received 10 days after the first copy (2025-04-03)",656.93,SHP00963,656.93,696.59,CARH:86486527,True
CARH:50097456,duplicate_invoice,"Duplicate of invoice 0800408 (same BOL digits): total $4,725.17 vs $4,725.17, received 16 days after the first copy (2025-11-15)",4725.17,SHP07741,4725.17,4725.17,CARH:93213416,True
CARH:57053639,duplicate_invoice,"Duplicate of invoice 0800093 (same BOL digits): total $1,312.36 vs $1,312.36, received 5 days after the first copy (2025-04-13)",1312.36,SHP01988,1312.36,1312.36,CARH:14441256,True
CARH:88757223,duplicate_invoice,"Duplicate of invoice 0800312 (same BOL digits): total $1,346.42 vs $1,346.42, received 44 days after the first copy (2025-09-19)",1346.42,SHP05923,1346.42,1346.42,CARH:42441343,True
CARH:89885700,duplicate_invoice,"Duplicate of invoice 0800383 (same BOL digits): total $300.00 vs $3,883.62, received 17 days after the first copy (2025-11-01)",300.0,SHP07229,300.0,3883.62,CARH:62102589,True
CARH:93570292,duplicate_invoice,"Duplicate of invoice 0800453 (same BOL digits): total $4,757.38 vs $4,757.38, received 41 days after the first copy (2025-12-14)",4757.38,SHP08753,4757.38,4757.38,CARH:97248745,True
CARH:96211391,duplicate_invoice,"Duplicate of invoice 0800460 (same BOL digits): total $4,757.38 vs $4,757.38, received 33 days after the first copy (2025-12-19)",4757.38,SHP08717,4757.38,4757.38,CARH:33222739,True
CARH:96536186,duplicate_invoice,"Duplicate of invoice 0800407 (same BOL digits): total $4,595.14 vs $4,595.14, received 16 days after the first copy (2025-11-12)",4595.14,SHP08192,4595.14,4595.14,CARH:23377476,True
CARA:03025227,phantom_invoice,"No shipment matches BOL 3494985 (Dallas → Los Angeles, shipped 2025-12-13, 2,807 lb); whole invoice $1,893.54 in question",1893.54,,1893.54,0.0,,True
CARA:08822943,phantom_invoice,"No shipment matches BOL 41560831 (Dallas → Philadelphia, shipped 2025-02-08, 286 lb); whole invoice $302.81 in question",302.81,,302.81,0.0,,True
CARA:14401101,phantom_invoice,"No shipment matches BOL 18987858 (Memphis → Houston, shipped 2025-01-24, 1,902 lb); whole invoice $633.19 in question",633.19,,633.19,0.0,,True
CARA:15254921,phantom_invoice,"No shipment matches BOL 41560831 (Dallas → Philadelphia, shipped 2025-02-08, 286 lb); whole invoice $95.00 in question",95.0,,95.0,0.0,,False
CARA:25727949,phantom_invoice,"No shipment matches BOL 6342023 (Dallas → St. Louis, shipped 2025-05-13, 2,325 lb); whole invoice $833.18 in question",833.18,,833.18,0.0,,True
CARA:26832525,phantom_invoice,"No shipment matches BOL 1891627 (Chicago → Nashville, shipped 2025-02-15, 1,414 lb); whole invoice $474.91 in question",474.91,,474.91,0.0,,True
CARA:33863840,phantom_invoice,"No shipment matches BOL 21217034 (Dallas → Philadelphia, shipped 2025-09-28, 2,050 lb); whole invoice $1,437.91 in question",1437.91,,1437.91,0.0,,True
CARA:38984038,phantom_invoice,"No shipment matches BOL 1433168 (Memphis → Seattle, shipped 2025-03-10, 1,297 lb); whole invoice $1,400.17 in question",1400.17,,1400.17,0.0,,True
CARA:41053902,phantom_invoice,"No shipment matches BOL 62438697 (Columbus → Nashville, shipped 2025-05-07, 742 lb); whole invoice $238.59 in question",238.59,,238.59,0.0,,True
CARA:43907653,phantom_invoice,"No shipment matches BOL 80136120 (Dallas → Miami, shipped 2025-06-10, 1,895 lb); whole invoice $1,163.71 in question",1163.71,,1163.71,0.0,,True
CARA:47262462,phantom_invoice,"No shipment matches BOL 22106964 (Chicago → Charlotte, shipped 2025-02-20, 1,973 lb); whole invoice $740.62 in question",740.62,,740.62,0.0,,True
CARA:50636964,phantom_invoice,"No shipment matches BOL 69299384 (Columbus → Nashville, shipped 2025-01-24, 373 lb); whole invoice $140.78 in question",140.78,,140.78,0.0,,True
CARA:66716157,phantom_invoice,"No shipment matches BOL 57598419 (Columbus → Phoenix, shipped 2025-11-06, 1,240 lb); whole invoice $1,317.22 in question",1317.22,,1317.22,0.0,,True
CARA:69006587,phantom_invoice,"No shipment matches BOL 61036252 (Chicago → Nashville, shipped 2025-10-11, 630 lb); whole invoice $254.19 in question",254.19,,254.19,0.0,,True
CARA:70106922,phantom_invoice,"No shipment matches BOL 74324345 (Memphis → Pittsburgh, shipped 2025-01-28, 2,427 lb); whole invoice $957.38 in question",957.38,,957.38,0.0,,True
CARA:92809843,phantom_invoice,"No shipment matches BOL 88644364 (Memphis → Boston, shipped 2025-02-17, 326 lb); whole invoice $327.85 in question",327.85,,327.85,0.0,,True
CARA:93284439,phantom_invoice,"No shipment matches BOL 03941343 (Atlanta → Philadelphia, shipped 2025-04-06, 996 lb); whole invoice $457.57 in question",457.57,,457.57,0.0,,True
CARA:93980615,phantom_invoice,"No shipment matches BOL 9972614 (Dallas → Los Angeles, shipped 2025-11-22, 604 lb); whole invoice $684.20 in question",684.2,,684.2,0.0,,True
CARA:94108635,phantom_invoice,"No shipment matches BOL 8360432 (Chicago → Phoenix, shipped 2025-06-28, 1,928 lb); whole invoice $1,549.62 in question",1549.62,,1549.62,0.0,,True
CARA:97608040,phantom_invoice,"No shipment matches BOL 24625233 (Memphis → Boston, shipped 2025-03-25, 2,002 lb); whole invoice $1,267.25 in question",1267.25,,1267.25,0.0,,True
CARB:03947559,phantom_invoice,"No shipment matches BOL 07693511 (Atlanta → Louisville, shipped 2025-05-19, 430 lb); whole invoice $166.96 in question",166.96,,166.96,0.0,,True
CARB:14570024,phantom_invoice,"No shipment matches BOL 13972759 (Atlanta → Houston, shipped 2025-11-26, 812 lb); whole invoice $466.12 in question",466.12,,466.12,0.0,,True
CARB:20666571,phantom_invoice,"No shipment matches BOL 692801 (Columbus → Pittsburgh, shipped 2025-12-29, 607 lb); whole invoice $135.74 in question",135.74,,135.74,0.0,,True
CARB:27610182,phantom_invoice,"No shipment matches BOL 1519311 (Chicago → Louisville, shipped 2025-12-10, 872 lb); whole invoice $258.54 in question",258.54,,258.54,0.0,,True
CARB:30511017,phantom_invoice,"No shipment matches BOL 04031567 (Columbus → St. Louis, shipped 2025-08-06, 913 lb); whole invoice $336.36 in question",336.36,,336.36,0.0,,True
CARB:30726182,phantom_invoice,"No shipment matches BOL 6211961 (Memphis → Charlotte, shipped 2025-02-20, 541 lb); whole invoice $235.73 in question",235.73,,235.73,0.0,,True
CARB:35003084,phantom_invoice,"No shipment matches BOL 5096248 (Columbus → Nashville, shipped 2025-05-26, 357 lb); whole invoice $134.05 in question",134.05,,134.05,0.0,,True
CARB:41068314,phantom_invoice,"No shipment matches BOL 7143168 (Columbus → Nashville, shipped 2025-01-30, 1,470 lb); whole invoice $408.99 in question",408.99,,408.99,0.0,,True
CARB:41958421,phantom_invoice,"No shipment matches BOL 51642226 (Columbus → New York, shipped 2025-09-29, 1,241 lb); whole invoice $577.59 in question",577.59,,577.59,0.0,,True
CARB:51067438,phantom_invoice,"No shipment matches BOL 7421475 (Atlanta → Philadelphia, shipped 2025-05-13, 1,012 lb); whole invoice $497.16 in question",497.16,,497.16,0.0,,True
CARB:51909739,phantom_invoice,"No shipment matches BOL 53882473 (Atlanta → Denver, shipped 2025-11-14, 828 lb); whole invoice $775.21 in question",775.21,,775.21,0.0,,True
CARB:61492635,phantom_invoice,"No shipment matches BOL 8177854 (Atlanta → Philadelphia, shipped 2025-07-06, 228 lb); whole invoice $247.35 in question",247.35,,247.35,0.0,,True
CARB:72693571,phantom_invoice,"No shipment matches BOL 7272024 (Columbus → St. Louis, shipped 2025-03-03, 790 lb); whole invoice $298.51 in question",298.51,,298.51,0.0,,True
CARB:75782131,phantom_invoice,"No shipment matches BOL 5104234 (Atlanta → Louisville, shipped 2025-05-15, 821 lb); whole invoice $274.15 in question",274.15,,274.15,0.0,,True
CARB:94051833,phantom_invoice,"No shipment matches BOL 572791 (Chicago → Seattle, shipped 2025-02-05, 5,489 lb); whole invoice $4,030.79 in question",4030.79,,4030.79,0.0,,True
CARC:02574057,phantom_invoice,"No shipment matches BOL 81076875 (Dallas → Pittsburgh, shipped 2025-09-10, 279 lb); whole invoice $240.40 in question",240.4,,240.4,0.0,,True
CARC:05073833,phantom_invoice,"No shipment matches BOL 37601235 (Dallas → Detroit, shipped 2025-10-07, 1,577 lb); whole invoice $993.79 in question",993.79,,993.79,0.0,,True
CARC:05940477,phantom_invoice,"No shipment matches BOL 4399809 (Chicago → Orlando, shipped 2025-12-03, 415 lb); whole invoice $335.58 in question",335.58,,335.58,0.0,,True
CARC:06706408,phantom_invoice,"No shipment matches BOL 7785210 (Columbus → Seattle, shipped 2025-05-15, 291 lb); whole invoice $578.22 in question",578.22,,578.22,0.0,,True
CARC:07571356,phantom_invoice,"No shipment matches BOL 51492060 (Atlanta → Kansas City, shipped 2025-08-03, 3,233 lb); whole invoice $1,214.03 in question",1214.03,,1214.03,0.0,,True
CARC:13133785,phantom_invoice,"No shipment matches BOL 7057396 (Dallas → Detroit, shipped 2025-10-31, 3,114 lb); whole invoice $95.00 in question",95.0,,95.0,0.0,,False
CARC:14463114,phantom_invoice,"No shipment matches BOL BOL#73947952 (Chicago → Orlando, shipped 2025-04-11, 3,946 lb); whole invoice $1,938.00 in question",1938.0,,1938.0,0.0,,True
CARC:14715073,phantom_invoice,"No shipment matches BOL 74145898 (Atlanta → Minneapolis, shipped 2025-04-28, 2,642 lb); whole invoice $1,251.63 in question",1251.63,,1251.63,0.0,,True
CARC:16950235,phantom_invoice,"No shipment matches BOL 81130661 (Columbus → Indianapolis, shipped 2025-12-20, 2,137 lb); whole invoice $345.32 in question",345.32,,345.32,0.0,,True
CARC:23657105,phantom_invoice,"No shipment matches BOL 09821989 (Atlanta → Pittsburgh, shipped 2025-09-09, 1,437 lb); whole invoice $613.87 in question",613.87,,613.87,0.0,,True
CARC:25440328,phantom_invoice,"No shipment matches BOL 5220901 (Columbus → Salt Lake City, shipped 2025-05-01, 748 lb); whole invoice $773.46 in question",773.46,,773.46,0.0,,True
CARC:28118583,phantom_invoice,"No shipment matches BOL 3746443 (Chicago → Orlando, shipped 2025-04-20, 817 lb); whole invoice $95.00 in question",95.0,,95.0,0.0,,False
CARC:42826646,phantom_invoice,"No shipment matches BOL 39599648 (Atlanta → Kansas City, shipped 2025-06-25, 2,687 lb); whole invoice $994.38 in question",994.38,,994.38,0.0,,True
CARC:48425434,phantom_invoice,"No shipment matches BOL 81484142 (Columbus → Detroit, shipped 2025-06-07, 977 lb); whole invoice $175.62 in question",175.62,,175.62,0.0,,True
CARC:50638597,phantom_invoice,"No shipment matches BOL 3746443 (Chicago → Orlando, shipped 2025-04-20, 817 lb); whole invoice $542.86 in question",542.86,,542.86,0.0,,True
CARC:51442410,phantom_invoice,"No shipment matches BOL 67459836 (Atlanta → Phoenix, shipped 2025-01-22, 3,741 lb); whole invoice $2,984.22 in question",2984.22,,2984.22,0.0,,True
CARC:52066008,phantom_invoice,"No shipment matches BOL 65412303 (Columbus → Salt Lake City, shipped 2025-08-27, 3,763 lb); whole invoice $2,961.73 in question",2961.73,,2961.73,0.0,,True
CARC:53340006,phantom_invoice,"No shipment matches BOL 85148689 (Chicago → Orlando, shipped 2025-09-19, 1,259 lb); whole invoice $759.98 in question",759.98,,759.98,0.0,,True
CARC:53781792,phantom_invoice,"No shipment matches BOL 7057396 (Dallas → Detroit, shipped 2025-10-31, 3,114 lb); whole invoice $1,656.31 in question",1656.31,,1656.31,0.0,,True
CARC:58741532,phantom_invoice,"No shipment matches BOL 22236680 (Columbus → Seattle, shipped 2025-10-03, 2,699 lb); whole invoice $2,859.12 in question",2859.12,,2859.12,0.0,,True
CARC:60316065,phantom_invoice,"No shipment matches BOL 3465381 (Memphis → St. Louis, shipped 2025-07-27, 611 lb); whole invoice $161.80 in question",161.8,,161.8,0.0,,True
CARC:63673845,phantom_invoice,"No shipment matches BOL 73920488 (Dallas → Pittsburgh, shipped 2025-12-29, 2,820 lb); whole invoice $1,507.84 in question",1507.84,,1507.84,0.0,,True
CARC:63828575,phantom_invoice,"No shipment matches BOL 87725171 (Chicago → Nashville, shipped 2025-07-24, 2,382 lb); whole invoice $694.33 in question",694.33,,694.33,0.0,,True
CARC:64071455,phantom_invoice,"No shipment matches BOL 11191829 (Atlanta → Phoenix, shipped 2025-06-27, 526 lb); whole invoice $576.12 in question",576.12,,576.12,0.0,,True
CARC:66317279,phantom_invoice,"No shipment matches BOL 4419224 (Atlanta → Minneapolis, shipped 2025-03-30, 2,368 lb); whole invoice $1,121.83 in question",1121.83,,1121.83,0.0,,True
CARC:69327175,phantom_invoice,"No shipment matches BOL 51456233 (Dallas → Detroit, shipped 2025-05-24, 211 lb); whole invoice $171.88 in question",171.88,,171.88,0.0,,True
CARC:72123028,phantom_invoice,"No shipment matches BOL 35819282 (Dallas → Detroit, shipped 2025-11-03, 288 lb); whole invoice $243.28 in question",243.28,,243.28,0.0,,True
CARC:72994193,phantom_invoice,"No shipment matches BOL 9381 9912 (Dallas → Charlotte, shipped 2025-11-01, 322 lb); whole invoice $246.19 in question",246.19,,246.19,0.0,,True
CARC:76711278,phantom_invoice,"No shipment matches BOL 7931325 (Columbus → Seattle, shipped 2025-08-26, 885 lb); whole invoice $1,179.36 in question",1179.36,,1179.36,0.0,,True
CARC:77294287,phantom_invoice,"No shipment matches BOL 61185148 (Columbus → Indianapolis, shipped 2025-02-05, 743 lb); whole invoice $157.74 in question",157.74,,157.74,0.0,,True
CARC:77549424,phantom_invoice,"No shipment matches BOL 79559324 (Chicago → Louisville, shipped 2025-06-09, 883 lb); whole invoice $239.43 in question",239.43,,239.43,0.0,,True
CARC:82298374,phantom_invoice,"No shipment matches BOL 44365609 (Dallas → St. Louis, shipped 2025-02-16, 1,052 lb); whole invoice $411.91 in question",411.91,,411.91,0.0,,True
CARC:83993153,phantom_invoice,"No shipment matches BOL 40294574 (Columbus → Indianapolis, shipped 2025-04-05, 2,721 lb); whole invoice $426.95 in question",426.95,,426.95,0.0,,True
CARC:86122666,phantom_invoice,"No shipment matches BOL 58774910 (Atlanta → Kansas City, shipped 2025-10-24, 1,349 lb); whole invoice $604.74 in question",604.74,,604.74,0.0,,True
CARC:87806026,phantom_invoice,"No shipment matches BOL 2601690 (Chicago → Charlotte, shipped 2025-12-28, 1,437 lb); whole invoice $567.80 in question",567.8,,567.8,0.0,,True
CARD:03972374,phantom_invoice,"No shipment matches BOL BOL#44019751 (Atlanta → Indianapolis, shipped 2025-04-21, 977 lb); whole invoice $309.11 in question",309.11,,309.11,0.0,,True
CARD:06269781,phantom_invoice,"No shipment matches BOL BOL#19662022 (Dallas → Phoenix, shipped 2025-06-04, 1,214 lb); whole invoice $631.70 in question",631.7,,631.7,0.0,,True
CARD:09714383,phantom_invoice,"No shipment matches BOL BOL#52108531 (Dallas → Seattle, shipped 2025-03-18, 464 lb); whole invoice $501.39 in question",501.39,,501.39,0.0,,True
CARD:10618528,phantom_invoice,"No shipment matches BOL BOL#87901420 (Memphis → Orlando, shipped 2025-03-24, 288 lb); whole invoice $292.83 in question",292.83,,292.83,0.0,,True
CARD:13346293,phantom_invoice,"No shipment matches BOL BOL#28120246 (Atlanta → Pittsburgh, shipped 2025-03-24, 900 lb); whole invoice $332.65 in question",332.65,,332.65,0.0,,True
CARD:15279094,phantom_invoice,"No shipment matches BOL BOL#08006827 (Columbus → Pittsburgh, shipped 2025-06-26, 694 lb); whole invoice $145.71 in question",145.71,,145.71,0.0,,True
CARD:18287316,phantom_invoice,"No shipment matches BOL BOL#82208283 (Dallas → Seattle, shipped 2025-04-05, 2,616 lb); whole invoice $1,939.03 in question",1939.03,,1939.03,0.0,,True
CARD:24956749,phantom_invoice,"No shipment matches BOL BOL#69547886 (Atlanta → Boston, shipped 2025-08-09, 1,656 lb); whole invoice $950.37 in question",950.37,,950.37,0.0,,True
CARD:25020877,phantom_invoice,"No shipment matches BOL BOL#79595701 (Dallas → Philadelphia, shipped 2025-06-27, 2,771 lb); whole invoice $1,809.94 in question",1809.94,,1809.94,0.0,,True
CARD:28082766,phantom_invoice,"No shipment matches BOL BOL#18369021 (Dallas → Boston, shipped 2025-08-20, 468 lb); whole invoice $485.58 in question",485.58,,485.58,0.0,,True
CARD:42228434,phantom_invoice,"No shipment matches BOL BOL#97980255 (Dallas → Boston, shipped 2025-12-13, 1,537 lb); whole invoice $1,297.99 in question",1297.99,,1297.99,0.0,,True
CARD:46053916,phantom_invoice,"No shipment matches BOL BOL#27245232 (Columbus → Louisville, shipped 2025-04-11, 755 lb); whole invoice $168.32 in question",168.32,,168.32,0.0,,True
CARD:49640109,phantom_invoice,"No shipment matches BOL BOL#5226773 (Atlanta → Kansas City, shipped 2025-06-26, 6,041 lb); whole invoice $1,873.00 in question",1873.0,,1873.0,0.0,,True
CARD:50247499,phantom_invoice,"No shipment matches BOL BOL#98672339 (Dallas → Pittsburgh, shipped 2025-09-04, 871 lb); whole invoice $619.14 in question",619.14,,619.14,0.0,,True
CARD:55590236,phantom_invoice,"No shipment matches BOL BOL#87738926 (Dallas → Philadelphia, shipped 2025-12-15, 1,232 lb); whole invoice $960.63 in question",960.63,,960.63,0.0,,True
CARD:57456690,phantom_invoice,"No shipment matches BOL bol-79121210 (Columbus → Pittsburgh, shipped 2025-09-25, 840 lb); whole invoice $182.85 in question",182.85,,182.85,0.0,,True
CARD:57598876,phantom_invoice,"No shipment matches BOL BOL#4585366 (Columbus → Los Angeles, shipped 2025-08-04, 3,175 lb); whole invoice $2,946.08 in question",2946.08,,2946.08,0.0,,True
CARD:61634023,phantom_invoice,"No shipment matches BOL BOL#79265491 (Memphis → Houston, shipped 2025-10-25, 2,646 lb); whole invoice $808.54 in question",808.54,,808.54,0.0,,True
CARD:63746769,phantom_invoice,"No shipment matches BOL BOL#38544151 (Memphis → Nashville, shipped 2025-09-12, 4,541 lb); whole invoice $742.44 in question",742.44,,742.44,0.0,,True
CARD:85629517,phantom_invoice,"No shipment matches BOL BOL#87258335 (Atlanta → Kansas City, shipped 2025-11-27, 422 lb); whole invoice $250.75 in question",250.75,,250.75,0.0,,True
CARD:90510029,phantom_invoice,"No shipment matches BOL BOL#6077391 (Dallas → Miami, shipped 2025-11-09, 2,780 lb); whole invoice $1,579.82 in question",1579.82,,1579.82,0.0,,True
CARD:92261948,phantom_invoice,"No shipment matches BOL BOL#83176959 (Dallas → Boston, shipped 2025-12-30, 1,180 lb); whole invoice $989.29 in question",989.29,,989.29,0.0,,True
CARD:93500133,phantom_invoice,"No shipment matches BOL BOL-80686468 (Atlanta → Indianapolis, shipped 2025-07-22, 7,500 lb); whole invoice $1,611.30 in question",1611.3,,1611.3,0.0,,True
CARE:13557935,phantom_invoice,"No shipment matches BOL 7789429 (Chicago → Seattle, shipped 2025-04-20, 305 lb); whole invoice $436.09 in question",436.09,,436.09,0.0,,True
CARE:35277053,phantom_invoice,"No shipment matches BOL 4347563 (Atlanta → Detroit, shipped 2025-05-25, 1,070 lb); whole invoice $598.74 in question",598.74,,598.74,0.0,,True
CARE:38921653,phantom_invoice,"No shipment matches BOL bol-60328064 (Dallas → Charlotte, shipped 2025-04-24, 810 lb); whole invoice $532.35 in question",532.35,,532.35,0.0,,True
CARE:42022069,phantom_invoice,"No shipment matches BOL 71609302 (Chicago → Indianapolis, shipped 2025-07-30, 2,277 lb); whole invoice $374.73 in question",374.73,,374.73,0.0,,True
CARE:77765341,phantom_invoice,"No shipment matches BOL 82461310 (Atlanta → Detroit, shipped 2025-07-25, 825 lb); whole invoice $426.26 in question",426.26,,426.26,0.0,,True
CARE:84423850,phantom_invoice,"No shipment matches BOL 6635178 (Atlanta → Detroit, shipped 2025-10-31, 1,819 lb); whole invoice $780.56 in question",780.56,,780.56,0.0,,True
CARF:06010623,phantom_invoice,"No shipment matches BOL 97296995 (Dallas → Pittsburgh, shipped 2025-11-11, 18,155 lb); whole invoice $3,556.90 in question",3556.9,,3556.9,0.0,,True
CARF:09684723,phantom_invoice,"No shipment matches BOL 60489527 (Columbus → New York, shipped 2025-12-21, 17,539 lb); whole invoice $1,531.80 in question",1531.8,,1531.8,0.0,,True
CARF:13554926,phantom_invoice,"No shipment matches BOL 51950957 (Chicago → St. Louis, shipped 2025-02-26, 40,352 lb); whole invoice $836.22 in question",836.22,,836.22,0.0,,True
CARF:21222474,phantom_invoice,"No shipment matches BOL 51818422 (Columbus → New York, shipped 2025-12-14, 22,896 lb); whole invoice $1,535.42 in question",1535.42,,1535.42,0.0,,True
CARF:56336889,phantom_invoice,"No shipment matches BOL 13154664 (Columbus → Salt Lake City, shipped 2025-11-22, 28,734 lb); whole invoice $4,937.69 in question",4937.69,,4937.69,0.0,,True
CARF:63253962,phantom_invoice,"No shipment matches BOL 5047589 (Atlanta → Indianapolis, shipped 2025-04-09, 20,406 lb); whole invoice $1,425.37 in question",1425.37,,1425.37,0.0,,True
CARF:82325822,phantom_invoice,"No shipment matches BOL 52392589 (Dallas → Phoenix, shipped 2025-05-17, 29,928 lb); whole invoice $2,771.16 in question",2771.16,,2771.16,0.0,,True
CARF:88071240,phantom_invoice,"No shipment matches BOL 47128363 (Columbus → Kansas City, shipped 2025-03-11, 19,941 lb); whole invoice $1,977.37 in question",1977.37,,1977.37,0.0,,True
CARF:94328405,phantom_invoice,"No shipment matches BOL 12213671 (Atlanta → Philadelphia, shipped 2025-08-07, 32,048 lb); whole invoice $2,122.95 in question",2122.95,,2122.95,0.0,,True
CARG:01677789,phantom_invoice,"No shipment matches BOL 99377530 (Dallas → Charlotte, shipped 2025-02-09, 34,975 lb); whole invoice $2,797.63 in question",2797.63,,2797.63,0.0,,True
CARG:02665059,phantom_invoice,"No shipment matches BOL 92199145 (Chicago → Indianapolis, shipped 2025-05-16, 32,490 lb); whole invoice $527.58 in question",527.58,,527.58,0.0,,True
CARG:37501437,phantom_invoice,"No shipment matches BOL 137812 (Dallas → Miami, shipped 2025-08-02, 40,458 lb); whole invoice $3,574.00 in question",3574.0,,3574.0,0.0,,True
CARG:38319490,phantom_invoice,"No shipment matches BOL 37909800 (Chicago → Seattle, shipped 2025-11-14, 32,489 lb); whole invoice $5,680.52 in question",5680.52,,5680.52,0.0,,True
CARG:55420910,phantom_invoice,"No shipment matches BOL 59259249 (Chicago → Indianapolis, shipped 2025-03-05, 31,411 lb); whole invoice $528.24 in question",528.24,,528.24,0.0,,True
CARG:63976517,phantom_invoice,"No shipment matches BOL 74664253 (Dallas → Charlotte, shipped 2025-06-12, 22,452 lb); whole invoice $2,809.51 in question",2809.51,,2809.51,0.0,,True
CARG:74873588,phantom_invoice,"No shipment matches BOL 7940448 (Columbus → Seattle, shipped 2025-01-26, 25,351 lb); whole invoice $6,061.95 in question",6061.95,,6061.95,0.0,,True
CARG:79204689,phantom_invoice,"No shipment matches BOL 1243176 (Dallas → Louisville, shipped 2025-11-03, 37,759 lb); whole invoice $2,387.41 in question",2387.41,,2387.41,0.0,,True
CARH:01769931,phantom_invoice,"No shipment matches BOL BOL#5286550 (Chicago → Nashville, shipped 2025-08-08, 22,551 lb); whole invoice $1,183.12 in question",1183.12,,1183.12,0.0,,False
CARH:07407633,phantom_invoice,"No shipment matches BOL BOL#09655285 (Columbus → Nashville, shipped 2025-08-14, 16,106 lb); whole invoice $1,052.20 in question",1052.2,,1052.2,0.0,,True
CARH:11304892,phantom_invoice,"No shipment matches BOL BOL#5286550 (Chicago → Nashville, shipped 2025-08-08, 22,551 lb); whole invoice $1,246.20 in question",1246.2,,1246.2,0.0,,True
CARH:25702515,phantom_invoice,"No shipment matches BOL BOL#99859376 (Atlanta → Boston, shipped 2025-12-05, 38,310 lb); whole invoice $2,930.28 in question",2930.28,,2930.28,0.0,,True
CARH:46967835,phantom_invoice,"No shipment matches BOL BOL#17227475 (Chicago → Phoenix, shipped 2025-09-14, 27,897 lb); whole invoice $4,661.88 in question",4661.88,,4661.88,0.0,,True
CARH:69619882,phantom_invoice,"No shipment matches BOL BOL#92297278 (Atlanta → Pittsburgh, shipped 2025-09-17, 19,682 lb); whole invoice $1,611.43 in question",1611.43,,1611.43,0.0,,True
CARH:78869310,phantom_invoice,"No shipment matches BOL BOL#7570436 (Atlanta → Nashville, shipped 2025-08-23, 37,315 lb); whole invoice $672.87 in question",672.87,,672.87,0.0,,True
CARH:82245933,phantom_invoice,"No shipment matches BOL BOL#4070043 (Columbus → Minneapolis, shipped 2025-05-16, 26,811 lb); whole invoice $1,831.17 in question",1831.17,,1831.17,0.0,,True
CARA:00006338,rate_overcharge,"Linehaul $1,420.03 vs contract $1,342.98 (Memphis → Boston, rate effective 2025-01-01): +$77.05 (+5.7%); est. $95.77 with fuel surcharge",95.77,SHP06380,1420.03,1342.98,,True
CARA:00374283,rate_overcharge,"Linehaul $760.28 vs contract $719.04 (Memphis → Boston, rate effective 2025-01-01): +$41.24 (+5.7%); est. $52.00 with fuel surcharge",52.0,SHP07828,760.28,719.04,,True
CARA:00782063,rate_overcharge,"Linehaul $5,343.38 vs contract $4,826.14 (Memphis → Seattle, rate effective 2025-01-01): +$517.24 (+10.7%); est. $624.31 with fuel surcharge",624.31,SHP01724,5343.38,4826.14,,True
CARA:00965880,rate_overcharge,"Linehaul $912.97 vs contract $770.66 (Dallas → Philadelphia, rate effective 2025-01-01): +$142.31 (+18.5%); est. $176.89 with fuel surcharge",176.89,SHP09693,912.97,770.66,,True
CARA:01375615,rate_overcharge,"Linehaul $2,680.26 vs contract $2,555.42 (Dallas → Miami, rate effective 2025-01-01): +$124.84 (+4.9%); est. $155.18 with fuel surcharge",155.18,SHP06394,2680.26,2555.42,,True
CARA:02770656,rate_overcharge,"Linehaul $723.34 vs contract $670.01 (Chicago → Phoenix, rate effective 2025-01-01): +$53.33 (+8.0%); est. $65.81 with fuel surcharge",65.81,SHP05483,723.34,670.01,,True
CARA:02982706,rate_overcharge,"Linehaul $645.41 vs contract $624.73 (Columbus → Salt Lake City, rate effective 2025-01-01): +$20.68 (+3.3%); est. $25.71 with fuel surcharge",25.71,SHP09360,645.41,624.73,,True
CARA:03724919,rate_overcharge,"Linehaul $1,584.10 vs contract $1,467.40 (Chicago → Phoenix, rate effective 2025-01-01): +$116.70 (+8.0%); est. $142.96 with fuel surcharge",142.96,SHP05162,1584.1,1467.4,,True
CARA:05100939,rate_overcharge,"Linehaul $145.44 vs contract $137.72 (Dallas → Philadelphia, rate effective 2025-01-01): +$7.72 (+5.6%); est. $9.60 with fuel surcharge",9.6,SHP06360,145.44,137.72,,True
CARA:05490520,rate_overcharge,"Linehaul $424.78 vs contract $401.75 (Memphis → Boston, rate effective 2025-01-01): +$23.03 (+5.7%); est. $29.04 with fuel surcharge",29.04,SHP07959,424.78,401.75,,True
CARA:06023016,rate_overcharge,"Linehaul $484.07 vs contract $448.39 (Chicago → Phoenix, rate effective 2025-01-01): +$35.68 (+8.0%); est. $43.71 with fuel surcharge",43.71,SHP04855,484.07,448.39,,True
CARA:06593592,rate_overcharge,"Linehaul $545.92 vs contract $520.51 (Dallas → Miami, rate effective 2025-01-01): +$25.41 (+4.9%); est. $32.04 with fuel surcharge",32.04,SHP08781,545.92,520.51,,True
CARA:07286558,rate_overcharge,"Linehaul $584.45 vs contract $533.31 (Atlanta → Boston, rate effective 2025-01-01): +$51.14 (+9.6%); est. $64.49 with fuel surcharge",64.49,SHP08449,584.45,533.31,,True
CARA:07438084,rate_overcharge,"Linehaul $2,275.09 vs contract $2,026.50 (Dallas → Miami, rate effective 2025-01-01): +$248.59 (+12.3%); est. $300.05 with fuel surcharge",300.05,SHP00096,2275.09,2026.5,,True
CARA:08066962,rate_overcharge,"Linehaul $2,282.60 vs contract $2,114.45 (Chicago → Phoenix, rate effective 2025-01-01): +$168.15 (+8.0%); est. $212.04 with fuel surcharge",212.04,SHP07043,2282.6,2114.45,,True
CARA:08727300,rate_overcharge,"Linehaul $3,032.50 vs contract $2,685.38 (Columbus → Phoenix, rate effective 2025-01-01): +$347.12 (+12.9%); est. $418.97 with fuel surcharge",418.97,SHP01756,3032.5,2685.38,,True
CARA:09016684,rate_overcharge,"Linehaul $286.89 vs contract $269.45 (Atlanta → Philadelphia, rate effective 2025-01-01): +$17.44 (+6.5%); est. $21.99 with fuel surcharge",21.99,SHP07976,286.89,269.45,,True
CARA:09109563,rate_overcharge,"Linehaul $1,110.50 vs contract $1,046.31 (Memphis → Houston, rate effective 2025-01-01): +$64.19 (+6.1%); est. $79.21 with fuel surcharge",79.21,SHP09912,1110.5,1046.31,,True
CARA:09413563,rate_overcharge,"Linehaul $376.29 vs contract $348.56 (Chicago → Phoenix, rate effective 2025-01-01): +$27.73 (+8.0%); est. $34.47 with fuel surcharge",34.47,SHP09607,376.29,348.56,,True
CARA:10238179,rate_overcharge,"Linehaul $611.44 vs contract $528.15 (Columbus → Boston, rate effective 2025-01-01): +$83.29 (+15.8%); est. $105.03 with fuel surcharge",105.03,SHP06837,611.44,528.15,,True
CARA:10401131,rate_overcharge,"Linehaul $491.18 vs contract $400.33 (Memphis → Boston, rate effective 2025-01-01): +$90.85 (+22.7%); est. $109.66 with fuel surcharge",109.66,SHP01759,491.18,400.33,,True
CARA:11686031,rate_overcharge,"Linehaul $2,125.50 vs contract $2,026.50 (Dallas → Miami, rate effective 2025-01-01): +$99.00 (+4.9%); est. $123.95 with fuel surcharge",123.95,SHP09108,2125.5,2026.5,,True
CARA:12295286,rate_overcharge,"Linehaul $374.13 vs contract $356.72 (Dallas → Miami, rate effective 2025-01-01): +$17.41 (+4.9%); est. $21.64 with fuel surcharge",21.64,SHP06037,374.13,356.72,,True
CARA:12788181,rate_overcharge,"Linehaul $1,449.71 vs contract $1,310.40 (Dallas → Boston, rate effective 2025-01-01): +$139.31 (+10.6%); est. $168.15 with fuel surcharge",168.15,SHP01247,1449.71,1310.4,,True
CARA:13909496,rate_overcharge,"Linehaul $404.30 vs contract $365.78 (Dallas → Miami, rate effective 2025-01-01): +$38.52 (+10.5%); est. $46.84 with fuel surcharge",46.84,SHP04468,404.3,365.78,,True
CARA:16413617,rate_overcharge,"Linehaul $548.81 vs contract $481.64 (Dallas → Los Angeles, rate effective 2025-01-01): +$67.17 (+13.9%); est. $82.89 with fuel surcharge",82.89,SHP05473,548.81,481.64,,True
CARA:16673185,rate_overcharge,"Linehaul $1,128.10 vs contract $1,064.81 (Chicago → Phoenix, rate effective 2025-01-01): +$63.29 (+5.9%); est. $76.39 with fuel surcharge",76.39,SHP02918,1128.1,1064.81,,True
CARA:17264600,rate_overcharge,"Linehaul $527.37 vs contract $498.75 (Memphis → Pittsburgh, rate effective 2025-01-01): +$28.62 (+5.7%); est. $36.35 with fuel surcharge",36.35,SHP07563,527.37,498.75,,True
CARA:17496189,rate_overcharge,"Linehaul $478.82 vs contract $465.16 (Atlanta → Philadelphia, rate effective 2025-01-01): +$13.66 (+2.9%); est. $16.98 with fuel surcharge",16.98,SHP05735,478.82,465.16,,True
CARA:19190581,rate_overcharge,"Linehaul $2,775.00 vs contract $2,513.35 (Dallas → Boston, rate effective 2025-01-01): +$261.65 (+10.4%); est. $329.94 with fuel surcharge",329.94,SHP06917,2775.0,2513.35,,True
CARA:20292228,rate_overcharge,"Linehaul $695.02 vs contract $657.32 (Memphis → Boston, rate effective 2025-01-01): +$37.70 (+5.7%); est. $46.86 with fuel surcharge",46.86,SHP06081,695.02,657.32,,True
CARA:20553326,rate_overcharge,"Linehaul $458.56 vs contract $433.69 (Memphis → Boston, rate effective 2025-01-01): +$24.87 (+5.7%); est. $31.58 with fuel surcharge",31.58,SHP07223,458.56,433.69,,True
CARA:20690398,rate_overcharge,"Linehaul $794.64 vs contract $765.99 (Atlanta → Denver, rate effective 2025-01-01): +$28.65 (+3.7%); est. $34.58 with fuel surcharge",34.58,SHP02316,794.64,765.99,,True
CARA:21143854,rate_overcharge,"Linehaul $339.50 vs contract $323.70 (Dallas → Miami, rate effective 2025-01-01): +$15.80 (+4.9%); est. $19.92 with fuel surcharge",19.92,SHP08819,339.5,323.7,,True
CARA:22402943,rate_overcharge,"Linehaul $1,676.44 vs contract $1,487.20 (Dallas → Seattle, rate effective 2025-01-01): +$189.24 (+12.7%); est. $231.82 with fuel surcharge",231.82,SHP04819,1676.44,1487.2,,True
CARA:23105632,rate_overcharge,"Linehaul $231.70 vs contract $202.46 (Columbus → Nashville, rate effective 2025-01-01): +$29.24 (+14.4%); est. $35.29 with fuel surcharge",35.29,SHP02459,231.7,202.46,,True
CARA:23117517,rate_overcharge,"Linehaul $1,386.78 vs contract $1,248.00 (Dallas → St. Louis, rate effective 2025-01-01): +$138.78 (+11.1%); est. $167.51 with fuel surcharge",167.51,SHP01947,1386.78,1248.0,,True
CARA:23189017,rate_overcharge,"Linehaul $310.75 vs contract $298.03 (Memphis → Houston, rate effective 2025-01-01): +$12.72 (+4.3%); est. $16.15 with fuel surcharge",16.15,SHP07592,310.75,298.03,,True
CARA:23712174,rate_overcharge,"Linehaul $1,372.01 vs contract $1,057.18 (Memphis → Seattle, rate effective 2025-01-01): +$314.83 (+29.8%); est. $397.00 with fuel surcharge",397.0,SHP06846,1372.01,1057.18,,True
CARA:23737918,rate_overcharge,"Linehaul $1,038.29 vs contract $890.00 (Memphis → Boston, rate effective 2025-01-01): +$148.29 (+16.7%); est. $188.33 with fuel surcharge",188.33,SHP07726,1038.29,890.0,,True
CARA:24227449,rate_overcharge,"Linehaul $1,787.51 vs contract $1,703.11 (Columbus → Salt Lake City, rate effective 2025-01-01): +$84.40 (+5.0%); est. $101.87 with fuel surcharge",101.87,SHP02912,1787.51,1703.11,,True
CARA:25045859,rate_overcharge,"Linehaul $1,304.79 vs contract $1,203.75 (Atlanta → Louisville, rate effective 2025-01-01): +$101.04 (+8.4%); est. $128.32 with fuel surcharge",128.32,SHP07369,1304.79,1203.75,,True
CARA:25319484,rate_overcharge,"Linehaul $652.60 vs contract $617.20 (Memphis → Boston, rate effective 2025-01-01): +$35.40 (+5.7%); est. $43.36 with fuel surcharge",43.36,SHP04873,652.6,617.2,,True
CARA:27073904,rate_overcharge,"Linehaul $350.36 vs contract $334.06 (Dallas → Miami, rate effective 2025-01-01): +$16.30 (+4.9%); est. $20.55 with fuel surcharge",20.55,SHP07853,350.36,334.06,,True
CARA:27332239,rate_overcharge,"Linehaul $323.21 vs contract $254.26 (Dallas → Los Angeles, rate effective 2025-01-01): +$68.95 (+27.1%); est. $83.22 with fuel surcharge",83.22,SHP00097,323.21,254.26,,True
CARA:27531487,rate_overcharge,"Linehaul $1,732.78 vs contract $1,600.86 (Chicago → Phoenix, rate effective 2025-01-01): +$131.92 (+8.2%); est. $163.98 with fuel surcharge",163.98,SHP09646,1732.78,1600.86,,True
CARA:27786210,rate_overcharge,"Linehaul $481.30 vs contract $445.82 (Chicago → Phoenix, rate effective 2025-01-01): +$35.48 (+8.0%); est. $44.74 with fuel surcharge",44.74,SHP08284,481.3,445.82,,True
CARA:27831186,rate_overcharge,"Linehaul $725.09 vs contract $658.95 (Atlanta → Boston, rate effective 2025-01-01): +$66.14 (+10.0%); est. $79.83 with fuel surcharge",79.83,SHP02667,725.09,658.95,,True
CARA:27944360,rate_overcharge,"Linehaul $665.27 vs contract $634.39 (Dallas → Miami, rate effective 2025-01-01): +$30.88 (+4.9%); est. $38.94 with fuel surcharge",38.94,SHP08138,665.27,634.39,,True
CARA:28297843,rate_overcharge,"Linehaul $412.15 vs contract $385.80 (Chicago → Salt Lake City, rate effective 2025-01-01): +$26.35 (+6.8%); est. $31.80 with fuel surcharge",31.8,SHP02033,412.15,385.8,,True
CARA:29463240,rate_overcharge,"Linehaul $498.17 vs contract $440.52 (Dallas → Los Angeles, rate effective 2025-01-01): +$57.65 (+13.1%); est. $70.10 with fuel surcharge",70.1,SHP04373,498.17,440.52,,True
CARA:29938521,rate_overcharge,"Linehaul $1,070.00 vs contract $991.14 (Chicago → Phoenix, rate effective 2025-01-01): +$78.86 (+8.0%); est. $98.02 with fuel surcharge",98.02,SHP06248,1070.0,991.14,,True
CARA:31907576,rate_overcharge,"Linehaul $449.28 vs contract $393.80 (Columbus → Nashville, rate effective 2025-01-01): +$55.48 (+14.1%); est. $67.46 with fuel surcharge",67.46,SHP04482,449.28,393.8,,True
CARA:32215981,rate_overcharge,"Linehaul $1,134.85 vs contract $1,020.72 (Chicago → Charlotte, rate effective 2025-01-01): +$114.13 (+11.2%); est. $139.81 with fuel surcharge",139.81,SHP04609,1134.85,1020.72,,True
CARA:32215996,rate_overcharge,"Linehaul $410.73 vs contract $378.60 (Columbus → Boston, rate effective 2025-01-01): +$32.13 (+8.5%); est. $38.78 with fuel surcharge",38.78,SHP02618,410.73,378.6,,True
CARA:32364353,rate_overcharge,"Linehaul $736.27 vs contract $681.99 (Chicago → Phoenix, rate effective 2025-01-01): +$54.28 (+8.0%); est. $66.49 with fuel surcharge",66.49,SHP04830,736.27,681.99,,True
CARA:32445325,rate_overcharge,"Linehaul $322.64 vs contract $316.17 (Columbus → Phoenix, rate effective 2025-01-01): +$6.47 (+2.0%); est. $7.93 with fuel surcharge",7.93,SHP05040,322.64,316.17,,True
CARA:32559941,rate_overcharge,"Linehaul $870.82 vs contract $842.40 (Columbus → Phoenix, rate effective 2025-01-01): +$28.42 (+3.4%); est. $35.84 with fuel surcharge",35.84,SHP07894,870.82,842.4,,True
CARA:33284485,rate_overcharge,"Linehaul $225.11 vs contract $187.81 (Columbus → Nashville, rate effective 2025-01-01): +$37.30 (+19.9%); est. $46.36 with fuel surcharge",46.36,SHP06055,225.11,187.81,,True
CARA:33860188,rate_overcharge,"Linehaul $744.10 vs contract $693.97 (Chicago → Phoenix, rate effective 2025-01-01): +$50.13 (+7.2%); est. $60.96 with fuel surcharge",60.96,SHP03714,744.1,693.97,,True
CARA:34056389,rate_overcharge,"Linehaul $954.75 vs contract $902.96 (Memphis → Boston, rate effective 2025-01-01): +$51.79 (+5.7%); est. $65.31 with fuel surcharge",65.31,SHP06881,954.75,902.96,,True
CARA:35003418,rate_overcharge,"Linehaul $904.50 vs contract $855.44 (Memphis → Boston, rate effective 2025-01-01): +$49.06 (+5.7%); est. $60.10 with fuel surcharge",60.1,SHP05060,904.5,855.44,,True
CARA:35656852,rate_overcharge,"Linehaul $369.58 vs contract $346.70 (Dallas → St. Louis, rate effective 2025-01-01): +$22.88 (+6.6%); est. $28.44 with fuel surcharge",28.44,SHP06233,369.58,346.7,,True
CARA:37476542,rate_overcharge,"Linehaul $1,077.37 vs contract $853.84 (Dallas → Philadelphia, rate effective 2025-01-01): +$223.53 (+26.2%); est. $269.80 with fuel surcharge",269.8,SHP02355,1077.37,853.84,,True
CARA:38135268,rate_overcharge,"Linehaul $523.22 vs contract $461.52 (Memphis → Houston, rate effective 2025-01-01): +$61.70 (+13.4%); est. $74.47 with fuel surcharge",74.47,SHP01923,523.22,461.52,,True
CARA:39203586,rate_overcharge,"Linehaul $5,140.87 vs contract $4,830.00 (Memphis → Seattle, rate effective 2025-01-01): +$310.87 (+6.4%); est. $380.82 with fuel surcharge",380.82,SHP05306,5140.87,4830.0,,True
CARA:39218896,rate_overcharge,"Linehaul $932.59 vs contract $834.00 (Columbus → Nashville, rate effective 2025-01-01): +$98.59 (+11.8%); est. $119.89 with fuel surcharge",119.89,SHP00697,932.59,834.0,,True
CARA:39597359,rate_overcharge,"Linehaul $625.60 vs contract $528.47 (Atlanta → Philadelphia, rate effective 2025-01-01): +$97.13 (+18.4%); est. $122.48 with fuel surcharge",122.48,SHP08372,625.6,528.47,,True
CARA:40381750,rate_overcharge,"Linehaul $536.58 vs contract $524.60 (Memphis → Houston, rate effective 2025-01-01): +$11.98 (+2.3%); est. $14.46 with fuel surcharge",14.46,SHP00467,536.58,524.6,,True
CARA:40820441,rate_overcharge,"Linehaul $742.03 vs contract $694.66 (Atlanta → Philadelphia, rate effective 2025-01-01): +$47.37 (+6.8%); est. $58.03 with fuel surcharge",58.03,SHP04612,742.03,694.66,,True
CARA:41077368,rate_overcharge,"Linehaul $1,187.76 vs contract $1,121.58 (Memphis → Seattle, rate effective 2025-01-01): +$66.18 (+5.9%); est. $84.05 with fuel surcharge",84.05,SHP07605,1187.76,1121.58,,True
CARA:41316627,rate_overcharge,"Linehaul $1,230.41 vs contract $1,173.28 (Dallas → Miami, rate effective 2025-01-01): +$57.13 (+4.9%); est. $72.04 with fuel surcharge",72.04,SHP06907,1230.41,1173.28,,True
CARA:41722422,rate_overcharge,"Linehaul $1,230.88 vs contract $1,085.40 (Dallas → Los Angeles, rate effective 2025-01-01): +$145.48 (+13.4%); est. $183.45 with fuel surcharge",183.45,SHP08143,1230.88,1085.4,,True
CARA:42724903,rate_overcharge,"Linehaul $349.76 vs contract $330.78 (Memphis → Boston, rate effective 2025-01-01): +$18.98 (+5.7%); est. $24.10 with fuel surcharge",24.1,SHP07467,349.76,330.78,,True
CARA:42853125,rate_overcharge,"Linehaul $329.70 vs contract $294.90 (Atlanta → Boston, rate effective 2025-01-01): +$34.80 (+11.8%); est. $42.94 with fuel surcharge",42.94,SHP09856,329.7,294.9,,True
CARA:43169252,rate_overcharge,"Linehaul $367.30 vs contract $347.44 (Memphis → Boston, rate effective 2025-01-01): +$19.86 (+5.7%); est. $24.69 with fuel surcharge",24.69,SHP05683,367.3,347.44,,True
CARA:43633734,rate_overcharge,"Linehaul $379.77 vs contract $357.69 (Atlanta → Louisville, rate effective 2025-01-01): +$22.08 (+6.2%); est. $26.65 with fuel surcharge",26.65,SHP00198,379.77,357.69,,True
CARA:45507072,rate_overcharge,"Linehaul $1,678.32 vs contract $1,554.68 (Chicago → Phoenix, rate effective 2025-01-01): +$123.64 (+8.0%); est. $157.02 with fuel surcharge",157.02,SHP07081,1678.32,1554.68,,True
CARA:45761969,rate_overcharge,"Linehaul $1,924.13 vs contract $1,782.38 (Chicago → Phoenix, rate effective 2025-01-01): +$141.75 (+8.0%); est. $178.75 with fuel surcharge",178.75,SHP08440,1924.13,1782.38,,True
CARA:45945003,rate_overcharge,"Linehaul $1,155.95 vs contract $1,070.76 (Chicago → Phoenix, rate effective 2025-01-01): +$85.19 (+8.0%); est. $105.89 with fuel surcharge",105.89,SHP09432,1155.95,1070.76,,True
CARA:46302852,rate_overcharge,"Linehaul $1,155.83 vs contract $1,103.69 (Memphis → Seattle, rate effective 2025-01-01): +$52.14 (+4.7%); est. $62.93 with fuel surcharge",62.93,SHP00117,1155.83,1103.69,,True
CARA:46361344,rate_overcharge,"Linehaul $452.99 vs contract $397.30 (Atlanta → Philadelphia, rate effective 2025-01-01): +$55.69 (+14.0%); est. $69.22 with fuel surcharge",69.22,SHP05582,452.99,397.3,,True
CARA:46728290,rate_overcharge,"Linehaul $379.13 vs contract $367.10 (Dallas → Los Angeles, rate effective 2025-01-01): +$12.03 (+3.3%); est. $14.74 with fuel surcharge",14.74,SHP04877,379.13,367.1,,True
CARA:46815124,rate_overcharge,"Linehaul $866.17 vs contract $834.00 (Columbus → Nashville, rate effective 2025-01-01): +$32.17 (+3.9%); est. $38.83 with fuel surcharge",38.83,SHP04030,866.17,834.0,,True
CARA:47390171,rate_overcharge,"Linehaul $723.16 vs contract $671.00 (Chicago → Salt Lake City, rate effective 2025-01-01): +$52.16 (+7.8%); est. $62.96 with fuel surcharge",62.96,SHP02028,723.16,671.0,,True
CARA:47474184,rate_overcharge,"Linehaul $2,196.57 vs contract $2,034.75 (Chicago → Phoenix, rate effective 2025-01-01): +$161.82 (+8.0%); est. $205.51 with fuel surcharge",205.51,SHP07089,2196.57,2034.75,,True
CARA:47947611,rate_overcharge,"Linehaul $504.36 vs contract $449.40 (Dallas → Boston, rate effective 2025-01-01): +$54.96 (+12.2%); est. $68.32 with fuel surcharge",68.32,SHP06099,504.36,449.4,,True
CARA:48313212,rate_overcharge,"Linehaul $1,233.56 vs contract $1,102.22 (Dallas → Los Angeles, rate effective 2025-01-01): +$131.34 (+11.9%); est. $163.26 with fuel surcharge",163.26,SHP06411,1233.56,1102.22,,True
CARA:49040172,rate_overcharge,"Linehaul $2,224.55 vs contract $2,120.93 (Dallas → Miami, rate effective 2025-01-01): +$103.62 (+4.9%); est. $128.80 with fuel surcharge",128.8,SHP06473,2224.55,2120.93,,True
CARA:49116140,rate_overcharge,"Linehaul $841.51 vs contract $716.00 (Columbus → Boston, rate effective 2025-01-01): +$125.51 (+17.5%); est. $153.75 with fuel surcharge",153.75,SHP04679,841.51,716.0,,True
CARA:49301708,rate_overcharge,"Linehaul $2,349.50 vs contract $2,222.00 (Memphis → Boston, rate effective 2025-01-01): +$127.50 (+5.7%); est. $160.78 with fuel surcharge",160.78,SHP06916,2349.5,2222.0,,True
CARA:50450243,rate_overcharge,"Linehaul $576.90 vs contract $492.28 (Chicago → Salt Lake City, rate effective 2025-01-01): +$84.62 (+17.2%); est. $105.94 with fuel surcharge",105.94,SHP06715,576.9,492.28,,True
CARA:50642216,rate_overcharge,"Linehaul $249.09 vs contract $246.38 (Chicago → Salt Lake City, rate effective 2025-01-01): +$2.71 (+1.1%); est. $3.27 with fuel surcharge",3.27,SHP01673,249.09,246.38,,True
CARA:50835932,rate_overcharge,"Linehaul $1,662.69 vs contract $1,487.20 (Dallas → Seattle, rate effective 2025-01-01): +$175.49 (+11.8%); est. $211.82 with fuel surcharge",211.82,SHP02629,1662.69,1487.2,,True
CARA:50934546,rate_overcharge,"Linehaul $2,105.07 vs contract $1,950.00 (Chicago → Phoenix, rate effective 2025-01-01): +$155.07 (+8.0%); est. $191.36 with fuel surcharge",191.36,SHP09836,2105.07,1950.0,,True
CARA:51204218,rate_overcharge,"Linehaul $469.60 vs contract $435.29 (Chicago → Nashville, rate effective 2025-01-01): +$34.31 (+7.9%); est. $41.41 with fuel surcharge",41.41,SHP02473,469.6,435.29,,True
CARA:52110560,rate_overcharge,"Linehaul $1,019.77 vs contract $844.80 (Dallas → Boston, rate effective 2025-01-01): +$174.97 (+20.7%); est. $215.91 with fuel surcharge",215.91,SHP09994,1019.77,844.8,,True
CARA:52880130,rate_overcharge,"Linehaul $456.44 vs contract $436.42 (Dallas → Philadelphia, rate effective 2025-01-01): +$20.02 (+4.6%); est. $25.25 with fuel surcharge",25.25,SHP08161,456.44,436.42,,True
CARA:53622374,rate_overcharge,"Linehaul $2,595.66 vs contract $2,026.50 (Dallas → Miami, rate effective 2025-01-01): +$569.16 (+28.1%); est. $707.47 with fuel surcharge",707.47,SHP06525,2595.66,2026.5,,True
CARA:54222869,rate_overcharge,"Linehaul $1,142.60 vs contract $1,089.54 (Dallas → Miami, rate effective 2025-01-01): +$53.06 (+4.9%); est. $67.39 with fuel surcharge",67.39,SHP07488,1142.6,1089.54,,True
CARA:54892446,rate_overcharge,"Linehaul $836.00 vs contract $737.96 (Dallas → Miami, rate effective 2025-01-01): +$98.04 (+13.3%); est. $118.33 with fuel surcharge",118.33,SHP00747,836.0,737.96,,True
CARA:54982842,rate_overcharge,"Linehaul $1,109.40 vs contract $1,049.20 (Memphis → Boston, rate effective 2025-01-01): +$60.20 (+5.7%); est. $76.45 with fuel surcharge",76.45,SHP07163,1109.4,1049.2,,True
CARA:55267955,rate_overcharge,"Linehaul $390.09 vs contract $373.65 (Dallas → Philadelphia, rate effective 2025-01-01): +$16.44 (+4.4%); est. $19.84 with fuel surcharge",19.84,SHP00917,390.09,373.65,,True
CARA:55917541,rate_overcharge,"Linehaul $754.42 vs contract $649.80 (Dallas → Philadelphia, rate effective 2025-01-01): +$104.62 (+16.1%); est. $130.04 with fuel surcharge",130.04,SHP06221,754.42,649.8,,True
CARA:57003905,rate_overcharge,"Linehaul $344.93 vs contract $328.88 (Dallas → Miami, rate effective 2025-01-01): +$16.05 (+4.9%); est. $19.95 with fuel surcharge",19.95,SHP09700,344.93,328.88,,True
CARA:57963133,rate_overcharge,"Linehaul $353.08 vs contract $336.65 (Dallas → Miami, rate effective 2025-01-01): +$16.43 (+4.9%); est. $20.87 with fuel surcharge",20.87,SHP07685,353.08,336.65,,True
CARA:58709534,rate_overcharge,"Linehaul $2,483.80 vs contract $2,380.26 (Dallas → Seattle, rate effective 2025-01-01): +$103.54 (+4.3%); est. $129.63 with fuel surcharge",129.63,SHP06643,2483.8,2380.26,,True
CARA:60336265,rate_overcharge,"Linehaul $753.50 vs contract $657.50 (Atlanta → Denver, rate effective 2025-01-01): +$96.00 (+14.6%); est. $121.92 with fuel surcharge",121.92,SHP07108,753.5,657.5,,True
CARA:63297927,rate_overcharge,"Linehaul $886.23 vs contract $730.15 (Memphis → Boston, rate effective 2025-01-01): +$156.08 (+21.4%); est. $194.01 with fuel surcharge",194.01,SHP05686,886.23,730.15,,True
CARA:64243825,rate_overcharge,"Linehaul $1,167.35 vs contract $1,085.40 (Dallas → Los Angeles, rate effective 2025-01-01): +$81.95 (+7.6%); est. $100.39 with fuel surcharge",100.39,SHP05063,1167.35,1085.4,,True
CARA:64739633,rate_overcharge,"Linehaul $530.57 vs contract $494.55 (Memphis → Pittsburgh, rate effective 2025-01-01): +$36.02 (+7.3%); est. $43.80 with fuel surcharge",43.8,SHP01544,530.57,494.55,,True
CARA:64880764,rate_overcharge,"Linehaul $1,914.87 vs contract $1,825.96 (Dallas → Miami, rate effective 2025-01-01): +$88.91 (+4.9%); est. $112.12 with fuel surcharge",112.12,SHP08286,1914.87,1825.96,,True
CARA:65082490,rate_overcharge,"Linehaul $1,012.25 vs contract $990.66 (Columbus → Phoenix, rate effective 2025-01-01): +$21.59 (+2.2%); est. $26.84 with fuel surcharge",26.84,SHP05688,1012.25,990.66,,True
CARA:65273605,rate_overcharge,"Linehaul $2,123.24 vs contract $1,814.60 (Columbus → Phoenix, rate effective 2025-01-01): +$308.64 (+17.0%); est. $372.53 with fuel surcharge",372.53,SHP00331,2123.24,1814.6,,True
CARA:66111421,rate_overcharge,"Linehaul $1,753.52 vs contract $1,644.50 (Chicago → Phoenix, rate effective 2025-01-01): +$109.02 (+6.6%); est. $131.59 with fuel surcharge",131.59,SHP00916,1753.52,1644.5,,True
CARA:66478278,rate_overcharge,"Linehaul $233.52 vs contract $222.68 (Dallas → Miami, rate effective 2025-01-01): +$10.84 (+4.9%); est. $13.57 with fuel surcharge",13.57,SHP08981,233.52,222.68,,True
CARA:66642905,rate_overcharge,"Linehaul $722.53 vs contract $688.99 (Dallas → Miami, rate effective 2025-01-01): +$33.54 (+4.9%); est. $41.39 with fuel surcharge",41.39,SHP05362,722.53,688.99,,True
CARA:67019574,rate_overcharge,"Linehaul $652.60 vs contract $617.20 (Memphis → Boston, rate effective 2025-01-01): +$35.40 (+5.7%); est. $43.68 with fuel surcharge",43.68,SHP09972,652.6,617.2,,True
CARA:67285683,rate_overcharge,"Linehaul $801.20 vs contract $735.57 (Dallas → Philadelphia, rate effective 2025-01-01): +$65.63 (+8.9%); est. $81.58 with fuel surcharge",81.58,SHP05727,801.2,735.57,,True
CARA:67736735,rate_overcharge,"Linehaul $1,365.60 vs contract $1,265.00 (Chicago → Phoenix, rate effective 2025-01-01): +$100.60 (+8.0%); est. $126.86 with fuel surcharge",126.86,SHP08175,1365.6,1265.0,,True
CARA:68149119,rate_overcharge,"Linehaul $1,685.73 vs contract $1,594.26 (Memphis → Boston, rate effective 2025-01-01): +$91.47 (+5.7%); est. $113.70 with fuel surcharge",113.7,SHP06042,1685.73,1594.26,,True
CARA:68280575,rate_overcharge,"Linehaul $1,319.82 vs contract $1,222.56 (Chicago → Phoenix, rate effective 2025-01-01): +$97.26 (+8.0%); est. $123.52 with fuel surcharge",123.52,SHP07514,1319.82,1222.56,,True
CARA:68887864,rate_overcharge,"Linehaul $803.30 vs contract $744.10 (Chicago → Phoenix, rate effective 2025-01-01): +$59.20 (+8.0%); est. $75.18 with fuel surcharge",75.18,SHP07634,803.3,744.1,,True
CARA:69046159,rate_overcharge,"Linehaul $1,668.99 vs contract $1,591.49 (Dallas → Miami, rate effective 2025-01-01): +$77.50 (+4.9%); est. $98.42 with fuel surcharge",98.42,SHP07484,1668.99,1591.49,,True
CARA:69900043,rate_overcharge,"Linehaul $723.27 vs contract $677.88 (Atlanta → Denver, rate effective 2025-01-01): +$45.39 (+6.7%); est. $55.60 with fuel surcharge",55.6,SHP05028,723.27,677.88,,True
CARA:71181668,rate_overcharge,"Linehaul $254.61 vs contract $240.79 (Memphis → Boston, rate effective 2025-01-01): +$13.82 (+5.7%); est. $17.55 with fuel surcharge",17.55,SHP07152,254.61,240.79,,True
CARA:71947313,rate_overcharge,"Linehaul $540.48 vs contract $515.33 (Dallas → Miami, rate effective 2025-01-01): +$25.15 (+4.9%); est. $31.71 with fuel surcharge",31.71,SHP06931,540.48,515.33,,True
CARA:72476825,rate_overcharge,"Linehaul $905.13 vs contract $833.75 (Columbus → Salt Lake City, rate effective 2025-01-01): +$71.38 (+8.6%); est. $86.80 with fuel surcharge",86.8,SHP03655,905.13,833.75,,True
CARA:72743891,rate_overcharge,"Linehaul $559.46 vs contract $532.80 (Atlanta → Boston, rate effective 2025-01-01): +$26.66 (+5.0%); est. $32.18 with fuel surcharge",32.18,SHP03006,559.46,532.8,,True
CARA:74409244,rate_overcharge,"Linehaul $1,827.81 vs contract $1,567.75 (Chicago → Salt Lake City, rate effective 2025-01-01): +$260.06 (+16.6%); est. $316.23 with fuel surcharge",316.23,SHP01362,1827.81,1567.75,,True
CARA:74552056,rate_overcharge,"Linehaul $1,006.22 vs contract $957.00 (Dallas → Miami, rate effective 2025-01-01): +$49.22 (+5.1%); est. $61.62 with fuel surcharge",61.62,SHP09119,1006.22,957.0,,True
CARA:74727343,rate_overcharge,"Linehaul $344.47 vs contract $325.78 (Memphis → Boston, rate effective 2025-01-01): +$18.69 (+5.7%); est. $23.57 with fuel surcharge",23.57,SHP07007,344.47,325.78,,True
CARA:74792742,rate_overcharge,"Linehaul $845.07 vs contract $782.79 (Chicago → Phoenix, rate effective 2025-01-01): +$62.28 (+8.0%); est. $79.10 with fuel surcharge",79.1,SHP07300,845.07,782.79,,True
CARA:74826155,rate_overcharge,"Linehaul $991.50 vs contract $842.40 (Columbus → Phoenix, rate effective 2025-01-01): +$149.10 (+17.7%); est. $185.33 with fuel surcharge",185.33,SHP05558,991.5,842.4,,True
CARA:75007034,rate_overcharge,"Linehaul $474.32 vs contract $448.59 (Memphis → Boston, rate effective 2025-01-01): +$25.73 (+5.7%); est. $31.98 with fuel surcharge",31.98,SHP09359,474.32,448.59,,True
CARA:75912410,rate_overcharge,"Linehaul $433.07 vs contract $408.89 (Columbus → Boston, rate effective 2025-01-01): +$24.18 (+5.9%); est. $30.71 with fuel surcharge",30.71,SHP07496,433.07,408.89,,True
CARA:76357700,rate_overcharge,"Linehaul $4,030.75 vs contract $3,733.83 (Chicago → Phoenix, rate effective 2025-01-01): +$296.92 (+8.0%); est. $369.07 with fuel surcharge",369.07,SHP06154,4030.75,3733.83,,True
CARA:76753526,rate_overcharge,"Linehaul $310.97 vs contract $275.50 (Dallas → St. Louis, rate effective 2025-01-01): +$35.47 (+12.9%); est. $42.81 with fuel surcharge",42.81,SHP03102,310.97,275.5,,True
CARA:76932245,rate_overcharge,"Linehaul $472.99 vs contract $438.12 (Chicago → Phoenix, rate effective 2025-01-01): +$34.87 (+8.0%); est. $43.34 with fuel surcharge",43.34,SHP06143,472.99,438.12,,True
CARA:77406094,rate_overcharge,"Linehaul $488.20 vs contract $465.48 (Dallas → Miami, rate effective 2025-01-01): +$22.72 (+4.9%); est. $28.04 with fuel surcharge",28.04,SHP09733,488.2,465.48,,True
CARA:77718272,rate_overcharge,"Linehaul $571.88 vs contract $540.87 (Memphis → Boston, rate effective 2025-01-01): +$31.01 (+5.7%); est. $39.10 with fuel surcharge",39.1,SHP08252,571.88,540.87,,True
CARA:77855270,rate_overcharge,"Linehaul $573.44 vs contract $517.17 (Atlanta → Denver, rate effective 2025-01-01): +$56.27 (+10.9%); est. $68.42 with fuel surcharge",68.42,SHP00645,573.44,517.17,,True
CARA:78445001,rate_overcharge,"Linehaul $504.74 vs contract $437.12 (Memphis → Seattle, rate effective 2025-01-01): +$67.62 (+15.5%); est. $81.62 with fuel surcharge",81.62,SHP03175,504.74,437.12,,True
CARA:79369500,rate_overcharge,"Linehaul $213.75 vs contract $197.68 (Atlanta → Louisville, rate effective 2025-01-01): +$16.07 (+8.1%); est. $20.41 with fuel surcharge",20.41,SHP07763,213.75,197.68,,True
CARA:80246734,rate_overcharge,"Linehaul $461.90 vs contract $427.85 (Chicago → Phoenix, rate effective 2025-01-01): +$34.05 (+8.0%); est. $42.32 with fuel surcharge",42.32,SHP05936,461.9,427.85,,True
CARA:80408125,rate_overcharge,"Linehaul $882.69 vs contract $741.25 (Memphis → Pittsburgh, rate effective 2025-01-01): +$141.44 (+19.1%); est. $170.72 with fuel surcharge",170.72,SHP02382,882.69,741.25,,True
CARA:80522857,rate_overcharge,"Linehaul $638.44 vs contract $549.31 (Columbus → Phoenix, rate effective 2025-01-01): +$89.13 (+16.2%); est. $108.38 with fuel surcharge",108.38,SHP00624,638.44,549.31,,True
CARA:81720227,rate_overcharge,"Linehaul $332.90 vs contract $322.05 (Chicago → Nashville, rate effective 2025-01-01): +$10.85 (+3.4%); est. $13.58 with fuel surcharge",13.58,SHP09189,332.9,322.05,,True
CARA:82143303,rate_overcharge,"Linehaul $174.01 vs contract $134.60 (Atlanta → Philadelphia, rate effective 2025-01-01): +$39.41 (+29.3%); est. $47.57 with fuel surcharge",47.57,SHP03310,174.01,134.6,,True
CARA:83319468,rate_overcharge,"Linehaul $1,836.19 vs contract $1,656.60 (Chicago → Charlotte, rate effective 2025-01-01): +$179.59 (+10.8%); est. $216.77 with fuel surcharge",216.77,SHP03231,1836.19,1656.6,,True
CARA:83664728,rate_overcharge,"Linehaul $273.80 vs contract $253.34 (Columbus → Boston, rate effective 2025-01-01): +$20.46 (+8.1%); est. $24.70 with fuel surcharge",24.7,SHP00473,273.8,253.34,,True
CARA:84079424,rate_overcharge,"Linehaul $475.98 vs contract $453.83 (Dallas → Miami, rate effective 2025-01-01): +$22.15 (+4.9%); est. $27.53 with fuel surcharge",27.53,SHP09488,475.98,453.83,,True
CARA:84087614,rate_overcharge,"Linehaul $1,365.60 vs contract $1,265.00 (Chicago → Phoenix, rate effective 2025-01-01): +$100.60 (+8.0%); est. $125.05 with fuel surcharge",125.05,SHP06560,1365.6,1265.0,,True
CARA:84448438,rate_overcharge,"Linehaul $262.55 vs contract $205.43 (Memphis → Houston, rate effective 2025-01-01): +$57.12 (+27.8%); est. $69.46 with fuel surcharge",69.46,SHP03748,262.55,205.43,,True
CARA:84889343,rate_overcharge,"Linehaul $565.11 vs contract $512.80 (Atlanta → Boston, rate effective 2025-01-01): +$52.31 (+10.2%); est. $63.14 with fuel surcharge",63.14,SHP00021,565.11,512.8,,True
CARA:85508183,rate_overcharge,"Linehaul $1,504.90 vs contract $1,423.24 (Memphis → Boston, rate effective 2025-01-01): +$81.66 (+5.7%); est. $103.71 with fuel surcharge",103.71,SHP07508,1504.9,1423.24,,True
CARA:89096497,rate_overcharge,"Linehaul $547.11 vs contract $517.44 (Memphis → Boston, rate effective 2025-01-01): +$29.67 (+5.7%); est. $37.41 with fuel surcharge",37.41,SHP08353,547.11,517.44,,True
CARA:89151952,rate_overcharge,"Linehaul $524.60 vs contract $466.45 (Memphis → Houston, rate effective 2025-01-01): +$58.15 (+12.5%); est. $71.23 with fuel surcharge",71.23,SHP04640,524.6,466.45,,True
CARA:89441530,rate_overcharge,"Linehaul $257.63 vs contract $226.91 (Memphis → Pittsburgh, rate effective 2025-01-01): +$30.72 (+13.5%); est. $38.18 with fuel surcharge",38.18,SHP06522,257.63,226.91,,True
CARA:89668064,rate_overcharge,"Linehaul $815.79 vs contract $777.93 (Dallas → Miami, rate effective 2025-01-01): +$37.86 (+4.9%); est. $47.06 with fuel surcharge",47.06,SHP05978,815.79,777.93,,True
CARA:90156195,rate_overcharge,"Linehaul $738.74 vs contract $698.67 (Memphis → Boston, rate effective 2025-01-01): +$40.07 (+5.7%); est. $50.89 with fuel surcharge",50.89,SHP07294,738.74,698.67,,True
CARA:90735499,rate_overcharge,"Linehaul $806.09 vs contract $744.10 (Chicago → Phoenix, rate effective 2025-01-01): +$61.99 (+8.3%); est. $78.17 with fuel surcharge",78.17,SHP08851,806.09,744.1,,True
CARA:91401139,rate_overcharge,"Linehaul $590.30 vs contract $562.90 (Dallas → Miami, rate effective 2025-01-01): +$27.40 (+4.9%); est. $34.06 with fuel surcharge",34.06,SHP06543,590.3,562.9,,True
CARA:91776802,rate_overcharge,"Linehaul $1,541.08 vs contract $1,427.55 (Chicago → Phoenix, rate effective 2025-01-01): +$113.53 (+8.0%); est. $142.14 with fuel surcharge",142.14,SHP08908,1541.08,1427.55,,True
CARA:92043239,rate_overcharge,"Linehaul $1,139.88 vs contract $1,055.88 (Chicago → Phoenix, rate effective 2025-01-01): +$84.00 (+8.0%); est. $103.66 with fuel surcharge",103.66,SHP09925,1139.88,1055.88,,True
CARA:92155471,rate_overcharge,"Linehaul $843.82 vs contract $748.34 (Memphis → Houston, rate effective 2025-01-01): +$95.48 (+12.8%); est. $115.24 with fuel surcharge",115.24,SHP03250,843.82,748.34,,True
CARA:92779919,rate_overcharge,"Linehaul $1,301.95 vs contract $1,228.46 (Atlanta → Denver, rate effective 2025-01-01): +$73.49 (+6.0%); est. $89.36 with fuel surcharge",89.36,SHP04385,1301.95,1228.46,,True
CARA:93079406,rate_overcharge,"Linehaul $927.10 vs contract $821.49 (Chicago → Phoenix, rate effective 2025-01-01): +$105.61 (+12.9%); est. $130.32 with fuel surcharge",130.32,SHP09864,927.1,821.49,,True
CARA:93893507,rate_overcharge,"Linehaul $1,016.56 vs contract $898.47 (Chicago → Salt Lake City, rate effective 2025-01-01): +$118.09 (+13.1%); est. $147.85 with fuel surcharge",147.85,SHP06641,1016.56,898.47,,True
CARA:94449962,rate_overcharge,"Linehaul $427.23 vs contract $385.80 (Chicago → Salt Lake City, rate effective 2025-01-01): +$41.43 (+10.7%); est. $50.01 with fuel surcharge",50.01,SHP02606,427.23,385.8,,True
CARA:95311554,rate_overcharge,"Linehaul $590.30 vs contract $495.91 (Dallas → Miami, rate effective 2025-01-01): +$94.39 (+19.0%); est. $115.63 with fuel surcharge",115.63,SHP04999,590.3,495.91,,True
CARA:95847355,rate_overcharge,"Linehaul $348.68 vs contract $338.50 (Dallas → St. Louis, rate effective 2025-01-01): +$10.18 (+3.0%); est. $12.65 with fuel surcharge",12.65,SHP09460,348.68,338.5,,True
CARA:98071072,rate_overcharge,"Linehaul $1,365.60 vs contract $1,265.00 (Chicago → Phoenix, rate effective 2025-01-01): +$100.60 (+8.0%); est. $125.05 with fuel surcharge",125.05,SHP05788,1365.6,1265.0,,True
CARA:99040178,rate_overcharge,"Linehaul $1,026.99 vs contract $834.00 (Columbus → Nashville, rate effective 2025-01-01): +$192.99 (+23.1%); est. $238.15 with fuel surcharge",238.15,SHP09931,1026.99,834.0,,True
CARA:99260859,rate_overcharge,"Linehaul $407.87 vs contract $392.27 (Columbus → Nashville, rate effective 2025-01-01): +$15.60 (+4.0%); est. $19.81 with fuel surcharge",19.81,SHP07669,407.87,392.27,,True
CARB:00531958,rate_overcharge,"Linehaul $1,202.41 vs contract $1,154.10 (Atlanta → St. Louis, rate effective 2025-01-01): +$48.31 (+4.2%); est. $58.31 with fuel surcharge",58.31,SHP00805,1202.41,1154.1,,True
CARB:00580967,rate_overcharge,"Linehaul $287.23 vs contract $250.12 (Columbus → St. Louis, rate effective 2025-01-01): +$37.11 (+14.8%); est. $46.80 with fuel surcharge",46.8,SHP07042,287.23,250.12,,True
CARB:01113277,rate_overcharge,"Linehaul $329.38 vs contract $281.95 (Dallas → Phoenix, rate effective 2025-01-01): +$47.43 (+16.8%); est. $59.38 with fuel surcharge",59.38,SHP06668,329.38,281.95,,True
CARB:01418837,rate_overcharge,"Linehaul $2,029.75 vs contract $1,897.24 (Columbus → Phoenix, rate effective 2025-01-01): +$132.51 (+7.0%); est. $168.29 with fuel surcharge",168.29,SHP08482,2029.75,1897.24,,True
CARB:01467732,rate_overcharge,"Linehaul $507.49 vs contract $430.82 (Dallas → Phoenix, rate effective 2025-01-01): +$76.67 (+17.8%); est. $95.30 with fuel surcharge",95.3,SHP05542,507.49,430.82,,True
CARB:01918740,rate_overcharge,"Linehaul $631.36 vs contract $611.89 (Dallas → Phoenix, rate effective 2025-01-01): +$19.47 (+3.2%); est. $24.20 with fuel surcharge",24.2,SHP05933,631.36,611.89,,True
CARB:02607864,rate_overcharge,"Linehaul $372.65 vs contract $320.90 (Columbus → New York, rate effective 2025-01-01): +$51.75 (+16.1%); est. $62.46 with fuel surcharge",62.46,SHP02926,372.65,320.9,,True
CARB:03817508,rate_overcharge,"Linehaul $697.19 vs contract $671.12 (Chicago → St. Louis, rate effective 2025-01-01): +$26.07 (+3.9%); est. $31.47 with fuel surcharge",31.47,SHP01246,697.19,671.12,,True
CARB:04371478,rate_overcharge,"Linehaul $634.56 vs contract $538.58 (Chicago → Denver, rate effective 2025-01-01): +$95.98 (+17.8%); est. $121.89 with fuel surcharge",121.89,SHP08591,634.56,538.58,,True
CARB:05346504,rate_overcharge,"Linehaul $183.01 vs contract $178.10 (Columbus → Detroit, rate effective 2025-01-01): +$4.91 (+2.8%); est. $6.19 with fuel surcharge",6.19,SHP08092,183.01,178.1,,True
CARB:05782337,rate_overcharge,"Linehaul $1,897.19 vs contract $1,581.42 (Chicago → Miami, rate effective 2025-01-01): +$315.77 (+20.0%); est. $386.82 with fuel surcharge",386.82,SHP05247,1897.19,1581.42,,True
CARB:07169781,rate_overcharge,"Linehaul $1,973.33 vs contract $1,776.81 (Columbus → Phoenix, rate effective 2025-01-01): +$196.52 (+11.1%); est. $237.20 with fuel surcharge",237.2,SHP01798,1973.33,1776.81,,False
CARB:07198777,rate_overcharge,"Linehaul $218.99 vs contract $205.88 (Atlanta → St. Louis, rate effective 2025-01-01): +$13.11 (+6.4%); est. $16.06 with fuel surcharge",16.06,SHP05286,218.99,205.88,,True
CARB:10320400,rate_overcharge,"Linehaul $618.36 vs contract $599.25 (Atlanta → Houston, rate effective 2025-01-01): +$19.11 (+3.2%); est. $23.75 with fuel surcharge",23.75,SHP09340,618.36,599.25,,True
CARB:10794569,rate_overcharge,"Linehaul $196.05 vs contract $189.99 (Dallas → Phoenix, rate effective 2025-01-01): +$6.06 (+3.2%); est. $7.48 with fuel surcharge",7.48,SHP09774,196.05,189.99,,True
CARB:11177021,rate_overcharge,"Linehaul $266.32 vs contract $228.80 (Columbus → Nashville, rate effective 2025-01-01): +$37.52 (+16.4%); est. $46.98 with fuel surcharge",46.98,SHP08978,266.32,228.8,,True
CARB:13243601,rate_overcharge,"Linehaul $784.94 vs contract $733.63 (Columbus → Phoenix, rate effective 2025-01-01): +$51.31 (+7.0%); est. $63.32 with fuel surcharge",63.32,SHP09906,784.94,733.63,,True
CARB:13667980,rate_overcharge,"Linehaul $175.56 vs contract $170.13 (Dallas → Phoenix, rate effective 2025-01-01): +$5.43 (+3.2%); est. $6.90 with fuel surcharge",6.9,SHP07764,175.56,170.13,,True
CARB:14324731,rate_overcharge,"Linehaul $2,046.97 vs contract $1,776.81 (Columbus → Phoenix, rate effective 2025-01-01): +$270.16 (+15.2%); est. $326.08 with fuel surcharge",326.08,SHP01798,2046.97,1776.81,,True
CARB:14505173,rate_overcharge,"Linehaul $205.83 vs contract $186.54 (Columbus → Nashville, rate effective 2025-01-01): +$19.29 (+10.3%); est. $23.28 with fuel surcharge",23.28,SHP00359,205.83,186.54,,True
CARB:15786603,rate_overcharge,"Linehaul $264.36 vs contract $256.19 (Dallas → Phoenix, rate effective 2025-01-01): +$8.17 (+3.2%); est. $10.16 with fuel surcharge",10.16,SHP09590,264.36,256.19,,True
CARB:18172240,rate_overcharge,"Linehaul $1,591.37 vs contract $1,542.16 (Dallas → Phoenix, rate effective 2025-01-01): +$49.21 (+3.2%); est. $60.73 with fuel surcharge",60.73,SHP09759,1591.37,1542.16,,True
CARB:18302395,rate_overcharge,"Linehaul $488.31 vs contract $456.41 (Columbus → Phoenix, rate effective 2025-01-01): +$31.90 (+7.0%); est. $39.65 with fuel surcharge",39.65,SHP06526,488.31,456.41,,True
CARB:18481578,rate_overcharge,"Linehaul $1,318.26 vs contract $1,277.49 (Dallas → Phoenix, rate effective 2025-01-01): +$40.77 (+3.2%); est. $50.68 with fuel surcharge",50.68,SHP09345,1318.26,1277.49,,True
CARB:19426460,rate_overcharge,"Linehaul $298.99 vs contract $281.95 (Dallas → Phoenix, rate effective 2025-01-01): +$17.04 (+6.0%); est. $20.72 with fuel surcharge",20.72,SHP00667,298.99,281.95,,True
CARB:19646501,rate_overcharge,"Linehaul $968.16 vs contract $938.22 (Dallas → Phoenix, rate effective 2025-01-01): +$29.94 (+3.2%); est. $37.48 with fuel surcharge",37.48,SHP08961,968.16,938.22,,True
CARB:20433183,rate_overcharge,"Linehaul $349.27 vs contract $295.28 (Atlanta → St. Louis, rate effective 2025-01-01): +$53.99 (+18.3%); est. $65.17 with fuel surcharge",65.17,SHP00299,349.27,295.28,,True
CARB:21135933,rate_overcharge,"Linehaul $1,204.09 vs contract $956.01 (Columbus → Phoenix, rate effective 2025-01-01): +$248.08 (+25.9%); est. $315.06 with fuel surcharge",315.06,SHP07684,1204.09,956.01,,True
CARB:21739033,rate_overcharge,"Linehaul $811.38 vs contract $763.87 (Memphis → Charlotte, rate effective 2025-01-01): +$47.51 (+6.2%); est. $59.05 with fuel surcharge",59.05,SHP05976,811.38,763.87,,True
CARB:22855964,rate_overcharge,"Linehaul $940.96 vs contract $879.53 (Columbus → Phoenix, rate effective 2025-01-01): +$61.43 (+7.0%); est. $78.02 with fuel surcharge",78.02,SHP08685,940.96,879.53,,True
CARB:22877205,rate_overcharge,"Linehaul $1,629.01 vs contract $1,522.67 (Columbus → Phoenix, rate effective 2025-01-01): +$106.34 (+7.0%); est. $132.18 with fuel surcharge",132.18,SHP06581,1629.01,1522.67,,True
CARB:24729551,rate_overcharge,"Linehaul $410.78 vs contract $396.03 (Chicago → Detroit, rate effective 2025-01-01): +$14.75 (+3.7%); est. $17.80 with fuel surcharge",17.8,SHP03003,410.78,396.03,,True
CARB:25347947,rate_overcharge,"Linehaul $289.88 vs contract $270.80 (Columbus → Detroit, rate effective 2025-01-01): +$19.08 (+7.0%); est. $23.03 with fuel surcharge",23.03,SHP01253,289.88,270.8,,True
CARB:25657066,rate_overcharge,"Linehaul $651.09 vs contract $631.02 (Dallas → Phoenix, rate effective 2025-01-01): +$20.07 (+3.2%); est. $24.95 with fuel surcharge",24.95,SHP05661,651.09,631.02,,True
CARB:25930703,rate_overcharge,"Linehaul $1,061.83 vs contract $992.51 (Columbus → Phoenix, rate effective 2025-01-01): +$69.32 (+7.0%); est. $87.41 with fuel surcharge",87.41,SHP08240,1061.83,992.51,,True
CARB:26407981,rate_overcharge,"Linehaul $982.35 vs contract $951.97 (Dallas → Phoenix, rate effective 2025-01-01): +$30.38 (+3.2%); est. $37.22 with fuel surcharge",37.22,SHP05045,982.35,951.97,,True
CARB:26809722,rate_overcharge,"Linehaul $458.27 vs contract $414.13 (Atlanta → St. Louis, rate effective 2025-01-01): +$44.14 (+10.7%); est. $53.28 with fuel surcharge",53.28,SHP04045,458.27,414.13,,True
CARB:27404220,rate_overcharge,"Linehaul $762.02 vs contract $709.46 (Atlanta → Philadelphia, rate effective 2025-01-01): +$52.56 (+7.4%); est. $66.75 with fuel surcharge",66.75,SHP07500,762.02,709.46,,True
CARB:28002792,rate_overcharge,"Linehaul $505.90 vs contract $490.30 (Dallas → Phoenix, rate effective 2025-01-01): +$15.60 (+3.2%); est. $19.39 with fuel surcharge",19.39,SHP05913,505.9,490.3,,True
CARB:29186994,rate_overcharge,"Linehaul $732.54 vs contract $709.95 (Dallas → Phoenix, rate effective 2025-01-01): +$22.59 (+3.2%); est. $27.67 with fuel surcharge",27.67,SHP05016,732.54,709.95,,True
CARB:29253593,rate_overcharge,"Linehaul $933.92 vs contract $642.21 (Memphis → Seattle, rate effective 2025-01-01): +$291.71 (+45.4%); est. $357.34 with fuel surcharge",357.34,SHP05178,933.92,642.21,,True
CARB:29393796,rate_overcharge,"Linehaul $1,309.22 vs contract $1,268.74 (Dallas → Phoenix, rate effective 2025-01-01): +$40.48 (+3.2%); est. $50.32 with fuel surcharge",50.32,SHP06584,1309.22,1268.74,,True
CARB:29853243,rate_overcharge,"Linehaul $165.31 vs contract $131.33 (Chicago → St. Louis, rate effective 2025-01-01): +$33.98 (+25.9%); est. $42.24 with fuel surcharge",42.24,SHP06547,165.31,131.33,,True
CARB:30517389,rate_overcharge,"Linehaul $1,821.50 vs contract $1,765.00 (Dallas → Phoenix, rate effective 2025-01-01): +$56.50 (+3.2%); est. $71.25 with fuel surcharge",71.25,SHP08102,1821.5,1765.0,,True
CARB:30682716,rate_overcharge,"Linehaul $5,021.25 vs contract $4,693.50 (Columbus → Phoenix, rate effective 2025-01-01): +$327.75 (+7.0%); est. $404.44 with fuel surcharge",404.44,SHP05413,5021.25,4693.5,,True
CARB:30812962,rate_overcharge,"Linehaul $631.76 vs contract $545.98 (Chicago → St. Louis, rate effective 2025-01-01): +$85.78 (+15.7%); est. $103.54 with fuel surcharge",103.54,SHP00406,631.76,545.98,,True
CARB:32075599,rate_overcharge,"Linehaul $796.12 vs contract $784.91 (Columbus → Seattle, rate effective 2025-01-01): +$11.21 (+1.4%); est. $14.24 with fuel surcharge",14.24,SHP07193,796.12,784.91,,True
CARB:32213109,rate_overcharge,"Linehaul $664.10 vs contract $620.69 (Columbus → Phoenix, rate effective 2025-01-01): +$43.41 (+7.0%); est. $54.74 with fuel surcharge",54.74,SHP08354,664.1,620.69,,True
CARB:32510175,rate_overcharge,"Linehaul $686.73 vs contract $611.30 (Chicago → Detroit, rate effective 2025-01-01): +$75.43 (+12.3%); est. $91.72 with fuel surcharge",91.72,SHP00993,686.73,611.3,,True
CARB:32913841,rate_overcharge,"Linehaul $305.07 vs contract $284.89 (Atlanta → Louisville, rate effective 2025-01-01): +$20.18 (+7.1%); est. $25.45 with fuel surcharge",25.45,SHP08794,305.07,284.89,,True
CARB:33001597,rate_overcharge,"Linehaul $1,523.94 vs contract $1,424.45 (Columbus → Phoenix, rate effective 2025-01-01): +$99.49 (+7.0%); est. $124.56 with fuel surcharge",124.56,SHP09027,1523.94,1424.45,,True
CARB:33383105,rate_overcharge,"Linehaul $344.25 vs contract $313.18 (Columbus → Detroit, rate effective 2025-01-01): +$31.07 (+9.9%); est. $37.50 with fuel surcharge",37.5,SHP01192,344.25,313.18,,True
CARB:33392266,rate_overcharge,"Linehaul $330.26 vs contract $294.20 (Atlanta → Louisville, rate effective 2025-01-01): +$36.06 (+12.3%); est. $45.80 with fuel surcharge",45.8,SHP08542,330.26,294.2,,True
CARB:33985167,rate_overcharge,"Linehaul $1,093.44 vs contract $1,022.06 (Columbus → Phoenix, rate effective 2025-01-01): +$71.38 (+7.0%); est. $88.73 with fuel surcharge",88.73,SHP05813,1093.44,1022.06,,True
CARB:35445751,rate_overcharge,"Linehaul $1,070.20 vs contract $1,000.33 (Columbus → Phoenix, rate effective 2025-01-01): +$69.87 (+7.0%); est. $86.85 with fuel surcharge",86.85,SHP05595,1070.2,1000.33,,True
CARB:35965560,rate_overcharge,"Linehaul $2,732.25 vs contract $2,647.50 (Dallas → Phoenix, rate effective 2025-01-01): +$84.75 (+3.2%); est. $105.34 with fuel surcharge",105.34,SHP05592,2732.25,2647.5,,True
CARB:39042625,rate_overcharge,"Linehaul $1,608.89 vs contract $1,309.73 (Columbus → Phoenix, rate effective 2025-01-01): +$299.16 (+22.8%); est. $379.93 with fuel surcharge",379.93,SHP07522,1608.89,1309.73,,True
CARB:39250135,rate_overcharge,"Linehaul $505.90 vs contract $490.30 (Dallas → Phoenix, rate effective 2025-01-01): +$15.60 (+3.2%); est. $19.67 with fuel surcharge",19.67,SHP08847,505.9,490.3,,True
CARB:39610008,rate_overcharge,"Linehaul $1,682.01 vs contract $1,471.77 (Atlanta → Denver, rate effective 2025-01-01): +$210.24 (+14.3%); est. $267.00 with fuel surcharge",267.0,SHP08662,1682.01,1471.77,,True
CARB:39659809,rate_overcharge,"Linehaul $268.29 vs contract $229.71 (Dallas → Phoenix, rate effective 2025-01-01): +$38.58 (+16.8%); est. $49.00 with fuel surcharge",49.0,SHP07110,268.29,229.71,,True
CARB:39966337,rate_overcharge,"Linehaul $599.60 vs contract $560.65 (Columbus → Seattle, rate effective 2025-01-01): +$38.95 (+6.9%); est. $47.36 with fuel surcharge",47.36,SHP01050,599.6,560.65,,True
CARB:43308588,rate_overcharge,"Linehaul $1,481.17 vs contract $1,384.48 (Columbus → Phoenix, rate effective 2025-01-01): +$96.69 (+7.0%); est. $120.19 with fuel surcharge",120.19,SHP06234,1481.17,1384.48,,True
CARB:43401336,rate_overcharge,"Linehaul $899.22 vs contract $871.03 (Columbus → Miami, rate effective 2025-01-01): +$28.19 (+3.2%); est. $34.03 with fuel surcharge",34.03,SHP00820,899.22,871.03,,True
CARB:43634385,rate_overcharge,"Linehaul $1,032.63 vs contract $975.10 (Columbus → Seattle, rate effective 2025-01-01): +$57.53 (+5.9%); est. $69.96 with fuel surcharge",69.96,SHP04224,1032.63,975.1,,True
CARB:44013256,rate_overcharge,"Linehaul $4,072.57 vs contract $3,794.23 (Columbus → Phoenix, rate effective 2025-01-01): +$278.34 (+7.3%); est. $345.98 with fuel surcharge",345.98,SHP09521,4072.57,3794.23,,True
CARB:44112758,rate_overcharge,"Linehaul $2,409.71 vs contract $2,263.53 (Memphis → Seattle, rate effective 2025-01-01): +$146.18 (+6.5%); est. $183.02 with fuel surcharge",183.02,SHP09148,2409.71,2263.53,,True
CARB:44729102,rate_overcharge,"Linehaul $539.29 vs contract $522.66 (Dallas → Phoenix, rate effective 2025-01-01): +$16.63 (+3.2%); est. $20.82 with fuel surcharge",20.82,SHP06612,539.29,522.66,,True
CARB:45944206,rate_overcharge,"Linehaul $1,222.59 vs contract $1,089.80 (Atlanta → Denver, rate effective 2025-01-01): +$132.79 (+12.2%); est. $162.67 with fuel surcharge",162.67,SHP05249,1222.59,1089.8,,True
CARB:46663858,rate_overcharge,"Linehaul $305.73 vs contract $295.97 (Atlanta → Denver, rate effective 2025-01-01): +$9.76 (+3.3%); est. $11.78 with fuel surcharge",11.78,SHP02724,305.73,295.97,,True
CARB:47401375,rate_overcharge,"Linehaul $1,069.66 vs contract $1,036.58 (Dallas → Phoenix, rate effective 2025-01-01): +$33.08 (+3.2%); est. $41.71 with fuel surcharge",41.71,SHP08300,1069.66,1036.58,,True
CARB:48737147,rate_overcharge,"Linehaul $1,107.94 vs contract $1,073.68 (Dallas → Phoenix, rate effective 2025-01-01): +$34.26 (+3.2%); est. $42.59 with fuel surcharge",42.59,SHP09464,1107.94,1073.68,,True
CARB:50804130,rate_overcharge,"Linehaul $560.01 vs contract $487.22 (Atlanta → Philadelphia, rate effective 2025-01-01): +$72.79 (+14.9%); est. $91.13 with fuel surcharge",91.13,SHP06634,560.01,487.22,,True
CARB:51026360,rate_overcharge,"Linehaul $1,763.27 vs contract $1,695.00 (Memphis → Charlotte, rate effective 2025-01-01): +$68.27 (+4.0%); est. $86.09 with fuel surcharge",86.09,SHP08700,1763.27,1695.0,,True
CARB:51207893,rate_overcharge,"Linehaul $459.48 vs contract $418.09 (Chicago → Miami, rate effective 2025-01-01): +$41.39 (+9.9%); est. $51.08 with fuel surcharge",51.08,SHP05348,459.48,418.09,,True
CARB:52519167,rate_overcharge,"Linehaul $562.67 vs contract $492.68 (Columbus → New York, rate effective 2025-01-01): +$69.99 (+14.2%); est. $88.26 with fuel surcharge",88.26,SHP08035,562.67,492.68,,True
CARB:53455876,rate_overcharge,"Linehaul $514.57 vs contract $483.90 (Chicago → Denver, rate effective 2025-01-01): +$30.67 (+6.3%); est. $38.95 with fuel surcharge",38.95,SHP07395,514.57,483.9,,True
CARB:53788879,rate_overcharge,"Linehaul $845.36 vs contract $819.29 (Dallas → Phoenix, rate effective 2025-01-01): +$26.07 (+3.2%); est. $32.17 with fuel surcharge",32.17,SHP09804,845.36,819.29,,True
CARB:54120519,rate_overcharge,"Linehaul $1,774.83 vs contract $1,539.43 (Chicago → Miami, rate effective 2025-01-01): +$235.40 (+15.3%); est. $284.13 with fuel surcharge",284.13,SHP01180,1774.83,1539.43,,True
CARB:54730605,rate_overcharge,"Linehaul $1,545.93 vs contract $1,439.77 (Columbus → St. Louis, rate effective 2025-01-01): +$106.16 (+7.4%); est. $128.14 with fuel surcharge",128.14,SHP02743,1545.93,1439.77,,True
CARB:55306709,rate_overcharge,"Linehaul $534.70 vs contract $499.75 (Columbus → Phoenix, rate effective 2025-01-01): +$34.95 (+7.0%); est. $43.13 with fuel surcharge",43.13,SHP09922,534.7,499.75,,True
CARB:56575839,rate_overcharge,"Linehaul $840.30 vs contract $814.39 (Dallas → Phoenix, rate effective 2025-01-01): +$25.91 (+3.2%); est. $32.67 with fuel surcharge",32.67,SHP08150,840.3,814.39,,True
CARB:57553492,rate_overcharge,"Linehaul $684.70 vs contract $630.83 (Columbus → Pittsburgh, rate effective 2025-01-01): +$53.87 (+8.5%); est. $65.51 with fuel surcharge",65.51,SHP03527,684.7,630.83,,True
CARB:57706768,rate_overcharge,"Linehaul $511.43 vs contract $485.35 (Chicago → Denver, rate effective 2025-01-01): +$26.08 (+5.4%); est. $31.71 with fuel surcharge",31.71,SHP03899,511.43,485.35,,True
CARB:58195377,rate_overcharge,"Linehaul $848.39 vs contract $822.23 (Dallas → Phoenix, rate effective 2025-01-01): +$26.16 (+3.2%); est. $32.99 with fuel surcharge",32.99,SHP06902,848.39,822.23,,False
CARB:58204872,rate_overcharge,"Linehaul $325.55 vs contract $290.32 (Chicago → St. Louis, rate effective 2025-01-01): +$35.23 (+12.1%); est. $43.16 with fuel surcharge",43.16,SHP04637,325.55,290.32,,True
CARB:60202173,rate_overcharge,"Linehaul $682.59 vs contract $610.00 (Chicago → Miami, rate effective 2025-01-01): +$72.59 (+11.9%); est. $88.27 with fuel surcharge",88.27,SHP01513,682.59,610.0,,True
CARB:60540951,rate_overcharge,"Linehaul $769.97 vs contract $719.64 (Columbus → Phoenix, rate effective 2025-01-01): +$50.33 (+7.0%); est. $63.92 with fuel surcharge",63.92,SHP07482,769.97,719.64,,True
CARB:60815665,rate_overcharge,"Linehaul $1,270.56 vs contract $1,253.98 (Columbus → Seattle, rate effective 2025-01-01): +$16.58 (+1.3%); est. $21.06 with fuel surcharge",21.06,SHP07070,1270.56,1253.98,,True
CARB:61184656,rate_overcharge,"Linehaul $2,930.48 vs contract $2,636.78 (Columbus → Phoenix, rate effective 2025-01-01): +$293.70 (+11.1%); est. $370.36 with fuel surcharge",370.36,SHP06976,2930.48,2636.78,,True
CARB:61601269,rate_overcharge,"Linehaul $397.93 vs contract $371.94 (Columbus → Phoenix, rate effective 2025-01-01): +$25.99 (+7.0%); est. $32.77 with fuel surcharge",32.77,SHP08255,397.93,371.94,,True
CARB:62776696,rate_overcharge,"Linehaul $255.68 vs contract $216.28 (Atlanta → Nashville, rate effective 2025-01-01): +$39.40 (+18.2%); est. $47.56 with fuel surcharge",47.56,SHP00186,255.68,216.28,,True
CARB:62848197,rate_overcharge,"Linehaul $593.97 vs contract $534.70 (Columbus → Miami, rate effective 2025-01-01): +$59.27 (+11.1%); est. $71.54 with fuel surcharge",71.54,SHP03196,593.97,534.7,,True
CARB:63640143,rate_overcharge,"Linehaul $301.24 vs contract $281.22 (Memphis → Charlotte, rate effective 2025-01-01): +$20.02 (+7.1%); est. $24.34 with fuel surcharge",24.34,SHP04195,301.24,281.22,,True
CARB:63847625,rate_overcharge,"Linehaul $516.84 vs contract $404.22 (Dallas → Los Angeles, rate effective 2025-01-01): +$112.62 (+27.9%); est. $136.95 with fuel surcharge",136.95,SHP03923,516.84,404.22,,True
CARB:64480212,rate_overcharge,"Linehaul $929.80 vs contract $869.10 (Columbus → Phoenix, rate effective 2025-01-01): +$60.70 (+7.0%); est. $77.09 with fuel surcharge",77.09,SHP07608,929.8,869.1,,True
CARB:64862759,rate_overcharge,"Linehaul $978.15 vs contract $914.29 (Columbus → Phoenix, rate effective 2025-01-01): +$63.86 (+7.0%); est. $79.38 with fuel surcharge",79.38,SHP05803,978.15,914.29,,True
CARB:65043377,rate_overcharge,"Linehaul $838.78 vs contract $812.92 (Dallas → Phoenix, rate effective 2025-01-01): +$25.86 (+3.2%); est. $32.84 with fuel surcharge",32.84,SHP08612,838.78,812.92,,True
CARB:65341078,rate_overcharge,"Linehaul $2,032.79 vs contract $1,969.74 (Dallas → Phoenix, rate effective 2025-01-01): +$63.05 (+3.2%); est. $79.51 with fuel surcharge",79.51,SHP08906,2032.79,1969.74,,True
CARB:67035191,rate_overcharge,"Linehaul $2,950.56 vs contract $2,757.94 (Columbus → Phoenix, rate effective 2025-01-01): +$192.62 (+7.0%); est. $237.69 with fuel surcharge",237.69,SHP09816,2950.56,2757.94,,True
CARB:67781331,rate_overcharge,"Linehaul $1,408.74 vs contract $1,290.36 (Dallas → Los Angeles, rate effective 2025-01-01): +$118.38 (+9.2%); est. $150.34 with fuel surcharge",150.34,SHP07761,1408.74,1290.36,,True
CARB:69228156,rate_overcharge,"Linehaul $180.90 vs contract $159.30 (Columbus → Detroit, rate effective 2025-01-01): +$21.60 (+13.6%); est. $26.65 with fuel surcharge",26.65,SHP09867,180.9,159.3,,True
CARB:69375612,rate_overcharge,"Linehaul $335.78 vs contract $278.32 (Columbus → Pittsburgh, rate effective 2025-01-01): +$57.46 (+20.6%); est. $69.35 with fuel surcharge",69.35,SHP00886,335.78,278.32,,True
CARB:69727631,rate_overcharge,"Linehaul $347.38 vs contract $278.71 (Columbus → Pittsburgh, rate effective 2025-01-01): +$68.67 (+24.6%); est. $83.50 with fuel surcharge",83.5,SHP01523,347.38,278.71,,True
CARB:69854031,rate_overcharge,"Linehaul $962.99 vs contract $933.22 (Dallas → Phoenix, rate effective 2025-01-01): +$29.77 (+3.2%); est. $37.54 with fuel surcharge",37.54,SHP08858,962.99,933.22,,True
CARB:69939841,rate_overcharge,"Linehaul $402.80 vs contract $376.68 (Columbus → Detroit, rate effective 2025-01-01): +$26.12 (+6.9%); est. $32.00 with fuel surcharge",32.0,SHP05140,402.8,376.68,,True
CARB:70149376,rate_overcharge,"Linehaul $461.54 vs contract $422.01 (Chicago → St. Louis, rate effective 2025-01-01): +$39.53 (+9.4%); est. $50.20 with fuel surcharge",50.2,SHP08509,461.54,422.01,,True
CARB:70371302,rate_overcharge,"Linehaul $365.68 vs contract $317.29 (Columbus → Miami, rate effective 2025-01-01): +$48.39 (+15.3%); est. $61.02 with fuel surcharge",61.02,SHP08049,365.68,317.29,,True
CARB:71001391,rate_overcharge,"Linehaul $214.61 vs contract $205.47 (Chicago → Louisville, rate effective 2025-01-01): +$9.14 (+4.4%); est. $11.20 with fuel surcharge",11.2,SHP04792,214.61,205.47,,True
CARB:71020505,rate_overcharge,"Linehaul $241.44 vs contract $225.01 (Chicago → St. Louis, rate effective 2025-01-01): +$16.43 (+7.3%); est. $20.57 with fuel surcharge",20.57,SHP06770,241.44,225.01,,True
CARB:72421492,rate_overcharge,"Linehaul $320.59 vs contract $306.20 (Columbus → New York, rate effective 2025-01-01): +$14.39 (+4.7%); est. $17.37 with fuel surcharge",17.37,SHP02598,320.59,306.2,,True
CARB:72991494,rate_overcharge,"Linehaul $678.00 vs contract $633.68 (Columbus → Phoenix, rate effective 2025-01-01): +$44.32 (+7.0%); est. $54.29 with fuel surcharge",54.29,SHP04807,678.0,633.68,,True
CARB:73987183,rate_overcharge,"Linehaul $119.61 vs contract $110.00 (Atlanta → Nashville, rate effective 2025-01-01): +$9.61 (+8.7%); est. $12.03 with fuel surcharge",12.03,SHP06717,119.61,110.0,,True
CARB:74143782,rate_overcharge,"Linehaul $510.14 vs contract $473.40 (Atlanta → Louisville, rate effective 2025-01-01): +$36.74 (+7.8%); est. $44.35 with fuel surcharge",44.35,SHP00396,510.14,473.4,,True
CARB:74949386,rate_overcharge,"Linehaul $534.70 vs contract $499.75 (Columbus → Phoenix, rate effective 2025-01-01): +$34.95 (+7.0%); est. $43.13 with fuel surcharge",43.13,SHP09922,534.7,499.75,,False
CARB:75260545,rate_overcharge,"Linehaul $223.32 vs contract $208.42 (Chicago → Louisville, rate effective 2025-01-01): +$14.90 (+7.1%); est. $17.98 with fuel surcharge",17.98,SHP01702,223.32,208.42,,True
CARB:75596162,rate_overcharge,"Linehaul $1,268.80 vs contract $984.06 (Dallas → Phoenix, rate effective 2025-01-01): +$284.74 (+28.9%); est. $348.81 with fuel surcharge",348.81,SHP05293,1268.8,984.06,,True
CARB:76012730,rate_overcharge,"Linehaul $1,102.40 vs contract $1,023.33 (Dallas → Los Angeles, rate effective 2025-01-01): +$79.07 (+7.7%); est. $99.71 with fuel surcharge",99.71,SHP06992,1102.4,1023.33,,True
CARB:77128851,rate_overcharge,"Linehaul $2,732.25 vs contract $2,647.50 (Dallas → Phoenix, rate effective 2025-01-01): +$84.75 (+3.2%); est. $107.63 with fuel surcharge",107.63,SHP07642,2732.25,2647.5,,True
CARB:78509585,rate_overcharge,"Linehaul $278.08 vs contract $262.96 (Atlanta → Philadelphia, rate effective 2025-01-01): +$15.12 (+5.7%); est. $19.20 with fuel surcharge",19.2,SHP08688,278.08,262.96,,True
CARB:79551564,rate_overcharge,"Linehaul $2,309.55 vs contract $2,158.77 (Columbus → Phoenix, rate effective 2025-01-01): +$150.78 (+7.0%); est. $184.71 with fuel surcharge",184.71,SHP05278,2309.55,2158.77,,True
CARB:80087560,rate_overcharge,"Linehaul $1,089.34 vs contract $1,037.00 (Chicago → Miami, rate effective 2025-01-01): +$52.34 (+5.0%); est. $66.00 with fuel surcharge",66.0,SHP08430,1089.34,1037.0,,True
CARB:80128338,rate_overcharge,"Linehaul $478.88 vs contract $406.00 (Atlanta → Louisville, rate effective 2025-01-01): +$72.88 (+18.0%); est. $90.59 with fuel surcharge",90.59,SHP09615,478.88,406.0,,True
CARB:80972627,rate_overcharge,"Linehaul $1,123.29 vs contract $1,071.11 (Atlanta → Denver, rate effective 2025-01-01): +$52.18 (+4.9%); est. $62.98 with fuel surcharge",62.98,SHP01753,1123.29,1071.11,,True
CARB:81069465,rate_overcharge,"Linehaul $209.44 vs contract $190.39 (Atlanta → Denver, rate effective 2025-01-01): +$19.05 (+10.0%); est. $24.19 with fuel surcharge",24.19,SHP08485,209.44,190.39,,True
CARB:82183317,rate_overcharge,"Linehaul $2,021.87 vs contract $1,959.15 (Dallas → Phoenix, rate effective 2025-01-01): +$62.72 (+3.2%); est. $79.65 with fuel surcharge",79.65,SHP08598,2021.87,1959.15,,True
CARB:82516327,rate_overcharge,"Linehaul $164.44 vs contract $153.70 (Columbus → Phoenix, rate effective 2025-01-01): +$10.74 (+7.0%); est. $13.64 with fuel surcharge",13.64,SHP07790,164.44,153.7,,True
CARB:82570208,rate_overcharge,"Linehaul $2,971.78 vs contract $2,507.70 (Memphis → Seattle, rate effective 2025-01-01): +$464.08 (+18.5%); est. $564.32 with fuel surcharge",564.32,SHP04309,2971.78,2507.7,,True
CARB:83540423,rate_overcharge,"Linehaul $275.27 vs contract $247.63 (Chicago → Detroit, rate effective 2025-01-01): +$27.64 (+11.2%); est. $34.85 with fuel surcharge",34.85,SHP07934,275.27,247.63,,True
CARB:83663339,rate_overcharge,"Linehaul $161.46 vs contract $132.09 (Columbus → Detroit, rate effective 2025-01-01): +$29.37 (+22.2%); est. $35.45 with fuel surcharge",35.45,SHP00879,161.46,132.09,,True
CARB:84066238,rate_overcharge,"Linehaul $708.84 vs contract $677.80 (Atlanta → Houston, rate effective 2025-01-01): +$31.04 (+4.6%); est. $37.47 with fuel surcharge",37.47,SHP01737,708.84,677.8,,True
CARB:86016442,rate_overcharge,"Linehaul $911.62 vs contract $822.23 (Dallas → Phoenix, rate effective 2025-01-01): +$89.39 (+10.9%); est. $112.72 with fuel surcharge",112.72,SHP06902,911.62,822.23,,True
CARB:86577873,rate_overcharge,"Linehaul $744.80 vs contract $662.73 (Memphis → Seattle, rate effective 2025-01-01): +$82.07 (+12.4%); est. $104.23 with fuel surcharge",104.23,SHP07208,744.8,662.73,,True
CARB:86885935,rate_overcharge,"Linehaul $392.90 vs contract $351.45 (Chicago → Miami, rate effective 2025-01-01): +$41.45 (+11.8%); est. $50.03 with fuel surcharge",50.03,SHP02140,392.9,351.45,,True
CARB:88050344,rate_overcharge,"Linehaul $152.85 vs contract $135.63 (Chicago → Louisville, rate effective 2025-01-01): +$17.22 (+12.7%); est. $21.40 with fuel surcharge",21.4,SHP06131,152.85,135.63,,True
CARB:88555667,rate_overcharge,"Linehaul $717.37 vs contract $695.25 (Dallas → Phoenix, rate effective 2025-01-01): +$22.12 (+3.2%); est. $28.09 with fuel surcharge",28.09,SHP07655,717.37,695.25,,True
CARB:90652152,rate_overcharge,"Linehaul $116.58 vs contract $110.00 (Columbus → Detroit, rate effective 2025-01-01): +$6.58 (+6.0%); est. $8.30 with fuel surcharge",8.3,SHP08370,116.58,110.0,,True
CARB:91179036,rate_overcharge,"Linehaul $629.83 vs contract $589.71 (Columbus → Phoenix, rate effective 2025-01-01): +$40.12 (+6.8%); est. $49.51 with fuel surcharge",49.51,SHP09968,629.83,589.71,,True
CARB:91548479,rate_overcharge,"Linehaul $358.53 vs contract $298.81 (Columbus → Nashville, rate effective 2025-01-01): +$59.72 (+20.0%); est. $72.62 with fuel surcharge",72.62,SHP03592,358.53,298.81,,True
CARB:92161550,rate_overcharge,"Linehaul $991.68 vs contract $980.95 (Columbus → Seattle, rate effective 2025-01-01): +$10.73 (+1.1%); est. $12.95 with fuel surcharge",12.95,SHP03216,991.68,980.95,,True
CARB:93020317,rate_overcharge,"Linehaul $453.88 vs contract $439.84 (Dallas → Phoenix, rate effective 2025-01-01): +$14.04 (+3.2%); est. $17.20 with fuel surcharge",17.2,SHP04816,453.88,439.84,,True
CARB:93689163,rate_overcharge,"Linehaul $2,873.10 vs contract $2,685.54 (Columbus → Phoenix, rate effective 2025-01-01): +$187.56 (+7.0%); est. $238.20 with fuel surcharge",238.2,SHP07147,2873.1,2685.54,,True
CARB:93719112,rate_overcharge,"Linehaul $261.63 vs contract $253.55 (Dallas → Phoenix, rate effective 2025-01-01): +$8.08 (+3.2%); est. $10.26 with fuel surcharge",10.26,SHP07317,261.63,253.55,,True
CARB:93721497,rate_overcharge,"Linehaul $272.60 vs contract $247.66 (Atlanta → Indianapolis, rate effective 2025-01-01): +$24.94 (+10.1%); est. $31.00 with fuel surcharge",31.0,SHP05626,272.6,247.66,,True
CARB:93932222,rate_overcharge,"Linehaul $1,442.13 vs contract $1,397.53 (Dallas → Phoenix, rate effective 2025-01-01): +$44.60 (+3.2%); est. $56.24 with fuel surcharge",56.24,SHP08831,1442.13,1397.53,,True
CARB:94592387,rate_overcharge,"Linehaul $1,692.62 vs contract $1,446.67 (Columbus → Miami, rate effective 2025-01-01): +$245.95 (+17.0%); est. $305.72 with fuel surcharge",305.72,SHP06327,1692.62,1446.67,,True
CARB:95325074,rate_overcharge,"Linehaul $169.80 vs contract $159.74 (Columbus → Pittsburgh, rate effective 2025-01-01): +$10.06 (+6.3%); est. $12.50 with fuel surcharge",12.5,SHP09481,169.8,159.74,,True
CARB:96446852,rate_overcharge,"Linehaul $533.80 vs contract $523.27 (Memphis → Charlotte, rate effective 2025-01-01): +$10.53 (+2.0%); est. $12.80 with fuel surcharge",12.8,SHP01450,533.8,523.27,,True
CARB:96518365,rate_overcharge,"Linehaul $237.18 vs contract $231.74 (Chicago → St. Louis, rate effective 2025-01-01): +$5.44 (+2.3%); est. $6.57 with fuel surcharge",6.57,SHP00817,237.18,231.74,,True
CARB:97169975,rate_overcharge,"Linehaul $3,180.19 vs contract $2,848.81 (Columbus → Phoenix, rate effective 2025-01-01): +$331.38 (+11.6%); est. $399.98 with fuel surcharge",399.98,SHP02476,3180.19,2848.81,,True
CARB:97565969,rate_overcharge,"Linehaul $1,691.46 vs contract $1,581.03 (Columbus → Phoenix, rate effective 2025-01-01): +$110.43 (+7.0%); est. $137.26 with fuel surcharge",137.26,SHP09525,1691.46,1581.03,,True
CARC:00631922,rate_overcharge,"Linehaul $1,296.94 vs contract $1,232.52 (Chicago → Salt Lake City, rate effective 2025-01-01): +$64.42 (+5.2%); est. $77.75 with fuel surcharge",77.75,SHP02831,1296.94,1232.52,,True
CARC:00877213,rate_overcharge,"Linehaul $2,133.25 vs contract $1,860.10 (Columbus → Kansas City, rate effective 2025-01-01): +$273.15 (+14.7%); est. $332.15 with fuel surcharge",332.15,SHP01109,2133.25,1860.1,,True
CARC:01338096,rate_overcharge,"Linehaul $662.86 vs contract $584.97 (Atlanta → Minneapolis, rate effective 2025-01-01): +$77.89 (+13.3%); est. $98.92 with fuel surcharge",98.92,SHP07560,662.86,584.97,,True
CARC:01632252,rate_overcharge,"Linehaul $318.53 vs contract $270.69 (Columbus → Kansas City, rate effective 2025-01-01): +$47.84 (+17.7%); est. $60.76 with fuel surcharge",60.76,SHP08537,318.53,270.69,,True
CARC:02032554,rate_overcharge,"Linehaul $444.69 vs contract $413.80 (Atlanta → Kansas City, rate effective 2025-01-01): +$30.89 (+7.5%); est. $38.67 with fuel surcharge",38.67,SHP06729,444.69,413.8,,True
CARC:02581213,rate_overcharge,"Linehaul $1,545.01 vs contract $1,511.18 (Chicago → Salt Lake City, rate effective 2025-01-01): +$33.83 (+2.2%); est. $40.83 with fuel surcharge",40.83,SHP03044,1545.01,1511.18,,True
CARC:05489715,rate_overcharge,"Linehaul $2,068.36 vs contract $1,959.95 (Columbus → Los Angeles, rate effective 2025-01-01): +$108.41 (+5.5%); est. $136.71 with fuel surcharge",136.71,SHP08188,2068.36,1959.95,,True
CARC:08537973,rate_overcharge,"Linehaul $313.31 vs contract $275.24 (Chicago → Salt Lake City, rate effective 2025-01-01): +$38.07 (+13.8%); est. $45.95 with fuel surcharge",45.95,SHP01822,313.31,275.24,,True
CARC:09729386,rate_overcharge,"Linehaul $839.20 vs contract $809.67 (Columbus → Miami, rate effective 2025-01-01): +$29.53 (+3.6%); est. $36.71 with fuel surcharge",36.71,SHP09313,839.2,809.67,,True
CARC:10384066,rate_overcharge,"Linehaul $385.72 vs contract $362.97 (Atlanta → Kansas City, rate effective 2025-01-01): +$22.75 (+6.3%); est. $27.66 with fuel surcharge",27.66,SHP00656,385.72,362.97,,True
CARC:10680616,rate_overcharge,"Linehaul $472.48 vs contract $411.31 (Columbus → Kansas City, rate effective 2025-01-01): +$61.17 (+14.9%); est. $73.83 with fuel surcharge",73.83,SHP01786,472.48,411.31,,True
CARC:10829571,rate_overcharge,"Linehaul $601.17 vs contract $580.53 (Atlanta → Kansas City, rate effective 2025-01-01): +$20.64 (+3.6%); est. $25.28 with fuel surcharge",25.28,SHP05189,601.17,580.53,,True
CARC:11095270,rate_overcharge,"Linehaul $334.80 vs contract $305.98 (Chicago → Louisville, rate effective 2025-01-01): +$28.82 (+9.4%); est. $36.34 with fuel surcharge",36.34,SHP08263,334.8,305.98,,True
CARC:12206207,rate_overcharge,"Linehaul $229.99 vs contract $227.15 (Atlanta → Pittsburgh, rate effective 2025-01-01): +$2.84 (+1.3%); est. $3.58 with fuel surcharge",3.58,SHP08206,229.99,227.15,,True
CARC:12577600,rate_overcharge,"Linehaul $1,612.27 vs contract $1,549.70 (Dallas → Charlotte, rate effective 2025-01-01): +$62.57 (+4.0%); est. $77.77 with fuel surcharge",77.77,SHP09307,1612.27,1549.7,,True
CARC:13339032,rate_overcharge,"Linehaul $1,269.51 vs contract $1,147.30 (Dallas → Detroit, rate effective 2025-01-01): +$122.21 (+10.7%); est. $147.51 with fuel surcharge",147.51,SHP00290,1269.51,1147.3,,True
CARC:13500765,rate_overcharge,"Linehaul $345.13 vs contract $335.40 (Atlanta → Detroit, rate effective 2025-01-01): +$9.73 (+2.9%); est. $12.36 with fuel surcharge",12.36,SHP07748,345.13,335.4,,True
CARC:14263491,rate_overcharge,"Linehaul $1,766.67 vs contract $1,616.50 (Dallas → Charlotte, rate effective 2025-01-01): +$150.17 (+9.3%); est. $182.61 with fuel surcharge",182.61,SHP03882,1766.67,1616.5,,True
CARC:14973447,rate_overcharge,"Linehaul $887.34 vs contract $824.97 (Columbus → Miami, rate effective 2025-01-01): +$62.37 (+7.6%); est. $75.28 with fuel surcharge",75.28,SHP04081,887.34,824.97,,True
CARC:15219602,rate_overcharge,"Linehaul $2,355.19 vs contract $1,994.00 (Columbus → Miami, rate effective 2025-01-01): +$361.19 (+18.1%); est. $445.71 with fuel surcharge",445.71,SHP09833,2355.19,1994.0,,True
CARC:15751838,rate_overcharge,"Linehaul $654.25 vs contract $570.20 (Atlanta → Detroit, rate effective 2025-01-01): +$84.05 (+14.7%); est. $105.99 with fuel surcharge",105.99,SHP08797,654.25,570.2,,True
CARC:16329192,rate_overcharge,"Linehaul $531.99 vs contract $478.70 (Chicago → Orlando, rate effective 2025-01-01): +$53.29 (+11.1%); est. $64.80 with fuel surcharge",64.8,SHP00960,531.99,478.7,,True
CARC:16961850,rate_overcharge,"Linehaul $379.01 vs contract $335.51 (Dallas → Detroit, rate effective 2025-01-01): +$43.50 (+13.0%); est. $54.46 with fuel surcharge",54.46,SHP09287,379.01,335.51,,True
CARC:17444352,rate_overcharge,"Linehaul $537.18 vs contract $492.29 (Memphis → St. Louis, rate effective 2025-01-01): +$44.89 (+9.1%); est. $54.18 with fuel surcharge",54.18,SHP01880,537.18,492.29,,True
CARC:17471451,rate_overcharge,"Linehaul $387.04 vs contract $363.20 (Atlanta → Minneapolis, rate effective 2025-01-01): +$23.84 (+6.6%); est. $29.63 with fuel surcharge",29.63,SHP05766,387.04,363.2,,True
CARC:17880207,rate_overcharge,"Linehaul $277.73 vs contract $255.14 (Dallas → St. Louis, rate effective 2025-01-01): +$22.59 (+8.9%); est. $27.27 with fuel surcharge",27.27,SHP03235,277.73,255.14,,True
CARC:17964975,rate_overcharge,"Linehaul $461.41 vs contract $438.88 (Columbus → Indianapolis, rate effective 2025-01-01): +$22.53 (+5.1%); est. $27.19 with fuel surcharge",27.19,SHP02430,461.41,438.88,,True
CARC:18108487,rate_overcharge,"Linehaul $304.04 vs contract $279.21 (Atlanta → Pittsburgh, rate effective 2025-01-01): +$24.83 (+8.9%); est. $31.09 with fuel surcharge",31.09,SHP06646,304.04,279.21,,True
CARC:21344920,rate_overcharge,"Linehaul $1,712.45 vs contract $1,587.18 (Dallas → Pittsburgh, rate effective 2025-01-01): +$125.27 (+7.9%); est. $155.71 with fuel surcharge",155.71,SHP06029,1712.45,1587.18,,True
CARC:21455417,rate_overcharge,"Linehaul $200.14 vs contract $177.12 (Chicago → Louisville, rate effective 2025-01-01): +$23.02 (+13.0%); est. $27.79 with fuel surcharge",27.79,SHP02017,200.14,177.12,,True
CARC:21642943,rate_overcharge,"Linehaul $360.93 vs contract $334.80 (Chicago → Louisville, rate effective 2025-01-01): +$26.13 (+7.8%); est. $31.54 with fuel surcharge",31.54,SHP03285,360.93,334.8,,True
CARC:23018554,rate_overcharge,"Linehaul $686.85 vs contract $609.03 (Atlanta → Kansas City, rate effective 2025-01-01): +$77.82 (+12.8%); est. $98.13 with fuel surcharge",98.13,SHP07845,686.85,609.03,,True
CARC:23104082,rate_overcharge,"Linehaul $130.93 vs contract $121.54 (Atlanta → Minneapolis, rate effective 2025-01-01): +$9.39 (+7.7%); est. $11.76 with fuel surcharge",11.76,SHP09057,130.93,121.54,,True
CARC:23254776,rate_overcharge,"Linehaul $1,559.19 vs contract $1,395.16 (Atlanta → Phoenix, rate effective 2025-01-01): +$164.03 (+11.8%); est. $206.84 with fuel surcharge",206.84,SHP08821,1559.19,1395.16,,True
CARC:23424130,rate_overcharge,"Linehaul $130.80 vs contract $113.68 (Atlanta → Pittsburgh, rate effective 2025-01-01): +$17.12 (+15.1%); est. $20.97 with fuel surcharge",20.97,SHP04658,130.8,113.68,,True
CARC:24106706,rate_overcharge,"Linehaul $477.54 vs contract $433.59 (Dallas → Kansas City, rate effective 2025-01-01): +$43.95 (+10.1%); est. $53.05 with fuel surcharge",53.05,SHP00094,477.54,433.59,,True
CARC:24226323,rate_overcharge,"Linehaul $176.42 vs contract $154.33 (Dallas → Kansas City, rate effective 2025-01-01): +$22.09 (+14.3%); est. $26.86 with fuel surcharge",26.86,SHP00946,176.42,154.33,,True
CARC:25221042,rate_overcharge,"Linehaul $1,478.72 vs contract $1,358.87 (Chicago → Salt Lake City, rate effective 2025-01-01): +$119.85 (+8.8%); est. $145.74 with fuel surcharge",145.74,SHP03642,1478.72,1358.87,,True
CARC:27179465,rate_overcharge,"Linehaul $155.91 vs contract $149.18 (Dallas → Kansas City, rate effective 2025-01-01): +$6.73 (+4.5%); est. $8.12 with fuel surcharge",8.12,SHP00023,155.91,149.18,,True
CARC:27223516,rate_overcharge,"Linehaul $1,975.70 vs contract $1,786.50 (Dallas → Detroit, rate effective 2025-01-01): +$189.20 (+10.6%); est. $240.28 with fuel surcharge",240.28,SHP07286,1975.7,1786.5,,True
CARC:28099324,rate_overcharge,"Linehaul $431.68 vs contract $385.47 (Columbus → Miami, rate effective 2025-01-01): +$46.21 (+12.0%); est. $57.44 with fuel surcharge",57.44,SHP06200,431.68,385.47,,True
CARC:28318354,rate_overcharge,"Linehaul $190.80 vs contract $182.15 (Chicago → Nashville, rate effective 2025-01-01): +$8.65 (+4.7%); est. $10.52 with fuel surcharge",10.52,SHP01007,190.8,182.15,,True
CARC:28704418,rate_overcharge,"Linehaul $221.07 vs contract $203.29 (Dallas → St. Louis, rate effective 2025-01-01): +$17.78 (+8.7%); est. $21.62 with fuel surcharge",21.62,SHP04297,221.07,203.29,,True
CARC:29290436,rate_overcharge,"Linehaul $473.26 vs contract $417.50 (Columbus → Los Angeles, rate effective 2025-01-01): +$55.76 (+13.4%); est. $67.30 with fuel surcharge",67.3,SHP00911,473.26,417.5,,True
CARC:29482483,rate_overcharge,"Linehaul $658.69 vs contract $636.37 (Chicago → Salt Lake City, rate effective 2025-01-01): +$22.32 (+3.5%); est. $27.14 with fuel surcharge",27.14,SHP03663,658.69,636.37,,True
CARC:30049679,rate_overcharge,"Linehaul $5,820.48 vs contract $4,912.21 (Columbus → Los Angeles, rate effective 2025-01-01): +$908.27 (+18.5%); est. $1,128.98 with fuel surcharge",1128.98,SHP05820,5820.48,4912.21,,True
CARC:30064849,rate_overcharge,"Linehaul $306.86 vs contract $288.40 (Atlanta → Pittsburgh, rate effective 2025-01-01): +$18.46 (+6.4%); est. $22.61 with fuel surcharge",22.61,SHP05288,306.86,288.4,,True
CARC:32005804,rate_overcharge,"Linehaul $4,502.01 vs contract $4,015.49 (Columbus → Salt Lake City, rate effective 2025-01-01): +$486.52 (+12.1%); est. $609.12 with fuel surcharge",609.12,SHP09182,4502.01,4015.49,,True
CARC:32053661,rate_overcharge,"Linehaul $850.62 vs contract $686.43 (Columbus → Los Angeles, rate effective 2025-01-01): +$164.19 (+23.9%); est. $204.09 with fuel surcharge",204.09,SHP09428,850.62,686.43,,True
CARC:34307565,rate_overcharge,"Linehaul $440.11 vs contract $415.90 (Atlanta → Detroit, rate effective 2025-01-01): +$24.21 (+5.8%); est. $30.53 with fuel surcharge",30.53,SHP08406,440.11,415.9,,True
CARC:35319452,rate_overcharge,"Linehaul $2,270.34 vs contract $1,843.50 (Atlanta → Kansas City, rate effective 2025-01-01): +$426.84 (+23.2%); est. $519.04 with fuel surcharge",519.04,SHP00978,2270.34,1843.5,,True
CARC:35432464,rate_overcharge,"Linehaul $387.67 vs contract $362.51 (Dallas → Charlotte, rate effective 2025-01-01): +$25.16 (+6.9%); est. $30.59 with fuel surcharge",30.59,SHP03658,387.67,362.51,,True
CARC:35595417,rate_overcharge,"Linehaul $420.91 vs contract $360.12 (Atlanta → Kansas City, rate effective 2025-01-01): +$60.79 (+16.9%); est. $75.56 with fuel surcharge",75.56,SHP06358,420.91,360.12,,True
CARC:37042853,rate_overcharge,"Linehaul $721.18 vs contract $576.20 (Atlanta → Minneapolis, rate effective 2025-01-01): +$144.98 (+25.2%); est. $176.30 with fuel surcharge",176.3,SHP01629,721.18,576.2,,True
CARC:39187766,rate_overcharge,"Linehaul $572.86 vs contract $535.30 (Dallas → Kansas City, rate effective 2025-01-01): +$37.56 (+7.0%); est. $45.33 with fuel surcharge",45.33,SHP02214,572.86,535.3,,True
CARC:41138239,rate_overcharge,"Linehaul $1,299.16 vs contract $1,078.48 (Atlanta → Pittsburgh, rate effective 2025-01-01): +$220.68 (+20.5%); est. $278.28 with fuel surcharge",278.28,SHP08722,1299.16,1078.48,,True
CARC:41206583,rate_overcharge,"Linehaul $307.02 vs contract $273.46 (Atlanta → Detroit, rate effective 2025-01-01): +$33.56 (+12.3%); est. $41.11 with fuel surcharge",41.11,SHP05036,307.02,273.46,,True
CARC:41457394,rate_overcharge,"Linehaul $1,700.79 vs contract $1,359.99 (Columbus → Minneapolis, rate effective 2025-01-01): +$340.80 (+25.1%); est. $411.35 with fuel surcharge",411.35,SHP02396,1700.79,1359.99,,True
CARC:41744938,rate_overcharge,"Linehaul $260.00 vs contract $231.79 (Columbus → Indianapolis, rate effective 2025-01-01): +$28.21 (+12.2%); est. $34.05 with fuel surcharge",34.05,SHP02016,260.0,231.79,,True
CARC:42196409,rate_overcharge,"Linehaul $373.54 vs contract $340.20 (Columbus → Minneapolis, rate effective 2025-01-01): +$33.34 (+9.8%); est. $41.74 with fuel surcharge",41.74,SHP09100,373.54,340.2,,True
CARC:42222929,rate_overcharge,"Linehaul $165.30 vs contract $147.96 (Dallas → Pittsburgh, rate effective 2025-01-01): +$17.34 (+11.7%); est. $20.93 with fuel surcharge",20.93,SHP02373,165.3,147.96,,True
CARC:42884861,rate_overcharge,"Linehaul $405.80 vs contract $377.09 (Chicago → Orlando, rate effective 2025-01-01): +$28.71 (+7.6%); est. $34.91 with fuel surcharge",34.91,SHP04381,405.8,377.09,,True
CARC:43483582,rate_overcharge,"Linehaul $799.44 vs contract $763.40 (Dallas → Charlotte, rate effective 2025-01-01): +$36.04 (+4.7%); est. $44.80 with fuel surcharge",44.8,SHP09342,799.44,763.4,,True
CARC:43787751,rate_overcharge,"Linehaul $391.37 vs contract $363.97 (Chicago → Nashville, rate effective 2025-01-01): +$27.40 (+7.5%); est. $34.55 with fuel surcharge",34.55,SHP06966,391.37,363.97,,True
CARC:44916785,rate_overcharge,"Linehaul $983.69 vs contract $946.79 (Columbus → Kansas City, rate effective 2025-01-01): +$36.90 (+3.9%); est. $45.87 with fuel surcharge",45.87,SHP06520,983.69,946.79,,True
CARC:45253274,rate_overcharge,"Linehaul $1,973.26 vs contract $1,862.78 (Columbus → Seattle, rate effective 2025-01-01): +$110.48 (+5.9%); est. $134.34 with fuel surcharge",134.34,SHP04496,1973.26,1862.78,,True
CARC:45266789,rate_overcharge,"Linehaul $441.55 vs contract $408.60 (Chicago → Nashville, rate effective 2025-01-01): +$32.95 (+8.1%); est. $40.07 with fuel surcharge",40.07,SHP04377,441.55,408.6,,True
CARC:45739232,rate_overcharge,"Linehaul $1,741.22 vs contract $1,549.07 (Chicago → Orlando, rate effective 2025-01-01): +$192.15 (+12.4%); est. $242.30 with fuel surcharge",242.3,SHP07025,1741.22,1549.07,,True
CARC:45932502,rate_overcharge,"Linehaul $2,061.40 vs contract $1,879.02 (Dallas → Charlotte, rate effective 2025-01-01): +$182.38 (+9.7%); est. $220.13 with fuel surcharge",220.13,SHP00300,2061.4,1879.02,,True
CARC:46014865,rate_overcharge,"Linehaul $544.40 vs contract $500.79 (Chicago → Charlotte, rate effective 2025-01-01): +$43.61 (+8.7%); est. $54.60 with fuel surcharge",54.6,SHP09091,544.4,500.79,,True
CARC:46724679,rate_overcharge,"Linehaul $978.94 vs contract $767.41 (Chicago → Salt Lake City, rate effective 2025-01-01): +$211.53 (+27.6%); est. $257.22 with fuel surcharge",257.22,SHP00683,978.94,767.41,,True
CARC:47475949,rate_overcharge,"Linehaul $140.20 vs contract $128.88 (Chicago → Louisville, rate effective 2025-01-01): +$11.32 (+8.8%); est. $14.38 with fuel surcharge",14.38,SHP07054,140.2,128.88,,True
CARC:49378245,rate_overcharge,"Linehaul $167.47 vs contract $152.33 (Columbus → Indianapolis, rate effective 2025-01-01): +$15.14 (+9.9%); est. $19.09 with fuel surcharge",19.09,SHP08080,167.47,152.33,,True
CARC:49397750,rate_overcharge,"Linehaul $255.13 vs contract $224.80 (Columbus → Detroit, rate effective 2025-01-01): +$30.33 (+13.5%); est. $37.97 with fuel surcharge",37.97,SHP08921,255.13,224.8,,True
CARC:49940544,rate_overcharge,"Linehaul $1,321.80 vs contract $1,249.44 (Atlanta → Phoenix, rate effective 2025-01-01): +$72.36 (+5.8%); est. $91.25 with fuel surcharge",91.25,SHP06870,1321.8,1249.44,,True
CARC:50461203,rate_overcharge,"Linehaul $386.87 vs contract $349.21 (Dallas → Detroit, rate effective 2025-01-01): +$37.66 (+10.8%); est. $45.46 with fuel surcharge",45.46,SHP03243,386.87,349.21,,True
CARC:51536784,rate_overcharge,"Linehaul $971.75 vs contract $950.11 (Atlanta → Phoenix, rate effective 2025-01-01): +$21.64 (+2.3%); est. $26.12 with fuel surcharge",26.12,SHP03329,971.75,950.11,,True
CARC:54093682,rate_overcharge,"Linehaul $232.34 vs contract $196.96 (Atlanta → Minneapolis, rate effective 2025-01-01): +$35.38 (+18.0%); est. $43.02 with fuel surcharge",43.02,SHP04134,232.34,196.96,,True
CARC:54599592,rate_overcharge,"Linehaul $315.08 vs contract $289.46 (Columbus → Seattle, rate effective 2025-01-01): +$25.62 (+8.9%); est. $31.62 with fuel surcharge",31.62,SHP09989,315.08,289.46,,True
CARC:56443460,rate_overcharge,"Linehaul $706.43 vs contract $670.06 (Dallas → Charlotte, rate effective 2025-01-01): +$36.37 (+5.4%); est. $44.55 with fuel surcharge",44.55,SHP05273,706.43,670.06,,True
CARC:56497320,rate_overcharge,"Linehaul $196.90 vs contract $193.88 (Chicago → Louisville, rate effective 2025-01-01): +$3.02 (+1.6%); est. $3.78 with fuel surcharge",3.78,SHP09250,196.9,193.88,,True
CARC:57885483,rate_overcharge,"Linehaul $278.94 vs contract $248.08 (Columbus → Minneapolis, rate effective 2025-01-01): +$30.86 (+12.4%); est. $39.19 with fuel surcharge",39.19,SHP07542,278.94,248.08,,True
CARC:58018548,rate_overcharge,"Linehaul $428.38 vs contract $384.65 (Atlanta → Kansas City, rate effective 2025-01-01): +$43.73 (+11.4%); est. $52.78 with fuel surcharge",52.78,SHP01827,428.38,384.65,,True
CARC:59198895,rate_overcharge,"Linehaul $412.60 vs contract $328.95 (Dallas → Charlotte, rate effective 2025-01-01): +$83.65 (+25.4%); est. $100.97 with fuel surcharge",100.97,SHP03341,412.6,328.95,,True
CARC:59915190,rate_overcharge,"Linehaul $180.39 vs contract $167.39 (Chicago → Orlando, rate effective 2025-01-01): +$13.00 (+7.8%); est. $15.93 with fuel surcharge",15.93,SHP04951,180.39,167.39,,True
CARC:61325683,rate_overcharge,"Linehaul $350.33 vs contract $306.27 (Columbus → Kansas City, rate effective 2025-01-01): +$44.06 (+14.4%); est. $53.58 with fuel surcharge",53.58,SHP03712,350.33,306.27,,True
CARC:61388423,rate_overcharge,"Linehaul $171.92 vs contract $154.23 (Chicago → Nashville, rate effective 2025-01-01): +$17.69 (+11.5%); est. $21.51 with fuel surcharge",21.51,SHP04263,171.92,154.23,,True
CARC:62250819,rate_overcharge,"Linehaul $394.97 vs contract $335.23 (Columbus → Detroit, rate effective 2025-01-01): +$59.74 (+17.8%); est. $72.64 with fuel surcharge",72.64,SHP01423,394.97,335.23,,True
CARC:63334449,rate_overcharge,"Linehaul $1,014.58 vs contract $883.79 (Columbus → Seattle, rate effective 2025-01-01): +$130.79 (+14.8%); est. $159.04 with fuel surcharge",159.04,SHP03417,1014.58,883.79,,True
CARC:64083938,rate_overcharge,"Linehaul $719.01 vs contract $672.97 (Columbus → Minneapolis, rate effective 2025-01-01): +$46.04 (+6.8%); est. $55.57 with fuel surcharge",55.57,SHP01907,719.01,672.97,,True
CARC:64706452,rate_overcharge,"Linehaul $998.40 vs contract $868.91 (Dallas → Detroit, rate effective 2025-01-01): +$129.49 (+14.9%); est. $164.45 with fuel surcharge",164.45,SHP07393,998.4,868.91,,True
CARC:64732821,rate_overcharge,"Linehaul $955.71 vs contract $861.85 (Columbus → Salt Lake City, rate effective 2025-01-01): +$93.86 (+10.9%); est. $114.13 with fuel surcharge",114.13,SHP04339,955.71,861.85,,True
CARC:64837644,rate_overcharge,"Linehaul $731.69 vs contract $672.17 (Atlanta → Kansas City, rate effective 2025-01-01): +$59.52 (+8.9%); est. $71.84 with fuel surcharge",71.84,SHP02524,731.69,672.17,,True
CARC:64968565,rate_overcharge,"Linehaul $431.52 vs contract $400.89 (Chicago → Charlotte, rate effective 2025-01-01): +$30.63 (+7.6%); est. $38.90 with fuel surcharge",38.9,SHP07174,431.52,400.89,,True
CARC:65927881,rate_overcharge,"Linehaul $341.67 vs contract $308.58 (Atlanta → Phoenix, rate effective 2025-01-01): +$33.09 (+10.7%); est. $41.13 with fuel surcharge",41.13,SHP09492,341.67,308.58,,True
CARC:67191668,rate_overcharge,"Linehaul $393.47 vs contract $367.61 (Chicago → Louisville, rate effective 2025-01-01): +$25.86 (+7.0%); est. $32.61 with fuel surcharge",32.61,SHP08815,393.47,367.61,,True
CARC:67322365,rate_overcharge,"Linehaul $420.33 vs contract $408.60 (Chicago → Nashville, rate effective 2025-01-01): +$11.73 (+2.9%); est. $14.26 with fuel surcharge",14.26,SHP00586,420.33,408.6,,True
CARC:67514803,rate_overcharge,"Linehaul $243.29 vs contract $204.78 (Dallas → St. Louis, rate effective 2025-01-01): +$38.51 (+18.8%); est. $46.83 with fuel surcharge",46.83,SHP00699,243.29,204.78,,True
CARC:67967043,rate_overcharge,"Linehaul $3,332.60 vs contract $2,872.42 (Columbus → Salt Lake City, rate effective 2025-01-01): +$460.18 (+16.0%); est. $580.29 with fuel surcharge",580.29,SHP08355,3332.6,2872.42,,True
CARC:68329024,rate_overcharge,"Linehaul $982.76 vs contract $899.67 (Dallas → Charlotte, rate effective 2025-01-01): +$83.09 (+9.2%); est. $103.28 with fuel surcharge",103.28,SHP05767,982.76,899.67,,True
CARC:68501549,rate_overcharge,"Linehaul $503.19 vs contract $479.61 (Atlanta → Pittsburgh, rate effective 2025-01-01): +$23.58 (+4.9%); est. $28.46 with fuel surcharge",28.46,SHP01726,503.19,479.61,,True
CARC:68551450,rate_overcharge,"Linehaul $360.64 vs contract $336.24 (Dallas → Kansas City, rate effective 2025-01-01): +$24.40 (+7.3%); est. $30.33 with fuel surcharge",30.33,SHP09606,360.64,336.24,,True
CARC:68651859,rate_overcharge,"Linehaul $420.86 vs contract $402.81 (Dallas → Kansas City, rate effective 2025-01-01): +$18.05 (+4.5%); est. $21.79 with fuel surcharge",21.79,SHP02061,420.86,402.81,,True
CARC:69093429,rate_overcharge,"Linehaul $551.49 vs contract $467.51 (Dallas → Charlotte, rate effective 2025-01-01): +$83.98 (+18.0%); est. $104.39 with fuel surcharge",104.39,SHP06451,551.49,467.51,,True
CARC:69175171,rate_overcharge,"Linehaul $1,234.47 vs contract $1,152.22 (Columbus → Miami, rate effective 2025-01-01): +$82.25 (+7.1%); est. $102.24 with fuel surcharge",102.24,SHP06232,1234.47,1152.22,,True
CARC:70068113,rate_overcharge,"Linehaul $749.82 vs contract $660.58 (Atlanta → Detroit, rate effective 2025-01-01): +$89.24 (+13.5%); est. $112.53 with fuel surcharge",112.53,SHP06896,749.82,660.58,,True
CARC:70415046,rate_overcharge,"Linehaul $435.35 vs contract $408.60 (Chicago → Nashville, rate effective 2025-01-01): +$26.75 (+6.5%); est. $33.73 with fuel surcharge",33.73,SHP06924,435.35,408.6,,True
CARC:70612053,rate_overcharge,"Linehaul $451.19 vs contract $424.23 (Columbus → Minneapolis, rate effective 2025-01-01): +$26.96 (+6.4%); est. $34.00 with fuel surcharge",34.0,SHP08743,451.19,424.23,,True
CARC:70675354,rate_overcharge,"Linehaul $720.64 vs contract $672.68 (Columbus → Minneapolis, rate effective 2025-01-01): +$47.96 (+7.1%); est. $60.05 with fuel surcharge",60.05,SHP09187,720.64,672.68,,True
CARC:71856414,rate_overcharge,"Linehaul $189.88 vs contract $155.83 (Columbus → Detroit, rate effective 2025-01-01): +$34.05 (+21.9%); est. $42.94 with fuel surcharge",42.94,SHP08445,189.88,155.83,,True
CARC:72514243,rate_overcharge,"Linehaul $604.37 vs contract $466.78 (Atlanta → Minneapolis, rate effective 2025-01-01): +$137.59 (+29.5%); est. $166.07 with fuel surcharge",166.07,SHP02036,604.37,466.78,,True
CARC:73102653,rate_overcharge,"Linehaul $239.05 vs contract $209.90 (Atlanta → Pittsburgh, rate effective 2025-01-01): +$29.15 (+13.9%); est. $35.71 with fuel surcharge",35.71,SHP05220,239.05,209.9,,True
CARC:73248374,rate_overcharge,"Linehaul $154.50 vs contract $137.52 (Columbus → Detroit, rate effective 2025-01-01): +$16.98 (+12.3%); est. $20.95 with fuel surcharge",20.95,SHP09943,154.5,137.52,,True
CARC:74444182,rate_overcharge,"Linehaul $195.65 vs contract $181.88 (Columbus → Minneapolis, rate effective 2025-01-01): +$13.77 (+7.6%); est. $16.62 with fuel surcharge",16.62,SHP03301,195.65,181.88,,True
CARC:75030671,rate_overcharge,"Linehaul $378.27 vs contract $291.19 (Columbus → Detroit, rate effective 2025-01-01): +$87.08 (+29.9%); est. $105.11 with fuel surcharge",105.11,SHP01903,378.27,291.19,,True
CARC:75247006,rate_overcharge,"Linehaul $991.21 vs contract $892.74 (Chicago → Orlando, rate effective 2025-01-01): +$98.47 (+11.0%); est. $118.85 with fuel surcharge",118.85,SHP01173,991.21,892.74,,True
CARC:75660148,rate_overcharge,"Linehaul $303.03 vs contract $299.35 (Chicago → Charlotte, rate effective 2025-01-01): +$3.68 (+1.2%); est. $4.61 with fuel surcharge",4.61,SHP09235,303.03,299.35,,True
CARC:75690354,rate_overcharge,"Linehaul $2,176.52 vs contract $1,973.68 (Columbus → Salt Lake City, rate effective 2025-01-01): +$202.84 (+10.3%); est. $248.48 with fuel surcharge",248.48,SHP04920,2176.52,1973.68,,True
CARC:76058521,rate_overcharge,"Linehaul $1,417.58 vs contract $1,367.05 (Dallas → Detroit, rate effective 2025-01-01): +$50.53 (+3.7%); est. $64.17 with fuel surcharge",64.17,SHP07536,1417.58,1367.05,,True
CARC:76452508,rate_overcharge,"Linehaul $184.10 vs contract $162.98 (Chicago → Charlotte, rate effective 2025-01-01): +$21.12 (+13.0%); est. $26.25 with fuel surcharge",26.25,SHP06283,184.1,162.98,,True
CARC:76788844,rate_overcharge,"Linehaul $547.05 vs contract $482.08 (Dallas → Kansas City, rate effective 2025-01-01): +$64.97 (+13.5%); est. $80.76 with fuel surcharge",80.76,SHP09627,547.05,482.08,,True
CARC:78169540,rate_overcharge,"Linehaul $667.79 vs contract $601.76 (Columbus → Detroit, rate effective 2025-01-01): +$66.03 (+11.0%); est. $79.70 with fuel surcharge",79.7,SHP03115,667.79,601.76,,True
CARC:78721511,rate_overcharge,"Linehaul $176.11 vs contract $155.23 (Dallas → Kansas City, rate effective 2025-01-01): +$20.88 (+13.5%); est. $25.39 with fuel surcharge",25.39,SHP03775,176.11,155.23,,True
CARC:79224238,rate_overcharge,"Linehaul $876.06 vs contract $813.80 (Chicago → Orlando, rate effective 2025-01-01): +$62.26 (+7.7%); est. $75.15 with fuel surcharge",75.15,SHP01150,876.06,813.8,,True
CARC:79871286,rate_overcharge,"Linehaul $809.08 vs contract $800.25 (Atlanta → Pittsburgh, rate effective 2025-01-01): +$8.83 (+1.1%); est. $10.74 with fuel surcharge",10.74,SHP03891,809.08,800.25,,True
CARC:80363905,rate_overcharge,"Linehaul $1,228.70 vs contract $1,211.62 (Columbus → Seattle, rate effective 2025-01-01): +$17.08 (+1.4%); est. $20.92 with fuel surcharge",20.92,SHP05216,1228.7,1211.62,,True
CARC:80620252,rate_overcharge,"Linehaul $414.14 vs contract $373.60 (Dallas → Kansas City, rate effective 2025-01-01): +$40.54 (+10.9%); est. $49.66 with fuel surcharge",49.66,SHP04895,414.14,373.6,,True
CARC:81131165,rate_overcharge,"Linehaul $306.41 vs contract $302.99 (Dallas → Detroit, rate effective 2025-01-01): +$3.42 (+1.1%); est. $4.34 with fuel surcharge",4.34,SHP07487,306.41,302.99,,True
CARC:83319190,rate_overcharge,"Linehaul $4,316.81 vs contract $4,023.00 (Columbus → Salt Lake City, rate effective 2025-01-01): +$293.81 (+7.3%); est. $373.14 with fuel surcharge",373.14,SHP08620,4316.81,4023.0,,True
CARC:83351040,rate_overcharge,"Linehaul $1,611.73 vs contract $1,363.52 (Chicago → Orlando, rate effective 2025-01-01): +$248.21 (+18.2%); est. $301.82 with fuel surcharge",301.82,SHP01037,1611.73,1363.52,,True
CARC:84810514,rate_overcharge,"Linehaul $679.27 vs contract $606.54 (Columbus → Indianapolis, rate effective 2025-01-01): +$72.73 (+12.0%); est. $89.75 with fuel surcharge",89.75,SHP09956,679.27,606.54,,True
CARC:86441997,rate_overcharge,"Linehaul $742.66 vs contract $706.34 (Atlanta → Phoenix, rate effective 2025-01-01): +$36.32 (+5.1%); est. $44.17 with fuel surcharge",44.17,SHP04368,742.66,706.34,,True
CARC:86550134,rate_overcharge,"Linehaul $610.96 vs contract $570.20 (Atlanta → Detroit, rate effective 2025-01-01): +$40.76 (+7.1%); est. $49.56 with fuel surcharge",49.56,SHP01066,610.96,570.2,,True
CARC:89030029,rate_overcharge,"Linehaul $730.24 vs contract $616.17 (Dallas → Charlotte, rate effective 2025-01-01): +$114.07 (+18.5%); est. $138.71 with fuel surcharge",138.71,SHP04346,730.24,616.17,,True
CARC:90170795,rate_overcharge,"Linehaul $596.48 vs contract $546.93 (Dallas → Kansas City, rate effective 2025-01-01): +$49.55 (+9.1%); est. $61.59 with fuel surcharge",61.59,SHP06167,596.48,546.93,,True
CARC:90625445,rate_overcharge,"Linehaul $958.59 vs contract $848.29 (Atlanta → Pittsburgh, rate effective 2025-01-01): +$110.30 (+13.0%); est. $133.13 with fuel surcharge",133.13,SHP01133,958.59,848.29,,True
CARC:91002567,rate_overcharge,"Linehaul $146.12 vs contract $132.72 (Chicago → Charlotte, rate effective 2025-01-01): +$13.40 (+10.1%); est. $16.42 with fuel surcharge",16.42,SHP05214,146.12,132.72,,True
CARC:91238456,rate_overcharge,"Linehaul $128.64 vs contract $124.47 (Memphis → St. Louis, rate effective 2025-01-01): +$4.17 (+3.4%); est. $5.22 with fuel surcharge",5.22,SHP09042,128.64,124.47,,True
CARC:91508146,rate_overcharge,"Linehaul $407.10 vs contract $375.01 (Chicago → Salt Lake City, rate effective 2025-01-01): +$32.09 (+8.6%); est. $38.73 with fuel surcharge",38.73,SHP01865,407.1,375.01,,True
CARC:91655680,rate_overcharge,"Linehaul $1,839.28 vs contract $1,720.32 (Atlanta → Phoenix, rate effective 2025-01-01): +$118.96 (+6.9%); est. $143.58 with fuel surcharge",143.58,SHP02286,1839.28,1720.32,,True
CARC:92418490,rate_overcharge,"Linehaul $125.41 vs contract $110.00 (Atlanta → Pittsburgh, rate effective 2025-01-01): +$15.41 (+14.0%); est. $19.57 with fuel surcharge",19.57,SHP07768,125.41,110.0,,True
CARC:92473175,rate_overcharge,"Linehaul $171.33 vs contract $133.18 (Chicago → Louisville, rate effective 2025-01-01): +$38.15 (+28.6%); est. $46.39 with fuel surcharge",46.39,SHP03673,171.33,133.18,,True
CARC:93253292,rate_overcharge,"Linehaul $516.54 vs contract $474.95 (Columbus → Kansas City, rate effective 2025-01-01): +$41.59 (+8.8%); est. $50.95 with fuel surcharge",50.95,SHP04577,516.54,474.95,,True
CARC:93627435,rate_overcharge,"Linehaul $265.69 vs contract $250.74 (Columbus → Detroit, rate effective 2025-01-01): +$14.95 (+6.0%); est. $18.85 with fuel surcharge",18.85,SHP06951,265.69,250.74,,True
CARC:95091960,rate_overcharge,"Linehaul $408.60 vs contract $338.72 (Chicago → Nashville, rate effective 2025-01-01): +$69.88 (+20.6%); est. $84.35 with fuel surcharge",84.35,SHP02756,408.6,338.72,,True
CARC:95553600,rate_overcharge,"Linehaul $533.35 vs contract $493.70 (Columbus → Miami, rate effective 2025-01-01): +$39.65 (+8.0%); est. $47.86 with fuel surcharge",47.86,SHP03153,533.35,493.7,,True
CARC:95627629,rate_overcharge,"Linehaul $1,349.35 vs contract $1,266.40 (Columbus → Salt Lake City, rate effective 2025-01-01): +$82.95 (+6.6%); est. $100.87 with fuel surcharge",100.87,SHP00710,1349.35,1266.4,,True
CARC:98132008,rate_overcharge,"Linehaul $604.40 vs contract $548.54 (Columbus → Kansas City, rate effective 2025-01-01): +$55.86 (+10.2%); est. $70.94 with fuel surcharge",70.94,SHP07390,604.4,548.54,,True
CARC:98137120,rate_overcharge,"Linehaul $154.49 vs contract $137.55 (Columbus → Indianapolis, rate effective 2025-01-01): +$16.94 (+12.3%); est. $21.06 with fuel surcharge",21.06,SHP05882,154.49,137.55,,True
CARC:99082698,rate_overcharge,"Linehaul $403.51 vs contract $386.19 (Columbus → Salt Lake City, rate effective 2025-01-01): +$17.32 (+4.5%); est. $22.00 with fuel surcharge",22.0,SHP08517,403.51,386.19,,True
CARC:99641072,rate_overcharge,"Linehaul $244.26 vs contract $227.36 (Columbus → Indianapolis, rate effective 2025-01-01): +$16.90 (+7.4%); est. $21.31 with fuel surcharge",21.31,SHP08780,244.26,227.36,,True
CARD:00018997,rate_overcharge,"Linehaul $157.07 vs contract $129.10 (Dallas → Miami, rate effective 2025-01-01): +$27.97 (+21.7%); est. $35.27 with fuel surcharge",35.27,SHP07888,157.07,129.1,,True
CARD:00442684,rate_overcharge,"Linehaul $843.78 vs contract $659.48 (Dallas → Kansas City, rate effective 2025-01-01): +$184.30 (+27.9%); est. $222.45 with fuel surcharge",222.45,SHP00125,843.78,659.48,,True
CARD:01989201,rate_overcharge,"Linehaul $117.85 vs contract $110.00 (Columbus → Indianapolis, rate effective 2025-01-01): +$7.85 (+7.1%); est. $9.55 with fuel surcharge",9.55,SHP01469,117.85,110.0,,True
CARD:02627567,rate_overcharge,"Linehaul $280.00 vs contract $268.20 (Memphis → Nashville, rate effective 2025-01-01): +$11.80 (+4.4%); est. $14.88 with fuel surcharge",14.88,SHP08021,280.0,268.2,,True
CARD:02819059,rate_overcharge,"Linehaul $407.00 vs contract $373.34 (Dallas → Phoenix, rate effective 2025-01-01): +$33.66 (+9.0%); est. $42.45 with fuel surcharge",42.45,SHP07982,407.0,373.34,,True
CARD:03362852,rate_overcharge,"Linehaul $209.04 vs contract $201.39 (Columbus → Louisville, rate effective 2025-01-01): +$7.65 (+3.8%); est. $9.51 with fuel surcharge",9.51,SHP06402,209.04,201.39,,True
CARD:03501284,rate_overcharge,"Linehaul $568.30 vs contract $542.09 (Dallas → Kansas City, rate effective 2025-01-01): +$26.21 (+4.8%); est. $31.87 with fuel surcharge",31.87,SHP04173,568.3,542.09,,True
CARD:04170591,rate_overcharge,"Linehaul $1,109.65 vs contract $1,040.91 (Atlanta → Boston, rate effective 2025-01-01): +$68.74 (+6.6%); est. $82.97 with fuel surcharge",82.97,SHP02282,1109.65,1040.91,,True
CARD:04562850,rate_overcharge,"Linehaul $1,353.16 vs contract $1,230.66 (Dallas → Louisville, rate effective 2025-01-01): +$122.50 (+10.0%); est. $147.86 with fuel surcharge",147.86,SHP00267,1353.16,1230.66,,True
CARD:05506050,rate_overcharge,"Linehaul $328.44 vs contract $314.60 (Memphis → Nashville, rate effective 2025-01-01): +$13.84 (+4.4%); est. $17.45 with fuel surcharge",17.45,SHP07898,328.44,314.6,,True
CARD:05748326,rate_overcharge,"Linehaul $312.00 vs contract $299.98 (Memphis → Nashville, rate effective 2025-01-01): +$12.02 (+4.0%); est. $15.16 with fuel surcharge",15.16,SHP06852,312.0,299.98,,True
CARD:06221289,rate_overcharge,"Linehaul $245.71 vs contract $197.15 (Atlanta → Nashville, rate effective 2025-01-01): +$48.56 (+24.6%); est. $59.92 with fuel surcharge",59.92,SHP05477,245.71,197.15,,True
CARD:06558571,rate_overcharge,"Linehaul $409.22 vs contract $361.81 (Dallas → Kansas City, rate effective 2025-01-01): +$47.41 (+13.1%); est. $57.22 with fuel surcharge",57.22,SHP02725,409.22,361.81,,True
CARD:06630746,rate_overcharge,"Linehaul $504.39 vs contract $480.89 (Columbus → New York, rate effective 2025-01-01): +$23.50 (+4.9%); est. $28.36 with fuel surcharge",28.36,SHP01137,504.39,480.89,,True
CARD:06964459,rate_overcharge,"Linehaul $361.48 vs contract $346.25 (Memphis → Nashville, rate effective 2025-01-01): +$15.23 (+4.4%); est. $18.93 with fuel surcharge",18.93,SHP06308,361.48,346.25,,True
CARD:07950859,rate_overcharge,"Linehaul $166.70 vs contract $160.60 (Columbus → Louisville, rate effective 2025-01-01): +$6.10 (+3.8%); est. $7.58 with fuel surcharge",7.58,SHP06197,166.7,160.6,,True
CARD:08383941,rate_overcharge,"Linehaul $275.60 vs contract $239.58 (Atlanta → Pittsburgh, rate effective 2025-01-01): +$36.02 (+15.0%); est. $43.80 with fuel surcharge",43.8,SHP03379,275.6,239.58,,True
CARD:08498780,rate_overcharge,"Linehaul $1,085.00 vs contract $934.17 (Dallas → Boston, rate effective 2025-01-01): +$150.83 (+16.1%); est. $182.05 with fuel surcharge",182.05,SHP02853,1085.0,934.17,,True
CARD:09105114,rate_overcharge,"Linehaul $1,168.82 vs contract $944.58 (Dallas → Phoenix, rate effective 2025-01-01): +$224.24 (+23.7%); est. $272.68 with fuel surcharge",272.68,SHP04225,1168.82,944.58,,True
CARD:09670033,rate_overcharge,"Linehaul $320.82 vs contract $290.36 (Memphis → Pittsburgh, rate effective 2025-01-01): +$30.46 (+10.5%); est. $38.41 with fuel surcharge",38.41,SHP08841,320.82,290.36,,True
CARD:11284440,rate_overcharge,"Linehaul $187.02 vs contract $175.20 (Dallas → Kansas City, rate effective 2025-01-01): +$11.82 (+6.7%); est. $15.01 with fuel surcharge",15.01,SHP07322,187.02,175.2,,True
CARD:11594019,rate_overcharge,"Linehaul $280.00 vs contract $268.20 (Memphis → Nashville, rate effective 2025-01-01): +$11.80 (+4.4%); est. $14.56 with fuel surcharge",14.56,SHP09980,280.0,268.2,,True
CARD:12089293,rate_overcharge,"Linehaul $193.57 vs contract $172.57 (Dallas → Kansas City, rate effective 2025-01-01): +$21.00 (+12.2%); est. $26.10 with fuel surcharge",26.1,SHP06498,193.57,172.57,,True
CARD:13615254,rate_overcharge,"Linehaul $224.27 vs contract $214.16 (Memphis → Nashville, rate effective 2025-01-01): +$10.11 (+4.7%); est. $12.48 with fuel surcharge",12.48,SHP09837,224.27,214.16,,True
CARD:14173968,rate_overcharge,"Linehaul $768.16 vs contract $740.02 (Columbus → Louisville, rate effective 2025-01-01): +$28.14 (+3.8%); est. $35.48 with fuel surcharge",35.48,SHP08151,768.16,740.02,,True
CARD:15179582,rate_overcharge,"Linehaul $460.80 vs contract $431.60 (Dallas → Kansas City, rate effective 2025-01-01): +$29.20 (+6.8%); est. $37.08 with fuel surcharge",37.08,SHP07179,460.8,431.6,,True
CARD:16027197,rate_overcharge,"Linehaul $303.65 vs contract $273.00 (Columbus → Louisville, rate effective 2025-01-01): +$30.65 (+11.2%); est. $38.10 with fuel surcharge",38.1,SHP05511,303.65,273.0,,True
CARD:16049153,rate_overcharge,"Linehaul $456.91 vs contract $428.08 (Dallas → Kansas City, rate effective 2025-01-01): +$28.83 (+6.7%); est. $36.10 with fuel surcharge",36.1,SHP09115,456.91,428.08,,True
CARD:16072969,rate_overcharge,"Linehaul $241.94 vs contract $231.66 (Memphis → Nashville, rate effective 2025-01-01): +$10.28 (+4.4%); est. $13.06 with fuel surcharge",13.06,SHP07331,241.94,231.66,,True
CARD:16077883,rate_overcharge,"Linehaul $329.05 vs contract $313.07 (Dallas → Seattle, rate effective 2025-01-01): +$15.98 (+5.1%); est. $19.58 with fuel surcharge",19.58,SHP04737,329.05,313.07,,True
CARD:16457030,rate_overcharge,"Linehaul $305.15 vs contract $298.12 (Chicago → Detroit, rate effective 2025-01-01): +$7.03 (+2.4%); est. $8.74 with fuel surcharge",8.74,SHP09665,305.15,298.12,,True
CARD:16664492,rate_overcharge,"Linehaul $331.43 vs contract $310.52 (Dallas → Kansas City, rate effective 2025-01-01): +$20.91 (+6.7%); est. $25.99 with fuel surcharge",25.99,SHP06244,331.43,310.52,,True
CARD:16879159,rate_overcharge,"Linehaul $166.70 vs contract $160.60 (Columbus → Louisville, rate effective 2025-01-01): +$6.10 (+3.8%); est. $7.64 with fuel surcharge",7.64,SHP06779,166.7,160.6,,True
CARD:17053196,rate_overcharge,"Linehaul $472.09 vs contract $442.17 (Dallas → Kansas City, rate effective 2025-01-01): +$29.92 (+6.8%); est. $36.65 with fuel surcharge",36.65,SHP05328,472.09,442.17,,True
CARD:18202087,rate_overcharge,"Linehaul $244.43 vs contract $222.30 (Chicago → Indianapolis, rate effective 2025-01-01): +$22.13 (+10.0%); est. $26.91 with fuel surcharge",26.91,SHP01003,244.43,222.3,,True
CARD:19169875,rate_overcharge,"Linehaul $690.49 vs contract $618.03 (Memphis → Orlando, rate effective 2025-01-01): +$72.46 (+11.7%); est. $91.37 with fuel surcharge",91.37,SHP07925,690.49,618.03,,True
CARD:19768676,rate_overcharge,"Linehaul $232.58 vs contract $205.60 (Memphis → Orlando, rate effective 2025-01-01): +$26.98 (+13.1%); est. $32.56 with fuel surcharge",32.56,SHP01886,232.58,205.6,,True
CARD:20325923,rate_overcharge,"Linehaul $333.81 vs contract $277.37 (Memphis → Pittsburgh, rate effective 2025-01-01): +$56.44 (+20.3%); est. $69.14 with fuel surcharge",69.14,SHP04732,333.81,277.37,,True
CARD:21386074,rate_overcharge,"Linehaul $1,118.26 vs contract $988.29 (Dallas → Louisville, rate effective 2025-01-01): +$129.97 (+13.2%); est. $159.21 with fuel surcharge",159.21,SHP05033,1118.26,988.29,,True
CARD:21529810,rate_overcharge,"Linehaul $187.33 vs contract $175.49 (Dallas → Kansas City, rate effective 2025-01-01): +$11.84 (+6.7%); est. $14.50 with fuel surcharge",14.5,SHP05165,187.33,175.49,,False
CARD:22453636,rate_overcharge,"Linehaul $277.77 vs contract $260.25 (Dallas → Kansas City, rate effective 2025-01-01): +$17.52 (+6.7%); est. $22.09 with fuel surcharge",22.09,SHP08444,277.77,260.25,,True
CARD:22676511,rate_overcharge,"Linehaul $323.03 vs contract $302.65 (Dallas → Kansas City, rate effective 2025-01-01): +$20.38 (+6.7%); est. $25.88 with fuel surcharge",25.88,SHP08483,323.03,302.65,,True
CARD:23385084,rate_overcharge,"Linehaul $235.96 vs contract $218.84 (Columbus → Indianapolis, rate effective 2025-01-01): +$17.12 (+7.8%); est. $21.28 with fuel surcharge",21.28,SHP05682,235.96,218.84,,True
CARD:24019583,rate_overcharge,"Linehaul $280.00 vs contract $264.15 (Memphis → Nashville, rate effective 2025-01-01): +$15.85 (+6.0%); est. $19.70 with fuel surcharge",19.7,SHP06538,280.0,264.15,,True
CARD:24669605,rate_overcharge,"Linehaul $283.81 vs contract $269.54 (Chicago → Detroit, rate effective 2025-01-01): +$14.27 (+5.3%); est. $17.22 with fuel surcharge",17.22,SHP02427,283.81,269.54,,True
CARD:25578533,rate_overcharge,"Linehaul $2,650.23 vs contract $2,499.28 (Columbus → Los Angeles, rate effective 2025-01-01): +$150.95 (+6.0%); est. $183.56 with fuel surcharge",183.56,SHP00652,2650.23,2499.28,,True
CARD:25683763,rate_overcharge,"Linehaul $187.76 vs contract $179.78 (Memphis → Nashville, rate effective 2025-01-01): +$7.98 (+4.4%); est. $9.92 with fuel surcharge",9.92,SHP05635,187.76,179.78,,True
CARD:25852421,rate_overcharge,"Linehaul $291.28 vs contract $260.93 (Columbus → New York, rate effective 2025-01-01): +$30.35 (+11.6%); est. $36.63 with fuel surcharge",36.63,SHP00250,291.28,260.93,,True
CARD:26144231,rate_overcharge,"Linehaul $280.00 vs contract $268.20 (Memphis → Nashville, rate effective 2025-01-01): +$11.80 (+4.4%); est. $14.77 with fuel surcharge",14.77,SHP09000,280.0,268.2,,True
CARD:26981957,rate_overcharge,"Linehaul $314.65 vs contract $290.20 (Columbus → Indianapolis, rate effective 2025-01-01): +$24.45 (+8.4%); est. $29.51 with fuel surcharge",29.51,SHP03957,314.65,290.2,,True
CARD:27066532,rate_overcharge,"Linehaul $164.70 vs contract $157.70 (Memphis → Nashville, rate effective 2025-01-01): +$7.00 (+4.4%); est. $8.70 with fuel surcharge",8.7,SHP05740,164.7,157.7,,True
CARD:27172395,rate_overcharge,"Linehaul $280.00 vs contract $268.20 (Memphis → Nashville, rate effective 2025-01-01): +$11.80 (+4.4%); est. $14.67 with fuel surcharge",14.67,SHP06225,280.0,268.2,,True
CARD:27812279,rate_overcharge,"Linehaul $363.60 vs contract $350.26 (Columbus → Louisville, rate effective 2025-01-01): +$13.34 (+3.8%); est. $16.82 with fuel surcharge",16.82,SHP08382,363.6,350.26,,True
CARD:28555486,rate_overcharge,"Linehaul $339.83 vs contract $318.39 (Dallas → Kansas City, rate effective 2025-01-01): +$21.44 (+6.7%); est. $27.23 with fuel surcharge",27.23,SHP07432,339.83,318.39,,True
CARD:28661143,rate_overcharge,"Linehaul $289.16 vs contract $270.91 (Dallas → Kansas City, rate effective 2025-01-01): +$18.25 (+6.7%); est. $23.01 with fuel surcharge",23.01,SHP08134,289.16,270.91,,True
CARD:29253101,rate_overcharge,"Linehaul $371.55 vs contract $366.18 (Memphis → Orlando, rate effective 2025-01-01): +$5.37 (+1.5%); est. $6.48 with fuel surcharge",6.48,SHP00106,371.55,366.18,,True
CARD:29330070,rate_overcharge,"Linehaul $269.34 vs contract $253.40 (Columbus → Pittsburgh, rate effective 2025-01-01): +$15.94 (+6.3%); est. $19.24 with fuel surcharge",19.24,SHP00925,269.34,253.4,,True
CARD:29710731,rate_overcharge,"Linehaul $162.40 vs contract $153.65 (Atlanta → Nashville, rate effective 2025-01-01): +$8.75 (+5.7%); est. $10.80 with fuel surcharge",10.8,SHP09899,162.4,153.65,,True
CARD:30052561,rate_overcharge,"Linehaul $4,389.26 vs contract $3,901.50 (Dallas → Seattle, rate effective 2025-01-01): +$487.76 (+12.5%); est. $606.29 with fuel surcharge",606.29,SHP05793,4389.26,3901.5,,True
CARD:30236308,rate_overcharge,"Linehaul $1,391.82 vs contract $1,270.57 (Dallas → Seattle, rate effective 2025-01-01): +$121.25 (+9.5%); est. $146.35 with fuel surcharge",146.35,SHP00824,1391.82,1270.57,,True
CARD:30269489,rate_overcharge,"Linehaul $270.87 vs contract $253.75 (Dallas → Kansas City, rate effective 2025-01-01): +$17.12 (+6.7%); est. $21.74 with fuel surcharge",21.74,SHP07274,270.87,253.75,,True
CARD:31543482,rate_overcharge,"Linehaul $1,577.62 vs contract $1,397.69 (Dallas → Seattle, rate effective 2025-01-01): +$179.93 (+12.9%); est. $222.03 with fuel surcharge",222.03,SHP05468,1577.62,1397.69,,True
CARD:31716466,rate_overcharge,"Linehaul $256.72 vs contract $247.32 (Columbus → Louisville, rate effective 2025-01-01): +$9.40 (+3.8%); est. $11.52 with fuel surcharge",11.52,SHP04832,256.72,247.32,,True
CARD:32283816,rate_overcharge,"Linehaul $117.73 vs contract $110.00 (Columbus → New York, rate effective 2025-01-01): +$7.73 (+7.0%); est. $9.54 with fuel surcharge",9.54,SHP05501,117.73,110.0,,True
CARD:32595496,rate_overcharge,"Linehaul $240.05 vs contract $231.26 (Columbus → Louisville, rate effective 2025-01-01): +$8.79 (+3.8%); est. $10.93 with fuel surcharge",10.93,SHP05931,240.05,231.26,,True
CARD:33164800,rate_overcharge,"Linehaul $130.79 vs contract $110.00 (Memphis → Nashville, rate effective 2025-01-01): +$20.79 (+18.9%); est. $25.28 with fuel surcharge",25.28,SHP03716,130.79,110.0,,True
CARD:34104234,rate_overcharge,"Linehaul $318.50 vs contract $305.08 (Memphis → Nashville, rate effective 2025-01-01): +$13.42 (+4.4%); est. $16.92 with fuel surcharge",16.92,SHP06981,318.5,305.08,,True
CARD:34549117,rate_overcharge,"Linehaul $889.50 vs contract $852.00 (Memphis → Nashville, rate effective 2025-01-01): +$37.50 (+4.4%); est. $45.94 with fuel surcharge",45.94,SHP05112,889.5,852.0,,True
CARD:35852010,rate_overcharge,"Linehaul $777.13 vs contract $740.13 (Dallas → Phoenix, rate effective 2025-01-01): +$37.00 (+5.0%); est. $45.99 with fuel surcharge",45.99,SHP06521,777.13,740.13,,True
CARD:36402500,rate_overcharge,"Linehaul $550.04 vs contract $459.40 (Dallas → Boston, rate effective 2025-01-01): +$90.64 (+19.7%); est. $109.40 with fuel surcharge",109.4,SHP02991,550.04,459.4,,True
CARD:37269711,rate_overcharge,"Linehaul $209.99 vs contract $201.07 (Memphis → Nashville, rate effective 2025-01-01): +$8.92 (+4.4%); est. $10.93 with fuel surcharge",10.93,SHP05135,209.99,201.07,,False
CARD:37589218,rate_overcharge,"Linehaul $577.87 vs contract $571.73 (Dallas → Detroit, rate effective 2025-01-01): +$6.14 (+1.1%); est. $7.58 with fuel surcharge",7.58,SHP09871,577.87,571.73,,True
CARD:38481792,rate_overcharge,"Linehaul $191.22 vs contract $183.09 (Memphis → Nashville, rate effective 2025-01-01): +$8.13 (+4.4%); est. $10.25 with fuel surcharge",10.25,SHP08227,191.22,183.09,,True
CARD:39097979,rate_overcharge,"Linehaul $655.43 vs contract $648.52 (Chicago → Orlando, rate effective 2025-01-01): +$6.91 (+1.1%); est. $8.65 with fuel surcharge",8.65,SHP06793,655.43,648.52,,True
CARD:39319173,rate_overcharge,"Linehaul $166.70 vs contract $160.60 (Columbus → Louisville, rate effective 2025-01-01): +$6.10 (+3.8%); est. $7.53 with fuel surcharge",7.53,SHP09860,166.7,160.6,,True
CARD:39332635,rate_overcharge,"Linehaul $733.29 vs contract $688.73 (Atlanta → Kansas City, rate effective 2025-01-01): +$44.56 (+6.5%); est. $55.39 with fuel surcharge",55.39,SHP09429,733.29,688.73,,True
CARD:40032928,rate_overcharge,"Linehaul $301.94 vs contract $284.70 (Memphis → Houston, rate effective 2025-01-01): +$17.24 (+6.1%); est. $20.81 with fuel surcharge",20.81,SHP01968,301.94,284.7,,True
CARD:40337750,rate_overcharge,"Linehaul $903.51 vs contract $867.75 (Columbus → Louisville, rate effective 2025-01-01): +$35.76 (+4.1%); est. $44.45 with fuel surcharge",44.45,SHP09674,903.51,867.75,,True
CARD:40730884,rate_overcharge,"Linehaul $306.10 vs contract $277.10 (Columbus → New York, rate effective 2025-01-01): +$29.00 (+10.5%); est. $35.00 with fuel surcharge",35.0,SHP00057,306.1,277.1,,True
CARD:41136940,rate_overcharge,"Linehaul $322.49 vs contract $302.14 (Dallas → Kansas City, rate effective 2025-01-01): +$20.35 (+6.7%); est. $25.84 with fuel surcharge",25.84,SHP07320,322.49,302.14,,True
CARD:41576119,rate_overcharge,"Linehaul $283.40 vs contract $273.00 (Columbus → Louisville, rate effective 2025-01-01): +$10.40 (+3.8%); est. $12.93 with fuel surcharge",12.93,SHP05955,283.4,273.0,,True
CARD:42206632,rate_overcharge,"Linehaul $341.47 vs contract $304.57 (Atlanta → Nashville, rate effective 2025-01-01): +$36.90 (+12.1%); est. $46.86 with fuel surcharge",46.86,SHP07435,341.47,304.57,,True
CARD:43291629,rate_overcharge,"Linehaul $196.60 vs contract $188.68 (Chicago → Detroit, rate effective 2025-01-01): +$7.92 (+4.2%); est. $10.06 with fuel surcharge",10.06,SHP07385,196.6,188.68,,True
CARD:44946568,rate_overcharge,"Linehaul $294.79 vs contract $265.50 (Atlanta → Boston, rate effective 2025-01-01): +$29.29 (+11.0%); est. $35.62 with fuel surcharge",35.62,SHP03546,294.79,265.5,,True
CARD:45441397,rate_overcharge,"Linehaul $1,424.48 vs contract $1,291.29 (Dallas → Miami, rate effective 2025-01-01): +$133.19 (+10.3%); est. $163.16 with fuel surcharge",163.16,SHP04998,1424.48,1291.29,,True
CARD:46205603,rate_overcharge,"Linehaul $286.86 vs contract $274.77 (Memphis → Nashville, rate effective 2025-01-01): +$12.09 (+4.4%); est. $14.81 with fuel surcharge",14.81,SHP04812,286.86,274.77,,True
CARD:46616977,rate_overcharge,"Linehaul $155.85 vs contract $146.00 (Dallas → Kansas City, rate effective 2025-01-01): +$9.85 (+6.7%); est. $12.51 with fuel surcharge",12.51,SHP07775,155.85,146.0,,True
CARD:47823740,rate_overcharge,"Linehaul $394.92 vs contract $380.43 (Columbus → Louisville, rate effective 2025-01-01): +$14.49 (+3.8%); est. $18.40 with fuel surcharge",18.4,SHP07485,394.92,380.43,,True
CARD:48037369,rate_overcharge,"Linehaul $166.70 vs contract $160.60 (Columbus → Louisville, rate effective 2025-01-01): +$6.10 (+3.8%); est. $7.47 with fuel surcharge",7.47,SHP05314,166.7,160.6,,True
CARD:48303964,rate_overcharge,"Linehaul $393.22 vs contract $360.70 (Dallas → Philadelphia, rate effective 2025-01-01): +$32.52 (+9.0%); est. $41.30 with fuel surcharge",41.3,SHP07573,393.22,360.7,,True
CARD:48455316,rate_overcharge,"Linehaul $193.63 vs contract $175.55 (Atlanta → Nashville, rate effective 2025-01-01): +$18.08 (+10.3%); est. $22.47 with fuel surcharge",22.47,SHP05746,193.63,175.55,,True
CARD:49465523,rate_overcharge,"Linehaul $366.24 vs contract $350.81 (Memphis → Nashville, rate effective 2025-01-01): +$15.43 (+4.4%); est. $19.46 with fuel surcharge",19.46,SHP08787,366.24,350.81,,True
CARD:49530751,rate_overcharge,"Linehaul $348.78 vs contract $326.77 (Dallas → Kansas City, rate effective 2025-01-01): +$22.01 (+6.7%); est. $26.96 with fuel surcharge",26.96,SHP05168,348.78,326.77,,True
CARD:49585780,rate_overcharge,"Linehaul $395.08 vs contract $378.43 (Memphis → Nashville, rate effective 2025-01-01): +$16.65 (+4.4%); est. $21.15 with fuel surcharge",21.15,SHP07694,395.08,378.43,,True
CARD:49806500,rate_overcharge,"Linehaul $715.01 vs contract $600.89 (Columbus → Los Angeles, rate effective 2025-01-01): +$114.12 (+19.0%); est. $137.74 with fuel surcharge",137.74,SHP04121,715.01,600.89,,True
CARD:50092765,rate_overcharge,"Linehaul $301.16 vs contract $271.70 (Dallas → Detroit, rate effective 2025-01-01): +$29.46 (+10.8%); est. $35.82 with fuel surcharge",35.82,SHP00647,301.16,271.7,,True
CARD:51197497,rate_overcharge,"Linehaul $194.54 vs contract $187.42 (Columbus → Louisville, rate effective 2025-01-01): +$7.12 (+3.8%); est. $8.98 with fuel surcharge",8.98,SHP08434,194.54,187.42,,True
CARD:51354768,rate_overcharge,"Linehaul $943.95 vs contract $877.11 (Dallas → Boston, rate effective 2025-01-01): +$66.84 (+7.6%); est. $81.88 with fuel surcharge",81.88,SHP04786,943.95,877.11,,True
CARD:51512871,rate_overcharge,"Linehaul $538.18 vs contract $518.43 (Columbus → Louisville, rate effective 2025-01-01): +$19.75 (+3.8%); est. $24.90 with fuel surcharge",24.9,SHP07987,538.18,518.43,,True
CARD:52327245,rate_overcharge,"Linehaul $502.27 vs contract $470.44 (Dallas → Kansas City, rate effective 2025-01-01): +$31.83 (+6.8%); est. $39.85 with fuel surcharge",39.85,SHP09296,502.27,470.44,,True
CARD:52622639,rate_overcharge,"Linehaul $233.38 vs contract $223.46 (Memphis → Nashville, rate effective 2025-01-01): +$9.92 (+4.4%); est. $12.33 with fuel surcharge",12.33,SHP05621,233.38,223.46,,True
CARD:53792983,rate_overcharge,"Linehaul $1,199.28 vs contract $1,123.67 (Dallas → Kansas City, rate effective 2025-01-01): +$75.61 (+6.7%); est. $94.66 with fuel surcharge",94.66,SHP09023,1199.28,1123.67,,True
CARD:53802268,rate_overcharge,"Linehaul $124.17 vs contract $118.51 (Dallas → Louisville, rate effective 2025-01-01): +$5.66 (+4.8%); est. $7.04 with fuel surcharge",7.04,SHP06193,124.17,118.51,,True
CARD:53855408,rate_overcharge,"Linehaul $177.37 vs contract $170.88 (Columbus → Louisville, rate effective 2025-01-01): +$6.49 (+3.8%); est. $8.18 with fuel surcharge",8.18,SHP06963,177.37,170.88,,True
CARD:54495790,rate_overcharge,"Linehaul $572.51 vs contract $501.50 (Columbus → Indianapolis, rate effective 2025-01-01): +$71.01 (+14.2%); est. $86.35 with fuel surcharge",86.35,SHP03858,572.51,501.5,,True
CARD:55391758,rate_overcharge,"Linehaul $223.66 vs contract $214.16 (Memphis → Nashville, rate effective 2025-01-01): +$9.50 (+4.4%); est. $12.06 with fuel surcharge",12.06,SHP07080,223.66,214.16,,True
CARD:58017479,rate_overcharge,"Linehaul $457.63 vs contract $427.72 (Chicago → Detroit, rate effective 2025-01-01): +$29.91 (+7.0%); est. $36.10 with fuel surcharge",36.1,SHP03120,457.63,427.72,,True
CARD:58117004,rate_overcharge,"Linehaul $256.05 vs contract $246.68 (Columbus → Louisville, rate effective 2025-01-01): +$9.37 (+3.8%); est. $11.56 with fuel surcharge",11.56,SHP05372,256.05,246.68,,True
CARD:59044464,rate_overcharge,"Linehaul $962.84 vs contract $895.20 (Memphis → Pittsburgh, rate effective 2025-01-01): +$67.64 (+7.6%); est. $83.47 with fuel surcharge",83.47,SHP09781,962.84,895.2,,True
CARD:60403512,rate_overcharge,"Linehaul $341.39 vs contract $277.10 (Columbus → New York, rate effective 2025-01-01): +$64.29 (+23.2%); est. $78.76 with fuel surcharge",78.76,SHP04980,341.39,277.1,,True
CARD:61081914,rate_overcharge,"Linehaul $209.99 vs contract $201.07 (Memphis → Nashville, rate effective 2025-01-01): +$8.92 (+4.4%); est. $10.93 with fuel surcharge",10.93,SHP05135,209.99,201.07,,True
CARD:61933039,rate_overcharge,"Linehaul $409.51 vs contract $394.49 (Columbus → Louisville, rate effective 2025-01-01): +$15.02 (+3.8%); est. $19.08 with fuel surcharge",19.08,SHP07535,409.51,394.49,,True
CARD:62599572,rate_overcharge,"Linehaul $645.40 vs contract $616.61 (Memphis → Pittsburgh, rate effective 2025-01-01): +$28.79 (+4.7%); est. $35.01 with fuel surcharge",35.01,SHP03925,645.4,616.61,,True
CARD:62786188,rate_overcharge,"Linehaul $141.86 vs contract $135.87 (Memphis → Nashville, rate effective 2025-01-01): +$5.99 (+4.4%); est. $7.45 with fuel surcharge",7.45,SHP05691,141.86,135.87,,True
CARD:62924997,rate_overcharge,"Linehaul $614.02 vs contract $575.11 (Dallas → Kansas City, rate effective 2025-01-01): +$38.91 (+6.8%); est. $48.01 with fuel surcharge",48.01,SHP09812,614.02,575.11,,True
CARD:63097063,rate_overcharge,"Linehaul $163.90 vs contract $157.92 (Columbus → Louisville, rate effective 2025-01-01): +$5.98 (+3.8%); est. $7.59 with fuel surcharge",7.59,SHP07299,163.9,157.92,,True
CARD:63409682,rate_overcharge,"Linehaul $222.06 vs contract $212.42 (Atlanta → Nashville, rate effective 2025-01-01): +$9.64 (+4.5%); est. $11.64 with fuel surcharge",11.64,SHP02383,222.06,212.42,,True
CARD:64002149,rate_overcharge,"Linehaul $764.01 vs contract $715.59 (Dallas → Kansas City, rate effective 2025-01-01): +$48.42 (+6.8%); est. $59.31 with fuel surcharge",59.31,SHP05303,764.01,715.59,,True
CARD:64425527,rate_overcharge,"Linehaul $271.00 vs contract $253.90 (Dallas → Kansas City, rate effective 2025-01-01): +$17.10 (+6.7%); est. $21.56 with fuel surcharge",21.56,SHP08064,271.0,253.9,,True
CARD:65522771,rate_overcharge,"Linehaul $349.32 vs contract $327.28 (Dallas → Kansas City, rate effective 2025-01-01): +$22.04 (+6.7%); est. $27.79 with fuel surcharge",27.79,SHP08216,349.32,327.28,,True
CARD:65609494,rate_overcharge,"Linehaul $122.02 vs contract $112.95 (Atlanta → Kansas City, rate effective 2025-01-01): +$9.07 (+8.0%); est. $11.03 with fuel surcharge",11.03,SHP01083,122.02,112.95,,True
CARD:66341042,rate_overcharge,"Linehaul $578.30 vs contract $451.89 (Dallas → Kansas City, rate effective 2025-01-01): +$126.41 (+28.0%); est. $157.13 with fuel surcharge",157.13,SHP06446,578.3,451.89,,True
CARD:66846595,rate_overcharge,"Linehaul $164.40 vs contract $157.46 (Memphis → Nashville, rate effective 2025-01-01): +$6.94 (+4.4%); est. $8.81 with fuel surcharge",8.81,SHP07596,164.4,157.46,,True
CARD:66905651,rate_overcharge,"Linehaul $3,408.73 vs contract $3,363.84 (Columbus → Los Angeles, rate effective 2025-01-01): +$44.89 (+1.3%); est. $55.80 with fuel surcharge",55.8,SHP09331,3408.73,3363.84,,True
CARD:66991178,rate_overcharge,"Linehaul $424.67 vs contract $409.09 (Columbus → Louisville, rate effective 2025-01-01): +$15.58 (+3.8%); est. $19.37 with fuel surcharge",19.37,SHP06335,424.67,409.09,,False
CARD:67433338,rate_overcharge,"Linehaul $360.92 vs contract $345.71 (Memphis → Nashville, rate effective 2025-01-01): +$15.21 (+4.4%); est. $18.91 with fuel surcharge",18.91,SHP05990,360.92,345.71,,True
CARD:67668193,rate_overcharge,"Linehaul $424.67 vs contract $409.09 (Columbus → Louisville, rate effective 2025-01-01): +$15.58 (+3.8%); est. $19.37 with fuel surcharge",19.37,SHP06335,424.67,409.09,,True
CARD:67681831,rate_overcharge,"Linehaul $813.80 vs contract $723.49 (Dallas → Miami, rate effective 2025-01-01): +$90.31 (+12.5%); est. $113.88 with fuel surcharge",113.88,SHP06997,813.8,723.49,,True
CARD:67695535,rate_overcharge,"Linehaul $622.04 vs contract $557.23 (Dallas → Miami, rate effective 2025-01-01): +$64.81 (+11.6%); est. $78.23 with fuel surcharge",78.23,SHP01236,622.04,557.23,,True
CARD:68332060,rate_overcharge,"Linehaul $365.96 vs contract $350.54 (Memphis → Nashville, rate effective 2025-01-01): +$15.42 (+4.4%); est. $19.17 with fuel surcharge",19.17,SHP06172,365.96,350.54,,True
CARD:68659052,rate_overcharge,"Linehaul $429.26 vs contract $402.18 (Dallas → Kansas City, rate effective 2025-01-01): +$27.08 (+6.7%); est. $33.66 with fuel surcharge",33.66,SHP05749,429.26,402.18,,True
CARD:68984160,rate_overcharge,"Linehaul $731.88 vs contract $701.03 (Memphis → Nashville, rate effective 2025-01-01): +$30.85 (+4.4%); est. $39.18 with fuel surcharge",39.18,SHP07113,731.88,701.03,,True
CARD:69308090,rate_overcharge,"Linehaul $1,597.68 vs contract $1,232.50 (Dallas → Seattle, rate effective 2025-01-01): +$365.18 (+29.6%); est. $460.49 with fuel surcharge",460.49,SHP08148,1597.68,1232.5,,True
CARD:70084838,rate_overcharge,"Linehaul $582.62 vs contract $546.23 (Dallas → Louisville, rate effective 2025-01-01): +$36.39 (+6.7%); est. $43.92 with fuel surcharge",43.92,SHP02238,582.62,546.23,,True
CARD:70611353,rate_overcharge,"Linehaul $791.46 vs contract $762.46 (Columbus → Louisville, rate effective 2025-01-01): +$29.00 (+3.8%); est. $35.53 with fuel surcharge",35.53,SHP04817,791.46,762.46,,True
CARD:70737255,rate_overcharge,"Linehaul $155.25 vs contract $143.90 (Columbus → Indianapolis, rate effective 2025-01-01): +$11.35 (+7.9%); est. $13.90 with fuel surcharge",13.9,SHP04836,155.25,143.9,,True
CARD:70752984,rate_overcharge,"Linehaul $618.62 vs contract $498.93 (Dallas → Kansas City, rate effective 2025-01-01): +$119.69 (+24.0%); est. $148.77 with fuel surcharge",148.77,SHP06158,618.62,498.93,,True
CARD:71084871,rate_overcharge,"Linehaul $227.38 vs contract $219.06 (Columbus → Louisville, rate effective 2025-01-01): +$8.32 (+3.8%); est. $10.49 with fuel surcharge",10.49,SHP08844,227.38,219.06,,True
CARD:71259199,rate_overcharge,"Linehaul $297.56 vs contract $278.78 (Dallas → Kansas City, rate effective 2025-01-01): +$18.78 (+6.7%); est. $23.68 with fuel surcharge",23.68,SHP07024,297.56,278.78,,True
CARD:71454685,rate_overcharge,"Linehaul $296.27 vs contract $284.47 (Columbus → Louisville, rate effective 2025-01-01): +$11.80 (+4.1%); est. $14.56 with fuel surcharge",14.56,SHP09882,296.27,284.47,,True
CARD:71848652,rate_overcharge,"Linehaul $278.27 vs contract $250.59 (Chicago → Orlando, rate effective 2025-01-01): +$27.68 (+11.0%); est. $35.15 with fuel surcharge",35.15,SHP08530,278.27,250.59,,True
CARD:71936862,rate_overcharge,"Linehaul $122.72 vs contract $117.55 (Memphis → Nashville, rate effective 2025-01-01): +$5.17 (+4.4%); est. $6.47 with fuel surcharge",6.47,SHP08925,122.72,117.55,,True
CARD:71958604,rate_overcharge,"Linehaul $761.67 vs contract $733.77 (Columbus → Louisville, rate effective 2025-01-01): +$27.90 (+3.8%); est. $34.18 with fuel surcharge",34.18,SHP04935,761.67,733.77,,True
CARD:72407223,rate_overcharge,"Linehaul $283.40 vs contract $273.00 (Columbus → Louisville, rate effective 2025-01-01): +$10.40 (+3.8%); est. $12.93 with fuel surcharge",12.93,SHP06309,283.4,273.0,,True
CARD:73002531,rate_overcharge,"Linehaul $137.94 vs contract $118.27 (Dallas → Kansas City, rate effective 2025-01-01): +$19.67 (+16.6%); est. $24.10 with fuel surcharge",24.1,SHP04868,137.94,118.27,,True
CARD:73165863,rate_overcharge,"Linehaul $1,124.93 vs contract $963.82 (Dallas → Seattle, rate effective 2025-01-01): +$161.11 (+16.7%); est. $197.36 with fuel surcharge",197.36,SHP05121,1124.93,963.82,,True
CARD:73198134,rate_overcharge,"Linehaul $119.72 vs contract $110.00 (Columbus → Pittsburgh, rate effective 2025-01-01): +$9.72 (+8.8%); est. $11.99 with fuel surcharge",11.99,SHP09795,119.72,110.0,,True
CARD:74101379,rate_overcharge,"Linehaul $541.86 vs contract $456.32 (Atlanta → Houston, rate effective 2025-01-01): +$85.54 (+18.7%); est. $108.64 with fuel surcharge",108.64,SHP07155,541.86,456.32,,True
CARD:75346760,rate_overcharge,"Linehaul $179.94 vs contract $162.40 (Atlanta → Nashville, rate effective 2025-01-01): +$17.54 (+10.8%); est. $21.64 with fuel surcharge",21.64,SHP09892,179.94,162.4,,True
CARD:75348367,rate_overcharge,"Linehaul $510.18 vs contract $479.24 (Atlanta → Boston, rate effective 2025-01-01): +$30.94 (+6.5%); est. $37.34 with fuel surcharge",37.34,SHP00533,510.18,479.24,,True
CARD:75427739,rate_overcharge,"Linehaul $540.79 vs contract $475.14 (Dallas → Louisville, rate effective 2025-01-01): +$65.65 (+13.8%); est. $79.24 with fuel surcharge",79.24,SHP00078,540.79,475.14,,True
CARD:75783115,rate_overcharge,"Linehaul $469.56 vs contract $396.94 (Memphis → Nashville, rate effective 2025-01-01): +$72.62 (+18.3%); est. $88.96 with fuel surcharge",88.96,SHP04896,469.56,396.94,,True
CARD:75862850,rate_overcharge,"Linehaul $1,271.50 vs contract $1,226.02 (Memphis → Pittsburgh, rate effective 2025-01-01): +$45.48 (+3.7%); est. $54.89 with fuel surcharge",54.89,SHP00762,1271.5,1226.02,,True
CARD:75951244,rate_overcharge,"Linehaul $475.78 vs contract $460.60 (Chicago → Orlando, rate effective 2025-01-01): +$15.18 (+3.3%); est. $18.32 with fuel surcharge",18.32,SHP01791,475.78,460.6,,True
CARD:76461079,rate_overcharge,"Linehaul $307.99 vs contract $304.20 (Dallas → Louisville, rate effective 2025-01-01): +$3.79 (+1.2%); est. $4.71 with fuel surcharge",4.71,SHP05745,307.99,304.2,,True
CARD:76635580,rate_overcharge,"Linehaul $465.39 vs contract $437.46 (Atlanta → Nashville, rate effective 2025-01-01): +$27.93 (+6.4%); est. $35.22 with fuel surcharge",35.22,SHP07031,465.39,437.46,,True
CARD:77017066,rate_overcharge,"Linehaul $319.13 vs contract $314.52 (Chicago → Detroit, rate effective 2025-01-01): +$4.61 (+1.5%); est. $5.56 with fuel surcharge",5.56,SHP02179,319.13,314.52,,True
CARD:77302121,rate_overcharge,"Linehaul $776.85 vs contract $718.13 (Atlanta → Pittsburgh, rate effective 2025-01-01): +$58.72 (+8.2%); est. $70.88 with fuel surcharge",70.88,SHP02838,776.85,718.13,,True
CARD:77713127,rate_overcharge,"Linehaul $141.86 vs contract $123.83 (Columbus → Indianapolis, rate effective 2025-01-01): +$18.03 (+14.6%); est. $22.41 with fuel surcharge",22.41,SHP09682,141.86,123.83,,True
CARD:77726018,rate_overcharge,"Linehaul $831.83 vs contract $789.60 (Dallas → Pittsburgh, rate effective 2025-01-01): +$42.23 (+5.3%); est. $52.49 with fuel surcharge",52.49,SHP06118,831.83,789.6,,True
CARD:78598826,rate_overcharge,"Linehaul $155.85 vs contract $146.00 (Dallas → Kansas City, rate effective 2025-01-01): +$9.85 (+6.7%); est. $12.51 with fuel surcharge",12.51,SHP07336,155.85,146.0,,True
CARD:78751910,rate_overcharge,"Linehaul $166.70 vs contract $160.60 (Columbus → Louisville, rate effective 2025-01-01): +$6.10 (+3.8%); est. $7.58 with fuel surcharge",7.58,SHP06314,166.7,160.6,,True
CARD:79325542,rate_overcharge,"Linehaul $516.46 vs contract $476.37 (Dallas → Phoenix, rate effective 2025-01-01): +$40.09 (+8.4%); est. $48.39 with fuel surcharge",48.39,SHP00832,516.46,476.37,,True
CARD:79465793,rate_overcharge,"Linehaul $223.47 vs contract $194.47 (Atlanta → Boston, rate effective 2025-01-01): +$29.00 (+14.9%); est. $35.26 with fuel surcharge",35.26,SHP03411,223.47,194.47,,True
CARD:79699103,rate_overcharge,"Linehaul $280.00 vs contract $268.20 (Memphis → Nashville, rate effective 2025-01-01): +$11.80 (+4.4%); est. $14.67 with fuel surcharge",14.67,SHP06316,280.0,268.2,,True
CARD:79738242,rate_overcharge,"Linehaul $194.79 vs contract $175.49 (Dallas → Kansas City, rate effective 2025-01-01): +$19.30 (+11.0%); est. $23.64 with fuel surcharge",23.64,SHP05165,194.79,175.49,,True
CARD:79827820,rate_overcharge,"Linehaul $1,163.97 vs contract $1,090.58 (Dallas → Kansas City, rate effective 2025-01-01): +$73.39 (+6.7%); est. $92.54 with fuel surcharge",92.54,SHP08288,1163.97,1090.58,,True
CARD:80231599,rate_overcharge,"Linehaul $307.23 vs contract $298.38 (Columbus → Pittsburgh, rate effective 2025-01-01): +$8.85 (+3.0%); est. $11.24 with fuel surcharge",11.24,SHP07570,307.23,298.38,,True
CARD:80620964,rate_overcharge,"Linehaul $186.16 vs contract $160.99 (Dallas → Louisville, rate effective 2025-01-01): +$25.17 (+15.6%); est. $30.61 with fuel surcharge",30.61,SHP03497,186.16,160.99,,True
CARD:80711255,rate_overcharge,"Linehaul $800.13 vs contract $718.83 (Atlanta → Pittsburgh, rate effective 2025-01-01): +$81.30 (+11.3%); est. $101.06 with fuel surcharge",101.06,SHP05762,800.13,718.83,,True
CARD:80712088,rate_overcharge,"Linehaul $233.05 vs contract $224.52 (Columbus → Louisville, rate effective 2025-01-01): +$8.53 (+3.8%); est. $10.45 with fuel surcharge",10.45,SHP05128,233.05,224.52,,True
CARD:81338916,rate_overcharge,"Linehaul $122.50 vs contract $118.02 (Columbus → Louisville, rate effective 2025-01-01): +$4.48 (+3.8%); est. $5.69 with fuel surcharge",5.69,SHP07297,122.5,118.02,,True
CARD:81385112,rate_overcharge,"Linehaul $166.69 vs contract $160.60 (Columbus → Louisville, rate effective 2025-01-01): +$6.09 (+3.8%); est. $7.73 with fuel surcharge",7.73,SHP07370,166.69,160.6,,True
CARD:81703154,rate_overcharge,"Linehaul $600.50 vs contract $578.50 (Columbus → Louisville, rate effective 2025-01-01): +$22.00 (+3.8%); est. $27.54 with fuel surcharge",27.54,SHP06667,600.5,578.5,,True
CARD:81709628,rate_overcharge,"Linehaul $223.66 vs contract $214.16 (Memphis → Nashville, rate effective 2025-01-01): +$9.50 (+4.4%); est. $11.81 with fuel surcharge",11.81,SHP06094,223.66,214.16,,True
CARD:81744949,rate_overcharge,"Linehaul $175.49 vs contract $164.40 (Dallas → Kansas City, rate effective 2025-01-01): +$11.09 (+6.7%); est. $13.88 with fuel surcharge",13.88,SHP09070,175.49,164.4,,True
CARD:82390651,rate_overcharge,"Linehaul $190.87 vs contract $183.89 (Columbus → Louisville, rate effective 2025-01-01): +$6.98 (+3.8%); est. $8.74 with fuel surcharge",8.74,SHP06761,190.87,183.89,,True
CARD:82780076,rate_overcharge,"Linehaul $1,271.50 vs contract $1,077.12 (Memphis → Pittsburgh, rate effective 2025-01-01): +$194.38 (+18.0%); est. $246.86 with fuel surcharge",246.86,SHP08502,1271.5,1077.12,,True
CARD:83328653,rate_overcharge,"Linehaul $451.45 vs contract $431.10 (Dallas → Phoenix, rate effective 2025-01-01): +$20.35 (+4.7%); est. $24.56 with fuel surcharge",24.56,SHP04107,451.45,431.1,,True
CARD:84371270,rate_overcharge,"Linehaul $234.53 vs contract $224.56 (Memphis → Nashville, rate effective 2025-01-01): +$9.97 (+4.4%); est. $12.57 with fuel surcharge",12.57,SHP06854,234.53,224.56,,True
CARD:85000290,rate_overcharge,"Linehaul $132.96 vs contract $127.34 (Memphis → Nashville, rate effective 2025-01-01): +$5.62 (+4.4%); est. $6.94 with fuel surcharge",6.94,SHP05426,132.96,127.34,,True
CARD:85529582,rate_overcharge,"Linehaul $206.63 vs contract $192.14 (Dallas → Kansas City, rate effective 2025-01-01): +$14.49 (+7.5%); est. $18.40 with fuel surcharge",18.4,SHP07640,206.63,192.14,,True
CARD:85588354,rate_overcharge,"Linehaul $172.27 vs contract $162.40 (Atlanta → Nashville, rate effective 2025-01-01): +$9.87 (+6.1%); est. $12.36 with fuel surcharge",12.36,SHP09239,172.27,162.4,,True
CARD:86655250,rate_overcharge,"Linehaul $245.00 vs contract $229.51 (Dallas → Kansas City, rate effective 2025-01-01): +$15.49 (+6.7%); est. $19.39 with fuel surcharge",19.39,SHP09080,245.0,229.51,,True
CARD:87005765,rate_overcharge,"Linehaul $2,114.92 vs contract $2,023.11 (Dallas → Pittsburgh, rate effective 2025-01-01): +$91.81 (+4.5%); est. $115.77 with fuel surcharge",115.77,SHP07048,2114.92,2023.11,,True
CARD:87005888,rate_overcharge,"Linehaul $391.10 vs contract $386.22 (Dallas → Seattle, rate effective 2025-01-01): +$4.88 (+1.3%); est. $5.98 with fuel surcharge",5.98,SHP04607,391.1,386.22,,True
CARD:87170391,rate_overcharge,"Linehaul $330.19 vs contract $309.10 (Dallas → Boston, rate effective 2025-01-01): +$21.09 (+6.8%); est. $26.03 with fuel surcharge",26.03,SHP05337,330.19,309.1,,True
CARD:87538764,rate_overcharge,"Linehaul $271.00 vs contract $253.90 (Dallas → Kansas City, rate effective 2025-01-01): +$17.10 (+6.7%); est. $21.26 with fuel surcharge",21.26,SHP06374,271.0,253.9,,True
CARD:88013626,rate_overcharge,"Linehaul $309.13 vs contract $297.56 (Atlanta → Kansas City, rate effective 2025-01-01): +$11.57 (+3.9%); est. $14.38 with fuel surcharge",14.38,SHP06217,309.13,297.56,,True
CARD:88245806,rate_overcharge,"Linehaul $929.87 vs contract $914.00 (Dallas → Kansas City, rate effective 2025-01-01): +$15.87 (+1.7%); est. $19.30 with fuel surcharge",19.3,SHP01569,929.87,914.0,,True
CARD:91189051,rate_overcharge,"Linehaul $561.96 vs contract $538.28 (Memphis → Nashville, rate effective 2025-01-01): +$23.68 (+4.4%); est. $29.01 with fuel surcharge",29.01,SHP04879,561.96,538.28,,True
CARD:91245381,rate_overcharge,"Linehaul $205.21 vs contract $197.70 (Columbus → Louisville, rate effective 2025-01-01): +$7.51 (+3.8%); est. $9.33 with fuel surcharge",9.33,SHP06229,205.21,197.7,,True
CARD:91675107,rate_overcharge,"Linehaul $198.21 vs contract $171.36 (Columbus → Louisville, rate effective 2025-01-01): +$26.85 (+15.7%); est. $33.62 with fuel surcharge",33.62,SHP06674,198.21,171.36,,True
CARD:92253937,rate_overcharge,"Linehaul $121.25 vs contract $110.00 (Columbus → New York, rate effective 2025-01-01): +$11.25 (+10.2%); est. $13.78 with fuel surcharge",13.78,SHP04968,121.25,110.0,,True
CARD:92345937,rate_overcharge,"Linehaul $923.77 vs contract $903.00 (Dallas → Miami, rate effective 2025-01-01): +$20.77 (+2.3%); est. $25.44 with fuel surcharge",25.44,SHP04684,923.77,903.0,,True
CARD:92348975,rate_overcharge,"Linehaul $576.72 vs contract $555.55 (Columbus → Louisville, rate effective 2025-01-01): +$21.17 (+3.8%); est. $26.89 with fuel surcharge",26.89,SHP08602,576.72,555.55,,True
CARD:92859986,rate_overcharge,"Linehaul $200.81 vs contract $178.58 (Dallas → Miami, rate effective 2025-01-01): +$22.23 (+12.4%); est. $28.03 with fuel surcharge",28.03,SHP06841,200.81,178.58,,True
CARD:93896208,rate_overcharge,"Linehaul $1,066.83 vs contract $990.51 (Dallas → Philadelphia, rate effective 2025-01-01): +$76.32 (+7.7%); est. $92.81 with fuel surcharge",92.81,SHP01089,1066.83,990.51,,True
CARD:93919799,rate_overcharge,"Linehaul $430.45 vs contract $400.45 (Chicago → Orlando, rate effective 2025-01-01): +$30.00 (+7.5%); est. $36.48 with fuel surcharge",36.48,SHP04316,430.45,400.45,,True
CARD:94581558,rate_overcharge,"Linehaul $501.50 vs contract $473.96 (Columbus → Indianapolis, rate effective 2025-01-01): +$27.54 (+5.8%); est. $33.24 with fuel surcharge",33.24,SHP01221,501.5,473.96,,True
CARD:95375834,rate_overcharge,"Linehaul $451.15 vs contract $431.60 (Dallas → Kansas City, rate effective 2025-01-01): +$19.55 (+4.5%); est. $23.77 with fuel surcharge",23.77,SHP00986,451.15,431.6,,True
CARD:95439432,rate_overcharge,"Linehaul $379.13 vs contract $355.21 (Dallas → Kansas City, rate effective 2025-01-01): +$23.92 (+6.7%); est. $30.38 with fuel surcharge",30.38,SHP07346,379.13,355.21,,True
CARD:95561783,rate_overcharge,"Linehaul $250.61 vs contract $234.77 (Dallas → Kansas City, rate effective 2025-01-01): +$15.84 (+6.7%); est. $19.83 with fuel surcharge",19.83,SHP09161,250.61,234.77,,True
CARD:95697223,rate_overcharge,"Linehaul $238.92 vs contract $221.95 (Columbus → Louisville, rate effective 2025-01-01): +$16.97 (+7.6%); est. $21.40 with fuel surcharge",21.4,SHP08759,238.92,221.95,,True
CARD:96070059,rate_overcharge,"Linehaul $600.50 vs contract $578.50 (Columbus → Louisville, rate effective 2025-01-01): +$22.00 (+3.8%); est. $27.94 with fuel surcharge",27.94,SHP07517,600.5,578.5,,True
CARD:96172137,rate_overcharge,"Linehaul $590.16 vs contract $531.20 (Dallas → Miami, rate effective 2025-01-01): +$58.96 (+11.1%); est. $73.82 with fuel surcharge",73.82,SHP06704,590.16,531.2,,True
CARD:97438223,rate_overcharge,"Linehaul $283.40 vs contract $273.00 (Columbus → Louisville, rate effective 2025-01-01): +$10.40 (+3.8%); est. $12.83 with fuel surcharge",12.83,SHP09885,283.4,273.0,,True
CARD:97689179,rate_overcharge,"Linehaul $163.70 vs contract $151.41 (Memphis → Houston, rate effective 2025-01-01): +$12.29 (+8.1%); est. $15.50 with fuel surcharge",15.5,SHP07855,163.7,151.41,,True
CARD:98510209,rate_overcharge,"Linehaul $763.38 vs contract $732.80 (Dallas → Phoenix, rate effective 2025-01-01): +$30.58 (+4.2%); est. $36.91 with fuel surcharge",36.91,SHP00133,763.38,732.8,,True
CARD:98632912,rate_overcharge,"Linehaul $1,491.22 vs contract $1,283.73 (Chicago → Orlando, rate effective 2025-01-01): +$207.49 (+16.2%); est. $261.64 with fuel surcharge",261.64,SHP07851,1491.22,1283.73,,True
CARD:99044417,rate_overcharge,"Linehaul $585.48 vs contract $560.81 (Memphis → Nashville, rate effective 2025-01-01): +$24.67 (+4.4%); est. $30.44 with fuel surcharge",30.44,SHP09817,585.48,560.81,,True
CARD:99168166,rate_overcharge,"Linehaul $137.88 vs contract $130.61 (Memphis → Nashville, rate effective 2025-01-01): +$7.27 (+5.6%); est. $9.23 with fuel surcharge",9.23,SHP07310,137.88,130.61,,True
CARD:99268103,rate_overcharge,"Linehaul $509.17 vs contract $471.00 (Columbus → New York, rate effective 2025-01-01): +$38.17 (+8.1%); est. $46.76 with fuel surcharge",46.76,SHP04778,509.17,471.0,,True
CARD:99497973,rate_overcharge,"Linehaul $883.35 vs contract $825.53 (Dallas → Philadelphia, rate effective 2025-01-01): +$57.82 (+7.0%); est. $71.87 with fuel surcharge",71.87,SHP06577,883.35,825.53,,True
CARE:00268060,rate_overcharge,"Linehaul $302.23 vs contract $287.23 (Columbus → Kansas City, rate effective 2025-01-01): +$15.00 (+5.2%); est. $18.51 with fuel surcharge",18.51,SHP05381,302.23,287.23,,True
CARE:00816897,rate_overcharge,"Linehaul $704.27 vs contract $660.95 (Atlanta → Phoenix, rate effective 2025-01-01): +$43.32 (+6.6%); est. $55.02 with fuel surcharge",55.02,SHP07585,704.27,660.95,,True
CARE:01365075,rate_overcharge,"Linehaul $435.18 vs contract $345.81 (Chicago → St. Louis, rate effective 2025-01-01): +$89.37 (+25.8%); est. $107.87 with fuel surcharge",107.87,SHP02990,435.18,345.81,,True
CARE:01668760,rate_overcharge,"Linehaul $1,503.30 vs contract $1,310.50 (Atlanta → Detroit, rate effective 2025-01-01): +$192.80 (+14.7%); est. $232.71 with fuel surcharge",232.71,SHP02919,1503.3,1310.5,,True
CARE:01839079,rate_overcharge,"Linehaul $2,434.89 vs contract $2,303.34 (Chicago → Seattle, rate effective 2025-01-01): +$131.55 (+5.7%); est. $163.52 with fuel surcharge",163.52,SHP05868,2434.89,2303.34,,True
CARE:02233822,rate_overcharge,"Linehaul $361.99 vs contract $344.01 (Columbus → Kansas City, rate effective 2025-01-01): +$17.98 (+5.2%); est. $22.83 with fuel surcharge",22.83,SHP07321,361.99,344.01,,True
CARE:02461065,rate_overcharge,"Linehaul $904.01 vs contract $848.40 (Atlanta → Phoenix, rate effective 2025-01-01): +$55.61 (+6.6%); est. $68.12 with fuel surcharge",68.12,SHP05103,904.01,848.4,,True
CARE:03045515,rate_overcharge,"Linehaul $155.03 vs contract $147.35 (Columbus → Kansas City, rate effective 2025-01-01): +$7.68 (+5.2%); est. $9.55 with fuel surcharge",9.55,SHP05695,155.03,147.35,,True
CARE:03085769,rate_overcharge,"Linehaul $540.17 vs contract $501.06 (Columbus → Kansas City, rate effective 2025-01-01): +$39.11 (+7.8%); est. $47.56 with fuel surcharge",47.56,SHP04470,540.17,501.06,,True
CARE:03094973,rate_overcharge,"Linehaul $677.11 vs contract $605.20 (Columbus → Minneapolis, rate effective 2025-01-01): +$71.91 (+11.9%); est. $91.33 with fuel surcharge",91.33,SHP07362,677.11,605.2,,True
CARE:03170802,rate_overcharge,"Linehaul $353.22 vs contract $349.48 (Memphis → Orlando, rate effective 2025-01-01): +$3.74 (+1.1%); est. $4.75 with fuel surcharge",4.75,SHP07157,353.22,349.48,,True
CARE:03226491,rate_overcharge,"Linehaul $285.44 vs contract $228.99 (Chicago → Miami, rate effective 2025-01-01): +$56.45 (+24.7%); est. $71.18 with fuel surcharge",71.18,SHP08345,285.44,228.99,,True
CARE:03381454,rate_overcharge,"Linehaul $1,211.58 vs contract $1,146.02 (Chicago → Seattle, rate effective 2025-01-01): +$65.56 (+5.7%); est. $82.67 with fuel surcharge",82.67,SHP06885,1211.58,1146.02,,True
CARE:03668877,rate_overcharge,"Linehaul $1,315.58 vs contract $1,301.67 (Memphis → Orlando, rate effective 2025-01-01): +$13.91 (+1.1%); est. $17.54 with fuel surcharge",17.54,SHP08156,1315.58,1301.67,,True
CARE:03794626,rate_overcharge,"Linehaul $247.07 vs contract $216.22 (Columbus → Boston, rate effective 2025-01-01): +$30.85 (+14.3%); est. $38.35 with fuel surcharge",38.35,SHP09442,247.07,216.22,,True
CARE:03963712,rate_overcharge,"Linehaul $221.08 vs contract $209.61 (Columbus → Minneapolis, rate effective 2025-01-01): +$11.47 (+5.5%); est. $13.84 with fuel surcharge",13.84,SHP02145,221.08,209.61,,True
CARE:04025140,rate_overcharge,"Linehaul $1,152.37 vs contract $1,029.89 (Atlanta → Minneapolis, rate effective 2025-01-01): +$122.48 (+11.9%); est. $152.24 with fuel surcharge",152.24,SHP05533,1152.37,1029.89,,False
CARE:04262338,rate_overcharge,"Linehaul $305.70 vs contract $290.52 (Columbus → Kansas City, rate effective 2025-01-01): +$15.18 (+5.2%); est. $19.14 with fuel surcharge",19.14,SHP08292,305.7,290.52,,True
CARE:04389680,rate_overcharge,"Linehaul $206.01 vs contract $193.02 (Dallas → Louisville, rate effective 2025-01-01): +$12.99 (+6.7%); est. $15.80 with fuel surcharge",15.8,SHP04288,206.01,193.02,,True
CARE:04494008,rate_overcharge,"Linehaul $343.74 vs contract $326.67 (Columbus → Boston, rate effective 2025-01-01): +$17.07 (+5.2%); est. $21.22 with fuel surcharge",21.22,SHP05847,343.74,326.67,,True
CARE:04678751,rate_overcharge,"Linehaul $773.68 vs contract $735.25 (Columbus → Kansas City, rate effective 2025-01-01): +$38.43 (+5.2%); est. $47.77 with fuel surcharge",47.77,SHP09482,773.68,735.25,,True
CARE:05483692,rate_overcharge,"Linehaul $353.19 vs contract $344.66 (Dallas → Louisville, rate effective 2025-01-01): +$8.53 (+2.5%); est. $10.60 with fuel surcharge",10.6,SHP05815,353.19,344.66,,True
CARE:05562722,rate_overcharge,"Linehaul $473.32 vs contract $446.79 (Memphis → Orlando, rate effective 2025-01-01): +$26.53 (+5.9%); est. $32.26 with fuel surcharge",32.26,SHP03727,473.32,446.79,,True
CARE:05744880,rate_overcharge,"Linehaul $969.26 vs contract $921.12 (Columbus → Kansas City, rate effective 2025-01-01): +$48.14 (+5.2%); est. $60.70 with fuel surcharge",60.7,SHP08788,969.26,921.12,,True
CARE:05835631,rate_overcharge,"Linehaul $386.69 vs contract $377.35 (Dallas → Louisville, rate effective 2025-01-01): +$9.34 (+2.5%); est. $11.44 with fuel surcharge",11.44,SHP04948,386.69,377.35,,True
CARE:06050994,rate_overcharge,"Linehaul $437.20 vs contract $432.58 (Memphis → Orlando, rate effective 2025-01-01): +$4.62 (+1.1%); est. $5.74 with fuel surcharge",5.74,SHP05513,437.2,432.58,,True
CARE:06302939,rate_overcharge,"Linehaul $506.34 vs contract $475.20 (Atlanta → Phoenix, rate effective 2025-01-01): +$31.14 (+6.6%); est. $38.15 with fuel surcharge",38.15,SHP05255,506.34,475.2,,True
CARE:06484721,rate_overcharge,"Linehaul $381.76 vs contract $372.54 (Dallas → Louisville, rate effective 2025-01-01): +$9.22 (+2.5%); est. $11.46 with fuel surcharge",11.46,SHP09390,381.76,372.54,,True
CARE:06486826,rate_overcharge,"Linehaul $388.70 vs contract $369.40 (Columbus → Boston, rate effective 2025-01-01): +$19.30 (+5.2%); est. $23.82 with fuel surcharge",23.82,SHP09789,388.7,369.4,,True
CARE:06699801,rate_overcharge,"Linehaul $364.81 vs contract $334.41 (Atlanta → St. Louis, rate effective 2025-01-01): +$30.40 (+9.1%); est. $38.33 with fuel surcharge",38.33,SHP07914,364.81,334.41,,True
CARE:06953137,rate_overcharge,"Linehaul $425.96 vs contract $416.29 (Dallas → Louisville, rate effective 2025-01-01): +$9.67 (+2.3%); est. $11.67 with fuel surcharge",11.67,SHP02049,425.96,416.29,,True
CARE:07349260,rate_overcharge,"Linehaul $549.16 vs contract $531.53 (Atlanta → Minneapolis, rate effective 2025-01-01): +$17.63 (+3.3%); est. $22.07 with fuel surcharge",22.07,SHP09133,549.16,531.53,,True
CARE:07412367,rate_overcharge,"Linehaul $572.97 vs contract $566.91 (Memphis → Orlando, rate effective 2025-01-01): +$6.06 (+1.1%); est. $7.70 with fuel surcharge",7.7,SHP07380,572.97,566.91,,True
CARE:07587909,rate_overcharge,"Linehaul $592.81 vs contract $556.35 (Atlanta → Phoenix, rate effective 2025-01-01): +$36.46 (+6.6%); est. $46.30 with fuel surcharge",46.3,SHP07088,592.81,556.35,,True
CARE:07783372,rate_overcharge,"Linehaul $503.72 vs contract $454.65 (Memphis → Orlando, rate effective 2025-01-01): +$49.07 (+10.8%); est. $62.32 with fuel surcharge",62.32,SHP07102,503.72,454.65,,True
CARE:08781734,rate_overcharge,"Linehaul $290.10 vs contract $275.70 (Columbus → Boston, rate effective 2025-01-01): +$14.40 (+5.2%); est. $17.90 with fuel surcharge",17.9,SHP09332,290.1,275.7,,True
CARE:08815098,rate_overcharge,"Linehaul $391.43 vs contract $364.10 (Atlanta → Detroit, rate effective 2025-01-01): +$27.33 (+7.5%); est. $32.99 with fuel surcharge",32.99,SHP02100,391.43,364.1,,True
CARE:08928915,rate_overcharge,"Linehaul $539.60 vs contract $513.08 (Memphis → Charlotte, rate effective 2025-01-01): +$26.52 (+5.2%); est. $33.68 with fuel surcharge",33.68,SHP07575,539.6,513.08,,True
CARE:09129682,rate_overcharge,"Linehaul $1,161.64 vs contract $1,103.94 (Columbus → Kansas City, rate effective 2025-01-01): +$57.70 (+5.2%); est. $71.20 with fuel surcharge",71.2,SHP09891,1161.64,1103.94,,True
CARE:09275223,rate_overcharge,"Linehaul $1,443.47 vs contract $1,333.00 (Atlanta → Phoenix, rate effective 2025-01-01): +$110.47 (+8.3%); est. $135.33 with fuel surcharge",135.33,SHP04714,1443.47,1333.0,,True
CARE:09609179,rate_overcharge,"Linehaul $958.32 vs contract $899.36 (Atlanta → Phoenix, rate effective 2025-01-01): +$58.96 (+6.6%); est. $72.23 with fuel surcharge",72.23,SHP04811,958.32,899.36,,True
CARE:09697421,rate_overcharge,"Linehaul $782.00 vs contract $743.16 (Columbus → Kansas City, rate effective 2025-01-01): +$38.84 (+5.2%); est. $47.58 with fuel surcharge",47.58,SHP05201,782.0,743.16,,True
CARE:10849861,rate_overcharge,"Linehaul $1,298.37 vs contract $1,218.49 (Atlanta → Phoenix, rate effective 2025-01-01): +$79.88 (+6.6%); est. $99.29 with fuel surcharge",99.29,SHP09592,1298.37,1218.49,,True
CARE:10897719,rate_overcharge,"Linehaul $429.77 vs contract $403.33 (Atlanta → Phoenix, rate effective 2025-01-01): +$26.44 (+6.6%); est. $32.86 with fuel surcharge",32.86,SHP05685,429.77,403.33,,True
CARE:11167001,rate_overcharge,"Linehaul $1,678.01 vs contract $1,624.18 (Atlanta → Minneapolis, rate effective 2025-01-01): +$53.83 (+3.3%); est. $68.36 with fuel surcharge",68.36,SHP07698,1678.01,1624.18,,True
CARE:12083341,rate_overcharge,"Linehaul $691.36 vs contract $669.17 (Atlanta → Minneapolis, rate effective 2025-01-01): +$22.19 (+3.3%); est. $27.58 with fuel surcharge",27.58,SHP06456,691.36,669.17,,True
CARE:12591051,rate_overcharge,"Linehaul $159.16 vs contract $136.17 (Memphis → Nashville, rate effective 2025-01-01): +$22.99 (+16.9%); est. $29.20 with fuel surcharge",29.2,SHP07738,159.16,136.17,,True
CARE:13386477,rate_overcharge,"Linehaul $964.86 vs contract $941.54 (Dallas → Louisville, rate effective 2025-01-01): +$23.32 (+2.5%); est. $29.41 with fuel surcharge",29.41,SHP08761,964.86,941.54,,True
CARE:13531921,rate_overcharge,"Linehaul $1,361.57 vs contract $1,317.89 (Atlanta → Minneapolis, rate effective 2025-01-01): +$43.68 (+3.3%); est. $54.29 with fuel surcharge",54.29,SHP06343,1361.57,1317.89,,True
CARE:13577357,rate_overcharge,"Linehaul $877.50 vs contract $779.03 (Chicago → Seattle, rate effective 2025-01-01): +$98.47 (+12.6%); est. $118.85 with fuel surcharge",118.85,SHP02945,877.5,779.03,,True
CARE:13759078,rate_overcharge,"Linehaul $502.27 vs contract $426.46 (Chicago → Seattle, rate effective 2025-01-01): +$75.81 (+17.8%); est. $91.50 with fuel surcharge",91.5,SHP00900,502.27,426.46,,False
CARE:14284955,rate_overcharge,"Linehaul $797.01 vs contract $777.75 (Dallas → Louisville, rate effective 2025-01-01): +$19.26 (+2.5%); est. $24.46 with fuel surcharge",24.46,SHP08491,797.01,777.75,,True
CARE:14312684,rate_overcharge,"Linehaul $1,566.89 vs contract $1,482.10 (Chicago → Seattle, rate effective 2025-01-01): +$84.79 (+5.7%); est. $106.16 with fuel surcharge",106.16,SHP09152,1566.89,1482.1,,True
CARE:14475823,rate_overcharge,"Linehaul $685.73 vs contract $645.24 (Chicago → Denver, rate effective 2025-01-01): +$40.49 (+6.3%); est. $51.06 with fuel surcharge",51.06,SHP08226,685.73,645.24,,True
CARE:14648443,rate_overcharge,"Linehaul $879.00 vs contract $850.80 (Atlanta → Minneapolis, rate effective 2025-01-01): +$28.20 (+3.3%); est. $35.05 with fuel surcharge",35.05,SHP05611,879.0,850.8,,True
CARE:15082913,rate_overcharge,"Linehaul $814.17 vs contract $670.73 (Chicago → Denver, rate effective 2025-01-01): +$143.44 (+21.4%); est. $180.88 with fuel surcharge",180.88,SHP08198,814.17,670.73,,True
CARE:15734083,rate_overcharge,"Linehaul $678.44 vs contract $656.66 (Atlanta → Minneapolis, rate effective 2025-01-01): +$21.78 (+3.3%); est. $27.46 with fuel surcharge",27.46,SHP06873,678.44,656.66,,True
CARE:15815300,rate_overcharge,"Linehaul $1,511.94 vs contract $1,369.78 (Chicago → Seattle, rate effective 2025-01-01): +$142.16 (+10.4%); est. $171.59 with fuel surcharge",171.59,SHP00783,1511.94,1369.78,,True
CARE:15958732,rate_overcharge,"Linehaul $249.80 vs contract $234.07 (Memphis → St. Louis, rate effective 2025-01-01): +$15.73 (+6.7%); est. $19.13 with fuel surcharge",19.13,SHP00981,249.8,234.07,,True
CARE:15963559,rate_overcharge,"Linehaul $323.61 vs contract $291.01 (Chicago → Miami, rate effective 2025-01-01): +$32.60 (+11.2%); est. $40.52 with fuel surcharge",40.52,SHP06271,323.61,291.01,,True
CARE:16728271,rate_overcharge,"Linehaul $285.19 vs contract $271.02 (Columbus → Boston, rate effective 2025-01-01): +$14.17 (+5.2%); est. $17.36 with fuel surcharge",17.36,SHP04909,285.19,271.02,,True
CARE:17292271,rate_overcharge,"Linehaul $1,793.97 vs contract $1,683.58 (Atlanta → Phoenix, rate effective 2025-01-01): +$110.39 (+6.6%); est. $138.21 with fuel surcharge",138.21,SHP08942,1793.97,1683.58,,True
CARE:17741808,rate_overcharge,"Linehaul $876.91 vs contract $829.48 (Chicago → Seattle, rate effective 2025-01-01): +$47.43 (+5.7%); est. $60.24 with fuel surcharge",60.24,SHP07533,876.91,829.48,,True
CARE:17920061,rate_overcharge,"Linehaul $927.70 vs contract $877.50 (Chicago → Seattle, rate effective 2025-01-01): +$50.20 (+5.7%); est. $63.75 with fuel surcharge",63.75,SHP07236,927.7,877.5,,True
CARE:18280058,rate_overcharge,"Linehaul $1,095.61 vs contract $1,036.33 (Chicago → Seattle, rate effective 2025-01-01): +$59.28 (+5.7%); est. $75.29 with fuel surcharge",75.29,SHP07376,1095.61,1036.33,,True
CARE:18669240,rate_overcharge,"Linehaul $1,807.24 vs contract $1,709.60 (Chicago → Seattle, rate effective 2025-01-01): +$97.64 (+5.7%); est. $123.12 with fuel surcharge",123.12,SHP08697,1807.24,1709.6,,True
CARE:18672987,rate_overcharge,"Linehaul $214.72 vs contract $201.74 (Chicago → Denver, rate effective 2025-01-01): +$12.98 (+6.4%); est. $16.48 with fuel surcharge",16.48,SHP07354,214.72,201.74,,True
CARE:18985767,rate_overcharge,"Linehaul $376.60 vs contract $357.90 (Columbus → Kansas City, rate effective 2025-01-01): +$18.70 (+5.2%); est. $23.41 with fuel surcharge",23.41,SHP09201,376.6,357.9,,True
CARE:19067711,rate_overcharge,"Linehaul $2,389.94 vs contract $2,260.82 (Chicago → Seattle, rate effective 2025-01-01): +$129.12 (+5.7%); est. $163.98 with fuel surcharge",163.98,SHP08528,2389.94,2260.82,,True
CARE:19373439,rate_overcharge,"Linehaul $351.22 vs contract $334.14 (Columbus → Kansas City, rate effective 2025-01-01): +$17.08 (+5.1%); est. $21.69 with fuel surcharge",21.69,SHP07475,351.22,334.14,,True
CARE:19679320,rate_overcharge,"Linehaul $831.04 vs contract $786.09 (Chicago → Seattle, rate effective 2025-01-01): +$44.95 (+5.7%); est. $56.28 with fuel surcharge",56.28,SHP06758,831.04,786.09,,True
CARE:20178876,rate_overcharge,"Linehaul $485.10 vs contract $461.01 (Columbus → Boston, rate effective 2025-01-01): +$24.09 (+5.2%); est. $30.38 with fuel surcharge",30.38,SHP08893,485.1,461.01,,True
CARE:20707165,rate_overcharge,"Linehaul $1,071.67 vs contract $1,031.17 (Atlanta → Minneapolis, rate effective 2025-01-01): +$40.50 (+3.9%); est. $51.07 with fuel surcharge",51.07,SHP08442,1071.67,1031.17,,True
CARE:21065634,rate_overcharge,"Linehaul $879.78 vs contract $825.66 (Atlanta → Phoenix, rate effective 2025-01-01): +$54.12 (+6.6%); est. $67.27 with fuel surcharge",67.27,SHP05653,879.78,825.66,,True
CARE:21774279,rate_overcharge,"Linehaul $640.20 vs contract $608.40 (Columbus → Kansas City, rate effective 2025-01-01): +$31.80 (+5.2%); est. $40.10 with fuel surcharge",40.1,SHP08088,640.2,608.4,,True
CARE:21828509,rate_overcharge,"Linehaul $317.50 vs contract $292.08 (Memphis → Charlotte, rate effective 2025-01-01): +$25.42 (+8.7%); est. $32.28 with fuel surcharge",32.28,SHP08669,317.5,292.08,,True
CARE:21898822,rate_overcharge,"Linehaul $363.41 vs contract $345.36 (Columbus → Boston, rate effective 2025-01-01): +$18.05 (+5.2%); est. $22.92 with fuel surcharge",22.92,SHP07572,363.41,345.36,,True
CARE:23178819,rate_overcharge,"Linehaul $483.21 vs contract $438.79 (Columbus → Kansas City, rate effective 2025-01-01): +$44.42 (+10.1%); est. $54.01 with fuel surcharge",54.01,SHP03609,483.21,438.79,,True
CARE:23197117,rate_overcharge,"Linehaul $244.30 vs contract $236.46 (Atlanta → Minneapolis, rate effective 2025-01-01): +$7.84 (+3.3%); est. $9.67 with fuel surcharge",9.67,SHP09853,244.3,236.46,,True
CARE:23210260,rate_overcharge,"Linehaul $413.97 vs contract $369.40 (Columbus → Boston, rate effective 2025-01-01): +$44.57 (+12.1%); est. $55.40 with fuel surcharge",55.4,SHP09448,413.97,369.4,,True
CARE:23624565,rate_overcharge,"Linehaul $1,577.00 vs contract $1,491.80 (Chicago → Seattle, rate effective 2025-01-01): +$85.20 (+5.7%); est. $105.90 with fuel surcharge",105.9,SHP06194,1577.0,1491.8,,True
CARE:23907769,rate_overcharge,"Linehaul $266.43 vs contract $232.20 (Chicago → St. Louis, rate effective 2025-01-01): +$34.23 (+14.7%); est. $43.16 with fuel surcharge",43.16,SHP07899,266.43,232.2,,True
CARE:24235686,rate_overcharge,"Linehaul $112.80 vs contract $110.00 (Atlanta → Phoenix, rate effective 2025-01-01): +$2.80 (+2.5%); est. $3.51 with fuel surcharge",3.51,SHP06743,112.8,110.0,,True
CARE:24623648,rate_overcharge,"Linehaul $800.35 vs contract $751.12 (Atlanta → Phoenix, rate effective 2025-01-01): +$49.23 (+6.6%); est. $61.19 with fuel surcharge",61.19,SHP06241,800.35,751.12,,True
CARE:26145722,rate_overcharge,"Linehaul $1,014.90 vs contract $959.99 (Chicago → Seattle, rate effective 2025-01-01): +$54.91 (+5.7%); est. $67.26 with fuel surcharge",67.26,SHP05141,1014.9,959.99,,True
CARE:26699298,rate_overcharge,"Linehaul $569.19 vs contract $563.17 (Memphis → Orlando, rate effective 2025-01-01): +$6.02 (+1.1%); est. $7.48 with fuel surcharge",7.48,SHP06142,569.19,563.17,,True
CARE:27039844,rate_overcharge,"Linehaul $728.20 vs contract $710.60 (Dallas → Louisville, rate effective 2025-01-01): +$17.60 (+2.5%); est. $21.88 with fuel surcharge",21.88,SHP06294,728.2,710.6,,True
CARE:27197477,rate_overcharge,"Linehaul $499.53 vs contract $421.27 (Atlanta → Minneapolis, rate effective 2025-01-01): +$78.26 (+18.6%); est. $94.46 with fuel surcharge",94.46,SHP04038,499.53,421.27,,True
CARE:27224546,rate_overcharge,"Linehaul $172.31 vs contract $159.85 (Chicago → Indianapolis, rate effective 2025-01-01): +$12.46 (+7.8%); est. $15.71 with fuel surcharge",15.71,SHP08466,172.31,159.85,,True
CARE:27430055,rate_overcharge,"Linehaul $704.09 vs contract $666.01 (Chicago → Seattle, rate effective 2025-01-01): +$38.08 (+5.7%); est. $48.36 with fuel surcharge",48.36,SHP07222,704.09,666.01,,True
CARE:27577915,rate_overcharge,"Linehaul $416.22 vs contract $402.85 (Atlanta → Minneapolis, rate effective 2025-01-01): +$13.37 (+3.3%); est. $16.62 with fuel surcharge",16.62,SHP06604,416.22,402.85,,True
CARE:27819738,rate_overcharge,"Linehaul $731.23 vs contract $639.64 (Atlanta → Minneapolis, rate effective 2025-01-01): +$91.59 (+14.3%); est. $110.55 with fuel surcharge",110.55,SHP03315,731.23,639.64,,True
CARE:28615660,rate_overcharge,"Linehaul $194.61 vs contract $189.12 (Memphis → Charlotte, rate effective 2025-01-01): +$5.49 (+2.9%); est. $6.92 with fuel surcharge",6.92,SHP08119,194.61,189.12,,True
CARE:28637731,rate_overcharge,"Linehaul $333.50 vs contract $284.19 (Columbus → Boston, rate effective 2025-01-01): +$49.31 (+17.4%); est. $62.18 with fuel surcharge",62.18,SHP08809,333.5,284.19,,True
CARE:28759139,rate_overcharge,"Linehaul $879.00 vs contract $850.80 (Atlanta → Minneapolis, rate effective 2025-01-01): +$28.20 (+3.3%); est. $35.05 with fuel surcharge",35.05,SHP06417,879.0,850.8,,True
CARE:29051164,rate_overcharge,"Linehaul $835.50 vs contract $784.10 (Atlanta → Phoenix, rate effective 2025-01-01): +$51.40 (+6.6%); est. $64.35 with fuel surcharge",64.35,SHP09281,835.5,784.1,,True
CARE:29338675,rate_overcharge,"Linehaul $185.44 vs contract $173.75 (Columbus → St. Louis, rate effective 2025-01-01): +$11.69 (+6.7%); est. $14.74 with fuel surcharge",14.74,SHP06864,185.44,173.75,,True
CARE:29502754,rate_overcharge,"Linehaul $1,316.31 vs contract $1,250.98 (Columbus → Boston, rate effective 2025-01-01): +$65.33 (+5.2%); est. $82.38 with fuel surcharge",82.38,SHP08767,1316.31,1250.98,,True
CARE:29646200,rate_overcharge,"Linehaul $2,073.66 vs contract $1,795.79 (Chicago → Phoenix, rate effective 2025-01-01): +$277.87 (+15.5%); est. $347.89 with fuel surcharge",347.89,SHP09197,2073.66,1795.79,,True
CARE:29838995,rate_overcharge,"Linehaul $263.57 vs contract $240.56 (Memphis → St. Louis, rate effective 2025-01-01): +$23.01 (+9.6%); est. $28.60 with fuel surcharge",28.6,SHP06226,263.57,240.56,,True
CARE:29898112,rate_overcharge,"Linehaul $1,577.00 vs contract $1,491.80 (Chicago → Seattle, rate effective 2025-01-01): +$85.20 (+5.7%); est. $105.90 with fuel surcharge",105.9,SHP06005,1577.0,1491.8,,True
CARE:30073839,rate_overcharge,"Linehaul $699.46 vs contract $656.44 (Atlanta → Phoenix, rate effective 2025-01-01): +$43.02 (+6.6%); est. $53.47 with fuel surcharge",53.47,SHP06242,699.46,656.44,,True
CARE:30431464,rate_overcharge,"Linehaul $297.30 vs contract $287.75 (Atlanta → Minneapolis, rate effective 2025-01-01): +$9.55 (+3.3%); est. $11.87 with fuel surcharge",11.87,SHP09531,297.3,287.75,,True
CARE:30885854,rate_overcharge,"Linehaul $863.07 vs contract $809.98 (Atlanta → Phoenix, rate effective 2025-01-01): +$53.09 (+6.6%); est. $65.99 with fuel surcharge",65.99,SHP06366,863.07,809.98,,True
CARE:31247835,rate_overcharge,"Linehaul $879.00 vs contract $850.80 (Atlanta → Minneapolis, rate effective 2025-01-01): +$28.20 (+3.3%); est. $35.81 with fuel surcharge",35.81,SHP07281,879.0,850.8,,True
CARE:31554448,rate_overcharge,"Linehaul $2,352.10 vs contract $2,225.02 (Chicago → Seattle, rate effective 2025-01-01): +$127.08 (+5.7%); est. $159.10 with fuel surcharge",159.1,SHP06732,2352.1,2225.02,,True
CARE:32179088,rate_overcharge,"Linehaul $510.65 vs contract $498.26 (Dallas → Louisville, rate effective 2025-01-01): +$12.39 (+2.5%); est. $15.29 with fuel surcharge",15.29,SHP09955,510.65,498.26,,True
CARE:32767256,rate_overcharge,"Linehaul $309.59 vs contract $294.22 (Columbus → Kansas City, rate effective 2025-01-01): +$15.37 (+5.2%); est. $19.24 with fuel surcharge",19.24,SHP09137,309.59,294.22,,True
CARE:34020988,rate_overcharge,"Linehaul $278.83 vs contract $275.89 (Memphis → Orlando, rate effective 2025-01-01): +$2.94 (+1.1%); est. $3.68 with fuel surcharge",3.68,SHP09113,278.83,275.89,,True
CARE:34330860,rate_overcharge,"Linehaul $572.34 vs contract $558.45 (Dallas → Louisville, rate effective 2025-01-01): +$13.89 (+2.5%); est. $17.14 with fuel surcharge",17.14,SHP09914,572.34,558.45,,True
CARE:35141852,rate_overcharge,"Linehaul $648.49 vs contract $589.00 (Chicago → Miami, rate effective 2025-01-01): +$59.49 (+10.1%); est. $71.80 with fuel surcharge",71.8,SHP02264,648.49,589.0,,True
CARE:35159999,rate_overcharge,"Linehaul $1,368.36 vs contract $1,294.31 (Chicago → Seattle, rate effective 2025-01-01): +$74.05 (+5.7%); est. $92.04 with fuel surcharge",92.04,SHP09407,1368.36,1294.31,,True
CARE:35258799,rate_overcharge,"Linehaul $1,143.85 vs contract $1,081.96 (Chicago → Seattle, rate effective 2025-01-01): +$61.89 (+5.7%); est. $76.93 with fuel surcharge",76.93,SHP05534,1143.85,1081.96,,True
CARE:35393873,rate_overcharge,"Linehaul $117.77 vs contract $110.00 (Memphis → St. Louis, rate effective 2025-01-01): +$7.77 (+7.1%); est. $9.80 with fuel surcharge",9.8,SHP08741,117.77,110.0,,True
CARE:35595011,rate_overcharge,"Linehaul $517.10 vs contract $500.50 (Atlanta → Minneapolis, rate effective 2025-01-01): +$16.60 (+3.3%); est. $20.63 with fuel surcharge",20.63,SHP06381,517.1,500.5,,True
CARE:35800311,rate_overcharge,"Linehaul $1,705.50 vs contract $1,635.48 (Chicago → Denver, rate effective 2025-01-01): +$70.02 (+4.3%); est. $87.03 with fuel surcharge",87.03,SHP06054,1705.5,1635.48,,True
CARE:36064206,rate_overcharge,"Linehaul $1,049.81 vs contract $999.10 (Dallas → Louisville, rate effective 2025-01-01): +$50.71 (+5.1%); est. $64.40 with fuel surcharge",64.4,SHP07820,1049.81,999.1,,True
CARE:36643829,rate_overcharge,"Linehaul $908.83 vs contract $841.38 (Chicago → Phoenix, rate effective 2025-01-01): +$67.45 (+8.0%); est. $85.05 with fuel surcharge",85.05,SHP07962,908.83,841.38,,False
CARE:36963276,rate_overcharge,"Linehaul $456.44 vs contract $433.77 (Columbus → Kansas City, rate effective 2025-01-01): +$22.67 (+5.2%); est. $28.18 with fuel surcharge",28.18,SHP09385,456.44,433.77,,True
CARE:37948393,rate_overcharge,"Linehaul $253.37 vs contract $245.24 (Atlanta → Minneapolis, rate effective 2025-01-01): +$8.13 (+3.3%); est. $9.96 with fuel surcharge",9.96,SHP05295,253.37,245.24,,True
CARE:38094964,rate_overcharge,"Linehaul $1,376.07 vs contract $1,291.41 (Atlanta → Phoenix, rate effective 2025-01-01): +$84.66 (+6.6%); est. $105.23 with fuel surcharge",105.23,SHP05524,1376.07,1291.41,,True
CARE:38293465,rate_overcharge,"Linehaul $698.78 vs contract $664.07 (Columbus → Kansas City, rate effective 2025-01-01): +$34.71 (+5.2%); est. $43.14 with fuel surcharge",43.14,SHP06292,698.78,664.07,,True
CARE:38326552,rate_overcharge,"Linehaul $1,365.23 vs contract $1,319.16 (Memphis → Orlando, rate effective 2025-01-01): +$46.07 (+3.5%); est. $55.61 with fuel surcharge",55.61,SHP01976,1365.23,1319.16,,True
CARE:38559186,rate_overcharge,"Linehaul $562.20 vs contract $531.80 (Chicago → Seattle, rate effective 2025-01-01): +$30.40 (+5.7%); est. $38.06 with fuel surcharge",38.06,SHP06708,562.2,531.8,,True
CARE:38668024,rate_overcharge,"Linehaul $840.80 vs contract $813.81 (Atlanta → Minneapolis, rate effective 2025-01-01): +$26.99 (+3.3%); est. $33.55 with fuel surcharge",33.55,SHP09479,840.8,813.81,,True
CARE:39258486,rate_overcharge,"Linehaul $359.82 vs contract $341.96 (Columbus → Kansas City, rate effective 2025-01-01): +$17.86 (+5.2%); est. $22.68 with fuel surcharge",22.68,SHP08571,359.82,341.96,,True
CARE:39581861,rate_overcharge,"Linehaul $517.10 vs contract $500.50 (Atlanta → Minneapolis, rate effective 2025-01-01): +$16.60 (+3.3%); est. $21.08 with fuel surcharge",21.08,SHP07392,517.1,500.5,,True
CARE:40461421,rate_overcharge,"Linehaul $173.20 vs contract $163.54 (Columbus → Louisville, rate effective 2025-01-01): +$9.66 (+5.9%); est. $12.01 with fuel surcharge",12.01,SHP06170,173.2,163.54,,True
CARE:40463342,rate_overcharge,"Linehaul $1,410.21 vs contract $1,395.20 (Memphis → Orlando, rate effective 2025-01-01): +$15.01 (+1.1%); est. $18.66 with fuel surcharge",18.66,SHP06204,1410.21,1395.2,,True
CARE:41153843,rate_overcharge,"Linehaul $517.10 vs contract $500.50 (Atlanta → Minneapolis, rate effective 2025-01-01): +$16.60 (+3.3%); est. $21.08 with fuel surcharge",21.08,SHP07652,517.1,500.5,,True
CARE:41459385,rate_overcharge,"Linehaul $502.27 vs contract $426.46 (Chicago → Seattle, rate effective 2025-01-01): +$75.81 (+17.8%); est. $91.50 with fuel surcharge",91.5,SHP00900,502.27,426.46,,True
CARE:41507261,rate_overcharge,"Linehaul $269.69 vs contract $254.69 (Chicago → Seattle, rate effective 2025-01-01): +$15.00 (+5.9%); est. $18.64 with fuel surcharge",18.64,SHP09399,269.69,254.69,,True
CARE:41612710,rate_overcharge,"Linehaul $835.50 vs contract $784.10 (Atlanta → Phoenix, rate effective 2025-01-01): +$51.40 (+6.6%); est. $64.82 with fuel surcharge",64.82,SHP08233,835.5,784.1,,True
CARE:41738735,rate_overcharge,"Linehaul $815.97 vs contract $807.34 (Memphis → Orlando, rate effective 2025-01-01): +$8.63 (+1.1%); est. $10.80 with fuel surcharge",10.8,SHP06776,815.97,807.34,,True
CARE:42226724,rate_overcharge,"Linehaul $533.40 vs contract $504.55 (Chicago → Seattle, rate effective 2025-01-01): +$28.85 (+5.7%); est. $36.64 with fuel surcharge",36.64,SHP07532,533.4,504.55,,True
CARE:42555246,rate_overcharge,"Linehaul $177.18 vs contract $167.53 (Columbus → Louisville, rate effective 2025-01-01): +$9.65 (+5.8%); est. $11.82 with fuel surcharge",11.82,SHP05150,177.18,167.53,,True
CARE:43321324,rate_overcharge,"Linehaul $237.93 vs contract $216.75 (Chicago → St. Louis, rate effective 2025-01-01): +$21.18 (+9.8%); est. $25.56 with fuel surcharge",25.56,SHP01730,237.93,216.75,,True
CARE:43383764,rate_overcharge,"Linehaul $640.20 vs contract $608.40 (Columbus → Kansas City, rate effective 2025-01-01): +$31.80 (+5.2%); est. $40.39 with fuel surcharge",40.39,SHP07221,640.2,608.4,,True
CARE:43423795,rate_overcharge,"Linehaul $188.89 vs contract $179.53 (Columbus → Boston, rate effective 2025-01-01): +$9.36 (+5.2%); est. $11.55 with fuel surcharge",11.55,SHP09806,188.89,179.53,,True
CARE:43512601,rate_overcharge,"Linehaul $480.40 vs contract $450.85 (Atlanta → Phoenix, rate effective 2025-01-01): +$29.55 (+6.6%); est. $37.00 with fuel surcharge",37.0,SHP06676,480.4,450.85,,True
CARE:43767533,rate_overcharge,"Linehaul $1,420.40 vs contract $1,333.00 (Atlanta → Phoenix, rate effective 2025-01-01): +$87.40 (+6.6%); est. $107.07 with fuel surcharge",107.07,SHP04831,1420.4,1333.0,,True
CARE:43896461,rate_overcharge,"Linehaul $165.71 vs contract $157.49 (Columbus → Kansas City, rate effective 2025-01-01): +$8.22 (+5.2%); est. $10.22 with fuel surcharge",10.22,SHP05785,165.71,157.49,,True
CARE:44081240,rate_overcharge,"Linehaul $688.01 vs contract $671.31 (Dallas → Louisville, rate effective 2025-01-01): +$16.70 (+2.5%); est. $20.46 with fuel surcharge",20.46,SHP04902,688.01,671.31,,True
CARE:44220352,rate_overcharge,"Linehaul $2,031.80 vs contract $1,591.06 (Memphis → Charlotte, rate effective 2025-01-01): +$440.74 (+27.7%); est. $531.97 with fuel surcharge",531.97,SHP02712,2031.8,1591.06,,True
CARE:44414290,rate_overcharge,"Linehaul $246.30 vs contract $240.35 (Dallas → Louisville, rate effective 2025-01-01): +$5.95 (+2.5%); est. $7.34 with fuel surcharge",7.34,SHP05377,246.3,240.35,,True
CARE:45465923,rate_overcharge,"Linehaul $1,013.69 vs contract $1,002.97 (Memphis → Orlando, rate effective 2025-01-01): +$10.72 (+1.1%); est. $13.52 with fuel surcharge",13.52,SHP08347,1013.69,1002.97,,True
CARE:46471129,rate_overcharge,"Linehaul $517.10 vs contract $500.50 (Atlanta → Minneapolis, rate effective 2025-01-01): +$16.60 (+3.3%); est. $20.63 with fuel surcharge",20.63,SHP09613,517.1,500.5,,True
CARE:46861493,rate_overcharge,"Linehaul $492.60 vs contract $432.40 (Columbus → St. Louis, rate effective 2025-01-01): +$60.20 (+13.9%); est. $72.66 with fuel surcharge",72.66,SHP02769,492.6,432.4,,True
CARE:46965878,rate_overcharge,"Linehaul $321.08 vs contract $310.77 (Atlanta → Minneapolis, rate effective 2025-01-01): +$10.31 (+3.3%); est. $12.91 with fuel surcharge",12.91,SHP08991,321.08,310.77,,True
CARE:47515285,rate_overcharge,"Linehaul $652.04 vs contract $619.66 (Columbus → Kansas City, rate effective 2025-01-01): +$32.38 (+5.2%); est. $41.12 with fuel surcharge",41.12,SHP08664,652.04,619.66,,True
CARE:47949098,rate_overcharge,"Linehaul $425.78 vs contract $402.76 (Chicago → Seattle, rate effective 2025-01-01): +$23.02 (+5.7%); est. $28.61 with fuel surcharge",28.61,SHP06203,425.78,402.76,,True
CARE:48075085,rate_overcharge,"Linehaul $944.49 vs contract $914.18 (Atlanta → Minneapolis, rate effective 2025-01-01): +$30.31 (+3.3%); est. $37.40 with fuel surcharge",37.4,SHP09939,944.49,914.18,,True
CARE:48643097,rate_overcharge,"Linehaul $792.66 vs contract $707.73 (Dallas → Charlotte, rate effective 2025-01-01): +$84.93 (+12.0%); est. $102.51 with fuel surcharge",102.51,SHP04127,792.66,707.73,,True
CARE:48679232,rate_overcharge,"Linehaul $267.52 vs contract $264.70 (Memphis → Orlando, rate effective 2025-01-01): +$2.82 (+1.1%); est. $3.56 with fuel surcharge",3.56,SHP08836,267.52,264.7,,True
CARE:48717676,rate_overcharge,"Linehaul $690.12 vs contract $681.69 (Memphis → Orlando, rate effective 2025-01-01): +$8.43 (+1.2%); est. $10.48 with fuel surcharge",10.48,SHP09341,690.12,681.69,,True
CARE:48898491,rate_overcharge,"Linehaul $686.17 vs contract $629.13 (Atlanta → Minneapolis, rate effective 2025-01-01): +$57.04 (+9.1%); est. $72.44 with fuel surcharge",72.44,SHP07135,686.17,629.13,,True
CARE:49127747,rate_overcharge,"Linehaul $707.15 vs contract $663.65 (Atlanta → Phoenix, rate effective 2025-01-01): +$43.50 (+6.6%); est. $53.68 with fuel surcharge",53.68,SHP09875,707.15,663.65,,True
CARE:49265614,rate_overcharge,"Linehaul $631.64 vs contract $600.27 (Columbus → Boston, rate effective 2025-01-01): +$31.37 (+5.2%); est. $38.99 with fuel surcharge",38.99,SHP09528,631.64,600.27,,True
CARE:49370767,rate_overcharge,"Linehaul $927.70 vs contract $877.50 (Chicago → Seattle, rate effective 2025-01-01): +$50.20 (+5.7%); est. $62.85 with fuel surcharge",62.85,SHP06759,927.7,877.5,,True
CARE:49476009,rate_overcharge,"Linehaul $512.46 vs contract $507.04 (Memphis → Orlando, rate effective 2025-01-01): +$5.42 (+1.1%); est. $6.83 with fuel surcharge",6.83,SHP07989,512.46,507.04,,True
CARE:49963107,rate_overcharge,"Linehaul $990.07 vs contract $929.16 (Atlanta → Phoenix, rate effective 2025-01-01): +$60.91 (+6.6%); est. $76.81 with fuel surcharge",76.81,SHP08714,990.07,929.16,,True
CARE:50177201,rate_overcharge,"Linehaul $1,318.50 vs contract $1,276.20 (Atlanta → Minneapolis, rate effective 2025-01-01): +$42.30 (+3.3%); est. $52.58 with fuel surcharge",52.58,SHP06189,1318.5,1276.2,,True
CARE:50806830,rate_overcharge,"Linehaul $660.80 vs contract $628.00 (Columbus → Boston, rate effective 2025-01-01): +$32.80 (+5.2%); est. $40.77 with fuel surcharge",40.77,SHP05971,660.8,628.0,,True
CARE:51424412,rate_overcharge,"Linehaul $939.99 vs contract $893.33 (Columbus → Boston, rate effective 2025-01-01): +$46.66 (+5.2%); est. $59.26 with fuel surcharge",59.26,SHP08692,939.99,893.33,,True
CARE:51713562,rate_overcharge,"Linehaul $660.80 vs contract $628.00 (Columbus → Boston, rate effective 2025-01-01): +$32.80 (+5.2%); est. $40.77 with fuel surcharge",40.77,SHP09444,660.8,628.0,,True
CARE:51820069,rate_overcharge,"Linehaul $655.35 vs contract $539.32 (Columbus → Boston, rate effective 2025-01-01): +$116.03 (+21.5%); est. $144.23 with fuel surcharge",144.23,SHP05724,655.35,539.32,,True
CARE:52080233,rate_overcharge,"Linehaul $643.00 vs contract $636.20 (Memphis → Orlando, rate effective 2025-01-01): +$6.80 (+1.1%); est. $8.51 with fuel surcharge",8.51,SHP09173,643.0,636.2,,True
CARE:52284094,rate_overcharge,"Linehaul $460.58 vs contract $437.71 (Columbus → Kansas City, rate effective 2025-01-01): +$22.87 (+5.2%); est. $29.04 with fuel surcharge",29.04,SHP07665,460.58,437.71,,True
CARE:52460504,rate_overcharge,"Linehaul $721.16 vs contract $682.15 (Chicago → Seattle, rate effective 2025-01-01): +$39.01 (+5.7%); est. $49.19 with fuel surcharge",49.19,SHP08120,721.16,682.15,,True
CARE:53296389,rate_overcharge,"Linehaul $335.55 vs contract $327.84 (Dallas → Louisville, rate effective 2025-01-01): +$7.71 (+2.4%); est. $9.72 with fuel surcharge",9.72,SHP08344,335.55,327.84,,True
CARE:53337331,rate_overcharge,"Linehaul $930.48 vs contract $880.13 (Chicago → Seattle, rate effective 2025-01-01): +$50.35 (+5.7%); est. $63.04 with fuel surcharge",63.04,SHP06656,930.48,880.13,,True
CARE:54229728,rate_overcharge,"Linehaul $662.31 vs contract $646.23 (Dallas → Louisville, rate effective 2025-01-01): +$16.08 (+2.5%); est. $20.42 with fuel surcharge",20.42,SHP07140,662.31,646.23,,True
CARE:55002059,rate_overcharge,"Linehaul $449.39 vs contract $418.00 (Dallas → Louisville, rate effective 2025-01-01): +$31.39 (+7.5%); est. $39.02 with fuel surcharge",39.02,SHP09676,449.39,418.0,,True
CARE:55223433,rate_overcharge,"Linehaul $725.95 vs contract $710.60 (Dallas → Louisville, rate effective 2025-01-01): +$15.35 (+2.2%); est. $18.94 with fuel surcharge",18.94,SHP05487,725.95,710.6,,True
CARE:56144988,rate_overcharge,"Linehaul $1,019.28 vs contract $968.69 (Columbus → Boston, rate effective 2025-01-01): +$50.59 (+5.2%); est. $63.79 with fuel surcharge",63.79,SHP06948,1019.28,968.69,,True
CARE:56650669,rate_overcharge,"Linehaul $480.40 vs contract $450.85 (Atlanta → Phoenix, rate effective 2025-01-01): +$29.55 (+6.6%); est. $37.26 with fuel surcharge",37.26,SHP08816,480.4,450.85,,True
CARE:56958027,rate_overcharge,"Linehaul $1,534.74 vs contract $1,356.33 (Atlanta → Phoenix, rate effective 2025-01-01): +$178.41 (+13.2%); est. $223.37 with fuel surcharge",223.37,SHP06611,1534.74,1356.33,,True
CARE:57106032,rate_overcharge,"Linehaul $604.33 vs contract $576.38 (Chicago → Miami, rate effective 2025-01-01): +$27.95 (+4.8%); est. $35.50 with fuel surcharge",35.5,SHP07683,604.33,576.38,,True
CARE:57478249,rate_overcharge,"Linehaul $728.55 vs contract $692.36 (Columbus → Kansas City, rate effective 2025-01-01): +$36.19 (+5.2%); est. $45.31 with fuel surcharge",45.31,SHP06657,728.55,692.36,,True
CARE:57977558,rate_overcharge,"Linehaul $259.57 vs contract $236.04 (Atlanta → St. Louis, rate effective 2025-01-01): +$23.53 (+10.0%); est. $29.25 with fuel surcharge",29.25,SHP06476,259.57,236.04,,True
CARE:58131609,rate_overcharge,"Linehaul $480.16 vs contract $456.32 (Columbus → Kansas City, rate effective 2025-01-01): +$23.84 (+5.2%); est. $30.06 with fuel surcharge",30.06,SHP08040,480.16,456.32,,True
CARE:58269829,rate_overcharge,"Linehaul $313.00 vs contract $293.49 (Dallas → Charlotte, rate effective 2025-01-01): +$19.51 (+6.6%); est. $24.25 with fuel surcharge",24.25,SHP06312,313.0,293.49,,True
CARE:58734539,rate_overcharge,"Linehaul $260.11 vs contract $222.41 (Dallas → Charlotte, rate effective 2025-01-01): +$37.70 (+17.0%); est. $46.86 with fuel surcharge",46.86,SHP05643,260.11,222.41,,True
CARE:58885583,rate_overcharge,"Linehaul $1,291.05 vs contract $1,247.70 (Atlanta → Minneapolis, rate effective 2025-01-01): +$43.35 (+3.5%); est. $54.66 with fuel surcharge",54.66,SHP06943,1291.05,1247.7,,True
CARE:58904885,rate_overcharge,"Linehaul $305.75 vs contract $290.56 (Columbus → Boston, rate effective 2025-01-01): +$15.19 (+5.2%); est. $19.29 with fuel surcharge",19.29,SHP08583,305.75,290.56,,True
CARE:58976934,rate_overcharge,"Linehaul $1,184.67 vs contract $1,120.57 (Chicago → Seattle, rate effective 2025-01-01): +$64.10 (+5.7%); est. $80.25 with fuel surcharge",80.25,SHP06662,1184.67,1120.57,,True
CARE:59135264,rate_overcharge,"Linehaul $1,152.37 vs contract $1,029.89 (Atlanta → Minneapolis, rate effective 2025-01-01): +$122.48 (+11.9%); est. $152.24 with fuel surcharge",152.24,SHP05533,1152.37,1029.89,,True
CARE:59682101,rate_overcharge,"Linehaul $530.36 vs contract $517.48 (Dallas → Louisville, rate effective 2025-01-01): +$12.88 (+2.5%); est. $16.24 with fuel surcharge",16.24,SHP08117,530.36,517.48,,True
CARE:60518036,rate_overcharge,"Linehaul $337.14 vs contract $326.31 (Atlanta → Minneapolis, rate effective 2025-01-01): +$10.83 (+3.3%); est. $13.46 with fuel surcharge",13.46,SHP06287,337.14,326.31,,True
CARE:60807420,rate_overcharge,"Linehaul $1,337.34 vs contract $1,305.02 (Dallas → Louisville, rate effective 2025-01-01): +$32.32 (+2.5%); est. $40.17 with fuel surcharge",40.17,SHP05713,1337.34,1305.02,,True
CARE:61244646,rate_overcharge,"Linehaul $257.52 vs contract $254.80 (Memphis → Orlando, rate effective 2025-01-01): +$2.72 (+1.1%); est. $3.41 with fuel surcharge",3.41,SHP06689,257.52,254.8,,True
CARE:61545052,rate_overcharge,"Linehaul $479.04 vs contract $455.25 (Columbus → Kansas City, rate effective 2025-01-01): +$23.79 (+5.2%); est. $29.14 with fuel surcharge",29.14,SHP05253,479.04,455.25,,True
CARE:62204087,rate_overcharge,"Linehaul $1,399.50 vs contract $1,330.00 (Columbus → Boston, rate effective 2025-01-01): +$69.50 (+5.2%); est. $88.27 with fuel surcharge",88.27,SHP07460,1399.5,1330.0,,True
CARE:62240916,rate_overcharge,"Linehaul $742.70 vs contract $697.01 (Atlanta → Phoenix, rate effective 2025-01-01): +$45.69 (+6.6%); est. $57.62 with fuel surcharge",57.62,SHP08000,742.7,697.01,,True
CARE:62373312,rate_overcharge,"Linehaul $1,197.16 vs contract $1,070.16 (Dallas → Louisville, rate effective 2025-01-01): +$127.00 (+11.9%); est. $159.00 with fuel surcharge",159.0,SHP09033,1197.16,1070.16,,True
CARE:62762162,rate_overcharge,"Linehaul $3,438.35 vs contract $3,159.00 (Chicago → Seattle, rate effective 2025-01-01): +$279.35 (+8.8%); est. $349.75 with fuel surcharge",349.75,SHP06724,3438.35,3159.0,,True
CARE:62939608,rate_overcharge,"Linehaul $425.10 vs contract $420.60 (Memphis → Orlando, rate effective 2025-01-01): +$4.50 (+1.1%); est. $5.67 with fuel surcharge",5.67,SHP07993,425.1,420.6,,True
CARE:63042135,rate_overcharge,"Linehaul $2,590.89 vs contract $2,431.39 (Atlanta → Phoenix, rate effective 2025-01-01): +$159.50 (+6.6%); est. $198.26 with fuel surcharge",198.26,SHP05728,2590.89,2431.39,,True
CARE:63044437,rate_overcharge,"Linehaul $184.17 vs contract $175.04 (Columbus → Boston, rate effective 2025-01-01): +$9.13 (+5.2%); est. $11.18 with fuel surcharge",11.18,SHP05191,184.17,175.04,,False
CARE:63507464,rate_overcharge,"Linehaul $881.46 vs contract $752.09 (Atlanta → Detroit, rate effective 2025-01-01): +$129.37 (+17.2%); est. $156.15 with fuel surcharge",156.15,SHP02348,881.46,752.09,,True
CARE:63538722,rate_overcharge,"Linehaul $434.83 vs contract $424.27 (Dallas → Louisville, rate effective 2025-01-01): +$10.56 (+2.5%); est. $13.41 with fuel surcharge",13.41,SHP07478,434.83,424.27,,True
CARE:63588259,rate_overcharge,"Linehaul $1,193.38 vs contract $1,068.35 (Columbus → Kansas City, rate effective 2025-01-01): +$125.03 (+11.7%); est. $152.04 with fuel surcharge",152.04,SHP04162,1193.38,1068.35,,True
CARE:63852651,rate_overcharge,"Linehaul $503.42 vs contract $476.21 (Chicago → Seattle, rate effective 2025-01-01): +$27.21 (+5.7%); est. $33.33 with fuel surcharge",33.33,SHP05215,503.42,476.21,,True
CARE:64041517,rate_overcharge,"Linehaul $971.78 vs contract $948.30 (Dallas → Louisville, rate effective 2025-01-01): +$23.48 (+2.5%); est. $29.40 with fuel surcharge",29.4,SHP09274,971.78,948.3,,True
CARE:64327452,rate_overcharge,"Linehaul $622.90 vs contract $591.97 (Columbus → Kansas City, rate effective 2025-01-01): +$30.93 (+5.2%); est. $38.45 with fuel surcharge",38.45,SHP06445,622.9,591.97,,True
CARE:64619077,rate_overcharge,"Linehaul $927.70 vs contract $877.50 (Chicago → Seattle, rate effective 2025-01-01): +$50.20 (+5.7%); est. $63.75 with fuel surcharge",63.75,SHP07104,927.7,877.5,,True
CARE:64625173,rate_overcharge,"Linehaul $1,722.57 vs contract $1,676.57 (Dallas → Louisville, rate effective 2025-01-01): +$46.00 (+2.7%); est. $56.76 with fuel surcharge",56.76,SHP09934,1722.57,1676.57,,True
CARE:64821314,rate_overcharge,"Linehaul $927.70 vs contract $877.50 (Chicago → Seattle, rate effective 2025-01-01): +$50.20 (+5.7%); est. $63.75 with fuel surcharge",63.75,SHP07561,927.7,877.5,,True
CARE:65084692,rate_overcharge,"Linehaul $1,965.74 vs contract $1,878.60 (Atlanta → Minneapolis, rate effective 2025-01-01): +$87.14 (+4.6%); est. $109.88 with fuel surcharge",109.88,SHP08032,1965.74,1878.6,,True
CARE:65174395,rate_overcharge,"Linehaul $1,008.41 vs contract $953.84 (Chicago → Seattle, rate effective 2025-01-01): +$54.57 (+5.7%); est. $67.34 with fuel surcharge",67.34,SHP09831,1008.41,953.84,,True
CARE:65779314,rate_overcharge,"Linehaul $819.39 vs contract $778.72 (Columbus → Boston, rate effective 2025-01-01): +$40.67 (+5.2%); est. $50.92 with fuel surcharge",50.92,SHP06795,819.39,778.72,,True
CARE:65826951,rate_overcharge,"Linehaul $654.65 vs contract $633.63 (Atlanta → Minneapolis, rate effective 2025-01-01): +$21.02 (+3.3%); est. $26.13 with fuel surcharge",26.13,SHP09312,654.65,633.63,,True
CARE:66888512,rate_overcharge,"Linehaul $280.14 vs contract $277.18 (Memphis → Orlando, rate effective 2025-01-01): +$2.96 (+1.1%); est. $3.76 with fuel surcharge",3.76,SHP08504,280.14,277.18,,True
CARE:67524118,rate_overcharge,"Linehaul $727.33 vs contract $570.78 (Atlanta → Phoenix, rate effective 2025-01-01): +$156.55 (+27.4%); est. $194.59 with fuel surcharge",194.59,SHP05897,727.33,570.78,,True
CARE:67559088,rate_overcharge,"Linehaul $835.50 vs contract $784.10 (Atlanta → Phoenix, rate effective 2025-01-01): +$51.40 (+6.6%); est. $63.89 with fuel surcharge",63.89,SHP09708,835.5,784.1,,True
CARE:68123850,rate_overcharge,"Linehaul $669.64 vs contract $648.15 (Atlanta → Minneapolis, rate effective 2025-01-01): +$21.49 (+3.3%); est. $26.71 with fuel surcharge",26.71,SHP06487,669.64,648.15,,True
CARE:68157675,rate_overcharge,"Linehaul $640.20 vs contract $608.40 (Columbus → Kansas City, rate effective 2025-01-01): +$31.80 (+5.2%); est. $39.53 with fuel surcharge",39.53,SHP06478,640.2,608.4,,True
CARE:68206438,rate_overcharge,"Linehaul $393.92 vs contract $374.36 (Columbus → Kansas City, rate effective 2025-01-01): +$19.56 (+5.2%); est. $24.31 with fuel surcharge",24.31,SHP06267,393.92,374.36,,True
CARE:68230569,rate_overcharge,"Linehaul $251.21 vs contract $238.74 (Columbus → Boston, rate effective 2025-01-01): +$12.47 (+5.2%); est. $15.72 with fuel surcharge",15.72,SHP07871,251.21,238.74,,True
CARE:68325446,rate_overcharge,"Linehaul $502.76 vs contract $477.80 (Columbus → Kansas City, rate effective 2025-01-01): +$24.96 (+5.2%); est. $31.03 with fuel surcharge",31.03,SHP05703,502.76,477.8,,True
CARE:68574916,rate_overcharge,"Linehaul $117.38 vs contract $110.00 (Memphis → St. Louis, rate effective 2025-01-01): +$7.38 (+6.7%); est. $9.04 with fuel surcharge",9.04,SHP05186,117.38,110.0,,True
CARE:68696258,rate_overcharge,"Linehaul $370.93 vs contract $361.97 (Dallas → Louisville, rate effective 2025-01-01): +$8.96 (+2.5%); est. $11.06 with fuel surcharge",11.06,SHP05443,370.93,361.97,,True
CARE:69233696,rate_overcharge,"Linehaul $399.00 vs contract $394.78 (Memphis → Orlando, rate effective 2025-01-01): +$4.22 (+1.1%); est. $5.25 with fuel surcharge",5.25,SHP06390,399.0,394.78,,True
CARE:69284915,rate_overcharge,"Linehaul $198.24 vs contract $190.80 (Chicago → St. Louis, rate effective 2025-01-01): +$7.44 (+3.9%); est. $9.05 with fuel surcharge",9.05,SHP03649,198.24,190.8,,True
CARE:69878516,rate_overcharge,"Linehaul $268.47 vs contract $261.98 (Dallas → Louisville, rate effective 2025-01-01): +$6.49 (+2.5%); est. $8.18 with fuel surcharge",8.18,SHP08186,268.47,261.98,,True
CARE:70396593,rate_overcharge,"Linehaul $1,163.66 vs contract $1,135.54 (Dallas → Louisville, rate effective 2025-01-01): +$28.12 (+2.5%); est. $34.95 with fuel surcharge",34.95,SHP09524,1163.66,1135.54,,True
CARE:70649655,rate_overcharge,"Linehaul $1,523.76 vs contract $1,486.93 (Dallas → Louisville, rate effective 2025-01-01): +$36.83 (+2.5%); est. $45.78 with fuel surcharge",45.78,SHP05951,1523.76,1486.93,,True
CARE:70784225,rate_overcharge,"Linehaul $506.37 vs contract $494.08 (Dallas → Louisville, rate effective 2025-01-01): +$12.29 (+2.5%); est. $15.17 with fuel surcharge",15.17,SHP09895,506.37,494.08,,True
CARE:71136126,rate_overcharge,"Linehaul $419.56 vs contract $357.90 (Columbus → Kansas City, rate effective 2025-01-01): +$61.66 (+17.2%); est. $74.42 with fuel surcharge",74.42,SHP00445,419.56,357.9,,True
CARE:71852036,rate_overcharge,"Linehaul $246.30 vs contract $240.35 (Dallas → Louisville, rate effective 2025-01-01): +$5.95 (+2.5%); est. $7.45 with fuel surcharge",7.45,SHP09147,246.3,240.35,,True
CARE:72327438,rate_overcharge,"Linehaul $423.67 vs contract $402.64 (Columbus → Kansas City, rate effective 2025-01-01): +$21.03 (+5.2%); est. $26.14 with fuel surcharge",26.14,SHP06459,423.67,402.64,,True
CARE:72417362,rate_overcharge,"Linehaul $428.40 vs contract $418.00 (Dallas → Louisville, rate effective 2025-01-01): +$10.40 (+2.5%); est. $12.93 with fuel surcharge",12.93,SHP06028,428.4,418.0,,True
CARE:72593794,rate_overcharge,"Linehaul $286.65 vs contract $272.41 (Columbus → Kansas City, rate effective 2025-01-01): +$14.24 (+5.2%); est. $17.83 with fuel surcharge",17.83,SHP08916,286.65,272.41,,True
CARE:72664131,rate_overcharge,"Linehaul $693.55 vs contract $661.03 (Columbus → Kansas City, rate effective 2025-01-01): +$32.52 (+4.9%); est. $39.84 with fuel surcharge",39.84,SHP05136,693.55,661.03,,True
CARE:72687387,rate_overcharge,"Linehaul $1,092.83 vs contract $1,025.60 (Atlanta → Phoenix, rate effective 2025-01-01): +$67.23 (+6.6%); est. $85.38 with fuel surcharge",85.38,SHP07172,1092.83,1025.6,,True
CARE:73238642,rate_overcharge,"Linehaul $1,179.53 vs contract $1,120.98 (Columbus → Boston, rate effective 2025-01-01): +$58.55 (+5.2%); est. $72.78 with fuel surcharge",72.78,SHP05797,1179.53,1120.98,,True
CARE:73365499,rate_overcharge,"Linehaul $619.49 vs contract $612.94 (Memphis → Orlando, rate effective 2025-01-01): +$6.55 (+1.1%); est. $8.26 with fuel surcharge",8.26,SHP06856,619.49,612.94,,True
CARE:73606905,rate_overcharge,"Linehaul $1,216.85 vs contract $1,154.79 (Chicago → Seattle, rate effective 2025-01-01): +$62.06 (+5.4%); est. $78.82 with fuel surcharge",78.82,SHP07528,1216.85,1154.79,,True
CARE:73705429,rate_overcharge,"Linehaul $124.59 vs contract $110.00 (Chicago → Indianapolis, rate effective 2025-01-01): +$14.59 (+13.3%); est. $17.74 with fuel surcharge",17.74,SHP03883,124.59,110.0,,True
CARE:74230973,rate_overcharge,"Linehaul $660.80 vs contract $628.00 (Columbus → Boston, rate effective 2025-01-01): +$32.80 (+5.2%); est. $40.48 with fuel surcharge",40.48,SHP05427,660.8,628.0,,True
CARE:74367548,rate_overcharge,"Linehaul $599.45 vs contract $451.41 (Columbus → Boston, rate effective 2025-01-01): +$148.04 (+32.8%); est. $182.68 with fuel surcharge",182.68,SHP05489,599.45,451.41,,True
CARE:74883731,rate_overcharge,"Linehaul $1,614.28 vs contract $1,562.49 (Atlanta → Minneapolis, rate effective 2025-01-01): +$51.79 (+3.3%); est. $65.31 with fuel surcharge",65.31,SHP08074,1614.28,1562.49,,True
CARE:75277839,rate_overcharge,"Linehaul $184.17 vs contract $175.04 (Columbus → Boston, rate effective 2025-01-01): +$9.13 (+5.2%); est. $11.18 with fuel surcharge",11.18,SHP05191,184.17,175.04,,True
CARE:75278947,rate_overcharge,"Linehaul $538.73 vs contract $509.60 (Chicago → Seattle, rate effective 2025-01-01): +$29.13 (+5.7%); est. $36.73 with fuel surcharge",36.73,SHP08061,538.73,509.6,,True
CARE:76709920,rate_overcharge,"Linehaul $337.31 vs contract $320.56 (Columbus → Kansas City, rate effective 2025-01-01): +$16.75 (+5.2%); est. $20.82 with fuel surcharge",20.82,SHP06421,337.31,320.56,,True
CARE:76746266,rate_overcharge,"Linehaul $1,577.00 vs contract $1,491.80 (Chicago → Seattle, rate effective 2025-01-01): +$85.20 (+5.7%); est. $105.90 with fuel surcharge",105.9,SHP06471,1577.0,1491.8,,True
CARE:76846297,rate_overcharge,"Linehaul $513.14 vs contract $496.66 (Atlanta → Minneapolis, rate effective 2025-01-01): +$16.48 (+3.3%); est. $20.48 with fuel surcharge",20.48,SHP06559,513.14,496.66,,True
CARE:76913102,rate_overcharge,"Linehaul $295.31 vs contract $280.64 (Columbus → Kansas City, rate effective 2025-01-01): +$14.67 (+5.2%); est. $18.50 with fuel surcharge",18.5,SHP06990,295.31,280.64,,True
CARE:76936945,rate_overcharge,"Linehaul $489.77 vs contract $484.59 (Memphis → Orlando, rate effective 2025-01-01): +$5.18 (+1.1%); est. $6.58 with fuel surcharge",6.58,SHP07767,489.77,484.59,,True
CARE:77024559,rate_overcharge,"Linehaul $224.98 vs contract $205.34 (Chicago → Indianapolis, rate effective 2025-01-01): +$19.64 (+9.6%); est. $24.41 with fuel surcharge",24.41,SHP06254,224.98,205.34,,True
CARE:77245022,rate_overcharge,"Linehaul $587.43 vs contract $568.57 (Atlanta → Minneapolis, rate effective 2025-01-01): +$18.86 (+3.3%); est. $23.10 with fuel surcharge",23.1,SHP05024,587.43,568.57,,True
CARE:77673695,rate_overcharge,"Linehaul $502.69 vs contract $478.51 (Columbus → Kansas City, rate effective 2025-01-01): +$24.18 (+5.1%); est. $30.49 with fuel surcharge",30.49,SHP06921,502.69,478.51,,True
CARE:77963943,rate_overcharge,"Linehaul $927.70 vs contract $877.50 (Chicago → Seattle, rate effective 2025-01-01): +$50.20 (+5.7%); est. $61.50 with fuel surcharge",61.5,SHP04986,927.7,877.5,,True
CARE:78296549,rate_overcharge,"Linehaul $189.94 vs contract $180.53 (Columbus → Boston, rate effective 2025-01-01): +$9.41 (+5.2%); est. $11.70 with fuel surcharge",11.7,SHP05826,189.94,180.53,,True
CARE:78333224,rate_overcharge,"Linehaul $367.88 vs contract $349.61 (Columbus → Boston, rate effective 2025-01-01): +$18.27 (+5.2%); est. $22.71 with fuel surcharge",22.71,SHP05996,367.88,349.61,,True
CARE:78542154,rate_overcharge,"Linehaul $142.32 vs contract $135.27 (Columbus → Kansas City, rate effective 2025-01-01): +$7.05 (+5.2%); est. $8.76 with fuel surcharge",8.76,SHP05779,142.32,135.27,,True
CARE:78613525,rate_overcharge,"Linehaul $1,351.66 vs contract $1,278.52 (Chicago → Seattle, rate effective 2025-01-01): +$73.14 (+5.7%); est. $91.57 with fuel surcharge",91.57,SHP06654,1351.66,1278.52,,True
CARE:78656918,rate_overcharge,"Linehaul $679.29 vs contract $637.50 (Atlanta → Phoenix, rate effective 2025-01-01): +$41.79 (+6.6%); est. $51.94 with fuel surcharge",51.94,SHP06030,679.29,637.5,,True
CARE:78965867,rate_overcharge,"Linehaul $558.60 vs contract $552.69 (Memphis → Orlando, rate effective 2025-01-01): +$5.91 (+1.1%); est. $7.24 with fuel surcharge",7.24,SHP05184,558.6,552.69,,True
CARE:79000631,rate_overcharge,"Linehaul $1,238.48 vs contract $1,171.46 (Chicago → Seattle, rate effective 2025-01-01): +$67.02 (+5.7%); est. $84.51 with fuel surcharge",84.51,SHP07939,1238.48,1171.46,,True
CARE:79209444,rate_overcharge,"Linehaul $660.80 vs contract $628.00 (Columbus → Boston, rate effective 2025-01-01): +$32.80 (+5.2%); est. $41.66 with fuel surcharge",41.66,SHP07551,660.8,628.0,,True
CARE:79585403,rate_overcharge,"Linehaul $708.94 vs contract $686.19 (Atlanta → Minneapolis, rate effective 2025-01-01): +$22.75 (+3.3%); est. $28.89 with fuel surcharge",28.89,SHP08534,708.94,686.19,,True
CARE:79670968,rate_overcharge,"Linehaul $408.52 vs contract $388.24 (Columbus → Boston, rate effective 2025-01-01): +$20.28 (+5.2%); est. $25.57 with fuel surcharge",25.57,SHP08334,408.52,388.24,,True
CARE:79858746,rate_overcharge,"Linehaul $692.40 vs contract $670.17 (Atlanta → Minneapolis, rate effective 2025-01-01): +$22.23 (+3.3%); est. $27.43 with fuel surcharge",27.43,SHP09861,692.4,670.17,,True
CARE:79944911,rate_overcharge,"Linehaul $255.17 vs contract $249.00 (Dallas → Louisville, rate effective 2025-01-01): +$6.17 (+2.5%); est. $7.72 with fuel surcharge",7.72,SHP09079,255.17,249.0,,True
CARE:79951531,rate_overcharge,"Linehaul $148.12 vs contract $141.93 (Chicago → Indianapolis, rate effective 2025-01-01): +$6.19 (+4.4%); est. $7.81 with fuel surcharge",7.81,SHP08707,148.12,141.93,,True
CARE:79990009,rate_overcharge,"Linehaul $925.18 vs contract $902.82 (Dallas → Louisville, rate effective 2025-01-01): +$22.36 (+2.5%); est. $28.40 with fuel surcharge",28.4,SHP07242,925.18,902.82,,True
CARE:80084461,rate_overcharge,"Linehaul $427.82 vs contract $406.57 (Columbus → Kansas City, rate effective 2025-01-01): +$21.25 (+5.2%); est. $26.61 with fuel surcharge",26.61,SHP06772,427.82,406.57,,True
CARE:80364167,rate_overcharge,"Linehaul $1,586.16 vs contract $1,535.27 (Atlanta → Minneapolis, rate effective 2025-01-01): +$50.89 (+3.3%); est. $63.26 with fuel surcharge",63.26,SHP05975,1586.16,1535.27,,True
CARE:80405562,rate_overcharge,"Linehaul $1,023.85 vs contract $999.10 (Dallas → Louisville, rate effective 2025-01-01): +$24.75 (+2.5%); est. $31.43 with fuel surcharge",31.43,SHP07820,1023.85,999.1,,False
CARE:80895937,rate_overcharge,"Linehaul $155.59 vs contract $151.82 (Dallas → Louisville, rate effective 2025-01-01): +$3.77 (+2.5%); est. $4.79 with fuel surcharge",4.79,SHP07827,155.59,151.82,,True
CARE:81251108,rate_overcharge,"Linehaul $497.15 vs contract $472.46 (Columbus → Boston, rate effective 2025-01-01): +$24.69 (+5.2%); est. $30.69 with fuel surcharge",30.69,SHP06323,497.15,472.46,,True
CARE:81304209,rate_overcharge,"Linehaul $376.60 vs contract $357.90 (Columbus → Kansas City, rate effective 2025-01-01): +$18.70 (+5.2%); est. $23.75 with fuel surcharge",23.75,SHP08559,376.6,357.9,,True
CARE:81371478,rate_overcharge,"Linehaul $643.00 vs contract $636.20 (Memphis → Orlando, rate effective 2025-01-01): +$6.80 (+1.1%); est. $8.51 with fuel surcharge",8.51,SHP08988,643.0,636.2,,True
CARE:82011424,rate_overcharge,"Linehaul $1,605.39 vs contract $1,518.65 (Chicago → Seattle, rate effective 2025-01-01): +$86.74 (+5.7%); est. $106.26 with fuel surcharge",106.26,SHP04940,1605.39,1518.65,,True
CARE:82186397,rate_overcharge,"Linehaul $149.00 vs contract $144.23 (Memphis → Nashville, rate effective 2025-01-01): +$4.77 (+3.3%); est. $6.06 with fuel surcharge",6.06,SHP08566,149.0,144.23,,True
CARE:82263890,rate_overcharge,"Linehaul $191.12 vs contract $181.65 (Columbus → Kansas City, rate effective 2025-01-01): +$9.47 (+5.2%); est. $11.77 with fuel surcharge",11.77,SHP06348,191.12,181.65,,True
CARE:82299569,rate_overcharge,"Linehaul $230.21 vs contract $218.77 (Columbus → Boston, rate effective 2025-01-01): +$11.44 (+5.2%); est. $14.22 with fuel surcharge",14.22,SHP05773,230.21,218.77,,True
CARE:82475823,rate_overcharge,"Linehaul $462.10 vs contract $437.12 (Chicago → Seattle, rate effective 2025-01-01): +$24.98 (+5.7%); est. $30.83 with fuel surcharge",30.83,SHP09977,462.1,437.12,,True
CARE:82565860,rate_overcharge,"Linehaul $579.64 vs contract $535.11 (Memphis → Orlando, rate effective 2025-01-01): +$44.53 (+8.3%); est. $53.75 with fuel surcharge",53.75,SHP02784,579.64,535.11,,True
CARE:83121159,rate_overcharge,"Linehaul $404.84 vs contract $357.90 (Columbus → Kansas City, rate effective 2025-01-01): +$46.94 (+13.1%); est. $58.77 with fuel surcharge",58.77,SHP08989,404.84,357.9,,True
CARE:83501642,rate_overcharge,"Linehaul $388.70 vs contract $369.40 (Columbus → Boston, rate effective 2025-01-01): +$19.30 (+5.2%); est. $23.99 with fuel surcharge",23.99,SHP09684,388.7,369.4,,True
CARE:83669066,rate_overcharge,"Linehaul $716.96 vs contract $587.01 (Atlanta → Phoenix, rate effective 2025-01-01): +$129.95 (+22.1%); est. $165.04 with fuel surcharge",165.04,SHP07304,716.96,587.01,,True
CARE:84658852,rate_overcharge,"Linehaul $927.70 vs contract $877.50 (Chicago → Seattle, rate effective 2025-01-01): +$50.20 (+5.7%); est. $62.40 with fuel surcharge",62.4,SHP05857,927.7,877.5,,True
CARE:84746344,rate_overcharge,"Linehaul $186.81 vs contract $177.34 (Memphis → St. Louis, rate effective 2025-01-01): +$9.47 (+5.3%); est. $11.77 with fuel surcharge",11.77,SHP09553,186.81,177.34,,True
CARE:85701516,rate_overcharge,"Linehaul $539.42 vs contract $456.61 (Columbus → St. Louis, rate effective 2025-01-01): +$82.81 (+18.1%); est. $103.68 with fuel surcharge",103.68,SHP06638,539.42,456.61,,True
CARE:86552343,rate_overcharge,"Linehaul $2,743.19 vs contract $2,594.99 (Chicago → Seattle, rate effective 2025-01-01): +$148.20 (+5.7%); est. $188.21 with fuel surcharge",188.21,SHP07328,2743.19,2594.99,,True
CARE:86596143,rate_overcharge,"Linehaul $262.36 vs contract $251.83 (Columbus → Louisville, rate effective 2025-01-01): +$10.53 (+4.2%); est. $13.09 with fuel surcharge",13.09,SHP06018,262.36,251.83,,True
CARE:86657141,rate_overcharge,"Linehaul $607.77 vs contract $601.34 (Memphis → Orlando, rate effective 2025-01-01): +$6.43 (+1.1%); est. $7.99 with fuel surcharge",7.99,SHP05522,607.77,601.34,,True
CARE:86687080,rate_overcharge,"Linehaul $1,931.04 vs contract $1,826.71 (Chicago → Seattle, rate effective 2025-01-01): +$104.33 (+5.7%); est. $130.62 with fuel surcharge",130.62,SHP09165,1931.04,1826.71,,True
CARE:88600765,rate_overcharge,"Linehaul $575.89 vs contract $537.10 (Chicago → Miami, rate effective 2025-01-01): +$38.79 (+7.2%); est. $49.26 with fuel surcharge",49.26,SHP07141,575.89,537.1,,True
CARE:88616377,rate_overcharge,"Linehaul $216.19 vs contract $186.45 (Memphis → Nashville, rate effective 2025-01-01): +$29.74 (+16.0%); est. $35.90 with fuel surcharge",35.9,SHP01911,216.19,186.45,,True
CARE:89501636,rate_overcharge,"Linehaul $2,792.25 vs contract $2,702.25 (Atlanta → Minneapolis, rate effective 2025-01-01): +$90.00 (+3.3%); est. $110.25 with fuel surcharge",110.25,SHP04947,2792.25,2702.25,,True
CARE:89527935,rate_overcharge,"Linehaul $267.96 vs contract $265.13 (Memphis → Orlando, rate effective 2025-01-01): +$2.83 (+1.1%); est. $3.54 with fuel surcharge",3.54,SHP09257,267.96,265.13,,True
CARE:89798465,rate_overcharge,"Linehaul $1,420.40 vs contract $1,333.00 (Atlanta → Phoenix, rate effective 2025-01-01): +$87.40 (+6.6%); est. $110.21 with fuel surcharge",110.21,SHP06934,1420.4,1333.0,,True
CARE:91176761,rate_overcharge,"Linehaul $376.60 vs contract $357.90 (Columbus → Kansas City, rate effective 2025-01-01): +$18.70 (+5.2%); est. $23.41 with fuel surcharge",23.41,SHP09036,376.6,357.9,,True
CARE:91241913,rate_overcharge,"Linehaul $628.36 vs contract $589.71 (Atlanta → Phoenix, rate effective 2025-01-01): +$38.65 (+6.6%); est. $48.04 with fuel surcharge",48.04,SHP09567,628.36,589.71,,True
CARE:91765267,rate_overcharge,"Linehaul $257.97 vs contract $244.03 (Chicago → Seattle, rate effective 2025-01-01): +$13.94 (+5.7%); est. $17.33 with fuel surcharge",17.33,SHP09547,257.97,244.03,,True
CARE:92598068,rate_overcharge,"Linehaul $304.94 vs contract $301.71 (Memphis → Orlando, rate effective 2025-01-01): +$3.23 (+1.1%); est. $3.99 with fuel surcharge",3.99,SHP05344,304.94,301.71,,True
CARE:92819246,rate_overcharge,"Linehaul $333.86 vs contract $316.54 (Memphis → Charlotte, rate effective 2025-01-01): +$17.32 (+5.5%); est. $20.91 with fuel surcharge",20.91,SHP01820,333.86,316.54,,True
CARE:93586259,rate_overcharge,"Linehaul $304.89 vs contract $256.69 (Dallas → Louisville, rate effective 2025-01-01): +$48.20 (+18.8%); est. $58.61 with fuel surcharge",58.61,SHP04536,304.89,256.69,,True
CARE:93928624,rate_overcharge,"Linehaul $308.17 vs contract $266.85 (Memphis → Orlando, rate effective 2025-01-01): +$41.32 (+15.5%); est. $49.87 with fuel surcharge",49.87,SHP02591,308.17,266.85,,True
CARE:94009518,rate_overcharge,"Linehaul $1,399.50 vs contract $1,330.00 (Columbus → Boston, rate effective 2025-01-01): +$69.50 (+5.2%); est. $87.64 with fuel surcharge",87.64,SHP08391,1399.5,1330.0,,True
CARE:94649475,rate_overcharge,"Linehaul $2,570.92 vs contract $2,412.73 (Atlanta → Phoenix, rate effective 2025-01-01): +$158.19 (+6.6%); est. $196.63 with fuel surcharge",196.63,SHP06237,2570.92,2412.73,,True
CARE:94736178,rate_overcharge,"Linehaul $700.01 vs contract $683.01 (Dallas → Louisville, rate effective 2025-01-01): +$17.00 (+2.5%); est. $21.44 with fuel surcharge",21.44,SHP08076,700.01,683.01,,True
CARE:94903140,rate_overcharge,"Linehaul $475.87 vs contract $450.15 (Chicago → Seattle, rate effective 2025-01-01): +$25.72 (+5.7%); est. $32.66 with fuel surcharge",32.66,SHP08656,475.87,450.15,,True
CARE:95065614,rate_overcharge,"Linehaul $898.69 vs contract $854.08 (Columbus → Boston, rate effective 2025-01-01): +$44.61 (+5.2%); est. $56.25 with fuel surcharge",56.25,SHP07949,898.69,854.08,,True
CARE:95184894,rate_overcharge,"Linehaul $3,368.36 vs contract $3,161.20 (Atlanta → Phoenix, rate effective 2025-01-01): +$207.16 (+6.6%); est. $259.36 with fuel surcharge",259.36,SHP06665,3368.36,3161.2,,True
CARE:95321370,rate_overcharge,"Linehaul $839.82 vs contract $790.37 (Atlanta → Phoenix, rate effective 2025-01-01): +$49.45 (+6.3%); est. $62.36 with fuel surcharge",62.36,SHP08044,839.82,790.37,,True
CARE:95506112,rate_overcharge,"Linehaul $416.14 vs contract $395.48 (Columbus → Kansas City, rate effective 2025-01-01): +$20.66 (+5.2%); est. $25.68 with fuel surcharge",25.68,SHP09617,416.14,395.48,,True
CARE:95695353,rate_overcharge,"Linehaul $270.19 vs contract $256.78 (Columbus → Kansas City, rate effective 2025-01-01): +$13.41 (+5.2%); est. $17.03 with fuel surcharge",17.03,SHP07447,270.19,256.78,,True
CARE:95984024,rate_overcharge,"Linehaul $641.81 vs contract $635.02 (Memphis → Orlando, rate effective 2025-01-01): +$6.79 (+1.1%); est. $8.32 with fuel surcharge",8.32,SHP05187,641.81,635.02,,True
CARE:96123931,rate_overcharge,"Linehaul $264.58 vs contract $254.40 (Columbus → St. Louis, rate effective 2025-01-01): +$10.18 (+4.0%); est. $12.38 with fuel surcharge",12.38,SHP04304,264.58,254.4,,True
CARE:96492187,rate_overcharge,"Linehaul $908.83 vs contract $841.38 (Chicago → Phoenix, rate effective 2025-01-01): +$67.45 (+8.0%); est. $85.05 with fuel surcharge",85.05,SHP07962,908.83,841.38,,True
CARE:96599042,rate_overcharge,"Linehaul $3,049.99 vs contract $2,798.62 (Chicago → Seattle, rate effective 2025-01-01): +$251.37 (+9.0%); est. $303.40 with fuel surcharge",303.4,SHP03279,3049.99,2798.62,,True
CARE:96768253,rate_overcharge,"Linehaul $618.18 vs contract $603.17 (Dallas → Louisville, rate effective 2025-01-01): +$15.01 (+2.5%); est. $19.06 with fuel surcharge",19.06,SHP07053,618.18,603.17,,True
CARE:97423270,rate_overcharge,"Linehaul $367.62 vs contract $349.36 (Columbus → Kansas City, rate effective 2025-01-01): +$18.26 (+5.2%); est. $22.86 with fuel surcharge",22.86,SHP09229,367.62,349.36,,True
CARE:97815184,rate_overcharge,"Linehaul $879.00 vs contract $850.80 (Atlanta → Minneapolis, rate effective 2025-01-01): +$28.20 (+3.3%); est. $35.05 with fuel surcharge",35.05,SHP06065,879.0,850.8,,True
CARE:98016273,rate_overcharge,"Linehaul $299.54 vs contract $290.40 (Memphis → Nashville, rate effective 2025-01-01): +$9.14 (+3.1%); est. $11.61 with fuel surcharge",11.61,SHP08587,299.54,290.4,,True
CARE:98038420,rate_overcharge,"Linehaul $997.15 vs contract $947.65 (Columbus → Boston, rate effective 2025-01-01): +$49.50 (+5.2%); est. $62.87 with fuel surcharge",62.87,SHP08535,997.15,947.65,,True
CARE:98059640,rate_overcharge,"Linehaul $394.47 vs contract $373.15 (Chicago → Seattle, rate effective 2025-01-01): +$21.32 (+5.7%); est. $26.31 with fuel surcharge",26.31,SHP05445,394.47,373.15,,True
CARE:98480722,rate_overcharge,"Linehaul $958.55 vs contract $850.80 (Atlanta → Minneapolis, rate effective 2025-01-01): +$107.75 (+12.7%); est. $133.93 with fuel surcharge",133.93,SHP06333,958.55,850.8,,True
CARE:98796132,rate_overcharge,"Linehaul $966.75 vs contract $918.76 (Columbus → Boston, rate effective 2025-01-01): +$47.99 (+5.2%); est. $59.65 with fuel surcharge",59.65,SHP09402,966.75,918.76,,True
CARE:99243753,rate_overcharge,"Linehaul $248.53 vs contract $236.19 (Columbus → Boston, rate effective 2025-01-01): +$12.34 (+5.2%); est. $15.34 with fuel surcharge",15.34,SHP06298,248.53,236.19,,True
CARE:99572521,rate_overcharge,"Linehaul $713.87 vs contract $669.96 (Atlanta → Phoenix, rate effective 2025-01-01): +$43.91 (+6.6%); est. $54.98 with fuel surcharge",54.98,SHP09175,713.87,669.96,,True
CARE:99692156,rate_overcharge,"Linehaul $297.30 vs contract $287.75 (Atlanta → Minneapolis, rate effective 2025-01-01): +$9.55 (+3.3%); est. $11.87 with fuel surcharge",11.87,SHP06589,297.3,287.75,,True
CARF:02830694,rate_overcharge,"Linehaul $2,623.04 vs contract $2,408.90 (Atlanta → Minneapolis, rate effective 2025-01-01): +$214.14 (+8.9%)",214.14,SHP06507,2623.04,2408.9,,True
CARF:07714215,rate_overcharge,"Linehaul $2,939.53 vs contract $2,815.48 (Columbus → Miami, rate effective 2025-01-01): +$124.05 (+4.4%)",124.05,SHP06785,2939.53,2815.48,,True
CARF:09092659,rate_overcharge,"Linehaul $2,517.28 vs contract $2,355.42 (Dallas → Phoenix, rate effective 2025-01-01): +$161.86 (+6.9%)",161.86,SHP05991,2517.28,2355.42,,True
CARF:25400164,rate_overcharge,"Linehaul $2,144.19 vs contract $1,866.76 (Memphis → Pittsburgh, rate effective 2025-01-01): +$277.43 (+14.9%)",277.43,SHP00187,2144.19,1866.76,,True
CARF:31420007,rate_overcharge,"Linehaul $825.81 vs contract $784.89 (Chicago → Louisville, rate effective 2025-01-01): +$40.92 (+5.2%)",40.92,SHP00665,825.81,784.89,,True
CARF:31894504,rate_overcharge,"Linehaul $4,887.14 vs contract $4,710.56 (Columbus → Phoenix, rate effective 2025-01-01): +$176.58 (+3.7%)",176.58,SHP09463,4887.14,4710.56,,True
CARF:44617712,rate_overcharge,"Linehaul $5,592.19 vs contract $4,876.30 (Dallas → Seattle, rate effective 2025-01-01): +$715.89 (+14.7%)",715.89,SHP08109,5592.19,4876.3,,True
CARF:47392535,rate_overcharge,"Linehaul $3,160.21 vs contract $3,104.86 (Dallas → Pittsburgh, rate effective 2025-01-01): +$55.35 (+1.8%)",55.35,SHP06794,3160.21,3104.86,,True
CARF:50518726,rate_overcharge,"Linehaul $5,762.71 vs contract $5,564.80 (Columbus → Los Angeles, rate effective 2025-01-01): +$197.91 (+3.6%)",197.91,SHP01943,5762.71,5564.8,,True
CARF:53654357,rate_overcharge,"Linehaul $2,572.94 vs contract $2,457.46 (Chicago → Denver, rate effective 2025-01-01): +$115.48 (+4.7%)",115.48,SHP09770,2572.94,2457.46,,True
CARF:56131851,rate_overcharge,"Linehaul $4,371.85 vs contract $4,072.32 (Columbus → Salt Lake City, rate effective 2025-01-01): +$299.53 (+7.4%)",299.53,SHP04905,4371.85,4072.32,,True
CARF:58655174,rate_overcharge,"Linehaul $3,139.05 vs contract $3,104.86 (Dallas → Pittsburgh, rate effective 2025-01-01): +$34.19 (+1.1%)",34.19,SHP06871,3139.05,3104.86,,True
CARF:58799357,rate_overcharge,"Linehaul $823.46 vs contract $784.89 (Chicago → Louisville, rate effective 2025-01-01): +$38.57 (+4.9%)",38.57,SHP08375,823.46,784.89,,True
CARF:60682465,rate_overcharge,"Linehaul $1,897.14 vs contract $1,694.04 (Columbus → Kansas City, rate effective 2025-01-01): +$203.10 (+12.0%)",203.1,SHP01432,1897.14,1694.04,,True
CARF:62439697,rate_overcharge,"Linehaul $3,001.19 vs contract $2,781.68 (Dallas → Detroit, rate effective 2025-01-01): +$219.51 (+7.9%)",219.51,SHP08163,3001.19,2781.68,,True
CARF:64659723,rate_overcharge,"Linehaul $6,373.70 vs contract $5,564.80 (Columbus → Los Angeles, rate effective 2025-01-01): +$808.90 (+14.5%)",808.9,SHP03915,6373.7,5564.8,,True
CARF:65289782,rate_overcharge,"Linehaul $2,121.81 vs contract $1,866.76 (Memphis → Pittsburgh, rate effective 2025-01-01): +$255.05 (+13.7%)",255.05,SHP02666,2121.81,1866.76,,True
CARF:72748064,rate_overcharge,"Linehaul $1,282.46 vs contract $1,231.20 (Atlanta → Indianapolis, rate effective 2025-01-01): +$51.26 (+4.2%)",51.26,SHP04178,1282.46,1231.2,,True
CARF:86303914,rate_overcharge,"Linehaul $1,834.43 vs contract $1,763.58 (Atlanta → Philadelphia, rate effective 2025-01-01): +$70.85 (+4.0%)",70.85,SHP01986,1834.43,1763.58,,True
CARF:90038562,rate_overcharge,"Linehaul $5,938.52 vs contract $5,564.80 (Columbus → Los Angeles, rate effective 2025-01-01): +$373.72 (+6.7%)",373.72,SHP04397,5938.52,5564.8,,True
CARF:91487888,rate_overcharge,"Linehaul $5,881.70 vs contract $5,564.80 (Columbus → Los Angeles, rate effective 2025-01-01): +$316.90 (+5.7%)",316.9,SHP07032,5881.7,5564.8,,True
CARF:97390258,rate_overcharge,"Linehaul $6,283.00 vs contract $5,564.80 (Columbus → Los Angeles, rate effective 2025-01-01): +$718.20 (+12.9%)",718.2,SHP03849,6283.0,5564.8,,True
CARG:00858272,rate_overcharge,"Linehaul $3,330.22 vs contract $3,150.84 (Atlanta → Denver, rate effective 2025-01-01): +$179.38 (+5.7%)",179.38,SHP04418,3330.22,3150.84,,True
CARG:01093063,rate_overcharge,"Linehaul $3,170.97 vs contract $2,972.59 (Dallas → Miami, rate effective 2025-01-01): +$198.38 (+6.7%)",198.38,SHP02506,3170.97,2972.59,,True
CARG:02806789,rate_overcharge,"Linehaul $3,250.89 vs contract $3,181.88 (Chicago → Salt Lake City, rate effective 2025-01-01): +$69.01 (+2.2%)",69.01,SHP03713,3250.89,3181.88,,True
CARG:06580813,rate_overcharge,"Linehaul $473.31 vs contract $450.00 (Columbus → Pittsburgh, rate effective 2025-01-01): +$23.31 (+5.2%)",23.31,SHP03657,473.31,450.0,,True
CARG:07495908,rate_overcharge,"Linehaul $3,280.45 vs contract $2,972.59 (Dallas → Miami, rate effective 2025-01-01): +$307.86 (+10.4%)",307.86,SHP06814,3280.45,2972.59,,True
CARG:21289476,rate_overcharge,"Linehaul $662.69 vs contract $621.96 (Chicago → Detroit, rate effective 2025-01-01): +$40.73 (+6.5%)",40.73,SHP02698,662.69,621.96,,True
CARG:28261037,rate_overcharge,"Linehaul $2,207.15 vs contract $1,959.75 (Dallas → Louisville, rate effective 2025-01-01): +$247.40 (+12.6%)",247.4,SHP01370,2207.15,1959.75,,True
CARG:29358023,rate_overcharge,"Linehaul $1,269.56 vs contract $1,225.91 (Memphis → Houston, rate effective 2025-01-01): +$43.65 (+3.6%)",43.65,SHP04671,1269.56,1225.91,,True
CARG:32863275,rate_overcharge,"Linehaul $1,268.84 vs contract $1,225.91 (Memphis → Houston, rate effective 2025-01-01): +$42.93 (+3.5%)",42.93,SHP01039,1268.84,1225.91,,True
CARG:32952763,rate_overcharge,"Linehaul $3,548.63 vs contract $3,133.35 (Dallas → Los Angeles, rate effective 2025-01-01): +$415.28 (+13.3%)",415.28,SHP06282,3548.63,3133.35,,True
CARG:34363224,rate_overcharge,"Linehaul $894.63 vs contract $825.60 (Atlanta → Louisville, rate effective 2025-01-01): +$69.03 (+8.4%)",69.03,SHP09066,894.63,825.6,,True
CARG:34915862,rate_overcharge,"Linehaul $3,556.33 vs contract $3,133.35 (Dallas → Los Angeles, rate effective 2025-01-01): +$422.98 (+13.5%)",422.98,SHP06032,3556.33,3133.35,,True
CARG:36586944,rate_overcharge,"Linehaul $5,500.80 vs contract $5,133.30 (Columbus → Seattle, rate effective 2025-01-01): +$367.50 (+7.2%)",367.5,SHP00673,5500.8,5133.3,,True
CARG:45929592,rate_overcharge,"Linehaul $670.03 vs contract $621.96 (Chicago → Detroit, rate effective 2025-01-01): +$48.07 (+7.7%)",48.07,SHP02734,670.03,621.96,,True
CARG:46853881,rate_overcharge,"Linehaul $3,472.76 vs contract $3,150.84 (Atlanta → Denver, rate effective 2025-01-01): +$321.92 (+10.2%)",321.92,SHP05744,3472.76,3150.84,,True
CARG:52887295,rate_overcharge,"Linehaul $470.02 vs contract $450.00 (Columbus → Pittsburgh, rate effective 2025-01-01): +$20.02 (+4.4%)",20.02,SHP05537,470.02,450.0,,True
CARG:53327792,rate_overcharge,"Linehaul $1,745.82 vs contract $1,614.45 (Chicago → Charlotte, rate effective 2025-01-01): +$131.37 (+8.1%)",131.37,SHP08950,1745.82,1614.45,,True
CARG:56458270,rate_overcharge,"Linehaul $3,275.12 vs contract $3,150.84 (Atlanta → Denver, rate effective 2025-01-01): +$124.28 (+3.9%)",124.28,SHP01204,3275.12,3150.84,,True
CARG:56809614,rate_overcharge,"Linehaul $1,351.91 vs contract $1,225.91 (Memphis → Houston, rate effective 2025-01-01): +$126.00 (+10.3%)",126.0,SHP01803,1351.91,1225.91,,True
CARG:57339208,rate_overcharge,"Linehaul $4,939.32 vs contract $4,656.96 (Chicago → Seattle, rate effective 2025-01-01): +$282.36 (+6.1%)",282.36,SHP09978,4939.32,4656.96,,True
CARG:60238666,rate_overcharge,"Linehaul $2,700.44 vs contract $2,614.43 (Chicago → Orlando, rate effective 2025-01-01): +$86.01 (+3.3%)",86.01,SHP05618,2700.44,2614.43,,True
CARG:62149983,rate_overcharge,"Linehaul $2,135.38 vs contract $1,875.43 (Atlanta → Houston, rate effective 2025-01-01): +$259.95 (+13.9%)",259.95,SHP00967,2135.38,1875.43,,True
CARG:64405758,rate_overcharge,"Linehaul $3,413.84 vs contract $3,150.84 (Atlanta → Denver, rate effective 2025-01-01): +$263.00 (+8.3%)",263.0,SHP06109,3413.84,3150.84,,True
CARG:65409632,rate_overcharge,"Linehaul $3,349.67 vs contract $3,181.88 (Chicago → Salt Lake City, rate effective 2025-01-01): +$167.79 (+5.3%)",167.79,SHP02266,3349.67,3181.88,,True
CARG:69405649,rate_overcharge,"Linehaul $3,481.64 vs contract $3,118.98 (Memphis → Boston, rate effective 2025-01-01): +$362.66 (+11.6%)",362.66,SHP00156,3481.64,3118.98,,True
CARG:70613051,rate_overcharge,"Linehaul $467.30 vs contract $450.00 (Chicago → Indianapolis, rate effective 2025-01-01): +$17.30 (+3.8%)",17.3,SHP06408,467.3,450.0,,True
CARG:80377494,rate_overcharge,"Linehaul $1,130.53 vs contract $1,087.75 (Columbus → St. Louis, rate effective 2025-01-01): +$42.78 (+3.9%)",42.78,SHP05430,1130.53,1087.75,,True
CARG:80599018,rate_overcharge,"Linehaul $2,075.47 vs contract $1,959.75 (Dallas → Louisville, rate effective 2025-01-01): +$115.72 (+5.9%)",115.72,SHP00148,2075.47,1959.75,,True
CARG:81510684,rate_overcharge,"Linehaul $651.26 vs contract $621.96 (Chicago → Detroit, rate effective 2025-01-01): +$29.30 (+4.7%)",29.3,SHP00526,651.26,621.96,,True
CARG:83963317,rate_overcharge,"Linehaul $3,277.09 vs contract $2,972.59 (Dallas → Miami, rate effective 2025-01-01): +$304.50 (+10.2%)",304.5,SHP05748,3277.09,2972.59,,True
CARG:93834755,rate_overcharge,"Linehaul $3,546.02 vs contract $3,118.98 (Memphis → Boston, rate effective 2025-01-01): +$427.04 (+13.7%)",427.04,SHP01480,3546.02,3118.98,,True
CARG:94396858,rate_overcharge,"Linehaul $1,366.97 vs contract $1,225.91 (Memphis → Houston, rate effective 2025-01-01): +$141.06 (+11.5%)",141.06,SHP00246,1366.97,1225.91,,True
CARG:95797620,rate_overcharge,"Linehaul $1,796.23 vs contract $1,614.45 (Chicago → Charlotte, rate effective 2025-01-01): +$181.78 (+11.3%)",181.78,SHP02037,1796.23,1614.45,,True
CARG:97602015,rate_overcharge,"Linehaul $1,721.92 vs contract $1,620.42 (Atlanta → Detroit, rate effective 2025-01-01): +$101.50 (+6.3%)",101.5,SHP06680,1721.92,1620.42,,True
CARG:99891415,rate_overcharge,"Linehaul $472.53 vs contract $450.00 (Columbus → Pittsburgh, rate effective 2025-01-01): +$22.53 (+5.0%)",22.53,SHP01448,472.53,450.0,,True
CARH:00021633,rate_overcharge,"Linehaul $872.00 vs contract $824.00 (Columbus → Nashville, rate effective 2025-01-01): +$48.00 (+5.8%)",48.0,SHP06008,872.0,824.0,,True
CARH:00078367,rate_overcharge,"Linehaul $2,414.45 vs contract $2,234.77 (Atlanta → Boston, rate effective 2025-01-01): +$179.68 (+8.0%)",179.68,SHP04937,2414.45,2234.77,,True
CARH:00896790,rate_overcharge,"Linehaul $2,414.45 vs contract $2,234.77 (Atlanta → Boston, rate effective 2025-01-01): +$179.68 (+8.0%)",179.68,SHP08070,2414.45,2234.77,,True
CARH:02170000,rate_overcharge,"Linehaul $665.00 vs contract $598.23 (Memphis → St. Louis, rate effective 2025-01-01): +$66.77 (+11.2%)",66.77,SHP03284,665.0,598.23,,True
CARH:03588077,rate_overcharge,"Linehaul $1,743.65 vs contract $1,694.99 (Atlanta → Kansas City, rate effective 2025-01-01): +$48.66 (+2.9%)",48.66,SHP07980,1743.65,1694.99,,True
CARH:03608484,rate_overcharge,"Linehaul $1,743.65 vs contract $1,694.99 (Atlanta → Kansas City, rate effective 2025-01-01): +$48.66 (+2.9%)",48.66,SHP05893,1743.65,1694.99,,True
CARH:04410465,rate_overcharge,"Linehaul $3,849.82 vs contract $3,623.36 (Chicago → Phoenix, rate effective 2025-01-01): +$226.46 (+6.2%)",226.46,SHP06974,3849.82,3623.36,,True
CARH:07102311,rate_overcharge,"Linehaul $3,849.82 vs contract $3,623.36 (Chicago → Phoenix, rate effective 2025-01-01): +$226.46 (+6.2%)",226.46,SHP05705,3849.82,3623.36,,True
CARH:07286510,rate_overcharge,"Linehaul $3,849.82 vs contract $3,623.36 (Chicago → Phoenix, rate effective 2025-01-01): +$226.46 (+6.2%)",226.46,SHP08210,3849.82,3623.36,,True
CARH:07685236,rate_overcharge,"Linehaul $3,849.82 vs contract $3,623.36 (Chicago → Phoenix, rate effective 2025-01-01): +$226.46 (+6.2%)",226.46,SHP08164,3849.82,3623.36,,True
CARH:08779078,rate_overcharge,"Linehaul $872.00 vs contract $824.00 (Columbus → Nashville, rate effective 2025-01-01): +$48.00 (+5.8%)",48.0,SHP09215,872.0,824.0,,True
CARH:10730838,rate_overcharge,"Linehaul $872.00 vs contract $824.00 (Columbus → Nashville, rate effective 2025-01-01): +$48.00 (+5.8%)",48.0,SHP06185,872.0,824.0,,True
CARH:13273440,rate_overcharge,"Linehaul $2,414.45 vs contract $2,234.77 (Atlanta → Boston, rate effective 2025-01-01): +$179.68 (+8.0%)",179.68,SHP09632,2414.45,2234.77,,True
CARH:15217773,rate_overcharge,"Linehaul $3,849.82 vs contract $3,623.36 (Chicago → Phoenix, rate effective 2025-01-01): +$226.46 (+6.2%)",226.46,SHP07587,3849.82,3623.36,,True
CARH:15504893,rate_overcharge,"Linehaul $872.00 vs contract $824.00 (Columbus → Nashville, rate effective 2025-01-01): +$48.00 (+5.8%)",48.0,SHP08770,872.0,824.0,,True
CARH:16098139,rate_overcharge,"Linehaul $3,849.82 vs contract $3,623.36 (Chicago → Phoenix, rate effective 2025-01-01): +$226.46 (+6.2%)",226.46,SHP08928,3849.82,3623.36,,True
CARH:17011918,rate_overcharge,"Linehaul $1,743.65 vs contract $1,694.99 (Atlanta → Kansas City, rate effective 2025-01-01): +$48.66 (+2.9%)",48.66,SHP06253,1743.65,1694.99,,True
CARH:19409861,rate_overcharge,"Linehaul $2,414.45 vs contract $2,234.77 (Atlanta → Boston, rate effective 2025-01-01): +$179.68 (+8.0%)",179.68,SHP08651,2414.45,2234.77,,True
CARH:22093556,rate_overcharge,"Linehaul $1,937.18 vs contract $1,694.99 (Atlanta → Kansas City, rate effective 2025-01-01): +$242.19 (+14.3%)",242.19,SHP07904,1937.18,1694.99,,True
CARH:23877179,rate_overcharge,"Linehaul $1,743.65 vs contract $1,694.99 (Atlanta → Kansas City, rate effective 2025-01-01): +$48.66 (+2.9%)",48.66,SHP04843,1743.65,1694.99,,True
CARH:23974671,rate_overcharge,"Linehaul $3,849.82 vs contract $3,623.36 (Chicago → Phoenix, rate effective 2025-01-01): +$226.46 (+6.2%)",226.46,SHP08609,3849.82,3623.36,,True
CARH:25578741,rate_overcharge,"Linehaul $1,743.65 vs contract $1,694.99 (Atlanta → Kansas City, rate effective 2025-01-01): +$48.66 (+2.9%)",48.66,SHP06607,1743.65,1694.99,,True
CARH:25802434,rate_overcharge,"Linehaul $3,849.82 vs contract $3,623.36 (Chicago → Phoenix, rate effective 2025-01-01): +$226.46 (+6.2%)",226.46,SHP07515,3849.82,3623.36,,True
CARH:25825392,rate_overcharge,"Linehaul $1,743.65 vs contract $1,694.99 (Atlanta → Kansas City, rate effective 2025-01-01): +$48.66 (+2.9%)",48.66,SHP06195,1743.65,1694.99,,True
CARH:26826488,rate_overcharge,"Linehaul $2,414.45 vs contract $2,234.77 (Atlanta → Boston, rate effective 2025-01-01): +$179.68 (+8.0%)",179.68,SHP08601,2414.45,2234.77,,True
CARH:28701902,rate_overcharge,"Linehaul $1,743.65 vs contract $1,694.99 (Atlanta → Kansas City, rate effective 2025-01-01): +$48.66 (+2.9%)",48.66,SHP07679,1743.65,1694.99,,True
CARH:29122880,rate_overcharge,"Linehaul $2,414.45 vs contract $2,234.77 (Atlanta → Boston, rate effective 2025-01-01): +$179.68 (+8.0%)",179.68,SHP06615,2414.45,2234.77,,True
CARH:29797114,rate_overcharge,"Linehaul $4,038.90 vs contract $3,850.12 (Atlanta → Phoenix, rate effective 2025-01-01): +$188.78 (+4.9%)",188.78,SHP09984,4038.9,3850.12,,True
CARH:30450147,rate_overcharge,"Linehaul $3,401.84 vs contract $3,114.00 (Dallas → Philadelphia, rate effective 2025-01-01): +$287.84 (+9.2%)",287.84,SHP01255,3401.84,3114.0,,True
CARH:35758262,rate_overcharge,"Linehaul $2,414.45 vs contract $2,234.77 (Atlanta → Boston, rate effective 2025-01-01): +$179.68 (+8.0%)",179.68,SHP06290,2414.45,2234.77,,True
CARH:39188598,rate_overcharge,"Linehaul $3,849.82 vs contract $3,623.36 (Chicago → Phoenix, rate effective 2025-01-01): +$226.46 (+6.2%)",226.46,SHP05180,3849.82,3623.36,,True
CARH:40288296,rate_overcharge,"Linehaul $872.00 vs contract $824.00 (Columbus → Nashville, rate effective 2025-01-01): +$48.00 (+5.8%)",48.0,SHP09954,872.0,824.0,,True
CARH:41230734,rate_overcharge,"Linehaul $478.18 vs contract $450.00 (Columbus → Indianapolis, rate effective 2025-01-01): +$28.18 (+6.3%)",28.18,SHP07417,478.18,450.0,,True
CARH:41375127,rate_overcharge,"Linehaul $1,190.57 vs contract $1,100.90 (Dallas → Kansas City, rate effective 2025-01-01): +$89.67 (+8.1%)",89.67,SHP05835,1190.57,1100.9,,True
CARH:41571333,rate_overcharge,"Linehaul $2,414.45 vs contract $2,234.77 (Atlanta → Boston, rate effective 2025-01-01): +$179.68 (+8.0%)",179.68,SHP09879,2414.45,2234.77,,True
CARH:42626504,rate_overcharge,"Linehaul $872.00 vs contract $824.00 (Columbus → Nashville, rate effective 2025-01-01): +$48.00 (+5.8%)",48.0,SHP06078,872.0,824.0,,True
CARH:43743232,rate_overcharge,"Linehaul $872.00 vs contract $824.00 (Columbus → Nashville, rate effective 2025-01-01): +$48.00 (+5.8%)",48.0,SHP06982,872.0,824.0,,True
CARH:44625159,rate_overcharge,"Linehaul $2,414.45 vs contract $2,234.77 (Atlanta → Boston, rate effective 2025-01-01): +$179.68 (+8.0%)",179.68,SHP05357,2414.45,2234.77,,True
CARH:45076263,rate_overcharge,"Linehaul $1,743.65 vs contract $1,694.99 (Atlanta → Kansas City, rate effective 2025-01-01): +$48.66 (+2.9%)",48.66,SHP09813,1743.65,1694.99,,True
CARH:45956441,rate_overcharge,"Linehaul $1,191.60 vs contract $1,100.90 (Dallas → Kansas City, rate effective 2025-01-01): +$90.70 (+8.2%)",90.7,SHP02782,1191.6,1100.9,,True
CARH:49530882,rate_overcharge,"Linehaul $872.00 vs contract $824.00 (Columbus → Nashville, rate effective 2025-01-01): +$48.00 (+5.8%)",48.0,SHP06401,872.0,824.0,,True
CARH:50097456,rate_overcharge,"Linehaul $3,849.82 vs contract $3,623.36 (Chicago → Phoenix, rate effective 2025-01-01): +$226.46 (+6.2%)",226.46,SHP07741,3849.82,3623.36,,False
CARH:50497802,rate_overcharge,"Linehaul $3,849.82 vs contract $3,623.36 (Chicago → Phoenix, rate effective 2025-01-01): +$226.46 (+6.2%)",226.46,SHP09471,3849.82,3623.36,,True
CARH:51340526,rate_overcharge,"Linehaul $2,422.92 vs contract $2,234.77 (Atlanta → Boston, rate effective 2025-01-01): +$188.15 (+8.4%)",188.15,SHP06710,2422.92,2234.77,,True
CARH:58628030,rate_overcharge,"Linehaul $1,743.65 vs contract $1,694.99 (Atlanta → Kansas City, rate effective 2025-01-01): +$48.66 (+2.9%)",48.66,SHP07165,1743.65,1694.99,,True
CARH:61293885,rate_overcharge,"Linehaul $642.75 vs contract $598.23 (Memphis → St. Louis, rate effective 2025-01-01): +$44.52 (+7.4%)",44.52,SHP00288,642.75,598.23,,True
CARH:62540239,rate_overcharge,"Linehaul $1,743.65 vs contract $1,694.99 (Atlanta → Kansas City, rate effective 2025-01-01): +$48.66 (+2.9%)",48.66,SHP08597,1743.65,1694.99,,True
CARH:62753728,rate_overcharge,"Linehaul $3,849.82 vs contract $3,623.36 (Chicago → Phoenix, rate effective 2025-01-01): +$226.46 (+6.2%)",226.46,SHP07056,3849.82,3623.36,,True
CARH:63900564,rate_overcharge,"Linehaul $872.00 vs contract $824.00 (Columbus → Nashville, rate effective 2025-01-01): +$48.00 (+5.8%)",48.0,SHP09289,872.0,824.0,,True
CARH:64784273,rate_overcharge,"Linehaul $1,743.65 vs contract $1,694.99 (Atlanta → Kansas City, rate effective 2025-01-01): +$48.66 (+2.9%)",48.66,SHP06319,1743.65,1694.99,,True
CARH:65355754,rate_overcharge,"Linehaul $872.00 vs contract $824.00 (Columbus → Nashville, rate effective 2025-01-01): +$48.00 (+5.8%)",48.0,SHP06240,872.0,824.0,,True
CARH:68222888,rate_overcharge,"Linehaul $3,849.82 vs contract $3,623.36 (Chicago → Phoenix, rate effective 2025-01-01): +$226.46 (+6.2%)",226.46,SHP09048,3849.82,3623.36,,True
CARH:69067105,rate_overcharge,"Linehaul $872.00 vs contract $824.00 (Columbus → Nashville, rate effective 2025-01-01): +$48.00 (+5.8%)",48.0,SHP07028,872.0,824.0,,True
CARH:70491918,rate_overcharge,"Linehaul $2,414.45 vs contract $2,234.77 (Atlanta → Boston, rate effective 2025-01-01): +$179.68 (+8.0%)",179.68,SHP05680,2414.45,2234.77,,True
CARH:70661162,rate_overcharge,"Linehaul $3,849.82 vs contract $3,623.36 (Chicago → Phoenix, rate effective 2025-01-01): +$226.46 (+6.2%)",226.46,SHP06946,3849.82,3623.36,,True
CARH:73410887,rate_overcharge,"Linehaul $481.36 vs contract $450.00 (Columbus → Indianapolis, rate effective 2025-01-01): +$31.36 (+7.0%)",31.36,SHP05725,481.36,450.0,,True
CARH:74597725,rate_overcharge,"Linehaul $2,414.45 vs contract $2,234.77 (Atlanta → Boston, rate effective 2025-01-01): +$179.68 (+8.0%)",179.68,SHP08172,2414.45,2234.77,,True
CARH:75789226,rate_overcharge,"Linehaul $2,370.19 vs contract $2,234.77 (Atlanta → Boston, rate effective 2025-01-01): +$135.42 (+6.1%)",135.42,SHP00319,2370.19,2234.77,,True
CARH:75830278,rate_overcharge,"Linehaul $4,212.82 vs contract $3,699.41 (Dallas → Boston, rate effective 2025-01-01): +$513.41 (+13.9%)",513.41,SHP07928,4212.82,3699.41,,True
CARH:75909419,rate_overcharge,"Linehaul $3,849.82 vs contract $3,623.36 (Chicago → Phoenix, rate effective 2025-01-01): +$226.46 (+6.2%)",226.46,SHP07636,3849.82,3623.36,,True
CARH:78614266,rate_overcharge,"Linehaul $1,743.65 vs contract $1,694.99 (Atlanta → Kansas City, rate effective 2025-01-01): +$48.66 (+2.9%)",48.66,SHP08543,1743.65,1694.99,,True
CARH:81451939,rate_overcharge,"Linehaul $686.32 vs contract $598.23 (Memphis → St. Louis, rate effective 2025-01-01): +$88.09 (+14.7%)",88.09,SHP01461,686.32,598.23,,True
CARH:82571550,rate_overcharge,"Linehaul $1,743.65 vs contract $1,694.99 (Atlanta → Kansas City, rate effective 2025-01-01): +$48.66 (+2.9%)",48.66,SHP08248,1743.65,1694.99,,True
CARH:83030455,rate_overcharge,"Linehaul $2,414.45 vs contract $2,234.77 (Atlanta → Boston, rate effective 2025-01-01): +$179.68 (+8.0%)",179.68,SHP06002,2414.45,2234.77,,True
CARH:84096527,rate_overcharge,"Linehaul $3,792.67 vs contract $3,699.41 (Dallas → Boston, rate effective 2025-01-01): +$93.26 (+2.5%)",93.26,SHP04404,3792.67,3699.41,,True
CARH:84103294,rate_overcharge,"Linehaul $872.00 vs contract $824.00 (Columbus → Nashville, rate effective 2025-01-01): +$48.00 (+5.8%)",48.0,SHP08740,872.0,824.0,,True
CARH:85596080,rate_overcharge,"Linehaul $3,849.82 vs contract $3,623.36 (Chicago → Phoenix, rate effective 2025-01-01): +$226.46 (+6.2%)",226.46,SHP08742,3849.82,3623.36,,True
CARH:86486527,rate_overcharge,"Linehaul $594.78 vs contract $555.12 (Atlanta → Nashville, rate effective 2025-01-01): +$39.66 (+7.1%)",39.66,SHP00963,594.78,555.12,,True
CARH:87396944,rate_overcharge,"Linehaul $2,414.45 vs contract $2,234.77 (Atlanta → Boston, rate effective 2025-01-01): +$179.68 (+8.0%)",179.68,SHP05050,2414.45,2234.77,,True
CARH:87634229,rate_overcharge,"Linehaul $1,743.65 vs contract $1,694.99 (Atlanta → Kansas City, rate effective 2025-01-01): +$48.66 (+2.9%)",48.66,SHP09002,1743.65,1694.99,,True
CARH:88482027,rate_overcharge,"Linehaul $1,124.91 vs contract $1,100.90 (Dallas → Kansas City, rate effective 2025-01-01): +$24.01 (+2.2%)",24.01,SHP03131,1124.91,1100.9,,True
CARH:90708783,rate_overcharge,"Linehaul $2,414.45 vs contract $2,234.77 (Atlanta → Boston, rate effective 2025-01-01): +$179.68 (+8.0%)",179.68,SHP05654,2414.45,2234.77,,True
CARH:90750597,rate_overcharge,"Linehaul $872.00 vs contract $824.00 (Columbus → Nashville, rate effective 2025-01-01): +$48.00 (+5.8%)",48.0,SHP09218,872.0,824.0,,True
CARH:93213416,rate_overcharge,"Linehaul $3,849.82 vs contract $3,623.36 (Chicago → Phoenix, rate effective 2025-01-01): +$226.46 (+6.2%)",226.46,SHP07741,3849.82,3623.36,,True
CARH:94668424,rate_overcharge,"Linehaul $3,849.82 vs contract $3,623.36 (Chicago → Phoenix, rate effective 2025-01-01): +$226.46 (+6.2%)",226.46,SHP07810,3849.82,3623.36,,True
CARH:95314913,rate_overcharge,"Linehaul $1,149.36 vs contract $1,100.90 (Dallas → Kansas City, rate effective 2025-01-01): +$48.46 (+4.4%)",48.46,SHP02433,1149.36,1100.9,,True
CARH:96149196,rate_overcharge,"Linehaul $3,977.19 vs contract $3,699.41 (Dallas → Boston, rate effective 2025-01-01): +$277.78 (+7.5%)",277.78,SHP09495,3977.19,3699.41,,True
CARH:96191097,rate_overcharge,"Linehaul $3,849.82 vs contract $3,623.36 (Chicago → Phoenix, rate effective 2025-01-01): +$226.46 (+6.2%)",226.46,SHP05678,3849.82,3623.36,,True
CARH:98014573,rate_overcharge,"Linehaul $1,743.65 vs contract $1,694.99 (Atlanta → Kansas City, rate effective 2025-01-01): +$48.66 (+2.9%)",48.66,SHP09611,1743.65,1694.99,,True
CARH:98296814,rate_overcharge,"Linehaul $2,414.45 vs contract $2,234.77 (Atlanta → Boston, rate effective 2025-01-01): +$179.68 (+8.0%)",179.68,SHP05241,2414.45,2234.77,,True
CARH:99227647,rate_overcharge,"Linehaul $872.00 vs contract $824.00 (Columbus → Nashville, rate effective 2025-01-01): +$48.00 (+5.8%)",48.0,SHP09298,872.0,824.0,,True
CARH:99476110,rate_overcharge,"Linehaul $872.00 vs contract $824.00 (Columbus → Nashville, rate effective 2025-01-01): +$48.00 (+5.8%)",48.0,SHP09758,872.0,824.0,,True
CARH:99543510,rate_overcharge,"Linehaul $3,849.82 vs contract $3,623.36 (Chicago → Phoenix, rate effective 2025-01-01): +$226.46 (+6.2%)",226.46,SHP05889,3849.82,3623.36,,True
CARA:04380837,fsc_mismatch,"Fuel surcharge $55.52 vs expected $51.56 (LTL, diesel $3.890/gal for week of 2025-12-22; 25.2% of linehaul vs expected 23.4% (+1.80 pp)): +$3.96",3.96,SHP09800,55.52,51.56,,True
CARA:06802133,fsc_mismatch,"Fuel surcharge $170.32 vs expected $152.70 (LTL, diesel $3.856/gal for week of 2025-07-21; 26.1% of linehaul vs expected 23.4% (+2.70 pp)): +$17.62",17.62,SHP05499,170.32,152.7,,True
CARA:09109563,fsc_mismatch,"Fuel surcharge $279.85 vs expected $259.86 (LTL, diesel $3.823/gal for week of 2025-12-29; 25.2% of linehaul vs expected 23.4% (+1.80 pp)): +$19.99",19.99,SHP09912,279.85,259.86,,True
CARA:12035308,fsc_mismatch,"Fuel surcharge $345.39 vs expected $333.12 (LTL, diesel $3.956/gal for week of 2025-09-01; 25.2% of linehaul vs expected 24.3% (+0.89 pp)): +$12.27",12.27,SHP06497,345.39,333.12,,True
CARA:15173113,fsc_mismatch,"Fuel surcharge $131.29 vs expected $126.42 (LTL, diesel $3.856/gal for week of 2025-07-21; 24.3% of linehaul vs expected 23.4% (+0.90 pp)): +$4.87",4.87,SHP05441,131.29,126.42,,True
CARA:15866842,fsc_mismatch,"Fuel surcharge $634.49 vs expected $611.83 (LTL, diesel $3.999/gal for week of 2025-08-18; 25.2% of linehaul vs expected 24.3% (+0.90 pp)): +$22.66",22.66,SHP06187,634.49,611.83,,True
CARA:20620293,fsc_mismatch,"Fuel surcharge $137.92 vs expected $132.17 (LTL, diesel $3.562/gal for week of 2025-03-31; 21.6% of linehaul vs expected 20.7% (+0.90 pp)): +$5.75",5.75,SHP02270,137.92,132.17,,True
CARA:23613990,fsc_mismatch,"Fuel surcharge $305.95 vs expected $293.20 (LTL, diesel $3.571/gal for week of 2025-05-05; 21.6% of linehaul vs expected 20.7% (+0.90 pp)): +$12.75",12.75,SHP03259,305.95,293.2,,True
CARA:25319484,fsc_mismatch,"Fuel surcharge $152.71 vs expected $146.84 (LTL, diesel $3.739/gal for week of 2025-06-30; 23.4% of linehaul vs expected 22.5% (+0.90 pp)): +$5.87",5.87,SHP04873,152.71,146.84,,True
CARA:25760102,fsc_mismatch,"Fuel surcharge $292.76 vs expected $260.23 (LTL, diesel $3.677/gal for week of 2025-05-19; 24.3% of linehaul vs expected 21.6% (+2.70 pp)): +$32.53",32.53,SHP03703,292.76,260.23,,True
CARA:27073904,fsc_mismatch,"Fuel surcharge $97.75 vs expected $91.44 (LTL, diesel $4.199/gal for week of 2025-10-20; 27.9% of linehaul vs expected 26.1% (+1.80 pp)): +$6.31",6.31,SHP07853,97.75,91.44,,True
CARA:44916269,fsc_mismatch,"Fuel surcharge $92.12 vs expected $85.30 (LTL, diesel $3.735/gal for week of 2025-07-07; 24.3% of linehaul vs expected 22.5% (+1.80 pp)): +$6.82",6.82,SHP05004,92.12,85.3,,True
CARA:46289662,fsc_mismatch,"Fuel surcharge $402.35 vs expected $362.12 (LTL, diesel $3.956/gal for week of 2025-09-01; 27.0% of linehaul vs expected 24.3% (+2.70 pp)): +$40.23",40.23,SHP06432,402.35,362.12,,True
CARA:54052197,fsc_mismatch,"Fuel surcharge $227.40 vs expected $213.19 (LTL, diesel $4.265/gal for week of 2025-10-13; 28.8% of linehaul vs expected 27.0% (+1.80 pp)): +$14.21",14.21,SHP07823,227.4,213.19,,True
CARA:62095599,fsc_mismatch,"Fuel surcharge $207.60 vs expected $199.29 (LTL, diesel $3.618/gal for week of 2025-02-24; 22.5% of linehaul vs expected 21.6% (+0.90 pp)): +$8.31",8.31,SHP01381,207.6,199.29,,True
CARA:69046159,fsc_mismatch,"Fuel surcharge $495.69 vs expected $450.63 (LTL, diesel $4.216/gal for week of 2025-10-06; 29.7% of linehaul vs expected 27.0% (+2.70 pp)): +$45.06",45.06,SHP07484,495.69,450.63,,True
CARA:70683299,fsc_mismatch,"Fuel surcharge $280.40 vs expected $249.24 (LTL, diesel $3.677/gal for week of 2025-05-19; 24.3% of linehaul vs expected 21.6% (+2.70 pp)): +$31.16",31.16,SHP03606,280.4,249.24,,True
CARA:72123009,fsc_mismatch,"Fuel surcharge $62.17 vs expected $58.28 (LTL, diesel $4.221/gal for week of 2025-09-29; 28.8% of linehaul vs expected 27.0% (+1.80 pp)): +$3.89",3.89,SHP07365,62.17,58.28,,True
CARA:73296265,fsc_mismatch,"Fuel surcharge $140.70 vs expected $131.87 (LTL, diesel $4.206/gal for week of 2025-09-22; 28.8% of linehaul vs expected 27.0% (+1.81 pp)): +$8.83",8.83,SHP07186,140.7,131.87,,True
CARA:75710802,fsc_mismatch,"Fuel surcharge $115.25 vs expected $103.73 (LTL, diesel $3.999/gal for week of 2025-08-18; 27.0% of linehaul vs expected 24.3% (+2.70 pp)): +$11.52",11.52,SHP06089,115.25,103.73,,True
CARA:84889343,fsc_mismatch,"Fuel surcharge $132.24 vs expected $116.98 (LTL, diesel $3.542/gal for week of 2024-12-30; 23.4% of linehaul vs expected 20.7% (+2.70 pp)): +$15.26",15.26,SHP00021,132.24,116.98,,True
CARA:85412557,fsc_mismatch,"Fuel surcharge $261.74 vs expected $244.29 (LTL, diesel $4.006/gal for week of 2025-12-01; 27.0% of linehaul vs expected 25.2% (+1.80 pp)): +$17.45",17.45,SHP09167,261.74,244.29,,True
CARA:88212623,fsc_mismatch,"Fuel surcharge $171.87 vs expected $152.04 (LTL, diesel $3.562/gal for week of 2025-01-20; 23.4% of linehaul vs expected 20.7% (+2.70 pp)): +$19.83",19.83,SHP00537,171.87,152.04,,True
CARA:92800757,fsc_mismatch,"Fuel surcharge $129.13 vs expected $124.83 (LTL, diesel $4.141/gal for week of 2025-10-27; 27.0% of linehaul vs expected 26.1% (+0.90 pp)): +$4.30",4.3,SHP08057,129.13,124.83,,True
CARB:06150556,fsc_mismatch,"Fuel surcharge $46.54 vs expected $44.75 (LTL, diesel $3.739/gal for week of 2025-06-30; 23.4% of linehaul vs expected 22.5% (+0.90 pp)): +$1.79",1.79,SHP04854,46.54,44.75,,True
CARB:09228902,fsc_mismatch,"Fuel surcharge $147.70 vs expected $131.29 (LTL, diesel $3.652/gal for week of 2025-06-16; 24.3% of linehaul vs expected 21.6% (+2.70 pp)): +$16.41",16.41,SHP04491,147.7,131.29,,True
CARB:11804288,fsc_mismatch,"Fuel surcharge $152.35 vs expected $138.50 (LTL, diesel $4.204/gal for week of 2025-11-10; 29.7% of linehaul vs expected 27.0% (+2.70 pp)): +$13.85",13.85,SHP08641,152.35,138.5,,True
CARB:19738968,fsc_mismatch,"Fuel surcharge $126.19 vs expected $121.52 (LTL, diesel $3.890/gal for week of 2025-12-22; 24.3% of linehaul vs expected 23.4% (+0.90 pp)): +$4.67",4.67,SHP09751,126.19,121.52,,True
CARB:22345400,fsc_mismatch,"Fuel surcharge $288.80 vs expected $265.70 (LTL, diesel $3.538/gal for week of 2025-04-21; 22.5% of linehaul vs expected 20.7% (+1.80 pp)): +$23.10",23.1,SHP02824,288.8,265.7,,True
CARB:24939194,fsc_mismatch,"Fuel surcharge $82.65 vs expected $79.21 (LTL, diesel $3.599/gal for week of 2025-06-02; 21.6% of linehaul vs expected 20.7% (+0.90 pp)): +$3.44",3.44,SHP04113,82.65,79.21,,True
CARB:30105828,fsc_mismatch,"Fuel surcharge $38.05 vs expected $33.98 (LTL, diesel $3.739/gal for week of 2025-06-30; 25.2% of linehaul vs expected 22.5% (+2.70 pp)): +$4.07",4.07,SHP04963,38.05,33.98,,True
CARB:31349549,fsc_mismatch,"Fuel surcharge $166.89 vs expected $154.53 (LTL, diesel $3.715/gal for week of 2025-06-23; 24.3% of linehaul vs expected 22.5% (+1.80 pp)): +$12.36",12.36,SHP04734,166.89,154.53,,True
CARB:39437815,fsc_mismatch,"Fuel surcharge $447.55 vs expected $432.63 (LTL, diesel $4.155/gal for week of 2025-09-15; 27.0% of linehaul vs expected 26.1% (+0.90 pp)): +$14.92",14.92,SHP06950,447.55,432.63,,True
CARB:42414561,fsc_mismatch,"Fuel surcharge $89.14 vs expected $83.39 (LTL, diesel $4.106/gal for week of 2025-11-17; 27.9% of linehaul vs expected 26.1% (+1.80 pp)): +$5.75",5.75,SHP08776,89.14,83.39,,True
CARB:50959185,fsc_mismatch,"Fuel surcharge $58.49 vs expected $56.06 (LTL, diesel $3.507/gal for week of 2025-01-13; 21.6% of linehaul vs expected 20.7% (+0.90 pp)): +$2.43",2.43,SHP00427,58.49,56.06,,True
CARB:61381309,fsc_mismatch,"Fuel surcharge $61.48 vs expected $57.08 (LTL, diesel $3.890/gal for week of 2025-12-22; 25.2% of linehaul vs expected 23.4% (+1.80 pp)): +$4.40",4.4,SHP09815,61.48,57.08,,True
CARB:62200931,fsc_mismatch,"Fuel surcharge $40.31 vs expected $37.32 (LTL, diesel $3.735/gal for week of 2025-07-07; 24.3% of linehaul vs expected 22.5% (+1.80 pp)): +$2.99",2.99,SHP05098,40.31,37.32,,True
CARB:65112627,fsc_mismatch,"Fuel surcharge $112.22 vs expected $107.73 (LTL, diesel $3.601/gal for week of 2025-05-12; 22.5% of linehaul vs expected 21.6% (+0.90 pp)): +$4.49",4.49,SHP03471,112.22,107.73,,True
CARB:67459507,fsc_mismatch,"Fuel surcharge $413.88 vs expected $400.08 (LTL, diesel $4.199/gal for week of 2025-10-20; 27.0% of linehaul vs expected 26.1% (+0.90 pp)): +$13.80",13.8,SHP07973,413.88,400.08,,True
CARB:69914759,fsc_mismatch,"Fuel surcharge $310.67 vs expected $285.82 (LTL, diesel $3.599/gal for week of 2025-06-02; 22.5% of linehaul vs expected 20.7% (+1.80 pp)): +$24.85",24.85,SHP03984,310.67,285.82,,True
CARB:77233128,fsc_mismatch,"Fuel surcharge $59.78 vs expected $57.79 (LTL, diesel $4.141/gal for week of 2025-10-27; 27.0% of linehaul vs expected 26.1% (+0.90 pp)): +$1.99",1.99,SHP08078,59.78,57.79,,True
CARB:86885935,fsc_mismatch,"Fuel surcharge $91.94 vs expected $81.33 (LTL, diesel $3.578/gal for week of 2025-03-24; 23.4% of linehaul vs expected 20.7% (+2.70 pp)): +$10.61",10.61,SHP02140,91.94,81.33,,True
CARB:91548479,fsc_mismatch,"Fuel surcharge $83.90 vs expected $77.44 (LTL, diesel $3.677/gal for week of 2025-05-19; 23.4% of linehaul vs expected 21.6% (+1.80 pp)): +$6.46",6.46,SHP03592,83.9,77.44,,True
CARC:02455824,fsc_mismatch,"Fuel surcharge $50.93 vs expected $45.06 (LTL, diesel $3.571/gal for week of 2025-05-05; 23.4% of linehaul vs expected 20.7% (+2.70 pp)): +$5.87",5.87,SHP03238,50.93,45.06,,True
CARC:04303104,fsc_mismatch,"Fuel surcharge $29.70 vs expected $26.73 (LTL, diesel $3.944/gal for week of 2025-12-08; 27.0% of linehaul vs expected 24.3% (+2.70 pp)): +$2.97",2.97,SHP09357,29.7,26.73,,True
CARC:04953603,fsc_mismatch,"Fuel surcharge $534.96 vs expected $473.23 (LTL, diesel $3.571/gal for week of 2025-05-05; 23.4% of linehaul vs expected 20.7% (+2.70 pp)): +$61.73",61.73,SHP03286,534.96,473.23,,True
CARC:08177285,fsc_mismatch,"Fuel surcharge $171.73 vs expected $160.28 (LTL, diesel $4.047/gal for week of 2025-09-08; 27.0% of linehaul vs expected 25.2% (+1.80 pp)): +$11.45",11.45,SHP06700,171.73,160.28,,True
CARC:14172198,fsc_mismatch,"Fuel surcharge $59.24 vs expected $56.87 (LTL, diesel $3.652/gal for week of 2025-06-16; 22.5% of linehaul vs expected 21.6% (+0.90 pp)): +$2.37",2.37,SHP04545,59.24,56.87,,True
CARC:14522840,fsc_mismatch,"Fuel surcharge $885.72 vs expected $797.15 (LTL, diesel $3.953/gal for week of 2025-08-11; 27.0% of linehaul vs expected 24.3% (+2.70 pp)): +$88.57",88.57,SHP05900,885.72,797.15,,True
CARC:15136818,fsc_mismatch,"Fuel surcharge $59.45 vs expected $56.98 (LTL, diesel $3.502/gal for week of 2025-04-14; 21.6% of linehaul vs expected 20.7% (+0.90 pp)): +$2.47",2.47,SHP02697,59.45,56.98,,True
CARC:17290363,fsc_mismatch,"Fuel surcharge $50.15 vs expected $45.59 (LTL, diesel $4.221/gal for week of 2025-09-29; 29.7% of linehaul vs expected 27.0% (+2.70 pp)): +$4.56",4.56,SHP07267,50.15,45.59,,True
CARC:18108487,fsc_mismatch,"Fuel surcharge $82.09 vs expected $76.62 (LTL, diesel $4.047/gal for week of 2025-09-08; 27.0% of linehaul vs expected 25.2% (+1.80 pp)): +$5.47",5.47,SHP06646,82.09,76.62,,True
CARC:26004144,fsc_mismatch,"Fuel surcharge $110.12 vs expected $105.53 (LTL, diesel $3.538/gal for week of 2025-04-21; 21.6% of linehaul vs expected 20.7% (+0.90 pp)): +$4.59",4.59,SHP02910,110.12,105.53,,True
CARC:26788840,fsc_mismatch,"Fuel surcharge $262.55 vs expected $242.35 (LTL, diesel $3.627/gal for week of 2025-02-10; 23.4% of linehaul vs expected 21.6% (+1.80 pp)): +$20.20",20.2,SHP00934,262.55,242.35,,True
CARC:32504953,fsc_mismatch,"Fuel surcharge $95.14 vs expected $87.83 (LTL, diesel $3.571/gal for week of 2025-05-05; 22.4% of linehaul vs expected 20.7% (+1.72 pp)): +$7.31",7.31,SHP03316,95.14,87.83,,True
CARC:36767028,fsc_mismatch,"Fuel surcharge $79.93 vs expected $74.22 (LTL, diesel $3.856/gal for week of 2025-07-21; 25.2% of linehaul vs expected 23.4% (+1.80 pp)): +$5.71",5.71,SHP05359,79.93,74.22,,True
CARC:42222929,fsc_mismatch,"Fuel surcharge $37.19 vs expected $34.22 (LTL, diesel $3.521/gal for week of 2025-04-07; 22.5% of linehaul vs expected 20.7% (+1.80 pp)): +$2.97",2.97,SHP02373,37.19,34.22,,True
CARC:42846818,fsc_mismatch,"Fuel surcharge $28.77 vs expected $27.74 (LTL, diesel $3.956/gal for week of 2025-09-01; 25.2% of linehaul vs expected 24.3% (+0.90 pp)): +$1.03",1.03,SHP06420,28.77,27.74,,True
CARC:44254264,fsc_mismatch,"Fuel surcharge $78.24 vs expected $69.55 (LTL, diesel $3.662/gal for week of 2025-06-09; 24.3% of linehaul vs expected 21.6% (+2.70 pp)): +$8.69",8.69,SHP04335,78.24,69.55,,True
CARC:47729336,fsc_mismatch,"Fuel surcharge $53.90 vs expected $51.66 (LTL, diesel $3.538/gal for week of 2025-04-21; 21.6% of linehaul vs expected 20.7% (+0.90 pp)): +$2.24",2.24,SHP02758,53.9,51.66,,True
CARC:50530878,fsc_mismatch,"Fuel surcharge $345.17 vs expected $330.79 (LTL, diesel $3.571/gal for week of 2025-05-05; 21.6% of linehaul vs expected 20.7% (+0.90 pp)): +$14.38",14.38,SHP03270,345.17,330.79,,True
CARC:50948844,fsc_mismatch,"Fuel surcharge $54.34 vs expected $52.20 (LTL, diesel $3.507/gal for week of 2025-01-13; 21.5% of linehaul vs expected 20.7% (+0.85 pp)): +$2.14",2.14,SHP00333,54.34,52.2,,True
CARC:60212624,fsc_mismatch,"Fuel surcharge $49.04 vs expected $47.29 (LTL, diesel $3.999/gal for week of 2025-08-18; 25.2% of linehaul vs expected 24.3% (+0.90 pp)): +$1.75",1.75,SHP06113,49.04,47.29,,True
CARC:65902103,fsc_mismatch,"Fuel surcharge $42.17 vs expected $39.26 (LTL, diesel $3.956/gal for week of 2025-09-01; 26.1% of linehaul vs expected 24.3% (+1.80 pp)): +$2.91",2.91,SHP06551,42.17,39.26,,True
CARC:67263914,fsc_mismatch,"Fuel surcharge $91.22 vs expected $88.18 (LTL, diesel $4.199/gal for week of 2025-10-20; 27.0% of linehaul vs expected 26.1% (+0.90 pp)): +$3.04",3.04,SHP07901,91.22,88.18,,True
CARC:67322365,fsc_mismatch,"Fuel surcharge $95.09 vs expected $90.79 (LTL, diesel $3.660/gal for week of 2025-01-27; 22.6% of linehaul vs expected 21.6% (+1.02 pp)): +$4.30",4.3,SHP00586,95.09,90.79,,True
CARC:67967043,fsc_mismatch,"Fuel surcharge $899.79 vs expected $869.81 (LTL, diesel $4.196/gal for week of 2025-11-03; 27.0% of linehaul vs expected 26.1% (+0.90 pp)): +$29.98",29.98,SHP08355,899.79,869.81,,True
CARC:68649949,fsc_mismatch,"Fuel surcharge $104.33 vs expected $99.99 (LTL, diesel $3.542/gal for week of 2025-04-28; 21.6% of linehaul vs expected 20.7% (+0.90 pp)): +$4.34",4.34,SHP02954,104.33,99.99,,True
CARC:69911693,fsc_mismatch,"Fuel surcharge $91.35 vs expected $82.79 (LTL, diesel $4.141/gal for week of 2025-10-27; 28.8% of linehaul vs expected 26.1% (+2.70 pp)): +$8.56",8.56,SHP08053,91.35,82.79,,True
CARC:72574999,fsc_mismatch,"Fuel surcharge $414.85 vs expected $398.90 (LTL, diesel $3.735/gal for week of 2025-07-07; 23.4% of linehaul vs expected 22.5% (+0.90 pp)): +$15.95",15.95,SHP05012,414.85,398.9,,True
CARC:90916481,fsc_mismatch,"Fuel surcharge $135.87 vs expected $124.64 (LTL, diesel $3.562/gal for week of 2025-03-31; 22.6% of linehaul vs expected 20.7% (+1.87 pp)): +$11.23",11.23,SHP02218,135.87,124.64,,True
CARC:91556488,fsc_mismatch,"Fuel surcharge $41.09 vs expected $36.98 (LTL, diesel $3.956/gal for week of 2025-09-01; 27.0% of linehaul vs expected 24.3% (+2.70 pp)): +$4.11",4.11,SHP06423,41.09,36.98,,True
CARC:96880183,fsc_mismatch,"Fuel surcharge $102.38 vs expected $91.72 (LTL, diesel $3.856/gal for week of 2025-07-21; 26.1% of linehaul vs expected 23.4% (+2.72 pp)): +$10.66",10.66,SHP05495,102.38,91.72,,True
CARC:97012741,fsc_mismatch,"Fuel surcharge $124.41 vs expected $119.97 (LTL, diesel $3.953/gal for week of 2025-08-11; 25.2% of linehaul vs expected 24.3% (+0.90 pp)): +$4.44",4.44,SHP05966,124.41,119.97,,True
CARC:98238684,fsc_mismatch,"Fuel surcharge $407.35 vs expected $374.93 (LTL, diesel $3.510/gal for week of 2025-01-06; 22.5% of linehaul vs expected 20.7% (+1.79 pp)): +$32.42",32.42,SHP00181,407.35,374.93,,True
CARC:99082698,fsc_mismatch,"Fuel surcharge $112.58 vs expected $108.95 (LTL, diesel $4.204/gal for week of 2025-11-10; 27.9% of linehaul vs expected 27.0% (+0.90 pp)): +$3.63",3.63,SHP08517,112.58,108.95,,True
CARD:03844805,fsc_mismatch,"Fuel surcharge $161.26 vs expected $143.34 (LTL, diesel $3.677/gal for week of 2025-05-19; 24.3% of linehaul vs expected 21.6% (+2.70 pp)): +$17.92",17.92,SHP03553,161.26,143.34,,True
CARD:06427466,fsc_mismatch,"Fuel surcharge $79.45 vs expected $76.27 (LTL, diesel $3.677/gal for week of 2025-05-19; 22.5% of linehaul vs expected 21.6% (+0.90 pp)): +$3.18",3.18,SHP03689,79.45,76.27,,True
CARD:06964459,fsc_mismatch,"Fuel surcharge $94.35 vs expected $87.84 (LTL, diesel $3.947/gal for week of 2025-08-25; 26.1% of linehaul vs expected 24.3% (+1.80 pp)): +$6.51",6.51,SHP06308,94.35,87.84,,True
CARD:08210340,fsc_mismatch,"Fuel surcharge $83.43 vs expected $79.95 (LTL, diesel $3.542/gal for week of 2025-04-28; 21.6% of linehaul vs expected 20.7% (+0.90 pp)): +$3.48",3.48,SHP03094,83.43,79.95,,True
CARD:12704369,fsc_mismatch,"Fuel surcharge $337.26 vs expected $324.77 (LTL, diesel $3.856/gal for week of 2025-07-21; 24.3% of linehaul vs expected 23.4% (+0.90 pp)): +$12.49",12.49,SHP05364,337.26,324.77,,True
CARD:24455117,fsc_mismatch,"Fuel surcharge $73.27 vs expected $67.41 (LTL, diesel $3.510/gal for week of 2025-01-06; 22.5% of linehaul vs expected 20.7% (+1.80 pp)): +$5.86",5.86,SHP00176,73.27,67.41,,True
CARD:27043486,fsc_mismatch,"Fuel surcharge $100.35 vs expected $96.49 (LTL, diesel $3.739/gal for week of 2025-06-30; 23.4% of linehaul vs expected 22.5% (+0.90 pp)): +$3.86",3.86,SHP04787,100.35,96.49,,True
CARD:27333956,fsc_mismatch,"Fuel surcharge $41.75 vs expected $40.36 (LTL, diesel $4.155/gal for week of 2025-09-15; 27.0% of linehaul vs expected 26.1% (+0.90 pp)): +$1.39",1.39,SHP06940,41.75,40.36,,True
CARD:30424868,fsc_mismatch,"Fuel surcharge $411.78 vs expected $394.62 (LTL, diesel $3.507/gal for week of 2025-01-13; 21.6% of linehaul vs expected 20.7% (+0.90 pp)): +$17.16",17.16,SHP00371,411.78,394.62,,True
CARD:35852010,fsc_mismatch,"Fuel surcharge $195.84 vs expected $188.84 (LTL, diesel $3.956/gal for week of 2025-09-01; 25.2% of linehaul vs expected 24.3% (+0.90 pp)): +$7.00",7.0,SHP06521,195.84,188.84,,True
CARD:42206632,fsc_mismatch,"Fuel surcharge $98.34 vs expected $92.20 (LTL, diesel $4.221/gal for week of 2025-09-29; 28.8% of linehaul vs expected 27.0% (+1.80 pp)): +$6.14",6.14,SHP07435,98.34,92.2,,True
CARD:44946568,fsc_mismatch,"Fuel surcharge $68.98 vs expected $63.67 (LTL, diesel $3.601/gal for week of 2025-05-12; 23.4% of linehaul vs expected 21.6% (+1.80 pp)): +$5.31",5.31,SHP03546,68.98,63.67,,True
CARD:47007978,fsc_mismatch,"Fuel surcharge $56.65 vs expected $52.94 (LTL, diesel $4.199/gal for week of 2025-10-20; 27.9% of linehaul vs expected 26.1% (+1.83 pp)): +$3.71",3.71,SHP07881,56.65,52.94,,True
CARD:55223824,fsc_mismatch,"Fuel surcharge $106.87 vs expected $94.99 (LTL, diesel $3.652/gal for week of 2025-06-16; 24.3% of linehaul vs expected 21.6% (+2.70 pp)): +$11.88",11.88,SHP04490,106.87,94.99,,True
CARD:55856494,fsc_mismatch,"Fuel surcharge $51.18 vs expected $49.05 (LTL, diesel $3.598/gal for week of 2025-02-03; 21.6% of linehaul vs expected 20.7% (+0.90 pp)): +$2.13",2.13,SHP00856,51.18,49.05,,True
CARD:56386958,fsc_mismatch,"Fuel surcharge $173.49 vs expected $166.26 (LTL, diesel $3.542/gal for week of 2025-04-28; 21.6% of linehaul vs expected 20.7% (+0.90 pp)): +$7.23",7.23,SHP03127,173.49,166.26,,True
CARD:57443869,fsc_mismatch,"Fuel surcharge $110.97 vs expected $99.87 (LTL, diesel $3.947/gal for week of 2025-08-25; 27.0% of linehaul vs expected 24.3% (+2.70 pp)): +$11.10",11.1,SHP06269,110.97,99.87,,True
CARD:58151964,fsc_mismatch,"Fuel surcharge $251.57 vs expected $243.91 (LTL, diesel $4.155/gal for week of 2025-09-15; 26.9% of linehaul vs expected 26.1% (+0.82 pp)): +$7.66",7.66,SHP06954,251.57,243.91,,True
CARD:63716621,fsc_mismatch,"Fuel surcharge $53.76 vs expected $51.61 (LTL, diesel $3.652/gal for week of 2025-06-16; 22.5% of linehaul vs expected 21.6% (+0.90 pp)): +$2.15",2.15,SHP04361,53.76,51.61,,True
CARD:64394083,fsc_mismatch,"Fuel surcharge $85.97 vs expected $79.09 (LTL, diesel $3.571/gal for week of 2025-05-05; 22.5% of linehaul vs expected 20.7% (+1.80 pp)): +$6.88",6.88,SHP03171,85.97,79.09,,True
CARD:65213613,fsc_mismatch,"Fuel surcharge $94.37 vs expected $84.93 (LTL, diesel $3.906/gal for week of 2025-12-15; 27.0% of linehaul vs expected 24.3% (+2.70 pp)): +$9.44",9.44,SHP09574,94.37,84.93,,True
CARD:65561228,fsc_mismatch,"Fuel surcharge $173.64 vs expected $166.40 (LTL, diesel $3.599/gal for week of 2025-06-02; 21.6% of linehaul vs expected 20.7% (+0.90 pp)): +$7.24",7.24,SHP04082,173.64,166.4,,True
CARD:67420492,fsc_mismatch,"Fuel surcharge $82.52 vs expected $79.77 (LTL, diesel $4.199/gal for week of 2025-10-20; 27.0% of linehaul vs expected 26.1% (+0.90 pp)): +$2.75",2.75,SHP07867,82.52,79.77,,True
CARD:79465793,fsc_mismatch,"Fuel surcharge $54.30 vs expected $48.27 (LTL, diesel $3.601/gal for week of 2025-05-12; 24.3% of linehaul vs expected 21.6% (+2.70 pp)): +$6.03",6.03,SHP03411,54.3,48.27,,True
CARD:82806004,fsc_mismatch,"Fuel surcharge $82.63 vs expected $73.09 (LTL, diesel $3.510/gal for week of 2025-01-06; 23.4% of linehaul vs expected 20.7% (+2.70 pp)): +$9.54",9.54,SHP00145,82.63,73.09,,True
CARD:86550973,fsc_mismatch,"Fuel surcharge $125.02 vs expected $111.13 (LTL, diesel $3.660/gal for week of 2025-01-27; 24.3% of linehaul vs expected 21.6% (+2.70 pp)): +$13.89",13.89,SHP00716,125.02,111.13,,True
CARD:87715266,fsc_mismatch,"Fuel surcharge $125.39 vs expected $111.46 (LTL, diesel $3.627/gal for week of 2025-02-10; 24.3% of linehaul vs expected 21.6% (+2.70 pp)): +$13.93",13.93,SHP00988,125.39,111.46,,True
CARD:87727001,fsc_mismatch,"Fuel surcharge $423.96 vs expected $409.34 (LTL, diesel $4.076/gal for week of 2025-11-24; 26.1% of linehaul vs expected 25.2% (+0.90 pp)): +$14.62",14.62,SHP08985,423.96,409.34,,True
CARD:89373723,fsc_mismatch,"Fuel surcharge $130.67 vs expected $118.42 (LTL, diesel $4.155/gal for week of 2025-09-15; 28.8% of linehaul vs expected 26.1% (+2.70 pp)): +$12.25",12.25,SHP06911,130.67,118.42,,True
CARD:90250545,fsc_mismatch,"Fuel surcharge $29.70 vs expected $27.72 (LTL, diesel $4.006/gal for week of 2025-12-01; 27.0% of linehaul vs expected 25.2% (+1.80 pp)): +$1.98",1.98,SHP09221,29.7,27.72,,True
CARD:99718884,fsc_mismatch,"Fuel surcharge $175.27 vs expected $161.78 (LTL, diesel $3.618/gal for week of 2025-02-24; 23.4% of linehaul vs expected 21.6% (+1.80 pp)): +$13.49",13.49,SHP01337,175.27,161.78,,True
CARE:04771631,fsc_mismatch,"Fuel surcharge $133.27 vs expected $128.83 (LTL, diesel $4.196/gal for week of 2025-11-03; 27.0% of linehaul vs expected 26.1% (+0.90 pp)): +$4.44",4.44,SHP08407,133.27,128.83,,True
CARE:06964141,fsc_mismatch,"Fuel surcharge $121.29 vs expected $109.55 (LTL, diesel $4.006/gal for week of 2025-12-01; 27.9% of linehaul vs expected 25.2% (+2.70 pp)): +$11.74",11.74,SHP09190,121.29,109.55,,True
CARE:15587860,fsc_mismatch,"Fuel surcharge $39.85 vs expected $38.30 (LTL, diesel $3.735/gal for week of 2025-07-07; 23.4% of linehaul vs expected 22.5% (+0.91 pp)): +$1.55",1.55,SHP05038,39.85,38.3,,True
CARE:28337442,fsc_mismatch,"Fuel surcharge $154.43 vs expected $136.61 (LTL, diesel $3.571/gal for week of 2025-05-05; 23.4% of linehaul vs expected 20.7% (+2.70 pp)): +$17.82",17.82,SHP03293,154.43,136.61,,True
CARE:30415927,fsc_mismatch,"Fuel surcharge $116.09 vs expected $106.80 (LTL, diesel $3.571/gal for week of 2025-05-05; 22.5% of linehaul vs expected 20.7% (+1.80 pp)): +$9.29",9.29,SHP03263,116.09,106.8,,True
CARE:33826119,fsc_mismatch,"Fuel surcharge $139.31 vs expected $137.83 (LTL, diesel $3.890/gal for week of 2025-12-22; 23.7% of linehaul vs expected 23.4% (+0.25 pp)): +$1.48",1.48,SHP09898,139.31,137.83,,True
CARE:34572431,fsc_mismatch,"Fuel surcharge $835.05 vs expected $800.26 (LTL, diesel $3.538/gal for week of 2025-04-21; 21.6% of linehaul vs expected 20.7% (+0.90 pp)): +$34.79",34.79,SHP02792,835.05,800.26,,True
CARE:39535907,fsc_mismatch,"Fuel surcharge $53.21 vs expected $49.67 (LTL, diesel $4.047/gal for week of 2025-09-08; 27.0% of linehaul vs expected 25.2% (+1.80 pp)): +$3.54",3.54,SHP06760,53.21,49.67,,True
CARE:43230013,fsc_mismatch,"Fuel surcharge $161.62 vs expected $146.92 (LTL, diesel $4.206/gal for week of 2025-09-22; 29.7% of linehaul vs expected 27.0% (+2.70 pp)): +$14.70",14.7,SHP07176,161.62,146.92,,True
CARE:49460560,fsc_mismatch,"Fuel surcharge $132.08 vs expected $123.56 (LTL, diesel $4.141/gal for week of 2025-10-27; 27.9% of linehaul vs expected 26.1% (+1.80 pp)): +$8.52",8.52,SHP08099,132.08,123.56,,True
CARE:61525875,fsc_mismatch,"Fuel surcharge $68.58 vs expected $65.72 (LTL, diesel $3.507/gal for week of 2025-01-13; 21.6% of linehaul vs expected 20.7% (+0.90 pp)): +$2.86",2.86,SHP00320,68.58,65.72,,True
CARE:67705308,fsc_mismatch,"Fuel surcharge $48.17 vs expected $44.96 (LTL, diesel $4.047/gal for week of 2025-09-08; 27.0% of linehaul vs expected 25.2% (+1.80 pp)): +$3.21",3.21,SHP06636,48.17,44.96,,True
CARE:68230569,fsc_mismatch,"Fuel surcharge $67.83 vs expected $65.57 (LTL, diesel $4.199/gal for week of 2025-10-20; 27.0% of linehaul vs expected 26.1% (+0.90 pp)): +$2.26",2.26,SHP07871,67.83,65.57,,True
CARE:72687387,fsc_mismatch,"Fuel surcharge $304.90 vs expected $295.06 (LTL, diesel $4.206/gal for week of 2025-09-22; 27.9% of linehaul vs expected 27.0% (+0.90 pp)): +$9.84",9.84,SHP07172,304.9,295.06,,True
CARE:77245022,fsc_mismatch,"Fuel surcharge $137.46 vs expected $132.17 (LTL, diesel $3.735/gal for week of 2025-07-07; 23.4% of linehaul vs expected 22.5% (+0.90 pp)): +$5.29",5.29,SHP05024,137.46,132.17,,True
CARE:82263890,fsc_mismatch,"Fuel surcharge $48.16 vs expected $46.44 (LTL, diesel $3.947/gal for week of 2025-08-25; 25.2% of linehaul vs expected 24.3% (+0.90 pp)): +$1.72",1.72,SHP06348,48.16,46.44,,True
CARF:00218891,fsc_mismatch,"Fuel surcharge $597.52 vs expected $547.72 (TL, diesel $4.265/gal for week of 2025-10-13; $0.548/mi vs expected $0.502/mi over 1,090.0 mi): +$49.80",49.8,SHP07786,597.52,547.72,,True
CARF:00490748,fsc_mismatch,"Fuel surcharge $592.27 vs expected $542.92 (TL, diesel $4.206/gal for week of 2025-09-22; $0.537/mi vs expected $0.493/mi over 1,102.0 mi): +$49.35",49.35,SHP07180,592.27,542.92,,True
CARF:00625452,fsc_mismatch,"Fuel surcharge $227.41 vs expected $194.17 (TL, diesel $3.521/gal for week of 2025-04-07; $0.443/mi vs expected $0.378/mi over 513.0 mi): +$33.24",33.24,SHP02518,227.41,194.17,,True
CARF:01350587,fsc_mismatch,"Fuel surcharge $783.90 vs expected $718.57 (TL, diesel $4.265/gal for week of 2025-10-13; $0.548/mi vs expected $0.502/mi over 1,430.0 mi): +$65.33",65.33,SHP07707,783.9,718.57,,True
CARF:01376135,fsc_mismatch,"Fuel surcharge $550.80 vs expected $504.90 (TL, diesel $3.999/gal for week of 2025-08-18; $0.500/mi vs expected $0.458/mi over 1,102.0 mi): +$45.90",45.9,SHP06207,550.8,504.9,,True
CARF:02526078,fsc_mismatch,"Fuel surcharge $702.78 vs expected $644.21 (TL, diesel $3.953/gal for week of 2025-08-11; $0.491/mi vs expected $0.450/mi over 1,430.0 mi): +$58.57",58.57,SHP05871,702.78,644.21,,True
CARF:02830694,fsc_mismatch,"Fuel surcharge $535.17 vs expected $491.59 (TL, diesel $3.956/gal for week of 2025-09-01; $0.491/mi vs expected $0.451/mi over 1,090.0 mi): +$43.58",43.58,SHP06507,535.17,491.59,,True
CARF:03135104,fsc_mismatch,"Fuel surcharge $170.60 vs expected $156.39 (TL, diesel $4.155/gal for week of 2025-09-15; $0.528/mi vs expected $0.484/mi over 323.0 mi): +$14.21",14.21,SHP06861,170.6,156.39,,True
CARF:03279148,fsc_mismatch,"Fuel surcharge $223.02 vs expected $217.74 (TL, diesel $3.538/gal for week of 2025-03-10; $0.391/mi vs expected $0.381/mi over 571.0 mi): +$5.28",5.28,SHP01714,223.02,217.74,,True
CARF:03881248,fsc_mismatch,"Fuel surcharge $595.52 vs expected $494.80 (TL, diesel $3.944/gal for week of 2025-12-08; $0.540/mi vs expected $0.449/mi over 1,102.0 mi): +$100.72",100.72,SHP09416,595.52,494.8,,True
CARF:04213604,fsc_mismatch,"Fuel surcharge $106.24 vs expected $97.38 (TL, diesel $4.216/gal for week of 2025-10-06; $0.539/mi vs expected $0.494/mi over 197.0 mi): +$8.86",8.86,SHP07530,106.24,97.38,,True
CARF:04325703,fsc_mismatch,"Fuel surcharge $693.05 vs expected $635.30 (TL, diesel $4.221/gal for week of 2025-09-29; $0.540/mi vs expected $0.495/mi over 1,283.0 mi): +$57.75",57.75,SHP07410,693.05,635.3,,True
CARF:05008952,fsc_mismatch,"Fuel surcharge $390.55 vs expected $358.00 (TL, diesel $4.141/gal for week of 2025-10-27; $0.526/mi vs expected $0.482/mi over 743.0 mi): +$32.55",32.55,SHP08079,390.55,358.0,,True
CARF:06156530,fsc_mismatch,"Fuel surcharge $687.92 vs expected $630.59 (TL, diesel $4.199/gal for week of 2025-10-20; $0.536/mi vs expected $0.491/mi over 1,283.0 mi): +$57.33",57.33,SHP07902,687.92,630.59,,True
CARF:06532828,fsc_mismatch,"Fuel surcharge $1,094.17 vs expected $1,002.99 (TL, diesel $4.265/gal for week of 2025-10-13; $0.548/mi vs expected $0.503/mi over 1,996.0 mi): +$91.18",91.18,SHP07689,1094.17,1002.99,,True
CARF:08232475,fsc_mismatch,"Fuel surcharge $301.59 vs expected $276.46 (TL, diesel $4.155/gal for week of 2025-09-15; $0.528/mi vs expected $0.484/mi over 571.0 mi): +$25.13",25.13,SHP07011,301.59,276.46,,True
CARF:08634020,fsc_mismatch,"Fuel surcharge $260.88 vs expected $239.14 (TL, diesel $4.047/gal for week of 2025-09-08; $0.509/mi vs expected $0.466/mi over 513.0 mi): +$21.74",21.74,SHP06690,260.88,239.14,,True
CARF:09392301,fsc_mismatch,"Fuel surcharge $166.38 vs expected $152.51 (TL, diesel $4.155/gal for week of 2025-09-15; $0.528/mi vs expected $0.484/mi over 315.0 mi): +$13.87",13.87,SHP06935,166.38,152.51,,True
CARF:09612700,fsc_mismatch,"Fuel surcharge $755.30 vs expected $692.36 (TL, diesel $4.155/gal for week of 2025-09-15; $0.528/mi vs expected $0.484/mi over 1,430.0 mi): +$62.94",62.94,SHP07044,755.3,692.36,,True
CARF:09992244,fsc_mismatch,"Fuel surcharge $755.30 vs expected $692.36 (TL, diesel $4.155/gal for week of 2025-09-15; $0.528/mi vs expected $0.484/mi over 1,430.0 mi): +$62.94",62.94,SHP07008,755.3,692.36,,True
CARF:10377387,fsc_mismatch,"Fuel surcharge $431.07 vs expected $395.14 (TL, diesel $4.221/gal for week of 2025-09-29; $0.540/mi vs expected $0.495/mi over 798.0 mi): +$35.93",35.93,SHP07441,431.07,395.14,,True
CARF:10529731,fsc_mismatch,"Fuel surcharge $354.90 vs expected $325.32 (TL, diesel $4.221/gal for week of 2025-09-29; $0.540/mi vs expected $0.495/mi over 657.0 mi): +$29.58",29.58,SHP07409,354.9,325.32,,True
CARF:11534962,fsc_mismatch,"Fuel surcharge $960.23 vs expected $880.22 (TL, diesel $4.155/gal for week of 2025-09-15; $0.528/mi vs expected $0.484/mi over 1,818.0 mi): +$80.01",80.01,SHP07004,960.23,880.22,,True
CARF:12312879,fsc_mismatch,"Fuel surcharge $1,076.39 vs expected $986.69 (TL, diesel $4.216/gal for week of 2025-10-06; $0.539/mi vs expected $0.494/mi over 1,996.0 mi): +$89.70",89.7,SHP07525,1076.39,986.69,,True
CARF:12963997,fsc_mismatch,"Fuel surcharge $766.74 vs expected $702.85 (TL, diesel $4.199/gal for week of 2025-10-20; $0.536/mi vs expected $0.492/mi over 1,430.0 mi): +$63.89",63.89,SHP08029,766.74,702.85,,True
CARF:13760092,fsc_mismatch,"Fuel surcharge $604.10 vs expected $553.75 (TL, diesel $4.265/gal for week of 2025-10-13; $0.548/mi vs expected $0.502/mi over 1,102.0 mi): +$50.35",50.35,SHP07662,604.1,553.75,,True
CARF:15160230,fsc_mismatch,"Fuel surcharge $241.20 vs expected $215.08 (TL, diesel $3.510/gal for week of 2025-01-06; $0.422/mi vs expected $0.377/mi over 571.0 mi): +$26.12",26.12,SHP00153,241.2,215.08,,True
CARF:16147833,fsc_mismatch,"Fuel surcharge $419.46 vs expected $384.50 (TL, diesel $4.141/gal for week of 2025-10-27; $0.526/mi vs expected $0.482/mi over 798.0 mi): +$34.96",34.96,SHP08097,419.46,384.5,,True
CARF:16314640,fsc_mismatch,"Fuel surcharge $124.44 vs expected $114.07 (TL, diesel $4.265/gal for week of 2025-10-13; $0.548/mi vs expected $0.503/mi over 227.0 mi): +$10.37",10.37,SHP07639,124.44,114.07,,True
CARF:16638204,fsc_mismatch,"Fuel surcharge $573.13 vs expected $525.37 (TL, diesel $4.221/gal for week of 2025-09-29; $0.540/mi vs expected $0.495/mi over 1,061.0 mi): +$47.76",47.76,SHP07337,573.13,525.37,,True
CARF:16753134,fsc_mismatch,"Fuel surcharge $158.92 vs expected $145.67 (TL, diesel $3.956/gal for week of 2025-09-01; $0.492/mi vs expected $0.451/mi over 323.0 mi): +$13.25",13.25,SHP06518,158.92,145.67,,True
CARF:16893897,fsc_mismatch,"Fuel surcharge $154.46 vs expected $141.59 (TL, diesel $3.947/gal for week of 2025-08-25; $0.490/mi vs expected $0.449/mi over 315.0 mi): +$12.87",12.87,SHP06330,154.46,141.59,,True
CARF:17347267,fsc_mismatch,"Fuel surcharge $158.92 vs expected $145.67 (TL, diesel $3.956/gal for week of 2025-09-01; $0.492/mi vs expected $0.451/mi over 323.0 mi): +$13.25",13.25,SHP06511,158.92,145.67,,True
CARF:18443406,fsc_mismatch,"Fuel surcharge $988.08 vs expected $905.74 (TL, diesel $3.947/gal for week of 2025-08-25; $0.490/mi vs expected $0.449/mi over 2,015.0 mi): +$82.34",82.34,SHP06363,988.08,905.74,,True
CARF:19728468,fsc_mismatch,"Fuel surcharge $589.25 vs expected $540.15 (TL, diesel $3.953/gal for week of 2025-08-11; $0.491/mi vs expected $0.451/mi over 1,199.0 mi): +$49.10",49.1,SHP05930,589.25,540.15,,True
CARF:20307036,fsc_mismatch,"Fuel surcharge $439.67 vs expected $403.03 (TL, diesel $4.199/gal for week of 2025-10-20; $0.536/mi vs expected $0.491/mi over 820.0 mi): +$36.64",36.64,SHP08007,439.67,403.03,,True
CARF:21200612,fsc_mismatch,"Fuel surcharge $1,271.51 vs expected $1,166.63 (TL, diesel $4.206/gal for week of 2025-09-22; $0.537/mi vs expected $0.493/mi over 2,368.0 mi): +$104.88",104.88,SHP07178,1271.51,1166.63,,True
CARF:21254596,fsc_mismatch,"Fuel surcharge $1,104.59 vs expected $1,012.54 (TL, diesel $4.265/gal for week of 2025-10-13; $0.548/mi vs expected $0.503/mi over 2,015.0 mi): +$92.05",92.05,SHP07815,1104.59,1012.54,,True
CARF:21353518,fsc_mismatch,"Fuel surcharge $96.73 vs expected $88.72 (TL, diesel $3.952/gal for week of 2025-08-04; $0.491/mi vs expected $0.450/mi over 197.0 mi): +$8.01",8.01,SHP05752,96.73,88.72,,True
CARF:21729717,fsc_mismatch,"Fuel surcharge $629.14 vs expected $576.71 (TL, diesel $3.947/gal for week of 2025-08-25; $0.490/mi vs expected $0.450/mi over 1,283.0 mi): +$52.43",52.43,SHP06259,629.14,576.71,,True
CARF:22184569,fsc_mismatch,"Fuel surcharge $581.62 vs expected $533.15 (TL, diesel $4.265/gal for week of 2025-10-13; $0.548/mi vs expected $0.502/mi over 1,061.0 mi): +$48.47",48.47,SHP07766,581.62,533.15,,True
CARF:23099438,fsc_mismatch,"Fuel surcharge $275.06 vs expected $252.14 (TL, diesel $4.199/gal for week of 2025-10-20; $0.536/mi vs expected $0.492/mi over 513.0 mi): +$22.92",22.92,SHP07929,275.06,252.14,,True
CARF:24055776,fsc_mismatch,"Fuel surcharge $521.24 vs expected $477.80 (TL, diesel $3.952/gal for week of 2025-08-04; $0.491/mi vs expected $0.450/mi over 1,061.0 mi): +$43.44",43.44,SHP05812,521.24,477.8,,True
CARF:24990491,fsc_mismatch,"Fuel surcharge $609.75 vs expected $558.93 (TL, diesel $4.047/gal for week of 2025-09-08; $0.509/mi vs expected $0.466/mi over 1,199.0 mi): +$50.82",50.82,SHP06778,609.75,558.93,,True
CARF:25800798,fsc_mismatch,"Fuel surcharge $322.17 vs expected $295.32 (TL, diesel $3.947/gal for week of 2025-08-25; $0.490/mi vs expected $0.449/mi over 657.0 mi): +$26.85",26.85,SHP06321,322.17,295.32,,True
CARF:25835436,fsc_mismatch,"Fuel surcharge $111.31 vs expected $102.04 (TL, diesel $3.947/gal for week of 2025-08-25; $0.490/mi vs expected $0.450/mi over 227.0 mi): +$9.27",9.27,SHP06384,111.31,102.04,,True
CARF:25849177,fsc_mismatch,"Fuel surcharge $703.56 vs expected $644.93 (TL, diesel $3.956/gal for week of 2025-09-01; $0.492/mi vs expected $0.451/mi over 1,430.0 mi): +$58.63",58.63,SHP06572,703.56,644.93,,True
CARF:26044665,fsc_mismatch,"Fuel surcharge $702.78 vs expected $644.21 (TL, diesel $3.953/gal for week of 2025-08-11; $0.491/mi vs expected $0.450/mi over 1,430.0 mi): +$58.57",58.57,SHP05959,702.78,644.21,,True
CARF:26471918,fsc_mismatch,"Fuel surcharge $417.01 vs expected $382.26 (TL, diesel $4.047/gal for week of 2025-09-08; $0.509/mi vs expected $0.466/mi over 820.0 mi): +$34.75",34.75,SHP06688,417.01,382.26,,True
CARF:27764623,fsc_mismatch,"Fuel surcharge $980.58 vs expected $898.87 (TL, diesel $3.952/gal for week of 2025-08-04; $0.491/mi vs expected $0.450/mi over 1,996.0 mi): +$81.71",81.71,SHP05747,980.58,898.87,,True
CARF:27784624,fsc_mismatch,"Fuel surcharge $131.90 vs expected $121.38 (TL, diesel $3.562/gal for week of 2025-03-31; $0.419/mi vs expected $0.385/mi over 315.0 mi): +$10.52",10.52,SHP02352,131.9,121.38,,True
CARF:28434535,fsc_mismatch,"Fuel surcharge $285.40 vs expected $261.61 (TL, diesel $3.999/gal for week of 2025-08-18; $0.500/mi vs expected $0.458/mi over 571.0 mi): +$23.79",23.79,SHP06208,285.4,261.61,,True
CARF:28631649,fsc_mismatch,"Fuel surcharge $677.66 vs expected $621.19 (TL, diesel $4.155/gal for week of 2025-09-15; $0.528/mi vs expected $0.484/mi over 1,283.0 mi): +$56.47",56.47,SHP06908,677.66,621.19,,True
CARF:28688749,fsc_mismatch,"Fuel surcharge $387.88 vs expected $355.55 (TL, diesel $3.947/gal for week of 2025-08-25; $0.490/mi vs expected $0.449/mi over 791.0 mi): +$32.33",32.33,SHP06329,387.88,355.55,,True
CARF:29406950,fsc_mismatch,"Fuel surcharge $1,080.41 vs expected $990.37 (TL, diesel $4.199/gal for week of 2025-10-20; $0.536/mi vs expected $0.491/mi over 2,015.0 mi): +$90.04",90.04,SHP07905,1080.41,990.37,,True
CARF:29561606,fsc_mismatch,"Fuel surcharge $616.15 vs expected $515.34 (TL, diesel $3.660/gal for week of 2025-01-27; $0.480/mi vs expected $0.402/mi over 1,283.0 mi): +$100.81",100.81,SHP00676,616.15,515.34,,True
CARF:29895399,fsc_mismatch,"Fuel surcharge $396.48 vs expected $350.15 (TL, diesel $3.906/gal for week of 2025-12-15; $0.501/mi vs expected $0.443/mi over 791.0 mi): +$46.33",46.33,SHP09677,396.48,350.15,,True
CARF:30026813,fsc_mismatch,"Fuel surcharge $256.41 vs expected $235.04 (TL, diesel $3.999/gal for week of 2025-08-18; $0.500/mi vs expected $0.458/mi over 513.0 mi): +$21.37",21.37,SHP06216,256.41,235.04,,True
CARF:30723299,fsc_mismatch,"Fuel surcharge $427.68 vs expected $391.68 (TL, diesel $4.221/gal for week of 2025-09-29; $0.541/mi vs expected $0.495/mi over 791.0 mi): +$36.00",36.0,SHP07276,427.68,391.68,,True
CARF:31237891,fsc_mismatch,"Fuel surcharge $426.56 vs expected $391.02 (TL, diesel $4.216/gal for week of 2025-10-06; $0.539/mi vs expected $0.494/mi over 791.0 mi): +$35.54",35.54,SHP07611,426.56,391.02,,True
CARF:31320445,fsc_mismatch,"Fuel surcharge $1,244.71 vs expected $1,140.98 (TL, diesel $4.141/gal for week of 2025-10-27; $0.526/mi vs expected $0.482/mi over 2,368.0 mi): +$103.73",103.73,SHP08050,1244.71,1140.98,,True
CARF:31478676,fsc_mismatch,"Fuel surcharge $121.71 vs expected $111.57 (TL, diesel $4.199/gal for week of 2025-10-20; $0.536/mi vs expected $0.491/mi over 227.0 mi): +$10.14",10.14,SHP08020,121.71,111.57,,True
CARF:31962949,fsc_mismatch,"Fuel surcharge $158.97 vs expected $145.73 (TL, diesel $3.957/gal for week of 2025-07-28; $0.492/mi vs expected $0.451/mi over 323.0 mi): +$13.24",13.24,SHP05651,158.97,145.73,,True
CARF:33086065,fsc_mismatch,"Fuel surcharge $120.00 vs expected $109.91 (TL, diesel $4.155/gal for week of 2025-09-15; $0.529/mi vs expected $0.484/mi over 227.0 mi): +$10.09",10.09,SHP06857,120.0,109.91,,True
CARF:34114270,fsc_mismatch,"Fuel surcharge $541.38 vs expected $496.27 (TL, diesel $3.952/gal for week of 2025-08-04; $0.491/mi vs expected $0.450/mi over 1,102.0 mi): +$45.11",45.11,SHP05715,541.38,496.27,,True
CARF:35135438,fsc_mismatch,"Fuel surcharge $365.69 vs expected $335.22 (TL, diesel $3.957/gal for week of 2025-07-28; $0.492/mi vs expected $0.451/mi over 743.0 mi): +$30.47",30.47,SHP05603,365.69,335.22,,True
CARF:35504480,fsc_mismatch,"Fuel surcharge $988.08 vs expected $905.74 (TL, diesel $3.947/gal for week of 2025-08-25; $0.490/mi vs expected $0.449/mi over 2,015.0 mi): +$82.34",82.34,SHP06277,988.08,905.74,,True
CARF:35934254,fsc_mismatch,"Fuel surcharge $788.75 vs expected $776.44 (TL, diesel $3.584/gal for week of 2025-02-17; $0.395/mi vs expected $0.389/mi over 1,996.0 mi): +$12.31",12.31,SHP01164,788.75,776.44,,True
CARF:36910035,fsc_mismatch,"Fuel surcharge $1,165.06 vs expected $1,067.97 (TL, diesel $3.956/gal for week of 2025-09-01; $0.492/mi vs expected $0.451/mi over 2,368.0 mi): +$97.09",97.09,SHP06500,1165.06,1067.97,,True
CARF:37075501,fsc_mismatch,"Fuel surcharge $1,015.06 vs expected $930.47 (TL, diesel $4.047/gal for week of 2025-09-08; $0.509/mi vs expected $0.466/mi over 1,996.0 mi): +$84.59",84.59,SHP06754,1015.06,930.47,,True
CARF:37313879,fsc_mismatch,"Fuel surcharge $542.18 vs expected $497.00 (TL, diesel $3.956/gal for week of 2025-09-01; $0.492/mi vs expected $0.451/mi over 1,102.0 mi): +$45.18",45.18,SHP06514,542.18,497.0,,True
CARF:37938273,fsc_mismatch,"Fuel surcharge $96.82 vs expected $88.75 (TL, diesel $3.953/gal for week of 2025-08-11; $0.491/mi vs expected $0.451/mi over 197.0 mi): +$8.07",8.07,SHP05979,96.82,88.75,,True
CARF:38350183,fsc_mismatch,"Fuel surcharge $630.54 vs expected $577.99 (TL, diesel $3.953/gal for week of 2025-08-11; $0.491/mi vs expected $0.450/mi over 1,283.0 mi): +$52.55",52.55,SHP06026,630.54,577.99,,True
CARF:38457503,fsc_mismatch,"Fuel surcharge $642.88 vs expected $589.31 (TL, diesel $4.199/gal for week of 2025-10-20; $0.536/mi vs expected $0.492/mi over 1,199.0 mi): +$53.57",53.57,SHP07829,642.88,589.31,,True
CARF:38988178,fsc_mismatch,"Fuel surcharge $430.34 vs expected $394.48 (TL, diesel $4.216/gal for week of 2025-10-06; $0.539/mi vs expected $0.494/mi over 798.0 mi): +$35.86",35.86,SHP07464,430.34,394.48,,True
CARF:39331811,fsc_mismatch,"Fuel surcharge $322.89 vs expected $295.98 (TL, diesel $3.953/gal for week of 2025-08-11; $0.491/mi vs expected $0.451/mi over 657.0 mi): +$26.91",26.91,SHP05992,322.89,295.98,,True
CARF:39832845,fsc_mismatch,"Fuel surcharge $586.96 vs expected $538.04 (TL, diesel $3.956/gal for week of 2025-09-01; $0.492/mi vs expected $0.451/mi over 1,193.0 mi): +$48.92",48.92,SHP06554,586.96,538.04,,True
CARF:40197014,fsc_mismatch,"Fuel surcharge $1,163.33 vs expected $1,066.39 (TL, diesel $3.952/gal for week of 2025-08-04; $0.491/mi vs expected $0.450/mi over 2,368.0 mi): +$96.94",96.94,SHP05855,1163.33,1066.39,,True
CARF:41494542,fsc_mismatch,"Fuel surcharge $893.46 vs expected $819.01 (TL, diesel $3.953/gal for week of 2025-08-11; $0.491/mi vs expected $0.451/mi over 1,818.0 mi): +$74.45",74.45,SHP05993,893.46,819.01,,True
CARF:43587710,fsc_mismatch,"Fuel surcharge $365.69 vs expected $335.22 (TL, diesel $3.957/gal for week of 2025-07-28; $0.492/mi vs expected $0.451/mi over 743.0 mi): +$30.47",30.47,SHP05675,365.69,335.22,,True
CARF:44339723,fsc_mismatch,"Fuel surcharge $403.44 vs expected $369.82 (TL, diesel $3.956/gal for week of 2025-09-01; $0.492/mi vs expected $0.451/mi over 820.0 mi): +$33.62",33.62,SHP06539,403.44,369.82,,True
CARF:44476919,fsc_mismatch,"Fuel surcharge $1,277.00 vs expected $1,170.58 (TL, diesel $4.216/gal for week of 2025-10-06; $0.539/mi vs expected $0.494/mi over 2,368.0 mi): +$106.42",106.42,SHP07483,1277.0,1170.58,,True
CARF:44513099,fsc_mismatch,"Fuel surcharge $159.23 vs expected $145.51 (TL, diesel $3.953/gal for week of 2025-08-11; $0.493/mi vs expected $0.450/mi over 323.0 mi): +$13.72",13.72,SHP05926,159.23,145.51,,True
CARF:44595088,fsc_mismatch,"Fuel surcharge $554.31 vs expected $508.12 (TL, diesel $4.047/gal for week of 2025-09-08; $0.509/mi vs expected $0.466/mi over 1,090.0 mi): +$46.19",46.19,SHP06614,554.31,508.12,,True
CARF:44617712,fsc_mismatch,"Fuel surcharge $1,059.16 vs expected $970.89 (TL, diesel $4.141/gal for week of 2025-10-27; $0.526/mi vs expected $0.482/mi over 2,015.0 mi): +$88.27",88.27,SHP08109,1059.16,970.89,,True
CARF:44623547,fsc_mismatch,"Fuel surcharge $520.36 vs expected $478.69 (TL, diesel $3.957/gal for week of 2025-07-28; $0.490/mi vs expected $0.451/mi over 1,061.0 mi): +$41.67",41.67,SHP05631,520.36,478.69,,True
CARF:44840700,fsc_mismatch,"Fuel surcharge $365.15 vs expected $334.72 (TL, diesel $3.953/gal for week of 2025-08-11; $0.491/mi vs expected $0.450/mi over 743.0 mi): +$30.43",30.43,SHP06022,365.15,334.72,,True
CARF:45909478,fsc_mismatch,"Fuel surcharge $1,277.00 vs expected $1,170.58 (TL, diesel $4.216/gal for week of 2025-10-06; $0.539/mi vs expected $0.494/mi over 2,368.0 mi): +$106.42",106.42,SHP07582,1277.0,1170.58,,True
CARF:46019439,fsc_mismatch,"Fuel surcharge $550.80 vs expected $504.90 (TL, diesel $3.999/gal for week of 2025-08-18; $0.500/mi vs expected $0.458/mi over 1,102.0 mi): +$45.90",45.9,SHP06121,550.8,504.9,,True
CARF:46151165,fsc_mismatch,"Fuel surcharge $154.98 vs expected $142.06 (TL, diesel $3.956/gal for week of 2025-09-01; $0.492/mi vs expected $0.451/mi over 315.0 mi): +$12.92",12.92,SHP06606,154.98,142.06,,True
CARF:46472961,fsc_mismatch,"Fuel surcharge $674.06 vs expected $574.83 (TL, diesel $4.141/gal for week of 2025-10-27; $0.565/mi vs expected $0.482/mi over 1,193.0 mi): +$99.23",99.23,SHP08222,674.06,574.83,,True
CARF:47024574,fsc_mismatch,"Fuel surcharge $174.48 vs expected $159.94 (TL, diesel $4.221/gal for week of 2025-09-29; $0.540/mi vs expected $0.495/mi over 323.0 mi): +$14.54",14.54,SHP07324,174.48,159.94,,True
CARF:47125533,fsc_mismatch,"Fuel surcharge $405.82 vs expected $372.00 (TL, diesel $4.047/gal for week of 2025-09-08; $0.509/mi vs expected $0.466/mi over 798.0 mi): +$33.82",33.82,SHP06692,405.82,372.0,,True
CARF:47291086,fsc_mismatch,"Fuel surcharge $677.66 vs expected $621.19 (TL, diesel $4.155/gal for week of 2025-09-15; $0.528/mi vs expected $0.484/mi over 1,283.0 mi): +$56.47",56.47,SHP06971,677.66,621.19,,True
CARF:47392535,fsc_mismatch,"Fuel surcharge $652.46 vs expected $598.09 (TL, diesel $4.047/gal for week of 2025-09-08; $0.509/mi vs expected $0.466/mi over 1,283.0 mi): +$54.37",54.37,SHP06794,652.46,598.09,,True
CARF:48291594,fsc_mismatch,"Fuel surcharge $388.91 vs expected $356.87 (TL, diesel $3.957/gal for week of 2025-07-28; $0.492/mi vs expected $0.451/mi over 791.0 mi): +$32.04",32.04,SHP05671,388.91,356.87,,True
CARF:48691341,fsc_mismatch,"Fuel surcharge $96.78 vs expected $88.72 (TL, diesel $3.952/gal for week of 2025-08-04; $0.491/mi vs expected $0.450/mi over 197.0 mi): +$8.06",8.06,SHP05699,96.78,88.72,,True
CARF:49581419,fsc_mismatch,"Fuel surcharge $172.68 vs expected $158.29 (TL, diesel $4.265/gal for week of 2025-10-13; $0.548/mi vs expected $0.503/mi over 315.0 mi): +$14.39",14.39,SHP07743,172.68,158.29,,True
CARF:49752198,fsc_mismatch,"Fuel surcharge $407.30 vs expected $373.36 (TL, diesel $4.265/gal for week of 2025-10-13; $0.548/mi vs expected $0.503/mi over 743.0 mi): +$33.94",33.94,SHP07676,407.3,373.36,,True
CARF:50255019,fsc_mismatch,"Fuel surcharge $597.52 vs expected $547.72 (TL, diesel $4.265/gal for week of 2025-10-13; $0.548/mi vs expected $0.502/mi over 1,090.0 mi): +$49.80",49.8,SHP07715,597.52,547.72,,True
CARF:50257267,fsc_mismatch,"Fuel surcharge $522.20 vs expected $478.69 (TL, diesel $3.957/gal for week of 2025-07-28; $0.492/mi vs expected $0.451/mi over 1,061.0 mi): +$43.51",43.51,SHP05628,522.2,478.69,,True
CARF:50818822,fsc_mismatch,"Fuel surcharge $313.01 vs expected $286.93 (TL, diesel $4.265/gal for week of 2025-10-13; $0.548/mi vs expected $0.503/mi over 571.0 mi): +$26.08",26.08,SHP07649,313.01,286.93,,True
CARF:50920745,fsc_mismatch,"Fuel surcharge $106.77 vs expected $97.55 (TL, diesel $4.221/gal for week of 2025-09-29; $0.542/mi vs expected $0.495/mi over 197.0 mi): +$9.22",9.22,SHP07266,106.77,97.55,,True
CARF:51250773,fsc_mismatch,"Fuel surcharge $96.78 vs expected $88.72 (TL, diesel $3.952/gal for week of 2025-08-04; $0.491/mi vs expected $0.450/mi over 197.0 mi): +$8.06",8.06,SHP05723,96.78,88.72,,True
CARF:51479871,fsc_mismatch,"Fuel surcharge $573.13 vs expected $525.37 (TL, diesel $4.221/gal for week of 2025-09-29; $0.540/mi vs expected $0.495/mi over 1,061.0 mi): +$47.76",47.76,SHP07360,573.13,525.37,,True
CARF:52173268,fsc_mismatch,"Fuel surcharge $427.28 vs expected $391.68 (TL, diesel $4.221/gal for week of 2025-09-29; $0.540/mi vs expected $0.495/mi over 791.0 mi): +$35.60",35.6,SHP07261,427.28,391.68,,True
CARF:52580717,fsc_mismatch,"Fuel surcharge $714.74 vs expected $655.18 (TL, diesel $3.999/gal for week of 2025-08-18; $0.500/mi vs expected $0.458/mi over 1,430.0 mi): +$59.56",59.56,SHP06196,714.74,655.18,,True
CARF:53058562,fsc_mismatch,"Fuel surcharge $560.42 vs expected $513.72 (TL, diesel $4.047/gal for week of 2025-09-08; $0.509/mi vs expected $0.466/mi over 1,102.0 mi): +$46.70",46.7,SHP06672,560.42,513.72,,True
CARF:53396385,fsc_mismatch,"Fuel surcharge $957.86 vs expected $916.02 (TL, diesel $3.571/gal for week of 2025-05-05; $0.405/mi vs expected $0.387/mi over 2,368.0 mi): +$41.84",41.84,SHP03193,957.86,916.02,,True
CARF:57227110,fsc_mismatch,"Fuel surcharge $677.66 vs expected $621.19 (TL, diesel $4.155/gal for week of 2025-09-15; $0.528/mi vs expected $0.484/mi over 1,283.0 mi): +$56.47",56.47,SHP06898,677.66,621.19,,True
CARF:57389494,fsc_mismatch,"Fuel surcharge $439.67 vs expected $403.03 (TL, diesel $4.199/gal for week of 2025-10-20; $0.536/mi vs expected $0.491/mi over 820.0 mi): +$36.64",36.64,SHP07950,439.67,403.03,,True
CARF:58920352,fsc_mismatch,"Fuel surcharge $158.92 vs expected $145.67 (TL, diesel $3.956/gal for week of 2025-09-01; $0.492/mi vs expected $0.451/mi over 323.0 mi): +$13.25",13.25,SHP06591,158.92,145.67,,True
CARF:59238869,fsc_mismatch,"Fuel surcharge $280.00 vs expected $256.66 (TL, diesel $3.947/gal for week of 2025-08-25; $0.490/mi vs expected $0.449/mi over 571.0 mi): +$23.34",23.34,SHP06227,280.0,256.66,,True
CARF:59759318,fsc_mismatch,"Fuel surcharge $415.78 vs expected $381.13 (TL, diesel $4.141/gal for week of 2025-10-27; $0.526/mi vs expected $0.482/mi over 791.0 mi): +$34.65",34.65,SHP08141,415.78,381.13,,True
CARF:59770225,fsc_mismatch,"Fuel surcharge $1,054.25 vs expected $966.40 (TL, diesel $4.155/gal for week of 2025-09-15; $0.528/mi vs expected $0.484/mi over 1,996.0 mi): +$87.85",87.85,SHP07014,1054.25,966.4,,True
CARF:60039209,fsc_mismatch,"Fuel surcharge $313.01 vs expected $286.93 (TL, diesel $4.265/gal for week of 2025-10-13; $0.548/mi vs expected $0.503/mi over 571.0 mi): +$26.08",26.08,SHP07647,313.01,286.93,,True
CARF:60259351,fsc_mismatch,"Fuel surcharge $1,080.41 vs expected $990.37 (TL, diesel $4.199/gal for week of 2025-10-20; $0.536/mi vs expected $0.491/mi over 2,015.0 mi): +$90.04",90.04,SHP07977,1080.41,990.37,,True
CARF:60545252,fsc_mismatch,"Fuel surcharge $755.30 vs expected $692.36 (TL, diesel $4.155/gal for week of 2025-09-15; $0.528/mi vs expected $0.484/mi over 1,430.0 mi): +$62.94",62.94,SHP06849,755.3,692.36,,True
CARF:60557716,fsc_mismatch,"Fuel surcharge $1,250.73 vs expected $1,146.51 (TL, diesel $4.155/gal for week of 2025-09-15; $0.528/mi vs expected $0.484/mi over 2,368.0 mi): +$104.22",104.22,SHP06872,1250.73,1146.51,,True
CARF:61678293,fsc_mismatch,"Fuel surcharge $307.92 vs expected $282.26 (TL, diesel $4.216/gal for week of 2025-10-06; $0.539/mi vs expected $0.494/mi over 571.0 mi): +$25.66",25.66,SHP07446,307.92,282.26,,True
CARF:62439697,fsc_mismatch,"Fuel surcharge $630.24 vs expected $577.72 (TL, diesel $4.141/gal for week of 2025-10-27; $0.526/mi vs expected $0.482/mi over 1,199.0 mi): +$52.52",52.52,SHP08163,630.24,577.72,,True
CARF:62869772,fsc_mismatch,"Fuel surcharge $892.52 vs expected $819.92 (TL, diesel $3.956/gal for week of 2025-09-01; $0.491/mi vs expected $0.451/mi over 1,818.0 mi): +$72.60",72.6,SHP06404,892.52,819.92,,True
CARF:62873042,fsc_mismatch,"Fuel surcharge $1,165.06 vs expected $1,067.97 (TL, diesel $3.956/gal for week of 2025-09-01; $0.492/mi vs expected $0.451/mi over 2,368.0 mi): +$97.09",97.09,SHP06595,1165.06,1067.97,,True
CARF:63379489,fsc_mismatch,"Fuel surcharge $164.26 vs expected $150.57 (TL, diesel $4.047/gal for week of 2025-09-08; $0.509/mi vs expected $0.466/mi over 323.0 mi): +$13.69",13.69,SHP06739,164.26,150.57,,True
CARF:63871160,fsc_mismatch,"Fuel surcharge $641.18 vs expected $587.75 (TL, diesel $4.206/gal for week of 2025-09-22; $0.537/mi vs expected $0.493/mi over 1,193.0 mi): +$53.43",53.43,SHP07191,641.18,587.75,,True
CARF:64343597,fsc_mismatch,"Fuel surcharge $305.39 vs expected $280.65 (TL, diesel $4.199/gal for week of 2025-10-20; $0.535/mi vs expected $0.492/mi over 571.0 mi): +$24.74",24.74,SHP07859,305.39,280.65,,True
CARF:64781999,fsc_mismatch,"Fuel surcharge $560.40 vs expected $513.70 (TL, diesel $4.155/gal for week of 2025-09-15; $0.528/mi vs expected $0.484/mi over 1,061.0 mi): +$46.70",46.7,SHP06972,560.4,513.7,,True
CARF:65393292,fsc_mismatch,"Fuel surcharge $1,070.22 vs expected $981.03 (TL, diesel $4.199/gal for week of 2025-10-20; $0.536/mi vs expected $0.491/mi over 1,996.0 mi): +$89.19",89.19,SHP08006,1070.22,981.03,,True
CARF:66702137,fsc_mismatch,"Fuel surcharge $392.76 vs expected $360.03 (TL, diesel $3.957/gal for week of 2025-07-28; $0.492/mi vs expected $0.451/mi over 798.0 mi): +$32.73",32.73,SHP05622,392.76,360.03,,True
CARF:68124025,fsc_mismatch,"Fuel surcharge $365.15 vs expected $334.72 (TL, diesel $3.953/gal for week of 2025-08-11; $0.491/mi vs expected $0.450/mi over 743.0 mi): +$30.43",30.43,SHP05984,365.15,334.72,,True
CARF:68158685,fsc_mismatch,"Fuel surcharge $544.80 vs expected $499.40 (TL, diesel $3.999/gal for week of 2025-08-18; $0.500/mi vs expected $0.458/mi over 1,090.0 mi): +$45.40",45.4,SHP06093,544.8,499.4,,True
CARF:68325420,fsc_mismatch,"Fuel surcharge $377.85 vs expected $346.36 (TL, diesel $4.047/gal for week of 2025-09-08; $0.509/mi vs expected $0.466/mi over 743.0 mi): +$31.49",31.49,SHP06792,377.85,346.36,,True
CARF:69427108,fsc_mismatch,"Fuel surcharge $328.38 vs expected $301.02 (TL, diesel $3.999/gal for week of 2025-08-18; $0.500/mi vs expected $0.458/mi over 657.0 mi): +$27.36",27.36,SHP06128,328.38,301.02,,True
CARF:69517349,fsc_mismatch,"Fuel surcharge $588.80 vs expected $539.73 (TL, diesel $4.221/gal for week of 2025-09-29; $0.540/mi vs expected $0.495/mi over 1,090.0 mi): +$49.07",49.07,SHP07284,588.8,539.73,,True
CARF:70185817,fsc_mismatch,"Fuel surcharge $347.02 vs expected $318.10 (TL, diesel $4.155/gal for week of 2025-09-15; $0.528/mi vs expected $0.484/mi over 657.0 mi): +$28.92",28.92,SHP06851,347.02,318.1,,True
CARF:71468917,fsc_mismatch,"Fuel surcharge $657.27 vs expected $602.50 (TL, diesel $4.265/gal for week of 2025-10-13; $0.548/mi vs expected $0.503/mi over 1,199.0 mi): +$54.77",54.77,SHP07794,657.27,602.5,,True
CARF:71574596,fsc_mismatch,"Fuel surcharge $560.42 vs expected $513.72 (TL, diesel $4.047/gal for week of 2025-09-08; $0.509/mi vs expected $0.466/mi over 1,102.0 mi): +$46.70",46.7,SHP06791,560.42,513.72,,True
CARF:71679925,fsc_mismatch,"Fuel surcharge $402.26 vs expected $368.74 (TL, diesel $4.047/gal for week of 2025-09-08; $0.509/mi vs expected $0.466/mi over 791.0 mi): +$33.52",33.52,SHP06746,402.26,368.74,,True
CARF:71780863,fsc_mismatch,"Fuel surcharge $980.40 vs expected $898.70 (TL, diesel $4.216/gal for week of 2025-10-06; $0.539/mi vs expected $0.494/mi over 1,818.0 mi): +$81.70",81.7,SHP07498,980.4,898.7,,True
CARF:72204186,fsc_mismatch,"Fuel surcharge $260.88 vs expected $239.14 (TL, diesel $4.047/gal for week of 2025-09-08; $0.509/mi vs expected $0.466/mi over 513.0 mi): +$21.74",21.74,SHP06823,260.88,239.14,,True
CARF:73564973,fsc_mismatch,"Fuel surcharge $172.68 vs expected $158.29 (TL, diesel $4.265/gal for week of 2025-10-13; $0.548/mi vs expected $0.503/mi over 315.0 mi): +$14.39",14.39,SHP07643,172.68,158.29,,True
CARF:73836070,fsc_mismatch,"Fuel surcharge $280.52 vs expected $257.14 (TL, diesel $3.952/gal for week of 2025-08-04; $0.491/mi vs expected $0.450/mi over 571.0 mi): +$23.38",23.38,SHP05760,280.52,257.14,,True
CARF:74452542,fsc_mismatch,"Fuel surcharge $111.68 vs expected $102.38 (TL, diesel $3.956/gal for week of 2025-09-01; $0.492/mi vs expected $0.451/mi over 227.0 mi): +$9.30",9.3,SHP06533,111.68,102.38,,True
CARF:74519713,fsc_mismatch,"Fuel surcharge $122.00 vs expected $111.84 (TL, diesel $4.206/gal for week of 2025-09-22; $0.537/mi vs expected $0.493/mi over 227.0 mi): +$10.16",10.16,SHP07096,122.0,111.84,,True
CARF:74520712,fsc_mismatch,"Fuel surcharge $96.96 vs expected $88.88 (TL, diesel $3.957/gal for week of 2025-07-28; $0.492/mi vs expected $0.451/mi over 197.0 mi): +$8.08",8.08,SHP05633,96.96,88.88,,True
CARF:76485825,fsc_mismatch,"Fuel surcharge $633.29 vs expected $580.52 (TL, diesel $4.155/gal for week of 2025-09-15; $0.528/mi vs expected $0.484/mi over 1,199.0 mi): +$52.77",52.77,SHP07037,633.29,580.52,,True
CARF:76706133,fsc_mismatch,"Fuel surcharge $433.61 vs expected $397.48 (TL, diesel $4.265/gal for week of 2025-10-13; $0.548/mi vs expected $0.503/mi over 791.0 mi): +$36.13",36.13,SHP07799,433.61,397.48,,True
CARF:76754307,fsc_mismatch,"Fuel surcharge $322.17 vs expected $295.32 (TL, diesel $3.947/gal for week of 2025-08-25; $0.490/mi vs expected $0.449/mi over 657.0 mi): +$26.85",26.85,SHP06261,322.17,295.32,,True
CARF:77081726,fsc_mismatch,"Fuel surcharge $893.13 vs expected $818.71 (TL, diesel $3.952/gal for week of 2025-08-04; $0.491/mi vs expected $0.450/mi over 1,818.0 mi): +$74.42",74.42,SHP05856,893.13,818.71,,True
CARF:77236279,fsc_mismatch,"Fuel surcharge $586.31 vs expected $537.45 (TL, diesel $3.953/gal for week of 2025-08-11; $0.491/mi vs expected $0.451/mi over 1,193.0 mi): +$48.86",48.86,SHP05940,586.31,537.45,,True
CARF:77600843,fsc_mismatch,"Fuel surcharge $960.23 vs expected $880.22 (TL, diesel $4.155/gal for week of 2025-09-15; $0.528/mi vs expected $0.484/mi over 1,818.0 mi): +$80.01",80.01,SHP06842,960.23,880.22,,True
CARF:78446321,fsc_mismatch,"Fuel surcharge $1,165.06 vs expected $1,067.97 (TL, diesel $3.956/gal for week of 2025-09-01; $0.492/mi vs expected $0.451/mi over 2,368.0 mi): +$97.09",97.09,SHP06475,1165.06,1067.97,,True
CARF:78575651,fsc_mismatch,"Fuel surcharge $630.24 vs expected $577.72 (TL, diesel $4.141/gal for week of 2025-10-27; $0.526/mi vs expected $0.482/mi over 1,199.0 mi): +$52.52",52.52,SHP08085,630.24,577.72,,True
CARF:78691806,fsc_mismatch,"Fuel surcharge $522.01 vs expected $478.51 (TL, diesel $3.956/gal for week of 2025-09-01; $0.492/mi vs expected $0.451/mi over 1,061.0 mi): +$43.50",43.5,SHP06536,522.01,478.51,,True
CARF:80028332,fsc_mismatch,"Fuel surcharge $990.28 vs expected $907.76 (TL, diesel $3.953/gal for week of 2025-08-11; $0.491/mi vs expected $0.451/mi over 2,015.0 mi): +$82.52",82.52,SHP05937,990.28,907.76,,True
CARF:80103115,fsc_mismatch,"Fuel surcharge $974.78 vs expected $893.55 (TL, diesel $4.199/gal for week of 2025-10-20; $0.536/mi vs expected $0.492/mi over 1,818.0 mi): +$81.23",81.23,SHP07882,974.78,893.55,,True
CARF:81390756,fsc_mismatch,"Fuel surcharge $520.28 vs expected $476.92 (TL, diesel $3.947/gal for week of 2025-08-25; $0.490/mi vs expected $0.450/mi over 1,061.0 mi): +$43.36",43.36,SHP06247,520.28,476.92,,True
CARF:81620272,fsc_mismatch,"Fuel surcharge $96.92 vs expected $88.85 (TL, diesel $3.956/gal for week of 2025-09-01; $0.492/mi vs expected $0.451/mi over 197.0 mi): +$8.07",8.07,SHP06541,96.92,88.85,,True
CARF:81764129,fsc_mismatch,"Fuel surcharge $587.81 vs expected $538.82 (TL, diesel $4.216/gal for week of 2025-10-06; $0.539/mi vs expected $0.494/mi over 1,090.0 mi): +$48.99",48.99,SHP07578,587.81,538.82,,True
CARF:81978083,fsc_mismatch,"Fuel surcharge $377.85 vs expected $346.36 (TL, diesel $4.047/gal for week of 2025-09-08; $0.509/mi vs expected $0.466/mi over 743.0 mi): +$31.49",31.49,SHP06756,377.85,346.36,,True
CARF:82506791,fsc_mismatch,"Fuel surcharge $158.68 vs expected $145.46 (TL, diesel $3.952/gal for week of 2025-08-04; $0.491/mi vs expected $0.450/mi over 323.0 mi): +$13.22",13.22,SHP05756,158.68,145.46,,True
CARF:82839818,fsc_mismatch,"Fuel surcharge $96.82 vs expected $88.75 (TL, diesel $3.953/gal for week of 2025-08-11; $0.491/mi vs expected $0.451/mi over 197.0 mi): +$8.07",8.07,SHP05859,96.82,88.75,,True
CARF:83007362,fsc_mismatch,"Fuel surcharge $111.52 vs expected $102.23 (TL, diesel $3.952/gal for week of 2025-08-04; $0.491/mi vs expected $0.450/mi over 227.0 mi): +$9.29",9.29,SHP05807,111.52,102.23,,True
CARF:83444367,fsc_mismatch,"Fuel surcharge $170.60 vs expected $156.39 (TL, diesel $4.155/gal for week of 2025-09-15; $0.528/mi vs expected $0.484/mi over 323.0 mi): +$14.21",14.21,SHP06874,170.6,156.39,,True
CARF:84482846,fsc_mismatch,"Fuel surcharge $1,082.27 vs expected $904.58 (TL, diesel $3.542/gal for week of 2025-04-28; $0.457/mi vs expected $0.382/mi over 2,368.0 mi): +$177.69",177.69,SHP02938,1082.27,904.58,,True
CARF:84519791,fsc_mismatch,"Fuel surcharge $173.60 vs expected $159.13 (TL, diesel $4.206/gal for week of 2025-09-22; $0.537/mi vs expected $0.493/mi over 323.0 mi): +$14.47",14.47,SHP07189,173.6,159.13,,True
CARF:85256753,fsc_mismatch,"Fuel surcharge $633.29 vs expected $580.52 (TL, diesel $4.155/gal for week of 2025-09-15; $0.528/mi vs expected $0.484/mi over 1,199.0 mi): +$52.77",52.77,SHP06994,633.29,580.52,,True
CARF:86066688,fsc_mismatch,"Fuel surcharge $590.87 vs expected $541.63 (TL, diesel $4.199/gal for week of 2025-10-20; $0.536/mi vs expected $0.491/mi over 1,102.0 mi): +$49.24",49.24,SHP07915,590.87,541.63,,True
CARF:86068522,fsc_mismatch,"Fuel surcharge $105.63 vs expected $96.83 (TL, diesel $4.199/gal for week of 2025-10-20; $0.536/mi vs expected $0.492/mi over 197.0 mi): +$8.80",8.8,SHP07903,105.63,96.83,,True
CARF:86341194,fsc_mismatch,"Fuel surcharge $371.36 vs expected $340.42 (TL, diesel $3.999/gal for week of 2025-08-18; $0.500/mi vs expected $0.458/mi over 743.0 mi): +$30.94",30.94,SHP06219,371.36,340.42,,True
CARF:86548876,fsc_mismatch,"Fuel surcharge $365.56 vs expected $335.09 (TL, diesel $3.956/gal for week of 2025-09-01; $0.492/mi vs expected $0.451/mi over 743.0 mi): +$30.47",30.47,SHP06410,365.56,335.09,,True
CARF:86848344,fsc_mismatch,"Fuel surcharge $459.46 vs expected $420.96 (TL, diesel $3.542/gal for week of 2025-04-28; $0.417/mi vs expected $0.382/mi over 1,102.0 mi): +$38.50",38.5,SHP03130,459.46,420.96,,True
CARF:87521978,fsc_mismatch,"Fuel surcharge $1,161.18 vs expected $1,064.42 (TL, diesel $3.947/gal for week of 2025-08-25; $0.490/mi vs expected $0.450/mi over 2,368.0 mi): +$96.76",96.76,SHP06224,1161.18,1064.42,,True
CARF:87842938,fsc_mismatch,"Fuel surcharge $169.30 vs expected $155.19 (TL, diesel $4.206/gal for week of 2025-09-22; $0.537/mi vs expected $0.493/mi over 315.0 mi): +$14.11",14.11,SHP07143,169.3,155.19,,True
CARF:89895415,fsc_mismatch,"Fuel surcharge $96.60 vs expected $88.55 (TL, diesel $3.947/gal for week of 2025-08-25; $0.490/mi vs expected $0.449/mi over 197.0 mi): +$8.05",8.05,SHP06270,96.6,88.55,,True
CARF:89904588,fsc_mismatch,"Fuel surcharge $990.28 vs expected $907.76 (TL, diesel $3.953/gal for week of 2025-08-11; $0.491/mi vs expected $0.451/mi over 2,015.0 mi): +$82.52",82.52,SHP05941,990.28,907.76,,True
CARF:90398011,fsc_mismatch,"Fuel surcharge $433.61 vs expected $397.48 (TL, diesel $4.265/gal for week of 2025-10-13; $0.548/mi vs expected $0.503/mi over 791.0 mi): +$36.13",36.13,SHP07672,433.61,397.48,,True
CARF:90833782,fsc_mismatch,"Fuel surcharge $400.68 vs expected $367.29 (TL, diesel $4.216/gal for week of 2025-10-06; $0.539/mi vs expected $0.494/mi over 743.0 mi): +$33.39",33.39,SHP07591,400.68,367.29,,True
CARF:91487888,fsc_mismatch,"Fuel surcharge $1,250.73 vs expected $1,146.51 (TL, diesel $4.155/gal for week of 2025-09-15; $0.528/mi vs expected $0.484/mi over 2,368.0 mi): +$104.22",104.22,SHP07032,1250.73,1146.51,,True
CARF:91776896,fsc_mismatch,"Fuel surcharge $894.79 vs expected $820.22 (TL, diesel $3.957/gal for week of 2025-07-28; $0.492/mi vs expected $0.451/mi over 1,818.0 mi): +$74.57",74.57,SHP05642,894.79,820.22,,True
CARF:92804084,fsc_mismatch,"Fuel surcharge $252.40 vs expected $231.36 (TL, diesel $3.956/gal for week of 2025-09-01; $0.492/mi vs expected $0.451/mi over 513.0 mi): +$21.04",21.04,SHP06534,252.4,231.36,,True
CARF:93981006,fsc_mismatch,"Fuel surcharge $275.06 vs expected $252.14 (TL, diesel $4.199/gal for week of 2025-10-20; $0.536/mi vs expected $0.492/mi over 513.0 mi): +$22.92",22.92,SHP07942,275.06,252.14,,True
CARF:94904338,fsc_mismatch,"Fuel surcharge $575.72 vs expected $527.74 (TL, diesel $4.155/gal for week of 2025-09-15; $0.528/mi vs expected $0.484/mi over 1,090.0 mi): +$47.98",47.98,SHP06892,575.72,527.74,,True
CARF:95261563,fsc_mismatch,"Fuel surcharge $121.71 vs expected $111.57 (TL, diesel $4.199/gal for week of 2025-10-20; $0.536/mi vs expected $0.491/mi over 227.0 mi): +$10.14",10.14,SHP07945,121.71,111.57,,True
CARF:95715883,fsc_mismatch,"Fuel surcharge $540.38 vs expected $495.35 (TL, diesel $3.947/gal for week of 2025-08-25; $0.490/mi vs expected $0.450/mi over 1,102.0 mi): +$45.03",45.03,SHP06338,540.38,495.35,,True
CARF:95786659,fsc_mismatch,"Fuel surcharge $589.04 vs expected $539.95 (TL, diesel $3.952/gal for week of 2025-08-04; $0.491/mi vs expected $0.450/mi over 1,199.0 mi): +$49.09",49.09,SHP05799,589.04,539.95,,True
CARF:96527895,fsc_mismatch,"Fuel surcharge $111.31 vs expected $102.04 (TL, diesel $3.947/gal for week of 2025-08-25; $0.490/mi vs expected $0.450/mi over 227.0 mi): +$9.27",9.27,SHP06246,111.31,102.04,,True
CARF:98664657,fsc_mismatch,"Fuel surcharge $585.00 vs expected $536.25 (TL, diesel $3.947/gal for week of 2025-08-25; $0.490/mi vs expected $0.449/mi over 1,193.0 mi): +$48.75",48.75,SHP06372,585.0,536.25,,True
CARF:99542379,fsc_mismatch,"Fuel surcharge $1,163.33 vs expected $1,066.39 (TL, diesel $3.952/gal for week of 2025-08-04; $0.491/mi vs expected $0.450/mi over 2,368.0 mi): +$96.94",96.94,SHP05701,1163.33,1066.39,,True
CARF:99734468,fsc_mismatch,"Fuel surcharge $322.77 vs expected $295.87 (TL, diesel $3.952/gal for week of 2025-08-04; $0.491/mi vs expected $0.450/mi over 657.0 mi): +$26.90",26.9,SHP05834,322.77,295.87,,True
CARG:05096507,fsc_mismatch,"Fuel surcharge $429.26 vs expected $425.55 (TL, diesel $3.542/gal for week of 2024-12-30; $0.385/mi vs expected $0.382/mi over 1,114.0 mi): +$3.71",3.71,SHP00071,429.26,425.55,,True
CARG:08641324,fsc_mismatch,"Fuel surcharge $130.13 vs expected $110.02 (TL, diesel $4.047/gal for week of 2025-09-08; $0.551/mi vs expected $0.466/mi over 236.0 mi): +$20.11",20.11,SHP06718,130.13,110.02,,True
CARG:12217005,fsc_mismatch,"Fuel surcharge $114.88 vs expected $108.49 (TL, diesel $3.542/gal for week of 2025-04-28; $0.405/mi vs expected $0.382/mi over 284.0 mi): +$6.39",6.39,SHP03055,114.88,108.49,,True
CARG:13361882,fsc_mismatch,"Fuel surcharge $547.07 vs expected $513.02 (TL, diesel $3.510/gal for week of 2025-01-06; $0.402/mi vs expected $0.377/mi over 1,362.0 mi): +$34.05",34.05,SHP00253,547.07,513.02,,True
CARG:60587194,fsc_mismatch,"Fuel surcharge $508.32 vs expected $504.54 (TL, diesel $3.521/gal for week of 2025-04-07; $0.381/mi vs expected $0.378/mi over 1,333.0 mi): +$3.78",3.78,SHP02499,508.32,504.54,,True
CARG:61401074,fsc_mismatch,"Fuel surcharge $575.63 vs expected $526.76 (TL, diesel $3.621/gal for week of 2025-03-03; $0.432/mi vs expected $0.395/mi over 1,333.0 mi): +$48.87",48.87,SHP01530,575.63,526.76,,True
CARG:65450068,fsc_mismatch,"Fuel surcharge $1,193.63 vs expected $1,046.74 (TL, diesel $3.856/gal for week of 2025-07-21; $0.495/mi vs expected $0.434/mi over 2,410.0 mi): +$146.89",146.89,SHP05485,1193.63,1046.74,,True
CARG:68998082,fsc_mismatch,"Fuel surcharge $321.74 vs expected $285.17 (TL, diesel $3.677/gal for week of 2025-05-19; $0.456/mi vs expected $0.404/mi over 705.0 mi): +$36.57",36.57,SHP03643,321.74,285.17,,True
CARG:70462116,fsc_mismatch,"Fuel surcharge $539.58 vs expected $533.00 (TL, diesel $3.598/gal for week of 2025-02-03; $0.396/mi vs expected $0.391/mi over 1,362.0 mi): +$6.58",6.58,SHP00847,539.58,533.0,,True
CARG:74062926,fsc_mismatch,"Fuel surcharge $238.69 vs expected $227.46 (TL, diesel $3.599/gal for week of 2025-06-02; $0.411/mi vs expected $0.391/mi over 581.0 mi): +$11.23",11.23,SHP04120,238.69,227.46,,True
CARG:79682295,fsc_mismatch,"Fuel surcharge $660.06 vs expected $645.39 (TL, diesel $4.155/gal for week of 2025-09-15; $0.495/mi vs expected $0.484/mi over 1,333.0 mi): +$14.67",14.67,SHP06938,660.06,645.39,,True
CARG:80004043,fsc_mismatch,"Fuel surcharge $1,056.34 vs expected $912.19 (TL, diesel $3.521/gal for week of 2025-04-07; $0.438/mi vs expected $0.379/mi over 2,410.0 mi): +$144.15",144.15,SHP02399,1056.34,912.19,,True
CARG:90613155,fsc_mismatch,"Fuel surcharge $520.64 vs expected $463.54 (TL, diesel $3.601/gal for week of 2025-05-12; $0.440/mi vs expected $0.392/mi over 1,183.0 mi): +$57.10",57.1,SHP03430,520.64,463.54,,True
CARG:94506210,fsc_mismatch,"Fuel surcharge $280.59 vs expected $273.42 (TL, diesel $3.538/gal for week of 2025-03-10; $0.391/mi vs expected $0.381/mi over 717.0 mi): +$7.17",7.17,SHP01794,280.59,273.42,,True
CARG:94629718,fsc_mismatch,"Fuel surcharge $380.73 vs expected $338.64 (TL, diesel $3.666/gal for week of 2025-05-26; $0.453/mi vs expected $0.403/mi over 841.0 mi): +$42.09",42.09,SHP03783,380.73,338.64,,True
CARG:95036140,fsc_mismatch,"Fuel surcharge $208.21 vs expected $191.27 (TL, diesel $3.666/gal for week of 2025-05-26; $0.438/mi vs expected $0.403/mi over 475.0 mi): +$16.94",16.94,SHP03827,208.21,191.27,,True
CARH:00896790,fsc_mismatch,"Fuel surcharge $551.39 vs expected $541.10 (TL, diesel $4.141/gal for week of 2025-10-27; $0.491/mi vs expected $0.482/mi over 1,123.0 mi): +$10.29",10.29,SHP08070,551.39,541.1,,True
CARH:17546917,fsc_mismatch,"Fuel surcharge $165.93 vs expected $160.13 (TL, diesel $3.652/gal for week of 2025-06-16; $0.415/mi vs expected $0.400/mi over 400.0 mi): +$5.80",5.8,SHP04444,165.93,160.13,,True
CARH:24994110,fsc_mismatch,"Fuel surcharge $144.08 vs expected $132.75 (TL, diesel $4.006/gal for week of 2025-12-01; $0.499/mi vs expected $0.459/mi over 289.0 mi): +$11.33",11.33,SHP09272,144.08,132.75,,True
CARH:36786299,fsc_mismatch,"Fuel surcharge $244.34 vs expected $218.91 (TL, diesel $3.660/gal for week of 2025-01-27; $0.448/mi vs expected $0.402/mi over 545.0 mi): +$25.43",25.43,SHP00607,244.34,218.91,,True
CARH:39188598,fsc_mismatch,"Fuel surcharge $806.57 vs expected $727.58 (TL, diesel $3.756/gal for week of 2025-07-14; $0.463/mi vs expected $0.418/mi over 1,742.0 mi): +$78.99",78.99,SHP05180,806.57,727.58,,True
CARH:49094686,fsc_mismatch,"Fuel surcharge $513.25 vs expected $443.77 (TL, diesel $3.621/gal for week of 2025-03-03; $0.457/mi vs expected $0.395/mi over 1,123.0 mi): +$69.48",69.48,SHP01633,513.25,443.77,,True
CARH:50280485,fsc_mismatch,"Fuel surcharge $381.53 vs expected $327.05 (TL, diesel $3.856/gal for week of 2025-07-21; $0.507/mi vs expected $0.434/mi over 753.0 mi): +$54.48",54.48,SHP05407,381.53,327.05,,True
CARH:93058324,fsc_mismatch,"Fuel surcharge $1,233.37 vs expected $1,105.33 (TL, diesel $4.216/gal for week of 2025-10-06; $0.552/mi vs expected $0.494/mi over 2,236.0 mi): +$128.04",128.04,SHP07457,1233.37,1105.33,,True
CARH:94668424,fsc_mismatch,"Fuel surcharge $951.84 vs expected $875.35 (TL, diesel $4.265/gal for week of 2025-10-13; $0.546/mi vs expected $0.502/mi over 1,742.0 mi): +$76.49",76.49,SHP07810,951.84,875.35,,True
CARH:96786948,fsc_mismatch,"Fuel surcharge $776.44 vs expected $769.94 (TL, diesel $3.735/gal for week of 2025-07-07; $0.418/mi vs expected $0.414/mi over 1,859.0 mi): +$6.50",6.5,SHP05062,776.44,769.94,,True
CARA:00444181,unauthorized_accessorial,Liftgate $95.00 billed with no authorization on file for SHP06820 as of 2025-09-25,95.0,SHP06820,95.0,0.0,,True
CARA:00952366,unauthorized_accessorial,Liftgate $95.00 billed with no authorization on file for SHP06056 as of 2025-09-02,95.0,SHP06056,95.0,0.0,,True
CARA:00994912,unauthorized_accessorial,Liftgate $95.00 billed with no authorization on file for SHP09549 as of 2025-12-26,95.0,SHP09549,95.0,0.0,,True
CARA:07613639,unauthorized_accessorial,Liftgate $95.00 billed with no authorization on file for SHP01581 as of 2025-03-24,95.0,SHP01581,95.0,0.0,,True
CARA:09413563,unauthorized_accessorial,Liftgate $95.00 billed with no authorization on file for SHP09607 as of 2025-12-30,95.0,SHP09607,95.0,0.0,,True
CARA:09851036,unauthorized_accessorial,Liftgate $95.00 billed with no authorization on file for SHP05461 as of 2025-08-04,95.0,SHP05461,95.0,0.0,,True
CARA:10984935,unauthorized_accessorial,Liftgate $95.00 billed with no authorization on file for SHP06989 as of 2025-10-05,95.0,SHP06989,95.0,0.0,,True
CARA:13329126,unauthorized_accessorial,Residential $125.00 billed with no authorization on file for SHP05345 as of 2025-08-07,125.0,SHP05345,125.0,0.0,,True
CARA:13803161,unauthorized_accessorial,Residential $125.00 billed with no authorization on file for SHP04324 as of 2025-06-28,125.0,SHP04324,125.0,0.0,,True
CARA:13874131,unauthorized_accessorial,Liftgate $95.00 billed with no authorization on file for SHP06378 as of 2025-09-21,95.0,SHP06378,95.0,0.0,,True
CARA:14416076,unauthorized_accessorial,Liftgate $95.00 billed with no authorization on file for SHP02064 as of 2025-04-14,95.0,SHP02064,95.0,0.0,,True
CARA:18116671,unauthorized_accessorial,Residential $125.00 billed with no authorization on file for SHP03145 as of 2025-05-16,125.0,SHP03145,125.0,0.0,,True
CARA:18616410,unauthorized_accessorial,Residential $125.00 billed with no authorization on file for SHP00506 as of 2025-02-05,125.0,SHP00506,125.0,0.0,,True
CARA:19190581,unauthorized_accessorial,Liftgate $95.00 billed with no authorization on file for SHP06917 as of 2025-10-04,95.0,SHP06917,95.0,0.0,,True
CARA:22402943,unauthorized_accessorial,Residential $125.00 billed with no authorization on file for SHP04819 as of 2025-07-10,125.0,SHP04819,125.0,0.0,,True
CARA:24756854,unauthorized_accessorial,Liftgate $95.00 billed with no authorization on file for SHP07069 as of 2025-10-14,95.0,SHP07069,95.0,0.0,,True
CARA:25536500,unauthorized_accessorial,Residential $125.00 billed with no authorization on file for SHP06332 as of 2025-09-05,125.0,SHP06332,125.0,0.0,,True
CARA:27064827,unauthorized_accessorial,Liftgate $95.00 billed with no authorization on file for SHP07598 as of 2025-10-22,95.0,SHP07598,95.0,0.0,,True
CARA:27527483,unauthorized_accessorial,Liftgate $95.00 billed with no authorization on file for SHP07716 as of 2025-10-23,95.0,SHP07716,95.0,0.0,,True
CARA:27646456,unauthorized_accessorial,Liftgate $95.00 billed with no authorization on file for SHP00164 as of 2025-02-23,95.0,SHP00164,95.0,0.0,,True
CARA:28160946,unauthorized_accessorial,Liftgate $95.00 billed with no authorization on file for SHP01671 as of 2025-03-30,95.0,SHP01671,95.0,0.0,,True
CARA:28466192,unauthorized_accessorial,Liftgate $95.00 billed with no authorization on file for SHP05089 as of 2025-07-20,95.0,SHP05089,95.0,0.0,,True
CARA:29489637,unauthorized_accessorial,Residential $125.00 billed with no authorization on file for SHP08522 as of 2025-11-24,125.0,SHP08522,125.0,0.0,,True
CARA:29938521,unauthorized_accessorial,Liftgate $95.00 billed with no authorization on file for SHP06248 as of 2025-09-04,95.0,SHP06248,95.0,0.0,,True
CARA:31128288,unauthorized_accessorial,Residential $125.00 billed with no authorization on file for SHP05944 as of 2025-08-21,125.0,SHP05944,125.0,0.0,,True
CARA:31848735,unauthorized_accessorial,Residential $125.00 billed with no authorization on file for SHP09186 as of 2025-12-31,125.0,SHP09186,125.0,0.0,,True
CARA:34056389,unauthorized_accessorial,Residential $125.00 billed with no authorization on file for SHP06881 as of 2025-10-10,125.0,SHP06881,125.0,0.0,,True
CARA:38135268,unauthorized_accessorial,Residential $125.00 billed with no authorization on file for SHP01923 as of 2025-04-03,125.0,SHP01923,125.0,0.0,,True
CARA:39218896,unauthorized_accessorial,Residential $125.00 billed with no authorization on file for SHP00697 as of 2025-02-09,125.0,SHP00697,125.0,0.0,,True
CARA:40318871,unauthorized_accessorial,Residential $125.00 billed with no authorization on file for SHP05865 as of 2025-08-26,125.0,SHP05865,125.0,0.0,,True
CARA:44830194,unauthorized_accessorial,Residential $125.00 billed with no authorization on file for SHP03700 as of 2025-06-07,125.0,SHP03700,125.0,0.0,,True
CARA:45246413,unauthorized_accessorial,Liftgate $95.00 billed with no authorization on file for SHP07367 as of 2025-10-18,95.0,SHP07367,95.0,0.0,,True
CARA:46149272,unauthorized_accessorial,Liftgate $95.00 billed with no authorization on file for SHP06691 as of 2025-09-18,95.0,SHP06691,95.0,0.0,,True
CARA:46207179,unauthorized_accessorial,Liftgate $95.00 billed with no authorization on file for SHP09565 as of 2025-12-29,95.0,SHP09565,95.0,0.0,,True
CARA:48363966,unauthorized_accessorial,Liftgate $95.00 billed with no authorization on file for SHP06147 as of 2025-09-03,95.0,SHP06147,95.0,0.0,,True
CARA:53437415,unauthorized_accessorial,Liftgate $95.00 billed with no authorization on file for SHP07303 as of 2025-10-26,95.0,SHP07303,95.0,0.0,,True
CARA:53587488,unauthorized_accessorial,Liftgate $95.00 billed with no authorization on file for SHP06502 as of 2025-09-17,95.0,SHP06502,95.0,0.0,,True
CARA:55114287,unauthorized_accessorial,Liftgate $95.00 billed with no authorization on file for SHP08939 as of 2025-12-08,95.0,SHP08939,95.0,0.0,,True
CARA:55837700,unauthorized_accessorial,Liftgate $95.00 billed with no authorization on file for SHP00124 as of 2025-01-24,95.0,SHP00124,95.0,0.0,,True
CARA:58726816,unauthorized_accessorial,Liftgate $95.00 billed with no authorization on file for SHP02895 as of 2025-05-11,95.0,SHP02895,95.0,0.0,,True
CARA:58990350,unauthorized_accessorial,Residential $125.00 billed with no authorization on file for SHP03702 as of 2025-06-07,125.0,SHP03702,125.0,0.0,,True
CARA:59222008,unauthorized_accessorial,Liftgate $95.00 billed with no authorization on file for SHP05974 as of 2025-08-23,95.0,SHP05974,95.0,0.0,,True
CARA:59372992,unauthorized_accessorial,Residential $125.00 billed with no authorization on file for SHP07269 as of 2025-10-21,125.0,SHP07269,125.0,0.0,,True
CARA:60883027,unauthorized_accessorial,Liftgate $95.00 billed with no authorization on file for SHP04267 as of 2025-06-25,95.0,SHP04267,95.0,0.0,,True
CARA:61497913,unauthorized_accessorial,Liftgate $95.00 billed with no authorization on file for SHP03999 as of 2025-06-22,95.0,SHP03999,95.0,0.0,,True
CARA:64243825,unauthorized_accessorial,Liftgate $95.00 billed with no authorization on file for SHP05063 as of 2025-07-25,95.0,SHP05063,95.0,0.0,,True
CARA:65191133,unauthorized_accessorial,Residential $125.00 billed with no authorization on file for SHP02280 as of 2025-04-27,125.0,SHP02280,125.0,0.0,,True
CARA:66810786,unauthorized_accessorial,Residential $125.00 billed with no authorization on file for SHP07040 as of 2025-10-03,125.0,SHP07040,125.0,0.0,,True
CARA:67285683,unauthorized_accessorial,Liftgate $95.00 billed with no authorization on file for SHP05727 as of 2025-08-30,95.0,SHP05727,95.0,0.0,,True
CARA:67557598,unauthorized_accessorial,Liftgate $95.00 billed with no authorization on file for SHP07699 as of 2025-10-21,95.0,SHP07699,95.0,0.0,,True
CARA:69822868,unauthorized_accessorial,Residential $125.00 billed with no authorization on file for SHP04936 as of 2025-07-30,125.0,SHP04936,125.0,0.0,,True
CARA:70467749,unauthorized_accessorial,Residential $125.00 billed with no authorization on file for SHP04915 as of 2025-07-16,125.0,SHP04915,125.0,0.0,,True
CARA:71000023,unauthorized_accessorial,Residential $125.00 billed with no authorization on file for SHP00633 as of 2025-02-09,125.0,SHP00633,125.0,0.0,,True
CARA:71834906,unauthorized_accessorial,Liftgate $95.00 billed with no authorization on file for SHP07063 as of 2025-10-06,95.0,SHP07063,95.0,0.0,,True
CARA:74238841,unauthorized_accessorial,Liftgate $95.00 billed with no authorization on file for SHP02267 as of 2025-04-16,95.0,SHP02267,95.0,0.0,,True
CARA:75710802,unauthorized_accessorial,Liftgate $95.00 billed with no authorization on file for SHP06089 as of 2025-08-28,95.0,SHP06089,95.0,0.0,,True
CARA:76932245,unauthorized_accessorial,Liftgate $95.00 billed with no authorization on file for SHP06143 as of 2025-08-31,95.0,SHP06143,95.0,0.0,,True
CARA:78623606,unauthorized_accessorial,Liftgate $95.00 billed with no authorization on file for SHP06844 as of 2025-10-02,95.0,SHP06844,95.0,0.0,,True
CARA:79863346,unauthorized_accessorial,Residential $125.00 billed with no authorization on file for SHP00428 as of 2025-01-31,125.0,SHP00428,125.0,0.0,,True
CARA:82501432,unauthorized_accessorial,Liftgate $95.00 billed with no authorization on file for SHP05565 as of 2025-08-12,95.0,SHP05565,95.0,0.0,,True
CARA:85185398,unauthorized_accessorial,Residential $125.00 billed with no authorization on file for SHP03499 as of 2025-05-24,125.0,SHP03499,125.0,0.0,,True
CARA:85508183,unauthorized_accessorial,Liftgate $95.00 billed with no authorization on file for SHP07508 as of 2025-10-18,95.0,SHP07508,95.0,0.0,,True
CARA:85606180,unauthorized_accessorial,Residential $125.00 billed with no authorization on file for SHP03948 as of 2025-06-18,125.0,SHP03948,125.0,0.0,,True
CARA:86756410,unauthorized_accessorial,Residential $125.00 billed with no authorization on file for SHP08869 as of 2025-12-06,125.0,SHP08869,125.0,0.0,,True
CARA:86949766,unauthorized_accessorial,Liftgate $95.00 billed with no authorization on file for SHP07650 as of 2025-10-20,95.0,SHP07650,95.0,0.0,,True
CARA:88408552,unauthorized_accessorial,Residential $125.00 billed with no authorization on file for SHP08618 as of 2025-11-24,125.0,SHP08618,125.0,0.0,,True
CARA:90789105,unauthorized_accessorial,Residential $125.00 billed with no authorization on file for SHP03830 as of 2025-06-15,125.0,SHP03830,125.0,0.0,,True
CARA:91498535,unauthorized_accessorial,Liftgate $95.00 billed with no authorization on file for SHP01365 as of 2025-03-16,95.0,SHP01365,95.0,0.0,,True
CARA:94449962,unauthorized_accessorial,Residential $125.00 billed with no authorization on file for SHP02606 as of 2025-05-10,125.0,SHP02606,125.0,0.0,,True
CARA:95380052,unauthorized_accessorial,Liftgate $95.00 billed with no authorization on file for SHP05117 as of 2025-08-01,95.0,SHP05117,95.0,0.0,,True
CARA:95380052,unauthorized_accessorial,Residential $125.00 billed with no authorization on file for SHP05117 as of 2025-08-01,125.0,SHP05117,125.0,0.0,,True
CARA:96302124,unauthorized_accessorial,Residential $125.00 billed with no authorization on file for SHP09132 as of 2025-12-22,125.0,SHP09132,125.0,0.0,,True
CARA:96808855,unauthorized_accessorial,Liftgate $95.00 billed with no authorization on file for SHP01978 as of 2025-04-07,95.0,SHP01978,95.0,0.0,,True
CARA:97015140,unauthorized_accessorial,Residential $125.00 billed with no authorization on file for SHP03355 as of 2025-05-24,125.0,SHP03355,125.0,0.0,,True
CARA:97061115,unauthorized_accessorial,Residential $125.00 billed with no authorization on file for SHP08720 as of 2025-12-01,125.0,SHP08720,125.0,0.0,,True
CARA:98032912,unauthorized_accessorial,Residential $125.00 billed with no authorization on file for SHP02131 as of 2025-04-22,125.0,SHP02131,125.0,0.0,,True
CARA:99241207,unauthorized_accessorial,Liftgate $95.00 billed with no authorization on file for SHP04347 as of 2025-06-24,95.0,SHP04347,95.0,0.0,,True
CARA:99341464,unauthorized_accessorial,Liftgate $95.00 billed with no authorization on file for SHP02197 as of 2025-04-11,95.0,SHP02197,95.0,0.0,,True
CARA:99596975,unauthorized_accessorial,Liftgate $95.00 billed with no authorization on file for SHP02820 as of 2025-05-10,95.0,SHP02820,95.0,0.0,,True
CARB:00146805,unauthorized_accessorial,Residential $125.00 billed with no authorization on file for SHP04858 as of 2025-08-04,125.0,SHP04858,125.0,0.0,,True
CARB:01177882,unauthorized_accessorial,Liftgate $95.00 billed with no authorization on file for SHP04119 as of 2025-06-24,95.0,SHP04119,95.0,0.0,,True
CARB:02938470,unauthorized_accessorial,Liftgate $95.00 billed with no authorization on file for SHP09483 as of 2026-01-05,95.0,SHP09483,95.0,0.0,,True
CARB:02938470,unauthorized_accessorial,Residential $125.00 billed with no authorization on file for SHP09483 as of 2026-01-05,125.0,SHP09483,125.0,0.0,,True
CARB:04112616,unauthorized_accessorial,Residential $125.00 billed with no authorization on file for SHP04157 as of 2025-06-23,125.0,SHP04157,125.0,0.0,,True
CARB:04587496,unauthorized_accessorial,Liftgate $95.00 billed with no authorization on file for SHP09196 as of 2025-12-15,95.0,SHP09196,95.0,0.0,,True
CARB:04735638,unauthorized_accessorial,Liftgate $95.00 billed with no authorization on file for SHP09755 as of 2026-01-17,95.0,SHP09755,95.0,0.0,,True
CARB:05346504,unauthorized_accessorial,Residential $125.00 billed with no authorization on file for SHP08092 as of 2025-11-16,125.0,SHP08092,125.0,0.0,,True
CARB:06017856,unauthorized_accessorial,Residential $125.00 billed with no authorization on file for SHP04765 as of 2025-07-05,125.0,SHP04765,125.0,0.0,,True
CARB:08890744,unauthorized_accessorial,Liftgate $95.00 billed with no authorization on file for SHP05018 as of 2025-08-03,95.0,SHP05018,95.0,0.0,,True
CARB:09120016,unauthorized_accessorial,Liftgate $95.00 billed with no authorization on file for SHP02169 as of 2025-04-11,95.0,SHP02169,95.0,0.0,,True
CARB:10742790,unauthorized_accessorial,Liftgate $95.00 billed with no authorization on file for SHP00557 as of 2025-02-13,95.0,SHP00557,95.0,0.0,,True
CARB:11095562,unauthorized_accessorial,Liftgate $95.00 billed with no authorization on file for SHP03169 as of 2025-05-20,95.0,SHP03169,95.0,0.0,,True
CARB:12235025,unauthorized_accessorial,Residential $125.00 billed with no authorization on file for SHP04751 as of 2025-07-25,125.0,SHP04751,125.0,0.0,,True
CARB:12665151,unauthorized_accessorial,Liftgate $95.00 billed with no authorization on file for SHP07473 as of 2025-10-30,95.0,SHP07473,95.0,0.0,,True
CARB:14563102,unauthorized_accessorial,Liftgate $95.00 billed with no authorization on file for SHP07145 as of 2025-10-13,95.0,SHP07145,95.0,0.0,,True
CARB:14563102,unauthorized_accessorial,Residential $125.00 billed with no authorization on file for SHP07145 as of 2025-10-13,125.0,SHP07145,125.0,0.0,,True
CARB:15183428,unauthorized_accessorial,Liftgate $95.00 billed with no authorization on file for SHP04337 as of 2025-07-19,95.0,SHP04337,95.0,0.0,,False
CARB:15786603,unauthorized_accessorial,Liftgate $95.00 billed with no authorization on file for SHP09590 as of 2025-12-30,95.0,SHP09590,95.0,0.0,,True
CARB:18804582,unauthorized_accessorial,Residential $125.00 billed with no authorization on file for SHP08681 as of 2025-11-27,125.0,SHP08681,125.0,0.0,,True
CARB:21718225,unauthorized_accessorial,Residential $125.00 billed with no authorization on file for SHP02175 as of 2025-05-13,125.0,SHP02175,125.0,0.0,,True
CARB:24540208,unauthorized_accessorial,Residential $125.00 billed with no authorization on file for SHP02440 as of 2025-04-30,125.0,SHP02440,125.0,0.0,,True
CARB:25466038,unauthorized_accessorial,Liftgate $95.00 billed with no authorization on file for SHP09746 as of 2026-01-18,95.0,SHP09746,95.0,0.0,,True
CARB:25947640,unauthorized_accessorial,Liftgate $95.00 billed with no authorization on file for SHP08812 as of 2025-12-03,95.0,SHP08812,95.0,0.0,,True
CARB:27683136,unauthorized_accessorial,Liftgate $95.00 billed with no authorization on file for SHP00559 as of 2025-03-07,95.0,SHP00559,95.0,0.0,,True
CARB:28087713,unauthorized_accessorial,Liftgate $95.00 billed with no authorization on file for SHP02772 as of 2025-06-15,95.0,SHP02772,95.0,0.0,,True
CARB:30255463,unauthorized_accessorial,Liftgate $95.00 billed with no authorization on file for SHP00603 as of 2025-02-03,95.0,SHP00603,95.0,0.0,,True
CARB:30812962,unauthorized_accessorial,Residential $125.00 billed with no authorization on file for SHP00406 as of 2025-02-03,125.0,SHP00406,125.0,0.0,,True
CARB:30994327,unauthorized_accessorial,Liftgate $95.00 billed with no authorization on file for SHP02801 as of 2025-05-29,95.0,SHP02801,95.0,0.0,,True
CARB:30994327,unauthorized_accessorial,Residential $125.00 billed with no authorization on file for SHP02801 as of 2025-05-29,125.0,SHP02801,125.0,0.0,,True
CARB:31819658,unauthorized_accessorial,Liftgate $95.00 billed with no authorization on file for SHP08094 as of 2025-11-15,95.0,SHP08094,95.0,0.0,,True
CARB:31982964,unauthorized_accessorial,Residential $125.00 billed with no authorization on file for SHP09050 as of 2026-01-18,125.0,SHP09050,125.0,0.0,,True
CARB:32224864,unauthorized_accessorial,Residential $125.00 billed with no authorization on file for SHP01008 as of 2025-02-20,125.0,SHP01008,125.0,0.0,,True
CARB:32305625,unauthorized_accessorial,Liftgate $95.00 billed with no authorization on file for SHP09500 as of 2026-01-20,95.0,SHP09500,95.0,0.0,,True
CARB:33425874,unauthorized_accessorial,Liftgate $95.00 billed with no authorization on file for SHP07029 as of 2025-10-22,95.0,SHP07029,95.0,0.0,,True
CARB:35432454,unauthorized_accessorial,Liftgate $95.00 billed with no authorization on file for SHP03711 as of 2025-06-14,95.0,SHP03711,95.0,0.0,,True
CARB:35575404,unauthorized_accessorial,Liftgate $95.00 billed with no authorization on file for SHP06058 as of 2025-09-10,95.0,SHP06058,95.0,0.0,,True
CARB:36502568,unauthorized_accessorial,Liftgate $95.00 billed with no authorization on file for SHP00970 as of 2025-02-28,95.0,SHP00970,95.0,0.0,,True
CARB:38014382,unauthorized_accessorial,Liftgate $95.00 billed with no authorization on file for SHP09513 as of 2026-01-16,95.0,SHP09513,95.0,0.0,,True
CARB:38990347,unauthorized_accessorial,Residential $125.00 billed with no authorization on file for SHP07325 as of 2025-10-14,125.0,SHP07325,125.0,0.0,,True
CARB:40618012,unauthorized_accessorial,Liftgate $95.00 billed with no authorization on file for SHP05719 as of 2025-08-25,95.0,SHP05719,95.0,0.0,,True
CARB:41132326,unauthorized_accessorial,Liftgate $95.00 billed with no authorization on file for SHP07593 as of 2025-10-17,95.0,SHP07593,95.0,0.0,,True
CARB:42365935,unauthorized_accessorial,Liftgate $95.00 billed with no authorization on file for SHP05321 as of 2025-08-05,95.0,SHP05321,95.0,0.0,,True
CARB:42419353,unauthorized_accessorial,Liftgate $95.00 billed with no authorization on file for SHP05896 as of 2025-08-29,95.0,SHP05896,95.0,0.0,,True
CARB:43836340,unauthorized_accessorial,Residential $125.00 billed with no authorization on file for SHP08798 as of 2025-11-29,125.0,SHP08798,125.0,0.0,,True
CARB:44514535,unauthorized_accessorial,Liftgate $95.00 billed with no authorization on file for SHP05125 as of 2025-07-31,95.0,SHP05125,95.0,0.0,,True
CARB:50046849,unauthorized_accessorial,Liftgate $95.00 billed with no authorization on file for SHP04105 as of 2025-06-30,95.0,SHP04105,95.0,0.0,,True
CARB:52150455,unauthorized_accessorial,Liftgate $95.00 billed with no authorization on file for SHP01084 as of 2025-03-04,95.0,SHP01084,95.0,0.0,,True
CARB:55920340,unauthorized_accessorial,Residential $125.00 billed with no authorization on file for SHP01725 as of 2025-03-25,125.0,SHP01725,125.0,0.0,,True
CARB:58595026,unauthorized_accessorial,Liftgate $95.00 billed with no authorization on file for SHP07601 as of 2025-10-21,95.0,SHP07601,95.0,0.0,,True
CARB:59691258,unauthorized_accessorial,Liftgate $95.00 billed with no authorization on file for SHP05571 as of 2025-08-13,95.0,SHP05571,95.0,0.0,,True
CARB:59972922,unauthorized_accessorial,Residential $125.00 billed with no authorization on file for SHP02208 as of 2025-04-25,125.0,SHP02208,125.0,0.0,,True
CARB:61680184,unauthorized_accessorial,Residential $125.00 billed with no authorization on file for SHP06397 as of 2025-09-23,125.0,SHP06397,125.0,0.0,,True
CARB:64826467,unauthorized_accessorial,Residential $125.00 billed with no authorization on file for SHP02996 as of 2025-05-19,125.0,SHP02996,125.0,0.0,,True
CARB:64826467,unauthorized_accessorial,Liftgate $95.00 billed with no authorization on file for SHP02996 as of 2025-05-19,95.0,SHP02996,95.0,0.0,,True
CARB:65499210,unauthorized_accessorial,Liftgate $95.00 billed with no authorization on file for SHP05796 as of 2025-09-07,95.0,SHP05796,95.0,0.0,,True
CARB:69243601,unauthorized_accessorial,Liftgate $95.00 billed with no authorization on file for SHP00956 as of 2025-04-24,95.0,SHP00956,95.0,0.0,,True
CARB:70014780,unauthorized_accessorial,Liftgate $95.00 billed with no authorization on file for SHP08541 as of 2025-11-24,95.0,SHP08541,95.0,0.0,,True
CARB:70677765,unauthorized_accessorial,Residential $125.00 billed with no authorization on file for SHP01272 as of 2025-03-10,125.0,SHP01272,125.0,0.0,,True
CARB:71247541,unauthorized_accessorial,Liftgate $95.00 billed with no authorization on file for SHP06893 as of 2025-09-26,95.0,SHP06893,95.0,0.0,,True
CARB:72813503,unauthorized_accessorial,Residential $125.00 billed with no authorization on file for SHP07453 as of 2025-10-14,125.0,SHP07453,125.0,0.0,,True
CARB:75595771,unauthorized_accessorial,Residential $125.00 billed with no authorization on file for SHP03946 as of 2025-06-21,125.0,SHP03946,125.0,0.0,,True
CARB:75779215,unauthorized_accessorial,Liftgate $95.00 billed with no authorization on file for SHP09559 as of 2026-01-04,95.0,SHP09559,95.0,0.0,,True
CARB:75838633,unauthorized_accessorial,Residential $125.00 billed with no authorization on file for SHP00169 as of 2025-02-01,125.0,SHP00169,125.0,0.0,,True
CARB:75968309,unauthorized_accessorial,Residential $125.00 billed with no authorization on file for SHP08749 as of 2025-12-16,125.0,SHP08749,125.0,0.0,,True
CARB:80325564,unauthorized_accessorial,Residential $125.00 billed with no authorization on file for SHP02760 as of 2025-05-29,125.0,SHP02760,125.0,0.0,,True
CARB:80717640,unauthorized_accessorial,Liftgate $95.00 billed with no authorization on file for SHP08856 as of 2025-12-03,95.0,SHP08856,95.0,0.0,,True
CARB:81021089,unauthorized_accessorial,Residential $125.00 billed with no authorization on file for SHP02653 as of 2025-05-03,125.0,SHP02653,125.0,0.0,,True
CARB:81639232,unauthorized_accessorial,Residential $125.00 billed with no authorization on file for SHP07238 as of 2025-10-19,125.0,SHP07238,125.0,0.0,,True
CARB:81886965,unauthorized_accessorial,Residential $125.00 billed with no authorization on file for SHP00424 as of 2025-02-14,125.0,SHP00424,125.0,0.0,,True
CARB:82319773,unauthorized_accessorial,Liftgate $95.00 billed with no authorization on file for SHP09945 as of 2026-01-09,95.0,SHP09945,95.0,0.0,,True
CARB:82989392,unauthorized_accessorial,Liftgate $95.00 billed with no authorization on file for SHP09728 as of 2026-01-13,95.0,SHP09728,95.0,0.0,,True
CARB:85435126,unauthorized_accessorial,Residential $125.00 billed with no authorization on file for SHP01479 as of 2025-03-28,125.0,SHP01479,125.0,0.0,,True
CARB:87682205,unauthorized_accessorial,Residential $125.00 billed with no authorization on file for SHP09870 as of 2026-01-09,125.0,SHP09870,125.0,0.0,,True
CARB:89437924,unauthorized_accessorial,Residential $125.00 billed with no authorization on file for SHP08238 as of 2025-11-10,125.0,SHP08238,125.0,0.0,,True
CARB:89604321,unauthorized_accessorial,Liftgate $95.00 billed with no authorization on file for SHP04337 as of 2025-07-05,95.0,SHP04337,95.0,0.0,,True
CARB:89919184,unauthorized_accessorial,Liftgate $95.00 billed with no authorization on file for SHP03541 as of 2025-06-10,95.0,SHP03541,95.0,0.0,,True
CARB:90523652,unauthorized_accessorial,Residential $125.00 billed with no authorization on file for SHP03911 as of 2025-07-05,125.0,SHP03911,125.0,0.0,,True
CARB:90891193,unauthorized_accessorial,Liftgate $95.00 billed with no authorization on file for SHP08667 as of 2025-12-02,95.0,SHP08667,95.0,0.0,,True
CARB:91303008,unauthorized_accessorial,Liftgate $95.00 billed with no authorization on file for SHP07114 as of 2025-10-08,95.0,SHP07114,95.0,0.0,,True
CARB:91347276,unauthorized_accessorial,Liftgate $95.00 billed with no authorization on file for SHP03100 as of 2025-06-17,95.0,SHP03100,95.0,0.0,,True
CARB:91523487,unauthorized_accessorial,Liftgate $95.00 billed with no authorization on file for SHP09275 as of 2025-12-29,95.0,SHP09275,95.0,0.0,,True
CARB:92622084,unauthorized_accessorial,Liftgate $95.00 billed with no authorization on file for SHP05437 as of 2025-08-17,95.0,SHP05437,95.0,0.0,,True
CARB:94295450,unauthorized_accessorial,Residential $125.00 billed with no authorization on file for SHP07389 as of 2025-11-04,125.0,SHP07389,125.0,0.0,,True
CARB:94404197,unauthorized_accessorial,Residential $125.00 billed with no authorization on file for SHP02174 as of 2025-04-27,125.0,SHP02174,125.0,0.0,,True
CARB:96446852,unauthorized_accessorial,Liftgate $95.00 billed with no authorization on file for SHP01450 as of 2025-03-11,95.0,SHP01450,95.0,0.0,,True
CARB:96462219,unauthorized_accessorial,Liftgate $95.00 billed with no authorization on file for SHP02002 as of 2025-04-10,95.0,SHP02002,95.0,0.0,,True
CARC:01273578,unauthorized_accessorial,Liftgate $95.00 billed with no authorization on file for SHP03990 as of 2025-06-19,95.0,SHP03990,95.0,0.0,,True
CARC:02455824,unauthorized_accessorial,Liftgate $95.00 billed with no authorization on file for SHP03238 as of 2025-05-28,95.0,SHP03238,95.0,0.0,,True
CARC:04030430,unauthorized_accessorial,Liftgate $95.00 billed with no authorization on file for SHP02612 as of 2025-04-26,95.0,SHP02612,95.0,0.0,,True
CARC:04229849,unauthorized_accessorial,Liftgate $95.00 billed with no authorization on file for SHP06202 as of 2025-09-02,95.0,SHP06202,95.0,0.0,,True
CARC:04373519,unauthorized_accessorial,Liftgate $95.00 billed with no authorization on file for SHP01718 as of 2025-03-21,95.0,SHP01718,95.0,0.0,,True
CARC:05324819,unauthorized_accessorial,Liftgate $95.00 billed with no authorization on file for SHP04240 as of 2025-06-24,95.0,SHP04240,95.0,0.0,,True
CARC:05589785,unauthorized_accessorial,Residential $125.00 billed with no authorization on file for SHP07456 as of 2025-10-27,125.0,SHP07456,125.0,0.0,,True
CARC:09119692,unauthorized_accessorial,Liftgate $95.00 billed with no authorization on file for SHP05197 as of 2025-07-29,95.0,SHP05197,95.0,0.0,,True
CARC:09481406,unauthorized_accessorial,Residential $125.00 billed with no authorization on file for SHP00129 as of 2025-01-15,125.0,SHP00129,125.0,0.0,,True
CARC:10156598,unauthorized_accessorial,Residential $125.00 billed with no authorization on file for SHP08205 as of 2025-11-12,125.0,SHP08205,125.0,0.0,,True
CARC:13549021,unauthorized_accessorial,Liftgate $95.00 billed with no authorization on file for SHP04143 as of 2025-06-15,95.0,SHP04143,95.0,0.0,,True
CARC:13754117,unauthorized_accessorial,Liftgate $95.00 billed with no authorization on file for SHP05943 as of 2025-08-30,95.0,SHP05943,95.0,0.0,,True
CARC:13910241,unauthorized_accessorial,Liftgate $95.00 billed with no authorization on file for SHP04068 as of 2025-06-21,95.0,SHP04068,95.0,0.0,,True
CARC:15751838,unauthorized_accessorial,Liftgate $95.00 billed with no authorization on file for SHP08797 as of 2025-12-07,95.0,SHP08797,95.0,0.0,,True
CARC:17021190,unauthorized_accessorial,Residential $125.00 billed with no authorization on file for SHP01405 as of 2025-03-10,125.0,SHP01405,125.0,0.0,,True
CARC:17290363,unauthorized_accessorial,Residential $125.00 billed with no authorization on file for SHP07267 as of 2025-10-11,125.0,SHP07267,125.0,0.0,,True
CARC:17293781,unauthorized_accessorial,Residential $125.00 billed with no authorization on file for SHP02521 as of 2025-04-24,125.0,SHP02521,125.0,0.0,,True
CARC:20732323,unauthorized_accessorial,Liftgate $95.00 billed with no authorization on file for SHP00166 as of 2025-01-14,95.0,SHP00166,95.0,0.0,,True
CARC:22975691,unauthorized_accessorial,Residential $125.00 billed with no authorization on file for SHP01209 as of 2025-03-10,125.0,SHP01209,125.0,0.0,,True
CARC:24757352,unauthorized_accessorial,Liftgate $95.00 billed with no authorization on file for SHP00502 as of 2025-02-07,95.0,SHP00502,95.0,0.0,,True
CARC:25171089,unauthorized_accessorial,Liftgate $95.00 billed with no authorization on file for SHP00926 as of 2025-02-22,95.0,SHP00926,95.0,0.0,,True
CARC:25896587,unauthorized_accessorial,Liftgate $95.00 billed with no authorization on file for SHP02948 as of 2025-05-16,95.0,SHP02948,95.0,0.0,,True
CARC:28421394,unauthorized_accessorial,Liftgate $95.00 billed with no authorization on file for SHP08924 as of 2025-12-02,95.0,SHP08924,95.0,0.0,,True
CARC:28704418,unauthorized_accessorial,Residential $125.00 billed with no authorization on file for SHP04297 as of 2025-06-20,125.0,SHP04297,125.0,0.0,,True
CARC:29296959,unauthorized_accessorial,Liftgate $95.00 billed with no authorization on file for SHP05782 as of 2025-08-19,95.0,SHP05782,95.0,0.0,,True
CARC:30915804,unauthorized_accessorial,Liftgate $95.00 billed with no authorization on file for SHP00828 as of 2025-02-18,95.0,SHP00828,95.0,0.0,,True
CARC:30987070,unauthorized_accessorial,Liftgate $95.00 billed with no authorization on file for SHP06742 as of 2025-09-23,95.0,SHP06742,95.0,0.0,,True
CARC:30987923,unauthorized_accessorial,Liftgate $95.00 billed with no authorization on file for SHP03687 as of 2025-06-09,95.0,SHP03687,95.0,0.0,,True
CARC:32005804,unauthorized_accessorial,Residential $125.00 billed with no authorization on file for SHP09182 as of 2025-12-22,125.0,SHP09182,125.0,0.0,,True
CARC:32215984,unauthorized_accessorial,Liftgate $95.00 billed with no authorization on file for SHP07502 as of 2025-10-22,95.0,SHP07502,95.0,0.0,,True
CARC:32940048,unauthorized_accessorial,Residential $125.00 billed with no authorization on file for SHP03071 as of 2025-05-20,125.0,SHP03071,125.0,0.0,,True
CARC:33042263,unauthorized_accessorial,Liftgate $95.00 billed with no authorization on file for SHP05995 as of 2025-08-28,95.0,SHP05995,95.0,0.0,,True
CARC:33198551,unauthorized_accessorial,Residential $125.00 billed with no authorization on file for SHP06797 as of 2025-10-06,125.0,SHP06797,125.0,0.0,,True
CARC:33509496,unauthorized_accessorial,Liftgate $95.00 billed with no authorization on file for SHP09124 as of 2025-12-08,95.0,SHP09124,95.0,0.0,,True
CARC:34735079,unauthorized_accessorial,Liftgate $95.00 billed with no authorization on file for SHP03081 as of 2025-05-15,95.0,SHP03081,95.0,0.0,,True
CARC:36767028,unauthorized_accessorial,Residential $125.00 billed with no authorization on file for SHP05359 as of 2025-07-27,125.0,SHP05359,125.0,0.0,,True
CARC:39957890,unauthorized_accessorial,Liftgate $95.00 billed with no authorization on file for SHP03790 as of 2025-06-09,95.0,SHP03790,95.0,0.0,,True
CARC:41220508,unauthorized_accessorial,Liftgate $95.00 billed with no authorization on file for SHP02619 as of 2025-04-20,95.0,SHP02619,95.0,0.0,,True
CARC:41445635,unauthorized_accessorial,Residential $125.00 billed with no authorization on file for SHP01924 as of 2025-04-01,125.0,SHP01924,125.0,0.0,,True
CARC:41490121,unauthorized_accessorial,Residential $125.00 billed with no authorization on file for SHP00951 as of 2025-02-23,125.0,SHP00951,125.0,0.0,,True
CARC:41547906,unauthorized_accessorial,Liftgate $95.00 billed with no authorization on file for SHP03416 as of 2025-05-26,95.0,SHP03416,95.0,0.0,,True
CARC:42229752,unauthorized_accessorial,Residential $125.00 billed with no authorization on file for SHP01767 as of 2025-03-25,125.0,SHP01767,125.0,0.0,,True
CARC:42838785,unauthorized_accessorial,Liftgate $95.00 billed with no authorization on file for SHP06508 as of 2025-09-22,95.0,SHP06508,95.0,0.0,,True
CARC:43218203,unauthorized_accessorial,Liftgate $95.00 billed with no authorization on file for SHP08243 as of 2025-11-09,95.0,SHP08243,95.0,0.0,,True
CARC:43958583,unauthorized_accessorial,Liftgate $95.00 billed with no authorization on file for SHP06984 as of 2025-10-18,95.0,SHP06984,95.0,0.0,,True
CARC:44031222,unauthorized_accessorial,Liftgate $95.00 billed with no authorization on file for SHP03966 as of 2025-06-09,95.0,SHP03966,95.0,0.0,,True
CARC:44199455,unauthorized_accessorial,Liftgate $95.00 billed with no authorization on file for SHP06352 as of 2025-09-06,95.0,SHP06352,95.0,0.0,,True
CARC:45595809,unauthorized_accessorial,Residential $125.00 billed with no authorization on file for SHP07231 as of 2025-10-17,125.0,SHP07231,125.0,0.0,,True
CARC:45796627,unauthorized_accessorial,Liftgate $95.00 billed with no authorization on file for SHP07363 as of 2025-10-16,95.0,SHP07363,95.0,0.0,,True
CARC:48790316,unauthorized_accessorial,Liftgate $95.00 billed with no authorization on file for SHP03762 as of 2025-06-12,95.0,SHP03762,95.0,0.0,,True
CARC:49327348,unauthorized_accessorial,Residential $125.00 billed with no authorization on file for SHP05961 as of 2025-08-26,125.0,SHP05961,125.0,0.0,,True
CARC:50765346,unauthorized_accessorial,Liftgate $95.00 billed with no authorization on file for SHP01613 as of 2025-03-20,95.0,SHP01613,95.0,0.0,,True
CARC:51665977,unauthorized_accessorial,Liftgate $95.00 billed with no authorization on file for SHP05123 as of 2025-07-19,95.0,SHP05123,95.0,0.0,,True
CARC:52671578,unauthorized_accessorial,Liftgate $95.00 billed with no authorization on file for SHP04261 as of 2025-06-20,95.0,SHP04261,95.0,0.0,,True
CARC:56521103,unauthorized_accessorial,Liftgate $95.00 billed with no authorization on file for SHP03486 as of 2025-05-26,95.0,SHP03486,95.0,0.0,,True
CARC:58206713,unauthorized_accessorial,Liftgate $95.00 billed with no authorization on file for SHP02854 as of 2025-05-06,95.0,SHP02854,95.0,0.0,,True
CARC:58712707,unauthorized_accessorial,Residential $125.00 billed with no authorization on file for SHP01541 as of 2025-03-12,125.0,SHP01541,125.0,0.0,,True
CARC:59198895,unauthorized_accessorial,Liftgate $95.00 billed with no authorization on file for SHP03341 as of 2025-05-28,95.0,SHP03341,95.0,0.0,,True
CARC:59210896,unauthorized_accessorial,Liftgate $95.00 billed with no authorization on file for SHP03535 as of 2025-05-27,95.0,SHP03535,95.0,0.0,,True
CARC:59804545,unauthorized_accessorial,Liftgate $95.00 billed with no authorization on file for SHP07818 as of 2025-10-27,95.0,SHP07818,95.0,0.0,,True
CARC:62495850,unauthorized_accessorial,Liftgate $95.00 billed with no authorization on file for SHP00202 as of 2025-01-21,95.0,SHP00202,95.0,0.0,,True
CARC:62735798,unauthorized_accessorial,Residential $125.00 billed with no authorization on file for SHP05034 as of 2025-07-30,125.0,SHP05034,125.0,0.0,,True
CARC:64925180,unauthorized_accessorial,Liftgate $95.00 billed with no authorization on file for SHP07777 as of 2025-11-04,95.0,SHP07777,95.0,0.0,,True
CARC:67571951,unauthorized_accessorial,Liftgate $95.00 billed with no authorization on file for SHP01613 as of 2025-03-20,95.0,SHP01613,95.0,0.0,,False
CARC:69093429,unauthorized_accessorial,Residential $125.00 billed with no authorization on file for SHP06451 as of 2025-09-14,125.0,SHP06451,125.0,0.0,,True
CARC:69093429,unauthorized_accessorial,Liftgate $95.00 billed with no authorization on file for SHP06451 as of 2025-09-14,95.0,SHP06451,95.0,0.0,,True
CARC:69911693,unauthorized_accessorial,Liftgate $95.00 billed with no authorization on file for SHP08053 as of 2025-10-31,95.0,SHP08053,95.0,0.0,,True
CARC:70752693,unauthorized_accessorial,Liftgate $95.00 billed with no authorization on file for SHP06034 as of 2025-08-29,95.0,SHP06034,95.0,0.0,,True
CARC:72210886,unauthorized_accessorial,Liftgate $95.00 billed with no authorization on file for SHP06633 as of 2025-09-20,95.0,SHP06633,95.0,0.0,,True
CARC:72591592,unauthorized_accessorial,Residential $125.00 billed with no authorization on file for SHP01761 as of 2025-03-21,125.0,SHP01761,125.0,0.0,,True
CARC:73256406,unauthorized_accessorial,Residential $125.00 billed with no authorization on file for SHP05049 as of 2025-07-25,125.0,SHP05049,125.0,0.0,,True
CARC:76103723,unauthorized_accessorial,Liftgate $95.00 billed with no authorization on file for SHP02596 as of 2025-04-27,95.0,SHP02596,95.0,0.0,,True
CARC:76103723,unauthorized_accessorial,Residential $125.00 billed with no authorization on file for SHP02596 as of 2025-04-27,125.0,SHP02596,125.0,0.0,,True
CARC:79098499,unauthorized_accessorial,Liftgate $95.00 billed with no authorization on file for SHP07212 as of 2025-10-03,95.0,SHP07212,95.0,0.0,,True
CARC:80288329,unauthorized_accessorial,Liftgate $95.00 billed with no authorization on file for SHP09966 as of 2026-01-30,95.0,SHP09966,95.0,0.0,,True
CARC:81131165,unauthorized_accessorial,Residential $125.00 billed with no authorization on file for SHP07487 as of 2025-10-27,125.0,SHP07487,125.0,0.0,,True
CARC:81570776,unauthorized_accessorial,Liftgate $95.00 billed with no authorization on file for SHP01909 as of 2025-03-27,95.0,SHP01909,95.0,0.0,,True
CARC:81921984,unauthorized_accessorial,Residential $125.00 billed with no authorization on file for SHP04682 as of 2025-07-05,125.0,SHP04682,125.0,0.0,,True
CARC:86030014,unauthorized_accessorial,Residential $125.00 billed with no authorization on file for SHP08399 as of 2025-11-20,125.0,SHP08399,125.0,0.0,,True
CARC:86089441,unauthorized_accessorial,Residential $125.00 billed with no authorization on file for SHP05531 as of 2025-08-11,125.0,SHP05531,125.0,0.0,,True
CARC:86274683,unauthorized_accessorial,Residential $125.00 billed with no authorization on file for SHP06755 as of 2025-09-21,125.0,SHP06755,125.0,0.0,,True
CARC:86318067,unauthorized_accessorial,Residential $125.00 billed with no authorization on file for SHP03530 as of 2025-05-26,125.0,SHP03530,125.0,0.0,,True
CARC:86677947,unauthorized_accessorial,Liftgate $95.00 billed with no authorization on file for SHP02648 as of 2025-04-27,95.0,SHP02648,95.0,0.0,,True
CARC:87910359,unauthorized_accessorial,Residential $125.00 billed with no authorization on file for SHP01384 as of 2025-03-19,125.0,SHP01384,125.0,0.0,,True
CARC:88546079,unauthorized_accessorial,Residential $125.00 billed with no authorization on file for SHP05067 as of 2025-07-28,125.0,SHP05067,125.0,0.0,,True
CARC:88588686,unauthorized_accessorial,Liftgate $95.00 billed with no authorization on file for SHP00698 as of 2025-02-07,95.0,SHP00698,95.0,0.0,,True
CARC:90916481,unauthorized_accessorial,Liftgate $95.00 billed with no authorization on file for SHP02218 as of 2025-04-15,95.0,SHP02218,95.0,0.0,,True
CARC:91628125,unauthorized_accessorial,Liftgate $95.00 billed with no authorization on file for SHP06034 as of 2025-09-13,95.0,SHP06034,95.0,0.0,,False
CARC:93382511,unauthorized_accessorial,Liftgate $95.00 billed with no authorization on file for SHP01306 as of 2025-03-07,95.0,SHP01306,95.0,0.0,,True
CARC:94789931,unauthorized_accessorial,Residential $125.00 billed with no authorization on file for SHP00546 as of 2025-03-02,125.0,SHP00546,125.0,0.0,,True
CARC:95788179,unauthorized_accessorial,Residential $125.00 billed with no authorization on file for SHP05841 as of 2025-08-21,125.0,SHP05841,125.0,0.0,,True
CARC:96077563,unauthorized_accessorial,Liftgate $95.00 billed with no authorization on file for SHP08922 as of 2025-12-08,95.0,SHP08922,95.0,0.0,,True
CARC:96261189,unauthorized_accessorial,Liftgate $95.00 billed with no authorization on file for SHP02439 as of 2025-04-16,95.0,SHP02439,95.0,0.0,,True
CARC:97012741,unauthorized_accessorial,Residential $125.00 billed with no authorization on file for SHP05966 as of 2025-09-06,125.0,SHP05966,125.0,0.0,,True
CARC:97545913,unauthorized_accessorial,Liftgate $95.00 billed with no authorization on file for SHP08718 as of 2025-12-02,95.0,SHP08718,95.0,0.0,,True
CARC:97935781,unauthorized_accessorial,Liftgate $95.00 billed with no authorization on file for SHP03187 as of 2025-05-19,95.0,SHP03187,95.0,0.0,,True
CARC:98361031,unauthorized_accessorial,Residential $125.00 billed with no authorization on file for SHP06616 as of 2025-09-25,125.0,SHP06616,125.0,0.0,,True
CARD:01337048,unauthorized_accessorial,Residential $125.00 billed with no authorization on file for SHP07258 as of 2025-10-14,125.0,SHP07258,125.0,0.0,,True
CARD:02006523,unauthorized_accessorial,Residential $125.00 billed with no authorization on file for SHP02235 as of 2025-04-23,125.0,SHP02235,125.0,0.0,,True
CARD:02478146,unauthorized_accessorial,Residential $125.00 billed with no authorization on file for SHP08280 as of 2025-11-28,125.0,SHP08280,125.0,0.0,,True
CARD:02819059,unauthorized_accessorial,Liftgate $95.00 billed with no authorization on file for SHP07982 as of 2025-12-30,95.0,SHP07982,95.0,0.0,,True
CARD:02913217,unauthorized_accessorial,Residential $125.00 billed with no authorization on file for SHP05032 as of 2025-07-26,125.0,SHP05032,125.0,0.0,,True
CARD:03754464,unauthorized_accessorial,Liftgate $95.00 billed with no authorization on file for SHP06422 as of 2025-09-26,95.0,SHP06422,95.0,0.0,,True
CARD:04066815,unauthorized_accessorial,Liftgate $95.00 billed with no authorization on file for SHP06540 as of 2025-10-01,95.0,SHP06540,95.0,0.0,,True
CARD:04757430,unauthorized_accessorial,Liftgate $95.00 billed with no authorization on file for SHP02501 as of 2025-05-03,95.0,SHP02501,95.0,0.0,,True
CARD:05629417,unauthorized_accessorial,Liftgate $95.00 billed with no authorization on file for SHP02466 as of 2025-05-03,95.0,SHP02466,95.0,0.0,,True
CARD:06062586,unauthorized_accessorial,Liftgate $95.00 billed with no authorization on file for SHP02858 as of 2025-05-30,95.0,SHP02858,95.0,0.0,,True
CARD:06726457,unauthorized_accessorial,Liftgate $95.00 billed with no authorization on file for SHP04135 as of 2025-06-28,95.0,SHP04135,95.0,0.0,,True
CARD:06878153,unauthorized_accessorial,Liftgate $95.00 billed with no authorization on file for SHP06161 as of 2025-09-21,95.0,SHP06161,95.0,0.0,,True
CARD:07452775,unauthorized_accessorial,Liftgate $95.00 billed with no authorization on file for SHP07648 as of 2025-11-14,95.0,SHP07648,95.0,0.0,,True
CARD:08431062,unauthorized_accessorial,Liftgate $95.00 billed with no authorization on file for SHP03126 as of 2025-05-27,95.0,SHP03126,95.0,0.0,,True
CARD:09457333,unauthorized_accessorial,Liftgate $95.00 billed with no authorization on file for SHP09799 as of 2026-02-06,95.0,SHP09799,95.0,0.0,,True
CARD:09750396,unauthorized_accessorial,Liftgate $95.00 billed with no authorization on file for SHP08447 as of 2025-11-24,95.0,SHP08447,95.0,0.0,,True
CARD:10667935,unauthorized_accessorial,Liftgate $95.00 billed with no authorization on file for SHP05891 as of 2025-08-26,95.0,SHP05891,95.0,0.0,,True
CARD:10667935,unauthorized_accessorial,Residential $125.00 billed with no authorization on file for SHP05891 as of 2025-08-26,125.0,SHP05891,125.0,0.0,,True
CARD:10871256,unauthorized_accessorial,Liftgate $95.00 billed with no authorization on file for SHP08760 as of 2025-12-23,95.0,SHP08760,95.0,0.0,,True
CARD:11907683,unauthorized_accessorial,Liftgate $95.00 billed with no authorization on file for SHP07078 as of 2025-11-04,95.0,SHP07078,95.0,0.0,,True
CARD:12290705,unauthorized_accessorial,Residential $125.00 billed with no authorization on file for SHP08490 as of 2025-12-13,125.0,SHP08490,125.0,0.0,,True
CARD:13189645,unauthorized_accessorial,Liftgate $95.00 billed with no authorization on file for SHP09732 as of 2026-01-20,95.0,SHP09732,95.0,0.0,,True
CARD:13193668,unauthorized_accessorial,Residential $125.00 billed with no authorization on file for SHP03371 as of 2025-06-05,125.0,SHP03371,125.0,0.0,,True
CARD:15205039,unauthorized_accessorial,Liftgate $95.00 billed with no authorization on file for SHP08361 as of 2025-11-22,95.0,SHP08361,95.0,0.0,,True
CARD:16077883,unauthorized_accessorial,Liftgate $95.00 billed with no authorization on file for SHP04737 as of 2025-07-19,95.0,SHP04737,95.0,0.0,,True
CARD:19157493,unauthorized_accessorial,Liftgate $95.00 billed with no authorization on file for SHP05730 as of 2025-09-06,95.0,SHP05730,95.0,0.0,,True
CARD:19481313,unauthorized_accessorial,Residential $125.00 billed with no authorization on file for SHP07865 as of 2025-11-10,125.0,SHP07865,125.0,0.0,,True
CARD:20924877,unauthorized_accessorial,Residential $125.00 billed with no authorization on file for SHP04338 as of 2025-06-22,125.0,SHP04338,125.0,0.0,,True
CARD:21543625,unauthorized_accessorial,Liftgate $95.00 billed with no authorization on file for SHP09818 as of 2026-01-06,95.0,SHP09818,95.0,0.0,,True
CARD:22312141,unauthorized_accessorial,Residential $125.00 billed with no authorization on file for SHP00796 as of 2025-02-25,125.0,SHP00796,125.0,0.0,,True
CARD:22969961,unauthorized_accessorial,Liftgate $95.00 billed with no authorization on file for SHP00577 as of 2025-02-20,95.0,SHP00577,95.0,0.0,,True
CARD:24583156,unauthorized_accessorial,Residential $125.00 billed with no authorization on file for SHP04938 as of 2025-09-09,125.0,SHP04938,125.0,0.0,,True
CARD:26144231,unauthorized_accessorial,Residential $125.00 billed with no authorization on file for SHP09000 as of 2025-12-20,125.0,SHP09000,125.0,0.0,,True
CARD:28555486,unauthorized_accessorial,Liftgate $95.00 billed with no authorization on file for SHP07432 as of 2025-11-09,95.0,SHP07432,95.0,0.0,,True
CARD:29141035,unauthorized_accessorial,Liftgate $95.00 billed with no authorization on file for SHP00149 as of 2025-03-05,95.0,SHP00149,95.0,0.0,,True
CARD:30247175,unauthorized_accessorial,Residential $125.00 billed with no authorization on file for SHP00158 as of 2025-01-28,125.0,SHP00158,125.0,0.0,,True
CARD:30269489,unauthorized_accessorial,Residential $125.00 billed with no authorization on file for SHP07274 as of 2025-10-13,125.0,SHP07274,125.0,0.0,,True
CARD:33687096,unauthorized_accessorial,Liftgate $95.00 billed with no authorization on file for SHP05497 as of 2025-08-15,95.0,SHP05497,95.0,0.0,,True
CARD:34104234,unauthorized_accessorial,Liftgate $95.00 billed with no authorization on file for SHP06981 as of 2025-10-15,95.0,SHP06981,95.0,0.0,,True
CARD:34104234,unauthorized_accessorial,Residential $125.00 billed with no authorization on file for SHP06981 as of 2025-10-15,125.0,SHP06981,125.0,0.0,,True
CARD:35000495,unauthorized_accessorial,Residential $125.00 billed with no authorization on file for SHP04257 as of 2025-08-02,125.0,SHP04257,125.0,0.0,,True
CARD:35459719,unauthorized_accessorial,Residential $125.00 billed with no authorization on file for SHP07334 as of 2025-10-09,125.0,SHP07334,125.0,0.0,,True
CARD:38445278,unauthorized_accessorial,Liftgate $95.00 billed with no authorization on file for SHP03816 as of 2025-06-19,95.0,SHP03816,95.0,0.0,,True
CARD:38456533,unauthorized_accessorial,Liftgate $95.00 billed with no authorization on file for SHP08066 as of 2025-11-19,95.0,SHP08066,95.0,0.0,,True
CARD:38614585,unauthorized_accessorial,Liftgate $95.00 billed with no authorization on file for SHP00705 as of 2025-03-15,95.0,SHP00705,95.0,0.0,,True
CARD:39048375,unauthorized_accessorial,Liftgate $95.00 billed with no authorization on file for SHP04015 as of 2025-06-19,95.0,SHP04015,95.0,0.0,,True
CARD:40212410,unauthorized_accessorial,Liftgate $95.00 billed with no authorization on file for SHP03889 as of 2025-06-08,95.0,SHP03889,95.0,0.0,,True
CARD:40730884,unauthorized_accessorial,Liftgate $95.00 billed with no authorization on file for SHP00057 as of 2025-02-07,95.0,SHP00057,95.0,0.0,,True
CARD:41255352,unauthorized_accessorial,Residential $125.00 billed with no authorization on file for SHP04083 as of 2025-06-25,125.0,SHP04083,125.0,0.0,,True
CARD:41373118,unauthorized_accessorial,Liftgate $95.00 billed with no authorization on file for SHP02865 as of 2025-05-11,95.0,SHP02865,95.0,0.0,,True
CARD:41424547,unauthorized_accessorial,Liftgate $95.00 billed with no authorization on file for SHP08298 as of 2025-11-13,95.0,SHP08298,95.0,0.0,,True
CARD:42698378,unauthorized_accessorial,Liftgate $95.00 billed with no authorization on file for SHP01797 as of 2025-04-06,95.0,SHP01797,95.0,0.0,,True
CARD:42849539,unauthorized_accessorial,Liftgate $95.00 billed with no authorization on file for SHP06958 as of 2025-10-02,95.0,SHP06958,95.0,0.0,,True
CARD:42905618,unauthorized_accessorial,Liftgate $95.00 billed with no authorization on file for SHP06730 as of 2025-09-24,95.0,SHP06730,95.0,0.0,,True
CARD:43526573,unauthorized_accessorial,Liftgate $95.00 billed with no authorization on file for SHP09820 as of 2026-01-10,95.0,SHP09820,95.0,0.0,,True
CARD:44053242,unauthorized_accessorial,Liftgate $95.00 billed with no authorization on file for SHP09478 as of 2025-12-31,95.0,SHP09478,95.0,0.0,,True
CARD:46217419,unauthorized_accessorial,Residential $125.00 billed with no authorization on file for SHP03865 as of 2025-06-14,125.0,SHP03865,125.0,0.0,,True
CARD:46978807,unauthorized_accessorial,Liftgate $95.00 billed with no authorization on file for SHP03164 as of 2025-06-01,95.0,SHP03164,95.0,0.0,,True
CARD:47592236,unauthorized_accessorial,Residential $125.00 billed with no authorization on file for SHP04721 as of 2025-08-17,125.0,SHP04721,125.0,0.0,,True
CARD:47928886,unauthorized_accessorial,Residential $125.00 billed with no authorization on file for SHP04630 as of 2025-08-08,125.0,SHP04630,125.0,0.0,,True
CARD:48522626,unauthorized_accessorial,Liftgate $95.00 billed with no authorization on file for SHP00728 as of 2025-03-22,95.0,SHP00728,95.0,0.0,,True
CARD:49557670,unauthorized_accessorial,Residential $125.00 billed with no authorization on file for SHP07641 as of 2025-10-29,125.0,SHP07641,125.0,0.0,,True
CARD:52143193,unauthorized_accessorial,Liftgate $95.00 billed with no authorization on file for SHP08446 as of 2025-12-23,95.0,SHP08446,95.0,0.0,,True
CARD:53061359,unauthorized_accessorial,Residential $125.00 billed with no authorization on file for SHP09106 as of 2025-12-19,125.0,SHP09106,125.0,0.0,,True
CARD:54747519,unauthorized_accessorial,Liftgate $95.00 billed with no authorization on file for SHP01495 as of 2025-04-15,95.0,SHP01495,95.0,0.0,,True
CARD:55155815,unauthorized_accessorial,Liftgate $95.00 billed with no authorization on file for SHP02448 as of 2025-05-15,95.0,SHP02448,95.0,0.0,,True
CARD:56786120,unauthorized_accessorial,Residential $125.00 billed with no authorization on file for SHP00221 as of 2025-02-19,125.0,SHP00221,125.0,0.0,,True
CARD:57724229,unauthorized_accessorial,Liftgate $95.00 billed with no authorization on file for SHP09259 as of 2025-12-15,95.0,SHP09259,95.0,0.0,,True
CARD:58038913,unauthorized_accessorial,Liftgate $95.00 billed with no authorization on file for SHP01825 as of 2025-04-10,95.0,SHP01825,95.0,0.0,,True
CARD:58430828,unauthorized_accessorial,Residential $125.00 billed with no authorization on file for SHP05374 as of 2025-08-08,125.0,SHP05374,125.0,0.0,,True
CARD:60403512,unauthorized_accessorial,Liftgate $95.00 billed with no authorization on file for SHP04980 as of 2025-08-05,95.0,SHP04980,95.0,0.0,,True
CARD:60470878,unauthorized_accessorial,Liftgate $95.00 billed with no authorization on file for SHP04556 as of 2025-07-08,95.0,SHP04556,95.0,0.0,,True
CARD:61091370,unauthorized_accessorial,Liftgate $95.00 billed with no authorization on file for SHP00022 as of 2025-01-31,95.0,SHP00022,95.0,0.0,,True
CARD:61091370,unauthorized_accessorial,Residential $125.00 billed with no authorization on file for SHP00022 as of 2025-01-31,125.0,SHP00022,125.0,0.0,,True
CARD:61600715,unauthorized_accessorial,Residential $125.00 billed with no authorization on file for SHP07826 as of 2025-11-12,125.0,SHP07826,125.0,0.0,,True
CARD:62029005,unauthorized_accessorial,Residential $125.00 billed with no authorization on file for SHP08934 as of 2025-12-13,125.0,SHP08934,125.0,0.0,,True
CARD:63264417,unauthorized_accessorial,Residential $125.00 billed with no authorization on file for SHP05226 as of 2025-08-19,125.0,SHP05226,125.0,0.0,,True
CARD:64750147,unauthorized_accessorial,Residential $125.00 billed with no authorization on file for SHP01584 as of 2025-04-23,125.0,SHP01584,125.0,0.0,,True
CARD:66846595,unauthorized_accessorial,Liftgate $95.00 billed with no authorization on file for SHP07596 as of 2025-10-28,95.0,SHP07596,95.0,0.0,,True
CARD:67681831,unauthorized_accessorial,Liftgate $95.00 billed with no authorization on file for SHP06997 as of 2025-11-08,95.0,SHP06997,95.0,0.0,,True
CARD:68222667,unauthorized_accessorial,Liftgate $95.00 billed with no authorization on file for SHP05240 as of 2025-09-19,95.0,SHP05240,95.0,0.0,,True
CARD:68984160,unauthorized_accessorial,Residential $125.00 billed with no authorization on file for SHP07113 as of 2025-10-18,125.0,SHP07113,125.0,0.0,,True
CARD:69520074,unauthorized_accessorial,Liftgate $95.00 billed with no authorization on file for SHP01819 as of 2025-03-27,95.0,SHP01819,95.0,0.0,,True
CARD:69879375,unauthorized_accessorial,Liftgate $95.00 billed with no authorization on file for SHP04369 as of 2025-07-02,95.0,SHP04369,95.0,0.0,,True
CARD:69881327,unauthorized_accessorial,Residential $125.00 billed with no authorization on file for SHP04303 as of 2025-07-04,125.0,SHP04303,125.0,0.0,,True
CARD:69881327,unauthorized_accessorial,Liftgate $95.00 billed with no authorization on file for SHP04303 as of 2025-07-04,95.0,SHP04303,95.0,0.0,,True
CARD:70416402,unauthorized_accessorial,Liftgate $95.00 billed with no authorization on file for SHP09241 as of 2026-01-07,95.0,SHP09241,95.0,0.0,,True
CARD:72759767,unauthorized_accessorial,Residential $125.00 billed with no authorization on file for SHP03671 as of 2025-06-23,125.0,SHP03671,125.0,0.0,,True
CARD:74101379,unauthorized_accessorial,Residential $125.00 billed with no authorization on file for SHP07155 as of 2025-10-12,125.0,SHP07155,125.0,0.0,,True
CARD:74633518,unauthorized_accessorial,Liftgate $95.00 billed with no authorization on file for SHP06177 as of 2025-09-28,95.0,SHP06177,95.0,0.0,,True
CARD:75449306,unauthorized_accessorial,Residential $125.00 billed with no authorization on file for SHP00775 as of 2025-02-27,125.0,SHP00775,125.0,0.0,,True
CARD:76273200,unauthorized_accessorial,Liftgate $95.00 billed with no authorization on file for SHP06952 as of 2025-10-26,95.0,SHP06952,95.0,0.0,,True
CARD:76631994,unauthorized_accessorial,Residential $125.00 billed with no authorization on file for SHP08211 as of 2025-11-12,125.0,SHP08211,125.0,0.0,,True
CARD:77034914,unauthorized_accessorial,Liftgate $95.00 billed with no authorization on file for SHP00278 as of 2025-03-09,95.0,SHP00278,95.0,0.0,,True
CARD:77146033,unauthorized_accessorial,Residential $125.00 billed with no authorization on file for SHP04579 as of 2025-07-17,125.0,SHP04579,125.0,0.0,,True
CARD:77726018,unauthorized_accessorial,Liftgate $95.00 billed with no authorization on file for SHP06118 as of 2025-10-12,95.0,SHP06118,95.0,0.0,,True
CARD:77726018,unauthorized_accessorial,Residential $125.00 billed with no authorization on file for SHP06118 as of 2025-10-12,125.0,SHP06118,125.0,0.0,,True
CARD:77999991,unauthorized_accessorial,Liftgate $95.00 billed with no authorization on file for SHP00013 as of 2025-01-16,95.0,SHP00013,95.0,0.0,,True
CARD:78598826,unauthorized_accessorial,Residential $125.00 billed with no authorization on file for SHP07336 as of 2025-10-19,125.0,SHP07336,125.0,0.0,,True
CARD:79298602,unauthorized_accessorial,Liftgate $95.00 billed with no authorization on file for SHP09863 as of 2026-01-09,95.0,SHP09863,95.0,0.0,,True
CARD:80089090,unauthorized_accessorial,Liftgate $95.00 billed with no authorization on file for SHP08480 as of 2025-12-12,95.0,SHP08480,95.0,0.0,,True
CARD:81649376,unauthorized_accessorial,Liftgate $95.00 billed with no authorization on file for SHP01080 as of 2025-03-21,95.0,SHP01080,95.0,0.0,,True
CARD:85493631,unauthorized_accessorial,Liftgate $95.00 billed with no authorization on file for SHP00566 as of 2025-02-21,95.0,SHP00566,95.0,0.0,,True
CARD:87217672,unauthorized_accessorial,Residential $125.00 billed with no authorization on file for SHP00374 as of 2025-02-06,125.0,SHP00374,125.0,0.0,,True
CARD:87727001,unauthorized_accessorial,Residential $125.00 billed with no authorization on file for SHP08985 as of 2025-12-10,125.0,SHP08985,125.0,0.0,,True
CARD:87905164,unauthorized_accessorial,Residential $125.00 billed with no authorization on file for SHP06164 as of 2025-09-06,125.0,SHP06164,125.0,0.0,,True
CARD:88332557,unauthorized_accessorial,Liftgate $95.00 billed with no authorization on file for SHP00439 as of 2025-03-06,95.0,SHP00439,95.0,0.0,,True
CARD:88618113,unauthorized_accessorial,Residential $125.00 billed with no authorization on file for SHP02702 as of 2025-05-23,125.0,SHP02702,125.0,0.0,,True
CARD:88970096,unauthorized_accessorial,Liftgate $95.00 billed with no authorization on file for SHP02074 as of 2025-04-18,95.0,SHP02074,95.0,0.0,,True
CARD:90289876,unauthorized_accessorial,Residential $125.00 billed with no authorization on file for SHP09439 as of 2026-01-26,125.0,SHP09439,125.0,0.0,,True
CARD:93125650,unauthorized_accessorial,Residential $125.00 billed with no authorization on file for SHP07547 as of 2025-11-13,125.0,SHP07547,125.0,0.0,,True
CARD:93902609,unauthorized_accessorial,Liftgate $95.00 billed with no authorization on file for SHP05512 as of 2025-08-22,95.0,SHP05512,95.0,0.0,,True
CARD:96524959,unauthorized_accessorial,Residential $125.00 billed with no authorization on file for SHP02911 as of 2025-05-19,125.0,SHP02911,125.0,0.0,,True
CARD:97343629,unauthorized_accessorial,Residential $125.00 billed with no authorization on file for SHP06362 as of 2025-10-03,125.0,SHP06362,125.0,0.0,,True
CARD:97464285,unauthorized_accessorial,Liftgate $95.00 billed with no authorization on file for SHP05956 as of 2025-09-10,95.0,SHP05956,95.0,0.0,,True
CARD:99142948,unauthorized_accessorial,Liftgate $95.00 billed with no authorization on file for SHP06133 as of 2025-09-07,95.0,SHP06133,95.0,0.0,,True
CARD:99392028,unauthorized_accessorial,Residential $125.00 billed with no authorization on file for SHP02251 as of 2025-04-20,125.0,SHP02251,125.0,0.0,,True
CARD:99623451,unauthorized_accessorial,Liftgate $95.00 billed with no authorization on file for SHP09320 as of 2026-01-10,95.0,SHP09320,95.0,0.0,,True
CARD:99689593,unauthorized_accessorial,Residential $125.00 billed with no authorization on file for SHP02386 as of 2025-05-04,125.0,SHP02386,125.0,0.0,,True
CARE:01735493,unauthorized_accessorial,Residential $125.00 billed with no authorization on file for SHP09422 as of 2025-12-31,125.0,SHP09422,125.0,0.0,,True
CARE:03602015,unauthorized_accessorial,Liftgate $95.00 billed with no authorization on file for SHP03148 as of 2025-05-25,95.0,SHP03148,95.0,0.0,,True
CARE:05680708,unauthorized_accessorial,Liftgate $95.00 billed with no authorization on file for SHP09779 as of 2026-01-07,95.0,SHP09779,95.0,0.0,,True
CARE:07412367,unauthorized_accessorial,Liftgate $95.00 billed with no authorization on file for SHP07380 as of 2025-10-16,95.0,SHP07380,95.0,0.0,,True
CARE:07783372,unauthorized_accessorial,Residential $125.00 billed with no authorization on file for SHP07102 as of 2025-10-02,125.0,SHP07102,125.0,0.0,,True
CARE:08185508,unauthorized_accessorial,Liftgate $95.00 billed with no authorization on file for SHP02137 as of 2025-04-04,95.0,SHP02137,95.0,0.0,,True
CARE:09544087,unauthorized_accessorial,Liftgate $95.00 billed with no authorization on file for SHP04140 as of 2025-07-05,95.0,SHP04140,95.0,0.0,,True
CARE:10125121,unauthorized_accessorial,Liftgate $95.00 billed with no authorization on file for SHP09242 as of 2025-12-20,95.0,SHP09242,95.0,0.0,,True
CARE:10512682,unauthorized_accessorial,Liftgate $95.00 billed with no authorization on file for SHP01226 as of 2025-03-04,95.0,SHP01226,95.0,0.0,,True
CARE:11726019,unauthorized_accessorial,Residential $125.00 billed with no authorization on file for SHP04924 as of 2025-07-21,125.0,SHP04924,125.0,0.0,,True
CARE:12446533,unauthorized_accessorial,Liftgate $95.00 billed with no authorization on file for SHP01454 as of 2025-03-11,95.0,SHP01454,95.0,0.0,,True
CARE:13355785,unauthorized_accessorial,Liftgate $95.00 billed with no authorization on file for SHP02558 as of 2025-05-11,95.0,SHP02558,95.0,0.0,,True
CARE:13386477,unauthorized_accessorial,Liftgate $95.00 billed with no authorization on file for SHP08761 as of 2025-12-13,95.0,SHP08761,95.0,0.0,,True
CARE:13386477,unauthorized_accessorial,Residential $125.00 billed with no authorization on file for SHP08761 as of 2025-12-13,125.0,SHP08761,125.0,0.0,,True
CARE:14708040,unauthorized_accessorial,Residential $125.00 billed with no authorization on file for SHP06091 as of 2025-09-03,125.0,SHP06091,125.0,0.0,,True
CARE:15815300,unauthorized_accessorial,Liftgate $95.00 billed with no authorization on file for SHP00783 as of 2025-02-21,95.0,SHP00783,95.0,0.0,,True
CARE:16269807,unauthorized_accessorial,Residential $125.00 billed with no authorization on file for SHP03814 as of 2025-06-17,125.0,SHP03814,125.0,0.0,,True
CARE:16555412,unauthorized_accessorial,Residential $125.00 billed with no authorization on file for SHP00042 as of 2025-01-14,125.0,SHP00042,125.0,0.0,,True
CARE:18003655,unauthorized_accessorial,Liftgate $95.00 billed with no authorization on file for SHP02253 as of 2025-04-13,95.0,SHP02253,95.0,0.0,,True
CARE:18280058,unauthorized_accessorial,Liftgate $95.00 billed with no authorization on file for SHP07376 as of 2025-10-23,95.0,SHP07376,95.0,0.0,,True
CARE:20166020,unauthorized_accessorial,Residential $125.00 billed with no authorization on file for SHP00118 as of 2025-02-09,125.0,SHP00118,125.0,0.0,,True
CARE:20475253,unauthorized_accessorial,Liftgate $95.00 billed with no authorization on file for SHP00761 as of 2025-02-22,95.0,SHP00761,95.0,0.0,,True
CARE:21780790,unauthorized_accessorial,Residential $125.00 billed with no authorization on file for SHP08118 as of 2025-12-03,125.0,SHP08118,125.0,0.0,,True
CARE:22365578,unauthorized_accessorial,Residential $125.00 billed with no authorization on file for SHP05731 as of 2025-08-12,125.0,SHP05731,125.0,0.0,,True
CARE:24105581,unauthorized_accessorial,Liftgate $95.00 billed with no authorization on file for SHP06334 as of 2025-09-08,95.0,SHP06334,95.0,0.0,,True
CARE:24389970,unauthorized_accessorial,Residential $125.00 billed with no authorization on file for SHP08857 as of 2025-12-10,125.0,SHP08857,125.0,0.0,,True
CARE:25905811,unauthorized_accessorial,Residential $125.00 billed with no authorization on file for SHP03737 as of 2025-06-05,125.0,SHP03737,125.0,0.0,,True
CARE:28201070,unauthorized_accessorial,Liftgate $95.00 billed with no authorization on file for SHP02889 as of 2025-05-08,95.0,SHP02889,95.0,0.0,,True
CARE:28380889,unauthorized_accessorial,Residential $125.00 billed with no authorization on file for SHP03357 as of 2025-06-05,125.0,SHP03357,125.0,0.0,,True
CARE:29129446,unauthorized_accessorial,Liftgate $95.00 billed with no authorization on file for SHP09839 as of 2026-01-17,95.0,SHP09839,95.0,0.0,,True
CARE:30073839,unauthorized_accessorial,Liftgate $95.00 billed with no authorization on file for SHP06242 as of 2025-09-18,95.0,SHP06242,95.0,0.0,,True
CARE:31167389,unauthorized_accessorial,Liftgate $95.00 billed with no authorization on file for SHP03528 as of 2025-05-25,95.0,SHP03528,95.0,0.0,,True
CARE:31167389,unauthorized_accessorial,Residential $125.00 billed with no authorization on file for SHP03528 as of 2025-05-25,125.0,SHP03528,125.0,0.0,,True
CARE:34575186,unauthorized_accessorial,Residential $125.00 billed with no authorization on file for SHP03588 as of 2025-06-08,125.0,SHP03588,125.0,0.0,,True
CARE:35055995,unauthorized_accessorial,Liftgate $95.00 billed with no authorization on file for SHP02878 as of 2025-05-07,95.0,SHP02878,95.0,0.0,,True
CARE:37051237,unauthorized_accessorial,Liftgate $95.00 billed with no authorization on file for SHP08055 as of 2025-11-06,95.0,SHP08055,95.0,0.0,,True
CARE:39035381,unauthorized_accessorial,Liftgate $95.00 billed with no authorization on file for SHP00385 as of 2025-02-10,95.0,SHP00385,95.0,0.0,,True
CARE:39415616,unauthorized_accessorial,Liftgate $95.00 billed with no authorization on file for SHP07051 as of 2025-10-07,95.0,SHP07051,95.0,0.0,,True
CARE:40408355,unauthorized_accessorial,Residential $125.00 billed with no authorization on file for SHP06468 as of 2025-09-12,125.0,SHP06468,125.0,0.0,,True
CARE:41139686,unauthorized_accessorial,Residential $125.00 billed with no authorization on file for SHP01895 as of 2025-04-07,125.0,SHP01895,125.0,0.0,,True
CARE:41153843,unauthorized_accessorial,Liftgate $95.00 billed with no authorization on file for SHP07652 as of 2025-10-26,95.0,SHP07652,95.0,0.0,,True
CARE:42377764,unauthorized_accessorial,Liftgate $95.00 billed with no authorization on file for SHP09961 as of 2026-01-05,95.0,SHP09961,95.0,0.0,,True
CARE:44193415,unauthorized_accessorial,Residential $125.00 billed with no authorization on file for SHP00454 as of 2025-01-27,125.0,SHP00454,125.0,0.0,,True
CARE:45465923,unauthorized_accessorial,Residential $125.00 billed with no authorization on file for SHP08347 as of 2025-11-16,125.0,SHP08347,125.0,0.0,,True
CARE:45623378,unauthorized_accessorial,Liftgate $95.00 billed with no authorization on file for SHP02159 as of 2025-05-05,95.0,SHP02159,95.0,0.0,,True
CARE:46198189,unauthorized_accessorial,Liftgate $95.00 billed with no authorization on file for SHP05808 as of 2025-08-23,95.0,SHP05808,95.0,0.0,,True
CARE:48075085,unauthorized_accessorial,Residential $125.00 billed with no authorization on file for SHP09939 as of 2026-01-20,125.0,SHP09939,125.0,0.0,,True
CARE:48717676,unauthorized_accessorial,Liftgate $95.00 billed with no authorization on file for SHP09341 as of 2025-12-16,95.0,SHP09341,95.0,0.0,,True
CARE:49347899,unauthorized_accessorial,Residential $125.00 billed with no authorization on file for SHP06077 as of 2025-09-08,125.0,SHP06077,125.0,0.0,,True
CARE:49963107,unauthorized_accessorial,Liftgate $95.00 billed with no authorization on file for SHP08714 as of 2025-11-26,95.0,SHP08714,95.0,0.0,,True
CARE:50011617,unauthorized_accessorial,Residential $125.00 billed with no authorization on file for SHP04701 as of 2025-07-10,125.0,SHP04701,125.0,0.0,,True
CARE:52070736,unauthorized_accessorial,Liftgate $95.00 billed with no authorization on file for SHP00064 as of 2025-01-12,95.0,SHP00064,95.0,0.0,,True
CARE:52375572,unauthorized_accessorial,Residential $125.00 billed with no authorization on file for SHP07944 as of 2025-11-01,125.0,SHP07944,125.0,0.0,,True
CARE:53661015,unauthorized_accessorial,Residential $125.00 billed with no authorization on file for SHP05395 as of 2025-08-06,125.0,SHP05395,125.0,0.0,,True
CARE:53984674,unauthorized_accessorial,Liftgate $95.00 billed with no authorization on file for SHP01810 as of 2025-03-28,95.0,SHP01810,95.0,0.0,,True
CARE:54026007,unauthorized_accessorial,Liftgate $95.00 billed with no authorization on file for SHP02378 as of 2025-04-20,95.0,SHP02378,95.0,0.0,,True
CARE:54026007,unauthorized_accessorial,Residential $125.00 billed with no authorization on file for SHP02378 as of 2025-04-20,125.0,SHP02378,125.0,0.0,,True
CARE:54398386,unauthorized_accessorial,Residential $125.00 billed with no authorization on file for SHP08716 as of 2025-12-07,125.0,SHP08716,125.0,0.0,,True
CARE:54684934,unauthorized_accessorial,Residential $125.00 billed with no authorization on file for SHP04006 as of 2025-06-19,125.0,SHP04006,125.0,0.0,,True
CARE:54964654,unauthorized_accessorial,Residential $125.00 billed with no authorization on file for SHP01632 as of 2025-03-29,125.0,SHP01632,125.0,0.0,,True
CARE:55549048,unauthorized_accessorial,Residential $125.00 billed with no authorization on file for SHP06090 as of 2025-09-18,125.0,SHP06090,125.0,0.0,,True
CARE:55884524,unauthorized_accessorial,Liftgate $95.00 billed with no authorization on file for SHP07164 as of 2025-10-15,95.0,SHP07164,95.0,0.0,,True
CARE:56115194,unauthorized_accessorial,Liftgate $95.00 billed with no authorization on file for SHP01493 as of 2025-03-17,95.0,SHP01493,95.0,0.0,,True
CARE:56144988,unauthorized_accessorial,Liftgate $95.00 billed with no authorization on file for SHP06948 as of 2025-10-10,95.0,SHP06948,95.0,0.0,,True
CARE:56314892,unauthorized_accessorial,Residential $125.00 billed with no authorization on file for SHP03351 as of 2025-05-25,125.0,SHP03351,125.0,0.0,,True
CARE:56342050,unauthorized_accessorial,Liftgate $95.00 billed with no authorization on file for SHP03526 as of 2025-05-29,95.0,SHP03526,95.0,0.0,,True
CARE:56983383,unauthorized_accessorial,Liftgate $95.00 billed with no authorization on file for SHP04796 as of 2025-07-29,95.0,SHP04796,95.0,0.0,,True
CARE:57147410,unauthorized_accessorial,Residential $125.00 billed with no authorization on file for SHP03822 as of 2025-06-18,125.0,SHP03822,125.0,0.0,,True
CARE:58301253,unauthorized_accessorial,Liftgate $95.00 billed with no authorization on file for SHP01863 as of 2025-04-18,95.0,SHP01863,95.0,0.0,,True
CARE:59674567,unauthorized_accessorial,Residential $125.00 billed with no authorization on file for SHP04390 as of 2025-06-26,125.0,SHP04390,125.0,0.0,,True
CARE:59822705,unauthorized_accessorial,Liftgate $95.00 billed with no authorization on file for SHP03443 as of 2025-05-28,95.0,SHP03443,95.0,0.0,,True
CARE:61072184,unauthorized_accessorial,Liftgate $95.00 billed with no authorization on file for SHP03299 as of 2025-05-23,95.0,SHP03299,95.0,0.0,,True
CARE:62362676,unauthorized_accessorial,Liftgate $95.00 billed with no authorization on file for SHP00346 as of 2025-01-29,95.0,SHP00346,95.0,0.0,,True
CARE:62449345,unauthorized_accessorial,Liftgate $95.00 billed with no authorization on file for SHP00689 as of 2025-02-07,95.0,SHP00689,95.0,0.0,,True
CARE:62589945,unauthorized_accessorial,Residential $125.00 billed with no authorization on file for SHP02079 as of 2025-04-21,125.0,SHP02079,125.0,0.0,,True
CARE:62939608,unauthorized_accessorial,Liftgate $95.00 billed with no authorization on file for SHP07993 as of 2025-11-09,95.0,SHP07993,95.0,0.0,,True
CARE:63400870,unauthorized_accessorial,Liftgate $95.00 billed with no authorization on file for SHP09722 as of 2026-01-03,95.0,SHP09722,95.0,0.0,,True
CARE:65826951,unauthorized_accessorial,Liftgate $95.00 billed with no authorization on file for SHP09312 as of 2025-12-16,95.0,SHP09312,95.0,0.0,,True
CARE:67842753,unauthorized_accessorial,Residential $125.00 billed with no authorization on file for SHP04916 as of 2025-07-17,125.0,SHP04916,125.0,0.0,,True
CARE:70488841,unauthorized_accessorial,Liftgate $95.00 billed with no authorization on file for SHP00741 as of 2025-02-18,95.0,SHP00741,95.0,0.0,,True
CARE:72389365,unauthorized_accessorial,Liftgate $95.00 billed with no authorization on file for SHP02217 as of 2025-04-09,95.0,SHP02217,95.0,0.0,,True
CARE:73357161,unauthorized_accessorial,Liftgate $95.00 billed with no authorization on file for SHP04634 as of 2025-07-04,95.0,SHP04634,95.0,0.0,,True
CARE:77122687,unauthorized_accessorial,Liftgate $95.00 billed with no authorization on file for SHP06953 as of 2025-10-02,95.0,SHP06953,95.0,0.0,,True
CARE:77809164,unauthorized_accessorial,Residential $125.00 billed with no authorization on file for SHP00552 as of 2025-02-08,125.0,SHP00552,125.0,0.0,,True
CARE:77888643,unauthorized_accessorial,Residential $125.00 billed with no authorization on file for SHP03661 as of 2025-06-10,125.0,SHP03661,125.0,0.0,,True
CARE:78243676,unauthorized_accessorial,Liftgate $95.00 billed with no authorization on file for SHP03281 as of 2025-05-29,95.0,SHP03281,95.0,0.0,,True
CARE:78352554,unauthorized_accessorial,Liftgate $95.00 billed with no authorization on file for SHP03142 as of 2025-05-16,95.0,SHP03142,95.0,0.0,,True
CARE:78656918,unauthorized_accessorial,Liftgate $95.00 billed with no authorization on file for SHP06030 as of 2025-09-02,95.0,SHP06030,95.0,0.0,,True
CARE:78858520,unauthorized_accessorial,Liftgate $95.00 billed with no authorization on file for SHP02376 as of 2025-04-16,95.0,SHP02376,95.0,0.0,,True
CARE:79641410,unauthorized_accessorial,Residential $125.00 billed with no authorization on file for SHP04674 as of 2025-08-01,125.0,SHP04674,125.0,0.0,,True
CARE:82074386,unauthorized_accessorial,Residential $125.00 billed with no authorization on file for SHP00519 as of 2025-02-01,125.0,SHP00519,125.0,0.0,,True
CARE:82331248,unauthorized_accessorial,Residential $125.00 billed with no authorization on file for SHP03637 as of 2025-06-08,125.0,SHP03637,125.0,0.0,,True
CARE:84071221,unauthorized_accessorial,Liftgate $95.00 billed with no authorization on file for SHP06512 as of 2025-10-20,95.0,SHP06512,95.0,0.0,,True
CARE:84658852,unauthorized_accessorial,Liftgate $95.00 billed with no authorization on file for SHP05857 as of 2025-09-01,95.0,SHP05857,95.0,0.0,,True
CARE:86030782,unauthorized_accessorial,Residential $125.00 billed with no authorization on file for SHP00264 as of 2025-01-22,125.0,SHP00264,125.0,0.0,,True
CARE:86552343,unauthorized_accessorial,Residential $125.00 billed with no authorization on file for SHP07328 as of 2025-10-17,125.0,SHP07328,125.0,0.0,,True
CARE:89079951,unauthorized_accessorial,Liftgate $95.00 billed with no authorization on file for SHP02292 as of 2025-04-14,95.0,SHP02292,95.0,0.0,,True
CARE:90183150,unauthorized_accessorial,Liftgate $95.00 billed with no authorization on file for SHP02141 as of 2025-04-10,95.0,SHP02141,95.0,0.0,,True
CARE:90334225,unauthorized_accessorial,Residential $125.00 billed with no authorization on file for SHP03935 as of 2025-06-07,125.0,SHP03935,125.0,0.0,,True
CARE:91652710,unauthorized_accessorial,Liftgate $95.00 billed with no authorization on file for SHP01941 as of 2025-04-26,95.0,SHP01941,95.0,0.0,,True
CARE:91872873,unauthorized_accessorial,Residential $125.00 billed with no authorization on file for SHP04723 as of 2025-07-17,125.0,SHP04723,125.0,0.0,,True
CARE:92535039,unauthorized_accessorial,Residential $125.00 billed with no authorization on file for SHP00152 as of 2025-01-17,125.0,SHP00152,125.0,0.0,,True
CARE:93413570,unauthorized_accessorial,Residential $125.00 billed with no authorization on file for SHP01086 as of 2025-03-04,125.0,SHP01086,125.0,0.0,,True
CARE:93810819,unauthorized_accessorial,Liftgate $95.00 billed with no authorization on file for SHP02773 as of 2025-05-01,95.0,SHP02773,95.0,0.0,,True
CARE:94666324,unauthorized_accessorial,Liftgate $95.00 billed with no authorization on file for SHP09935 as of 2026-01-11,95.0,SHP09935,95.0,0.0,,True
CARE:95184894,unauthorized_accessorial,Liftgate $95.00 billed with no authorization on file for SHP06665 as of 2025-09-21,95.0,SHP06665,95.0,0.0,,True
CARE:96028054,unauthorized_accessorial,Liftgate $95.00 billed with no authorization on file for SHP04840 as of 2025-08-01,95.0,SHP04840,95.0,0.0,,True
CARE:97269707,unauthorized_accessorial,Residential $125.00 billed with no authorization on file for SHP06687 as of 2025-10-04,125.0,SHP06687,125.0,0.0,,True
CARE:97760628,unauthorized_accessorial,Residential $125.00 billed with no authorization on file for SHP01510 as of 2025-03-13,125.0,SHP01510,125.0,0.0,,True
CARF:10032829,unauthorized_accessorial,Detention $150.00 billed with no authorization on file for SHP02225 as of 2025-04-07,150.0,SHP02225,150.0,0.0,,True
CARF:15752080,unauthorized_accessorial,Detention $300.00 billed with no authorization on file for SHP05309 as of 2025-07-25,300.0,SHP05309,300.0,0.0,,True
CARF:16314640,unauthorized_accessorial,Detention $300.00 billed with no authorization on file for SHP07639 as of 2025-10-23,300.0,SHP07639,300.0,0.0,,True
CARF:23447482,unauthorized_accessorial,Detention $300.00 billed with no authorization on file for SHP08497 as of 2025-11-22,300.0,SHP08497,300.0,0.0,,True
CARF:28470117,unauthorized_accessorial,Detention $225.00 billed with no authorization on file for SHP08556 as of 2025-12-01,225.0,SHP08556,225.0,0.0,,True
CARF:31420007,unauthorized_accessorial,Detention $300.00 billed with no authorization on file for SHP00665 as of 2025-02-04,300.0,SHP00665,300.0,0.0,,True
CARF:31938310,unauthorized_accessorial,Detention $150.00 billed with no authorization on file for SHP03001 as of 2025-05-17,150.0,SHP03001,150.0,0.0,,True
CARF:34114270,unauthorized_accessorial,Detention $225.00 billed with no authorization on file for SHP05715 as of 2025-08-13,225.0,SHP05715,225.0,0.0,,True
CARF:39401079,unauthorized_accessorial,Detention $75.00 billed with no authorization on file for SHP02381 as of 2025-04-26,75.0,SHP02381,75.0,0.0,,True
CARF:45909478,unauthorized_accessorial,Detention $225.00 billed with no authorization on file for SHP07582 as of 2025-10-22,225.0,SHP07582,225.0,0.0,,True
CARF:48302889,unauthorized_accessorial,Detention $75.00 billed with no authorization on file for SHP05005 as of 2025-07-26,75.0,SHP05005,75.0,0.0,,True
CARF:49946536,unauthorized_accessorial,Detention $225.00 billed with no authorization on file for SHP00092 as of 2025-01-13,225.0,SHP00092,225.0,0.0,,True
CARF:60259351,unauthorized_accessorial,Detention $225.00 billed with no authorization on file for SHP07977 as of 2025-11-02,225.0,SHP07977,225.0,0.0,,True
CARF:63404030,unauthorized_accessorial,Detention $225.00 billed with no authorization on file for SHP01491 as of 2025-03-18,225.0,SHP01491,225.0,0.0,,True
CARF:63749001,unauthorized_accessorial,Detention $75.00 billed with no authorization on file for SHP02513 as of 2025-04-18,75.0,SHP02513,75.0,0.0,,True
CARF:73292779,unauthorized_accessorial,Detention $75.00 billed with no authorization on file for SHP01864 as of 2025-03-28,75.0,SHP01864,75.0,0.0,,True
CARF:74398291,unauthorized_accessorial,Detention $225.00 billed with no authorization on file for SHP05412 as of 2025-07-30,225.0,SHP05412,225.0,0.0,,True
CARF:81390756,unauthorized_accessorial,Detention $150.00 billed with no authorization on file for SHP06247 as of 2025-09-07,150.0,SHP06247,150.0,0.0,,True
CARF:81493267,unauthorized_accessorial,Detention $300.00 billed with no authorization on file for SHP05457 as of 2025-08-07,300.0,SHP05457,300.0,0.0,,True
CARF:84482846,unauthorized_accessorial,Detention $75.00 billed with no authorization on file for SHP02938 as of 2025-05-12,75.0,SHP02938,75.0,0.0,,True
CARF:84681611,unauthorized_accessorial,Detention $225.00 billed with no authorization on file for SHP03326 as of 2025-05-17,225.0,SHP03326,225.0,0.0,,True
CARF:87521978,unauthorized_accessorial,Detention $150.00 billed with no authorization on file for SHP06224 as of 2025-09-10,150.0,SHP06224,150.0,0.0,,True
CARF:87842938,unauthorized_accessorial,Detention $300.00 billed with no authorization on file for SHP07143 as of 2025-10-07,300.0,SHP07143,300.0,0.0,,True
CARF:93954399,unauthorized_accessorial,Detention $75.00 billed with no authorization on file for SHP04994 as of 2025-07-23,75.0,SHP04994,75.0,0.0,,True
CARG:09200008,unauthorized_accessorial,Detention $150.00 billed with no authorization on file for SHP06201 as of 2025-09-03,150.0,SHP06201,150.0,0.0,,True
CARG:09761373,unauthorized_accessorial,Detention $225.00 billed with no authorization on file for SHP08626 as of 2025-12-15,225.0,SHP08626,225.0,0.0,,True
CARG:14334748,unauthorized_accessorial,Detention $300.00 billed with no authorization on file for SHP01422 as of 2025-03-19,300.0,SHP01422,300.0,0.0,,True
CARG:15214297,unauthorized_accessorial,Detention $150.00 billed with no authorization on file for SHP04680 as of 2025-07-24,150.0,SHP04680,150.0,0.0,,True
CARG:18975576,unauthorized_accessorial,Detention $150.00 billed with no authorization on file for SHP04310 as of 2025-07-11,150.0,SHP04310,150.0,0.0,,True
CARG:19156712,unauthorized_accessorial,Detention $150.00 billed with no authorization on file for SHP07280 as of 2025-10-14,150.0,SHP07280,150.0,0.0,,True
CARG:19863448,unauthorized_accessorial,Detention $225.00 billed with no authorization on file for SHP00249 as of 2025-02-03,225.0,SHP00249,225.0,0.0,,True
CARG:20890530,unauthorized_accessorial,Detention $150.00 billed with no authorization on file for SHP04205 as of 2025-06-25,150.0,SHP04205,150.0,0.0,,True
CARG:22493054,unauthorized_accessorial,Detention $150.00 billed with no authorization on file for SHP06413 as of 2025-09-16,150.0,SHP06413,150.0,0.0,,True
CARG:28633558,unauthorized_accessorial,Detention $150.00 billed with no authorization on file for SHP09841 as of 2026-01-09,150.0,SHP09841,150.0,0.0,,True
CARG:40377756,unauthorized_accessorial,Detention $225.00 billed with no authorization on file for SHP06289 as of 2025-09-18,225.0,SHP06289,225.0,0.0,,True
CARG:44291558,unauthorized_accessorial,Detention $225.00 billed with no authorization on file for SHP05425 as of 2025-07-29,225.0,SHP05425,225.0,0.0,,True
CARG:47230377,unauthorized_accessorial,Detention $75.00 billed with no authorization on file for SHP02805 as of 2025-05-16,75.0,SHP02805,75.0,0.0,,True
CARG:55439103,unauthorized_accessorial,Detention $300.00 billed with no authorization on file for SHP02599 as of 2025-05-04,300.0,SHP02599,300.0,0.0,,True
CARG:55766116,unauthorized_accessorial,Detention $150.00 billed with no authorization on file for SHP00799 as of 2025-02-20,150.0,SHP00799,150.0,0.0,,True
CARG:58928543,unauthorized_accessorial,Detention $75.00 billed with no authorization on file for SHP00077 as of 2025-01-13,75.0,SHP00077,75.0,0.0,,True
CARG:62241161,unauthorized_accessorial,Detention $150.00 billed with no authorization on file for SHP09946 as of 2026-01-20,150.0,SHP09946,150.0,0.0,,True
CARG:64551616,unauthorized_accessorial,Detention $150.00 billed with no authorization on file for SHP06453 as of 2025-09-20,150.0,SHP06453,150.0,0.0,,True
CARG:73786224,unauthorized_accessorial,Detention $225.00 billed with no authorization on file for SHP09739 as of 2026-01-04,225.0,SHP09739,225.0,0.0,,True
CARG:75052542,unauthorized_accessorial,Detention $75.00 billed with no authorization on file for SHP05424 as of 2025-08-14,75.0,SHP05424,75.0,0.0,,True
CARG:84774607,unauthorized_accessorial,Detention $150.00 billed with no authorization on file for SHP05410 as of 2025-08-23,150.0,SHP05410,150.0,0.0,,True
CARH:10073868,unauthorized_accessorial,Detention $300.00 billed with no authorization on file for SHP02444 as of 2025-05-08,300.0,SHP02444,300.0,0.0,,True
CARH:16132452,unauthorized_accessorial,Detention $225.00 billed with no authorization on file for SHP05579 as of 2025-08-20,225.0,SHP05579,225.0,0.0,,True
CARH:16947448,unauthorized_accessorial,Detention $225.00 billed with no authorization on file for SHP01556 as of 2025-04-14,225.0,SHP01556,225.0,0.0,,True
CARH:24476646,unauthorized_accessorial,Detention $225.00 billed with no authorization on file for SHP00961 as of 2025-04-06,225.0,SHP00961,225.0,0.0,,True
CARH:29736885,unauthorized_accessorial,Detention $150.00 billed with no authorization on file for SHP04334 as of 2025-07-09,150.0,SHP04334,150.0,0.0,,True
CARH:38606680,unauthorized_accessorial,Detention $300.00 billed with no authorization on file for SHP06345 as of 2025-09-20,300.0,SHP06345,300.0,0.0,,True
CARH:43182274,unauthorized_accessorial,Detention $75.00 billed with no authorization on file for SHP08894 as of 2025-12-31,75.0,SHP08894,75.0,0.0,,True
CARH:64483020,unauthorized_accessorial,Detention $300.00 billed with no authorization on file for SHP09504 as of 2026-01-01,300.0,SHP09504,300.0,0.0,,True
CARH:67428582,unauthorized_accessorial,Detention $225.00 billed with no authorization on file for SHP05829 as of 2025-08-26,225.0,SHP05829,225.0,0.0,,True
CARH:70298701,unauthorized_accessorial,Detention $225.00 billed with no authorization on file for SHP02088 as of 2025-04-22,225.0,SHP02088,225.0,0.0,,True
CARH:72092605,unauthorized_accessorial,Detention $300.00 billed with no authorization on file for SHP07159 as of 2025-10-27,300.0,SHP07159,300.0,0.0,,True
CARH:75382604,unauthorized_accessorial,Detention $75.00 billed with no authorization on file for SHP06138 as of 2025-09-05,75.0,SHP06138,75.0,0.0,,True
CARH:82571550,unauthorized_accessorial,Detention $75.00 billed with no authorization on file for SHP08248 as of 2025-11-15,75.0,SHP08248,75.0,0.0,,True
CARH:87210347,unauthorized_accessorial,Detention $225.00 billed with no authorization on file for SHP05549 as of 2025-09-08,225.0,SHP05549,225.0,0.0,,True
CARH:99227647,unauthorized_accessorial,Detention $75.00 billed with no authorization on file for SHP09298 as of 2026-01-11,75.0,SHP09298,75.0,0.0,,True
CARA:00965880,weight_overbilling,"Billed weight 1,405 lb vs reference 1,186 lb (shipment weight, no reweigh certificate): +18.5%; linehaul at billed weight $770.66 vs $770.66, est. +$176.89 with fuel surcharge",176.89,SHP09693,1405.0,1186.0,,True
CARA:08727300,weight_overbilling,"Billed weight 4,784 lb vs reference 3,750 lb (shipment weight, no reweigh certificate): +27.6%; linehaul at billed weight $2,685.38 vs $2,685.38, est. +$418.97 with fuel surcharge",418.97,SHP01756,4784.0,3750.0,,True
CARA:09016684,weight_overbilling,"Billed weight 658 lb vs reference 618 lb (shipment weight, no reweigh certificate): +6.5%; linehaul at billed weight $269.45 vs $269.45, est. +$21.99 with fuel surcharge",21.99,SHP07976,658.0,618.0,,True
CARA:09109563,weight_overbilling,"Billed weight 4,351 lb vs reference 3,989 lb (shipment weight, no reweigh certificate): +9.1%; linehaul at billed weight $1,046.31 vs $1,046.31, est. +$79.21 with fuel surcharge",79.21,SHP09912,4351.0,3989.0,,True
CARA:10238179,weight_overbilling,"Billed weight 1,615 lb vs reference 1,395 lb (shipment weight, no reweigh certificate): +15.8%; linehaul at billed weight $528.15 vs $528.15, est. +$105.03 with fuel surcharge",105.03,SHP06837,1615.0,1395.0,,True
CARA:10401131,weight_overbilling,"Billed weight 692 lb vs reference 564 lb (shipment weight, no reweigh certificate): +22.7%; linehaul at billed weight $400.33 vs $400.33, est. +$109.66 with fuel surcharge",109.66,SHP01759,692.0,564.0,,True
CARA:19190581,weight_overbilling,"Billed weight 4,318 lb vs reference 3,836 lb (shipment weight, no reweigh certificate): +12.6%; linehaul at billed weight $2,513.35 vs $2,513.35, est. +$329.94 with fuel surcharge",329.94,SHP06917,4318.0,3836.0,,True
CARA:23105632,weight_overbilling,"Billed weight 942 lb vs reference 760 lb (shipment weight, no reweigh certificate): +23.9%; linehaul at billed weight $202.46 vs $202.46, est. +$35.29 with fuel surcharge",35.29,SHP02459,942.0,760.0,,True
CARA:23117517,weight_overbilling,"Billed weight 5,556 lb vs reference 4,925 lb (shipment weight, no reweigh certificate): +12.8%; linehaul at billed weight $1,248.00 vs $1,248.00, est. +$167.51 with fuel surcharge",167.51,SHP01947,5556.0,4925.0,,True
CARA:23712174,weight_overbilling,"Billed weight 1,534 lb vs reference 1,182 lb (shipment weight, no reweigh certificate): +29.8%; linehaul at billed weight $1,057.18 vs $1,057.18, est. +$397.00 with fuel surcharge",397.0,SHP06846,1534.0,1182.0,,True
CARA:23737918,weight_overbilling,"Billed weight 1,591 lb vs reference 1,442 lb (shipment weight, no reweigh certificate): +10.3%; linehaul at billed weight $890.00 vs $890.00, est. +$116.80 with fuel surcharge",116.8,SHP07726,1591.0,1442.0,,True
CARA:25045859,weight_overbilling,"Billed weight 8,348 lb vs reference 7,500 lb (shipment weight, no reweigh certificate): +11.3%; linehaul at billed weight $1,203.75 vs $1,203.75, est. +$172.85 with fuel surcharge",172.85,SHP07369,8348.0,7500.0,,True
CARA:27332239,weight_overbilling,"Billed weight 375 lb vs reference 295 lb (shipment weight, no reweigh certificate): +27.1%; linehaul at billed weight $254.26 vs $254.26, est. +$83.22 with fuel surcharge",83.22,SHP00097,375.0,295.0,,True
CARA:32559941,weight_overbilling,"Billed weight 1,030 lb vs reference 894 lb (shipment weight, no reweigh certificate): +15.2%; linehaul at billed weight $842.40 vs $842.40, est. +$31.87 with fuel surcharge",31.87,SHP07894,1030.0,894.0,,True
CARA:33284485,weight_overbilling,"Billed weight 845 lb vs reference 705 lb (shipment weight, no reweigh certificate): +19.9%; linehaul at billed weight $187.81 vs $187.81, est. +$46.36 with fuel surcharge",46.36,SHP06055,845.0,705.0,,True
CARA:33860188,weight_overbilling,"Billed weight 879 lb vs reference 811 lb (shipment weight, no reweigh certificate): +8.4%; linehaul at billed weight $693.97 vs $693.97, est. +$60.96 with fuel surcharge",60.96,SHP03714,879.0,811.0,,True
CARA:35656852,weight_overbilling,"Billed weight 1,066 lb vs reference 939 lb (shipment weight, no reweigh certificate): +13.5%; linehaul at billed weight $346.70 vs $346.70, est. +$28.44 with fuel surcharge",28.44,SHP06233,1066.0,939.0,,True
CARA:37476542,weight_overbilling,"Billed weight 1,658 lb vs reference 1,314 lb (shipment weight, no reweigh certificate): +26.2%; linehaul at billed weight $853.84 vs $853.84, est. +$269.80 with fuel surcharge",269.8,SHP02355,1658.0,1314.0,,True
CARA:38135268,weight_overbilling,"Billed weight 1,696 lb vs reference 1,496 lb (shipment weight, no reweigh certificate): +13.4%; linehaul at billed weight $461.52 vs $461.52, est. +$74.47 with fuel surcharge",74.47,SHP01923,1696.0,1496.0,,True
CARA:39597359,weight_overbilling,"Billed weight 1,652 lb vs reference 1,394 lb (shipment weight, no reweigh certificate): +18.5%; linehaul at billed weight $528.47 vs $528.47, est. +$123.33 with fuel surcharge",123.33,SHP08372,1652.0,1394.0,,True
CARA:40820441,weight_overbilling,"Billed weight 2,303 lb vs reference 2,156 lb (shipment weight, no reweigh certificate): +6.8%; linehaul at billed weight $694.66 vs $694.66, est. +$58.03 with fuel surcharge",58.03,SHP04612,2303.0,2156.0,,True
CARA:41077368,weight_overbilling,"Billed weight 1,328 lb vs reference 1,254 lb (shipment weight, no reweigh certificate): +5.9%; linehaul at billed weight $1,121.58 vs $1,121.58, est. +$84.05 with fuel surcharge",84.05,SHP07605,1328.0,1254.0,,True
CARA:42853125,weight_overbilling,"Billed weight 559 lb vs reference 487 lb (shipment weight, no reweigh certificate): +14.8%; linehaul at billed weight $294.90 vs $294.90, est. +$42.94 with fuel surcharge",42.94,SHP09856,559.0,487.0,,True
CARA:47947611,weight_overbilling,"Billed weight 569 lb vs reference 507 lb (shipment weight, no reweigh certificate): +12.2%; linehaul at billed weight $449.40 vs $449.40, est. +$68.32 with fuel surcharge",68.32,SHP06099,569.0,507.0,,True
CARA:48313212,weight_overbilling,"Billed weight 2,273 lb vs reference 2,031 lb (shipment weight, no reweigh certificate): +11.9%; linehaul at billed weight $1,102.22 vs $1,102.22, est. +$163.26 with fuel surcharge",163.26,SHP06411,2273.0,2031.0,,True
CARA:49116140,weight_overbilling,"Billed weight 2,615 lb vs reference 2,225 lb (shipment weight, no reweigh certificate): +17.5%; linehaul at billed weight $716.00 vs $716.00, est. +$153.75 with fuel surcharge",153.75,SHP04679,2615.0,2225.0,,True
CARA:50450243,weight_overbilling,"Billed weight 748 lb vs reference 638 lb (shipment weight, no reweigh certificate): +17.2%; linehaul at billed weight $492.28 vs $492.28, est. +$106.27 with fuel surcharge",106.27,SHP06715,748.0,638.0,,True
CARA:50835932,weight_overbilling,"Billed weight 2,236 lb vs reference 1,871 lb (shipment weight, no reweigh certificate): +19.5%; linehaul at billed weight $1,487.20 vs $1,487.20, est. +$211.82 with fuel surcharge",211.82,SHP02629,2236.0,1871.0,,True
CARA:51204218,weight_overbilling,"Billed weight 1,735 lb vs reference 1,576 lb (shipment weight, no reweigh certificate): +10.1%; linehaul at billed weight $435.29 vs $435.29, est. +$41.41 with fuel surcharge",41.41,SHP02473,1735.0,1576.0,,True
CARA:52110560,weight_overbilling,"Billed weight 1,323 lb vs reference 1,096 lb (shipment weight, no reweigh certificate): +20.7%; linehaul at billed weight $844.80 vs $844.80, est. +$215.91 with fuel surcharge",215.91,SHP09994,1323.0,1096.0,,True
CARA:53622374,weight_overbilling,"Billed weight 6,106 lb vs reference 4,792 lb (shipment weight, no reweigh certificate): +27.4%; linehaul at billed weight $2,026.50 vs $2,026.50, est. +$557.19 with fuel surcharge",557.19,SHP06525,6106.0,4792.0,,True
CARA:55267955,weight_overbilling,"Billed weight 522 lb vs reference 465 lb (shipment weight, no reweigh certificate): +12.3%; linehaul at billed weight $373.65 vs $373.65, est. +$19.84 with fuel surcharge",19.84,SHP00917,522.0,465.0,,True
CARA:55917541,weight_overbilling,"Billed weight 1,161 lb vs reference 969 lb (shipment weight, no reweigh certificate): +19.8%; linehaul at billed weight $649.80 vs $649.80, est. +$130.04 with fuel surcharge",130.04,SHP06221,1161.0,969.0,,True
CARA:60336265,weight_overbilling,"Billed weight 1,146 lb vs reference 937 lb (shipment weight, no reweigh certificate): +22.3%; linehaul at billed weight $657.50 vs $657.50, est. +$121.92 with fuel surcharge",121.92,SHP07108,1146.0,937.0,,True
CARA:63297927,weight_overbilling,"Billed weight 1,358 lb vs reference 1,183 lb (shipment weight, no reweigh certificate): +14.8%; linehaul at billed weight $730.15 vs $730.15, est. +$134.26 with fuel surcharge",134.26,SHP05686,1358.0,1183.0,,True
CARA:64243825,weight_overbilling,"Billed weight 2,151 lb vs reference 1,871 lb (shipment weight, no reweigh certificate): +15.0%; linehaul at billed weight $1,085.40 vs $1,085.40, est. +$100.39 with fuel surcharge",100.39,SHP05063,2151.0,1871.0,,True
CARA:65273605,weight_overbilling,"Billed weight 2,965 lb vs reference 2,534 lb (shipment weight, no reweigh certificate): +17.0%; linehaul at billed weight $1,814.60 vs $1,814.60, est. +$372.53 with fuel surcharge",372.53,SHP00331,2965.0,2534.0,,True
CARA:67285683,weight_overbilling,"Billed weight 1,233 lb vs reference 1,132 lb (shipment weight, no reweigh certificate): +8.9%; linehaul at billed weight $735.57 vs $735.57, est. +$81.58 with fuel surcharge",81.58,SHP05727,1233.0,1132.0,,True
CARA:72743891,weight_overbilling,"Billed weight 1,091 lb vs reference 1,039 lb (shipment weight, no reweigh certificate): +5.0%; linehaul at billed weight $532.80 vs $532.80, est. +$32.18 with fuel surcharge",32.18,SHP03006,1091.0,1039.0,,True
CARA:74409244,weight_overbilling,"Billed weight 3,205 lb vs reference 2,749 lb (shipment weight, no reweigh certificate): +16.6%; linehaul at billed weight $1,567.75 vs $1,567.75, est. +$316.23 with fuel surcharge",316.23,SHP01362,3205.0,2749.0,,True
CARA:74826155,weight_overbilling,"Billed weight 1,177 lb vs reference 969 lb (shipment weight, no reweigh certificate): +21.5%; linehaul at billed weight $842.40 vs $842.40, est. +$185.33 with fuel surcharge",185.33,SHP05558,1177.0,969.0,,True
CARA:78445001,weight_overbilling,"Billed weight 418 lb vs reference 362 lb (shipment weight, no reweigh certificate): +15.5%; linehaul at billed weight $437.12 vs $437.12, est. +$81.62 with fuel surcharge",81.62,SHP03175,418.0,362.0,,True
CARA:79369500,weight_overbilling,"Billed weight 859 lb vs reference 771 lb (shipment weight, no reweigh certificate): +11.4%; linehaul at billed weight $197.68 vs $197.68, est. +$28.66 with fuel surcharge",28.66,SHP07763,859.0,771.0,,True
CARA:80408125,weight_overbilling,"Billed weight 2,721 lb vs reference 2,285 lb (shipment weight, no reweigh certificate): +19.1%; linehaul at billed weight $741.25 vs $741.25, est. +$170.72 with fuel surcharge",170.72,SHP02382,2721.0,2285.0,,True
CARA:80522857,weight_overbilling,"Billed weight 659 lb vs reference 567 lb (shipment weight, no reweigh certificate): +16.2%; linehaul at billed weight $549.31 vs $549.31, est. +$108.38 with fuel surcharge",108.38,SHP00624,659.0,567.0,,True
CARA:82143303,weight_overbilling,"Billed weight 340 lb vs reference 263 lb (shipment weight, no reweigh certificate): +29.3%; linehaul at billed weight $134.60 vs $134.60, est. +$47.57 with fuel surcharge",47.57,SHP03310,340.0,263.0,,True
CARA:83319468,weight_overbilling,"Billed weight 7,065 lb vs reference 6,374 lb (shipment weight, no reweigh certificate): +10.8%; linehaul at billed weight $1,656.60 vs $1,656.60, est. +$216.77 with fuel surcharge",216.77,SHP03231,7065.0,6374.0,,True
CARA:83664728,weight_overbilling,"Billed weight 629 lb vs reference 582 lb (shipment weight, no reweigh certificate): +8.1%; linehaul at billed weight $253.34 vs $253.34, est. +$24.70 with fuel surcharge",24.7,SHP00473,629.0,582.0,,True
CARA:84448438,weight_overbilling,"Billed weight 740 lb vs reference 579 lb (shipment weight, no reweigh certificate): +27.8%; linehaul at billed weight $205.43 vs $205.43, est. +$69.46 with fuel surcharge",69.46,SHP03748,740.0,579.0,,True
CARA:84889343,weight_overbilling,"Billed weight 1,102 lb vs reference 921 lb (shipment weight, no reweigh certificate): +19.7%; linehaul at billed weight $512.80 vs $512.80, est. +$63.14 with fuel surcharge",63.14,SHP00021,1102.0,921.0,,True
CARA:89151952,weight_overbilling,"Billed weight 1,774 lb vs reference 1,512 lb (shipment weight, no reweigh certificate): +17.3%; linehaul at billed weight $466.45 vs $466.45, est. +$71.23 with fuel surcharge",71.23,SHP04640,1774.0,1512.0,,True
CARA:89441530,weight_overbilling,"Billed weight 587 lb vs reference 517 lb (shipment weight, no reweigh certificate): +13.5%; linehaul at billed weight $226.91 vs $226.91, est. +$38.18 with fuel surcharge",38.18,SHP06522,587.0,517.0,,True
CARA:92155471,weight_overbilling,"Billed weight 3,217 lb vs reference 2,853 lb (shipment weight, no reweigh certificate): +12.8%; linehaul at billed weight $748.34 vs $748.34, est. +$115.24 with fuel surcharge",115.24,SHP03250,3217.0,2853.0,,True
CARA:93893507,weight_overbilling,"Billed weight 1,515 lb vs reference 1,339 lb (shipment weight, no reweigh certificate): +13.1%; linehaul at billed weight $898.47 vs $898.47, est. +$147.85 with fuel surcharge",147.85,SHP06641,1515.0,1339.0,,True
CARA:95311554,weight_overbilling,"Billed weight 882 lb vs reference 766 lb (shipment weight, no reweigh certificate): +15.1%; linehaul at billed weight $495.91 vs $495.91, est. +$82.06 with fuel surcharge",82.06,SHP04999,882.0,766.0,,True
CARA:99040178,weight_overbilling,"Billed weight 6,157 lb vs reference 4,820 lb (shipment weight, no reweigh certificate): +27.7%; linehaul at billed weight $834.00 vs $834.00, est. +$238.15 with fuel surcharge",238.15,SHP09931,6157.0,4820.0,,True
CARB:01467732,weight_overbilling,"Billed weight 936 lb vs reference 764 lb (shipment weight, no reweigh certificate): +22.5%; linehaul at billed weight $430.82 vs $430.82, est. +$73.93 with fuel surcharge",73.93,SHP05542,936.0,764.0,,True
CARB:02607864,weight_overbilling,"Billed weight 1,217 lb vs reference 1,048 lb (shipment weight, no reweigh certificate): +16.1%; linehaul at billed weight $320.90 vs $320.90, est. +$62.46 with fuel surcharge",62.46,SHP02926,1217.0,1048.0,,True
CARB:04371478,weight_overbilling,"Billed weight 1,315 lb vs reference 1,113 lb (shipment weight, no reweigh certificate): +18.1%; linehaul at billed weight $538.58 vs $538.58, est. +$124.14 with fuel surcharge",124.14,SHP08591,1315.0,1113.0,,True
CARB:05346504,weight_overbilling,"Billed weight 1,212 lb vs reference 1,118 lb (shipment weight, no reweigh certificate): +8.4%; linehaul at billed weight $178.10 vs $178.10, est. +$18.88 with fuel surcharge",18.88,SHP08092,1212.0,1118.0,,True
CARB:05782337,weight_overbilling,"Billed weight 3,659 lb vs reference 3,050 lb (shipment weight, no reweigh certificate): +20.0%; linehaul at billed weight $1,581.42 vs $1,581.42, est. +$386.82 with fuel surcharge",386.82,SHP05247,3659.0,3050.0,,True
CARB:07169781,weight_overbilling,"Billed weight 2,671 lb vs reference 2,405 lb (shipment weight, no reweigh certificate): +11.1%; linehaul at billed weight $1,776.81 vs $1,776.81, est. +$237.20 with fuel surcharge",237.2,SHP01798,2671.0,2405.0,,False
CARB:11177021,weight_overbilling,"Billed weight 1,164 lb vs reference 976 lb (shipment weight, no reweigh certificate): +19.3%; linehaul at billed weight $228.80 vs $228.80, est. +$46.98 with fuel surcharge",46.98,SHP08978,1164.0,976.0,,True
CARB:14324731,weight_overbilling,"Billed weight 2,671 lb vs reference 2,405 lb (shipment weight, no reweigh certificate): +11.1%; linehaul at billed weight $1,776.81 vs $1,776.81, est. +$237.20 with fuel surcharge",237.2,SHP01798,2671.0,2405.0,,True
CARB:14505173,weight_overbilling,"Billed weight 783 lb vs reference 709 lb (shipment weight, no reweigh certificate): +10.4%; linehaul at billed weight $186.54 vs $186.54, est. +$23.50 with fuel surcharge",23.5,SHP00359,783.0,709.0,,True
CARB:20433183,weight_overbilling,"Billed weight 1,217 lb vs reference 1,031 lb (shipment weight, no reweigh certificate): +18.0%; linehaul at billed weight $295.28 vs $295.28, est. +$64.30 with fuel surcharge",64.3,SHP00299,1217.0,1031.0,,True
CARB:21135933,weight_overbilling,"Billed weight 1,295 lb vs reference 1,100 lb (shipment weight, no reweigh certificate): +17.7%; linehaul at billed weight $956.01 vs $956.01, est. +$215.23 with fuel surcharge",215.23,SHP07684,1295.0,1100.0,,True
CARB:21739033,weight_overbilling,"Billed weight 3,140 lb vs reference 2,862 lb (shipment weight, no reweigh certificate): +9.7%; linehaul at billed weight $763.87 vs $763.87, est. +$92.23 with fuel surcharge",92.23,SHP05976,3140.0,2862.0,,True
CARB:29253593,weight_overbilling,"Billed weight 813 lb vs reference 626 lb (shipment weight, no reweigh certificate): +29.9%; linehaul at billed weight $642.21 vs $642.21, est. +$235.02 with fuel surcharge",235.02,SHP05178,813.0,626.0,,True
CARB:29853243,weight_overbilling,"Billed weight 728 lb vs reference 577 lb (shipment weight, no reweigh certificate): +26.2%; linehaul at billed weight $131.33 vs $131.33, est. +$42.71 with fuel surcharge",42.71,SHP06547,728.0,577.0,,True
CARB:30327135,weight_overbilling,"Billed weight 969 lb vs reference 892 lb (shipment weight, no reweigh certificate): +8.6%; linehaul at billed weight $286.40 vs $286.40, est. +$0.00 with fuel surcharge",0.0,SHP05634,969.0,892.0,,True
CARB:30812962,weight_overbilling,"Billed weight 3,756 lb vs reference 3,246 lb (shipment weight, no reweigh certificate): +15.7%; linehaul at billed weight $545.98 vs $545.98, est. +$103.54 with fuel surcharge",103.54,SHP00406,3756.0,3246.0,,True
CARB:33392266,weight_overbilling,"Billed weight 1,383 lb vs reference 1,232 lb (shipment weight, no reweigh certificate): +12.3%; linehaul at billed weight $294.20 vs $294.20, est. +$45.80 with fuel surcharge",45.8,SHP08542,1383.0,1232.0,,True
CARB:43634385,weight_overbilling,"Billed weight 1,059 lb vs reference 870 lb (shipment weight, no reweigh certificate): +21.7%; linehaul at billed weight $975.10 vs $975.10, est. +$69.96 with fuel surcharge",69.96,SHP04224,1059.0,870.0,,True
CARB:48754179,weight_overbilling,"Billed weight 1,940 lb vs reference 1,810 lb (shipment weight, no reweigh certificate): +7.2%; linehaul at billed weight $1,477.60 vs $1,477.60, est. +$0.00 with fuel surcharge",0.0,SHP02206,1940.0,1810.0,,True
CARB:51207893,weight_overbilling,"Billed weight 655 lb vs reference 596 lb (shipment weight, no reweigh certificate): +9.9%; linehaul at billed weight $418.09 vs $418.09, est. +$51.08 with fuel surcharge",51.08,SHP05348,655.0,596.0,,True
CARB:54120519,weight_overbilling,"Billed weight 3,423 lb vs reference 2,969 lb (shipment weight, no reweigh certificate): +15.3%; linehaul at billed weight $1,539.43 vs $1,539.43, est. +$284.13 with fuel surcharge",284.13,SHP01180,3423.0,2969.0,,True
CARB:54730605,weight_overbilling,"Billed weight 7,936 lb vs reference 7,391 lb (shipment weight, no reweigh certificate): +7.4%; linehaul at billed weight $1,439.77 vs $1,439.77, est. +$128.14 with fuel surcharge",128.14,SHP02743,7936.0,7391.0,,True
CARB:58204872,weight_overbilling,"Billed weight 1,645 lb vs reference 1,467 lb (shipment weight, no reweigh certificate): +12.1%; linehaul at billed weight $290.32 vs $290.32, est. +$43.16 with fuel surcharge",43.16,SHP04637,1645.0,1467.0,,True
CARB:60202173,weight_overbilling,"Billed weight 1,119 lb vs reference 979 lb (shipment weight, no reweigh certificate): +14.3%; linehaul at billed weight $610.00 vs $610.00, est. +$88.27 with fuel surcharge",88.27,SHP01513,1119.0,979.0,,True
CARB:62776696,weight_overbilling,"Billed weight 1,447 lb vs reference 1,224 lb (shipment weight, no reweigh certificate): +18.2%; linehaul at billed weight $216.28 vs $216.28, est. +$47.56 with fuel surcharge",47.56,SHP00186,1447.0,1224.0,,True
CARB:63847625,weight_overbilling,"Billed weight 693 lb vs reference 542 lb (shipment weight, no reweigh certificate): +27.9%; linehaul at billed weight $404.22 vs $404.22, est. +$136.95 with fuel surcharge",136.95,SHP03923,693.0,542.0,,True
CARB:69228156,weight_overbilling,"Billed weight 1,198 lb vs reference 946 lb (shipment weight, no reweigh certificate): +26.6%; linehaul at billed weight $159.30 vs $159.30, est. +$38.92 with fuel surcharge",38.92,SHP09867,1198.0,946.0,,True
CARB:69375612,weight_overbilling,"Billed weight 2,577 lb vs reference 2,136 lb (shipment weight, no reweigh certificate): +20.6%; linehaul at billed weight $278.32 vs $278.32, est. +$69.35 with fuel surcharge",69.35,SHP00886,2577.0,2136.0,,True
CARB:69727631,weight_overbilling,"Billed weight 2,666 lb vs reference 2,139 lb (shipment weight, no reweigh certificate): +24.6%; linehaul at billed weight $278.71 vs $278.71, est. +$83.50 with fuel surcharge",83.5,SHP01523,2666.0,2139.0,,True
CARB:70149376,weight_overbilling,"Billed weight 2,744 lb vs reference 2,509 lb (shipment weight, no reweigh certificate): +9.4%; linehaul at billed weight $422.01 vs $422.01, est. +$50.20 with fuel surcharge",50.2,SHP08509,2744.0,2509.0,,True
CARB:70371302,weight_overbilling,"Billed weight 611 lb vs reference 516 lb (shipment weight, no reweigh certificate): +18.4%; linehaul at billed weight $317.29 vs $317.29, est. +$73.66 with fuel surcharge",73.66,SHP08049,611.0,516.0,,True
CARB:71020505,weight_overbilling,"Billed weight 1,220 lb vs reference 1,137 lb (shipment weight, no reweigh certificate): +7.3%; linehaul at billed weight $225.01 vs $225.01, est. +$20.57 with fuel surcharge",20.57,SHP06770,1220.0,1137.0,,True
CARB:72421492,weight_overbilling,"Billed weight 1,047 lb vs reference 872 lb (shipment weight, no reweigh certificate): +20.1%; linehaul at billed weight $306.20 vs $306.20, est. +$17.37 with fuel surcharge",17.37,SHP02598,1047.0,872.0,,True
CARB:73987183,weight_overbilling,"Billed weight 528 lb vs reference 487 lb (shipment weight, no reweigh certificate): +8.4%; linehaul at billed weight $110.00 vs $110.00, est. +$0.00 with fuel surcharge",0.0,SHP06717,528.0,487.0,,True
CARB:75596162,weight_overbilling,"Billed weight 2,950 lb vs reference 2,361 lb (shipment weight, no reweigh certificate): +24.9%; linehaul at billed weight $984.06 vs $984.06, est. +$300.74 with fuel surcharge",300.74,SHP05293,2950.0,2361.0,,True
CARB:76012730,weight_overbilling,"Billed weight 1,821 lb vs reference 1,578 lb (shipment weight, no reweigh certificate): +15.4%; linehaul at billed weight $1,023.33 vs $1,023.33, est. +$99.71 with fuel surcharge",99.71,SHP06992,1821.0,1578.0,,True
CARB:80128338,weight_overbilling,"Billed weight 2,359 lb vs reference 1,871 lb (shipment weight, no reweigh certificate): +26.1%; linehaul at billed weight $406.00 vs $406.00, est. +$90.59 with fuel surcharge",90.59,SHP09615,2359.0,1871.0,,True
CARB:82570208,weight_overbilling,"Billed weight 3,919 lb vs reference 3,307 lb (shipment weight, no reweigh certificate): +18.5%; linehaul at billed weight $2,507.70 vs $2,507.70, est. +$564.32 with fuel surcharge",564.32,SHP04309,3919.0,3307.0,,True
CARB:83663339,weight_overbilling,"Billed weight 831 lb vs reference 721 lb (shipment weight, no reweigh certificate): +15.3%; linehaul at billed weight $132.09 vs $132.09, est. +$24.32 with fuel surcharge",24.32,SHP00879,831.0,721.0,,True
CARB:86577873,weight_overbilling,"Billed weight 726 lb vs reference 646 lb (shipment weight, no reweigh certificate): +12.4%; linehaul at billed weight $662.73 vs $662.73, est. +$104.23 with fuel surcharge",104.23,SHP07208,726.0,646.0,,True
CARB:91548479,weight_overbilling,"Billed weight 1,567 lb vs reference 1,306 lb (shipment weight, no reweigh certificate): +20.0%; linehaul at billed weight $298.81 vs $298.81, est. +$72.62 with fuel surcharge",72.62,SHP03592,1567.0,1306.0,,True
CARB:93721497,weight_overbilling,"Billed weight 888 lb vs reference 790 lb (shipment weight, no reweigh certificate): +12.4%; linehaul at billed weight $247.66 vs $247.66, est. +$31.00 with fuel surcharge",31.0,SHP05626,888.0,790.0,,True
CARB:94592387,weight_overbilling,"Billed weight 3,826 lb vs reference 3,183 lb (shipment weight, no reweigh certificate): +20.2%; linehaul at billed weight $1,446.67 vs $1,446.67, est. +$363.27 with fuel surcharge",363.27,SHP06327,3826.0,3183.0,,True
CARB:96446852,weight_overbilling,"Billed weight 1,961 lb vs reference 1,667 lb (shipment weight, no reweigh certificate): +17.6%; linehaul at billed weight $523.27 vs $523.27, est. +$12.80 with fuel surcharge",12.8,SHP01450,1961.0,1667.0,,True
CARC:00631922,weight_overbilling,"Billed weight 2,597 lb vs reference 2,468 lb (shipment weight, no reweigh certificate): +5.2%; linehaul at billed weight $1,232.52 vs $1,232.52, est. +$77.75 with fuel surcharge",77.75,SHP02831,2597.0,2468.0,,True
CARC:00877213,weight_overbilling,"Billed weight 8,333 lb vs reference 7,266 lb (shipment weight, no reweigh certificate): +14.7%; linehaul at billed weight $1,860.10 vs $1,860.10, est. +$332.15 with fuel surcharge",332.15,SHP01109,8333.0,7266.0,,True
CARC:01632252,weight_overbilling,"Billed weight 779 lb vs reference 662 lb (shipment weight, no reweigh certificate): +17.7%; linehaul at billed weight $270.69 vs $270.69, est. +$60.76 with fuel surcharge",60.76,SHP08537,779.0,662.0,,True
CARC:08537973,weight_overbilling,"Billed weight 395 lb vs reference 347 lb (shipment weight, no reweigh certificate): +13.8%; linehaul at billed weight $275.24 vs $275.24, est. +$45.95 with fuel surcharge",45.95,SHP01822,395.0,347.0,,True
CARC:09729386,weight_overbilling,"Billed weight 1,813 lb vs reference 1,640 lb (shipment weight, no reweigh certificate): +10.5%; linehaul at billed weight $809.67 vs $809.67, est. +$36.71 with fuel surcharge",36.71,SHP09313,1813.0,1640.0,,True
CARC:10384066,weight_overbilling,"Billed weight 1,085 lb vs reference 1,021 lb (shipment weight, no reweigh certificate): +6.3%; linehaul at billed weight $362.97 vs $362.97, est. +$27.66 with fuel surcharge",27.66,SHP00656,1085.0,1021.0,,True
CARC:11095270,weight_overbilling,"Billed weight 1,803 lb vs reference 1,554 lb (shipment weight, no reweigh certificate): +16.0%; linehaul at billed weight $305.98 vs $305.98, est. +$36.34 with fuel surcharge",36.34,SHP08263,1803.0,1554.0,,True
CARC:13500765,weight_overbilling,"Billed weight 1,029 lb vs reference 936 lb (shipment weight, no reweigh certificate): +9.9%; linehaul at billed weight $335.40 vs $335.40, est. +$12.36 with fuel surcharge",12.36,SHP07748,1029.0,936.0,,True
CARC:15219602,weight_overbilling,"Billed weight 6,625 lb vs reference 5,609 lb (shipment weight, no reweigh certificate): +18.1%; linehaul at billed weight $1,994.00 vs $1,994.00, est. +$445.71 with fuel surcharge",445.71,SHP09833,6625.0,5609.0,,True
CARC:17444352,weight_overbilling,"Billed weight 3,387 lb vs reference 3,104 lb (shipment weight, no reweigh certificate): +9.1%; linehaul at billed weight $492.29 vs $492.29, est. +$54.18 with fuel surcharge",54.18,SHP01880,3387.0,3104.0,,True
CARC:23424130,weight_overbilling,"Billed weight 336 lb vs reference 292 lb (shipment weight, no reweigh certificate): +15.1%; linehaul at billed weight $113.68 vs $113.68, est. +$20.97 with fuel surcharge",20.97,SHP04658,336.0,292.0,,True
CARC:24226323,weight_overbilling,"Billed weight 583 lb vs reference 510 lb (shipment weight, no reweigh certificate): +14.3%; linehaul at billed weight $154.33 vs $154.33, est. +$26.86 with fuel surcharge",26.86,SHP00946,583.0,510.0,,True
CARC:25221042,weight_overbilling,"Billed weight 2,961 lb vs reference 2,721 lb (shipment weight, no reweigh certificate): +8.8%; linehaul at billed weight $1,358.87 vs $1,358.87, est. +$145.74 with fuel surcharge",145.74,SHP03642,2961.0,2721.0,,True
CARC:28704418,weight_overbilling,"Billed weight 597 lb vs reference 549 lb (shipment weight, no reweigh certificate): +8.7%; linehaul at billed weight $203.29 vs $203.29, est. +$21.62 with fuel surcharge",21.62,SHP04297,597.0,549.0,,True
CARC:30049679,weight_overbilling,"Billed weight 8,600 lb vs reference 7,258 lb (shipment weight, no reweigh certificate): +18.5%; linehaul at billed weight $4,912.21 vs $4,912.21, est. +$1,128.98 with fuel surcharge",1128.98,SHP05820,8600.0,7258.0,,True
CARC:30064849,weight_overbilling,"Billed weight 1,064 lb vs reference 945 lb (shipment weight, no reweigh certificate): +12.6%; linehaul at billed weight $288.40 vs $288.40, est. +$22.61 with fuel surcharge",22.61,SHP05288,1064.0,945.0,,True
CARC:32005804,weight_overbilling,"Billed weight 8,393 lb vs reference 7,486 lb (shipment weight, no reweigh certificate): +12.1%; linehaul at billed weight $4,015.49 vs $4,015.49, est. +$609.12 with fuel surcharge",609.12,SHP09182,8393.0,7486.0,,True
CARC:32053661,weight_overbilling,"Billed weight 785 lb vs reference 635 lb (shipment weight, no reweigh certificate): +23.6%; linehaul at billed weight $686.43 vs $686.43, est. +$201.56 with fuel surcharge",201.56,SHP09428,785.0,635.0,,True
CARC:35319452,weight_overbilling,"Billed weight 8,872 lb vs reference 7,204 lb (shipment weight, no reweigh certificate): +23.2%; linehaul at billed weight $1,843.50 vs $1,843.50, est. +$519.04 with fuel surcharge",519.04,SHP00978,8872.0,7204.0,,True
CARC:35595417,weight_overbilling,"Billed weight 1,184 lb vs reference 1,013 lb (shipment weight, no reweigh certificate): +16.9%; linehaul at billed weight $360.12 vs $360.12, est. +$75.56 with fuel surcharge",75.56,SHP06358,1184.0,1013.0,,True
CARC:37042853,weight_overbilling,"Billed weight 1,562 lb vs reference 1,248 lb (shipment weight, no reweigh certificate): +25.2%; linehaul at billed weight $576.20 vs $576.20, est. +$176.30 with fuel surcharge",176.3,SHP01629,1562.0,1248.0,,True
CARC:39187766,weight_overbilling,"Billed weight 2,562 lb vs reference 2,394 lb (shipment weight, no reweigh certificate): +7.0%; linehaul at billed weight $535.30 vs $535.30, est. +$45.33 with fuel surcharge",45.33,SHP02214,2562.0,2394.0,,True
CARC:41138239,weight_overbilling,"Billed weight 6,258 lb vs reference 5,195 lb (shipment weight, no reweigh certificate): +20.5%; linehaul at billed weight $1,078.48 vs $1,078.48, est. +$278.28 with fuel surcharge",278.28,SHP08722,6258.0,5195.0,,True
CARC:41206583,weight_overbilling,"Billed weight 796 lb vs reference 709 lb (shipment weight, no reweigh certificate): +12.3%; linehaul at billed weight $273.46 vs $273.46, est. +$41.11 with fuel surcharge",41.11,SHP05036,796.0,709.0,,True
CARC:41457394,weight_overbilling,"Billed weight 6,942 lb vs reference 5,551 lb (shipment weight, no reweigh certificate): +25.1%; linehaul at billed weight $1,359.99 vs $1,359.99, est. +$411.35 with fuel surcharge",411.35,SHP02396,6942.0,5551.0,,True
CARC:41744938,weight_overbilling,"Billed weight 1,953 lb vs reference 1,515 lb (shipment weight, no reweigh certificate): +28.9%; linehaul at billed weight $231.79 vs $231.79, est. +$34.05 with fuel surcharge",34.05,SHP02016,1953.0,1515.0,,True
CARC:42196409,weight_overbilling,"Billed weight 1,098 lb vs reference 922 lb (shipment weight, no reweigh certificate): +19.1%; linehaul at billed weight $340.20 vs $340.20, est. +$41.74 with fuel surcharge",41.74,SHP09100,1098.0,922.0,,True
CARC:42884861,weight_overbilling,"Billed weight 740 lb vs reference 685 lb (shipment weight, no reweigh certificate): +8.0%; linehaul at billed weight $377.09 vs $377.09, est. +$36.82 with fuel surcharge",36.82,SHP04381,740.0,685.0,,True
CARC:43787751,weight_overbilling,"Billed weight 1,628 lb vs reference 1,514 lb (shipment weight, no reweigh certificate): +7.5%; linehaul at billed weight $363.97 vs $363.97, est. +$34.55 with fuel surcharge",34.55,SHP06966,1628.0,1514.0,,True
CARC:45253274,weight_overbilling,"Billed weight 2,447 lb vs reference 2,310 lb (shipment weight, no reweigh certificate): +5.9%; linehaul at billed weight $1,862.78 vs $1,862.78, est. +$134.34 with fuel surcharge",134.34,SHP04496,2447.0,2310.0,,True
CARC:46014865,weight_overbilling,"Billed weight 1,928 lb vs reference 1,564 lb (shipment weight, no reweigh certificate): +23.3%; linehaul at billed weight $500.79 vs $500.79, est. +$54.60 with fuel surcharge",54.6,SHP09091,1928.0,1564.0,,True
CARC:46724679,weight_overbilling,"Billed weight 1,666 lb vs reference 1,306 lb (shipment weight, no reweigh certificate): +27.6%; linehaul at billed weight $767.41 vs $767.41, est. +$257.22 with fuel surcharge",257.22,SHP00683,1666.0,1306.0,,True
CARC:47475949,weight_overbilling,"Billed weight 619 lb vs reference 569 lb (shipment weight, no reweigh certificate): +8.8%; linehaul at billed weight $128.88 vs $128.88, est. +$14.38 with fuel surcharge",14.38,SHP07054,619.0,569.0,,True
CARC:49940544,weight_overbilling,"Billed weight 1,788 lb vs reference 1,607 lb (shipment weight, no reweigh certificate): +11.3%; linehaul at billed weight $1,249.44 vs $1,249.44, est. +$91.25 with fuel surcharge",91.25,SHP06870,1788.0,1607.0,,True
CARC:50461203,weight_overbilling,"Billed weight 678 lb vs reference 612 lb (shipment weight, no reweigh certificate): +10.8%; linehaul at billed weight $349.21 vs $349.21, est. +$45.46 with fuel surcharge",45.46,SHP03243,678.0,612.0,,True
CARC:54093682,weight_overbilling,"Billed weight 374 lb vs reference 316 lb (shipment weight, no reweigh certificate): +18.4%; linehaul at billed weight $196.96 vs $196.96, est. +$43.96 with fuel surcharge",43.96,SHP04134,374.0,316.0,,True
CARC:54599592,weight_overbilling,"Billed weight 246 lb vs reference 226 lb (shipment weight, no reweigh certificate): +8.8%; linehaul at billed weight $289.46 vs $289.46, est. +$31.62 with fuel surcharge",31.62,SHP09989,246.0,226.0,,True
CARC:56443460,weight_overbilling,"Billed weight 1,573 lb vs reference 1,492 lb (shipment weight, no reweigh certificate): +5.4%; linehaul at billed weight $670.06 vs $670.06, est. +$44.55 with fuel surcharge",44.55,SHP05273,1573.0,1492.0,,True
CARC:56497320,weight_overbilling,"Billed weight 992 lb vs reference 856 lb (shipment weight, no reweigh certificate): +15.9%; linehaul at billed weight $193.88 vs $193.88, est. +$3.78 with fuel surcharge",3.78,SHP09250,992.0,856.0,,True
CARC:58018548,weight_overbilling,"Billed weight 1,205 lb vs reference 1,082 lb (shipment weight, no reweigh certificate): +11.4%; linehaul at billed weight $384.65 vs $384.65, est. +$52.78 with fuel surcharge",52.78,SHP01827,1205.0,1082.0,,True
CARC:58207871,weight_overbilling,"Billed weight 1,976 lb vs reference 1,696 lb (shipment weight, no reweigh certificate): +16.5%; linehaul at billed weight $316.47 vs $316.47, est. +$0.91 with fuel surcharge",0.91,SHP05718,1976.0,1696.0,,True
CARC:59198895,weight_overbilling,"Billed weight 799 lb vs reference 637 lb (shipment weight, no reweigh certificate): +25.4%; linehaul at billed weight $328.95 vs $328.95, est. +$100.97 with fuel surcharge",100.97,SHP03341,799.0,637.0,,True
CARC:61388423,weight_overbilling,"Billed weight 622 lb vs reference 558 lb (shipment weight, no reweigh certificate): +11.5%; linehaul at billed weight $154.23 vs $154.23, est. +$21.51 with fuel surcharge",21.51,SHP04263,622.0,558.0,,True
CARC:62250819,weight_overbilling,"Billed weight 3,193 lb vs reference 2,710 lb (shipment weight, no reweigh certificate): +17.8%; linehaul at billed weight $335.23 vs $335.23, est. +$72.64 with fuel surcharge",72.64,SHP01423,3193.0,2710.0,,True
CARC:64706452,weight_overbilling,"Billed weight 2,367 lb vs reference 2,060 lb (shipment weight, no reweigh certificate): +14.9%; linehaul at billed weight $868.91 vs $868.91, est. +$164.45 with fuel surcharge",164.45,SHP07393,2367.0,2060.0,,True
CARC:64732821,weight_overbilling,"Billed weight 1,283 lb vs reference 1,157 lb (shipment weight, no reweigh certificate): +10.9%; linehaul at billed weight $861.85 vs $861.85, est. +$114.13 with fuel surcharge",114.13,SHP04339,1283.0,1157.0,,True
CARC:64837644,weight_overbilling,"Billed weight 2,422 lb vs reference 2,225 lb (shipment weight, no reweigh certificate): +8.9%; linehaul at billed weight $672.17 vs $672.17, est. +$71.84 with fuel surcharge",71.84,SHP02524,2422.0,2225.0,,True
CARC:67191668,weight_overbilling,"Billed weight 2,352 lb vs reference 2,196 lb (shipment weight, no reweigh certificate): +7.1%; linehaul at billed weight $367.61 vs $367.61, est. +$32.92 with fuel surcharge",32.92,SHP08815,2352.0,2196.0,,True
CARC:67322365,weight_overbilling,"Billed weight 2,064 lb vs reference 1,800 lb (shipment weight, no reweigh certificate): +14.7%; linehaul at billed weight $408.60 vs $408.60, est. +$15.91 with fuel surcharge",15.91,SHP00586,2064.0,1800.0,,True
CARC:67514803,weight_overbilling,"Billed weight 657 lb vs reference 553 lb (shipment weight, no reweigh certificate): +18.8%; linehaul at billed weight $204.78 vs $204.78, est. +$46.83 with fuel surcharge",46.83,SHP00699,657.0,553.0,,True
CARC:67967043,weight_overbilling,"Billed weight 6,222 lb vs reference 5,355 lb (shipment weight, no reweigh certificate): +16.2%; linehaul at billed weight $2,872.42 vs $2,872.42, est. +$586.44 with fuel surcharge",586.44,SHP08355,6222.0,5355.0,,True
CARC:68501549,weight_overbilling,"Billed weight 2,053 lb vs reference 1,663 lb (shipment weight, no reweigh certificate): +23.5%; linehaul at billed weight $479.61 vs $479.61, est. +$28.46 with fuel surcharge",28.46,SHP01726,2053.0,1663.0,,True
CARC:69093429,weight_overbilling,"Billed weight 1,228 lb vs reference 1,041 lb (shipment weight, no reweigh certificate): +18.0%; linehaul at billed weight $467.51 vs $467.51, est. +$104.39 with fuel surcharge",104.39,SHP06451,1228.0,1041.0,,True
CARC:71856414,weight_overbilling,"Billed weight 1,305 lb vs reference 1,071 lb (shipment weight, no reweigh certificate): +21.8%; linehaul at billed weight $155.83 vs $155.83, est. +$42.94 with fuel surcharge",42.94,SHP08445,1305.0,1071.0,,True
CARC:72514243,weight_overbilling,"Billed weight 1,309 lb vs reference 1,011 lb (shipment weight, no reweigh certificate): +29.5%; linehaul at billed weight $466.78 vs $466.78, est. +$166.07 with fuel surcharge",166.07,SHP02036,1309.0,1011.0,,True
CARC:73102653,weight_overbilling,"Billed weight 720 lb vs reference 633 lb (shipment weight, no reweigh certificate): +13.7%; linehaul at billed weight $209.90 vs $209.90, est. +$35.34 with fuel surcharge",35.34,SHP05220,720.0,633.0,,True
CARC:74444182,weight_overbilling,"Billed weight 481 lb vs reference 396 lb (shipment weight, no reweigh certificate): +21.5%; linehaul at billed weight $181.88 vs $181.88, est. +$16.62 with fuel surcharge",16.62,SHP03301,481.0,396.0,,True
CARC:75030671,weight_overbilling,"Billed weight 3,058 lb vs reference 2,354 lb (shipment weight, no reweigh certificate): +29.9%; linehaul at billed weight $291.19 vs $291.19, est. +$105.11 with fuel surcharge",105.11,SHP01903,3058.0,2354.0,,True
CARC:75247006,weight_overbilling,"Billed weight 2,436 lb vs reference 2,194 lb (shipment weight, no reweigh certificate): +11.0%; linehaul at billed weight $892.74 vs $892.74, est. +$118.85 with fuel surcharge",118.85,SHP01173,2436.0,2194.0,,True
CARC:76452508,weight_overbilling,"Billed weight 464 lb vs reference 377 lb (shipment weight, no reweigh certificate): +23.1%; linehaul at billed weight $162.98 vs $162.98, est. +$26.25 with fuel surcharge",26.25,SHP06283,464.0,377.0,,True
CARC:78169540,weight_overbilling,"Billed weight 6,372 lb vs reference 5,742 lb (shipment weight, no reweigh certificate): +11.0%; linehaul at billed weight $601.76 vs $601.76, est. +$79.70 with fuel surcharge",79.7,SHP03115,6372.0,5742.0,,True
CARC:78721511,weight_overbilling,"Billed weight 582 lb vs reference 513 lb (shipment weight, no reweigh certificate): +13.5%; linehaul at billed weight $155.23 vs $155.23, est. +$25.39 with fuel surcharge",25.39,SHP03775,582.0,513.0,,True
CARC:79224238,weight_overbilling,"Billed weight 2,153 lb vs reference 1,727 lb (shipment weight, no reweigh certificate): +24.7%; linehaul at billed weight $813.80 vs $813.80, est. +$75.15 with fuel surcharge",75.15,SHP01150,2153.0,1727.0,,True
CARC:83351040,weight_overbilling,"Billed weight 3,961 lb vs reference 3,351 lb (shipment weight, no reweigh certificate): +18.2%; linehaul at billed weight $1,363.52 vs $1,363.52, est. +$301.82 with fuel surcharge",301.82,SHP01037,3961.0,3351.0,,True
CARC:84810514,weight_overbilling,"Billed weight 6,164 lb vs reference 5,504 lb (shipment weight, no reweigh certificate): +12.0%; linehaul at billed weight $606.54 vs $606.54, est. +$89.75 with fuel surcharge",89.75,SHP09956,6164.0,5504.0,,True
CARC:89030029,weight_overbilling,"Billed weight 1,626 lb vs reference 1,372 lb (shipment weight, no reweigh certificate): +18.5%; linehaul at billed weight $616.17 vs $616.17, est. +$138.71 with fuel surcharge",138.71,SHP04346,1626.0,1372.0,,True
CARC:90625445,weight_overbilling,"Billed weight 3,911 lb vs reference 3,461 lb (shipment weight, no reweigh certificate): +13.0%; linehaul at billed weight $848.29 vs $848.29, est. +$133.13 with fuel surcharge",133.13,SHP01133,3911.0,3461.0,,True
CARC:91002567,weight_overbilling,"Billed weight 338 lb vs reference 307 lb (shipment weight, no reweigh certificate): +10.1%; linehaul at billed weight $132.72 vs $132.72, est. +$16.42 with fuel surcharge",16.42,SHP05214,338.0,307.0,,True
CARC:91655680,weight_overbilling,"Billed weight 2,783 lb vs reference 2,603 lb (shipment weight, no reweigh certificate): +6.9%; linehaul at billed weight $1,720.32 vs $1,720.32, est. +$143.58 with fuel surcharge",143.58,SHP02286,2783.0,2603.0,,True
CARC:92473175,weight_overbilling,"Billed weight 661 lb vs reference 588 lb (shipment weight, no reweigh certificate): +12.4%; linehaul at billed weight $133.18 vs $133.18, est. +$20.11 with fuel surcharge",20.11,SHP03673,661.0,588.0,,True
CARC:95091960,weight_overbilling,"Billed weight 1,823 lb vs reference 1,409 lb (shipment weight, no reweigh certificate): +29.4%; linehaul at billed weight $338.72 vs $338.72, est. +$84.35 with fuel surcharge",84.35,SHP02756,1823.0,1409.0,,True
CARC:95627629,weight_overbilling,"Billed weight 2,131 lb vs reference 1,980 lb (shipment weight, no reweigh certificate): +7.6%; linehaul at billed weight $1,266.40 vs $1,266.40, est. +$100.87 with fuel surcharge",100.87,SHP00710,2131.0,1980.0,,True
CARC:98132008,weight_overbilling,"Billed weight 1,727 lb vs reference 1,543 lb (shipment weight, no reweigh certificate): +11.9%; linehaul at billed weight $548.54 vs $548.54, est. +$70.94 with fuel surcharge",70.94,SHP07390,1727.0,1543.0,,True
CARD:00018997,weight_overbilling,"Billed weight 219 lb vs reference 180 lb (shipment weight, no reweigh certificate): +21.7%; linehaul at billed weight $129.10 vs $129.10, est. +$35.27 with fuel surcharge",35.27,SHP07888,219.0,180.0,,True
CARD:00442684,weight_overbilling,"Billed weight 3,910 lb vs reference 3,056 lb (shipment weight, no reweigh certificate): +27.9%; linehaul at billed weight $659.48 vs $659.48, est. +$222.45 with fuel surcharge",222.45,SHP00125,3910.0,3056.0,,True
CARD:04562850,weight_overbilling,"Billed weight 4,098 lb vs reference 3,727 lb (shipment weight, no reweigh certificate): +10.0%; linehaul at billed weight $1,230.66 vs $1,230.66, est. +$147.86 with fuel surcharge",147.86,SHP00267,4098.0,3727.0,,True
CARD:06221289,weight_overbilling,"Billed weight 1,513 lb vs reference 1,214 lb (shipment weight, no reweigh certificate): +24.6%; linehaul at billed weight $197.15 vs $197.15, est. +$59.92 with fuel surcharge",59.92,SHP05477,1513.0,1214.0,,True
CARD:06726457,weight_overbilling,"Billed weight 977 lb vs reference 864 lb (shipment weight, no reweigh certificate): +13.1%; linehaul at billed weight $252.29 vs $252.29, est. +$1.96 with fuel surcharge",1.96,SHP04135,977.0,864.0,,True
CARD:08383941,weight_overbilling,"Billed weight 874 lb vs reference 756 lb (shipment weight, no reweigh certificate): +15.6%; linehaul at billed weight $239.58 vs $239.58, est. +$43.80 with fuel surcharge",43.8,SHP03379,874.0,756.0,,True
CARD:08498780,weight_overbilling,"Billed weight 1,597 lb vs reference 1,375 lb (shipment weight, no reweigh certificate): +16.1%; linehaul at billed weight $934.17 vs $934.17, est. +$182.05 with fuel surcharge",182.05,SHP02853,1597.0,1375.0,,True
CARD:09105114,weight_overbilling,"Billed weight 3,190 lb vs reference 2,578 lb (shipment weight, no reweigh certificate): +23.7%; linehaul at billed weight $944.58 vs $944.58, est. +$272.68 with fuel surcharge",272.68,SHP04225,3190.0,2578.0,,True
CARD:09670033,weight_overbilling,"Billed weight 790 lb vs reference 715 lb (shipment weight, no reweigh certificate): +10.5%; linehaul at billed weight $290.36 vs $290.36, est. +$38.41 with fuel surcharge",38.41,SHP08841,790.0,715.0,,True
CARD:12089293,weight_overbilling,"Billed weight 621 lb vs reference 591 lb (shipment weight, no reweigh certificate): +5.1%; linehaul at billed weight $172.57 vs $172.57, est. +$10.89 with fuel surcharge",10.89,SHP06498,621.0,591.0,,True
CARD:16027197,weight_overbilling,"Billed weight 2,137 lb vs reference 1,998 lb (shipment weight, no reweigh certificate): +7.0%; linehaul at billed weight $273.00 vs $273.00, est. +$23.24 with fuel surcharge",23.24,SHP05511,2137.0,1998.0,,True
CARD:20325923,weight_overbilling,"Billed weight 822 lb vs reference 683 lb (shipment weight, no reweigh certificate): +20.4%; linehaul at billed weight $277.37 vs $277.37, est. +$69.14 with fuel surcharge",69.14,SHP04732,822.0,683.0,,True
CARD:21386074,weight_overbilling,"Billed weight 3,575 lb vs reference 2,993 lb (shipment weight, no reweigh certificate): +19.4%; linehaul at billed weight $988.29 vs $988.29, est. +$235.42 with fuel surcharge",235.42,SHP05033,3575.0,2993.0,,True
CARD:23385084,weight_overbilling,"Billed weight 1,741 lb vs reference 1,571 lb (shipment weight, no reweigh certificate): +10.8%; linehaul at billed weight $218.84 vs $218.84, est. +$22.32 with fuel surcharge",22.32,SHP05682,1741.0,1571.0,,True
CARD:24019583,weight_overbilling,"Billed weight 1,867 lb vs reference 1,675 lb (shipment weight, no reweigh certificate): +11.5%; linehaul at billed weight $264.15 vs $264.15, est. +$5.03 with fuel surcharge",5.03,SHP06538,1867.0,1675.0,,True
CARD:29710731,weight_overbilling,"Billed weight 907 lb vs reference 823 lb (shipment weight, no reweigh certificate): +10.2%; linehaul at billed weight $153.65 vs $153.65, est. +$10.80 with fuel surcharge",10.8,SHP09899,907.0,823.0,,True
CARD:31543482,weight_overbilling,"Billed weight 2,569 lb vs reference 2,276 lb (shipment weight, no reweigh certificate): +12.9%; linehaul at billed weight $1,397.69 vs $1,397.69, est. +$222.03 with fuel surcharge",222.03,SHP05468,2569.0,2276.0,,True
CARD:33164800,weight_overbilling,"Billed weight 721 lb vs reference 596 lb (shipment weight, no reweigh certificate): +21.0%; linehaul at billed weight $110.00 vs $110.00, est. +$25.28 with fuel surcharge",25.28,SHP03716,721.0,596.0,,True
CARD:35852010,weight_overbilling,"Billed weight 2,121 lb vs reference 2,020 lb (shipment weight, no reweigh certificate): +5.0%; linehaul at billed weight $740.13 vs $740.13, est. +$45.99 with fuel surcharge",45.99,SHP06521,2121.0,2020.0,,True
CARD:36402500,weight_overbilling,"Billed weight 704 lb vs reference 588 lb (shipment weight, no reweigh certificate): +19.7%; linehaul at billed weight $459.40 vs $459.40, est. +$109.40 with fuel surcharge",109.4,SHP02991,704.0,588.0,,True
CARD:42206632,weight_overbilling,"Billed weight 2,399 lb vs reference 2,207 lb (shipment weight, no reweigh certificate): +8.7%; linehaul at billed weight $304.57 vs $304.57, est. +$33.64 with fuel surcharge",33.64,SHP07435,2399.0,2207.0,,True
CARD:45441397,weight_overbilling,"Billed weight 3,155 lb vs reference 2,860 lb (shipment weight, no reweigh certificate): +10.3%; linehaul at billed weight $1,291.29 vs $1,291.29, est. +$163.16 with fuel surcharge",163.16,SHP04998,3155.0,2860.0,,True
CARD:49806500,weight_overbilling,"Billed weight 708 lb vs reference 595 lb (shipment weight, no reweigh certificate): +19.0%; linehaul at billed weight $600.89 vs $600.89, est. +$137.74 with fuel surcharge",137.74,SHP04121,708.0,595.0,,True
CARD:53802268,weight_overbilling,"Billed weight 250 lb vs reference 226 lb (shipment weight, no reweigh certificate): +10.6%; linehaul at billed weight $118.51 vs $118.51, est. +$15.65 with fuel surcharge",15.65,SHP06193,250.0,226.0,,True
CARD:54495790,weight_overbilling,"Billed weight 5,708 lb vs reference 4,418 lb (shipment weight, no reweigh certificate): +29.2%; linehaul at billed weight $501.50 vs $501.50, est. +$86.35 with fuel surcharge",86.35,SHP03858,5708.0,4418.0,,True
CARD:60403512,weight_overbilling,"Billed weight 1,232 lb vs reference 994 lb (shipment weight, no reweigh certificate): +23.9%; linehaul at billed weight $277.10 vs $277.10, est. +$78.76 with fuel surcharge",78.76,SHP04980,1232.0,994.0,,True
CARD:65901319,weight_overbilling,"Billed weight 1,837 lb vs reference 1,705 lb (shipment weight, no reweigh certificate): +7.7%; linehaul at billed weight $600.40 vs $600.40, est. +$0.00 with fuel surcharge",0.0,SHP09384,1837.0,1705.0,,True
CARD:66341042,weight_overbilling,"Billed weight 2,510 lb vs reference 2,094 lb (shipment weight, no reweigh certificate): +19.9%; linehaul at billed weight $451.89 vs $451.89, est. +$111.58 with fuel surcharge",111.58,SHP06446,2510.0,2094.0,,True
CARD:67681831,weight_overbilling,"Billed weight 1,532 lb vs reference 1,362 lb (shipment weight, no reweigh certificate): +12.5%; linehaul at billed weight $723.49 vs $723.49, est. +$113.88 with fuel surcharge",113.88,SHP06997,1532.0,1362.0,,True
CARD:67695535,weight_overbilling,"Billed weight 1,171 lb vs reference 1,049 lb (shipment weight, no reweigh certificate): +11.6%; linehaul at billed weight $557.23 vs $557.23, est. +$78.23 with fuel surcharge",78.23,SHP01236,1171.0,1049.0,,True
CARD:68365249,weight_overbilling,"Billed weight 999 lb vs reference 871 lb (shipment weight, no reweigh certificate): +14.7%; linehaul at billed weight $388.50 vs $388.50, est. +$0.00 with fuel surcharge",0.0,SHP01009,999.0,871.0,,True
CARD:69308090,weight_overbilling,"Billed weight 2,596 lb vs reference 2,007 lb (shipment weight, no reweigh certificate): +29.3%; linehaul at billed weight $1,232.50 vs $1,232.50, est. +$456.10 with fuel surcharge",456.1,SHP08148,2596.0,2007.0,,True
CARD:70752984,weight_overbilling,"Billed weight 2,685 lb vs reference 2,312 lb (shipment weight, no reweigh certificate): +16.1%; linehaul at billed weight $498.93 vs $498.93, est. +$100.05 with fuel surcharge",100.05,SHP06158,2685.0,2312.0,,True
CARD:73002531,weight_overbilling,"Billed weight 377 lb vs reference 345 lb (shipment weight, no reweigh certificate): +9.3%; linehaul at billed weight $118.27 vs $118.27, est. +$13.44 with fuel surcharge",13.44,SHP04868,377.0,345.0,,True
CARD:73165863,weight_overbilling,"Billed weight 1,557 lb vs reference 1,334 lb (shipment weight, no reweigh certificate): +16.7%; linehaul at billed weight $963.82 vs $963.82, est. +$197.36 with fuel surcharge",197.36,SHP05121,1557.0,1334.0,,True
CARD:74101379,weight_overbilling,"Billed weight 1,514 lb vs reference 1,275 lb (shipment weight, no reweigh certificate): +18.7%; linehaul at billed weight $456.32 vs $456.32, est. +$108.64 with fuel surcharge",108.64,SHP07155,1514.0,1275.0,,True
CARD:75348367,weight_overbilling,"Billed weight 1,105 lb vs reference 1,038 lb (shipment weight, no reweigh certificate): +6.5%; linehaul at billed weight $479.24 vs $479.24, est. +$37.34 with fuel surcharge",37.34,SHP00533,1105.0,1038.0,,True
CARD:75427739,weight_overbilling,"Billed weight 1,392 lb vs reference 1,223 lb (shipment weight, no reweigh certificate): +13.8%; linehaul at billed weight $475.14 vs $475.14, est. +$79.24 with fuel surcharge",79.24,SHP00078,1392.0,1223.0,,True
CARD:75783115,weight_overbilling,"Billed weight 3,354 lb vs reference 2,960 lb (shipment weight, no reweigh certificate): +13.3%; linehaul at billed weight $396.94 vs $396.94, est. +$64.72 with fuel surcharge",64.72,SHP04896,3354.0,2960.0,,True
CARD:75862850,weight_overbilling,"Billed weight 4,453 lb vs reference 4,084 lb (shipment weight, no reweigh certificate): +9.0%; linehaul at billed weight $1,226.02 vs $1,226.02, est. +$54.89 with fuel surcharge",54.89,SHP00762,4453.0,4084.0,,True
CARD:77726018,weight_overbilling,"Billed weight 1,670 lb vs reference 1,498 lb (shipment weight, no reweigh certificate): +11.5%; linehaul at billed weight $789.60 vs $789.60, est. +$112.69 with fuel surcharge",112.69,SHP06118,1670.0,1498.0,,True
CARD:79325542,weight_overbilling,"Billed weight 1,198 lb vs reference 1,105 lb (shipment weight, no reweigh certificate): +8.4%; linehaul at billed weight $476.37 vs $476.37, est. +$48.39 with fuel surcharge",48.39,SHP00832,1198.0,1105.0,,True
CARD:80620964,weight_overbilling,"Billed weight 355 lb vs reference 307 lb (shipment weight, no reweigh certificate): +15.6%; linehaul at billed weight $160.99 vs $160.99, est. +$30.61 with fuel surcharge",30.61,SHP03497,355.0,307.0,,True
CARD:80711255,weight_overbilling,"Billed weight 3,415 lb vs reference 3,068 lb (shipment weight, no reweigh certificate): +11.3%; linehaul at billed weight $718.83 vs $718.83, est. +$101.06 with fuel surcharge",101.06,SHP05762,3415.0,3068.0,,True
CARD:82780076,weight_overbilling,"Billed weight 4,328 lb vs reference 3,588 lb (shipment weight, no reweigh certificate): +20.6%; linehaul at billed weight $1,077.12 vs $1,077.12, est. +$246.86 with fuel surcharge",246.86,SHP08502,4328.0,3588.0,,True
CARD:85555362,weight_overbilling,"Billed weight 470 lb vs reference 446 lb (shipment weight, no reweigh certificate): +5.4%; linehaul at billed weight $264.85 vs $264.85, est. +$0.00 with fuel surcharge",0.0,SHP07136,470.0,446.0,,True
CARD:87170391,weight_overbilling,"Billed weight 360 lb vs reference 337 lb (shipment weight, no reweigh certificate): +6.8%; linehaul at billed weight $309.10 vs $309.10, est. +$26.03 with fuel surcharge",26.03,SHP05337,360.0,337.0,,True
CARD:88245806,weight_overbilling,"Billed weight 5,075 lb vs reference 4,569 lb (shipment weight, no reweigh certificate): +11.1%; linehaul at billed weight $914.00 vs $914.00, est. +$16.67 with fuel surcharge",16.67,SHP01569,5075.0,4569.0,,True
CARD:92345937,weight_overbilling,"Billed weight 2,046 lb vs reference 1,730 lb (shipment weight, no reweigh certificate): +18.3%; linehaul at billed weight $903.00 vs $903.00, est. +$25.44 with fuel surcharge",25.44,SHP04684,2046.0,1730.0,,True
CARD:94581558,weight_overbilling,"Billed weight 4,773 lb vs reference 4,003 lb (shipment weight, no reweigh certificate): +19.2%; linehaul at billed weight $473.96 vs $473.96, est. +$33.24 with fuel surcharge",33.24,SHP01221,4773.0,4003.0,,True
CARD:96172137,weight_overbilling,"Billed weight 1,111 lb vs reference 982 lb (shipment weight, no reweigh certificate): +13.1%; linehaul at billed weight $531.20 vs $531.20, est. +$73.82 with fuel surcharge",73.82,SHP06704,1111.0,982.0,,True
CARD:97689179,weight_overbilling,"Billed weight 454 lb vs reference 394 lb (shipment weight, no reweigh certificate): +15.2%; linehaul at billed weight $151.41 vs $151.41, est. +$15.50 with fuel surcharge",15.5,SHP07855,454.0,394.0,,True
CARD:97751356,weight_overbilling,"Billed weight 499 lb vs reference 443 lb (shipment weight, no reweigh certificate): +12.6%; linehaul at billed weight $247.90 vs $247.90, est. +$0.00 with fuel surcharge",0.0,SHP04253,499.0,443.0,,True
CARD:98632912,weight_overbilling,"Billed weight 3,809 lb vs reference 3,279 lb (shipment weight, no reweigh certificate): +16.2%; linehaul at billed weight $1,283.73 vs $1,283.73, est. +$261.64 with fuel surcharge",261.64,SHP07851,3809.0,3279.0,,True
CARE:01365075,weight_overbilling,"Billed weight 2,683 lb vs reference 2,132 lb (shipment weight, no reweigh certificate): +25.8%; linehaul at billed weight $345.81 vs $345.81, est. +$107.87 with fuel surcharge",107.87,SHP02990,2683.0,2132.0,,True
CARE:01668760,weight_overbilling,"Billed weight 5,740 lb vs reference 4,594 lb (shipment weight, no reweigh certificate): +24.9%; linehaul at billed weight $1,310.50 vs $1,310.50, est. +$234.10 with fuel surcharge",234.1,SHP02919,5740.0,4594.0,,True
CARE:03226491,weight_overbilling,"Billed weight 359 lb vs reference 288 lb (shipment weight, no reweigh certificate): +24.7%; linehaul at billed weight $228.99 vs $228.99, est. +$71.18 with fuel surcharge",71.18,SHP08345,359.0,288.0,,True
CARE:03963712,weight_overbilling,"Billed weight 540 lb vs reference 512 lb (shipment weight, no reweigh certificate): +5.5%; linehaul at billed weight $209.61 vs $209.61, est. +$13.84 with fuel surcharge",13.84,SHP02145,540.0,512.0,,True
CARE:04025140,weight_overbilling,"Billed weight 2,622 lb vs reference 2,421 lb (shipment weight, no reweigh certificate): +8.3%; linehaul at billed weight $1,029.89 vs $1,029.89, est. +$106.29 with fuel surcharge",106.29,SHP05533,2622.0,2421.0,,False
CARE:04389680,weight_overbilling,"Billed weight 365 lb vs reference 342 lb (shipment weight, no reweigh certificate): +6.7%; linehaul at billed weight $193.02 vs $193.02, est. +$15.80 with fuel surcharge",15.8,SHP04288,365.0,342.0,,True
CARE:06699801,weight_overbilling,"Billed weight 1,212 lb vs reference 1,111 lb (shipment weight, no reweigh certificate): +9.1%; linehaul at billed weight $334.41 vs $334.41, est. +$38.33 with fuel surcharge",38.33,SHP07914,1212.0,1111.0,,True
CARE:08928915,weight_overbilling,"Billed weight 1,749 lb vs reference 1,616 lb (shipment weight, no reweigh certificate): +8.2%; linehaul at billed weight $513.08 vs $513.08, est. +$33.68 with fuel surcharge",33.68,SHP07575,1749.0,1616.0,,True
CARE:11762584,weight_overbilling,"Billed weight 7,926 lb vs reference 7,500 lb (shipment weight, no reweigh certificate): +5.7%; linehaul at billed weight $3,263.25 vs $3,263.25, est. +$235.39 with fuel surcharge",235.39,SHP07670,7926.0,7500.0,,True
CARE:12591051,weight_overbilling,"Billed weight 810 lb vs reference 693 lb (shipment weight, no reweigh certificate): +16.9%; linehaul at billed weight $136.17 vs $136.17, est. +$29.20 with fuel surcharge",29.2,SHP07738,810.0,693.0,,True
CARE:13577357,weight_overbilling,"Billed weight 872 lb vs reference 772 lb (shipment weight, no reweigh certificate): +13.0%; linehaul at billed weight $779.03 vs $779.03, est. +$118.85 with fuel surcharge",118.85,SHP02945,872.0,772.0,,True
CARE:13759078,weight_overbilling,"Billed weight 424 lb vs reference 360 lb (shipment weight, no reweigh certificate): +17.8%; linehaul at billed weight $426.46 vs $426.46, est. +$91.50 with fuel surcharge",91.5,SHP00900,424.0,360.0,,False
CARE:14475823,weight_overbilling,"Billed weight 1,372 lb vs reference 1,291 lb (shipment weight, no reweigh certificate): +6.3%; linehaul at billed weight $645.24 vs $645.24, est. +$51.06 with fuel surcharge",51.06,SHP08226,1372.0,1291.0,,True
CARE:15082913,weight_overbilling,"Billed weight 1,629 lb vs reference 1,342 lb (shipment weight, no reweigh certificate): +21.4%; linehaul at billed weight $670.73 vs $670.73, est. +$180.88 with fuel surcharge",180.88,SHP08198,1629.0,1342.0,,True
CARE:15815300,weight_overbilling,"Billed weight 2,027 lb vs reference 1,561 lb (shipment weight, no reweigh certificate): +29.9%; linehaul at billed weight $1,369.78 vs $1,369.78, est. +$171.59 with fuel surcharge",171.59,SHP00783,2027.0,1561.0,,True
CARE:15963559,weight_overbilling,"Billed weight 407 lb vs reference 366 lb (shipment weight, no reweigh certificate): +11.2%; linehaul at billed weight $291.01 vs $291.01, est. +$40.52 with fuel surcharge",40.52,SHP06271,407.0,366.0,,True
CARE:21828509,weight_overbilling,"Billed weight 943 lb vs reference 800 lb (shipment weight, no reweigh certificate): +17.9%; linehaul at billed weight $292.08 vs $292.08, est. +$32.28 with fuel surcharge",32.28,SHP08669,943.0,800.0,,True
CARE:23210260,weight_overbilling,"Billed weight 1,065 lb vs reference 951 lb (shipment weight, no reweigh certificate): +12.0%; linehaul at billed weight $369.40 vs $369.40, est. +$29.84 with fuel surcharge",29.84,SHP09448,1065.0,951.0,,True
CARE:27197477,weight_overbilling,"Billed weight 868 lb vs reference 732 lb (shipment weight, no reweigh certificate): +18.6%; linehaul at billed weight $421.27 vs $421.27, est. +$94.46 with fuel surcharge",94.46,SHP04038,868.0,732.0,,True
CARE:27224546,weight_overbilling,"Billed weight 1,106 lb vs reference 1,026 lb (shipment weight, no reweigh certificate): +7.8%; linehaul at billed weight $159.85 vs $159.85, est. +$15.71 with fuel surcharge",15.71,SHP08466,1106.0,1026.0,,True
CARE:27819738,weight_overbilling,"Billed weight 1,461 lb vs reference 1,278 lb (shipment weight, no reweigh certificate): +14.3%; linehaul at billed weight $639.64 vs $639.64, est. +$110.55 with fuel surcharge",110.55,SHP03315,1461.0,1278.0,,True
CARE:29338675,weight_overbilling,"Billed weight 634 lb vs reference 594 lb (shipment weight, no reweigh certificate): +6.7%; linehaul at billed weight $173.75 vs $173.75, est. +$14.74 with fuel surcharge",14.74,SHP06864,634.0,594.0,,True
CARE:29646200,weight_overbilling,"Billed weight 3,291 lb vs reference 2,850 lb (shipment weight, no reweigh certificate): +15.5%; linehaul at billed weight $1,795.79 vs $1,795.79, est. +$347.89 with fuel surcharge",347.89,SHP09197,3291.0,2850.0,,True
CARE:35141852,weight_overbilling,"Billed weight 1,101 lb vs reference 966 lb (shipment weight, no reweigh certificate): +14.0%; linehaul at billed weight $589.00 vs $589.00, est. +$71.80 with fuel surcharge",71.8,SHP02264,1101.0,966.0,,True
CARE:36643829,weight_overbilling,"Billed weight 1,226 lb vs reference 1,135 lb (shipment weight, no reweigh certificate): +8.0%; linehaul at billed weight $841.38 vs $841.38, est. +$85.05 with fuel surcharge",85.05,SHP07962,1226.0,1135.0,,False
CARE:40461421,weight_overbilling,"Billed weight 908 lb vs reference 821 lb (shipment weight, no reweigh certificate): +10.6%; linehaul at billed weight $163.54 vs $163.54, est. +$12.01 with fuel surcharge",12.01,SHP06170,908.0,821.0,,True
CARE:41459385,weight_overbilling,"Billed weight 424 lb vs reference 360 lb (shipment weight, no reweigh certificate): +17.8%; linehaul at billed weight $426.46 vs $426.46, est. +$91.50 with fuel surcharge",91.5,SHP00900,424.0,360.0,,True
CARE:42555246,weight_overbilling,"Billed weight 1,023 lb vs reference 841 lb (shipment weight, no reweigh certificate): +21.6%; linehaul at billed weight $167.53 vs $167.53, est. +$11.82 with fuel surcharge",11.82,SHP05150,1023.0,841.0,,True
CARE:43321324,weight_overbilling,"Billed weight 1,247 lb vs reference 1,136 lb (shipment weight, no reweigh certificate): +9.8%; linehaul at billed weight $216.75 vs $216.75, est. +$25.56 with fuel surcharge",25.56,SHP01730,1247.0,1136.0,,True
CARE:44220352,weight_overbilling,"Billed weight 8,888 lb vs reference 6,960 lb (shipment weight, no reweigh certificate): +27.7%; linehaul at billed weight $1,591.06 vs $1,591.06, est. +$531.97 with fuel surcharge",531.97,SHP02712,8888.0,6960.0,,True
CARE:46861493,weight_overbilling,"Billed weight 2,271 lb vs reference 1,940 lb (shipment weight, no reweigh certificate): +17.1%; linehaul at billed weight $432.40 vs $432.40, est. +$70.72 with fuel surcharge",70.72,SHP02769,2271.0,1940.0,,True
CARE:51820069,weight_overbilling,"Billed weight 1,686 lb vs reference 1,460 lb (shipment weight, no reweigh certificate): +15.5%; linehaul at billed weight $539.32 vs $539.32, est. +$103.78 with fuel surcharge",103.78,SHP05724,1686.0,1460.0,,True
CARE:55002059,weight_overbilling,"Billed weight 1,049 lb vs reference 983 lb (shipment weight, no reweigh certificate): +6.7%; linehaul at billed weight $418.00 vs $418.00, est. +$25.46 with fuel surcharge",25.46,SHP09676,1049.0,983.0,,True
CARE:56958027,weight_overbilling,"Billed weight 2,161 lb vs reference 2,035 lb (shipment weight, no reweigh certificate): +6.2%; linehaul at billed weight $1,356.33 vs $1,356.33, est. +$105.14 with fuel surcharge",105.14,SHP06611,2161.0,2035.0,,True
CARE:57977558,weight_overbilling,"Billed weight 750 lb vs reference 682 lb (shipment weight, no reweigh certificate): +10.0%; linehaul at billed weight $236.04 vs $236.04, est. +$29.25 with fuel surcharge",29.25,SHP06476,750.0,682.0,,True
CARE:58734539,weight_overbilling,"Billed weight 407 lb vs reference 348 lb (shipment weight, no reweigh certificate): +17.0%; linehaul at billed weight $222.41 vs $222.41, est. +$46.86 with fuel surcharge",46.86,SHP05643,407.0,348.0,,True
CARE:59135264,weight_overbilling,"Billed weight 2,622 lb vs reference 2,421 lb (shipment weight, no reweigh certificate): +8.3%; linehaul at billed weight $1,029.89 vs $1,029.89, est. +$106.29 with fuel surcharge",106.29,SHP05533,2622.0,2421.0,,True
CARE:62373312,weight_overbilling,"Billed weight 3,288 lb vs reference 3,012 lb (shipment weight, no reweigh certificate): +9.2%; linehaul at billed weight $1,070.16 vs $1,070.16, est. +$122.78 with fuel surcharge",122.78,SHP09033,3288.0,3012.0,,True
CARE:62762162,weight_overbilling,"Billed weight 5,148 lb vs reference 4,774 lb (shipment weight, no reweigh certificate): +7.8%; linehaul at billed weight $3,159.00 vs $3,159.00, est. +$117.07 with fuel surcharge",117.07,SHP06724,5148.0,4774.0,,True
CARE:63507464,weight_overbilling,"Billed weight 2,848 lb vs reference 2,430 lb (shipment weight, no reweigh certificate): +17.2%; linehaul at billed weight $752.09 vs $752.09, est. +$156.15 with fuel surcharge",156.15,SHP02348,2848.0,2430.0,,True
CARE:63588259,weight_overbilling,"Billed weight 3,923 lb vs reference 3,512 lb (shipment weight, no reweigh certificate): +11.7%; linehaul at billed weight $1,068.35 vs $1,068.35, est. +$152.04 with fuel surcharge",152.04,SHP04162,3923.0,3512.0,,True
CARE:67524118,weight_overbilling,"Billed weight 757 lb vs reference 633 lb (shipment weight, no reweigh certificate): +19.6%; linehaul at billed weight $570.78 vs $570.78, est. +$138.98 with fuel surcharge",138.98,SHP05897,757.0,633.0,,True
CARE:71136126,weight_overbilling,"Billed weight 1,126 lb vs reference 944 lb (shipment weight, no reweigh certificate): +19.3%; linehaul at billed weight $357.90 vs $357.90, est. +$54.44 with fuel surcharge",54.44,SHP00445,1126.0,944.0,,True
CARE:74367548,weight_overbilling,"Billed weight 1,434 lb vs reference 1,222 lb (shipment weight, no reweigh certificate): +17.3%; linehaul at billed weight $451.41 vs $451.41, est. +$96.63 with fuel surcharge",96.63,SHP05489,1434.0,1222.0,,True
CARE:77024559,weight_overbilling,"Billed weight 1,444 lb vs reference 1,318 lb (shipment weight, no reweigh certificate): +9.6%; linehaul at billed weight $205.34 vs $205.34, est. +$24.41 with fuel surcharge",24.41,SHP06254,1444.0,1318.0,,True
CARE:82565860,weight_overbilling,"Billed weight 1,549 lb vs reference 1,430 lb (shipment weight, no reweigh certificate): +8.3%; linehaul at billed weight $535.11 vs $535.11, est. +$53.75 with fuel surcharge",53.75,SHP02784,1549.0,1430.0,,True
CARE:83121159,weight_overbilling,"Billed weight 1,075 lb vs reference 906 lb (shipment weight, no reweigh certificate): +18.7%; linehaul at billed weight $357.90 vs $357.90, est. +$33.60 with fuel surcharge",33.6,SHP08989,1075.0,906.0,,True
CARE:83669066,weight_overbilling,"Billed weight 749 lb vs reference 651 lb (shipment weight, no reweigh certificate): +15.1%; linehaul at billed weight $587.01 vs $587.01, est. +$112.22 with fuel surcharge",112.22,SHP07304,749.0,651.0,,True
CARE:85701516,weight_overbilling,"Billed weight 2,495 lb vs reference 2,112 lb (shipment weight, no reweigh certificate): +18.1%; linehaul at billed weight $456.61 vs $456.61, est. +$103.68 with fuel surcharge",103.68,SHP06638,2495.0,2112.0,,True
CARE:88616377,weight_overbilling,"Billed weight 1,265 lb vs reference 1,091 lb (shipment weight, no reweigh certificate): +15.9%; linehaul at billed weight $186.45 vs $186.45, est. +$35.90 with fuel surcharge",35.9,SHP01911,1265.0,1091.0,,True
CARE:93586259,weight_overbilling,"Billed weight 632 lb vs reference 534 lb (shipment weight, no reweigh certificate): +18.4%; linehaul at billed weight $256.69 vs $256.69, est. +$57.29 with fuel surcharge",57.29,SHP04536,632.0,534.0,,True
CARE:93928624,weight_overbilling,"Billed weight 716 lb vs reference 620 lb (shipment weight, no reweigh certificate): +15.5%; linehaul at billed weight $266.85 vs $266.85, est. +$49.87 with fuel surcharge",49.87,SHP02591,716.0,620.0,,True
CARE:96123931,weight_overbilling,"Billed weight 1,040 lb vs reference 902 lb (shipment weight, no reweigh certificate): +15.3%; linehaul at billed weight $254.40 vs $254.40, est. +$12.38 with fuel surcharge",12.38,SHP04304,1040.0,902.0,,True
CARE:96492187,weight_overbilling,"Billed weight 1,226 lb vs reference 1,135 lb (shipment weight, no reweigh certificate): +8.0%; linehaul at billed weight $841.38 vs $841.38, est. +$85.05 with fuel surcharge",85.05,SHP07962,1226.0,1135.0,,True
CARE:96599042,weight_overbilling,"Billed weight 4,089 lb vs reference 3,752 lb (shipment weight, no reweigh certificate): +9.0%; linehaul at billed weight $2,798.62 vs $2,798.62, est. +$303.40 with fuel surcharge",303.4,SHP03279,4089.0,3752.0,,True
CARE:98480722,weight_overbilling,"Billed weight 2,181 lb vs reference 1,729 lb (shipment weight, no reweigh certificate): +26.1%; linehaul at billed weight $850.80 vs $850.80, est. +$95.71 with fuel surcharge",95.71,SHP06333,2181.0,1729.0,,True
