rank,invoice_id,carrier_id,invoice_number,pro_number,bol,ship_date,received_date,error_type,n_flags,reason,dollar_impact_estimate,recoverable_estimate,days_open,status
1,CARF:14284536,CARF,0600346,371551711,68917728,2025-05-23,2025-07-11,duplicate_invoice,1,"Duplicate of invoice 0600267 (same shipment or BOL, total within tolerance): total $5,691.37 vs $5,691.37, received 32 days after the first copy (2025-06-09)",5691.37,5691.37,263,open
2,CARG:38319490,CARG,0700635,719279189,37909800,2025-11-14,2025-12-07,phantom_invoice,1,"No shipment matches BOL 37909800 (Chicago → Seattle, shipped 2025-11-14, 32,489 lb); whole invoice $5,680.52 in question",5680.52,5680.52,114,open
3,CARG:70525462,CARG,0700681,868694570,37760320,2025-11-30,2026-01-11,duplicate_invoice,1,"Duplicate of invoice 0700681 (same shipment or BOL, total within tolerance): total $5,639.79 vs $5,639.79, received 18 days after the first copy (2025-12-24)",5639.79,5639.79,79,open
4,CARF:56336889,CARF,0600668,273549726,13154664,2025-11-22,2025-12-09,phantom_invoice,1,"No shipment matches BOL 13154664 (Columbus → Salt Lake City, shipped 2025-11-22, 28,734 lb); whole invoice $4,937.69 in question",4937.69,4937.69,112,open
5,CARH:00540071,CARH,0800402,921113538,BOL#83849326,2025-10-03,2025-11-25,duplicate_invoice,1,"Duplicate of invoice 0800402 (same shipment or BOL, total within tolerance): total $4,793.91 vs $4,793.91, received 12 days after the first copy (2025-11-13)",4793.91,4793.91,126,open
6,CARH:96211391,CARH,0800460,451135104,BOL#80160680,2025-11-17,2026-01-21,duplicate_invoice,1,"Duplicate of invoice 0800460 (same shipment or BOL, total within tolerance): total $4,757.38 vs $4,757.38, received 33 days after the first copy (2025-12-19)",4757.38,4757.38,69,open
7,CARH:93570292,CARH,0800453,320882191,BOL#59896203,2025-11-18,2026-01-24,duplicate_invoice,1,"Duplicate of invoice 0800453 (same shipment or BOL, total within tolerance): total $4,757.38 vs $4,757.38, received 41 days after the first copy (2025-12-14)",4757.38,4757.38,66,open
8,CARH:50097456,CARH,0800408,039220315,BOL#7529-0466,2025-10-16,2025-12-01,duplicate_invoice,1,"Duplicate of invoice 0800408 (same shipment or BOL, total within tolerance): total $4,725.17 vs $4,725.17, received 16 days after the first copy (2025-11-15)",4725.17,4725.17,120,open
9,CARH:46967835,CARH,0800355,000249806,BOL#17227475,2025-09-14,2025-10-13,phantom_invoice,1,"No shipment matches BOL BOL#17227475 (Chicago → Phoenix, shipped 2025-09-14, 27,897 lb); whole invoice $4,661.88 in question",4661.88,4661.88,169,open
10,CARH:96536186,CARH,0800407,327501483,BOL#51127130,2025-10-31,2025-11-28,duplicate_invoice,1,"Duplicate of invoice 0800407 (same shipment or BOL, total within tolerance): total $4,595.14 vs $4,595.14, received 16 days after the first copy (2025-11-12)",4595.14,4595.14,123,open
11,CARG:99551723,CARG,0700028,441038289,BOL-50602440,2025-01-01,2025-02-05,duplicate_invoice,1,"Duplicate of invoice 0700013 (same shipment or BOL, total within tolerance): total $3,757.94 vs $3,757.94, received 9 days after the first copy (2025-01-27)",3757.94,3757.94,419,open
12,CARG:30001298,CARG,0700535,443626784,5077 0885,2025-09-07,2025-10-14,duplicate_invoice,1,"Duplicate of invoice 0700473 (same shipment or BOL, total within tolerance): total $3,733.24 vs $3,733.24, received 18 days after the first copy (2025-09-26)",3733.24,3733.24,168,open
13,CARG:38385222,CARG,0700176,806716051,54101875,2025-03-14,2025-04-24,duplicate_invoice,1,"Duplicate of invoice 0700117 (same shipment or BOL, total within tolerance): total $3,699.63 vs $3,699.63, received 29 days after the first copy (2025-03-26)",3699.63,3699.63,341,open
14,CARF:06010623,CARF,0600652,488184502,97296995,2025-11-11,2025-12-03,phantom_invoice,1,"No shipment matches BOL 97296995 (Dallas → Pittsburgh, shipped 2025-11-11, 18,155 lb); whole invoice $3,556.90 in question",3556.9,3556.9,118,open
15,CARG:61266377,CARG,0700253,706838018,5322-4464,2025-04-23,2025-05-28,duplicate_invoice,1,"Duplicate of invoice 0700219 (same shipment or BOL, total within tolerance): total $3,065.55 vs $3,065.55, received 17 days after the first copy (2025-05-11)",3065.55,3065.55,307,open
16,CARC:51442410,CARC,0300124,758643400,67459836,2025-01-22,2025-02-22,phantom_invoice,1,"No shipment matches BOL 67459836 (Atlanta → Phoenix, shipped 2025-01-22, 3,741 lb); whole invoice $2,984.22 in question",2984.22,2984.22,402,open
17,CARF:26203604,CARF,0600685,154532683,49785602,2025-11-20,2025-12-19,duplicate_invoice,1,"Duplicate of invoice 0600648 (same shipment or BOL, total within tolerance): total $2,927.74 vs $2,927.74, received 22 days after the first copy (2025-11-27)",2927.74,2927.74,102,open
18,CARC:48135875,CARC,0300663,666284948,27104327,2025-05-14,2025-06-19,duplicate_invoice,1,"Duplicate of invoice 0300516 (same shipment or BOL, total within tolerance): total $2,862.28 vs $2,862.28, received 28 days after the first copy (2025-05-22)",2862.28,2862.28,285,open
19,CARG:63976517,CARG,0700332,046059256,74664253,2025-06-12,2025-07-05,phantom_invoice,1,"No shipment matches BOL 74664253 (Dallas → Charlotte, shipped 2025-06-12, 22,452 lb); whole invoice $2,809.51 in question",2809.51,2809.51,269,open
20,CARG:42850616,CARG,0700257,374638545,0219 9672,2025-05-07,2025-07-12,duplicate_invoice,1,"Duplicate of invoice 0700257 (same shipment or BOL, total within tolerance): total $2,792.61 vs $2,792.61, received 43 days after the first copy (2025-05-30)",2792.61,2792.61,262,open
21,CARF:82325822,CARF,0600249,074408453,52392589,2025-05-17,2025-05-26,phantom_invoice,1,"No shipment matches BOL 52392589 (Dallas → Phoenix, shipped 2025-05-17, 29,928 lb); whole invoice $2,771.16 in question",2771.16,2771.16,309,open
22,CARE:00478712,CARE,0501283,283750370,58880986,2025-10-15,2025-11-22,duplicate_invoice,1,"Duplicate of invoice 0501171 (same shipment or BOL, total within tolerance): total $2,441.26 vs $2,441.26, received 23 days after the first copy (2025-10-30)",2441.26,2441.26,129,open
23,CARC:67571951,CARC,0300243,656475837,45143965,2025-03-09,2025-04-21,duplicate_invoice,1,"Duplicate of invoice 0300243 (same shipment or BOL, total within tolerance): total $2,182.85 vs $2,182.85, received 32 days after the first copy (2025-03-20)",2182.85,2182.85,344,open
24,CARF:87561514,CARF,0600065,529482178,96716297,2025-02-18,2025-03-28,duplicate_invoice,1,"Duplicate of invoice 0600065 (same shipment or BOL, total within tolerance): total $2,174.46 vs $2,174.46, received 30 days after the first copy (2025-02-26)",2174.46,2174.46,368,open
25,CARC:42842773,CARC,0300410,102594253,56239987,2025-03-01,2025-05-01,duplicate_invoice,1,"Duplicate of invoice 0300224 (same shipment or BOL, total within tolerance): total $2,161.44 vs $2,161.44, received 44 days after the first copy (2025-03-18)",2161.44,2161.44,334,open
26,CARF:94328405,CARF,0600432,375739073,12213671,2025-08-07,2025-08-19,phantom_invoice,1,"No shipment matches BOL 12213671 (Atlanta → Philadelphia, shipped 2025-08-07, 32,048 lb); whole invoice $2,122.95 in question",2122.95,2122.95,224,open
27,CARC:82335710,CARC,0301626,581078397,77607388,2025-11-24,2026-01-06,duplicate_invoice,1,"Duplicate of invoice 0301456 (same shipment or BOL, total within tolerance): total $2,059.93 vs $2,059.93, received 29 days after the first copy (2025-12-08)",2059.93,2059.93,84,open
28,CARB:89409037,CARB,0200681,233862045,58553573,2025-04-25,2025-07-25,duplicate_invoice,1,"Duplicate of invoice 0200681 (same shipment or BOL, total within tolerance): total $2,045.87 vs $2,045.87, received 29 days after the first copy (2025-06-26)",2045.87,2045.87,249,open
29,CARA:39264017,CARA,0100680,905050531,BOL-03785996,2025-06-20,2025-08-02,duplicate_invoice,1,"Duplicate of invoice 0100680 (same shipment or BOL, total within tolerance): total $2,025.95 vs $2,025.95, received 29 days after the first copy (2025-07-04)",2025.95,2025.95,241,open
30,CARF:88071240,CARF,0600128,581321281,47128363,2025-03-11,2025-03-29,phantom_invoice,1,"No shipment matches BOL 47128363 (Columbus → Kansas City, shipped 2025-03-11, 19,941 lb); whole invoice $1,977.37 in question",1977.37,1977.37,367,open
31,CARD:18287316,CARD,0400432,469230595,BOL#82208283,2025-04-05,2025-04-28,phantom_invoice,1,"No shipment matches BOL BOL#82208283 (Dallas → Seattle, shipped 2025-04-05, 2,616 lb); whole invoice $1,939.03 in question",1939.03,1939.03,337,open
32,CARD:25020877,CARD,0401098,486931263,BOL#79595701,2025-06-27,2025-09-06,phantom_invoice,1,"No shipment matches BOL BOL#79595701 (Dallas → Philadelphia, shipped 2025-06-27, 2,771 lb); whole invoice $1,809.94 in question",1809.94,1809.94,206,open
33,CARF:95377056,CARF,0600396,443223514,64686786,2025-06-25,2025-07-31,duplicate_invoice,1,"Duplicate of invoice 0600330 (same shipment or BOL, total within tolerance): total $1,741.96 vs $1,741.96, received 26 days after the first copy (2025-07-05)",1741.96,1741.96,243,open
34,CARD:37972270,CARD,0401166,503536030,BOL#89649211,2025-07-19,2025-09-19,duplicate_invoice,1,"Duplicate of invoice 0400966 (same shipment or BOL, total within tolerance): total $1,647.04 vs $1,647.04, received 33 days after the first copy (2025-08-17)",1647.04,1647.04,193,open
35,CARH:69619882,CARH,0800394,812972509,BOL#92297278,2025-09-17,2025-11-06,phantom_invoice,1,"No shipment matches BOL BOL#92297278 (Atlanta → Pittsburgh, shipped 2025-09-17, 19,682 lb); whole invoice $1,611.43 in question",1611.43,1611.43,145,open
36,CARB:19037146,CARB,0201003,179800662,34814342,2025-08-08,2025-09-11,duplicate_invoice,1,"Duplicate of invoice 0201003 (same shipment or BOL, total within tolerance): total $1,601.25 vs $1,601.25, received 16 days after the first copy (2025-08-26)",1601.25,1601.25,201,open
37,CARD:46009740,CARD,0401749,540708119,BOL#83190637,2025-11-18,2026-01-06,duplicate_invoice,1,"Duplicate of invoice 0401557 (same shipment or BOL, total within tolerance): total $1,548.76 vs $1,548.76, received 38 days after the first copy (2025-11-29)",1548.76,1548.76,84,open
38,CARD:23101239,CARD,0401187,524010788,BOL#00205654,2025-08-14,2025-09-29,duplicate_invoice,1,"Duplicate of invoice 0401049 (same shipment or BOL, total within tolerance): total $1,540.50 vs $1,540.50, received 31 days after the first copy (2025-08-29)",1540.5,1540.5,183,open
39,CARF:21222474,CARF,0600728,244235832,51818422,2025-12-14,2026-01-10,phantom_invoice,1,"No shipment matches BOL 51818422 (Columbus → New York, shipped 2025-12-14, 22,896 lb); whole invoice $1,535.42 in question",1535.42,1535.42,80,open
40,CARF:09684723,CARF,0600725,495054088,60489527,2025-12-21,2026-01-08,phantom_invoice,1,"No shipment matches BOL 60489527 (Columbus → New York, shipped 2025-12-21, 17,539 lb); whole invoice $1,531.80 in question",1531.8,1531.8,82,open
41,CARE:04025140,CARE,0500803,534830287,99321233,2025-07-29,2025-08-23,duplicate_invoice,1,"Duplicate of invoice 0500803 (same shipment or BOL, total within tolerance): total $1,527.40 vs $1,527.40, received 13 days after the first copy (2025-08-10)",1527.4,1527.4,220,open
42,CARC:63673845,CARC,0301631,983463456,73920488,2025-12-29,2026-01-07,phantom_invoice,1,"No shipment matches BOL 73920488 (Dallas → Pittsburgh, shipped 2025-12-29, 2,820 lb); whole invoice $1,507.84 in question",1507.84,1507.84,83,open
43,CARA:33863840,CARA,0101068,870149646,21217034,2025-09-28,2025-10-06,phantom_invoice,1,"No shipment matches BOL 21217034 (Dallas → Philadelphia, shipped 2025-09-28, 2,050 lb); whole invoice $1,437.91 in question",1437.91,1437.91,176,open
44,CARH:88757223,CARH,0800385,390936105,BOL#80086425,2025-08-13,2025-11-02,duplicate_invoice,1,"Duplicate of invoice 0800312 (same shipment or BOL, total within tolerance): total $1,346.42 vs $1,346.42, received 44 days after the first copy (2025-09-19)",1346.42,1346.42,149,open
45,CARC:20085482,CARC,0301573,878186097,95132768,2025-12-11,2026-01-05,duplicate_invoice,1,"Duplicate of invoice 0301573 (same shipment or BOL, total within tolerance): total $1,331.82 vs $1,331.82, received 10 days after the first copy (2025-12-26)",1331.82,1331.82,85,open
46,CARA:66716157,CARA,0101245,964854625,57598419,2025-11-06,2025-11-23,phantom_invoice,1,"No shipment matches BOL 57598419 (Columbus → Phoenix, shipped 2025-11-06, 1,240 lb); whole invoice $1,317.22 in question",1317.22,1317.22,128,open
47,CARH:57053639,CARH,0800103,108062505,BOL#46851984,2025-03-24,2025-04-18,duplicate_invoice,1,"Duplicate of invoice 0800093 (same shipment or BOL, total within tolerance): total $1,312.36 vs $1,312.36, received 5 days after the first copy (2025-04-13)",1312.36,1312.36,347,open
48,CARA:98473198,CARA,0101138,535244303,36753029,2025-10-05,2025-12-08,duplicate_invoice,1,"Duplicate of invoice 0101138 (same shipment or BOL, total within tolerance): total $1,281.09 vs $1,281.09, received 44 days after the first copy (2025-10-25)",1281.09,1281.09,113,open
49,CARB:48228632,CARB,0200772,985682815,48667859,2025-05-31,2025-08-08,duplicate_invoice,1,"Duplicate of invoice 0200772 (same shipment or BOL, total within tolerance): total $1,260.99 vs $1,260.99, received 29 days after the first copy (2025-07-10)",1260.99,1260.99,235,open
50,CARC:14715073,CARC,0300490,799886174,74145898,2025-04-28,2025-05-17,phantom_invoice,1,"No shipment matches BOL 74145898 (Atlanta → Minneapolis, shipped 2025-04-28, 2,642 lb); whole invoice $1,251.63 in question",1251.63,1251.63,318,open
51,CARE:12756338,CARE,0501393,145392114,BOL-39940635,2025-11-25,2026-01-09,duplicate_invoice,1,"Duplicate of invoice 0501393 (same shipment or BOL, total within tolerance): total $1,181.36 vs $1,181.36, received 18 days after the first copy (2025-12-22)",1181.36,1181.36,81,open
52,CARE:51393970,CARE,0500515,086758488,98559598,2025-04-19,2025-06-07,duplicate_invoice,1,"Duplicate of invoice 0500376 (same shipment or BOL, total within tolerance): total $1,165.27 vs $1,165.27, received 38 days after the first copy (2025-04-30)",1165.27,1165.27,297,open
53,CARA:43907653,CARA,0100694,425739911,80136120,2025-06-10,2025-07-11,phantom_invoice,1,"No shipment matches BOL 80136120 (Dallas → Miami, shipped 2025-06-10, 1,895 lb); whole invoice $1,163.71 in question",1163.71,1163.71,263,open
54,CARE:36643829,CARE,0501403,542296968,29136986,2025-10-24,2025-12-25,duplicate_invoice,1,"Duplicate of invoice 0501242 (same shipment or BOL, total within tolerance): total $1,146.03 vs $1,146.03, received 39 days after the first copy (2025-11-16)",1146.03,1146.03,96,open
55,CARC:31059561,CARC,0300760,362769781,25750641,2025-06-28,2025-08-11,duplicate_invoice,1,"Duplicate of invoice 0300760 (same shipment or BOL, total within tolerance): total $1,133.25 vs $1,133.25, received 33 days after the first copy (2025-07-09)",1133.25,1133.25,232,open
56,CARC:30049679,CARC,0300944,115228492,bol-24734965,2025-08-09,2025-08-24,weight_overbilling,1,"Billed weight 8,600 lb vs reference 7,258 lb (shipment weight, no reweigh certificate): +18.5%; linehaul at billed weight $5,820.48 vs $4,912.21, est. +$1,128.98 with fuel surcharge",1128.98,1128.98,219,open
57,CARB:08413222,CARB,0200382,356040697,82384874,2025-04-01,2025-04-20,duplicate_invoice,1,"Duplicate of invoice 0200330 (same shipment or BOL, total within tolerance): total $1,100.46 vs $1,100.46, received 12 days after the first copy (2025-04-08)",1100.46,1100.46,345,open
58,CARA:89679480,CARA,0100770,276394860,17546894,2025-06-26,2025-07-28,duplicate_invoice,1,"Duplicate of invoice 0100716 (same shipment or BOL, total within tolerance): total $1,095.64 vs $1,095.64, received 13 days after the first copy (2025-07-15)",1095.64,1095.64,246,open
59,CARE:11038100,CARE,0500214,490978445,96187770,2025-03-02,2025-04-16,duplicate_invoice,1,"Duplicate of invoice 0500214 (same shipment or BOL, total within tolerance): total $1,067.04 vs $1,067.04, received 24 days after the first copy (2025-03-23)",1067.04,1067.04,349,open
60,CARE:97943428,CARE,0501121,941961650,92329266,2025-08-28,2025-10-21,duplicate_invoice,1,"Duplicate of invoice 0500922 (same shipment or BOL, total within tolerance): total $1,056.05 vs $1,056.05, received 44 days after the first copy (2025-09-07)",1056.05,1056.05,161,open
61,CARC:19019239,CARC,0300322,799441719,68319746,2025-03-14,2025-04-09,duplicate_invoice,1,"Duplicate of invoice 0300247 (same shipment or BOL, total within tolerance): total $1,036.53 vs $1,036.53, received 18 days after the first copy (2025-03-22)",1036.53,1036.53,356,open
62,CARB:16081129,CARB,0201569,164169615,46251876,2025-11-04,2025-12-16,duplicate_invoice,1,"Duplicate of invoice 0201492 (same shipment or BOL, total within tolerance): total $1,021.99 vs $1,021.99, received 14 days after the first copy (2025-12-02)",1021.99,1021.99,105,open
63,CARC:86944665,CARC,0300879,094397772,77875568,2025-07-22,2025-09-20,duplicate_invoice,1,"Duplicate of invoice 0300879 (same shipment or BOL, total within tolerance): total $1,019.54 vs $1,019.54, received 44 days after the first copy (2025-08-07)",1019.54,1019.54,192,open
64,CARG:56701105,CARG,0700674,366395057,67326294,2025-10-27,2025-12-21,duplicate_invoice,1,"Duplicate of invoice 0700595 (same shipment or BOL, total within tolerance): total $1,010.95 vs $1,010.95, received 45 days after the first copy (2025-11-06)",1010.95,1010.95,100,open
65,CARC:41799234,CARC,0300706,596907881,4433 7397,2025-06-18,2025-07-18,duplicate_invoice,1,"Duplicate of invoice 0300706 (same shipment or BOL, total within tolerance): total $1,005.73 vs $1,005.73, received 21 days after the first copy (2025-06-27)",1005.73,1005.73,256,open
66,CARC:42826646,CARC,0300742,849278198,39599648,2025-06-25,2025-07-04,phantom_invoice,1,"No shipment matches BOL 39599648 (Atlanta → Kansas City, shipped 2025-06-25, 2,687 lb); whole invoice $994.38 in question",994.38,994.38,270,open
67,CARC:05073833,CARC,0301200,244063263,37601235,2025-10-07,2025-10-22,phantom_invoice,1,"No shipment matches BOL 37601235 (Dallas → Detroit, shipped 2025-10-07, 1,577 lb); whole invoice $993.79 in question",993.79,993.79,160,open
68,CARD:92261948,CARD,0401824,835045124,BOL#83176959,2025-12-30,2026-01-24,phantom_invoice,1,"No shipment matches BOL BOL#83176959 (Dallas → Boston, shipped 2025-12-30, 1,180 lb); whole invoice $989.29 in question",989.29,989.29,66,open
69,CARA:04220308,CARA,0101464,894784285,60232485,2025-12-27,2026-02-18,duplicate_invoice,1,"Duplicate of invoice 0101464 (same shipment or BOL, total within tolerance): total $988.06 vs $988.06, received 39 days after the first copy (2026-01-10)",988.06,988.06,41,open
70,CARG:64064907,CARG,0700183,249832288,89313738,2025-03-07,2025-04-23,duplicate_invoice,1,"Duplicate of invoice 0700124 (same shipment or BOL, total within tolerance): total $977.34 vs $977.34, received 21 days after the first copy (2025-04-02)",977.34,977.34,342,open
71,CARC:52962950,CARC,0301115,990027972,48550492,2025-08-15,2025-09-30,duplicate_invoice,1,"Duplicate of invoice 0300975 (same shipment or BOL, total within tolerance): total $966.43 vs $966.43, received 30 days after the first copy (2025-08-31)",966.43,966.43,182,open
72,CARD:55590236,CARD,0401744,533481698,BOL#87738926,2025-12-15,2026-01-08,phantom_invoice,1,"No shipment matches BOL BOL#87738926 (Dallas → Philadelphia, shipped 2025-12-15, 1,232 lb); whole invoice $960.63 in question",960.63,960.63,82,open
73,CARD:97328194,CARD,0401080,838785278,BOL#39303243,2025-06-25,2025-10-06,duplicate_invoice,1,"Duplicate of invoice 0401080 (same shipment or BOL, total within tolerance): total $959.18 vs $959.18, received 32 days after the first copy (2025-09-04)",959.18,959.18,176,open
74,CARA:70106922,CARA,0100094,698219268,74324345,2025-01-28,2025-02-11,phantom_invoice,1,"No shipment matches BOL 74324345 (Memphis → Pittsburgh, shipped 2025-01-28, 2,427 lb); whole invoice $957.38 in question",957.38,957.38,413,open
75,CARD:03675556,CARD,0400544,479950298,BOL#3386-8437,2025-04-22,2025-05-25,duplicate_invoice,1,"Duplicate of invoice 0400492 (same shipment or BOL, total within tolerance): total $947.50 vs $947.50, received 14 days after the first copy (2025-05-11)",947.5,947.5,310,open
76,CARC:03337898,CARC,0300330,511443498,32750399,2025-03-22,2025-04-12,duplicate_invoice,1,"Duplicate of invoice 0300283 (same shipment or BOL, total within tolerance): total $936.10 vs $936.10, received 10 days after the first copy (2025-04-02)",936.1,936.1,353,open
77,CARA:64172410,CARA,0101284,663520483,68058560,2025-11-18,2025-12-16,duplicate_invoice,1,"Duplicate of invoice 0101284 (same shipment or BOL, total within tolerance): total $935.32 vs $935.32, received 14 days after the first copy (2025-12-02)",935.32,935.32,105,open
78,CARC:16673863,CARC,0300260,495867295,57340811,2025-02-27,2025-04-18,duplicate_invoice,1,"Duplicate of invoice 0300260 (same shipment or BOL, total within tolerance): total $928.29 vs $928.29, received 21 days after the first copy (2025-03-28)",928.29,928.29,347,open
79,CARD:29610795,CARD,0400770,292753701,BOL#65439718,2025-06-07,2025-07-07,duplicate_invoice,1,"Duplicate of invoice 0400714 (same shipment or BOL, total within tolerance): total $920.72 vs $920.72, received 12 days after the first copy (2025-06-25)",920.72,920.72,267,open
80,CARF:78356934,CARF,0600280,168443590,08358647,2025-05-07,2025-06-18,duplicate_invoice,1,"Duplicate of invoice 0600215 (same shipment or BOL, total within tolerance): total $909.84 vs $909.84, received 32 days after the first copy (2025-05-17)",909.84,909.84,286,open
81,CARA:59075540,CARA,0100200,067164848,48867615,2025-03-04,2025-04-19,duplicate_invoice,1,"Duplicate of invoice 0100200 (same shipment or BOL, total within tolerance): total $909.72 vs $909.72, received 32 days after the first copy (2025-03-18)",909.72,909.72,346,open
82,CARE:57855985,CARE,0500212,751893804,74598054,2025-01-18,2025-03-21,duplicate_invoice,1,"Duplicate of invoice 0500048 (same shipment or BOL, total within tolerance): total $902.08 vs $902.08, received 45 days after the first copy (2025-02-04)",902.08,902.08,375,open
83,CARA:99586620,CARA,0101035,832667244,83998003,2025-08-18,2025-10-07,duplicate_invoice,1,"Duplicate of invoice 0100902 (same shipment or BOL, total within tolerance): total $897.99 vs $897.99, received 31 days after the first copy (2025-09-06)",897.99,897.99,175,open
84,CARD:89596037,CARD,0401542,117437497,BOL#83756044,2025-10-05,2025-11-29,duplicate_invoice,1,"Duplicate of invoice 0401368 (same shipment or BOL, total within tolerance): total $866.25 vs $866.25, received 30 days after the first copy (2025-10-30)",866.25,866.25,122,open
85,CARB:37825614,CARB,0201254,870006653,58418131,2025-09-16,2025-10-28,duplicate_invoice,1,"Duplicate of invoice 0201254 (same shipment or BOL, total within tolerance): total $866.05 vs $866.05, received 9 days after the first copy (2025-10-19)",866.05,866.05,154,open
86,CARA:25552321,CARA,0101193,475349839,28683542,2025-10-22,2025-12-01,duplicate_invoice,1,"Duplicate of invoice 0101193 (same shipment or BOL, total within tolerance): total $857.43 vs $857.43, received 24 days after the first copy (2025-11-07)",857.43,857.43,120,open
87,CARF:58208346,CARF,0600480,881160065,63765158,2025-06-24,2025-09-13,duplicate_invoice,1,"Duplicate of invoice 0600395 (same shipment or BOL, total within tolerance): total $841.31 vs $841.31, received 42 days after the first copy (2025-08-02)",841.31,841.31,199,open
88,CARB:82668552,CARB,0200474,717080911,62968387,2025-04-26,2025-06-02,duplicate_invoice,1,"Duplicate of invoice 0200474 (same shipment or BOL, total within tolerance): total $838.30 vs $838.30, received 20 days after the first copy (2025-05-13)",838.3,838.3,302,open
89,CARF:13554926,CARF,0600084,751399574,51950957,2025-02-26,2025-03-09,phantom_invoice,1,"No shipment matches BOL 51950957 (Chicago → St. Louis, shipped 2025-02-26, 40,352 lb); whole invoice $836.22 in question",836.22,836.22,387,open
90,CARC:05309398,CARC,0300489,312167648,4392 2300,2025-03-29,2025-05-20,duplicate_invoice,1,"Duplicate of invoice 0300319 (same shipment or BOL, total within tolerance): total $808.91 vs $808.91, received 42 days after the first copy (2025-04-08)",808.91,808.91,315,open
91,CARF:64659723,CARF,0600298,159723315,63369901,2025-06-01,2025-06-23,rate_overcharge,1,"Linehaul $6,373.70 vs contract $5,564.80 (Columbus → Los Angeles, rate effective 2025-01-01): +$808.90 (+14.5%)",808.9,808.9,281,open
92,CARF:44617712,CARF,0600595,022270013,62891093,2025-10-29,2025-11-10,rate_overcharge;fsc_mismatch,2,"Linehaul $5,592.19 vs contract $4,876.30 (Dallas → Seattle, rate effective 2025-01-01): +$715.89 (+14.7%) | Fuel surcharge $1,059.16 vs expected $970.89 (TL, diesel $4.141/gal for week of 2025-10-27; $0.526/mi vs expected $0.482/mi over 2,015 mi): +$88.27",804.16,804.16,141,open
93,CARB:51909739,CARB,0201490,942034715,53882473,2025-11-14,2025-12-04,phantom_invoice,1,"No shipment matches BOL 53882473 (Atlanta → Denver, shipped 2025-11-14, 828 lb); whole invoice $775.21 in question",775.21,775.21,117,open
94,CARA:99647698,CARA,0100578,998713121,75790342,2025-05-02,2025-06-14,duplicate_invoice,1,"Duplicate of invoice 0100450 (same shipment or BOL, total within tolerance): total $763.63 vs $763.63, received 32 days after the first copy (2025-05-13)",763.63,763.63,290,open
95,CARD:11094538,CARD,0400002,347259094,BOL#12773405,2025-01-01,2025-01-31,duplicate_invoice,1,"Duplicate of invoice 0400002 (same shipment or BOL, total within tolerance): total $763.40 vs $763.40, received 13 days after the first copy (2025-01-18)",763.4,763.4,424,open
96,CARC:53340006,CARC,0301213,493061342,85148689,2025-09-19,2025-10-24,phantom_invoice,1,"No shipment matches BOL 85148689 (Chicago → Orlando, shipped 2025-09-19, 1,259 lb); whole invoice $759.98 in question",759.98,759.98,158,open
97,CARE:21241763,CARE,0501273,594705424,BOL#59205329,2025-10-23,2025-12-22,duplicate_invoice,1,"Duplicate of invoice 0501273 (same shipment or BOL, total within tolerance): total $742.73 vs $742.73, received 26 days after the first copy (2025-11-26)",742.73,742.73,99,open
98,CARD:63746769,CARD,0401302,982037444,BOL#38544151,2025-09-12,2025-10-15,phantom_invoice,1,"No shipment matches BOL BOL#38544151 (Memphis → Nashville, shipped 2025-09-12, 4,541 lb); whole invoice $742.44 in question",742.44,742.44,167,open
99,CARA:47262462,CARA,0100187,337165702,22106964,2025-02-20,2025-03-14,phantom_invoice,1,"No shipment matches BOL 22106964 (Chicago → Charlotte, shipped 2025-02-20, 1,973 lb); whole invoice $740.62 in question",740.62,740.62,382,open
100,CARG:00528255,CARG,0700449,240962081,67060851,2025-07-18,2025-09-08,duplicate_invoice,1,"Duplicate of invoice 0700386 (same shipment or BOL, total within tolerance): total $740.58 vs $740.58, received 33 days after the first copy (2025-08-06)",740.58,740.58,204,open
101,CARA:38240927,CARA,0100104,078674627,83006099,2025-01-19,2025-02-18,duplicate_invoice,1,"Duplicate of invoice 0100032 (same shipment or BOL, total within tolerance): total $722.44 vs $722.44, received 20 days after the first copy (2025-01-29)",722.44,722.44,406,open
102,CARH:46846739,CARH,0800268,002356134,BOL#93591594,2025-07-15,2025-08-29,duplicate_invoice,1,"Duplicate of invoice 0800268 (same shipment or BOL, total within tolerance): total $718.94 vs $718.94, received 5 days after the first copy (2025-08-24)",718.94,718.94,214,open
103,CARF:97390258,CARF,0600272,818800806,31288911,2025-05-30,2025-06-12,rate_overcharge,1,"Linehaul $6,283.00 vs contract $5,564.80 (Columbus → Los Angeles, rate effective 2025-01-01): +$718.20 (+12.9%)",718.2,718.2,292,open
104,CARC:56923106,CARC,0301449,525145422,20598699,2025-11-24,2026-01-01,duplicate_invoice,1,"Duplicate of invoice 0301449 (same shipment or BOL, total within tolerance): total $709.02 vs $709.02, received 29 days after the first copy (2025-12-03)",709.02,709.02,89,open
105,CARC:52492102,CARC,0301469,313749417,89695903,2025-11-09,2025-12-10,duplicate_invoice,1,"Duplicate of invoice 0301390 (same shipment or BOL, total within tolerance): total $687.44 vs $687.44, received 16 days after the first copy (2025-11-24)",687.44,687.44,111,open
106,CARD:24799408,CARD,0400827,230283746,BOL#06059263,2025-06-18,2025-08-10,duplicate_invoice,1,"Duplicate of invoice 0400827 (same shipment or BOL, total within tolerance): total $680.66 vs $680.66, received 25 days after the first copy (2025-07-16)",680.66,680.66,233,open
107,CARB:89928977,CARB,0200097,020011722,08657521,2025-01-14,2025-02-15,duplicate_invoice,1,"Duplicate of invoice 0200037 (same shipment or BOL, total within tolerance): total $667.50 vs $667.50, received 14 days after the first copy (2025-02-01)",667.5,667.5,409,open
108,CARB:74949386,CARB,0201743,095040924,65192684,2025-12-29,2026-02-04,duplicate_invoice,1,"Duplicate of invoice 0201728 (same shipment or BOL, total within tolerance): total $659.82 vs $659.82, received 9 days after the first copy (2026-01-26)",659.82,659.82,55,open
109,CARA:63493998,CARA,0101340,418260777,6788 9941,2025-11-21,2025-12-16,duplicate_invoice,1,"Duplicate of invoice 0101334 (same shipment or BOL, total within tolerance): total $659.58 vs $659.58, received 6 days after the first copy (2025-12-10)",659.58,659.58,105,open
110,CARB:50612769,CARB,0200740,288964427,14823046,2025-06-13,2025-08-18,duplicate_invoice,1,"Duplicate of invoice 0200740 (same shipment or BOL, total within tolerance): total $656.42 vs $656.42, received 43 days after the first copy (2025-07-06)",656.42,656.42,225,open
111,CARA:14401101,CARA,0100052,889364388,18987858,2025-01-24,2025-02-06,phantom_invoice,1,"No shipment matches BOL 18987858 (Memphis → Houston, shipped 2025-01-24, 1,902 lb); whole invoice $633.19 in question",633.19,633.19,418,open
112,CARA:00782063,CARA,0100249,364800948,38836863,2025-03-13,2025-04-01,rate_overcharge,1,"Linehaul $5,343.38 vs contract $4,826.14 (Memphis → Seattle, rate effective 2025-01-01): +$517.24 (+10.7%); est. $624.31 with fuel surcharge",624.31,624.31,364,open
113,CARD:50247499,CARD,0401237,135537094,BOL#98672339,2025-09-04,2025-10-07,phantom_invoice,1,"No shipment matches BOL BOL#98672339 (Dallas → Pittsburgh, shipped 2025-09-04, 871 lb); whole invoice $619.14 in question",619.14,619.14,175,open
114,CARC:67967043,CARC,0301388,369270238,35252668,2025-11-06,2025-11-22,fsc_mismatch;weight_overbilling,2,"Fuel surcharge $899.79 vs expected $869.81 (LTL, diesel $4.196/gal for week of 2025-11-03; 27.0% of linehaul vs expected 26.1% (+0.90 pp)): +$29.98 | Billed weight 6,222 lb vs reference 5,355 lb (shipment weight, no reweigh certificate): +16.2%; linehaul at billed weight $3,337.48 vs $2,872.42, est. +$586.44 with fuel surcharge",616.42,616.42,129,open
115,CARD:30052561,CARD,0401021,338102833,BOL#75059466,2025-08-08,2025-08-26,rate_overcharge,1,"Linehaul $4,389.26 vs contract $3,901.50 (Dallas → Seattle, rate effective 2025-01-01): +$487.76 (+12.5%); est. $606.29 with fuel surcharge",606.29,606.29,217,open
116,CARE:13759078,CARE,0500228,363288638,49278146,2025-02-09,2025-05-02,duplicate_invoice,1,"Duplicate of invoice 0500228 (same shipment or BOL, total within tolerance): total $606.24 vs $606.24, received 37 days after the first copy (2025-03-26)",606.24,606.24,333,open
117,CARC:86122666,CARC,0301311,856674736,58774910,2025-10-24,2025-11-12,phantom_invoice,1,"No shipment matches BOL 58774910 (Atlanta → Kansas City, shipped 2025-10-24, 1,349 lb); whole invoice $604.74 in question",604.74,604.74,139,open
118,CARA:53622374,CARA,0101070,340387470,97115863,2025-09-05,2025-10-09,weight_overbilling,1,"Billed weight 6,106 lb vs reference 4,792 lb (shipment weight, no reweigh certificate): +27.4%; linehaul at billed weight $2,595.66 vs $2,125.50, est. +$584.41 with fuel surcharge",584.41,584.41,173,open
119,CARD:11293606,CARD,0401576,686208960,BOL#42809516,2025-10-21,2025-12-03,duplicate_invoice,1,"Duplicate of invoice 0401426 (same shipment or BOL, total within tolerance): total $582.20 vs $582.20, received 23 days after the first copy (2025-11-10)",582.2,582.2,118,open
120,CARD:68422735,CARD,0400982,945803942,BOL#23249119,2025-06-20,2025-08-17,duplicate_invoice,1,"Duplicate of invoice 0400789 (same shipment or BOL, total within tolerance): total $581.38 vs $581.38, received 40 days after the first copy (2025-07-08)",581.38,581.38,226,open
121,CARB:21323995,CARB,0201741,368921662,36420025,2025-12-21,2026-02-04,duplicate_invoice,1,"Duplicate of invoice 0201684 (same shipment or BOL, total within tolerance): total $577.96 vs $577.96, received 23 days after the first copy (2026-01-12)",577.96,577.96,55,open
122,CARC:64071455,CARC,0300753,114975754,11191829,2025-06-27,2025-07-06,phantom_invoice,1,"No shipment matches BOL 11191829 (Atlanta → Phoenix, shipped 2025-06-27, 526 lb); whole invoice $576.12 in question",576.12,576.12,268,open
123,CARE:20137262,CARE,0500071,870233675,50233659,2025-01-30,2025-03-22,duplicate_invoice,1,"Duplicate of invoice 0500071 (same shipment or BOL, total within tolerance): total $575.65 vs $575.65, received 40 days after the first copy (2025-02-10)",575.65,575.65,374,open
124,CARB:34153471,CARB,0200191,085607447,09418646,2025-02-24,2025-03-18,duplicate_invoice,1,"Duplicate of invoice 0200191 (same shipment or BOL, total within tolerance): total $547.95 vs $547.95, received 12 days after the first copy (2025-03-06)",547.95,547.95,378,open
125,CARE:16140304,CARE,0500260,933276660,6216 9452,2025-03-18,2025-04-13,duplicate_invoice,1,"Duplicate of invoice 0500260 (same shipment or BOL, total within tolerance): total $547.14 vs $547.14, received 10 days after the first copy (2025-04-03)",547.14,547.14,352,open
126,CARG:38838676,CARG,0700558,156594492,05427496,2025-08-28,2025-10-25,duplicate_invoice,1,"Duplicate of invoice 0700472 (same shipment or BOL, total within tolerance): total $539.00 vs $539.00, received 29 days after the first copy (2025-09-26)",539.0,539.0,157,open
127,CARG:22601768,CARG,0700486,786214027,04408739,2025-09-03,2025-11-12,duplicate_invoice,1,"Duplicate of invoice 0700486 (same shipment or BOL, total within tolerance): total $537.95 vs $537.95, received 45 days after the first copy (2025-09-28)",537.95,537.95,139,open
128,CARG:80105573,CARG,0700694,434659214,73820195,2025-12-19,2026-01-13,duplicate_invoice,1,"Duplicate of invoice 0700694 (same shipment or BOL, total within tolerance): total $537.42 vs $537.42, received 12 days after the first copy (2026-01-01)",537.42,537.42,77,open
129,CARE:44220352,CARE,0500401,661398022,07272584,2025-04-20,2025-05-11,weight_overbilling,1,"Billed weight 8,888 lb vs reference 6,960 lb (shipment weight, no reweigh certificate): +27.7%; linehaul at billed weight $2,031.80 vs $1,591.06, est. +$531.97 with fuel surcharge",531.97,531.97,324,open
130,CARG:01576514,CARG,0700099,000641441,56819093,2025-02-01,2025-03-24,duplicate_invoice,1,"Duplicate of invoice 0700075 (same shipment or BOL, total within tolerance): total $528.33 vs $528.33, received 16 days after the first copy (2025-03-08)",528.33,528.33,372,open
131,CARG:55420910,CARG,0700118,311139372,59259249,2025-03-05,2025-03-28,phantom_invoice,1,"No shipment matches BOL 59259249 (Chicago → Indianapolis, shipped 2025-03-05, 31,411 lb); whole invoice $528.24 in question",528.24,528.24,368,open
132,CARB:06876360,CARB,0200044,926783594,75231303,2025-01-15,2025-02-08,duplicate_invoice,1,"Duplicate of invoice 0200044 (same shipment or BOL, total within tolerance): total $528.01 vs $528.01, received 7 days after the first copy (2025-02-01)",528.01,528.01,416,open
133,CARD:66991178,CARD,0401097,624302549,BOL#08456442,2025-08-29,2025-10-20,duplicate_invoice,1,"Duplicate of invoice 0401097 (same shipment or BOL, total within tolerance): total $527.93 vs $527.93, received 44 days after the first copy (2025-09-06)",527.93,527.93,162,open
134,CARG:02665059,CARG,0700283,776172157,92199145,2025-05-16,2025-06-10,phantom_invoice,1,"No shipment matches BOL 92199145 (Chicago → Indianapolis, shipped 2025-05-16, 32,490 lb); whole invoice $527.58 in question",527.58,527.58,294,open
135,CARB:95583923,CARB,0200357,983485671,33725858,2025-03-05,2025-05-09,duplicate_invoice,1,"Duplicate of invoice 0200357 (same shipment or BOL, total within tolerance): total $526.89 vs $526.89, received 22 days after the first copy (2025-04-17)",526.89,526.89,326,open
136,CARC:97915514,CARC,0301238,241504057,0189-9937,2025-10-16,2025-12-01,duplicate_invoice,1,"Duplicate of invoice 0301238 (same shipment or BOL, total within tolerance): total $526.35 vs $526.35, received 35 days after the first copy (2025-10-27)",526.35,526.35,120,open
137,CARD:49928059,CARD,0401763,507549024,BOL#21750174,2025-10-27,2026-01-13,duplicate_invoice,1,"Duplicate of invoice 0401682 (same shipment or BOL, total within tolerance): total $524.29 vs $524.29, received 16 days after the first copy (2025-12-28)",524.29,524.29,77,open
138,CARC:35319452,CARC,0300117,217375537,8260 3270,2025-02-11,2025-02-18,weight_overbilling,1,"Billed weight 8,872 lb vs reference 7,204 lb (shipment weight, no reweigh certificate): +23.2%; linehaul at billed weight $2,270.34 vs $1,843.50, est. +$519.04 with fuel surcharge",519.04,519.04,406,open
139,CARC:63205612,CARC,0301159,392507592,82446310,2025-09-28,2025-11-15,duplicate_invoice,1,"Duplicate of invoice 0301159 (same shipment or BOL, total within tolerance): total $517.65 vs $517.65, received 32 days after the first copy (2025-10-14)",517.65,517.65,136,open
140,CARH:75830278,CARH,0800439,528588767,BOL#46744485,2025-10-23,2025-12-03,rate_overcharge,1,"Linehaul $4,212.82 vs contract $3,699.41 (Dallas → Boston, rate effective 2025-01-01): +$513.41 (+13.9%)",513.41,513.41,118,open
141,CARD:09714383,CARD,0400363,104705265,BOL#52108531,2025-03-18,2025-04-14,phantom_invoice,1,"No shipment matches BOL BOL#52108531 (Dallas → Seattle, shipped 2025-03-18, 464 lb); whole invoice $501.39 in question",501.39,501.39,351,open
142,CARC:21432065,CARC,0301173,995967314,44677008,2025-10-04,2025-11-25,duplicate_invoice,1,"Duplicate of invoice 0301173 (same shipment or BOL, total within tolerance): total $499.19 vs $499.19, received 41 days after the first copy (2025-10-15)",499.19,499.19,126,open
143,CARA:58317929,CARA,0100416,376518819,82903169,2025-04-27,2025-06-22,duplicate_invoice,1,"Duplicate of invoice 0100416 (same shipment or BOL, total within tolerance): total $491.94 vs $491.94, received 43 days after the first copy (2025-05-10)",491.94,491.94,282,open
144,CARD:57919922,CARD,0400480,541122754,BOL#0987-0626,2025-04-14,2025-05-11,duplicate_invoice,1,"Duplicate of invoice 0400415 (same shipment or BOL, total within tolerance): total $487.01 vs $487.01, received 16 days after the first copy (2025-04-25)",487.01,487.01,324,open
145,CARD:28082766,CARD,0401231,985758498,BOL#18369021,2025-08-20,2025-10-04,phantom_invoice,1,"No shipment matches BOL BOL#18369021 (Dallas → Boston, shipped 2025-08-20, 468 lb); whole invoice $485.58 in question",485.58,485.58,178,open
146,CARB:15183428,CARB,0200837,216067274,05811006,2025-06-15,2025-07-21,duplicate_invoice,1,"Duplicate of invoice 0200765 (same shipment or BOL, total within tolerance): total $469.73 vs $469.73, received 14 days after the first copy (2025-07-07)",469.73,469.73,253,open
147,CARE:69904303,CARE,0500898,732905714,2271-5766,2025-08-15,2025-10-14,duplicate_invoice,1,"Duplicate of invoice 0500898 (same shipment or BOL, total within tolerance): total $458.73 vs $458.73, received 39 days after the first copy (2025-09-05)",458.73,458.73,168,open
148,CARD:69308090,CARD,0401462,147262103,BOL#62178275,2025-10-30,2025-11-11,weight_overbilling,1,"Billed weight 2,596 lb vs reference 2,007 lb (shipment weight, no reweigh certificate): +29.3%; linehaul at billed weight $1,594.20 vs $1,232.50, est. +$456.10 with fuel surcharge",456.1,456.1,140,open
149,CARD:59646325,CARD,0401604,268678280,BOL#44638867,2025-11-11,2025-12-13,duplicate_invoice,1,"Duplicate of invoice 0401526 (same shipment or BOL, total within tolerance): total $454.53 vs $454.53, received 17 days after the first copy (2025-11-26)",454.53,454.53,108,open
150,CARA:31476189,CARA,0100865,949953074,bol-14229599,2025-07-13,2025-08-26,duplicate_invoice,1,"Duplicate of invoice 0100746 (same shipment or BOL, total within tolerance): total $442.59 vs $442.59, received 32 days after the first copy (2025-07-25)",442.59,442.59,217,open
151,CARC:73035582,CARC,0301333,889937517,56381851,2025-10-22,2025-11-15,duplicate_invoice,1,"Duplicate of invoice 0301266 (same shipment or BOL, total within tolerance): total $428.99 vs $428.99, received 12 days after the first copy (2025-11-03)",428.99,428.99,136,open
152,CARG:93834755,CARG,0700107,452970485,BOL-73668542,2025-03-04,2025-03-23,rate_overcharge,1,"Linehaul $3,546.02 vs contract $3,118.98 (Memphis → Boston, rate effective 2025-01-01): +$427.04 (+13.7%)",427.04,427.04,373,open
153,CARC:83993153,CARC,0300336,341371450,40294574,2025-04-05,2025-04-16,phantom_invoice,1,"No shipment matches BOL 40294574 (Columbus → Indianapolis, shipped 2025-04-05, 2,721 lb); whole invoice $426.95 in question",426.95,426.95,349,open
154,CARC:76302377,CARC,0300922,462729062,80232614,2025-08-03,2025-08-29,duplicate_invoice,1,"Duplicate of invoice 0300922 (same shipment or BOL, total within tolerance): total $426.71 vs $426.71, received 10 days after the first copy (2025-08-19)",426.71,426.71,214,open
155,CARE:77765341,CARE,0500854,000602184,82461310,2025-07-25,2025-08-21,phantom_invoice,1,"No shipment matches BOL 82461310 (Atlanta → Detroit, shipped 2025-07-25, 825 lb); whole invoice $426.26 in question",426.26,426.26,222,open
156,CARG:34915862,CARG,0700496,735648165,73237912,2025-08-17,2025-10-04,rate_overcharge,1,"Linehaul $3,556.33 vs contract $3,133.35 (Dallas → Los Angeles, rate effective 2025-01-01): +$422.98 (+13.5%)",422.98,422.98,178,open
157,CARF:91487888,CARF,0600545,756189403,BOL#82765185,2025-09-21,2025-10-11,rate_overcharge;fsc_mismatch,2,"Linehaul $5,881.70 vs contract $5,564.80 (Columbus → Los Angeles, rate effective 2025-01-01): +$316.90 (+5.7%) | Fuel surcharge $1,250.73 vs expected $1,146.51 (TL, diesel $4.155/gal for week of 2025-09-15; $0.528/mi vs expected $0.484/mi over 2,368 mi): +$104.22",421.12,421.12,171,open
158,CARA:08727300,CARA,0100259,429576090,3862-1990,2025-03-14,2025-03-30,weight_overbilling,1,"Billed weight 4,784 lb vs reference 3,750 lb (shipment weight, no reweigh certificate): +27.6%; linehaul at billed weight $3,032.50 vs $2,685.38, est. +$418.97 with fuel surcharge",418.97,418.97,366,open
159,CARA:60592169,CARA,0101485,953304341,47426156,2025-11-29,2026-01-18,duplicate_invoice,1,"Duplicate of invoice 0101422 (same shipment or BOL, total within tolerance): total $418.42 vs $418.42, received 18 days after the first copy (2025-12-31)",418.42,418.42,72,open
160,CARG:32952763,CARG,0700442,624300197,78378130,2025-08-27,2025-09-06,rate_overcharge,1,"Linehaul $3,548.63 vs contract $3,133.35 (Dallas → Los Angeles, rate effective 2025-01-01): +$415.28 (+13.3%)",415.28,415.28,206,open
161,CARC:82298374,CARC,0300166,133815933,44365609,2025-02-16,2025-02-26,phantom_invoice,1,"No shipment matches BOL 44365609 (Dallas → St. Louis, shipped 2025-02-16, 1,052 lb); whole invoice $411.91 in question",411.91,411.91,398,open
162,CARC:41457394,CARC,0300390,687829522,60098691,2025-04-08,2025-04-26,weight_overbilling,1,"Billed weight 6,942 lb vs reference 5,551 lb (shipment weight, no reweigh certificate): +25.1%; linehaul at billed weight $1,700.79 vs $1,359.99, est. +$411.35 with fuel surcharge",411.35,411.35,339,open
163,CARD:47801252,CARD,0400672,030493968,BOL#11365265,2025-05-15,2025-07-03,duplicate_invoice,1,"Duplicate of invoice 0400672 (same shipment or BOL, total within tolerance): total $409.03 vs $409.03, received 17 days after the first copy (2025-06-16)",409.03,409.03,271,open
164,CARB:97169975,CARB,0200562,208945857,1508 8647,2025-04-11,2025-05-28,rate_overcharge,1,"Linehaul $3,180.19 vs contract $2,848.81 (Columbus → Phoenix, rate effective 2025-01-01): +$331.38 (+11.6%); est. $399.98 with fuel surcharge",399.98,399.98,307,open
165,CARC:66797335,CARC,0301569,112565522,2555 1562,2025-12-11,2026-01-28,duplicate_invoice,1,"Duplicate of invoice 0301569 (same shipment or BOL, total within tolerance): total $398.89 vs $398.89, received 33 days after the first copy (2025-12-26)",398.89,398.89,62,open
166,CARA:23712174,CARA,0101054,363840755,65760515,2025-09-15,2025-10-05,weight_overbilling,1,"Billed weight 1,534 lb vs reference 1,182 lb (shipment weight, no reweigh certificate): +29.8%; linehaul at billed weight $1,372.01 vs $1,057.18, est. +$397.00 with fuel surcharge",397.0,397.0,177,open
167,CARD:04970123,CARD,0401854,358703404,BOL#76833358,2025-12-27,2026-02-23,duplicate_invoice,1,"Duplicate of invoice 0401769 (same shipment or BOL, total within tolerance): total $395.76 vs $395.76, received 41 days after the first copy (2026-01-13)",395.76,395.76,36,open
168,CARA:39203586,CARA,0100786,246208117,17436138,2025-07-19,2025-08-04,rate_overcharge,1,"Linehaul $5,140.87 vs contract $4,830.00 (Memphis → Seattle, rate effective 2025-01-01): +$310.87 (+6.4%); est. $380.82 with fuel surcharge",380.82,380.82,239,open
169,CARE:42022069,CARE,0500804,579621134,71609302,2025-07-30,2025-08-07,phantom_invoice,1,"No shipment matches BOL 71609302 (Chicago → Indianapolis, shipped 2025-07-30, 2,277 lb); whole invoice $374.73 in question",374.73,374.73,236,open
170,CARF:90038562,CARF,0600326,912737156,87618598,2025-06-17,2025-07-05,rate_overcharge,1,"Linehaul $5,938.52 vs contract $5,564.80 (Columbus → Los Angeles, rate effective 2025-01-01): +$373.72 (+6.7%)",373.72,373.72,269,open
171,CARC:83319190,CARC,0301414,879680958,47752458,2025-11-14,2025-11-28,rate_overcharge,1,"Linehaul $4,316.81 vs contract $4,023.00 (Columbus → Salt Lake City, rate effective 2025-01-01): +$293.81 (+7.3%); est. $373.14 with fuel surcharge",373.14,373.14,123,open
172,CARG:69405649,CARG,0700016,248913337,27595952,2025-01-08,2025-01-30,rate_overcharge,1,"Linehaul $3,481.64 vs contract $3,118.98 (Memphis → Boston, rate effective 2025-01-01): +$362.66 (+11.6%)",362.66,362.66,425,open
173,CARB:29253593,CARB,0200950,487643974,12657581,2025-07-14,2025-08-13,rate_overcharge;weight_overbilling,2,"Linehaul $933.92 vs contract $834.06 (Memphis → Seattle, rate effective 2025-01-01): +$99.86 (+12.0%); est. $122.33 with fuel surcharge | Billed weight 813 lb vs reference 626 lb (shipment weight, no reweigh certificate): +29.9%; linehaul at billed weight $834.06 vs $642.21, est. +$235.02 with fuel surcharge",357.35,357.35,230,open
174,CARA:22402943,CARA,0100710,545181584,18267405,2025-07-01,2025-07-15,rate_overcharge;unauthorized_accessorial,2,"Linehaul $1,676.44 vs contract $1,487.20 (Dallas → Seattle, rate effective 2025-01-01): +$189.24 (+12.7%); est. $231.82 with fuel surcharge | Residential $125.00 billed with no authorization on file for SHP04819 as of 2026-03-31",356.82,356.82,259,open
175,CARB:94592387,CARB,0201087,726307918,70927664,2025-08-28,2025-09-11,weight_overbilling,1,"Billed weight 3,826 lb vs reference 3,183 lb (shipment weight, no reweigh certificate): +20.2%; linehaul at billed weight $1,692.62 vs $1,408.16, est. +$353.58 with fuel surcharge",353.58,353.58,201,open
176,CARE:29646200,CARE,0501442,663767336,49150185,2025-12-04,2026-01-05,weight_overbilling,1,"Billed weight 3,291 lb vs reference 2,850 lb (shipment weight, no reweigh certificate): +15.5%; linehaul at billed weight $2,073.66 vs $1,795.79, est. +$347.89 with fuel surcharge",347.89,347.89,85,open
177,CARC:16950235,CARC,0301590,536252105,81130661,2025-12-20,2025-12-28,phantom_invoice,1,"No shipment matches BOL 81130661 (Columbus → Indianapolis, shipped 2025-12-20, 2,137 lb); whole invoice $345.32 in question",345.32,345.32,93,open
178,CARF:31420007,CARF,0600029,232736321,47570265,2025-01-30,2025-02-05,rate_overcharge;unauthorized_accessorial,2,"Linehaul $825.81 vs contract $784.89 (Chicago → Louisville, rate effective 2025-01-01): +$40.92 (+5.2%) | Detention $300.00 billed with no authorization on file for SHP00665 as of 2026-03-31",340.92,340.92,419,open
179,CARB:30511017,CARB,0201052,115978544,04031567,2025-08-06,2025-09-03,phantom_invoice,1,"No shipment matches BOL 04031567 (Columbus → St. Louis, shipped 2025-08-06, 913 lb); whole invoice $336.36 in question",336.36,336.36,209,open
180,CARC:88837619,CARC,0300215,545119414,87190640,2025-02-04,2025-03-27,duplicate_invoice,1,"Duplicate of invoice 0300215 (same shipment or BOL, total within tolerance): total $335.53 vs $335.53, received 12 days after the first copy (2025-03-15)",335.53,335.53,369,open
181,CARD:94157951,CARD,0401848,641001349,BOL#53140293,2025-12-16,2026-02-11,duplicate_invoice,1,"Duplicate of invoice 0401779 (same shipment or BOL, total within tolerance): total $332.78 vs $332.78, received 30 days after the first copy (2026-01-12)",332.78,332.78,48,open
182,CARD:13346293,CARD,0400370,981745280,BOL#28120246,2025-03-24,2025-04-19,phantom_invoice,1,"No shipment matches BOL BOL#28120246 (Atlanta → Pittsburgh, shipped 2025-03-24, 900 lb); whole invoice $332.65 in question",332.65,332.65,346,open
183,CARC:91628125,CARC,0301046,586947428,01996118,2025-08-17,2025-09-16,duplicate_invoice,1,"Duplicate of invoice 0300985 (same shipment or BOL, total within tolerance): total $323.84 vs $323.84, received 18 days after the first copy (2025-08-29)",323.84,323.84,196,open
184,CARG:46853881,CARG,0700451,819215914,20745714,2025-08-06,2025-09-11,rate_overcharge,1,"Linehaul $3,472.76 vs contract $3,150.84 (Atlanta → Denver, rate effective 2025-01-01): +$321.92 (+10.2%)",321.92,321.92,201,open
185,CARD:19919826,CARD,0400441,654721987,BOL#93864765,2025-02-27,2025-05-03,duplicate_invoice,1,"Duplicate of invoice 0400382 (same shipment or BOL, total within tolerance): total $316.52 vs $316.52, received 13 days after the first copy (2025-04-20)",316.52,316.52,332,open
186,CARF:87842938,CARF,0600540,456169025,30494765,2025-09-25,2025-10-07,fsc_mismatch;unauthorized_accessorial,2,"Fuel surcharge $169.30 vs expected $155.19 (TL, diesel $4.206/gal for week of 2025-09-22; $0.537/mi vs expected $0.493/mi over 315 mi): +$14.11 | Detention $300.00 billed with no authorization on file for SHP07143 as of 2026-03-31",314.11,314.11,175,open
187,CARB:75596162,CARB,0200908,299952888,90787779,2025-07-19,2025-08-02,weight_overbilling,1,"Billed weight 2,950 lb vs reference 2,361 lb (shipment weight, no reweigh certificate): +24.9%; linehaul at billed weight $1,268.80 vs $1,015.47, est. +$310.33 with fuel surcharge",310.33,310.33,241,open
188,CARD:03972374,CARD,0400524,480126703,BOL#44019751,2025-04-21,2025-05-16,phantom_invoice,1,"No shipment matches BOL BOL#44019751 (Atlanta → Indianapolis, shipped 2025-04-21, 977 lb); whole invoice $309.11 in question",309.11,309.11,319,open
189,CARG:07495908,CARG,0700497,269766666,22692914,2025-09-14,2025-10-02,rate_overcharge,1,"Linehaul $3,280.45 vs contract $2,972.59 (Dallas → Miami, rate effective 2025-01-01): +$307.86 (+10.4%)",307.86,307.86,180,open
190,CARA:77865875,CARA,0101400,695918418,77140190,2025-11-17,2025-12-29,duplicate_invoice,1,"Duplicate of invoice 0101282 (same shipment or BOL, total within tolerance): total $306.89 vs $306.89, received 31 days after the first copy (2025-11-28)",306.89,306.89,92,open
191,CARG:83963317,CARG,0700433,822960554,50411425,2025-08-07,2025-08-30,rate_overcharge,1,"Linehaul $3,277.09 vs contract $2,972.59 (Dallas → Miami, rate effective 2025-01-01): +$304.50 (+10.2%)",304.5,304.5,213,open
192,CARE:96599042,CARE,0500473,761656671,23758224,2025-05-10,2025-05-30,weight_overbilling,1,"Billed weight 4,089 lb vs reference 3,752 lb (shipment weight, no reweigh certificate): +9.0%; linehaul at billed weight $3,049.99 vs $2,798.62, est. +$303.40 with fuel surcharge",303.4,303.4,305,open
193,CARC:83351040,CARC,0300172,619613633,74693289,2025-02-13,2025-03-04,weight_overbilling,1,"Billed weight 3,961 lb vs reference 3,351 lb (shipment weight, no reweigh certificate): +18.2%; linehaul at billed weight $1,611.73 vs $1,363.52, est. +$301.82 with fuel surcharge",301.82,301.82,392,open
194,CARA:07438084,CARA,0100005,398101041,bol-40849796,2025-01-05,2025-01-16,rate_overcharge,1,"Linehaul $2,275.09 vs contract $2,026.50 (Dallas → Miami, rate effective 2025-01-01): +$248.59 (+12.3%); est. $300.05 with fuel surcharge",300.05,300.05,439,open
195,CARG:14334748,CARG,0700098,777766588,92482784,2025-03-02,2025-03-20,unauthorized_accessorial,1,Detention $300.00 billed with no authorization on file for SHP01422 as of 2026-03-31,300.0,300.0,376,open
196,CARG:55439103,CARG,0700207,355628172,10504790,2025-04-16,2025-05-05,unauthorized_accessorial,1,Detention $300.00 billed with no authorization on file for SHP02599 as of 2026-03-31,300.0,300.0,330,open
197,CARH:10073868,CARH,0800132,214872495,BOL#29398819,2025-04-09,2025-05-09,unauthorized_accessorial,1,Detention $300.00 billed with no authorization on file for SHP02444 as of 2026-03-31,300.0,300.0,326,open
198,CARF:81493267,CARF,0600412,726139218,65949239,2025-07-25,2025-08-09,unauthorized_accessorial,1,Detention $300.00 billed with no authorization on file for SHP05457 as of 2026-03-31,300.0,300.0,234,open
199,CARH:38606680,CARH,0800323,775588446,BOL#93624261,2025-08-29,2025-09-22,unauthorized_accessorial,1,Detention $300.00 billed with no authorization on file for SHP06345 as of 2026-03-31,300.0,300.0,190,open
200,CARH:64483020,CARH,0800492,326530821,BOL#50341425,2025-12-14,2026-01-06,unauthorized_accessorial,1,Detention $300.00 billed with no authorization on file for SHP09504 as of 2026-03-31,300.0,300.0,84,open
201,CARD:32017479,CARD,0401641,266670507,BOL#53497393,2025-10-20,2025-12-14,duplicate_invoice,1,"Duplicate of invoice 0401458 (same shipment or BOL, total within tolerance): total $295.88 vs $295.88, received 31 days after the first copy (2025-11-13)",295.88,295.88,107,open
202,CARF:47392535,CARF,0600509,567002998,42355440,2025-09-14,2025-09-26,rate_overcharge;fsc_mismatch,2,"Linehaul $3,160.21 vs contract $2,925.24 (Dallas → Pittsburgh, rate effective 2025-07-01): +$234.97 (+8.0%) | Fuel surcharge $652.46 vs expected $598.09 (TL, diesel $4.047/gal for week of 2025-09-08; $0.509/mi vs expected $0.466/mi over 1,283 mi): +$54.37",289.34,289.34,186,open
203,CARH:30450147,CARH,0800061,000008054,BOL#6110 4384,2025-02-22,2025-03-20,rate_overcharge,1,"Linehaul $3,401.84 vs contract $3,114.00 (Dallas → Philadelphia, rate effective 2025-01-01): +$287.84 (+9.2%)",287.84,287.84,376,open
204,CARD:90892747,CARD,0401550,248090576,BOL#13047280,2025-10-09,2025-11-27,duplicate_invoice,1,"Duplicate of invoice 0401345 (same shipment or BOL, total within tolerance): total $284.99 vs $284.99, received 32 days after the first copy (2025-10-26)",284.99,284.99,124,open
205,CARB:89529791,CARB,0200065,736887376,56847779,2025-01-23,2025-03-12,duplicate_invoice,1,"Duplicate of invoice 0200065 (same shipment or BOL, total within tolerance): total $281.06 vs $281.06, received 32 days after the first copy (2025-02-08)",281.06,281.06,384,open
206,CARA:42815508,CARA,0100953,206354802,bol-72781757,2025-08-14,2025-09-16,duplicate_invoice,1,"Duplicate of invoice 0100869 (same shipment or BOL, total within tolerance): total $279.65 vs $279.65, received 20 days after the first copy (2025-08-27)",279.65,279.65,196,open
207,CARC:41138239,CARC,0301402,561712854,55350916,2025-11-17,2025-11-27,weight_overbilling,1,"Billed weight 6,258 lb vs reference 5,195 lb (shipment weight, no reweigh certificate): +20.5%; linehaul at billed weight $1,299.16 vs $1,078.48, est. +$278.28 with fuel surcharge",278.28,278.28,124,open
208,CARF:25400164,CARF,0600006,042559914,85878515,2025-01-09,2025-01-19,rate_overcharge,1,"Linehaul $2,144.19 vs contract $1,866.76 (Memphis → Pittsburgh, rate effective 2025-01-01): +$277.43 (+14.9%)",277.43,277.43,436,open
209,CARC:72515841,CARC,0301100,936005100,10336491,2025-08-05,2025-09-27,duplicate_invoice,1,"Duplicate of invoice 0300933 (same shipment or BOL, total within tolerance): total $277.08 vs $277.08, received 35 days after the first copy (2025-08-23)",277.08,277.08,185,open
210,CARD:09105114,CARD,0400846,812969979,BOL#19164457,2025-06-12,2025-07-20,weight_overbilling,1,"Billed weight 3,190 lb vs reference 2,578 lb (shipment weight, no reweigh certificate): +23.7%; linehaul at billed weight $1,168.82 vs $944.58, est. +$272.68 with fuel surcharge",272.68,272.68,254,open
211,CARF:62439697,CARF,0600608,361758516,63691398,2025-10-31,2025-11-20,rate_overcharge;fsc_mismatch,2,"Linehaul $3,001.19 vs contract $2,781.68 (Dallas → Detroit, rate effective 2025-01-01): +$219.51 (+7.9%) | Fuel surcharge $630.24 vs expected $577.72 (TL, diesel $4.141/gal for week of 2025-10-27; $0.526/mi vs expected $0.482/mi over 1,199 mi): +$52.52",272.03,272.03,131,open
212,CARA:37476542,CARA,0100363,405023512,95828600,2025-04-06,2025-04-26,weight_overbilling,1,"Billed weight 1,658 lb vs reference 1,314 lb (shipment weight, no reweigh certificate): +26.2%; linehaul at billed weight $1,077.37 vs $853.84, est. +$269.80 with fuel surcharge",269.8,269.8,339,open
213,CARB:39610008,CARB,0201681,595091489,64121853,2025-11-15,2026-01-07,rate_overcharge,1,"Linehaul $1,682.01 vs contract $1,471.77 (Atlanta → Denver, rate effective 2025-01-01): +$210.24 (+14.3%); est. $267.00 with fuel surcharge",267.0,267.0,83,open
214,CARB:39042625,CARB,0201515,829009107,50376074,2025-10-08,2025-12-07,rate_overcharge,1,"Linehaul $1,608.89 vs contract $1,401.21 (Columbus → Phoenix, rate effective 2025-07-01): +$207.68 (+14.8%); est. $263.75 with fuel surcharge",263.75,263.75,114,open
215,CARG:64405758,CARG,0700448,434430429,2301-9518,2025-08-19,2025-09-11,rate_overcharge,1,"Linehaul $3,413.84 vs contract $3,150.84 (Atlanta → Denver, rate effective 2025-01-01): +$263.00 (+8.3%)",263.0,263.0,201,open
216,CARD:98632912,CARD,0401438,255566768,BOL#61307290,2025-10-21,2025-11-12,weight_overbilling,1,"Billed weight 3,809 lb vs reference 3,279 lb (shipment weight, no reweigh certificate): +16.2%; linehaul at billed weight $1,491.22 vs $1,283.73, est. +$261.64 with fuel surcharge",261.64,261.64,139,open
217,CARB:21578985,CARB,0201536,607751823,26738739,2025-10-31,2025-12-09,duplicate_invoice,1,"Duplicate of invoice 0201407 (same shipment or BOL, total within tolerance): total $260.47 vs $260.47, received 24 days after the first copy (2025-11-15)",260.47,260.47,112,open
218,CARG:62149983,CARG,0700070,548889946,60599113,2025-02-11,2025-03-05,rate_overcharge,1,"Linehaul $2,135.38 vs contract $1,875.43 (Atlanta → Houston, rate effective 2025-01-01): +$259.95 (+13.9%)",259.95,259.95,391,open
219,CARF:02830694,CARF,0600485,164072197,60549455,2025-09-04,2025-09-18,rate_overcharge;fsc_mismatch,2,"Linehaul $2,623.04 vs contract $2,408.90 (Atlanta → Minneapolis, rate effective 2025-01-01): +$214.14 (+8.9%) | Fuel surcharge $535.17 vs expected $491.59 (TL, diesel $3.956/gal for week of 2025-09-01; $0.491/mi vs expected $0.451/mi over 1,090 mi): +$43.58",257.72,257.72,194,open
220,CARD:37269711,CARD,0400893,652827805,BOL#20752683,2025-07-11,2025-07-30,duplicate_invoice,1,"Duplicate of invoice 0400850 (same shipment or BOL, total within tolerance): total $257.24 vs $257.24, received 10 days after the first copy (2025-07-20)",257.24,257.24,244,open
221,CARC:46724679,CARC,0300088,671227365,bol-36382005,2025-01-31,2025-02-13,weight_overbilling,1,"Billed weight 1,666 lb vs reference 1,306 lb (shipment weight, no reweigh certificate): +27.6%; linehaul at billed weight $978.94 vs $767.41, est. +$257.22 with fuel surcharge",257.22,257.22,411,open
222,CARC:16883377,CARC,0300822,320620332,17171450,2025-06-22,2025-07-23,duplicate_invoice,1,"Duplicate of invoice 0300723 (same shipment or BOL, total within tolerance): total $255.77 vs $255.77, received 23 days after the first copy (2025-06-30)",255.77,255.77,251,open
223,CARD:87005765,CARD,0401212,005071532,BOL#60963431,2025-09-21,2025-10-03,rate_overcharge,1,"Linehaul $2,114.92 vs contract $1,912.23 (Dallas → Pittsburgh, rate effective 2025-07-01): +$202.69 (+10.6%); est. $255.59 with fuel surcharge",255.59,255.59,179,open
224,CARF:65289782,CARF,0600203,339989087,BOL#38243445,2025-04-18,2025-05-07,rate_overcharge,1,"Linehaul $2,121.81 vs contract $1,866.76 (Memphis → Pittsburgh, rate effective 2025-01-01): +$255.05 (+13.7%)",255.05,255.05,328,open
225,CARA:69006587,CARA,0101112,397960731,61036252,2025-10-11,2025-10-20,phantom_invoice,1,"No shipment matches BOL 61036252 (Chicago → Nashville, shipped 2025-10-11, 630 lb); whole invoice $254.19 in question",254.19,254.19,162,open
226,CARD:85629517,CARD,0401681,150004213,BOL#87258335,2025-11-27,2025-12-27,phantom_invoice,1,"No shipment matches BOL BOL#87258335 (Atlanta → Kansas City, shipped 2025-11-27, 422 lb); whole invoice $250.75 in question",250.75,250.75,94,open
227,CARC:75690354,CARC,0300812,446282177,65869400,2025-07-05,2025-07-20,rate_overcharge,1,"Linehaul $2,176.52 vs contract $1,973.68 (Columbus → Salt Lake City, rate effective 2025-01-01): +$202.84 (+10.3%); est. $248.48 with fuel surcharge",248.48,248.48,254,open
228,CARG:28261037,CARG,0700096,420947171,33512022,2025-02-27,2025-03-18,rate_overcharge,1,"Linehaul $2,207.15 vs contract $1,959.75 (Dallas → Louisville, rate effective 2025-01-01): +$247.40 (+12.6%)",247.4,247.4,378,open
229,CARD:82780076,CARD,0401559,296288930,BOL#84514844,2025-11-11,2025-12-01,weight_overbilling,1,"Billed weight 4,328 lb vs reference 3,588 lb (shipment weight, no reweigh certificate): +20.6%; linehaul at billed weight $1,271.50 vs $1,077.12, est. +$246.86 with fuel surcharge",246.86,246.86,120,open
230,CARD:35383812,CARD,0400545,293579342,BOL#81914482,2025-04-30,2025-06-17,duplicate_invoice,1,"Duplicate of invoice 0400545 (same shipment or BOL, total within tolerance): total $244.00 vs $244.00, received 24 days after the first copy (2025-05-24)",244.0,244.0,287,open
231,CARC:72123028,CARC,0301339,341785346,35819282,2025-11-03,2025-11-17,phantom_invoice,1,"No shipment matches BOL 35819282 (Dallas → Detroit, shipped 2025-11-03, 288 lb); whole invoice $243.28 in question",243.28,243.28,134,open
232,CARC:45739232,CARC,0301116,449384751,56162931,2025-09-20,2025-10-04,rate_overcharge,1,"Linehaul $1,741.22 vs contract $1,549.07 (Chicago → Orlando, rate effective 2025-01-01): +$192.15 (+12.4%); est. $242.30 with fuel surcharge",242.3,242.3,178,open
233,CARC:02574057,CARC,0301080,059977074,81076875,2025-09-10,2025-09-25,phantom_invoice,1,"No shipment matches BOL 81076875 (Dallas → Pittsburgh, shipped 2025-09-10, 279 lb); whole invoice $240.40 in question",240.4,240.4,187,open
234,CARC:27223516,CARC,0301240,331499950,93271539,2025-09-30,2025-10-29,rate_overcharge,1,"Linehaul $1,975.70 vs contract $1,786.50 (Dallas → Detroit, rate effective 2025-01-01): +$189.20 (+10.6%); est. $240.28 with fuel surcharge",240.28,240.28,153,open
235,CARC:77549424,CARC,0300658,100851447,79559324,2025-06-09,2025-06-18,phantom_invoice,1,"No shipment matches BOL 79559324 (Chicago → Louisville, shipped 2025-06-09, 883 lb); whole invoice $239.43 in question",239.43,239.43,286,open
236,CARA:41053902,CARA,0100460,598575340,62438697,2025-05-07,2025-05-17,phantom_invoice,1,"No shipment matches BOL 62438697 (Columbus → Nashville, shipped 2025-05-07, 742 lb); whole invoice $238.59 in question",238.59,238.59,318,open
237,CARA:99040178,CARA,0101495,706752021,69407960,2025-12-29,2026-01-22,weight_overbilling,1,"Billed weight 6,157 lb vs reference 4,820 lb (shipment weight, no reweigh certificate): +27.7%; linehaul at billed weight $1,026.99 vs $834.00, est. +$238.15 with fuel surcharge",238.15,238.15,68,open
238,CARE:01668760,CARE,0500436,739060787,01166294,2025-04-28,2025-05-15,weight_overbilling,1,"Billed weight 5,740 lb vs reference 4,594 lb (shipment weight, no reweigh certificate): +24.9%; linehaul at billed weight $1,504.45 vs $1,310.50, est. +$234.10 with fuel surcharge",234.1,234.1,320,open
239,CARE:63044437,CARE,0500761,186482188,55797842,2025-07-15,2025-08-08,duplicate_invoice,1,"Duplicate of invoice 0500761 (same shipment or BOL, total within tolerance): total $225.61 vs $225.61, received 7 days after the first copy (2025-08-01)",225.61,225.61,235,open
240,CARG:19863448,CARG,0700026,020034893,3230 1445,2025-01-11,2025-02-06,unauthorized_accessorial,1,Detention $225.00 billed with no authorization on file for SHP00249 as of 2026-03-31,225.0,225.0,418,open
241,CARH:24476646,CARH,0800086,036878303,BOL#12371597,2025-02-11,2025-04-11,unauthorized_accessorial,1,Detention $225.00 billed with no authorization on file for SHP00961 as of 2026-03-31,225.0,225.0,354,open
242,CARH:16947448,CARH,0800097,065579322,BOL#99088257,2025-03-07,2025-04-15,unauthorized_accessorial,1,Detention $225.00 billed with no authorization on file for SHP01556 as of 2026-03-31,225.0,225.0,350,open
243,CARG:44291558,CARG,0700383,092959087,85843556,2025-07-24,2025-08-03,unauthorized_accessorial,1,Detention $225.00 billed with no authorization on file for SHP05425 as of 2026-03-31,225.0,225.0,240,open
244,CARH:87210347,CARH,0800302,944883709,BOL#56903140,2025-07-29,2025-09-08,unauthorized_accessorial,1,Detention $225.00 billed with no authorization on file for SHP05549 as of 2026-03-31,225.0,225.0,204,open
245,CARG:73786224,CARG,0700710,736280510,33913866,2025-12-22,2026-01-09,unauthorized_accessorial,1,Detention $225.00 billed with no authorization on file for SHP09739 as of 2026-03-31,225.0,225.0,81,open
246,CARE:11762584,CARE,0501178,270256202,34562363,2025-10-14,2025-11-03,weight_overbilling,1,"Billed weight 7,926 lb vs reference 7,500 lb (shipment weight, no reweigh certificate): +5.7%; linehaul at billed weight $3,260.76 vs $3,085.50, est. +$222.58 with fuel surcharge",222.58,222.58,148,open
247,CARD:00442684,CARD,0400072,407806794,BOL#10049501,2025-01-06,2025-02-07,weight_overbilling,1,"Billed weight 3,910 lb vs reference 3,056 lb (shipment weight, no reweigh certificate): +27.9%; linehaul at billed weight $843.78 vs $659.48, est. +$222.45 with fuel surcharge",222.45,222.45,417,open
248,CARD:31543482,CARD,0400984,824361310,BOL#7778 2288,2025-07-26,2025-08-19,weight_overbilling,1,"Billed weight 2,569 lb vs reference 2,276 lb (shipment weight, no reweigh certificate): +12.9%; linehaul at billed weight $1,577.62 vs $1,397.69, est. +$222.03 with fuel surcharge",222.03,222.03,224,open
249,CARA:07274603,CARA,0101052,420544894,61662761,2025-08-31,2025-10-06,duplicate_invoice,1,"Duplicate of invoice 0100978 (same shipment or BOL, total within tolerance): total $220.51 vs $220.51, received 12 days after the first copy (2025-09-24)",220.51,220.51,176,open
250,CARC:45932502,CARC,0300032,108883058,02272935,2025-01-14,2025-01-22,rate_overcharge,1,"Linehaul $2,061.40 vs contract $1,879.02 (Dallas → Charlotte, rate effective 2025-01-01): +$182.38 (+9.7%); est. $220.13 with fuel surcharge",220.13,220.13,433,open
251,CARA:52110560,CARA,0101466,824657646,80257218,2025-12-31,2026-01-12,weight_overbilling,1,"Billed weight 1,323 lb vs reference 1,096 lb (shipment weight, no reweigh certificate): +20.7%; linehaul at billed weight $1,019.77 vs $844.80, est. +$215.91 with fuel surcharge",215.91,215.91,78,open
252,CARC:23254776,CARC,0301435,071416218,90825334,2025-11-20,2025-11-29,rate_overcharge,1,"Linehaul $1,559.19 vs contract $1,395.16 (Atlanta → Phoenix, rate effective 2025-01-01): +$164.03 (+11.8%); est. $206.84 with fuel surcharge",206.84,206.84,122,open
253,CARF:60682465,CARF,0600104,167860619,35460203,2025-03-02,2025-03-17,rate_overcharge,1,"Linehaul $1,897.14 vs contract $1,694.04 (Columbus → Kansas City, rate effective 2025-01-01): +$203.10 (+12.0%)",203.1,203.1,379,open
254,CARE:16919393,CARE,0501284,773425342,BOL-59121364,2025-10-15,2025-11-23,duplicate_invoice,1,"Duplicate of invoice 0501176 (same shipment or BOL, total within tolerance): total $202.39 vs $202.39, received 19 days after the first copy (2025-11-04)",202.39,202.39,128,open
255,CARC:32053661,CARC,0301613,643701788,72589116,2025-12-11,2026-01-01,weight_overbilling,1,"Billed weight 785 lb vs reference 635 lb (shipment weight, no reweigh certificate): +23.6%; linehaul at billed weight $848.59 vs $686.43, est. +$201.56 with fuel surcharge",201.56,201.56,89,open
256,CARG:01093063,CARG,0700191,312354579,70242721,2025-04-12,2025-04-26,rate_overcharge,1,"Linehaul $3,170.97 vs contract $2,972.59 (Dallas → Miami, rate effective 2025-01-01): +$198.38 (+6.7%)",198.38,198.38,339,open
257,CARD:73165863,CARD,0400868,712747096,bol-30485649,2025-07-11,2025-07-29,weight_overbilling,1,"Billed weight 1,557 lb vs reference 1,334 lb (shipment weight, no reweigh certificate): +16.7%; linehaul at billed weight $1,124.93 vs $963.82, est. +$197.36 with fuel surcharge",197.36,197.36,245,open
258,CARC:59198895,CARC,0300542,856602618,86439279,2025-05-11,2025-06-01,unauthorized_accessorial;weight_overbilling,2,"Liftgate $95.00 billed with no authorization on file for SHP03341 as of 2026-03-31 | Billed weight 799 lb vs reference 637 lb (shipment weight, no reweigh certificate): +25.4%; linehaul at billed weight $412.60 vs $328.95, est. +$100.97 with fuel surcharge",195.97,195.97,303,open
259,CARH:22093556,CARH,0800417,566636161,BOL-64789316,2025-10-22,2025-11-18,rate_overcharge,1,"Linehaul $1,937.18 vs contract $1,743.65 (Atlanta → Kansas City, rate effective 2025-07-01): +$193.53 (+11.1%)",193.53,193.53,133,open
260,CARF:81390756,CARF,0600469,642025346,28133256,2025-08-25,2025-09-11,fsc_mismatch;unauthorized_accessorial,2,"Fuel surcharge $520.28 vs expected $476.92 (TL, diesel $3.947/gal for week of 2025-08-25; $0.490/mi vs expected $0.450/mi over 1,061 mi): +$43.36 | Detention $150.00 billed with no authorization on file for SHP06247 as of 2026-03-31",193.36,193.36,201,open
261,CARD:28493008,CARD,0400793,764406413,BOL#33353247,2025-05-11,2025-07-10,duplicate_invoice,1,"Duplicate of invoice 0400579 (same shipment or BOL, total within tolerance): total $191.25 vs $191.25, received 38 days after the first copy (2025-06-02)",191.25,191.25,264,open
262,CARH:29797114,CARH,0800520,360223120,BOL#26856541,2025-12-31,2026-01-17,rate_overcharge,1,"Linehaul $4,038.90 vs contract $3,850.12 (Atlanta → Phoenix, rate effective 2025-01-01): +$188.78 (+4.9%)",188.78,188.78,73,open
263,CARA:74826155,CARA,0100834,420479228,BOL#65267349,2025-07-30,2025-08-16,weight_overbilling,1,"Billed weight 1,177 lb vs reference 969 lb (shipment weight, no reweigh certificate): +21.5%; linehaul at billed weight $991.50 vs $842.40, est. +$185.33 with fuel surcharge",185.33,185.33,227,open
264,CARD:25578533,CARD,0400139,654762132,BOL#40894913,2025-01-29,2025-02-28,rate_overcharge,1,"Linehaul $2,650.23 vs contract $2,499.28 (Columbus → Los Angeles, rate effective 2025-01-01): +$150.95 (+6.0%); est. $183.56 with fuel surcharge",183.56,183.56,396,open
265,CARA:41722422,CARA,0101239,651794097,27990084,2025-10-30,2025-11-22,rate_overcharge,1,"Linehaul $1,230.88 vs contract $1,085.40 (Dallas → Los Angeles, rate effective 2025-01-01): +$145.48 (+13.4%); est. $183.45 with fuel surcharge",183.45,183.45,129,open
266,CARC:14263491,CARC,0300628,504505683,93093887,2025-05-31,2025-06-16,rate_overcharge,1,"Linehaul $1,766.67 vs contract $1,616.50 (Dallas → Charlotte, rate effective 2025-01-01): +$150.17 (+9.3%); est. $182.61 with fuel surcharge",182.61,182.61,288,open
267,CARG:95797620,CARG,0700223,420660613,76512958,2025-03-25,2025-05-15,rate_overcharge,1,"Linehaul $1,796.23 vs contract $1,614.45 (Chicago → Charlotte, rate effective 2025-01-01): +$181.78 (+11.3%)",181.78,181.78,320,open
268,CARE:07783372,CARE,0501047,405555548,58091675,2025-09-23,2025-10-07,rate_overcharge;unauthorized_accessorial,2,"Linehaul $503.72 vs contract $459.51 (Memphis → Orlando, rate effective 2025-07-01): +$44.21 (+9.6%); est. $56.15 with fuel surcharge | Residential $125.00 billed with no authorization on file for SHP07102 as of 2026-03-31",181.15,181.15,175,open
269,CARE:15082913,CARE,0501234,215464336,22481712,2025-10-31,2025-11-14,weight_overbilling,1,"Billed weight 1,629 lb vs reference 1,342 lb (shipment weight, no reweigh certificate): +21.4%; linehaul at billed weight $814.17 vs $670.73, est. +$180.88 with fuel surcharge",180.88,180.88,137,open
270,CARG:00858272,CARG,0700367,018950582,68694525,2025-06-17,2025-07-26,rate_overcharge,1,"Linehaul $3,330.22 vs contract $3,150.84 (Atlanta → Denver, rate effective 2025-01-01): +$179.38 (+5.7%)",179.38,179.38,248,open
271,CARF:84482846,CARF,0600213,180595386,BOL#51527736,2025-04-28,2025-05-16,fsc_mismatch,1,"Fuel surcharge $1,082.27 vs expected $904.58 (TL, diesel $3.542/gal for week of 2025-04-28; $0.457/mi vs expected $0.382/mi over 2,368 mi): +$177.69",177.69,177.69,319,open
272,CARA:00965880,CARA,0101456,959994126,62907484,2025-12-21,2026-01-10,weight_overbilling,1,"Billed weight 1,405 lb vs reference 1,186 lb (shipment weight, no reweigh certificate): +18.5%; linehaul at billed weight $912.97 vs $770.66, est. +$176.89 with fuel surcharge",176.89,176.89,80,open
273,CARC:37042853,CARC,0300238,552008107,BOL#19980404,2025-03-09,2025-03-18,weight_overbilling,1,"Billed weight 1,562 lb vs reference 1,248 lb (shipment weight, no reweigh certificate): +25.2%; linehaul at billed weight $721.18 vs $576.20, est. +$176.30 with fuel surcharge",176.3,176.3,378,open
274,CARD:86968619,CARD,0400773,349778408,BOL#31181597,2025-06-16,2025-07-25,duplicate_invoice,1,"Duplicate of invoice 0400773 (same shipment or BOL, total within tolerance): total $172.16 vs $172.16, received 18 days after the first copy (2025-07-07)",172.16,172.16,249,open
275,CARC:06520630,CARC,0301642,490971486,bol-82859235,2025-12-25,2026-01-17,duplicate_invoice,1,"Duplicate of invoice 0301642 (same shipment or BOL, total within tolerance): total $171.98 vs $171.98, received 7 days after the first copy (2026-01-10)",171.98,171.98,73,open
276,CARC:69327175,CARC,0300608,464207129,51456233,2025-05-24,2025-06-13,phantom_invoice,1,"No shipment matches BOL 51456233 (Dallas → Detroit, shipped 2025-05-24, 211 lb); whole invoice $171.88 in question",171.88,171.88,291,open
277,CARE:15815300,CARE,0500116,877070190,68768499,2025-02-04,2025-02-21,weight_overbilling,1,"Billed weight 2,027 lb vs reference 1,561 lb (shipment weight, no reweigh certificate): +29.9%; linehaul at billed weight $1,511.94 vs $1,369.78, est. +$171.59 with fuel surcharge",171.59,171.59,403,open
278,CARD:46053916,CARD,0400396,852069744,BOL#27245232,2025-04-11,2025-04-22,phantom_invoice,1,"No shipment matches BOL BOL#27245232 (Columbus → Louisville, shipped 2025-04-11, 755 lb); whole invoice $168.32 in question",168.32,168.32,343,open
279,CARA:12788181,CARA,0100179,106118494,94026726,2025-02-22,2025-03-11,rate_overcharge,1,"Linehaul $1,449.71 vs contract $1,310.40 (Dallas → Boston, rate effective 2025-01-01): +$139.31 (+10.6%); est. $168.15 with fuel surcharge",168.15,168.15,385,open
280,CARG:65409632,CARG,0700185,969703232,BOL-43010599,2025-04-03,2025-04-24,rate_overcharge,1,"Linehaul $3,349.67 vs contract $3,181.88 (Chicago → Salt Lake City, rate effective 2025-01-01): +$167.79 (+5.3%)",167.79,167.79,341,open
281,CARA:23117517,CARA,0100275,603823040,23027515,2025-03-22,2025-04-05,weight_overbilling,1,"Billed weight 5,556 lb vs reference 4,925 lb (shipment weight, no reweigh certificate): +12.8%; linehaul at billed weight $1,386.78 vs $1,248.00, est. +$167.51 with fuel surcharge",167.51,167.51,360,open
282,CARB:03947559,CARB,0200622,018141984,07693511,2025-05-19,2025-06-08,phantom_invoice,1,"No shipment matches BOL 07693511 (Atlanta → Louisville, shipped 2025-05-19, 430 lb); whole invoice $166.96 in question",166.96,166.96,296,open
283,CARC:72514243,CARC,0300305,847768088,57034661,2025-03-25,2025-04-04,weight_overbilling,1,"Billed weight 1,309 lb vs reference 1,011 lb (shipment weight, no reweigh certificate): +29.5%; linehaul at billed weight $604.37 vs $466.78, est. +$166.07 with fuel surcharge",166.07,166.07,361,open
284,CARD:45441397,CARD,0401010,999556235,BOL#01823242,2025-07-07,2025-08-25,weight_overbilling,1,"Billed weight 3,155 lb vs reference 2,860 lb (shipment weight, no reweigh certificate): +10.3%; linehaul at billed weight $1,424.48 vs $1,291.29, est. +$163.16 with fuel surcharge",163.16,163.16,218,open
285,CARB:45944206,CARB,0200957,965139038,72611664,2025-07-17,2025-08-15,rate_overcharge,1,"Linehaul $1,222.59 vs contract $1,089.80 (Atlanta → Denver, rate effective 2025-01-01): +$132.79 (+12.2%); est. $162.67 with fuel surcharge",162.67,162.67,228,open
286,CARC:63334449,CARC,0300568,998638527,68247519,2025-05-14,2025-06-03,rate_overcharge,1,"Linehaul $1,014.58 vs contract $883.79 (Columbus → Seattle, rate effective 2025-01-01): +$130.79 (+14.8%); est. $159.04 with fuel surcharge",159.04,159.04,301,open
287,CARE:59732005,CARE,0500285,789140190,85356305,2025-03-30,2025-05-11,duplicate_invoice,1,"Duplicate of invoice 0500285 (same shipment or BOL, total within tolerance): total $158.23 vs $158.23, received 30 days after the first copy (2025-04-11)",158.23,158.23,324,open
288,CARE:63507464,CARE,0500347,988427879,12391279,2025-04-06,2025-04-26,weight_overbilling,1,"Billed weight 2,848 lb vs reference 2,430 lb (shipment weight, no reweigh certificate): +17.2%; linehaul at billed weight $881.46 vs $752.09, est. +$156.15 with fuel surcharge",156.15,156.15,339,open
289,CARC:21344920,CARC,0300971,473806407,0820-0203,2025-08-17,2025-08-28,rate_overcharge,1,"Linehaul $1,712.45 vs contract $1,587.18 (Dallas → Pittsburgh, rate effective 2025-01-01): +$125.27 (+7.9%); est. $155.71 with fuel surcharge",155.71,155.71,215,open
290,CARE:74367548,CARE,0500856,461199996,27353137,2025-07-26,2025-08-27,rate_overcharge;weight_overbilling,2,"Linehaul $599.45 vs contract $557.40 (Columbus → Boston, rate effective 2025-07-01): +$42.05 (+7.5%); est. $51.89 with fuel surcharge | Billed weight 1,434 lb vs reference 1,222 lb (shipment weight, no reweigh certificate): +17.3%; linehaul at billed weight $557.40 vs $474.99, est. +$101.69 with fuel surcharge",153.58,153.58,216,open
291,CARE:63588259,CARE,0500641,437662300,8671 4667,2025-06-10,2025-06-29,weight_overbilling,1,"Billed weight 3,923 lb vs reference 3,512 lb (shipment weight, no reweigh certificate): +11.7%; linehaul at billed weight $1,193.38 vs $1,068.35, est. +$152.04 with fuel surcharge",152.04,152.04,275,open
292,CARB:67781331,CARB,0201386,065267788,06846692,2025-10-17,2025-11-16,rate_overcharge,1,"Linehaul $1,408.74 vs contract $1,290.36 (Dallas → Los Angeles, rate effective 2025-01-01): +$118.38 (+9.2%); est. $150.34 with fuel surcharge",150.34,150.34,135,open
293,CARF:10032829,CARF,0600141,738494095,59921072,2025-04-02,2025-04-08,unauthorized_accessorial,1,Detention $150.00 billed with no authorization on file for SHP02225 as of 2026-03-31,150.0,150.0,357,open
294,CARG:20890530,CARG,0700311,676420175,41952043,2025-06-11,2025-06-25,unauthorized_accessorial,1,Detention $150.00 billed with no authorization on file for SHP04205 as of 2026-03-31,150.0,150.0,279,open
295,CARG:19156712,CARG,0700538,328466525,bol-35721410,2025-09-30,2025-10-15,unauthorized_accessorial,1,Detention $150.00 billed with no authorization on file for SHP07280 as of 2026-03-31,150.0,150.0,167,open
296,CARG:62241161,CARG,0700733,422377760,00767459,2025-12-30,2026-01-21,unauthorized_accessorial,1,Detention $150.00 billed with no authorization on file for SHP09946 as of 2026-03-31,150.0,150.0,69,open
297,CARE:67524118,CARE,0500876,607753705,81178679,2025-08-12,2025-08-30,weight_overbilling,1,"Billed weight 757 lb vs reference 633 lb (shipment weight, no reweigh certificate): +19.6%; linehaul at billed weight $727.33 vs $608.19, est. +$148.09 with fuel surcharge",148.09,148.09,213,open
298,CARC:13339032,CARC,0300067,706673760,15258991,2025-01-13,2025-02-06,rate_overcharge,1,"Linehaul $1,269.51 vs contract $1,147.30 (Dallas → Detroit, rate effective 2025-01-01): +$122.21 (+10.7%); est. $147.51 with fuel surcharge",147.51,147.51,418,open
299,CARG:65450068,CARG,0700402,398934584,26708739,2025-07-26,2025-08-12,fsc_mismatch,1,"Fuel surcharge $1,193.63 vs expected $1,046.74 (TL, diesel $3.856/gal for week of 2025-07-21; $0.495/mi vs expected $0.434/mi over 2,410 mi): +$146.89",146.89,146.89,231,open
300,CARD:30236308,CARD,0400116,508553014,BOL#19124453,2025-02-05,2025-02-23,rate_overcharge,1,"Linehaul $1,391.82 vs contract $1,270.57 (Dallas → Seattle, rate effective 2025-01-01): +$121.25 (+9.5%); est. $146.35 with fuel surcharge",146.35,146.35,401,open
301,CARC:25221042,CARC,0300570,940364324,47765748,2025-05-22,2025-06-07,weight_overbilling,1,"Billed weight 2,961 lb vs reference 2,721 lb (shipment weight, no reweigh certificate): +8.8%; linehaul at billed weight $1,478.72 vs $1,358.87, est. +$145.74 with fuel surcharge",145.74,145.74,297,open
302,CARD:15279094,CARD,0400912,884648281,BOL#08006827,2025-06-26,2025-08-04,phantom_invoice,1,"No shipment matches BOL BOL#08006827 (Columbus → Pittsburgh, shipped 2025-06-26, 694 lb); whole invoice $145.71 in question",145.71,145.71,239,open
303,CARD:32767940,CARD,0401431,793570929,BOL#50369595,2025-10-12,2025-12-22,duplicate_invoice,1,"Duplicate of invoice 0401431 (same shipment or BOL, total within tolerance): total $144.83 vs $144.83, received 44 days after the first copy (2025-11-08)",144.83,144.83,99,open
304,CARG:80004043,CARG,0700175,282386174,49585229,2025-04-08,2025-04-24,fsc_mismatch,1,"Fuel surcharge $1,056.34 vs expected $912.19 (TL, diesel $3.521/gal for week of 2025-04-07; $0.438/mi vs expected $0.379/mi over 2,410 mi): +$144.15",144.15,144.15,341,open
305,CARC:91655680,CARC,0300345,963371638,22434672,2025-04-04,2025-04-16,weight_overbilling,1,"Billed weight 2,783 lb vs reference 2,603 lb (shipment weight, no reweigh certificate): +6.9%; linehaul at billed weight $1,839.28 vs $1,720.32, est. +$143.58 with fuel surcharge",143.58,143.58,349,open
306,CARA:63297927,CARA,0100843,731857590,27696578,2025-08-04,2025-08-20,weight_overbilling,1,"Billed weight 1,358 lb vs reference 1,183 lb (shipment weight, no reweigh certificate): +14.8%; linehaul at billed weight $886.23 vs $772.03, est. +$141.95 with fuel surcharge",141.95,141.95,223,open
307,CARG:94396858,CARG,0700012,465840927,23505866,2025-01-11,2025-01-29,rate_overcharge,1,"Linehaul $1,366.97 vs contract $1,225.91 (Memphis → Houston, rate effective 2025-01-01): +$141.06 (+11.5%)",141.06,141.06,426,open
308,CARA:32215981,CARA,0100672,615053525,24807273,2025-06-24,2025-07-02,rate_overcharge,1,"Linehaul $1,134.85 vs contract $1,020.72 (Chicago → Charlotte, rate effective 2025-01-01): +$114.13 (+11.2%); est. $139.81 with fuel surcharge",139.81,139.81,272,open
309,CARD:87727001,CARD,0401602,044280741,BOL#97315258,2025-11-26,2025-12-11,fsc_mismatch;unauthorized_accessorial,2,"Fuel surcharge $423.96 vs expected $409.34 (LTL, diesel $4.076/gal for week of 2025-11-24; 26.1% of linehaul vs expected 25.2% (+0.90 pp)): +$14.62 | Residential $125.00 billed with no authorization on file for SHP08985 as of 2026-03-31",139.62,139.62,110,open
310,CARB:61184656,CARB,0201218,036629975,48526053,2025-09-19,2025-10-13,rate_overcharge,1,"Linehaul $2,930.48 vs contract $2,820.94 (Columbus → Phoenix, rate effective 2025-07-01): +$109.54 (+3.9%); est. $138.13 with fuel surcharge",138.13,138.13,169,open
311,CARB:63847625,CARB,0200638,564331798,24475420,2025-06-01,2025-06-10,weight_overbilling,1,"Billed weight 693 lb vs reference 542 lb (shipment weight, no reweigh certificate): +27.9%; linehaul at billed weight $516.84 vs $404.22, est. +$136.95 with fuel surcharge",136.95,136.95,294,open
312,CARC:94980630,CARC,0300993,427926974,33295854,2025-08-16,2025-09-04,duplicate_invoice,1,"Duplicate of invoice 0300961 (same shipment or BOL, total within tolerance): total $136.73 vs $136.73, received 10 days after the first copy (2025-08-25)",136.73,136.73,208,open
313,CARC:05489715,CARC,0301367,841371894,bol-04377233,2025-10-31,2025-11-23,rate_overcharge,1,"Linehaul $2,068.36 vs contract $1,959.95 (Columbus → Los Angeles, rate effective 2025-01-01): +$108.41 (+5.5%); est. $136.71 with fuel surcharge",136.71,136.71,128,open
314,CARE:06682417,CARE,0500844,820406007,99879965,2025-06-16,2025-08-17,duplicate_invoice,1,"Duplicate of invoice 0500663 (same shipment or BOL, total within tolerance): total $135.90 vs $135.90, received 44 days after the first copy (2025-07-04)",135.9,135.9,226,open
315,CARH:75789226,CARH,0800010,928053631,BOL#22837385,2025-01-15,2025-02-08,rate_overcharge,1,"Linehaul $2,370.19 vs contract $2,234.77 (Atlanta → Boston, rate effective 2025-01-01): +$135.42 (+6.1%)",135.42,135.42,416,open
316,CARE:09275223,CARE,0500707,253141220,79617449,2025-06-28,2025-07-17,rate_overcharge,1,"Linehaul $1,443.47 vs contract $1,333.00 (Atlanta → Phoenix, rate effective 2025-01-01): +$110.47 (+8.3%); est. $135.33 with fuel surcharge",135.33,135.33,257,open
317,CARC:45253274,CARC,0300748,208095195,31447932,2025-06-20,2025-07-07,weight_overbilling,1,"Billed weight 2,447 lb vs reference 2,310 lb (shipment weight, no reweigh certificate): +5.9%; linehaul at billed weight $1,973.26 vs $1,862.78, est. +$134.34 with fuel surcharge",134.34,134.34,267,open
318,CARD:55106772,CARD,0400907,241916382,BOL#5666 5758,2025-06-22,2025-08-04,duplicate_invoice,1,"Duplicate of invoice 0400776 (same shipment or BOL, total within tolerance): total $133.76 vs $133.76, received 28 days after the first copy (2025-07-07)",133.76,133.76,239,open
319,CARC:90625445,CARC,0300179,503430410,40799786,2025-02-17,2025-03-05,weight_overbilling,1,"Billed weight 3,911 lb vs reference 3,461 lb (shipment weight, no reweigh certificate): +13.0%; linehaul at billed weight $958.59 vs $848.29, est. +$133.13 with fuel surcharge",133.13,133.13,391,open
320,CARB:25818416,CARB,0200550,114292283,80715891,2025-03-29,2025-05-26,duplicate_invoice,1,"Duplicate of invoice 0200361 (same shipment or BOL, total within tolerance): total $132.77 vs $132.77, received 37 days after the first copy (2025-04-19)",132.77,132.77,309,open
321,CARC:85526864,CARC,0300657,196174708,BOL-12186209,2025-05-11,2025-06-20,duplicate_invoice,1,"Duplicate of invoice 0300488 (same shipment or BOL, total within tolerance): total $132.77 vs $132.77, received 32 days after the first copy (2025-05-19)",132.77,132.77,284,open
322,CARG:53327792,CARG,0700707,747662358,8791-5342,2025-11-25,2026-01-05,rate_overcharge,1,"Linehaul $1,745.82 vs contract $1,614.45 (Chicago → Charlotte, rate effective 2025-01-01): +$131.37 (+8.1%)",131.37,131.37,85,open
323,CARA:55917541,CARA,0100942,446881586,5461-2922,2025-08-24,2025-09-17,weight_overbilling,1,"Billed weight 1,161 lb vs reference 969 lb (shipment weight, no reweigh certificate): +19.8%; linehaul at billed weight $754.42 vs $649.80, est. +$130.04 with fuel surcharge",130.04,130.04,195,open
324,CARC:17290363,CARC,0301166,533776551,bol-54985114,2025-09-29,2025-10-11,fsc_mismatch;unauthorized_accessorial,2,"Fuel surcharge $50.15 vs expected $45.59 (LTL, diesel $4.221/gal for week of 2025-09-29; 29.7% of linehaul vs expected 27.0% (+2.70 pp)): +$4.56 | Residential $125.00 billed with no authorization on file for SHP07267 as of 2026-03-31",129.56,129.56,171,open
325,CARC:97012741,CARC,0301015,021576002,85808611,2025-08-14,2025-09-06,fsc_mismatch;unauthorized_accessorial,2,"Fuel surcharge $124.41 vs expected $119.97 (LTL, diesel $3.953/gal for week of 2025-08-11; 25.2% of linehaul vs expected 24.3% (+0.90 pp)): +$4.44 | Residential $125.00 billed with no authorization on file for SHP05966 as of 2026-03-31",129.44,129.44,206,open
326,CARH:93058324,CARH,0800392,626816378,BOL#68350832,2025-10-06,2025-11-05,fsc_mismatch,1,"Fuel surcharge $1,233.37 vs expected $1,105.33 (TL, diesel $4.216/gal for week of 2025-10-06; $0.552/mi vs expected $0.494/mi over 2,236 mi): +$128.04",128.04,128.04,146,open
327,CARG:56809614,CARG,0700177,427003996,46477494,2025-03-16,2025-04-25,rate_overcharge,1,"Linehaul $1,351.91 vs contract $1,225.91 (Memphis → Houston, rate effective 2025-01-01): +$126.00 (+10.3%)",126.0,126.0,340,open
328,CARE:62373312,CARE,0501405,808832281,00205032,2025-11-28,2025-12-25,weight_overbilling,1,"Billed weight 3,288 lb vs reference 3,012 lb (shipment weight, no reweigh certificate): +9.2%; linehaul at billed weight $1,197.16 vs $1,096.67, est. +$125.81 with fuel surcharge",125.81,125.81,96,open
329,CARC:09481406,CARC,0300019,913366941,45772393,2025-01-06,2025-01-17,unauthorized_accessorial,1,Residential $125.00 billed with no authorization on file for SHP00129 as of 2026-03-31,125.0,125.0,438,open
330,CARD:61091370,CARD,0400058,171395507,bol-40060663,2025-01-01,2025-02-01,unauthorized_accessorial,1,Residential $125.00 billed with no authorization on file for SHP00022 as of 2026-03-31,125.0,125.0,423,open
331,CARB:30812962,CARB,0200056,954815060,39395390,2025-01-18,2025-02-06,unauthorized_accessorial,1,Residential $125.00 billed with no authorization on file for SHP00406 as of 2026-03-31,125.0,125.0,418,open
332,CARA:18616410,CARA,0100061,061655476,87640714,2025-01-23,2025-02-08,unauthorized_accessorial,1,Residential $125.00 billed with no authorization on file for SHP00506 as of 2026-03-31,125.0,125.0,416,open
333,CARE:20166020,CARE,0500078,280757254,52401548,2025-01-06,2025-02-10,unauthorized_accessorial,1,Residential $125.00 billed with no authorization on file for SHP00118 as of 2026-03-31,125.0,125.0,414,open
334,CARA:71000023,CARA,0100075,025833247,28908827,2025-01-29,2025-02-11,unauthorized_accessorial,1,Residential $125.00 billed with no authorization on file for SHP00633 as of 2026-03-31,125.0,125.0,413,open
335,CARE:93413570,CARE,0500153,446589502,47805174,2025-02-15,2025-03-09,unauthorized_accessorial,1,Residential $125.00 billed with no authorization on file for SHP01086 as of 2026-03-31,125.0,125.0,387,open
336,CARC:58712707,CARC,0300211,602265940,06003847,2025-03-06,2025-03-16,unauthorized_accessorial,1,Residential $125.00 billed with no authorization on file for SHP01541 as of 2026-03-31,125.0,125.0,380,open
337,CARE:97760628,CARE,0500187,491224140,31846697,2025-03-05,2025-03-18,unauthorized_accessorial,1,Residential $125.00 billed with no authorization on file for SHP01510 as of 2026-03-31,125.0,125.0,378,open
338,CARB:55920340,CARB,0200272,520230231,94034778,2025-03-13,2025-03-26,unauthorized_accessorial,1,Residential $125.00 billed with no authorization on file for SHP01725 as of 2026-03-31,125.0,125.0,370,open
339,CARC:42229752,CARC,0300262,173803246,79107686,2025-03-14,2025-03-29,unauthorized_accessorial,1,Residential $125.00 billed with no authorization on file for SHP01767 as of 2026-03-31,125.0,125.0,367,open
340,CARE:54964654,CARE,0500249,546662826,72550537,2025-03-09,2025-04-03,unauthorized_accessorial,1,Residential $125.00 billed with no authorization on file for SHP01632 as of 2026-03-31,125.0,125.0,362,open
341,CARC:41445635,CARC,0300292,475434549,BOL-22557838,2025-03-21,2025-04-05,unauthorized_accessorial,1,Residential $125.00 billed with no authorization on file for SHP01924 as of 2026-03-31,125.0,125.0,360,open
342,CARD:10618528,CARD,0400323,869683742,BOL#87901420,2025-03-24,2025-04-10,unauthorized_accessorial,1,Residential $125.00 billed with no authorization on file for SHP01982 as of 2026-03-31,125.0,125.0,355,open
343,CARE:41139686,CARE,0500281,004634068,11252157,2025-03-20,2025-04-10,unauthorized_accessorial,1,Residential $125.00 billed with no authorization on file for SHP01895 as of 2026-03-31,125.0,125.0,355,open
344,CARD:64750147,CARD,0400403,352822519,BOL#15357256,2025-03-07,2025-04-25,unauthorized_accessorial,1,Residential $125.00 billed with no authorization on file for SHP01584 as of 2026-03-31,125.0,125.0,340,open
345,CARA:65191133,CARA,0100379,320546283,69003486,2025-04-04,2025-04-28,unauthorized_accessorial,1,Residential $125.00 billed with no authorization on file for SHP02280 as of 2026-03-31,125.0,125.0,337,open
346,CARC:76103723,CARC,0300396,452745480,50951392,2025-04-15,2025-05-02,unauthorized_accessorial,1,Residential $125.00 billed with no authorization on file for SHP02596 as of 2026-03-31,125.0,125.0,333,open
347,CARB:81021089,CARB,0200449,038332704,BOL-40593163,2025-04-17,2025-05-08,unauthorized_accessorial,1,Residential $125.00 billed with no authorization on file for SHP02653 as of 2026-03-31,125.0,125.0,327,open
348,CARA:18116671,CARA,0100463,365629094,62718924,2025-05-05,2025-05-17,unauthorized_accessorial,1,Residential $125.00 billed with no authorization on file for SHP03145 as of 2026-03-31,125.0,125.0,318,open
349,CARD:88618113,CARD,0400556,149246550,BOL#27240871,2025-04-19,2025-05-23,unauthorized_accessorial,1,Residential $125.00 billed with no authorization on file for SHP02702 as of 2026-03-31,125.0,125.0,312,open
350,CARA:97015140,CARA,0100509,637710070,28817948,2025-05-12,2025-05-28,unauthorized_accessorial,1,Residential $125.00 billed with no authorization on file for SHP03355 as of 2026-03-31,125.0,125.0,307,open
351,CARE:31167389,CARE,0500471,965117763,5439 2742,2025-05-18,2025-05-30,unauthorized_accessorial,1,Residential $125.00 billed with no authorization on file for SHP03528 as of 2026-03-31,125.0,125.0,305,open
352,CARB:30994327,CARB,0200591,781715180,98817062,2025-04-23,2025-05-31,unauthorized_accessorial,1,Residential $125.00 billed with no authorization on file for SHP02801 as of 2026-03-31,125.0,125.0,304,open
353,CARA:44830194,CARA,0100565,682504685,36901116,2025-05-24,2025-06-08,unauthorized_accessorial,1,Residential $125.00 billed with no authorization on file for SHP03700 as of 2026-03-31,125.0,125.0,296,open
354,CARE:28380889,CARE,0500522,363748189,50985028,2025-05-12,2025-06-08,unauthorized_accessorial,1,Residential $125.00 billed with no authorization on file for SHP03357 as of 2026-03-31,125.0,125.0,296,open
355,CARA:58990350,CARA,0100566,279728049,36837493,2025-05-24,2025-06-09,unauthorized_accessorial,1,Residential $125.00 billed with no authorization on file for SHP03702 as of 2026-03-31,125.0,125.0,295,open
356,CARE:77888643,CARE,0500555,472548813,88634920,2025-05-23,2025-06-12,unauthorized_accessorial,1,Residential $125.00 billed with no authorization on file for SHP03661 as of 2026-03-31,125.0,125.0,292,open
357,CARA:90789105,CARA,0100601,086012795,44340996,2025-05-29,2025-06-17,unauthorized_accessorial,1,Residential $125.00 billed with no authorization on file for SHP03830 as of 2026-03-31,125.0,125.0,287,open
358,CARA:85606180,CARA,0100610,696980000,81405833,2025-06-02,2025-06-23,unauthorized_accessorial,1,Residential $125.00 billed with no authorization on file for SHP03948 as of 2026-03-31,125.0,125.0,281,open
359,CARB:75595771,CARB,0200684,115262061,38800722,2025-06-02,2025-06-25,unauthorized_accessorial,1,Residential $125.00 billed with no authorization on file for SHP03946 as of 2026-03-31,125.0,125.0,279,open
360,CARD:41255352,CARD,0400729,704224914,BOL#90217202,2025-06-07,2025-06-26,unauthorized_accessorial,1,Residential $125.00 billed with no authorization on file for SHP04083 as of 2026-03-31,125.0,125.0,278,open
361,CARD:20924877,CARD,0400715,636700045,BOL#75022219,2025-06-15,2025-06-27,unauthorized_accessorial,1,Residential $125.00 billed with no authorization on file for SHP04338 as of 2026-03-31,125.0,125.0,277,open
362,CARD:72759767,CARD,0400717,240450719,BOL-81227432,2025-05-23,2025-06-28,unauthorized_accessorial,1,Residential $125.00 billed with no authorization on file for SHP03671 as of 2026-03-31,125.0,125.0,276,open
363,CARA:13803161,CARA,0100659,429272040,02469985,2025-06-15,2025-07-03,unauthorized_accessorial,1,Residential $125.00 billed with no authorization on file for SHP04324 as of 2026-03-31,125.0,125.0,271,open
364,CARC:88546079,CARC,0300858,568008853,BOL-05466189,2025-07-09,2025-07-28,unauthorized_accessorial,1,Residential $125.00 billed with no authorization on file for SHP05067 as of 2026-03-31,125.0,125.0,246,open
365,CARD:02913217,CARD,0400876,269456045,bol-53906559,2025-07-08,2025-07-28,unauthorized_accessorial,1,Residential $125.00 billed with no authorization on file for SHP05032 as of 2026-03-31,125.0,125.0,246,open
366,CARC:73256406,CARC,0300843,031292978,0567 7562,2025-07-08,2025-07-30,unauthorized_accessorial,1,Residential $125.00 billed with no authorization on file for SHP05049 as of 2026-03-31,125.0,125.0,244,open
367,CARC:62735798,CARC,0300868,003874754,60665226,2025-07-08,2025-07-31,unauthorized_accessorial,1,Residential $125.00 billed with no authorization on file for SHP05034 as of 2026-03-31,125.0,125.0,243,open
368,CARA:69822868,CARA,0100774,256841394,30175248,2025-07-05,2025-08-01,unauthorized_accessorial,1,Residential $125.00 billed with no authorization on file for SHP04936 as of 2026-03-31,125.0,125.0,242,open
369,CARA:95380052,CARA,0100783,579517087,27124769,2025-07-11,2025-08-02,unauthorized_accessorial,1,Residential $125.00 billed with no authorization on file for SHP05117 as of 2026-03-31,125.0,125.0,241,open
370,CARD:58430828,CARD,0400948,915509795,BOL#20867424,2025-07-22,2025-08-09,unauthorized_accessorial,1,Residential $125.00 billed with no authorization on file for SHP05374 as of 2026-03-31,125.0,125.0,234,open
371,CARE:53661015,CARE,0500801,960458730,93135889,2025-07-23,2025-08-09,unauthorized_accessorial,1,Residential $125.00 billed with no authorization on file for SHP05395 as of 2026-03-31,125.0,125.0,234,open
372,CARD:47928886,CARD,0400943,227934021,BOL#67265148,2025-06-25,2025-08-11,unauthorized_accessorial,1,Residential $125.00 billed with no authorization on file for SHP04630 as of 2026-03-31,125.0,125.0,232,open
373,CARC:86089441,CARC,0300913,932979317,13206954,2025-07-29,2025-08-13,unauthorized_accessorial,1,Residential $125.00 billed with no authorization on file for SHP05531 as of 2026-03-31,125.0,125.0,230,open
374,CARD:47592236,CARD,0400987,470525744,BOL#78455978,2025-06-28,2025-08-18,unauthorized_accessorial,1,Residential $125.00 billed with no authorization on file for SHP04721 as of 2026-03-31,125.0,125.0,225,open
375,CARC:95788179,CARC,0300945,851589256,70293460,2025-08-10,2025-08-26,unauthorized_accessorial,1,Residential $125.00 billed with no authorization on file for SHP05841 as of 2026-03-31,125.0,125.0,217,open
376,CARC:49327348,CARC,0300974,616145678,72188964,2025-08-14,2025-08-31,unauthorized_accessorial,1,Residential $125.00 billed with no authorization on file for SHP05961 as of 2026-03-31,125.0,125.0,212,open
377,CARD:87905164,CARD,0401104,219739326,BOL#29625047,2025-08-22,2025-09-08,unauthorized_accessorial,1,Residential $125.00 billed with no authorization on file for SHP06164 as of 2026-03-31,125.0,125.0,204,open
378,CARE:40408355,CARE,0500953,836039022,94445099,2025-09-03,2025-09-17,unauthorized_accessorial,1,Residential $125.00 billed with no authorization on file for SHP06468 as of 2026-03-31,125.0,125.0,195,open
379,CARE:55549048,CARE,0500975,194842131,10572044,2025-08-19,2025-09-18,unauthorized_accessorial,1,Residential $125.00 billed with no authorization on file for SHP06090 as of 2026-03-31,125.0,125.0,194,open
380,CARC:98361031,CARC,0301102,018716823,46444813,2025-09-08,2025-09-28,unauthorized_accessorial,1,Residential $125.00 billed with no authorization on file for SHP06616 as of 2026-03-31,125.0,125.0,184,open
381,CARE:97269707,CARE,0501055,808196852,57480978,2025-09-10,2025-10-06,unauthorized_accessorial,1,Residential $125.00 billed with no authorization on file for SHP06687 as of 2026-03-31,125.0,125.0,176,open
382,CARC:33198551,CARC,0301141,874126538,64895194,2025-09-14,2025-10-09,unauthorized_accessorial,1,Residential $125.00 billed with no authorization on file for SHP06797 as of 2026-03-31,125.0,125.0,173,open
383,CARD:30269489,CARD,0401289,361318748,BOL#72395898,2025-09-29,2025-10-13,unauthorized_accessorial,1,Residential $125.00 billed with no authorization on file for SHP07274 as of 2026-03-31,125.0,125.0,169,open
384,CARD:01337048,CARD,0401295,510552135,BOL#81546281,2025-09-29,2025-10-15,unauthorized_accessorial,1,Residential $125.00 billed with no authorization on file for SHP07258 as of 2026-03-31,125.0,125.0,167,open
385,CARA:59372992,CARA,0101127,392494677,7675-4485,2025-09-29,2025-10-23,unauthorized_accessorial,1,Residential $125.00 billed with no authorization on file for SHP07269 as of 2026-03-31,125.0,125.0,159,open
386,CARC:81131165,CARC,0301243,250501602,42591760,2025-10-07,2025-10-31,unauthorized_accessorial,1,Residential $125.00 billed with no authorization on file for SHP07487 as of 2026-03-31,125.0,125.0,151,open
387,CARD:49557670,CARD,0401390,558666502,BOL#73210651,2025-10-13,2025-11-03,unauthorized_accessorial,1,Residential $125.00 billed with no authorization on file for SHP07641 as of 2026-03-31,125.0,125.0,148,open
388,CARE:52375572,CARE,0501180,712763489,59696295,2025-10-23,2025-11-05,unauthorized_accessorial,1,Residential $125.00 billed with no authorization on file for SHP07944 as of 2026-03-31,125.0,125.0,146,open
389,CARB:94295450,CARB,0201353,639826786,39982560,2025-10-04,2025-11-06,unauthorized_accessorial,1,Residential $125.00 billed with no authorization on file for SHP07389 as of 2026-03-31,125.0,125.0,145,open
390,CARD:19481313,CARD,0401460,492280958,BOL-26477861,2025-10-21,2025-11-10,unauthorized_accessorial,1,Residential $125.00 billed with no authorization on file for SHP07865 as of 2026-03-31,125.0,125.0,141,open
391,CARC:10156598,CARC,0301337,687591196,93985641,2025-11-01,2025-11-15,unauthorized_accessorial,1,Residential $125.00 billed with no authorization on file for SHP08205 as of 2026-03-31,125.0,125.0,136,open
392,CARC:86030014,CARC,0301377,665722056,01613877,2025-11-08,2025-11-20,unauthorized_accessorial,1,Residential $125.00 billed with no authorization on file for SHP08399 as of 2026-03-31,125.0,125.0,131,open
393,CARB:05346504,CARB,0201414,816303177,29959481,2025-10-28,2025-11-21,unauthorized_accessorial,1,Residential $125.00 billed with no authorization on file for SHP08092 as of 2026-03-31,125.0,125.0,130,open
394,CARA:29489637,CARA,0101269,106492879,14320885,2025-11-11,2025-11-26,unauthorized_accessorial,1,Residential $125.00 billed with no authorization on file for SHP08522 as of 2026-03-31,125.0,125.0,125,open
395,CARB:18804582,CARB,0201477,024027094,80932769,2025-11-16,2025-11-28,unauthorized_accessorial,1,Residential $125.00 billed with no authorization on file for SHP08681 as of 2026-03-31,125.0,125.0,123,open
396,CARA:88408552,CARA,0101271,229033604,74398240,2025-11-14,2025-11-29,unauthorized_accessorial,1,Residential $125.00 billed with no authorization on file for SHP08618 as of 2026-03-31,125.0,125.0,122,open
397,CARA:97061115,CARA,0101298,248363470,94408063,2025-11-17,2025-12-02,unauthorized_accessorial,1,Residential $125.00 billed with no authorization on file for SHP08720 as of 2026-03-31,125.0,125.0,119,open
398,CARD:02478146,CARD,0401552,363727375,BOL#65621621,2025-11-04,2025-12-03,unauthorized_accessorial,1,Residential $125.00 billed with no authorization on file for SHP08280 as of 2026-03-31,125.0,125.0,118,open
399,CARE:21780790,CARE,0501321,358896761,bol-57042698,2025-10-29,2025-12-06,unauthorized_accessorial,1,Residential $125.00 billed with no authorization on file for SHP08118 as of 2026-03-31,125.0,125.0,115,open
400,CARE:24389970,CARE,0501359,384756248,06352284,2025-11-22,2025-12-12,unauthorized_accessorial,1,Residential $125.00 billed with no authorization on file for SHP08857 as of 2026-03-31,125.0,125.0,109,open
401,CARE:13386477,CARE,0501371,766299007,36907787,2025-11-19,2025-12-18,unauthorized_accessorial,1,Residential $125.00 billed with no authorization on file for SHP08761 as of 2026-03-31,125.0,125.0,103,open
402,CARD:53061359,CARD,0401662,560382333,BOL#59972768,2025-12-01,2025-12-19,unauthorized_accessorial,1,Residential $125.00 billed with no authorization on file for SHP09106 as of 2026-03-31,125.0,125.0,102,open
403,CARC:32005804,CARC,0301563,666404918,20539199,2025-12-03,2025-12-27,unauthorized_accessorial,1,Residential $125.00 billed with no authorization on file for SHP09182 as of 2026-03-31,125.0,125.0,94,open
404,CARA:31848735,CARA,0101427,514981800,54691938,2025-12-03,2025-12-31,unauthorized_accessorial,1,Residential $125.00 billed with no authorization on file for SHP09186 as of 2026-03-31,125.0,125.0,90,open
405,CARE:01735493,CARE,0501443,915709507,56421983,2025-12-11,2026-01-03,unauthorized_accessorial,1,Residential $125.00 billed with no authorization on file for SHP09422 as of 2026-03-31,125.0,125.0,87,open
406,CARB:02938470,CARB,0201675,343211564,68382312,2025-12-13,2026-01-05,unauthorized_accessorial,1,Residential $125.00 billed with no authorization on file for SHP09483 as of 2026-03-31,125.0,125.0,85,open
407,CARE:48075085,CARE,0501511,259553293,60894277,2025-12-29,2026-01-25,unauthorized_accessorial,1,Residential $125.00 billed with no authorization on file for SHP09939 as of 2026-03-31,125.0,125.0,65,open
408,CARG:56458270,CARG,0700129,963403660,82792307,2025-02-21,2025-03-31,rate_overcharge,1,"Linehaul $3,275.12 vs contract $3,150.84 (Atlanta → Denver, rate effective 2025-01-01): +$124.28 (+3.9%)",124.28,124.28,365,open
409,CARE:62762162,CARE,0501097,000343324,BOL-40990909,2025-09-11,2025-10-14,weight_overbilling,1,"Billed weight 5,148 lb vs reference 4,774 lb (shipment weight, no reweigh certificate): +7.8%; linehaul at billed weight $3,438.35 vs $3,339.50, est. +$123.76 with fuel surcharge",123.76,123.76,168,open
410,CARA:39597359,CARA,0101242,550305520,22513332,2025-11-07,2025-11-20,weight_overbilling,1,"Billed weight 1,652 lb vs reference 1,394 lb (shipment weight, no reweigh certificate): +18.5%; linehaul at billed weight $626.27 vs $528.47, est. +$123.33 with fuel surcharge",123.33,123.33,131,open
411,CARA:60336265,CARA,0101047,334109532,2274-7773,2025-09-23,2025-10-07,weight_overbilling,1,"Billed weight 1,146 lb vs reference 937 lb (shipment weight, no reweigh certificate): +22.3%; linehaul at billed weight $753.50 vs $657.50, est. +$121.92 with fuel surcharge",121.92,121.92,175,open
412,CARA:39218896,CARA,0100079,478599031,49569635,2025-01-31,2025-02-12,rate_overcharge,1,"Linehaul $932.59 vs contract $834.00 (Columbus → Nashville, rate effective 2025-01-01): +$98.59 (+11.8%); est. $119.89 with fuel surcharge",119.89,119.89,412,open
413,CARC:75247006,CARC,0300231,914643651,56020327,2025-02-19,2025-03-17,weight_overbilling,1,"Billed weight 2,436 lb vs reference 2,194 lb (shipment weight, no reweigh certificate): +11.0%; linehaul at billed weight $991.21 vs $892.74, est. +$118.85 with fuel surcharge",118.85,118.85,379,open
414,CARA:54892446,CARA,0100114,887379158,85926562,2025-02-03,2025-02-19,rate_overcharge,1,"Linehaul $836.00 vs contract $737.96 (Dallas → Miami, rate effective 2025-01-01): +$98.04 (+13.3%); est. $118.33 with fuel surcharge",118.33,118.33,405,open
415,CARG:80599018,CARG,0700009,145130079,74003919,2025-01-07,2025-01-26,rate_overcharge,1,"Linehaul $2,075.47 vs contract $1,959.75 (Dallas → Louisville, rate effective 2025-01-01): +$115.72 (+5.9%)",115.72,115.72,429,open
416,CARC:64732821,CARC,0300717,960510717,0639-6240,2025-06-15,2025-07-02,weight_overbilling,1,"Billed weight 1,283 lb vs reference 1,157 lb (shipment weight, no reweigh certificate): +10.9%; linehaul at billed weight $955.71 vs $861.85, est. +$114.13 with fuel surcharge",114.13,114.13,272,open
417,CARC:70068113,CARC,0301129,412601557,24218918,2025-09-16,2025-10-04,rate_overcharge,1,"Linehaul $749.82 vs contract $660.58 (Atlanta → Detroit, rate effective 2025-01-01): +$89.24 (+13.5%); est. $112.53 with fuel surcharge",112.53,112.53,178,open
418,CARE:27819738,CARE,0500506,039074569,23644105,2025-05-11,2025-06-04,weight_overbilling,1,"Billed weight 1,461 lb vs reference 1,278 lb (shipment weight, no reweigh certificate): +14.3%; linehaul at billed weight $731.23 vs $639.64, est. +$110.55 with fuel surcharge",110.55,110.55,300,open
419,CARA:10401131,CARA,0100265,751918699,bol-78939317,2025-03-14,2025-03-30,weight_overbilling,1,"Billed weight 692 lb vs reference 564 lb (shipment weight, no reweigh certificate): +22.7%; linehaul at billed weight $491.18 vs $400.33, est. +$109.66 with fuel surcharge",109.66,109.66,366,open
420,CARD:36402500,CARD,0400521,947353818,BOL#03917958,2025-04-30,2025-05-19,weight_overbilling,1,"Billed weight 704 lb vs reference 588 lb (shipment weight, no reweigh certificate): +19.7%; linehaul at billed weight $550.04 vs $459.40, est. +$109.40 with fuel surcharge",109.4,109.4,316,open
421,CARD:74101379,CARD,0401285,700223423,BOL#64177400,2025-09-25,2025-10-17,weight_overbilling,1,"Billed weight 1,514 lb vs reference 1,275 lb (shipment weight, no reweigh certificate): +18.7%; linehaul at billed weight $541.86 vs $456.32, est. +$108.64 with fuel surcharge",108.64,108.64,165,open
422,CARE:01365075,CARE,0500446,254560551,26011016,2025-04-30,2025-05-19,weight_overbilling,1,"Billed weight 2,683 lb vs reference 2,132 lb (shipment weight, no reweigh certificate): +25.8%; linehaul at billed weight $435.18 vs $345.81, est. +$107.87 with fuel surcharge",107.87,107.87,316,open
423,CARA:75710802,CARA,0100886,604725683,68435793,2025-08-19,2025-09-02,fsc_mismatch;unauthorized_accessorial,2,"Fuel surcharge $115.25 vs expected $103.73 (LTL, diesel $3.999/gal for week of 2025-08-18; 27.0% of linehaul vs expected 24.3% (+2.70 pp)): +$11.52 | Liftgate $95.00 billed with no authorization on file for SHP06089 as of 2026-03-31",106.52,106.52,210,open
424,CARF:44476919,CARF,0600564,396950225,57052718,2025-10-07,2025-10-21,fsc_mismatch,1,"Fuel surcharge $1,277.00 vs expected $1,170.58 (TL, diesel $4.216/gal for week of 2025-10-06; $0.539/mi vs expected $0.494/mi over 2,368 mi): +$106.42",106.42,106.42,161,open
425,CARF:45909478,CARF,0600566,843033691,97357536,2025-10-10,2025-10-22,fsc_mismatch,1,"Fuel surcharge $1,277.00 vs expected $1,170.58 (TL, diesel $4.216/gal for week of 2025-10-06; $0.539/mi vs expected $0.494/mi over 2,368 mi): +$106.42",106.42,106.42,160,open
426,CARC:15751838,CARC,0301471,335398527,68383292,2025-11-20,2025-12-07,rate_overcharge,1,"Linehaul $654.25 vs contract $570.20 (Atlanta → Detroit, rate effective 2025-01-01): +$84.05 (+14.7%); est. $105.99 with fuel surcharge",105.99,105.99,114,open
427,CARC:75030671,CARC,0300308,029210840,3380 1282,2025-03-20,2025-04-05,weight_overbilling,1,"Billed weight 3,058 lb vs reference 2,354 lb (shipment weight, no reweigh certificate): +29.9%; linehaul at billed weight $378.27 vs $291.19, est. +$105.11 with fuel surcharge",105.11,105.11,360,open
428,CARA:10238179,CARA,0100992,443239856,68142878,2025-09-15,2025-09-26,weight_overbilling,1,"Billed weight 1,615 lb vs reference 1,395 lb (shipment weight, no reweigh certificate): +15.8%; linehaul at billed weight $611.44 vs $528.15, est. +$105.03 with fuel surcharge",105.03,105.03,186,open
429,CARF:21200612,CARF,0600537,344161450,49750629,2025-09-26,2025-10-11,fsc_mismatch,1,"Fuel surcharge $1,271.51 vs expected $1,166.63 (TL, diesel $4.206/gal for week of 2025-09-22; $0.537/mi vs expected $0.493/mi over 2,368 mi): +$104.88",104.88,104.88,171,open
430,CARB:86577873,CARB,0201241,086817670,23902864,2025-09-27,2025-10-17,weight_overbilling,1,"Billed weight 726 lb vs reference 646 lb (shipment weight, no reweigh certificate): +12.4%; linehaul at billed weight $744.80 vs $662.73, est. +$104.23 with fuel surcharge",104.23,104.23,165,open
431,CARF:60557716,CARF,0600513,101491615,39342047,2025-09-16,2025-09-28,fsc_mismatch,1,"Fuel surcharge $1,250.73 vs expected $1,146.51 (TL, diesel $4.155/gal for week of 2025-09-15; $0.528/mi vs expected $0.484/mi over 2,368 mi): +$104.22",104.22,104.22,184,open
432,CARF:31320445,CARF,0600607,459689104,BOL#05018741,2025-10-27,2025-11-20,fsc_mismatch,1,"Fuel surcharge $1,244.71 vs expected $1,140.98 (TL, diesel $4.141/gal for week of 2025-10-27; $0.526/mi vs expected $0.482/mi over 2,368 mi): +$103.73",103.73,103.73,131,open
433,CARE:85701516,CARE,0500959,621562104,9109 0197,2025-09-08,2025-09-19,weight_overbilling,1,"Billed weight 2,495 lb vs reference 2,112 lb (shipment weight, no reweigh certificate): +18.1%; linehaul at billed weight $539.42 vs $456.61, est. +$103.68 with fuel surcharge",103.68,103.68,193,open
434,CARC:68329024,CARC,0301068,771556515,BOL-59299090,2025-08-07,2025-09-22,rate_overcharge,1,"Linehaul $982.76 vs contract $899.67 (Dallas → Charlotte, rate effective 2025-01-01): +$83.09 (+9.2%); est. $103.28 with fuel surcharge",103.28,103.28,190,open
435,CARE:48643097,CARE,0500599,741788519,66152871,2025-06-08,2025-06-20,rate_overcharge,1,"Linehaul $792.66 vs contract $707.73 (Dallas → Charlotte, rate effective 2025-01-01): +$84.93 (+12.0%); est. $102.51 with fuel surcharge",102.51,102.51,284,open
436,CARC:95627629,CARC,0300104,615904264,36317966,2025-02-01,2025-02-16,weight_overbilling,1,"Billed weight 2,131 lb vs reference 1,980 lb (shipment weight, no reweigh certificate): +7.6%; linehaul at billed weight $1,349.35 vs $1,266.40, est. +$100.87 with fuel surcharge",100.87,100.87,408,open
437,CARF:29561606,CARF,0600047,699970955,3588-8646,2025-01-31,2025-02-19,fsc_mismatch,1,"Fuel surcharge $616.15 vs expected $515.34 (TL, diesel $3.660/gal for week of 2025-01-27; $0.480/mi vs expected $0.402/mi over 1,283 mi): +$100.81",100.81,100.81,405,open
438,CARF:03881248,CARF,0600713,763918679,91515196,2025-12-11,2025-12-29,fsc_mismatch,1,"Fuel surcharge $595.52 vs expected $494.80 (TL, diesel $3.944/gal for week of 2025-12-08; $0.540/mi vs expected $0.449/mi over 1,102 mi): +$100.72",100.72,100.72,92,open
439,CARF:46472961,CARF,0600609,970350958,33747299,2025-11-01,2025-11-18,fsc_mismatch,1,"Fuel surcharge $674.06 vs expected $574.83 (TL, diesel $4.141/gal for week of 2025-10-27; $0.565/mi vs expected $0.482/mi over 1,193 mi): +$99.23",99.23,99.23,133,open
440,CARA:09109563,CARA,0101487,129815950,bol-40719706,2025-12-29,2026-01-18,fsc_mismatch;weight_overbilling,2,"Fuel surcharge $279.85 vs expected $259.86 (LTL, diesel $3.823/gal for week of 2025-12-29; 25.2% of linehaul vs expected 23.4% (+1.80 pp)): +$19.99 | Billed weight 4,351 lb vs reference 3,989 lb (shipment weight, no reweigh certificate): +9.1%; linehaul at billed weight $1,110.50 vs $1,046.31, est. +$79.21 with fuel surcharge",99.2,99.2,72,open
441,CARC:01338096,CARC,0301197,659732637,4184 5296,2025-10-09,2025-10-18,rate_overcharge,1,"Linehaul $662.86 vs contract $584.97 (Atlanta → Minneapolis, rate effective 2025-01-01): +$77.89 (+13.3%); est. $98.92 with fuel surcharge",98.92,98.92,164,open
442,CARE:98480722,CARE,0500952,298312043,82244470,2025-08-28,2025-09-16,weight_overbilling,1,"Billed weight 2,181 lb vs reference 1,729 lb (shipment weight, no reweigh certificate): +26.1%; linehaul at billed weight $958.55 vs $879.00, est. +$98.88 with fuel surcharge",98.88,98.88,196,open
443,CARC:23018554,CARC,0301274,238297049,34413473,2025-10-20,2025-11-04,rate_overcharge,1,"Linehaul $686.85 vs contract $609.03 (Atlanta → Kansas City, rate effective 2025-01-01): +$77.82 (+12.8%); est. $98.13 with fuel surcharge",98.13,98.13,147,open
444,CARF:78446321,CARF,0600483,657945726,33137114,2025-09-03,2025-09-14,fsc_mismatch,1,"Fuel surcharge $1,165.06 vs expected $1,067.97 (TL, diesel $3.956/gal for week of 2025-09-01; $0.492/mi vs expected $0.451/mi over 2,368 mi): +$97.09",97.09,97.09,198,open
445,CARF:62873042,CARF,0600496,928258795,35067975,2025-09-07,2025-09-19,fsc_mismatch,1,"Fuel surcharge $1,165.06 vs expected $1,067.97 (TL, diesel $3.956/gal for week of 2025-09-01; $0.492/mi vs expected $0.451/mi over 2,368 mi): +$97.09",97.09,97.09,193,open
446,CARF:36910035,CARF,0600498,786057517,72249655,2025-09-04,2025-09-21,fsc_mismatch,1,"Fuel surcharge $1,165.06 vs expected $1,067.97 (TL, diesel $3.956/gal for week of 2025-09-01; $0.492/mi vs expected $0.451/mi over 2,368 mi): +$97.09",97.09,97.09,191,open
447,CARF:99542379,CARF,0600437,001463801,73651060,2025-08-05,2025-08-21,fsc_mismatch,1,"Fuel surcharge $1,163.33 vs expected $1,066.39 (TL, diesel $3.952/gal for week of 2025-08-04; $0.491/mi vs expected $0.450/mi over 2,368 mi): +$96.94",96.94,96.94,222,open
448,CARF:40197014,CARF,0600438,186450334,81083406,2025-08-10,2025-08-25,fsc_mismatch,1,"Fuel surcharge $1,163.33 vs expected $1,066.39 (TL, diesel $3.952/gal for week of 2025-08-04; $0.491/mi vs expected $0.450/mi over 2,368 mi): +$96.94",96.94,96.94,218,open
449,CARF:87521978,CARF,0600475,706482571,15713400,2025-08-25,2025-09-15,fsc_mismatch,1,"Fuel surcharge $1,161.18 vs expected $1,064.42 (TL, diesel $3.947/gal for week of 2025-08-25; $0.490/mi vs expected $0.450/mi over 2,368 mi): +$96.76",96.76,96.76,197,open
450,CARD:77999991,CARD,0400007,121969043,BOL#76382846,2025-01-01,2025-01-20,unauthorized_accessorial,1,Liftgate $95.00 billed with no authorization on file for SHP00013 as of 2026-03-31,95.0,95.0,435,open
451,CARC:62495850,CARC,0300031,010943125,18232629,2025-01-10,2025-01-21,unauthorized_accessorial,1,Liftgate $95.00 billed with no authorization on file for SHP00202 as of 2026-03-31,95.0,95.0,434,open
452,CARB:30255463,CARB,0200058,675356769,25017452,2025-01-27,2025-02-06,unauthorized_accessorial,1,Liftgate $95.00 billed with no authorization on file for SHP00603 as of 2026-03-31,95.0,95.0,418,open
453,CARE:62449345,CARE,0500072,604977232,BOL-80396841,2025-01-31,2025-02-10,unauthorized_accessorial,1,Liftgate $95.00 billed with no authorization on file for SHP00689 as of 2026-03-31,95.0,95.0,414,open
454,CARC:24757352,CARC,0300075,791811424,BOL#44476871,2025-01-23,2025-02-11,unauthorized_accessorial,1,Liftgate $95.00 billed with no authorization on file for SHP00502 as of 2026-03-31,95.0,95.0,413,open
455,CARB:52150455,CARB,0200181,813519365,bol-73930015,2025-02-15,2025-03-04,unauthorized_accessorial,1,Liftgate $95.00 billed with no authorization on file for SHP01084 as of 2026-03-31,95.0,95.0,392,open
456,CARD:29141035,CARD,0400185,468096601,BOL#52377097,2025-01-07,2025-03-05,unauthorized_accessorial,1,Liftgate $95.00 billed with no authorization on file for SHP00149 as of 2026-03-31,95.0,95.0,391,open
457,CARD:88332557,CARD,0400190,256227873,BOL#35998483,2025-01-20,2025-03-08,unauthorized_accessorial,1,Liftgate $95.00 billed with no authorization on file for SHP00439 as of 2026-03-31,95.0,95.0,388,open
458,CARC:93382511,CARC,0300188,411443874,09298560,2025-02-25,2025-03-12,unauthorized_accessorial,1,Liftgate $95.00 billed with no authorization on file for SHP01306 as of 2026-03-31,95.0,95.0,384,open
459,CARD:77034914,CARD,0400201,797509404,BOL#6747 8021,2025-01-13,2025-03-14,unauthorized_accessorial,1,Liftgate $95.00 billed with no authorization on file for SHP00278 as of 2026-03-31,95.0,95.0,382,open
460,CARA:91498535,CARA,0100208,516868431,BOL-93479491,2025-02-27,2025-03-18,unauthorized_accessorial,1,Liftgate $95.00 billed with no authorization on file for SHP01365 as of 2026-03-31,95.0,95.0,378,open
461,CARE:56115194,CARE,0500203,095745912,28125625,2025-03-04,2025-03-21,unauthorized_accessorial,1,Liftgate $95.00 billed with no authorization on file for SHP01493 as of 2026-03-31,95.0,95.0,375,open
462,CARD:48522626,CARD,0400253,977487329,BOL#86432515,2025-02-02,2025-03-26,unauthorized_accessorial,1,Liftgate $95.00 billed with no authorization on file for SHP00728 as of 2026-03-31,95.0,95.0,370,open
463,CARC:81570776,CARC,0300273,984363998,0984-6672,2025-03-20,2025-03-29,unauthorized_accessorial,1,Liftgate $95.00 billed with no authorization on file for SHP01909 as of 2026-03-31,95.0,95.0,367,open
464,CARA:28160946,CARA,0100264,317277350,66658537,2025-03-11,2025-04-03,unauthorized_accessorial,1,Liftgate $95.00 billed with no authorization on file for SHP01671 as of 2026-03-31,95.0,95.0,362,open
465,CARE:08185508,CARE,0500273,518558391,53613763,2025-03-29,2025-04-08,unauthorized_accessorial,1,Liftgate $95.00 billed with no authorization on file for SHP02137 as of 2026-03-31,95.0,95.0,357,open
466,CARE:72389365,CARE,0500290,131833257,24436671,2025-04-01,2025-04-11,unauthorized_accessorial,1,Liftgate $95.00 billed with no authorization on file for SHP02217 as of 2026-03-31,95.0,95.0,354,open
467,CARA:74238841,CARA,0100335,628128883,15126410,2025-04-03,2025-04-21,unauthorized_accessorial,1,Liftgate $95.00 billed with no authorization on file for SHP02267 as of 2026-03-31,95.0,95.0,344,open
468,CARC:41220508,CARC,0300366,085883558,98545547,2025-04-16,2025-04-24,unauthorized_accessorial,1,Liftgate $95.00 billed with no authorization on file for SHP02619 as of 2026-03-31,95.0,95.0,341,open
469,CARC:04030430,CARC,0300395,458376615,bol-89419336,2025-04-16,2025-04-26,unauthorized_accessorial,1,Liftgate $95.00 billed with no authorization on file for SHP02612 as of 2026-03-31,95.0,95.0,339,open
470,CARE:91652710,CARE,0500365,578187703,04779441,2025-03-21,2025-04-28,unauthorized_accessorial,1,Liftgate $95.00 billed with no authorization on file for SHP01941 as of 2026-03-31,95.0,95.0,337,open
471,CARE:35055995,CARE,0500407,321322461,20316169,2025-04-26,2025-05-07,unauthorized_accessorial,1,Liftgate $95.00 billed with no authorization on file for SHP02878 as of 2026-03-31,95.0,95.0,328,open
472,CARB:64826467,CARB,0200533,810402433,74552397,2025-04-30,2025-05-20,unauthorized_accessorial,1,Liftgate $95.00 billed with no authorization on file for SHP02996 as of 2026-03-31,95.0,95.0,315,open
473,CARD:08431062,CARD,0400574,155912843,BOL#57849835,2025-05-04,2025-05-29,unauthorized_accessorial,1,Liftgate $95.00 billed with no authorization on file for SHP03126 as of 2026-03-31,95.0,95.0,306,open
474,CARC:48790316,CARC,0300623,630179670,2267 2368,2025-05-27,2025-06-14,unauthorized_accessorial,1,Liftgate $95.00 billed with no authorization on file for SHP03762 as of 2026-03-31,95.0,95.0,290,open
475,CARC:01273578,CARC,0300659,589881131,85624580,2025-06-04,2025-06-20,unauthorized_accessorial,1,Liftgate $95.00 billed with no authorization on file for SHP03990 as of 2026-03-31,95.0,95.0,284,open
476,CARC:52671578,CARC,0300666,480621778,81835512,2025-06-13,2025-06-22,unauthorized_accessorial,1,Liftgate $95.00 billed with no authorization on file for SHP04261 as of 2026-03-31,95.0,95.0,282,open
477,CARD:38445278,CARD,0400697,259422737,bol-39962198,2025-05-28,2025-06-23,unauthorized_accessorial,1,Liftgate $95.00 billed with no authorization on file for SHP03816 as of 2026-03-31,95.0,95.0,281,open
478,CARA:61497913,CARA,0100637,401901590,65779721,2025-06-04,2025-06-27,unauthorized_accessorial,1,Liftgate $95.00 billed with no authorization on file for SHP03999 as of 2026-03-31,95.0,95.0,277,open
479,CARA:60883027,CARA,0100649,796064156,bol-73216546,2025-06-13,2025-06-29,unauthorized_accessorial,1,Liftgate $95.00 billed with no authorization on file for SHP04267 as of 2026-03-31,95.0,95.0,275,open
480,CARD:69881327,CARD,0400767,770520396,BOL#02524862,2025-06-14,2025-07-05,unauthorized_accessorial,1,Liftgate $95.00 billed with no authorization on file for SHP04303 as of 2026-03-31,95.0,95.0,269,open
481,CARD:69879375,CARD,0400761,000194299,BOL#38388481,2025-06-16,2025-07-06,unauthorized_accessorial,1,Liftgate $95.00 billed with no authorization on file for SHP04369 as of 2026-03-31,95.0,95.0,268,open
482,CARA:28466192,CARA,0100742,767772305,81782092,2025-07-10,2025-07-21,unauthorized_accessorial,1,Liftgate $95.00 billed with no authorization on file for SHP05089 as of 2026-03-31,95.0,95.0,253,open
483,CARA:09851036,CARA,0100793,394225901,25429789,2025-07-25,2025-08-06,unauthorized_accessorial,1,Liftgate $95.00 billed with no authorization on file for SHP05461 as of 2026-03-31,95.0,95.0,237,open
484,CARB:08890744,CARB,0200917,363481059,17603262,2025-07-08,2025-08-07,unauthorized_accessorial,1,Liftgate $95.00 billed with no authorization on file for SHP05018 as of 2026-03-31,95.0,95.0,236,open
485,CARB:42365935,CARB,0200935,696802101,91509531,2025-07-20,2025-08-08,unauthorized_accessorial,1,Liftgate $95.00 billed with no authorization on file for SHP05321 as of 2026-03-31,95.0,95.0,235,open
486,CARA:82501432,CARA,0100823,221500999,bol-44617538,2025-07-30,2025-08-13,unauthorized_accessorial,1,Liftgate $95.00 billed with no authorization on file for SHP05565 as of 2026-03-31,95.0,95.0,230,open
487,CARD:33687096,CARD,0400980,310545613,BOL#62497550,2025-07-27,2025-08-18,unauthorized_accessorial,1,Liftgate $95.00 billed with no authorization on file for SHP05497 as of 2026-03-31,95.0,95.0,225,open
488,CARD:93902609,CARD,0401014,780152493,BOL#35290354,2025-07-28,2025-08-22,unauthorized_accessorial,1,Liftgate $95.00 billed with no authorization on file for SHP05512 as of 2026-03-31,95.0,95.0,221,open
489,CARA:59222008,CARA,0100870,756511670,02421818,2025-08-15,2025-08-26,unauthorized_accessorial,1,Liftgate $95.00 billed with no authorization on file for SHP05974 as of 2026-03-31,95.0,95.0,217,open
490,CARE:46198189,CARE,0500861,871465039,71664188,2025-08-09,2025-08-27,unauthorized_accessorial,1,Liftgate $95.00 billed with no authorization on file for SHP05808 as of 2026-03-31,95.0,95.0,216,open
491,CARC:33042263,CARC,0300982,146905579,29833500,2025-08-16,2025-08-29,unauthorized_accessorial,1,Liftgate $95.00 billed with no authorization on file for SHP05995 as of 2026-03-31,95.0,95.0,214,open
492,CARC:13754117,CARC,0300988,261079266,17952090,2025-08-14,2025-08-30,unauthorized_accessorial,1,Liftgate $95.00 billed with no authorization on file for SHP05943 as of 2026-03-31,95.0,95.0,213,open
493,CARA:76932245,CARA,0100895,686570872,15408509,2025-08-21,2025-09-01,unauthorized_accessorial,1,Liftgate $95.00 billed with no authorization on file for SHP06143 as of 2026-03-31,95.0,95.0,211,open
494,CARA:48363966,CARA,0100912,139416585,30553085,2025-08-21,2025-09-03,unauthorized_accessorial,1,Liftgate $95.00 billed with no authorization on file for SHP06147 as of 2026-03-31,95.0,95.0,209,open
495,CARA:00952366,CARA,0100906,471551287,91832175,2025-08-18,2025-09-04,unauthorized_accessorial,1,Liftgate $95.00 billed with no authorization on file for SHP06056 as of 2026-03-31,95.0,95.0,208,open
496,CARA:29938521,CARA,0100917,153952186,46570935,2025-08-25,2025-09-09,unauthorized_accessorial,1,Liftgate $95.00 billed with no authorization on file for SHP06248 as of 2026-03-31,95.0,95.0,203,open
497,CARC:69093429,CARC,0301051,742872282,01523664,2025-09-02,2025-09-14,unauthorized_accessorial,1,Liftgate $95.00 billed with no authorization on file for SHP06451 as of 2026-03-31,95.0,95.0,198,open
498,CARD:68222667,CARD,0401160,144529917,BOL#70685180,2025-07-17,2025-09-22,unauthorized_accessorial,1,Liftgate $95.00 billed with no authorization on file for SHP05240 as of 2026-03-31,95.0,95.0,190,open
499,CARA:00444181,CARA,0101004,173090977,42388823,2025-09-14,2025-09-26,unauthorized_accessorial,1,Liftgate $95.00 billed with no authorization on file for SHP06820 as of 2026-03-31,95.0,95.0,186,open
500,CARA:19190581,CARA,0101045,658522440,94326089,2025-09-17,2025-10-04,unauthorized_accessorial,1,Liftgate $95.00 billed with no authorization on file for SHP06917 as of 2026-03-31,95.0,95.0,178,open
501,CARC:79098499,CARC,0301135,819168888,86476184,2025-09-27,2025-10-08,unauthorized_accessorial,1,Liftgate $95.00 billed with no authorization on file for SHP07212 as of 2026-03-31,95.0,95.0,174,open
502,CARE:55884524,CARE,0501103,120812524,86017961,2025-09-25,2025-10-16,unauthorized_accessorial,1,Liftgate $95.00 billed with no authorization on file for SHP07164 as of 2026-03-31,95.0,95.0,166,open
503,CARE:07412367,CARE,0501108,979389300,54665521,2025-10-03,2025-10-17,unauthorized_accessorial,1,Liftgate $95.00 billed with no authorization on file for SHP07380 as of 2026-03-31,95.0,95.0,165,open
504,CARC:45796627,CARC,0301183,677100448,41268433,2025-10-03,2025-10-21,unauthorized_accessorial,1,Liftgate $95.00 billed with no authorization on file for SHP07363 as of 2026-03-31,95.0,95.0,161,open
505,CARB:33425874,CARB,0201287,687596053,35912925,2025-09-21,2025-10-23,unauthorized_accessorial,1,Liftgate $95.00 billed with no authorization on file for SHP07029 as of 2026-03-31,95.0,95.0,159,open
506,CARD:66846595,CARD,0401386,016128931,BOL#56458658,2025-10-11,2025-11-01,unauthorized_accessorial,1,Liftgate $95.00 billed with no authorization on file for SHP07596 as of 2026-03-31,95.0,95.0,150,open
507,CARB:12665151,CARB,0201323,797692280,BOL-80946622,2025-10-07,2025-11-03,unauthorized_accessorial,1,Liftgate $95.00 billed with no authorization on file for SHP07473 as of 2026-03-31,95.0,95.0,148,open
508,CARC:64925180,CARC,0301290,922480484,54853026,2025-10-18,2025-11-04,unauthorized_accessorial,1,Liftgate $95.00 billed with no authorization on file for SHP07777 as of 2026-03-31,95.0,95.0,147,open
509,CARD:11907683,CARD,0401422,224922912,BOL#18687556,2025-09-22,2025-11-09,unauthorized_accessorial,1,Liftgate $95.00 billed with no authorization on file for SHP07078 as of 2026-03-31,95.0,95.0,142,open
510,CARB:70014780,CARB,0201457,655770115,72990463,2025-11-12,2025-11-27,unauthorized_accessorial,1,Liftgate $95.00 billed with no authorization on file for SHP08541 as of 2026-03-31,95.0,95.0,124,open
511,CARC:97545913,CARC,0301444,986635175,07033964,2025-11-17,2025-12-03,unauthorized_accessorial,1,Liftgate $95.00 billed with no authorization on file for SHP08718 as of 2026-03-31,95.0,95.0,118,open
512,CARB:80717640,CARB,0201510,647896695,33757215,2025-11-22,2025-12-04,unauthorized_accessorial,1,Liftgate $95.00 billed with no authorization on file for SHP08856 as of 2026-03-31,95.0,95.0,117,open
513,CARD:57724229,CARD,0401645,132521030,BOL#99087636,2025-12-06,2025-12-15,unauthorized_accessorial,1,Liftgate $95.00 billed with no authorization on file for SHP09259 as of 2026-03-31,95.0,95.0,106,open
514,CARA:09413563,CARA,0101424,999214425,BOL#22133870,2025-12-18,2026-01-02,unauthorized_accessorial,1,Liftgate $95.00 billed with no authorization on file for SHP09607 as of 2026-03-31,95.0,95.0,88,open
515,CARD:44053242,CARD,0401727,420767338,BOL#57618632,2025-12-13,2026-01-03,unauthorized_accessorial,1,Liftgate $95.00 billed with no authorization on file for SHP09478 as of 2026-03-31,95.0,95.0,87,open
516,CARE:05680708,CARE,0501477,373765345,55845402,2025-12-24,2026-01-07,unauthorized_accessorial,1,Liftgate $95.00 billed with no authorization on file for SHP09779 as of 2026-03-31,95.0,95.0,83,open
517,CARB:32305625,CARB,0201721,560978671,83179528,2025-12-13,2026-01-21,unauthorized_accessorial,1,Liftgate $95.00 billed with no authorization on file for SHP09500 as of 2026-03-31,95.0,95.0,69,open
518,CARD:09457333,CARD,0401844,528740839,BOL#60996318,2025-12-24,2026-02-06,unauthorized_accessorial,1,Liftgate $95.00 billed with no authorization on file for SHP09799 as of 2026-03-31,95.0,95.0,53,open
519,CARD:93896208,CARD,0400191,863240155,bol-09572421,2025-02-15,2025-03-11,rate_overcharge,1,"Linehaul $1,066.83 vs contract $990.51 (Dallas → Philadelphia, rate effective 2025-01-01): +$76.32 (+7.7%); est. $92.81 with fuel surcharge",92.81,92.81,385,open
520,CARF:21254596,CARF,0600594,160079353,66396070,2025-10-19,2025-11-10,fsc_mismatch,1,"Fuel surcharge $1,104.59 vs expected $1,012.54 (TL, diesel $4.265/gal for week of 2025-10-13; $0.548/mi vs expected $0.503/mi over 2,015 mi): +$92.05",92.05,92.05,141,open
521,CARB:32510175,CARB,0200125,348522234,95608923,2025-02-12,2025-02-19,rate_overcharge,1,"Linehaul $686.73 vs contract $611.30 (Chicago → Detroit, rate effective 2025-01-01): +$75.43 (+12.3%); est. $91.72 with fuel surcharge",91.72,91.72,405,open
522,CARD:19169875,CARD,0401480,672270701,BOL#02110971,2025-10-23,2025-11-16,rate_overcharge,1,"Linehaul $690.49 vs contract $618.03 (Memphis → Orlando, rate effective 2025-01-01): +$72.46 (+11.7%); est. $91.37 with fuel surcharge",91.37,91.37,135,open
523,CARE:03094973,CARE,0501091,271251716,81604255,2025-10-03,2025-10-11,rate_overcharge,1,"Linehaul $677.11 vs contract $605.20 (Columbus → Minneapolis, rate effective 2025-01-01): +$71.91 (+11.9%); est. $91.33 with fuel surcharge",91.33,91.33,171,open
524,CARF:06532828,CARF,0600585,911692745,58823594,2025-10-15,2025-11-05,fsc_mismatch,1,"Fuel surcharge $1,094.17 vs expected $1,002.99 (TL, diesel $4.265/gal for week of 2025-10-13; $0.548/mi vs expected $0.503/mi over 1,996 mi): +$91.18",91.18,91.18,146,open
525,CARB:50804130,CARB,0201137,132943235,64565856,2025-09-08,2025-09-22,rate_overcharge,1,"Linehaul $560.01 vs contract $487.22 (Atlanta → Philadelphia, rate effective 2025-01-01): +$72.79 (+14.9%); est. $91.13 with fuel surcharge",91.13,91.13,190,open
526,CARH:45956441,CARH,0800151,265193026,BOL#64509573,2025-04-22,2025-05-24,rate_overcharge,1,"Linehaul $1,191.60 vs contract $1,100.90 (Dallas → Kansas City, rate effective 2025-01-01): +$90.70 (+8.2%)",90.7,90.7,311,open
527,CARB:80128338,CARB,0201613,004731803,23779073,2025-12-18,2025-12-26,weight_overbilling,1,"Billed weight 2,359 lb vs reference 1,871 lb (shipment weight, no reweigh certificate): +26.1%; linehaul at billed weight $478.88 vs $406.00, est. +$90.59 with fuel surcharge",90.59,90.59,95,open
528,CARF:29406950,CARF,0600579,353109803,63351041,2025-10-22,2025-11-02,fsc_mismatch,1,"Fuel surcharge $1,080.41 vs expected $990.37 (TL, diesel $4.199/gal for week of 2025-10-20; $0.536/mi vs expected $0.491/mi over 2,015 mi): +$90.04",90.04,90.04,149,open
529,CARF:60259351,CARF,0600590,336474015,BOL-91342509,2025-10-24,2025-11-05,fsc_mismatch,1,"Fuel surcharge $1,080.41 vs expected $990.37 (TL, diesel $4.199/gal for week of 2025-10-20; $0.536/mi vs expected $0.491/mi over 2,015 mi): +$90.04",90.04,90.04,146,open
530,CARC:84810514,CARC,0301661,702116396,45872868,2025-12-30,2026-01-18,weight_overbilling,1,"Billed weight 6,164 lb vs reference 5,504 lb (shipment weight, no reweigh certificate): +12.0%; linehaul at billed weight $679.27 vs $606.54, est. +$89.75 with fuel surcharge",89.75,89.75,72,open
531,CARF:12312879,CARF,0600568,469428328,73161153,2025-10-08,2025-10-27,fsc_mismatch,1,"Fuel surcharge $1,076.39 vs expected $986.69 (TL, diesel $4.216/gal for week of 2025-10-06; $0.539/mi vs expected $0.494/mi over 1,996 mi): +$89.70",89.7,89.7,155,open
532,CARH:41375127,CARH,0800307,543981288,BOL#23101115,2025-08-10,2025-09-13,rate_overcharge,1,"Linehaul $1,190.57 vs contract $1,100.90 (Dallas → Kansas City, rate effective 2025-01-01): +$89.67 (+8.1%)",89.67,89.67,199,open
533,CARA:92779919,CARA,0100651,244042195,72237243,2025-06-17,2025-06-30,rate_overcharge,1,"Linehaul $1,301.95 vs contract $1,228.46 (Atlanta → Denver, rate effective 2025-01-01): +$73.49 (+6.0%); est. $89.36 with fuel surcharge",89.36,89.36,274,open
534,CARF:65393292,CARF,0600604,227031245,96462617,2025-10-25,2025-11-14,fsc_mismatch,1,"Fuel surcharge $1,070.22 vs expected $981.03 (TL, diesel $4.199/gal for week of 2025-10-20; $0.536/mi vs expected $0.491/mi over 1,996 mi): +$89.19",89.19,89.19,137,open
535,CARC:14522840,CARC,0301011,078796186,18311889,2025-08-12,2025-09-05,fsc_mismatch,1,"Fuel surcharge $885.72 vs expected $797.15 (LTL, diesel $3.953/gal for week of 2025-08-11; 27.0% of linehaul vs expected 24.3% (+2.70 pp)): +$88.57",88.57,88.57,207,open
536,CARB:52519167,CARB,0201372,572751759,36208491,2025-10-26,2025-11-11,rate_overcharge,1,"Linehaul $562.67 vs contract $492.68 (Columbus → New York, rate effective 2025-01-01): +$69.99 (+14.2%); est. $88.26 with fuel surcharge",88.26,88.26,140,open
537,CARH:81451939,CARH,0800063,366909124,bol-92304466,2025-03-03,2025-03-24,rate_overcharge,1,"Linehaul $686.32 vs contract $598.23 (Memphis → St. Louis, rate effective 2025-01-01): +$88.09 (+14.7%)",88.09,88.09,372,open
538,CARF:59770225,CARF,0600529,513846241,54049093,2025-09-20,2025-10-04,fsc_mismatch,1,"Fuel surcharge $1,054.25 vs expected $966.40 (TL, diesel $4.155/gal for week of 2025-09-15; $0.528/mi vs expected $0.484/mi over 1,996 mi): +$87.85",87.85,87.85,178,open
539,CARA:72476825,CARA,0100581,532832584,64713000,2025-05-23,2025-06-13,rate_overcharge,1,"Linehaul $905.13 vs contract $833.75 (Columbus → Salt Lake City, rate effective 2025-01-01): +$71.38 (+8.6%); est. $86.80 with fuel surcharge",86.8,86.8,291,open
540,CARD:54495790,CARD,0400710,971858047,BOL#05676861,2025-05-30,2025-06-21,weight_overbilling,1,"Billed weight 5,708 lb vs reference 4,418 lb (shipment weight, no reweigh certificate): +29.2%; linehaul at billed weight $572.51 vs $501.50, est. +$86.35 with fuel surcharge",86.35,86.35,283,open
541,CARG:60238666,CARG,0700403,254110447,62580967,2025-08-01,2025-08-13,rate_overcharge,1,"Linehaul $2,700.44 vs contract $2,614.43 (Chicago → Orlando, rate effective 2025-01-01): +$86.01 (+3.3%)",86.01,86.01,230,open
542,CARA:95311554,CARA,0100826,807260567,68748040,2025-07-07,2025-08-14,weight_overbilling,1,"Billed weight 882 lb vs reference 766 lb (shipment weight, no reweigh certificate): +15.1%; linehaul at billed weight $590.30 vs $520.11, est. +$85.98 with fuel surcharge",85.98,85.98,229,open
543,CARF:37075501,CARF,0600526,853694868,bol-36041456,2025-09-13,2025-10-02,fsc_mismatch,1,"Fuel surcharge $1,015.06 vs expected $930.47 (TL, diesel $4.047/gal for week of 2025-09-08; $0.509/mi vs expected $0.466/mi over 1,996 mi): +$84.59",84.59,84.59,180,open
544,CARC:95091960,CARC,0300475,387100163,19717790,2025-04-21,2025-05-19,weight_overbilling,1,"Billed weight 1,823 lb vs reference 1,409 lb (shipment weight, no reweigh certificate): +29.4%; linehaul at billed weight $408.60 vs $338.72, est. +$84.35 with fuel surcharge",84.35,84.35,316,open
545,CARA:41077368,CARA,0101158,115603028,15585870,2025-10-11,2025-10-31,weight_overbilling,1,"Billed weight 1,328 lb vs reference 1,254 lb (shipment weight, no reweigh certificate): +5.9%; linehaul at billed weight $1,187.76 vs $1,121.58, est. +$84.05 with fuel surcharge",84.05,84.05,151,open
546,CARB:69727631,CARB,0200218,321727642,59718002,2025-03-06,2025-03-14,weight_overbilling,1,"Billed weight 2,666 lb vs reference 2,139 lb (shipment weight, no reweigh certificate): +24.6%; linehaul at billed weight $347.38 vs $278.71, est. +$83.50 with fuel surcharge",83.5,83.5,382,open
547,CARD:59044464,CARD,0401785,541312199,bol-75883112,2025-12-24,2026-01-15,rate_overcharge,1,"Linehaul $962.84 vs contract $895.20 (Memphis → Pittsburgh, rate effective 2025-01-01): +$67.64 (+7.6%); est. $83.47 with fuel surcharge",83.47,83.47,75,open
548,CARA:27332239,CARA,0100025,248863441,81264017,2025-01-05,2025-01-23,weight_overbilling,1,"Billed weight 375 lb vs reference 295 lb (shipment weight, no reweigh certificate): +27.1%; linehaul at billed weight $323.21 vs $254.26, est. +$83.22 with fuel surcharge",83.22,83.22,432,open
549,CARA:16413617,CARA,0100829,701264907,69586007,2025-07-26,2025-08-15,rate_overcharge,1,"Linehaul $548.81 vs contract $481.64 (Dallas → Los Angeles, rate effective 2025-01-01): +$67.17 (+13.9%); est. $82.89 with fuel surcharge",82.89,82.89,228,open
550,CARF:80028332,CARF,0600459,015671533,BOL#71131992,2025-08-14,2025-09-04,fsc_mismatch,1,"Fuel surcharge $990.28 vs expected $907.76 (TL, diesel $3.953/gal for week of 2025-08-11; $0.491/mi vs expected $0.451/mi over 2,015 mi): +$82.52",82.52,82.52,208,open
551,CARF:89904588,CARF,0600467,294413567,BOL-09782277,2025-08-14,2025-09-10,fsc_mismatch,1,"Fuel surcharge $990.28 vs expected $907.76 (TL, diesel $3.953/gal for week of 2025-08-11; $0.491/mi vs expected $0.451/mi over 2,015 mi): +$82.52",82.52,82.52,202,open
552,CARF:35504480,CARF,0600478,473907384,87611462,2025-08-27,2025-09-11,fsc_mismatch,1,"Fuel surcharge $988.08 vs expected $905.74 (TL, diesel $3.947/gal for week of 2025-08-25; $0.490/mi vs expected $0.449/mi over 2,015 mi): +$82.34",82.34,82.34,201,open
553,CARF:18443406,CARF,0600487,321340301,49476818,2025-08-30,2025-09-18,fsc_mismatch,1,"Fuel surcharge $988.08 vs expected $905.74 (TL, diesel $3.947/gal for week of 2025-08-25; $0.490/mi vs expected $0.449/mi over 2,015 mi): +$82.34",82.34,82.34,194,open
554,CARF:27764623,CARF,0600456,861912233,07820048,2025-08-07,2025-08-31,fsc_mismatch,1,"Fuel surcharge $980.58 vs expected $898.87 (TL, diesel $3.952/gal for week of 2025-08-04; $0.491/mi vs expected $0.450/mi over 1,996 mi): +$81.71",81.71,81.71,212,open
555,CARF:71780863,CARF,0600553,559359377,2341 9450,2025-10-07,2025-10-20,fsc_mismatch,1,"Fuel surcharge $980.40 vs expected $898.70 (TL, diesel $4.216/gal for week of 2025-10-06; $0.539/mi vs expected $0.494/mi over 1,818 mi): +$81.70",81.7,81.7,162,open
556,CARA:67285683,CARA,0100890,268353837,52342781,2025-08-05,2025-08-30,weight_overbilling,1,"Billed weight 1,233 lb vs reference 1,132 lb (shipment weight, no reweigh certificate): +8.9%; linehaul at billed weight $801.20 vs $735.57, est. +$81.58 with fuel surcharge",81.58,81.58,213,open
557,CARF:80103115,CARF,0600586,853536470,98397301,2025-10-21,2025-11-06,fsc_mismatch,1,"Fuel surcharge $974.78 vs expected $893.55 (TL, diesel $4.199/gal for week of 2025-10-20; $0.536/mi vs expected $0.492/mi over 1,818 mi): +$81.23",81.23,81.23,145,open
558,CARC:76788844,CARC,0301578,169223720,03580024,2025-12-19,2025-12-27,rate_overcharge,1,"Linehaul $547.05 vs contract $482.08 (Dallas → Kansas City, rate effective 2025-01-01): +$64.97 (+13.5%); est. $80.76 with fuel surcharge",80.76,80.76,94,open
559,CARF:77600843,CARF,0600527,824875320,92616600,2025-09-15,2025-09-29,fsc_mismatch,1,"Fuel surcharge $960.23 vs expected $880.22 (TL, diesel $4.155/gal for week of 2025-09-15; $0.528/mi vs expected $0.484/mi over 1,818 mi): +$80.01",80.01,80.01,183,open
560,CARF:11534962,CARF,0600528,242147407,66075550,2025-09-20,2025-10-03,fsc_mismatch,1,"Fuel surcharge $960.23 vs expected $880.22 (TL, diesel $4.155/gal for week of 2025-09-15; $0.528/mi vs expected $0.484/mi over 1,818 mi): +$80.01",80.01,80.01,179,open
561,CARA:27831186,CARA,0100412,978954036,25353143,2025-04-18,2025-05-06,rate_overcharge,1,"Linehaul $725.09 vs contract $658.95 (Atlanta → Boston, rate effective 2025-01-01): +$66.14 (+10.0%); est. $79.83 with fuel surcharge",79.83,79.83,329,open
562,CARD:75427739,CARD,0400027,647550769,BOL-94417439,2025-01-04,2025-01-28,weight_overbilling,1,"Billed weight 1,392 lb vs reference 1,223 lb (shipment weight, no reweigh certificate): +13.8%; linehaul at billed weight $540.79 vs $475.14, est. +$79.24 with fuel surcharge",79.24,79.24,427,open
563,CARH:39188598,CARH,0800275,312218127,BOL#0342-8645,2025-07-14,2025-08-22,fsc_mismatch,1,"Fuel surcharge $806.57 vs expected $727.58 (TL, diesel $3.756/gal for week of 2025-07-14; $0.463/mi vs expected $0.418/mi over 1,742 mi): +$78.99",78.99,78.99,221,open
564,CARD:60403512,CARD,0400931,146647725,BOL#82613809,2025-07-06,2025-08-08,weight_overbilling,1,"Billed weight 1,232 lb vs reference 994 lb (shipment weight, no reweigh certificate): +23.9%; linehaul at billed weight $341.39 vs $277.10, est. +$78.76 with fuel surcharge",78.76,78.76,235,open
565,CARD:67695535,CARD,0400241,565023001,BOL#94150137,2025-02-22,2025-03-24,weight_overbilling,1,"Billed weight 1,171 lb vs reference 1,049 lb (shipment weight, no reweigh certificate): +11.6%; linehaul at billed weight $622.04 vs $557.23, est. +$78.23 with fuel surcharge",78.23,78.23,372,open
566,CARC:12577600,CARC,0301557,919483459,0952-0250,2025-12-08,2025-12-21,rate_overcharge,1,"Linehaul $1,612.27 vs contract $1,549.70 (Dallas → Charlotte, rate effective 2025-01-01): +$62.57 (+4.0%); est. $77.77 with fuel surcharge",77.77,77.77,100,open
567,CARC:00631922,CARC,0300441,810255514,3688 4715,2025-04-24,2025-05-08,weight_overbilling,1,"Billed weight 2,597 lb vs reference 2,468 lb (shipment weight, no reweigh certificate): +5.2%; linehaul at billed weight $1,296.94 vs $1,232.52, est. +$77.75 with fuel surcharge",77.75,77.75,327,open
568,CARH:94668424,CARH,0800381,995775007,BOL#34749629,2025-10-19,2025-10-29,fsc_mismatch,1,"Fuel surcharge $951.84 vs expected $875.35 (TL, diesel $4.265/gal for week of 2025-10-13; $0.546/mi vs expected $0.502/mi over 1,742 mi): +$76.49",76.49,76.49,153,open
569,CARB:01467732,CARB,0200959,630736477,29097639,2025-07-29,2025-08-15,weight_overbilling,1,"Billed weight 936 lb vs reference 764 lb (shipment weight, no reweigh certificate): +22.5%; linehaul at billed weight $505.90 vs $444.57, est. +$76.23 with fuel surcharge",76.23,76.23,228,open
570,CARC:35595417,CARC,0301010,994585066,65621218,2025-08-30,2025-09-07,weight_overbilling,1,"Billed weight 1,184 lb vs reference 1,013 lb (shipment weight, no reweigh certificate): +16.9%; linehaul at billed weight $420.91 vs $360.12, est. +$75.56 with fuel surcharge",75.56,75.56,205,open
571,CARC:14973447,CARC,0300632,746536567,11401555,2025-06-07,2025-06-16,rate_overcharge,1,"Linehaul $887.34 vs contract $824.97 (Columbus → Miami, rate effective 2025-01-01): +$62.37 (+7.6%); est. $75.28 with fuel surcharge",75.28,75.28,288,open
572,CARC:79224238,CARC,0300176,089582066,45694057,2025-02-18,2025-03-07,weight_overbilling,1,"Billed weight 2,153 lb vs reference 1,727 lb (shipment weight, no reweigh certificate): +24.7%; linehaul at billed weight $876.06 vs $813.80, est. +$75.15 with fuel surcharge",75.15,75.15,389,open
573,CARF:73292779,CARF,0600127,975819884,50493462,2025-03-18,2025-03-28,unauthorized_accessorial,1,Detention $75.00 billed with no authorization on file for SHP01864 as of 2026-03-31,75.0,75.0,368,open
574,CARF:63749001,CARF,0600165,271947368,32894230,2025-04-13,2025-04-18,unauthorized_accessorial,1,Detention $75.00 billed with no authorization on file for SHP02513 as of 2026-03-31,75.0,75.0,347,open
575,CARF:48302889,CARF,0600391,550398028,75320920,2025-07-07,2025-07-29,unauthorized_accessorial,1,Detention $75.00 billed with no authorization on file for SHP05005 as of 2026-03-31,75.0,75.0,245,open
576,CARH:75382604,CARH,0800297,595077415,BOL#12754275,2025-08-21,2025-09-07,unauthorized_accessorial,1,Detention $75.00 billed with no authorization on file for SHP06138 as of 2026-03-31,75.0,75.0,205,open
577,CARH:82571550,CARH,0800414,521720306,BOL#74547061,2025-11-02,2025-11-20,unauthorized_accessorial,1,Detention $75.00 billed with no authorization on file for SHP08248 as of 2026-03-31,75.0,75.0,131,open
578,CARH:43182274,CARH,0800485,237533374,BOL#01601793,2025-11-23,2025-12-31,unauthorized_accessorial,1,Detention $75.00 billed with no authorization on file for SHP08894 as of 2026-03-31,75.0,75.0,90,open
579,CARH:99227647,CARH,0800510,511912304,BOL#50759923,2025-12-07,2026-01-13,unauthorized_accessorial,1,Detention $75.00 billed with no authorization on file for SHP09298 as of 2026-03-31,75.0,75.0,77,open
580,CARF:91776896,CARF,0600421,107233112,bol-08433149,2025-08-02,2025-08-13,fsc_mismatch,1,"Fuel surcharge $894.79 vs expected $820.22 (TL, diesel $3.957/gal for week of 2025-07-28; $0.492/mi vs expected $0.451/mi over 1,818 mi): +$74.57",74.57,74.57,230,open
581,CARA:38135268,CARA,0100280,961679707,01176870,2025-03-21,2025-04-08,weight_overbilling,1,"Billed weight 1,696 lb vs reference 1,496 lb (shipment weight, no reweigh certificate): +13.4%; linehaul at billed weight $523.22 vs $461.52, est. +$74.47 with fuel surcharge",74.47,74.47,357,open
582,CARF:41494542,CARF,0600453,614752798,56246394,2025-08-16,2025-08-28,fsc_mismatch,1,"Fuel surcharge $893.46 vs expected $819.01 (TL, diesel $3.953/gal for week of 2025-08-11; $0.491/mi vs expected $0.451/mi over 1,818 mi): +$74.45",74.45,74.45,215,open
583,CARF:77081726,CARF,0600466,463540139,63604011,2025-08-10,2025-09-08,fsc_mismatch,1,"Fuel surcharge $893.13 vs expected $818.71 (TL, diesel $3.952/gal for week of 2025-08-04; $0.491/mi vs expected $0.450/mi over 1,818 mi): +$74.42",74.42,74.42,204,open
584,CARC:10680616,CARC,0300271,430380110,74027787,2025-03-15,2025-03-29,rate_overcharge,1,"Linehaul $472.48 vs contract $411.31 (Columbus → Kansas City, rate effective 2025-01-01): +$61.17 (+14.9%); est. $73.83 with fuel surcharge",73.83,73.83,367,open
585,CARC:62250819,CARC,0300294,364904994,35530754,2025-03-02,2025-04-04,weight_overbilling,1,"Billed weight 3,193 lb vs reference 2,710 lb (shipment weight, no reweigh certificate): +17.8%; linehaul at billed weight $394.97 vs $335.23, est. +$72.64 with fuel surcharge",72.64,72.64,361,open
586,CARF:62869772,CARF,0600482,058790920,85307954,2025-09-01,2025-09-14,fsc_mismatch,1,"Fuel surcharge $892.52 vs expected $819.92 (TL, diesel $3.956/gal for week of 2025-09-01; $0.491/mi vs expected $0.451/mi over 1,818 mi): +$72.60",72.6,72.6,198,open
587,CARE:35141852,CARE,0500343,153790991,94094517,2025-04-03,2025-04-24,weight_overbilling,1,"Billed weight 1,101 lb vs reference 966 lb (shipment weight, no reweigh certificate): +14.0%; linehaul at billed weight $648.49 vs $589.00, est. +$71.80 with fuel surcharge",71.8,71.8,341,open
588,CARB:62848197,CARB,0200613,952263806,63044481,2025-05-07,2025-06-10,rate_overcharge,1,"Linehaul $593.97 vs contract $534.70 (Columbus → Miami, rate effective 2025-01-01): +$59.27 (+11.1%); est. $71.54 with fuel surcharge",71.54,71.54,294,open
589,CARA:89151952,CARA,0100690,037471994,13306486,2025-06-25,2025-07-09,weight_overbilling,1,"Billed weight 1,774 lb vs reference 1,512 lb (shipment weight, no reweigh certificate): +17.3%; linehaul at billed weight $524.60 vs $466.45, est. +$71.23 with fuel surcharge",71.23,71.23,265,open
590,CARE:03226491,CARE,0501265,814913612,bol-45608014,2025-11-06,2025-11-22,weight_overbilling,1,"Billed weight 359 lb vs reference 288 lb (shipment weight, no reweigh certificate): +24.7%; linehaul at billed weight $285.44 vs $228.99, est. +$71.18 with fuel surcharge",71.18,71.18,129,open
591,CARD:77302121,CARD,0400493,330476540,BOL#00663065,2025-04-24,2025-05-13,rate_overcharge,1,"Linehaul $776.85 vs contract $718.13 (Atlanta → Pittsburgh, rate effective 2025-01-01): +$58.72 (+8.2%); est. $70.88 with fuel surcharge",70.88,70.88,322,open
592,CARF:86303914,CARF,0600131,464294061,38093828,2025-03-24,2025-04-05,rate_overcharge,1,"Linehaul $1,834.43 vs contract $1,763.58 (Atlanta → Philadelphia, rate effective 2025-01-01): +$70.85 (+4.0%)",70.85,70.85,360,open
593,CARA:29463240,CARA,0100665,383823623,26380244,2025-06-16,2025-06-30,rate_overcharge,1,"Linehaul $498.17 vs contract $440.52 (Dallas → Los Angeles, rate effective 2025-01-01): +$57.65 (+13.1%); est. $70.10 with fuel surcharge",70.1,70.1,274,open
594,CARB:43634385,CARB,0200742,525875639,62092043,2025-06-12,2025-07-02,weight_overbilling,1,"Billed weight 1,059 lb vs reference 870 lb (shipment weight, no reweigh certificate): +21.7%; linehaul at billed weight $1,032.63 vs $975.10, est. +$69.96 with fuel surcharge",69.96,69.96,272,open
595,CARH:49094686,CARH,0800069,699315152,BOL#33481397,2025-03-09,2025-03-26,fsc_mismatch,1,"Fuel surcharge $513.25 vs expected $443.77 (TL, diesel $3.621/gal for week of 2025-03-03; $0.457/mi vs expected $0.395/mi over 1,123 mi): +$69.48",69.48,69.48,370,open
596,CARA:84448438,CARA,0100630,460981339,85411423,2025-05-26,2025-06-21,weight_overbilling,1,"Billed weight 740 lb vs reference 579 lb (shipment weight, no reweigh certificate): +27.8%; linehaul at billed weight $262.55 vs $205.43, est. +$69.46 with fuel surcharge",69.46,69.46,283,open
597,CARB:69375612,CARB,0200198,290978379,71035784,2025-02-08,2025-03-10,weight_overbilling,1,"Billed weight 2,577 lb vs reference 2,136 lb (shipment weight, no reweigh certificate): +20.6%; linehaul at billed weight $335.78 vs $278.32, est. +$69.35 with fuel surcharge",69.35,69.35,386,open
598,CARA:46361344,CARA,0100808,218195318,43735189,2025-07-31,2025-08-12,rate_overcharge,1,"Linehaul $452.99 vs contract $397.30 (Atlanta → Philadelphia, rate effective 2025-01-01): +$55.69 (+14.0%); est. $69.22 with fuel surcharge",69.22,69.22,231,open
599,CARD:20325923,CARD,0400817,592385412,bol-38558180,2025-06-28,2025-07-14,weight_overbilling,1,"Billed weight 822 lb vs reference 683 lb (shipment weight, no reweigh certificate): +20.4%; linehaul at billed weight $333.81 vs $277.37, est. +$69.14 with fuel surcharge",69.14,69.14,260,open
600,CARG:34363224,CARG,0700673,344061879,19023809,2025-11-29,2025-12-20,rate_overcharge,1,"Linehaul $894.63 vs contract $825.60 (Atlanta → Louisville, rate effective 2025-01-01): +$69.03 (+8.4%)",69.03,69.03,101,open
601,CARA:77855270,CARA,0100089,145424178,33533828,2025-01-29,2025-02-11,rate_overcharge,1,"Linehaul $573.44 vs contract $517.17 (Atlanta → Denver, rate effective 2025-01-01): +$56.27 (+10.9%); est. $68.42 with fuel surcharge",68.42,68.42,413,open
602,CARA:47947611,CARA,0100958,610123572,81154760,2025-08-19,2025-09-21,weight_overbilling,1,"Billed weight 569 lb vs reference 507 lb (shipment weight, no reweigh certificate): +12.2%; linehaul at billed weight $504.36 vs $449.40, est. +$68.32 with fuel surcharge",68.32,68.32,191,open
603,CARA:31907576,CARA,0100661,398973037,5222-2088,2025-06-20,2025-06-28,rate_overcharge,1,"Linehaul $449.28 vs contract $393.80 (Columbus → Nashville, rate effective 2025-01-01): +$55.48 (+14.1%); est. $67.46 with fuel surcharge",67.46,67.46,276,open
604,CARC:29290436,CARC,0300167,825855954,83892773,2025-02-09,2025-03-01,rate_overcharge,1,"Linehaul $473.26 vs contract $417.50 (Columbus → Los Angeles, rate effective 2025-01-01): +$55.76 (+13.4%); est. $67.30 with fuel surcharge",67.3,67.3,395,open
605,CARH:02170000,CARH,0800154,172021425,BOL#55288523,2025-05-10,2025-05-26,rate_overcharge,1,"Linehaul $665.00 vs contract $598.23 (Memphis → St. Louis, rate effective 2025-01-01): +$66.77 (+11.2%)",66.77,66.77,309,open
606,CARB:27404220,CARB,0201347,380193868,89373805,2025-10-08,2025-11-06,rate_overcharge,1,"Linehaul $762.02 vs contract $709.46 (Atlanta → Philadelphia, rate effective 2025-01-01): +$52.56 (+7.4%); est. $66.75 with fuel surcharge",66.75,66.75,145,open
607,CARB:80087560,CARB,0201530,924773662,bol-93720169,2025-11-09,2025-12-10,rate_overcharge,1,"Linehaul $1,089.34 vs contract $1,037.00 (Chicago → Miami, rate effective 2025-01-01): +$52.34 (+5.0%); est. $66.00 with fuel surcharge",66.0,66.0,111,open
608,CARB:57553492,CARB,0200597,883885035,34246679,2025-05-18,2025-06-02,rate_overcharge,1,"Linehaul $684.70 vs contract $630.83 (Columbus → Pittsburgh, rate effective 2025-01-01): +$53.87 (+8.5%); est. $65.51 with fuel surcharge",65.51,65.51,302,open
609,CARF:01350587,CARF,0600577,751059890,8530 5990,2025-10-15,2025-11-02,fsc_mismatch,1,"Fuel surcharge $783.90 vs expected $718.57 (TL, diesel $4.265/gal for week of 2025-10-13; $0.548/mi vs expected $0.502/mi over 1,430 mi): +$65.33",65.33,65.33,149,open
610,CARC:16329192,CARC,0300158,596670671,14502973,2025-02-11,2025-02-28,rate_overcharge,1,"Linehaul $531.99 vs contract $478.70 (Chicago → Orlando, rate effective 2025-01-01): +$53.29 (+11.1%); est. $64.80 with fuel surcharge",64.8,64.8,396,open
611,CARA:07286558,CARA,0101260,352898310,22648430,2025-11-09,2025-11-24,rate_overcharge,1,"Linehaul $584.45 vs contract $533.31 (Atlanta → Boston, rate effective 2025-01-01): +$51.14 (+9.6%); est. $64.49 with fuel surcharge",64.49,64.49,127,open
612,CARB:20433183,CARB,0200055,540789617,19726079,2025-01-14,2025-02-04,weight_overbilling,1,"Billed weight 1,217 lb vs reference 1,031 lb (shipment weight, no reweigh certificate): +18.0%; linehaul at billed weight $348.55 vs $295.28, est. +$64.30 with fuel surcharge",64.3,64.3,420,open
613,CARC:76058521,CARC,0301232,596198658,BOL-30350075,2025-10-09,2025-10-25,rate_overcharge,1,"Linehaul $1,417.58 vs contract $1,367.05 (Dallas → Detroit, rate effective 2025-01-01): +$50.53 (+3.7%); est. $64.17 with fuel surcharge",64.17,64.17,157,open
614,CARF:12963997,CARF,0600597,329702827,11452263,2025-10-26,2025-11-07,fsc_mismatch,1,"Fuel surcharge $766.74 vs expected $702.85 (TL, diesel $4.199/gal for week of 2025-10-20; $0.536/mi vs expected $0.492/mi over 1,430 mi): +$63.89",63.89,63.89,144,open
615,CARB:80972627,CARB,0200286,300047123,94521503,2025-03-14,2025-04-01,rate_overcharge,1,"Linehaul $1,123.29 vs contract $1,071.11 (Atlanta → Denver, rate effective 2025-01-01): +$52.18 (+4.9%); est. $62.98 with fuel surcharge",62.98,62.98,364,open
616,CARA:47390171,CARA,0100298,419682544,BOL-46961959,2025-03-25,2025-04-08,rate_overcharge,1,"Linehaul $723.16 vs contract $671.00 (Chicago → Salt Lake City, rate effective 2025-01-01): +$52.16 (+7.8%); est. $62.96 with fuel surcharge",62.96,62.96,357,open
617,CARF:60545252,CARF,0600516,471170498,08592778,2025-09-15,2025-09-27,fsc_mismatch,1,"Fuel surcharge $755.30 vs expected $692.36 (TL, diesel $4.155/gal for week of 2025-09-15; $0.528/mi vs expected $0.484/mi over 1,430 mi): +$62.94",62.94,62.94,185,open
618,CARF:09612700,CARF,0600532,882351476,87096291,2025-09-21,2025-10-02,fsc_mismatch,1,"Fuel surcharge $755.30 vs expected $692.36 (TL, diesel $4.155/gal for week of 2025-09-15; $0.528/mi vs expected $0.484/mi over 1,430 mi): +$62.94",62.94,62.94,180,open
619,CARF:09992244,CARF,0600560,648993787,54242098,2025-09-20,2025-10-23,fsc_mismatch,1,"Fuel surcharge $755.30 vs expected $692.36 (TL, diesel $4.155/gal for week of 2025-09-15; $0.528/mi vs expected $0.484/mi over 1,430 mi): +$62.94",62.94,62.94,159,open
620,CARA:46302852,CARA,0100015,593230295,12664205,2025-01-06,2025-01-22,rate_overcharge,1,"Linehaul $1,155.83 vs contract $1,103.69 (Memphis → Seattle, rate effective 2025-01-01): +$52.14 (+4.7%); est. $62.93 with fuel surcharge",62.93,62.93,433,open
621,CARB:02607864,CARB,0200492,584675006,51098374,2025-04-28,2025-05-14,weight_overbilling,1,"Billed weight 1,217 lb vs reference 1,048 lb (shipment weight, no reweigh certificate): +16.1%; linehaul at billed weight $372.65 vs $320.90, est. +$62.46 with fuel surcharge",62.46,62.46,321,open
622,CARC:04953603,CARC,0300549,235373065,91359990,2025-05-10,2025-05-30,fsc_mismatch,1,"Fuel surcharge $534.96 vs expected $473.23 (LTL, diesel $3.571/gal for week of 2025-05-05; 23.4% of linehaul vs expected 20.7% (+2.70 pp)): +$61.73",61.73,61.73,305,open
623,CARC:90170795,CARC,0300986,204434734,01904221,2025-08-22,2025-08-29,rate_overcharge,1,"Linehaul $596.48 vs contract $546.93 (Dallas → Kansas City, rate effective 2025-01-01): +$49.55 (+9.1%); est. $61.59 with fuel surcharge",61.59,61.59,214,open
624,CARA:33860188,CARA,0100600,952555907,70563374,2025-05-24,2025-06-14,weight_overbilling,1,"Billed weight 879 lb vs reference 811 lb (shipment weight, no reweigh certificate): +8.4%; linehaul at billed weight $744.10 vs $693.97, est. +$60.96 with fuel surcharge",60.96,60.96,290,open
625,CARB:86885935,CARB,0200394,647848754,31550570,2025-03-29,2025-04-25,rate_overcharge;fsc_mismatch,2,"Linehaul $392.90 vs contract $351.45 (Chicago → Miami, rate effective 2025-01-01): +$41.45 (+11.8%); est. $50.03 with fuel surcharge | Fuel surcharge $91.94 vs expected $81.33 (LTL, diesel $3.578/gal for week of 2025-03-24; 23.4% of linehaul vs expected 20.7% (+2.70 pp)): +$10.61",60.64,60.64,340,open
626,CARD:06221289,CARD,0400957,189661083,BOL#41878822,2025-07-26,2025-08-16,weight_overbilling,1,"Billed weight 1,513 lb vs reference 1,214 lb (shipment weight, no reweigh certificate): +24.6%; linehaul at billed weight $245.71 vs $197.15, est. +$59.92 with fuel surcharge",59.92,59.92,227,open
627,CARF:52580717,CARF,0600462,139999826,91864991,2025-08-24,2025-09-04,fsc_mismatch,1,"Fuel surcharge $714.74 vs expected $655.18 (TL, diesel $3.999/gal for week of 2025-08-18; $0.500/mi vs expected $0.458/mi over 1,430 mi): +$59.56",59.56,59.56,208,open
628,CARF:25849177,CARF,0600518,270664338,40766256,2025-09-06,2025-09-27,fsc_mismatch,1,"Fuel surcharge $703.56 vs expected $644.93 (TL, diesel $3.956/gal for week of 2025-09-01; $0.492/mi vs expected $0.451/mi over 1,430 mi): +$58.63",58.63,58.63,185,open
629,CARF:02526078,CARF,0600440,342160652,27031979,2025-08-11,2025-08-26,fsc_mismatch,1,"Fuel surcharge $702.78 vs expected $644.21 (TL, diesel $3.953/gal for week of 2025-08-11; $0.491/mi vs expected $0.450/mi over 1,430 mi): +$58.57",58.57,58.57,217,open
630,CARF:26044665,CARF,0600445,861624178,2423-8116,2025-08-14,2025-08-26,fsc_mismatch,1,"Fuel surcharge $702.78 vs expected $644.21 (TL, diesel $3.953/gal for week of 2025-08-11; $0.491/mi vs expected $0.450/mi over 1,430 mi): +$58.57",58.57,58.57,217,open
631,CARA:40820441,CARA,0100668,631792527,85354413,2025-06-24,2025-06-30,weight_overbilling,1,"Billed weight 2,303 lb vs reference 2,156 lb (shipment weight, no reweigh certificate): +6.8%; linehaul at billed weight $742.03 vs $694.66, est. +$58.03 with fuel surcharge",58.03,58.03,274,open
632,CARF:04325703,CARF,0600563,426976212,88158476,2025-10-04,2025-10-24,fsc_mismatch,1,"Fuel surcharge $693.05 vs expected $635.30 (TL, diesel $4.221/gal for week of 2025-09-29; $0.540/mi vs expected $0.495/mi over 1,283 mi): +$57.75",57.75,57.75,158,open
633,CARC:28099324,CARC,0301006,559567764,BOL#44609440,2025-08-24,2025-09-06,rate_overcharge,1,"Linehaul $431.68 vs contract $385.47 (Columbus → Miami, rate effective 2025-01-01): +$46.21 (+12.0%); est. $57.44 with fuel surcharge",57.44,57.44,206,open
634,CARF:06156530,CARF,0600591,835127558,94620911,2025-10-22,2025-11-05,fsc_mismatch,1,"Fuel surcharge $687.92 vs expected $630.59 (TL, diesel $4.199/gal for week of 2025-10-20; $0.536/mi vs expected $0.491/mi over 1,283 mi): +$57.33",57.33,57.33,146,open
635,CARE:93586259,CARE,0500680,174981593,79324429,2025-06-21,2025-07-07,weight_overbilling,1,"Billed weight 632 lb vs reference 534 lb (shipment weight, no reweigh certificate): +18.4%; linehaul at billed weight $303.80 vs $256.69, est. +$57.29 with fuel surcharge",57.29,57.29,267,open
636,CARD:06558571,CARD,0400457,058601506,BOL#99059276,2025-04-20,2025-05-03,rate_overcharge,1,"Linehaul $409.22 vs contract $361.81 (Dallas → Kansas City, rate effective 2025-01-01): +$47.41 (+13.1%); est. $57.22 with fuel surcharge",57.22,57.22,332,open
637,CARG:90613155,CARG,0700258,773750736,28623164,2025-05-14,2025-05-31,fsc_mismatch,1,"Fuel surcharge $520.64 vs expected $463.54 (TL, diesel $3.601/gal for week of 2025-05-12; $0.440/mi vs expected $0.392/mi over 1,183 mi): +$57.10",57.1,57.1,304,open
638,CARF:28631649,CARF,0600514,275994078,20908539,2025-09-17,2025-09-25,fsc_mismatch,1,"Fuel surcharge $677.66 vs expected $621.19 (TL, diesel $4.155/gal for week of 2025-09-15; $0.528/mi vs expected $0.484/mi over 1,283 mi): +$56.47",56.47,56.47,187,open
639,CARF:47291086,CARF,0600531,921295983,68089207,2025-09-19,2025-10-02,fsc_mismatch,1,"Fuel surcharge $677.66 vs expected $621.19 (TL, diesel $4.155/gal for week of 2025-09-15; $0.528/mi vs expected $0.484/mi over 1,283 mi): +$56.47",56.47,56.47,180,open
640,CARF:57227110,CARF,0600559,210393524,46584827,2025-09-16,2025-10-22,fsc_mismatch,1,"Fuel surcharge $677.66 vs expected $621.19 (TL, diesel $4.155/gal for week of 2025-09-15; $0.528/mi vs expected $0.484/mi over 1,283 mi): +$56.47",56.47,56.47,160,open
641,CARG:61014951,CARG,0700475,857739373,46613220,2025-08-17,2025-09-28,rate_overcharge,1,"Linehaul $1,310.40 vs contract $1,254.24 (Memphis → Charlotte, rate effective 2025-07-01): +$56.16 (+4.5%)",56.16,56.16,184,open
642,CARB:69939841,CARB,0200853,650571827,69242112,2025-07-12,2025-07-24,rate_overcharge,1,"Linehaul $402.80 vs contract $357.21 (Columbus → Detroit, rate effective 2025-07-01): +$45.59 (+12.8%); est. $55.85 with fuel surcharge",55.85,55.85,250,open
643,CARD:39332635,CARD,0401701,328770887,BOL#04624480,2025-12-11,2025-12-30,rate_overcharge,1,"Linehaul $733.29 vs contract $688.73 (Atlanta → Kansas City, rate effective 2025-01-01): +$44.56 (+6.5%); est. $55.39 with fuel surcharge",55.39,55.39,91,open
644,CARD:75862850,CARD,0400122,086339784,BOL#64040845,2025-02-03,2025-02-24,weight_overbilling,1,"Billed weight 4,453 lb vs reference 4,084 lb (shipment weight, no reweigh certificate): +9.0%; linehaul at billed weight $1,271.50 vs $1,226.02, est. +$54.89 with fuel surcharge",54.89,54.89,400,open
645,CARF:71468917,CARF,0600611,702836873,49504577,2025-10-18,2025-11-22,fsc_mismatch,1,"Fuel surcharge $657.27 vs expected $602.50 (TL, diesel $4.265/gal for week of 2025-10-13; $0.548/mi vs expected $0.503/mi over 1,199 mi): +$54.77",54.77,54.77,129,open
646,CARC:46014865,CARC,0301481,300328252,50309520,2025-11-30,2025-12-09,weight_overbilling,1,"Billed weight 1,928 lb vs reference 1,564 lb (shipment weight, no reweigh certificate): +23.3%; linehaul at billed weight $544.40 vs $500.79, est. +$54.60 with fuel surcharge",54.6,54.6,112,open
647,CARH:50280485,CARH,0800265,861778920,BOL#87628781,2025-07-23,2025-08-22,fsc_mismatch,1,"Fuel surcharge $381.53 vs expected $327.05 (TL, diesel $3.856/gal for week of 2025-07-21; $0.507/mi vs expected $0.434/mi over 753 mi): +$54.48",54.48,54.48,221,open
648,CARC:16961850,CARC,0301516,565847467,04687439,2025-12-07,2025-12-18,rate_overcharge,1,"Linehaul $379.01 vs contract $335.51 (Dallas → Detroit, rate effective 2025-01-01): +$43.50 (+13.0%); est. $54.46 with fuel surcharge",54.46,54.46,103,open
649,CARE:23178819,CARE,0500525,459261445,62735371,2025-05-21,2025-06-10,rate_overcharge,1,"Linehaul $483.21 vs contract $438.79 (Columbus → Kansas City, rate effective 2025-01-01): +$44.42 (+10.1%); est. $54.01 with fuel surcharge",54.01,54.01,294,open
650,CARC:61325683,CARC,0300593,510200580,28962866,2025-05-24,2025-06-11,rate_overcharge,1,"Linehaul $350.33 vs contract $306.27 (Columbus → Kansas City, rate effective 2025-01-01): +$44.06 (+14.4%); est. $53.58 with fuel surcharge",53.58,53.58,293,open
651,CARF:38457503,CARF,0600578,347545818,46848195,2025-10-20,2025-11-02,fsc_mismatch,1,"Fuel surcharge $642.88 vs expected $589.31 (TL, diesel $4.199/gal for week of 2025-10-20; $0.536/mi vs expected $0.492/mi over 1,199 mi): +$53.57",53.57,53.57,149,open
652,CARF:63871160,CARF,0600541,019295773,63853640,2025-09-26,2025-10-12,fsc_mismatch,1,"Fuel surcharge $641.18 vs expected $587.75 (TL, diesel $4.206/gal for week of 2025-09-22; $0.537/mi vs expected $0.493/mi over 1,193 mi): +$53.43",53.43,53.43,170,open
653,CARB:26809722,CARB,0200698,312997211,0650-6673,2025-06-06,2025-06-24,rate_overcharge,1,"Linehaul $458.27 vs contract $414.13 (Atlanta → St. Louis, rate effective 2025-01-01): +$44.14 (+10.7%); est. $53.28 with fuel surcharge",53.28,53.28,280,open
654,CARC:24106706,CARC,0300020,632540083,58527591,2025-01-04,2025-01-16,rate_overcharge,1,"Linehaul $477.54 vs contract $433.59 (Dallas → Kansas City, rate effective 2025-01-01): +$43.95 (+10.1%); est. $53.05 with fuel surcharge",53.05,53.05,439,open
655,CARD:42206632,CARD,0401396,630333451,BOL#00965228,2025-10-05,2025-11-01,rate_overcharge;fsc_mismatch;weight_overbilling,3,"Linehaul $341.47 vs contract $331.06 (Atlanta → Nashville, rate effective 2025-01-01): +$10.41 (+3.1%); est. $13.22 with fuel surcharge | Fuel surcharge $98.34 vs expected $92.20 (LTL, diesel $4.221/gal for week of 2025-09-29; 28.8% of linehaul vs expected 27.0% (+1.80 pp)): +$6.14 | Billed weight 2,399 lb vs reference 2,207 lb (shipment weight, no reweigh certificate): +8.7%; linehaul at billed weight $331.06 vs $304.57, est. +$33.64 with fuel surcharge",53.0,53.0,150,open
656,CARD:35852010,CARD,0401147,499568355,BOL#13814966,2025-09-05,2025-09-16,fsc_mismatch;weight_overbilling,2,"Fuel surcharge $195.84 vs expected $188.84 (LTL, diesel $3.956/gal for week of 2025-09-01; 25.2% of linehaul vs expected 24.3% (+0.90 pp)): +$7.00 | Billed weight 2,121 lb vs reference 2,020 lb (shipment weight, no reweigh certificate): +5.0%; linehaul at billed weight $777.13 vs $740.13, est. +$45.99 with fuel surcharge",52.99,52.99,196,open
657,CARC:58018548,CARC,0300257,575619377,19713927,2025-03-17,2025-03-28,weight_overbilling,1,"Billed weight 1,205 lb vs reference 1,082 lb (shipment weight, no reweigh certificate): +11.4%; linehaul at billed weight $428.38 vs $384.65, est. +$52.78 with fuel surcharge",52.78,52.78,368,open
658,CARF:76485825,CARF,0600534,758269231,43590866,2025-09-21,2025-10-06,fsc_mismatch,1,"Fuel surcharge $633.29 vs expected $580.52 (TL, diesel $4.155/gal for week of 2025-09-15; $0.528/mi vs expected $0.484/mi over 1,199 mi): +$52.77",52.77,52.77,176,open
659,CARF:85256753,CARF,0600544,280284257,95344231,2025-09-20,2025-10-13,fsc_mismatch,1,"Fuel surcharge $633.29 vs expected $580.52 (TL, diesel $4.155/gal for week of 2025-09-15; $0.528/mi vs expected $0.484/mi over 1,199 mi): +$52.77",52.77,52.77,169,open
660,CARF:38350183,CARF,0600447,420044105,35434616,2025-08-17,2025-08-28,fsc_mismatch,1,"Fuel surcharge $630.54 vs expected $577.99 (TL, diesel $3.953/gal for week of 2025-08-11; $0.491/mi vs expected $0.450/mi over 1,283 mi): +$52.55",52.55,52.55,215,open
661,CARF:78575651,CARF,0600601,666192564,78585605,2025-10-28,2025-11-11,fsc_mismatch,1,"Fuel surcharge $630.24 vs expected $577.72 (TL, diesel $4.141/gal for week of 2025-10-27; $0.526/mi vs expected $0.482/mi over 1,199 mi): +$52.52",52.52,52.52,140,open
662,CARF:21729717,CARF,0600473,928169715,03846923,2025-08-26,2025-09-11,fsc_mismatch,1,"Fuel surcharge $629.14 vs expected $576.71 (TL, diesel $3.947/gal for week of 2025-08-25; $0.490/mi vs expected $0.450/mi over 1,283 mi): +$52.43",52.43,52.43,201,open
663,CARF:72748064,CARF,0600307,261283191,78091658,2025-06-10,2025-06-29,rate_overcharge,1,"Linehaul $1,282.46 vs contract $1,231.20 (Atlanta → Indianapolis, rate effective 2025-01-01): +$51.26 (+4.2%)",51.26,51.26,275,open
664,CARC:76711278,CARC,0301045,797350892,7931325,2025-08-26,2025-09-16,weight_overbilling,1,"Billed weight 885 lb vs reference 832 lb (shipment weight, no reweigh certificate): +6.4%; linehaul at billed weight $948.80 vs $907.80, est. +$50.96 with fuel surcharge",50.96,50.96,196,open
665,CARC:93253292,CARC,0300736,142122588,02768081,2025-06-23,2025-07-05,rate_overcharge,1,"Linehaul $516.54 vs contract $474.95 (Columbus → Kansas City, rate effective 2025-01-01): +$41.59 (+8.8%); est. $50.95 with fuel surcharge",50.95,50.95,269,open
666,CARF:24990491,CARF,0600515,839562007,40813576,2025-09-13,2025-09-26,fsc_mismatch,1,"Fuel surcharge $609.75 vs expected $558.93 (TL, diesel $4.047/gal for week of 2025-09-08; $0.509/mi vs expected $0.466/mi over 1,199 mi): +$50.82",50.82,50.82,186,open
667,CARF:13760092,CARF,0600584,514873039,65420791,2025-10-14,2025-11-04,fsc_mismatch,1,"Fuel surcharge $604.10 vs expected $553.75 (TL, diesel $4.265/gal for week of 2025-10-13; $0.548/mi vs expected $0.502/mi over 1,102 mi): +$50.35",50.35,50.35,147,open
668,CARB:70149376,CARB,0201456,599633563,89229753,2025-11-11,2025-11-24,weight_overbilling,1,"Billed weight 2,744 lb vs reference 2,509 lb (shipment weight, no reweigh certificate): +9.4%; linehaul at billed weight $461.54 vs $422.01, est. +$50.20 with fuel surcharge",50.2,50.2,127,open
669,CARA:94449962,CARA,0100430,120648537,34491373,2025-04-16,2025-05-12,rate_overcharge,1,"Linehaul $427.23 vs contract $385.80 (Chicago → Salt Lake City, rate effective 2025-01-01): +$41.43 (+10.7%); est. $50.01 with fuel surcharge",50.01,50.01,323,open
670,CARE:93928624,CARE,0500369,964928467,88441227,2025-04-15,2025-04-28,weight_overbilling,1,"Billed weight 716 lb vs reference 620 lb (shipment weight, no reweigh certificate): +15.5%; linehaul at billed weight $308.17 vs $266.85, est. +$49.87 with fuel surcharge",49.87,49.87,337,open
671,CARF:50255019,CARF,0600569,698474655,76403657,2025-10-16,2025-10-27,fsc_mismatch,1,"Fuel surcharge $597.52 vs expected $547.72 (TL, diesel $4.265/gal for week of 2025-10-13; $0.548/mi vs expected $0.502/mi over 1,090 mi): +$49.80",49.8,49.8,155,open
672,CARF:00218891,CARF,0600635,408722443,07333054,2025-10-18,2025-11-25,fsc_mismatch,1,"Fuel surcharge $597.52 vs expected $547.72 (TL, diesel $4.265/gal for week of 2025-10-13; $0.548/mi vs expected $0.502/mi over 1,090 mi): +$49.80",49.8,49.8,126,open
673,CARA:93079406,CARA,0101471,668447122,75743215,2025-12-27,2026-01-10,rate_overcharge,1,"Linehaul $927.10 vs contract $886.84 (Chicago → Phoenix, rate effective 2025-07-01): +$40.26 (+4.5%); est. $49.68 with fuel surcharge",49.68,49.68,80,open
674,CARC:80620252,CARC,0300781,145320375,04609574,2025-07-04,2025-07-12,rate_overcharge,1,"Linehaul $414.14 vs contract $373.60 (Dallas → Kansas City, rate effective 2025-01-01): +$40.54 (+10.9%); est. $49.66 with fuel surcharge",49.66,49.66,262,open
675,CARC:86550134,CARC,0300151,908119798,94920074,2025-02-15,2025-02-24,rate_overcharge,1,"Linehaul $610.96 vs contract $570.20 (Atlanta → Detroit, rate effective 2025-01-01): +$40.76 (+7.1%); est. $49.56 with fuel surcharge",49.56,49.56,400,open
676,CARF:00490748,CARF,0600538,965431763,47586491,2025-09-26,2025-10-06,fsc_mismatch,1,"Fuel surcharge $592.27 vs expected $542.92 (TL, diesel $4.206/gal for week of 2025-09-22; $0.537/mi vs expected $0.493/mi over 1,102 mi): +$49.35",49.35,49.35,176,open
677,CARE:88600765,CARE,0501071,692233588,05849720,2025-09-25,2025-10-11,rate_overcharge,1,"Linehaul $575.89 vs contract $537.10 (Chicago → Miami, rate effective 2025-01-01): +$38.79 (+7.2%); est. $49.26 with fuel surcharge",49.26,49.26,171,open
678,CARF:86066688,CARF,0600581,267704522,94397385,2025-10-22,2025-11-02,fsc_mismatch,1,"Fuel surcharge $590.87 vs expected $541.63 (TL, diesel $4.199/gal for week of 2025-10-20; $0.536/mi vs expected $0.491/mi over 1,102 mi): +$49.24",49.24,49.24,149,open
679,CARF:19728468,CARF,0600461,791085922,7290-8948,2025-08-13,2025-09-02,fsc_mismatch,1,"Fuel surcharge $589.25 vs expected $540.15 (TL, diesel $3.953/gal for week of 2025-08-11; $0.491/mi vs expected $0.451/mi over 1,199 mi): +$49.10",49.1,49.1,210,open
680,CARF:95786659,CARF,0600442,435147546,09766315,2025-08-09,2025-08-28,fsc_mismatch,1,"Fuel surcharge $589.04 vs expected $539.95 (TL, diesel $3.952/gal for week of 2025-08-04; $0.491/mi vs expected $0.450/mi over 1,199 mi): +$49.09",49.09,49.09,215,open
681,CARF:69517349,CARF,0600546,153704731,59700069,2025-09-30,2025-10-15,fsc_mismatch,1,"Fuel surcharge $588.80 vs expected $539.73 (TL, diesel $4.221/gal for week of 2025-09-29; $0.540/mi vs expected $0.495/mi over 1,090 mi): +$49.07",49.07,49.07,167,open
682,CARF:81764129,CARF,0600574,293758738,45002416,2025-10-10,2025-10-27,fsc_mismatch,1,"Fuel surcharge $587.81 vs expected $538.82 (TL, diesel $4.216/gal for week of 2025-10-06; $0.539/mi vs expected $0.494/mi over 1,090 mi): +$48.99",48.99,48.99,155,open
683,CARF:39832845,CARF,0600484,513908349,48260574,2025-09-06,2025-09-15,fsc_mismatch,1,"Fuel surcharge $586.96 vs expected $538.04 (TL, diesel $3.956/gal for week of 2025-09-01; $0.492/mi vs expected $0.451/mi over 1,193 mi): +$48.92",48.92,48.92,197,open
684,CARG:61401074,CARG,0700139,255822830,06851653,2025-03-06,2025-04-09,fsc_mismatch,1,"Fuel surcharge $575.63 vs expected $526.76 (TL, diesel $3.621/gal for week of 2025-03-03; $0.432/mi vs expected $0.395/mi over 1,333 mi): +$48.87",48.87,48.87,356,open
685,CARF:77236279,CARF,0600449,747389051,59458080,2025-08-14,2025-08-28,fsc_mismatch,1,"Fuel surcharge $586.31 vs expected $537.45 (TL, diesel $3.953/gal for week of 2025-08-11; $0.491/mi vs expected $0.451/mi over 1,193 mi): +$48.86",48.86,48.86,215,open
686,CARF:98664657,CARF,0600488,262444553,73447721,2025-08-30,2025-09-20,fsc_mismatch,1,"Fuel surcharge $585.00 vs expected $536.25 (TL, diesel $3.947/gal for week of 2025-08-25; $0.490/mi vs expected $0.449/mi over 1,193 mi): +$48.75",48.75,48.75,192,open
687,CARF:22184569,CARF,0600570,744142128,21291384,2025-10-17,2025-10-26,fsc_mismatch,1,"Fuel surcharge $581.62 vs expected $533.15 (TL, diesel $4.265/gal for week of 2025-10-13; $0.548/mi vs expected $0.502/mi over 1,061 mi): +$48.47",48.47,48.47,156,open
688,CARH:95314913,CARH,0800124,077462231,BOL#04795324,2025-04-09,2025-05-04,rate_overcharge,1,"Linehaul $1,149.36 vs contract $1,100.90 (Dallas → Kansas City, rate effective 2025-01-01): +$48.46 (+4.4%)",48.46,48.46,331,open
689,CARD:79325542,CARD,0400148,137402602,BOL#00417446,2025-02-06,2025-02-27,weight_overbilling,1,"Billed weight 1,198 lb vs reference 1,105 lb (shipment weight, no reweigh certificate): +8.4%; linehaul at billed weight $516.46 vs $476.37, est. +$48.39 with fuel surcharge",48.39,48.39,397,open
690,CARB:01113277,CARB,0201182,456238710,4250 9402,2025-09-09,2025-10-02,rate_overcharge,1,"Linehaul $329.38 vs contract $290.95 (Dallas → Phoenix, rate effective 2025-07-01): +$38.43 (+13.2%); est. $48.11 with fuel surcharge",48.11,48.11,180,open
691,CARG:45929592,CARG,0700212,288263413,BOL#36981936,2025-04-20,2025-05-09,rate_overcharge,1,"Linehaul $670.03 vs contract $621.96 (Chicago → Detroit, rate effective 2025-01-01): +$48.07 (+7.7%)",48.07,48.07,326,open
692,CARF:94904338,CARF,0600510,759434969,33159348,2025-09-16,2025-09-25,fsc_mismatch,1,"Fuel surcharge $575.72 vs expected $527.74 (TL, diesel $4.155/gal for week of 2025-09-15; $0.528/mi vs expected $0.484/mi over 1,090 mi): +$47.98",47.98,47.98,187,open
693,CARC:95553600,CARC,0300467,557970257,45857082,2025-05-05,2025-05-13,rate_overcharge,1,"Linehaul $533.35 vs contract $493.70 (Columbus → Miami, rate effective 2025-01-01): +$39.65 (+8.0%); est. $47.86 with fuel surcharge",47.86,47.86,322,open
694,CARF:51479871,CARF,0600548,126346805,81324572,2025-10-03,2025-10-14,fsc_mismatch,1,"Fuel surcharge $573.13 vs expected $525.37 (TL, diesel $4.221/gal for week of 2025-09-29; $0.540/mi vs expected $0.495/mi over 1,061 mi): +$47.76",47.76,47.76,168,open
695,CARF:16638204,CARF,0600550,728840453,83288673,2025-10-01,2025-10-18,fsc_mismatch,1,"Fuel surcharge $573.13 vs expected $525.37 (TL, diesel $4.221/gal for week of 2025-09-29; $0.540/mi vs expected $0.495/mi over 1,061 mi): +$47.76",47.76,47.76,164,open
696,CARA:82143303,CARA,0100508,732098721,30498729,2025-05-11,2025-05-29,weight_overbilling,1,"Billed weight 340 lb vs reference 263 lb (shipment weight, no reweigh certificate): +29.3%; linehaul at billed weight $174.01 vs $134.60, est. +$47.57 with fuel surcharge",47.57,47.57,306,open
697,CARB:11177021,CARB,0201615,792107862,bol-79439099,2025-11-26,2025-12-29,weight_overbilling,1,"Billed weight 1,164 lb vs reference 976 lb (shipment weight, no reweigh certificate): +19.3%; linehaul at billed weight $266.32 vs $228.80, est. +$46.98 with fuel surcharge",46.98,46.98,92,open
698,CARA:13909496,CARA,0100677,227196518,87573901,2025-06-19,2025-07-05,rate_overcharge,1,"Linehaul $404.30 vs contract $365.78 (Dallas → Miami, rate effective 2025-01-01): +$38.52 (+10.5%); est. $46.84 with fuel surcharge",46.84,46.84,269,open
699,CARC:67514803,CARC,0300112,031281294,50174713,2025-01-31,2025-02-22,weight_overbilling,1,"Billed weight 657 lb vs reference 553 lb (shipment weight, no reweigh certificate): +18.8%; linehaul at billed weight $243.29 vs $204.78, est. +$46.83 with fuel surcharge",46.83,46.83,402,open
700,CARB:00580967,CARB,0201203,400924757,89371176,2025-09-21,2025-10-07,rate_overcharge,1,"Linehaul $287.23 vs contract $250.12 (Columbus → St. Louis, rate effective 2025-01-01): +$37.11 (+14.8%); est. $46.80 with fuel surcharge",46.8,46.8,175,open
701,CARD:99268103,CARD,0400900,338601621,BOL-70944460,2025-06-30,2025-07-30,rate_overcharge,1,"Linehaul $509.17 vs contract $471.00 (Columbus → New York, rate effective 2025-01-01): +$38.17 (+8.1%); est. $46.76 with fuel surcharge",46.76,46.76,244,open
702,CARF:71574596,CARF,0600506,655240311,54803300,2025-09-13,2025-09-25,fsc_mismatch,1,"Fuel surcharge $560.42 vs expected $513.72 (TL, diesel $4.047/gal for week of 2025-09-08; $0.509/mi vs expected $0.466/mi over 1,102 mi): +$46.70",46.7,46.7,187,open
703,CARF:53058562,CARF,0600508,268296240,82339268,2025-09-10,2025-09-29,fsc_mismatch,1,"Fuel surcharge $560.42 vs expected $513.72 (TL, diesel $4.047/gal for week of 2025-09-08; $0.509/mi vs expected $0.466/mi over 1,102 mi): +$46.70",46.7,46.7,183,open
704,CARF:64781999,CARF,0600523,587623237,BOL#06499200,2025-09-19,2025-10-01,fsc_mismatch,1,"Fuel surcharge $560.40 vs expected $513.70 (TL, diesel $4.155/gal for week of 2025-09-15; $0.528/mi vs expected $0.484/mi over 1,061 mi): +$46.70",46.7,46.7,181,open
705,CARC:92473175,CARC,0300589,399424911,39816157,2025-05-23,2025-06-09,rate_overcharge;weight_overbilling,2,"Linehaul $171.33 vs contract $149.72 (Chicago → Louisville, rate effective 2025-01-01): +$21.61 (+14.4%); est. $26.28 with fuel surcharge | Billed weight 661 lb vs reference 588 lb (shipment weight, no reweigh certificate): +12.4%; linehaul at billed weight $149.72 vs $133.18, est. +$20.11 with fuel surcharge",46.39,46.39,295,open
706,CARF:29895399,CARF,0600709,212018507,11097364,2025-12-20,2025-12-29,fsc_mismatch,1,"Fuel surcharge $396.48 vs expected $350.15 (TL, diesel $3.906/gal for week of 2025-12-15; $0.501/mi vs expected $0.443/mi over 791 mi): +$46.33",46.33,46.33,92,open
707,CARF:44595088,CARF,0600493,592441464,6000-9158,2025-09-08,2025-09-21,fsc_mismatch,1,"Fuel surcharge $554.31 vs expected $508.12 (TL, diesel $4.047/gal for week of 2025-09-08; $0.509/mi vs expected $0.466/mi over 1,090 mi): +$46.19",46.19,46.19,191,open
708,CARC:08537973,CARC,0300290,946652619,58321171,2025-03-17,2025-04-02,weight_overbilling,1,"Billed weight 395 lb vs reference 347 lb (shipment weight, no reweigh certificate): +13.8%; linehaul at billed weight $313.31 vs $275.24, est. +$45.95 with fuel surcharge",45.95,45.95,363,open
709,CARE:48898491,CARE,0501070,169216468,20528288,2025-09-24,2025-10-07,rate_overcharge,1,"Linehaul $686.17 vs contract $649.99 (Atlanta → Minneapolis, rate effective 2025-07-01): +$36.18 (+5.6%); est. $45.95 with fuel surcharge",45.95,45.95,175,open
710,CARF:46019439,CARF,0600454,048810743,91478236,2025-08-20,2025-08-30,fsc_mismatch,1,"Fuel surcharge $550.80 vs expected $504.90 (TL, diesel $3.999/gal for week of 2025-08-18; $0.500/mi vs expected $0.458/mi over 1,102 mi): +$45.90",45.9,45.9,213,open
711,CARF:01376135,CARF,0600471,965735363,9305 1469,2025-08-24,2025-09-09,fsc_mismatch,1,"Fuel surcharge $550.80 vs expected $504.90 (TL, diesel $3.999/gal for week of 2025-08-18; $0.500/mi vs expected $0.458/mi over 1,102 mi): +$45.90",45.9,45.9,203,open
712,CARC:44916785,CARC,0301052,011722514,33294245,2025-09-05,2025-09-14,rate_overcharge,1,"Linehaul $983.69 vs contract $946.79 (Columbus → Kansas City, rate effective 2025-01-01): +$36.90 (+3.9%); est. $45.87 with fuel surcharge",45.87,45.87,198,open
713,CARB:33392266,CARB,0201449,086480740,81861229,2025-11-12,2025-11-28,weight_overbilling,1,"Billed weight 1,383 lb vs reference 1,232 lb (shipment weight, no reweigh certificate): +12.3%; linehaul at billed weight $330.26 vs $294.20, est. +$45.80 with fuel surcharge",45.8,45.8,123,open
714,CARF:68158685,CARF,0600470,342436605,83176409,2025-08-19,2025-09-11,fsc_mismatch,1,"Fuel surcharge $544.80 vs expected $499.40 (TL, diesel $3.999/gal for week of 2025-08-18; $0.500/mi vs expected $0.458/mi over 1,090 mi): +$45.40",45.4,45.4,201,open
715,CARC:39187766,CARC,0300358,878409374,bol-76771802,2025-04-01,2025-04-20,weight_overbilling,1,"Billed weight 2,562 lb vs reference 2,394 lb (shipment weight, no reweigh certificate): +7.0%; linehaul at billed weight $572.86 vs $535.30, est. +$45.33 with fuel surcharge",45.33,45.33,345,open
716,CARF:37313879,CARF,0600525,757761385,24767114,2025-09-04,2025-10-03,fsc_mismatch,1,"Fuel surcharge $542.18 vs expected $497.00 (TL, diesel $3.956/gal for week of 2025-09-01; $0.492/mi vs expected $0.451/mi over 1,102 mi): +$45.18",45.18,45.18,179,open
717,CARF:34114270,CARF,0600424,195765007,93911852,2025-08-05,2025-08-15,fsc_mismatch,1,"Fuel surcharge $541.38 vs expected $496.27 (TL, diesel $3.952/gal for week of 2025-08-04; $0.491/mi vs expected $0.450/mi over 1,102 mi): +$45.11",45.11,45.11,228,open
718,CARA:69046159,CARA,0101108,531772451,32323586,2025-10-07,2025-10-21,fsc_mismatch,1,"Fuel surcharge $495.69 vs expected $450.63 (LTL, diesel $4.216/gal for week of 2025-10-06; 29.7% of linehaul vs expected 27.0% (+2.70 pp)): +$45.06",45.06,45.06,161,open
719,CARF:95715883,CARF,0600479,501865410,81107791,2025-08-29,2025-09-15,fsc_mismatch,1,"Fuel surcharge $540.38 vs expected $495.35 (TL, diesel $3.947/gal for week of 2025-08-25; $0.490/mi vs expected $0.450/mi over 1,102 mi): +$45.03",45.03,45.03,197,open
720,CARC:56443460,CARC,0300849,724081936,62440408,2025-07-18,2025-07-30,weight_overbilling,1,"Billed weight 1,573 lb vs reference 1,492 lb (shipment weight, no reweigh certificate): +5.4%; linehaul at billed weight $706.43 vs $670.06, est. +$44.55 with fuel surcharge",44.55,44.55,244,open
721,CARB:74143782,CARB,0200155,410244706,6218 8493,2025-01-18,2025-02-28,rate_overcharge,1,"Linehaul $510.14 vs contract $473.40 (Atlanta → Louisville, rate effective 2025-01-01): +$36.74 (+7.8%); est. $44.35 with fuel surcharge",44.35,44.35,396,open
722,CARC:86441997,CARC,0300725,369296330,87965496,2025-06-16,2025-07-03,rate_overcharge,1,"Linehaul $742.66 vs contract $706.34 (Atlanta → Phoenix, rate effective 2025-01-01): +$36.32 (+5.1%); est. $44.17 with fuel surcharge",44.17,44.17,271,open
723,CARD:08383941,CARD,0400593,016773262,BOL#87317582,2025-05-13,2025-05-31,weight_overbilling,1,"Billed weight 874 lb vs reference 756 lb (shipment weight, no reweigh certificate): +15.6%; linehaul at billed weight $275.60 vs $239.58, est. +$43.80 with fuel surcharge",43.8,43.8,304,open
724,CARG:29358023,CARG,0700334,887676776,90467258,2025-06-26,2025-07-05,rate_overcharge,1,"Linehaul $1,269.56 vs contract $1,225.91 (Memphis → Houston, rate effective 2025-01-01): +$43.65 (+3.6%)",43.65,43.65,269,open
725,CARF:50257267,CARF,0600416,947911500,28857620,2025-08-02,2025-08-10,fsc_mismatch,1,"Fuel surcharge $522.20 vs expected $478.69 (TL, diesel $3.957/gal for week of 2025-07-28; $0.492/mi vs expected $0.451/mi over 1,061 mi): +$43.51",43.51,43.51,233,open
726,CARF:78691806,CARF,0600486,743602313,04459316,2025-09-05,2025-09-18,fsc_mismatch,1,"Fuel surcharge $522.01 vs expected $478.51 (TL, diesel $3.956/gal for week of 2025-09-01; $0.492/mi vs expected $0.451/mi over 1,061 mi): +$43.50",43.5,43.5,194,open
727,CARE:28637731,CARE,0501390,177143656,63681785,2025-11-20,2025-12-22,rate_overcharge,1,"Linehaul $333.50 vs contract $299.04 (Columbus → Boston, rate effective 2025-07-01): +$34.46 (+11.5%); est. $43.45 with fuel surcharge",43.45,43.45,99,open
728,CARF:24055776,CARF,0600431,002519433,BOL-51564314,2025-08-09,2025-08-16,fsc_mismatch,1,"Fuel surcharge $521.24 vs expected $477.80 (TL, diesel $3.952/gal for week of 2025-08-04; $0.491/mi vs expected $0.450/mi over 1,061 mi): +$43.44",43.44,43.44,227,open
729,CARE:23907769,CARE,0501184,356927941,02057644,2025-10-22,2025-11-06,rate_overcharge,1,"Linehaul $266.43 vs contract $232.20 (Chicago → St. Louis, rate effective 2025-01-01): +$34.23 (+14.7%); est. $43.16 with fuel surcharge",43.16,43.16,145,open
730,CARC:71856414,CARC,0301544,019324778,15498973,2025-11-09,2025-12-23,weight_overbilling,1,"Billed weight 1,305 lb vs reference 1,071 lb (shipment weight, no reweigh certificate): +21.8%; linehaul at billed weight $189.88 vs $155.83, est. +$42.94 with fuel surcharge",42.94,42.94,98,open
731,CARA:42853125,CARA,0101502,094129211,41738130,2025-12-26,2026-02-06,weight_overbilling,1,"Billed weight 559 lb vs reference 487 lb (shipment weight, no reweigh certificate): +14.8%; linehaul at billed weight $329.70 vs $294.90, est. +$42.94 with fuel surcharge",42.94,42.94,53,open
732,CARG:32863275,CARG,0700062,521881457,12515759,2025-02-13,2025-02-27,rate_overcharge,1,"Linehaul $1,268.84 vs contract $1,225.91 (Memphis → Houston, rate effective 2025-01-01): +$42.93 (+3.5%)",42.93,42.93,397,open
733,CARA:76753526,CARA,0100442,629264672,79486669,2025-05-04,2025-05-11,rate_overcharge,1,"Linehaul $310.97 vs contract $275.50 (Dallas → St. Louis, rate effective 2025-01-01): +$35.47 (+12.9%); est. $42.81 with fuel surcharge",42.81,42.81,324,open
734,CARG:80377494,CARG,0700406,326367872,35999051,2025-07-24,2025-08-15,rate_overcharge,1,"Linehaul $1,130.53 vs contract $1,087.75 (Columbus → St. Louis, rate effective 2025-01-01): +$42.78 (+3.9%)",42.78,42.78,228,open
735,CARB:29853243,CARB,0201162,948826837,40974295,2025-09-05,2025-09-29,weight_overbilling,1,"Billed weight 728 lb vs reference 577 lb (shipment weight, no reweigh certificate): +26.2%; linehaul at billed weight $165.69 vs $131.33, est. +$42.71 with fuel surcharge",42.71,42.71,183,open
736,CARD:02819059,CARD,0401721,449212397,BOL#48559407,2025-10-24,2026-01-01,rate_overcharge,1,"Linehaul $407.00 vs contract $373.34 (Dallas → Phoenix, rate effective 2025-01-01): +$33.66 (+9.0%); est. $42.45 with fuel surcharge",42.45,42.45,89,open
737,CARG:94629718,CARG,0700293,650008961,80319600,2025-05-27,2025-06-16,fsc_mismatch,1,"Fuel surcharge $380.73 vs expected $338.64 (TL, diesel $3.666/gal for week of 2025-05-26; $0.453/mi vs expected $0.403/mi over 841 mi): +$42.09",42.09,42.09,288,open
738,CARF:53396385,CARF,0600259,742003542,36985654,2025-05-07,2025-06-04,fsc_mismatch,1,"Fuel surcharge $957.86 vs expected $916.02 (TL, diesel $3.571/gal for week of 2025-05-05; $0.405/mi vs expected $0.387/mi over 2,368 mi): +$41.84",41.84,41.84,300,open
739,CARF:44623547,CARF,0600423,515494919,65940013,2025-08-02,2025-08-15,fsc_mismatch,1,"Fuel surcharge $520.36 vs expected $478.69 (TL, diesel $3.957/gal for week of 2025-07-28; $0.490/mi vs expected $0.451/mi over 1,061 mi): +$41.67",41.67,41.67,228,open
740,CARD:48303964,CARD,0401404,369478935,BOL#6533-7575,2025-10-10,2025-11-01,rate_overcharge,1,"Linehaul $393.22 vs contract $360.70 (Dallas → Philadelphia, rate effective 2025-01-01): +$32.52 (+9.0%); est. $41.30 with fuel surcharge",41.3,41.3,150,open
741,CARD:79465793,CARD,0400641,057499553,BOL-08090824,2025-05-14,2025-06-10,rate_overcharge;fsc_mismatch,2,"Linehaul $223.47 vs contract $194.47 (Atlanta → Boston, rate effective 2025-01-01): +$29.00 (+14.9%); est. $35.26 with fuel surcharge | Fuel surcharge $54.30 vs expected $48.27 (LTL, diesel $3.601/gal for week of 2025-05-12; 24.3% of linehaul vs expected 21.6% (+2.70 pp)): +$6.03",41.29,41.29,294,open
742,CARC:65927881,CARC,0301598,327198072,86302854,2025-12-13,2025-12-31,rate_overcharge,1,"Linehaul $341.67 vs contract $308.58 (Atlanta → Phoenix, rate effective 2025-01-01): +$33.09 (+10.7%); est. $41.13 with fuel surcharge",41.13,41.13,90,open
743,CARC:41206583,CARC,0300830,283119228,33521359,2025-07-08,2025-07-25,weight_overbilling,1,"Billed weight 796 lb vs reference 709 lb (shipment weight, no reweigh certificate): +12.3%; linehaul at billed weight $307.02 vs $273.46, est. +$41.11 with fuel surcharge",41.11,41.11,249,open
744,CARD:44946568,CARD,0400692,765265290,bol-34418080,2025-05-18,2025-06-23,rate_overcharge;fsc_mismatch,2,"Linehaul $294.79 vs contract $265.50 (Atlanta → Boston, rate effective 2025-01-01): +$29.29 (+11.0%); est. $35.62 with fuel surcharge | Fuel surcharge $68.98 vs expected $63.67 (LTL, diesel $3.601/gal for week of 2025-05-12; 23.4% of linehaul vs expected 21.6% (+1.80 pp)): +$5.31",40.93,40.93,281,open
745,CARG:21289476,CARG,0700192,167631868,9766-4352,2025-04-19,2025-05-01,rate_overcharge,1,"Linehaul $662.69 vs contract $621.96 (Chicago → Detroit, rate effective 2025-01-01): +$40.73 (+6.5%)",40.73,40.73,334,open
746,CARA:46289662,CARA,0100955,202099469,23604771,2025-09-02,2025-09-19,fsc_mismatch,1,"Fuel surcharge $402.35 vs expected $362.12 (LTL, diesel $3.956/gal for week of 2025-09-01; 27.0% of linehaul vs expected 24.3% (+2.70 pp)): +$40.23",40.23,40.23,193,open
747,CARC:45266789,CARC,0300689,299103719,69868969,2025-06-16,2025-06-27,rate_overcharge,1,"Linehaul $441.55 vs contract $408.60 (Chicago → Nashville, rate effective 2025-01-01): +$32.95 (+8.1%); est. $40.07 with fuel surcharge",40.07,40.07,277,open
748,CARB:39659809,CARB,0201232,272313413,90380138,2025-09-23,2025-10-12,rate_overcharge,1,"Linehaul $268.29 vs contract $237.04 (Dallas → Phoenix, rate effective 2025-07-01): +$31.25 (+13.2%); est. $39.69 with fuel surcharge",39.69,39.69,170,open
749,CARC:57885483,CARC,0301244,057275447,10713300,2025-10-09,2025-10-31,rate_overcharge,1,"Linehaul $278.94 vs contract $248.08 (Columbus → Minneapolis, rate effective 2025-01-01): +$30.86 (+12.4%); est. $39.19 with fuel surcharge",39.19,39.19,151,open
750,CARC:64968565,CARC,0301120,499868926,81940556,2025-09-26,2025-10-03,rate_overcharge,1,"Linehaul $431.52 vs contract $400.89 (Chicago → Charlotte, rate effective 2025-01-01): +$30.63 (+7.6%); est. $38.90 with fuel surcharge",38.9,38.9,179,open
751,CARA:46815124,CARA,0100641,611983201,22446831,2025-06-05,2025-06-25,rate_overcharge,1,"Linehaul $866.17 vs contract $834.00 (Columbus → Nashville, rate effective 2025-01-01): +$32.17 (+3.9%); est. $38.83 with fuel surcharge",38.83,38.83,279,open
752,CARA:32215996,CARA,0100378,825325030,43255262,2025-04-16,2025-04-29,rate_overcharge,1,"Linehaul $410.73 vs contract $378.60 (Columbus → Boston, rate effective 2025-01-01): +$32.13 (+8.5%); est. $38.78 with fuel surcharge",38.78,38.78,336,open
753,CARC:91508146,CARC,0300300,066454136,37632414,2025-03-18,2025-04-08,rate_overcharge,1,"Linehaul $407.10 vs contract $375.01 (Chicago → Salt Lake City, rate effective 2025-01-01): +$32.09 (+8.6%); est. $38.73 with fuel surcharge",38.73,38.73,357,open
754,CARC:02032554,CARC,0301097,169398504,85337398,2025-09-12,2025-09-27,rate_overcharge,1,"Linehaul $444.69 vs contract $413.80 (Atlanta → Kansas City, rate effective 2025-01-01): +$30.89 (+7.5%); est. $38.67 with fuel surcharge",38.67,38.67,185,open
755,CARF:86848344,CARF,0600230,778681868,BOL-76387361,2025-05-04,2025-05-21,fsc_mismatch,1,"Fuel surcharge $459.46 vs expected $420.96 (TL, diesel $3.542/gal for week of 2025-04-28; $0.417/mi vs expected $0.382/mi over 1,102 mi): +$38.50",38.5,38.5,314,open
756,CARA:89441530,CARA,0101001,713118562,07898048,2025-09-05,2025-09-29,weight_overbilling,1,"Billed weight 587 lb vs reference 517 lb (shipment weight, no reweigh certificate): +13.5%; linehaul at billed weight $257.63 vs $226.91, est. +$38.18 with fuel surcharge",38.18,38.18,183,open
757,CARC:49397750,CARC,0301437,703692939,bol-66591519,2025-11-24,2025-12-02,rate_overcharge,1,"Linehaul $255.13 vs contract $224.80 (Columbus → Detroit, rate effective 2025-01-01): +$30.33 (+13.5%); est. $37.97 with fuel surcharge",37.97,37.97,119,open
758,CARB:33383105,CARB,0200187,414070321,42127587,2025-02-20,2025-03-09,rate_overcharge,1,"Linehaul $344.25 vs contract $313.18 (Columbus → Detroit, rate effective 2025-01-01): +$31.07 (+9.9%); est. $37.50 with fuel surcharge",37.5,37.5,387,open
759,CARD:98510209,CARD,0400066,592725836,BOL-33638220,2025-01-06,2025-02-04,rate_overcharge,1,"Linehaul $763.38 vs contract $732.80 (Dallas → Phoenix, rate effective 2025-01-01): +$30.58 (+4.2%); est. $36.91 with fuel surcharge",36.91,36.91,420,open
760,CARB:69228156,CARB,0201695,582953204,93064957,2025-12-27,2026-01-11,weight_overbilling,1,"Billed weight 1,198 lb vs reference 946 lb (shipment weight, no reweigh certificate): +26.6%; linehaul at billed weight $180.90 vs $151.00, est. +$36.90 with fuel surcharge",36.9,36.9,79,open
761,CARC:42884861,CARC,0300698,774773681,05975208,2025-06-16,2025-06-25,weight_overbilling,1,"Billed weight 740 lb vs reference 685 lb (shipment weight, no reweigh certificate): +8.0%; linehaul at billed weight $407.37 vs $377.09, est. +$36.82 with fuel surcharge",36.82,36.82,279,open
762,CARC:09729386,CARC,0301547,928891789,6287-2409,2025-12-08,2025-12-20,weight_overbilling,1,"Billed weight 1,813 lb vs reference 1,640 lb (shipment weight, no reweigh certificate): +10.5%; linehaul at billed weight $839.20 vs $809.67, est. +$36.71 with fuel surcharge",36.71,36.71,101,open
763,CARF:57389494,CARF,0600582,337855266,29974664,2025-10-23,2025-10-30,fsc_mismatch,1,"Fuel surcharge $439.67 vs expected $403.03 (TL, diesel $4.199/gal for week of 2025-10-20; $0.536/mi vs expected $0.491/mi over 820 mi): +$36.64",36.64,36.64,152,open
764,CARF:20307036,CARF,0600592,163779887,10266217,2025-10-25,2025-11-04,fsc_mismatch,1,"Fuel surcharge $439.67 vs expected $403.03 (TL, diesel $4.199/gal for week of 2025-10-20; $0.536/mi vs expected $0.491/mi over 820 mi): +$36.64",36.64,36.64,147,open
765,CARD:25852421,CARD,0400177,267044432,BOL#03555694,2025-01-11,2025-03-05,rate_overcharge,1,"Linehaul $291.28 vs contract $260.93 (Columbus → New York, rate effective 2025-01-01): +$30.35 (+11.6%); est. $36.63 with fuel surcharge",36.63,36.63,391,open
766,CARG:68998082,CARG,0700263,395742629,BOL#66528699,2025-05-22,2025-05-31,fsc_mismatch,1,"Fuel surcharge $321.74 vs expected $285.17 (TL, diesel $3.677/gal for week of 2025-05-19; $0.456/mi vs expected $0.404/mi over 705 mi): +$36.57",36.57,36.57,304,open
767,CARC:18108487,CARC,0301055,670585143,68787185,2025-09-09,2025-09-15,rate_overcharge;fsc_mismatch,2,"Linehaul $304.04 vs contract $279.21 (Atlanta → Pittsburgh, rate effective 2025-01-01): +$24.83 (+8.9%); est. $31.09 with fuel surcharge | Fuel surcharge $82.09 vs expected $76.62 (LTL, diesel $4.047/gal for week of 2025-09-08; 27.0% of linehaul vs expected 25.2% (+1.80 pp)): +$5.47",36.56,36.56,197,open
768,CARA:17264600,CARA,0101129,122683932,82475426,2025-10-10,2025-10-26,rate_overcharge,1,"Linehaul $527.37 vs contract $498.75 (Memphis → Pittsburgh, rate effective 2025-01-01): +$28.62 (+5.7%); est. $36.35 with fuel surcharge",36.35,36.35,156,open
769,CARC:11095270,CARC,0301343,485304004,BOL#71373255,2025-11-03,2025-11-17,weight_overbilling,1,"Billed weight 1,803 lb vs reference 1,554 lb (shipment weight, no reweigh certificate): +16.0%; linehaul at billed weight $334.80 vs $305.98, est. +$36.34 with fuel surcharge",36.34,36.34,134,open
770,CARF:90398011,CARF,0600565,761258341,39019056,2025-10-14,2025-10-23,fsc_mismatch,1,"Fuel surcharge $433.61 vs expected $397.48 (TL, diesel $4.265/gal for week of 2025-10-13; $0.548/mi vs expected $0.503/mi over 791 mi): +$36.13",36.13,36.13,159,open
771,CARF:76706133,CARF,0600573,068958946,BOL-22328660,2025-10-18,2025-10-29,fsc_mismatch,1,"Fuel surcharge $433.61 vs expected $397.48 (TL, diesel $4.265/gal for week of 2025-10-13; $0.548/mi vs expected $0.503/mi over 791 mi): +$36.13",36.13,36.13,153,open
772,CARD:58017479,CARD,0400629,141024653,BOL#79860030,2025-05-04,2025-06-08,rate_overcharge,1,"Linehaul $457.63 vs contract $427.72 (Chicago → Detroit, rate effective 2025-01-01): +$29.91 (+7.0%); est. $36.10 with fuel surcharge",36.1,36.1,296,open
773,CARF:30723299,CARF,0600535,102994519,54396343,2025-09-29,2025-10-05,fsc_mismatch,1,"Fuel surcharge $427.68 vs expected $391.68 (TL, diesel $4.221/gal for week of 2025-09-29; $0.541/mi vs expected $0.495/mi over 791 mi): +$36.00",36.0,36.0,177,open
774,CARF:10377387,CARF,0600549,720574694,36046596,2025-10-05,2025-10-18,fsc_mismatch,1,"Fuel surcharge $431.07 vs expected $395.14 (TL, diesel $4.221/gal for week of 2025-09-29; $0.540/mi vs expected $0.495/mi over 798 mi): +$35.93",35.93,35.93,164,open
775,CARF:38988178,CARF,0600555,577694996,30209072,2025-10-06,2025-10-20,fsc_mismatch,1,"Fuel surcharge $430.34 vs expected $394.48 (TL, diesel $4.216/gal for week of 2025-10-06; $0.539/mi vs expected $0.494/mi over 798 mi): +$35.86",35.86,35.86,162,open
776,CARD:50092765,CARD,0400085,232080387,BOL#5266 8409,2025-01-29,2025-02-12,rate_overcharge,1,"Linehaul $301.16 vs contract $271.70 (Dallas → Detroit, rate effective 2025-01-01): +$29.46 (+10.8%); est. $35.82 with fuel surcharge",35.82,35.82,412,open
777,CARF:52173268,CARF,0600547,203192693,04364068,2025-09-29,2025-10-14,fsc_mismatch,1,"Fuel surcharge $427.28 vs expected $391.68 (TL, diesel $4.221/gal for week of 2025-09-29; $0.540/mi vs expected $0.495/mi over 791 mi): +$35.60",35.6,35.6,168,open
778,CARF:31237891,CARF,0600580,260159421,42779144,2025-10-12,2025-11-03,fsc_mismatch,1,"Fuel surcharge $426.56 vs expected $391.02 (TL, diesel $4.216/gal for week of 2025-10-06; $0.539/mi vs expected $0.494/mi over 791 mi): +$35.54",35.54,35.54,148,open
779,CARA:23105632,CARA,0100351,828943682,23126290,2025-04-10,2025-04-22,weight_overbilling,1,"Billed weight 942 lb vs reference 760 lb (shipment weight, no reweigh certificate): +23.9%; linehaul at billed weight $231.70 vs $202.46, est. +$35.29 with fuel surcharge",35.29,35.29,343,open
780,CARD:00018997,CARD,0401401,245350010,BOL#54194088,2025-10-22,2025-11-02,weight_overbilling,1,"Billed weight 219 lb vs reference 180 lb (shipment weight, no reweigh certificate): +21.7%; linehaul at billed weight $157.07 vs $129.10, est. +$35.27 with fuel surcharge",35.27,35.27,149,open
781,CARD:76635580,CARD,0401292,560399874,BOL#15717254,2025-09-21,2025-10-18,rate_overcharge,1,"Linehaul $465.39 vs contract $437.46 (Atlanta → Nashville, rate effective 2025-01-01): +$27.93 (+6.4%); est. $35.22 with fuel surcharge",35.22,35.22,164,open
782,CARD:71848652,CARD,0401546,770427635,BOL#09669014,2025-11-11,2025-11-30,rate_overcharge,1,"Linehaul $278.27 vs contract $250.59 (Chicago → Orlando, rate effective 2025-01-01): +$27.68 (+11.0%); est. $35.15 with fuel surcharge",35.15,35.15,121,open
783,CARD:40730884,CARD,0400075,776873272,BOL#65253539,2025-01-03,2025-02-08,rate_overcharge,1,"Linehaul $306.10 vs contract $277.10 (Columbus → New York, rate effective 2025-01-01): +$29.00 (+10.5%); est. $35.00 with fuel surcharge",35.0,35.0,416,open
784,CARF:16147833,CARF,0600612,060368654,63362414,2025-10-28,2025-11-18,fsc_mismatch,1,"Fuel surcharge $419.46 vs expected $384.50 (TL, diesel $4.141/gal for week of 2025-10-27; $0.526/mi vs expected $0.482/mi over 798 mi): +$34.96",34.96,34.96,133,open
785,CARB:83540423,CARB,0201394,365927481,07551462,2025-10-23,2025-11-18,rate_overcharge,1,"Linehaul $275.27 vs contract $247.63 (Chicago → Detroit, rate effective 2025-01-01): +$27.64 (+11.2%); est. $34.85 with fuel surcharge",34.85,34.85,133,open
786,CARE:34572431,CARE,0500398,606704131,38163434,2025-04-23,2025-05-09,fsc_mismatch,1,"Fuel surcharge $835.05 vs expected $800.26 (LTL, diesel $3.538/gal for week of 2025-04-21; 21.6% of linehaul vs expected 20.7% (+0.90 pp)): +$34.79",34.79,34.79,326,open
787,CARF:26471918,CARF,0600494,199332599,86044404,2025-09-10,2025-09-16,fsc_mismatch,1,"Fuel surcharge $417.01 vs expected $382.26 (TL, diesel $4.047/gal for week of 2025-09-08; $0.509/mi vs expected $0.466/mi over 820 mi): +$34.75",34.75,34.75,196,open
788,CARF:59759318,CARF,0600599,261198290,94188572,2025-10-30,2025-11-12,fsc_mismatch,1,"Fuel surcharge $415.78 vs expected $381.13 (TL, diesel $4.141/gal for week of 2025-10-27; $0.526/mi vs expected $0.482/mi over 791 mi): +$34.65",34.65,34.65,139,open
789,CARG:13361882,CARG,0700023,383965682,8452 7685,2025-01-12,2025-02-03,fsc_mismatch,1,"Fuel surcharge $547.07 vs expected $513.02 (TL, diesel $3.510/gal for week of 2025-01-06; $0.402/mi vs expected $0.377/mi over 1,362 mi): +$34.05",34.05,34.05,421,open
790,CARC:41744938,CARC,0300324,985844243,26876111,2025-03-25,2025-04-12,weight_overbilling,1,"Billed weight 1,953 lb vs reference 1,515 lb (shipment weight, no reweigh certificate): +28.9%; linehaul at billed weight $260.00 vs $231.79, est. +$34.05 with fuel surcharge",34.05,34.05,353,open
791,CARF:49752198,CARF,0600572,717046498,82958716,2025-10-14,2025-10-28,fsc_mismatch,1,"Fuel surcharge $407.30 vs expected $373.36 (TL, diesel $4.265/gal for week of 2025-10-13; $0.548/mi vs expected $0.503/mi over 743 mi): +$33.94",33.94,33.94,154,open
792,CARF:47125533,CARF,0600500,556454696,62055493,2025-09-10,2025-09-21,fsc_mismatch,1,"Fuel surcharge $405.82 vs expected $372.00 (TL, diesel $4.047/gal for week of 2025-09-08; $0.509/mi vs expected $0.466/mi over 798 mi): +$33.82",33.82,33.82,191,open
793,CARC:70415046,CARC,0301130,793586133,63936895,2025-09-17,2025-10-04,rate_overcharge,1,"Linehaul $435.35 vs contract $408.60 (Chicago → Nashville, rate effective 2025-01-01): +$26.75 (+6.5%); est. $33.73 with fuel surcharge",33.73,33.73,178,open
794,CARE:08928915,CARE,0501253,006066145,10875412,2025-10-10,2025-11-20,weight_overbilling,1,"Billed weight 1,749 lb vs reference 1,616 lb (shipment weight, no reweigh certificate): +8.2%; linehaul at billed weight $539.60 vs $513.08, est. +$33.68 with fuel surcharge",33.68,33.68,131,open
795,CARF:44339723,CARF,0600481,757520860,19849750,2025-09-05,2025-09-17,fsc_mismatch,1,"Fuel surcharge $403.44 vs expected $369.82 (TL, diesel $3.956/gal for week of 2025-09-01; $0.492/mi vs expected $0.451/mi over 820 mi): +$33.62",33.62,33.62,195,open
796,CARF:71679925,CARF,0600505,266032633,38699508,2025-09-12,2025-09-23,fsc_mismatch,1,"Fuel surcharge $402.26 vs expected $368.74 (TL, diesel $4.047/gal for week of 2025-09-08; $0.509/mi vs expected $0.466/mi over 791 mi): +$33.52",33.52,33.52,189,open
797,CARF:90833782,CARF,0600557,077503334,3314-9846,2025-10-11,2025-10-19,fsc_mismatch,1,"Fuel surcharge $400.68 vs expected $367.29 (TL, diesel $4.216/gal for week of 2025-10-06; $0.539/mi vs expected $0.494/mi over 743 mi): +$33.39",33.39,33.39,163,open
798,CARD:94581558,CARD,0400233,844718714,BOL#26430341,2025-02-21,2025-03-17,weight_overbilling,1,"Billed weight 4,773 lb vs reference 4,003 lb (shipment weight, no reweigh certificate): +19.2%; linehaul at billed weight $501.50 vs $473.96, est. +$33.24 with fuel surcharge",33.24,33.24,379,open
799,CARF:00625452,CARF,0600180,668408484,79402407,2025-04-13,2025-04-27,fsc_mismatch,1,"Fuel surcharge $227.41 vs expected $194.17 (TL, diesel $3.521/gal for week of 2025-04-07; $0.443/mi vs expected $0.378/mi over 513 mi): +$33.24",33.24,33.24,338,open
800,CARE:08815098,CARE,0500320,819851242,6121-7925,2025-03-28,2025-04-19,rate_overcharge,1,"Linehaul $391.43 vs contract $364.10 (Atlanta → Detroit, rate effective 2025-01-01): +$27.33 (+7.5%); est. $32.99 with fuel surcharge",32.99,32.99,346,open
801,CARC:67191668,CARC,0301434,357157833,5714 4105,2025-11-20,2025-12-02,weight_overbilling,1,"Billed weight 2,352 lb vs reference 2,196 lb (shipment weight, no reweigh certificate): +7.1%; linehaul at billed weight $393.72 vs $367.61, est. +$32.92 with fuel surcharge",32.92,32.92,119,open
802,CARF:66702137,CARF,0600418,531188600,96885404,2025-08-01,2025-08-10,fsc_mismatch,1,"Fuel surcharge $392.76 vs expected $360.03 (TL, diesel $3.957/gal for week of 2025-07-28; $0.492/mi vs expected $0.451/mi over 798 mi): +$32.73",32.73,32.73,233,open
803,CARD:19768676,CARD,0400313,229284955,BOL#48868512,2025-03-19,2025-04-07,rate_overcharge,1,"Linehaul $232.58 vs contract $205.60 (Memphis → Orlando, rate effective 2025-01-01): +$26.98 (+13.1%); est. $32.56 with fuel surcharge",32.56,32.56,358,open
804,CARF:05008952,CARF,0600598,137461376,28328592,2025-10-28,2025-11-10,fsc_mismatch,1,"Fuel surcharge $390.55 vs expected $358.00 (TL, diesel $4.141/gal for week of 2025-10-27; $0.526/mi vs expected $0.482/mi over 743 mi): +$32.55",32.55,32.55,141,open
805,CARA:25760102,CARA,0100570,832851602,11934944,2025-05-24,2025-06-08,fsc_mismatch,1,"Fuel surcharge $292.76 vs expected $260.23 (LTL, diesel $3.677/gal for week of 2025-05-19; 24.3% of linehaul vs expected 21.6% (+2.70 pp)): +$32.53",32.53,32.53,296,open
806,CARC:98238684,CARC,0300046,276948867,75902796,2025-01-09,2025-01-31,fsc_mismatch,1,"Fuel surcharge $407.35 vs expected $374.93 (LTL, diesel $3.510/gal for week of 2025-01-06; 22.5% of linehaul vs expected 20.7% (+1.79 pp)): +$32.42",32.42,32.42,424,open
807,CARF:28688749,CARF,0600474,998932742,35980722,2025-08-28,2025-09-14,fsc_mismatch,1,"Fuel surcharge $387.88 vs expected $355.55 (TL, diesel $3.947/gal for week of 2025-08-25; $0.490/mi vs expected $0.449/mi over 791 mi): +$32.33",32.33,32.33,198,open
808,CARE:05562722,CARE,0500703,911833171,23944318,2025-05-25,2025-07-12,rate_overcharge,1,"Linehaul $473.32 vs contract $446.79 (Memphis → Orlando, rate effective 2025-01-01): +$26.53 (+5.9%); est. $32.26 with fuel surcharge",32.26,32.26,262,open
809,CARA:72743891,CARA,0100469,343766947,36238742,2025-05-01,2025-05-19,weight_overbilling,1,"Billed weight 1,091 lb vs reference 1,039 lb (shipment weight, no reweigh certificate): +5.0%; linehaul at billed weight $559.46 vs $532.80, est. +$32.18 with fuel surcharge",32.18,32.18,316,open
810,CARF:48291594,CARF,0600422,290783521,15153063,2025-08-03,2025-08-15,fsc_mismatch,1,"Fuel surcharge $388.91 vs expected $356.87 (TL, diesel $3.957/gal for week of 2025-07-28; $0.492/mi vs expected $0.451/mi over 791 mi): +$32.04",32.04,32.04,228,open
811,CARA:28297843,CARA,0100299,594980146,50859712,2025-03-25,2025-04-10,rate_overcharge,1,"Linehaul $412.15 vs contract $385.80 (Chicago → Salt Lake City, rate effective 2025-01-01): +$26.35 (+6.8%); est. $31.80 with fuel surcharge",31.8,31.8,355,open
812,CARC:54599592,CARC,0301656,219731232,3734-0880,2025-12-31,2026-01-15,weight_overbilling,1,"Billed weight 246 lb vs reference 226 lb (shipment weight, no reweigh certificate): +8.8%; linehaul at billed weight $315.08 vs $289.46, est. +$31.62 with fuel surcharge",31.62,31.62,75,open
813,CARC:21642943,CARC,0300577,182591218,98331355,2025-05-10,2025-06-08,rate_overcharge,1,"Linehaul $360.93 vs contract $334.80 (Chicago → Louisville, rate effective 2025-01-01): +$26.13 (+7.8%); est. $31.54 with fuel surcharge",31.54,31.54,296,open
814,CARF:68325420,CARF,0600520,469351628,21998596,2025-09-13,2025-09-27,fsc_mismatch,1,"Fuel surcharge $377.85 vs expected $346.36 (TL, diesel $4.047/gal for week of 2025-09-08; $0.509/mi vs expected $0.466/mi over 743 mi): +$31.49",31.49,31.49,185,open
815,CARF:81978083,CARF,0600519,954157904,28774319,2025-09-13,2025-10-01,fsc_mismatch,1,"Fuel surcharge $377.85 vs expected $346.36 (TL, diesel $4.047/gal for week of 2025-09-08; $0.509/mi vs expected $0.466/mi over 743 mi): +$31.49",31.49,31.49,181,open
816,CARB:03817508,CARB,0200331,270159832,60336534,2025-02-22,2025-04-12,rate_overcharge,1,"Linehaul $697.19 vs contract $671.12 (Chicago → St. Louis, rate effective 2025-01-01): +$26.07 (+3.9%); est. $31.47 with fuel surcharge",31.47,31.47,353,open
817,CARH:73410887,CARH,0800291,462783354,BOL#94213488,2025-08-05,2025-09-07,rate_overcharge,1,"Linehaul $481.36 vs contract $450.00 (Columbus → Indianapolis, rate effective 2025-01-01): +$31.36 (+7.0%)",31.36,31.36,205,open
818,CARA:70683299,CARA,0100574,977044490,BOL#61602186,2025-05-21,2025-06-11,fsc_mismatch,1,"Fuel surcharge $280.40 vs expected $249.24 (LTL, diesel $3.677/gal for week of 2025-05-19; 24.3% of linehaul vs expected 21.6% (+2.70 pp)): +$31.16",31.16,31.16,293,open
819,CARF:86341194,CARF,0600457,119803248,61133856,2025-08-24,2025-09-03,fsc_mismatch,1,"Fuel surcharge $371.36 vs expected $340.42 (TL, diesel $3.999/gal for week of 2025-08-18; $0.500/mi vs expected $0.458/mi over 743 mi): +$30.94",30.94,30.94,209,open
820,CARC:35432464,CARC,0300592,500582209,63180827,2025-05-23,2025-06-10,rate_overcharge,1,"Linehaul $387.67 vs contract $362.51 (Dallas → Charlotte, rate effective 2025-01-01): +$25.16 (+6.9%); est. $30.59 with fuel surcharge",30.59,30.59,294,open
821,CARC:34307565,CARC,0301338,165250916,78111969,2025-11-08,2025-11-15,rate_overcharge,1,"Linehaul $440.11 vs contract $415.90 (Atlanta → Detroit, rate effective 2025-01-01): +$24.21 (+5.8%); est. $30.53 with fuel surcharge",30.53,30.53,136,open
822,CARF:35135438,CARF,0600415,016130091,86883741,2025-08-01,2025-08-09,fsc_mismatch,1,"Fuel surcharge $365.69 vs expected $335.22 (TL, diesel $3.957/gal for week of 2025-07-28; $0.492/mi vs expected $0.451/mi over 743 mi): +$30.47",30.47,30.47,234,open
823,CARF:43587710,CARF,0600428,034801349,91859459,2025-08-03,2025-08-20,fsc_mismatch,1,"Fuel surcharge $365.69 vs expected $335.22 (TL, diesel $3.957/gal for week of 2025-07-28; $0.492/mi vs expected $0.451/mi over 743 mi): +$30.47",30.47,30.47,223,open
824,CARF:86548876,CARF,0600497,825664430,4476 4890,2025-09-01,2025-09-21,fsc_mismatch,1,"Fuel surcharge $365.56 vs expected $335.09 (TL, diesel $3.956/gal for week of 2025-09-01; $0.492/mi vs expected $0.451/mi over 743 mi): +$30.47",30.47,30.47,191,open
825,CARF:68124025,CARF,0600452,017460717,45758095,2025-08-15,2025-09-01,fsc_mismatch,1,"Fuel surcharge $365.15 vs expected $334.72 (TL, diesel $3.953/gal for week of 2025-08-11; $0.491/mi vs expected $0.450/mi over 743 mi): +$30.43",30.43,30.43,211,open
826,CARF:44840700,CARF,0600458,199149556,02259996,2025-08-17,2025-09-02,fsc_mismatch,1,"Fuel surcharge $365.15 vs expected $334.72 (TL, diesel $3.953/gal for week of 2025-08-11; $0.491/mi vs expected $0.450/mi over 743 mi): +$30.43",30.43,30.43,210,open
827,CARC:68551450,CARC,0301657,750070968,bol-06973964,2025-12-18,2026-01-18,rate_overcharge,1,"Linehaul $360.64 vs contract $336.24 (Dallas → Kansas City, rate effective 2025-01-01): +$24.40 (+7.3%); est. $30.33 with fuel surcharge",30.33,30.33,72,open
828,CARC:17471451,CARC,0300965,799508506,12073966,2025-08-07,2025-08-29,rate_overcharge,1,"Linehaul $387.04 vs contract $363.20 (Atlanta → Minneapolis, rate effective 2025-01-01): +$23.84 (+6.6%); est. $29.63 with fuel surcharge",29.63,29.63,214,open
829,CARF:10529731,CARF,0600562,379193046,02855530,2025-10-04,2025-10-24,fsc_mismatch,1,"Fuel surcharge $354.90 vs expected $325.32 (TL, diesel $4.221/gal for week of 2025-09-29; $0.540/mi vs expected $0.495/mi over 657 mi): +$29.58",29.58,29.58,158,open
830,CARD:26981957,CARD,0400655,867103112,BOL#20684213,2025-06-02,2025-06-13,rate_overcharge,1,"Linehaul $314.65 vs contract $290.20 (Columbus → Indianapolis, rate effective 2025-01-01): +$24.45 (+8.4%); est. $29.51 with fuel surcharge",29.51,29.51,291,open
831,CARG:81510684,CARG,0700022,716360370,08392184,2025-01-24,2025-02-03,rate_overcharge,1,"Linehaul $651.26 vs contract $621.96 (Chicago → Detroit, rate effective 2025-01-01): +$29.30 (+4.7%)",29.3,29.3,421,open
832,CARE:12591051,CARE,0501196,519977272,75978373,2025-10-16,2025-11-11,weight_overbilling,1,"Billed weight 810 lb vs reference 693 lb (shipment weight, no reweigh certificate): +16.9%; linehaul at billed weight $159.16 vs $136.17, est. +$29.20 with fuel surcharge",29.2,29.2,140,open
833,CARF:70185817,CARF,0600530,614445254,98683833,2025-09-15,2025-10-01,fsc_mismatch,1,"Fuel surcharge $347.02 vs expected $318.10 (TL, diesel $4.155/gal for week of 2025-09-15; $0.528/mi vs expected $0.484/mi over 657 mi): +$28.92",28.92,28.92,181,open
834,CARE:29838995,CARE,0500908,724638425,71043318,2025-08-25,2025-09-03,rate_overcharge,1,"Linehaul $263.57 vs contract $240.56 (Memphis → St. Louis, rate effective 2025-01-01): +$23.01 (+9.6%); est. $28.60 with fuel surcharge",28.6,28.6,209,open
835,CARC:68501549,CARC,0300266,611719183,62305444,2025-03-13,2025-03-26,weight_overbilling,1,"Billed weight 2,053 lb vs reference 1,663 lb (shipment weight, no reweigh certificate): +23.5%; linehaul at billed weight $503.19 vs $479.61, est. +$28.46 with fuel surcharge",28.46,28.46,370,open
836,CARD:92859986,CARD,0401259,128574877,BOL#46439183,2025-09-15,2025-10-10,rate_overcharge,1,"Linehaul $200.81 vs contract $178.58 (Dallas → Miami, rate effective 2025-01-01): +$22.23 (+12.4%); est. $28.03 with fuel surcharge",28.03,28.03,172,open
837,CARA:79369500,CARA,0101150,498251363,64225810,2025-10-17,2025-10-26,weight_overbilling,1,"Billed weight 859 lb vs reference 771 lb (shipment weight, no reweigh certificate): +11.4%; linehaul at billed weight $214.49 vs $192.52, est. +$27.90 with fuel surcharge",27.9,27.9,156,open
838,CARC:21455417,CARC,0300325,589527160,86536061,2025-03-25,2025-04-14,rate_overcharge,1,"Linehaul $200.14 vs contract $177.12 (Chicago → Louisville, rate effective 2025-01-01): +$23.02 (+13.0%); est. $27.79 with fuel surcharge",27.79,27.79,351,open
839,CARF:69427108,CARF,0600490,112602949,64752105,2025-08-21,2025-09-20,fsc_mismatch,1,"Fuel surcharge $328.38 vs expected $301.02 (TL, diesel $3.999/gal for week of 2025-08-18; $0.500/mi vs expected $0.458/mi over 657 mi): +$27.36",27.36,27.36,192,open
840,CARC:17880207,CARC,0300501,770032396,25868784,2025-05-09,2025-05-23,rate_overcharge,1,"Linehaul $277.73 vs contract $255.14 (Dallas → St. Louis, rate effective 2025-01-01): +$22.59 (+8.9%); est. $27.27 with fuel surcharge",27.27,27.27,312,open
841,CARC:17964975,CARC,0300378,344665257,39042762,2025-04-09,2025-04-22,rate_overcharge,1,"Linehaul $461.41 vs contract $438.88 (Columbus → Indianapolis, rate effective 2025-01-01): +$22.53 (+5.1%); est. $27.19 with fuel surcharge",27.19,27.19,343,open
842,CARC:29482483,CARC,0300670,586004520,01290939,2025-05-23,2025-06-25,rate_overcharge,1,"Linehaul $658.69 vs contract $636.37 (Chicago → Salt Lake City, rate effective 2025-01-01): +$22.32 (+3.5%); est. $27.14 with fuel surcharge",27.14,27.14,279,open
843,CARD:18202087,CARD,0400150,422724972,BOL#80510133,2025-02-12,2025-03-01,rate_overcharge,1,"Linehaul $244.43 vs contract $222.30 (Chicago → Indianapolis, rate effective 2025-01-01): +$22.13 (+10.0%); est. $26.91 with fuel surcharge",26.91,26.91,395,open
844,CARF:39331811,CARF,0600441,921529444,85710756,2025-08-16,2025-08-26,fsc_mismatch,1,"Fuel surcharge $322.89 vs expected $295.98 (TL, diesel $3.953/gal for week of 2025-08-11; $0.491/mi vs expected $0.451/mi over 657 mi): +$26.91",26.91,26.91,217,open
845,CARF:99734468,CARF,0600448,927928324,19218445,2025-08-10,2025-08-30,fsc_mismatch,1,"Fuel surcharge $322.77 vs expected $295.87 (TL, diesel $3.952/gal for week of 2025-08-04; $0.491/mi vs expected $0.450/mi over 657 mi): +$26.90",26.9,26.9,213,open
846,CARF:76754307,CARF,0600472,910055751,84481835,2025-08-26,2025-09-08,fsc_mismatch,1,"Fuel surcharge $322.17 vs expected $295.32 (TL, diesel $3.947/gal for week of 2025-08-25; $0.490/mi vs expected $0.449/mi over 657 mi): +$26.85",26.85,26.85,204,open
847,CARF:25800798,CARF,0600465,126743057,65987079,2025-08-28,2025-09-10,fsc_mismatch,1,"Fuel surcharge $322.17 vs expected $295.32 (TL, diesel $3.947/gal for week of 2025-08-25; $0.490/mi vs expected $0.449/mi over 657 mi): +$26.85",26.85,26.85,202,open
848,CARC:76452508,CARC,0301048,270000280,6037-0151,2025-08-27,2025-09-18,weight_overbilling,1,"Billed weight 464 lb vs reference 377 lb (shipment weight, no reweigh certificate): +23.1%; linehaul at billed weight $184.10 vs $162.98, est. +$26.25 with fuel surcharge",26.25,26.25,194,open
849,CARF:15160230,CARF,0600009,324157751,60025280,2025-01-08,2025-01-20,fsc_mismatch,1,"Fuel surcharge $241.20 vs expected $215.08 (TL, diesel $3.510/gal for week of 2025-01-06; $0.422/mi vs expected $0.377/mi over 571 mi): +$26.12",26.12,26.12,435,open
850,CARF:60039209,CARF,0600571,949922009,BOL#81240756,2025-10-13,2025-10-27,fsc_mismatch,1,"Fuel surcharge $313.01 vs expected $286.93 (TL, diesel $4.265/gal for week of 2025-10-13; $0.548/mi vs expected $0.503/mi over 571 mi): +$26.08",26.08,26.08,155,open
851,CARF:50818822,CARF,0600583,545618915,19613881,2025-10-13,2025-11-05,fsc_mismatch,1,"Fuel surcharge $313.01 vs expected $286.93 (TL, diesel $4.265/gal for week of 2025-10-13; $0.548/mi vs expected $0.503/mi over 571 mi): +$26.08",26.08,26.08,146,open
852,CARD:87170391,CARD,0400946,807740471,BOL#05246988,2025-07-21,2025-08-08,weight_overbilling,1,"Billed weight 360 lb vs reference 337 lb (shipment weight, no reweigh certificate): +6.8%; linehaul at billed weight $330.19 vs $309.10, est. +$26.03 with fuel surcharge",26.03,26.03,235,open
853,CARF:61678293,CARF,0600551,452385456,43572508,2025-10-06,2025-10-21,fsc_mismatch,1,"Fuel surcharge $307.92 vs expected $282.26 (TL, diesel $4.216/gal for week of 2025-10-06; $0.539/mi vs expected $0.494/mi over 571 mi): +$25.66",25.66,25.66,161,open
854,CARC:99082698,CARC,0301383,213721433,81326953,2025-11-11,2025-11-22,rate_overcharge;fsc_mismatch,2,"Linehaul $403.51 vs contract $386.19 (Columbus → Salt Lake City, rate effective 2025-01-01): +$17.32 (+4.5%); est. $22.00 with fuel surcharge | Fuel surcharge $112.58 vs expected $108.95 (LTL, diesel $4.204/gal for week of 2025-11-10; 27.9% of linehaul vs expected 27.0% (+0.90 pp)): +$3.63",25.63,25.63,129,open
855,CARD:91675107,CARD,0401233,186281164,BOL#33518359,2025-09-10,2025-10-09,rate_overcharge,1,"Linehaul $198.21 vs contract $177.87 (Columbus → Louisville, rate effective 2025-07-01): +$20.34 (+11.4%); est. $25.47 with fuel surcharge",25.47,25.47,173,open
856,CARH:36786299,CARH,0800011,885572843,BOL#75733115,2025-01-27,2025-02-09,fsc_mismatch,1,"Fuel surcharge $244.34 vs expected $218.91 (TL, diesel $3.660/gal for week of 2025-01-27; $0.448/mi vs expected $0.402/mi over 545 mi): +$25.43",25.43,25.43,415,open
857,CARC:78721511,CARC,0300560,984523536,60168694,2025-05-27,2025-06-03,weight_overbilling,1,"Billed weight 582 lb vs reference 513 lb (shipment weight, no reweigh certificate): +13.5%; linehaul at billed weight $176.11 vs $155.23, est. +$25.39 with fuel surcharge",25.39,25.39,301,open
858,CARD:16457030,CARD,0401741,947268414,BOL#87493083,2025-12-20,2026-01-05,rate_overcharge,1,"Linehaul $305.15 vs contract $284.77 (Chicago → Detroit, rate effective 2025-07-01): +$20.38 (+7.2%); est. $25.33 with fuel surcharge",25.33,25.33,85,open
859,CARD:33164800,CARD,0400841,938580625,BOL#71615081,2025-05-24,2025-07-21,weight_overbilling,1,"Billed weight 721 lb vs reference 596 lb (shipment weight, no reweigh certificate): +21.0%; linehaul at billed weight $130.79 vs $110.00, est. +$25.28 with fuel surcharge",25.28,25.28,253,open
860,CARC:10829571,CARC,0300862,535597101,38179921,2025-07-15,2025-07-31,rate_overcharge,1,"Linehaul $601.17 vs contract $580.53 (Atlanta → Kansas City, rate effective 2025-01-01): +$20.64 (+3.6%); est. $25.28 with fuel surcharge",25.28,25.28,243,open
861,CARA:52880130,CARA,0101209,282402799,74279535,2025-10-31,2025-11-15,rate_overcharge,1,"Linehaul $456.44 vs contract $436.42 (Dallas → Philadelphia, rate effective 2025-01-01): +$20.02 (+4.6%); est. $25.25 with fuel surcharge",25.25,25.25,136,open
862,CARF:08232475,CARF,0600552,724228829,52461876,2025-09-20,2025-10-20,fsc_mismatch,1,"Fuel surcharge $301.59 vs expected $276.46 (TL, diesel $4.155/gal for week of 2025-09-15; $0.528/mi vs expected $0.484/mi over 571 mi): +$25.13",25.13,25.13,162,open
863,CARB:69914759,CARB,0200664,600693679,79667799,2025-06-04,2025-06-15,fsc_mismatch,1,"Fuel surcharge $310.67 vs expected $285.82 (LTL, diesel $3.599/gal for week of 2025-06-02; 22.5% of linehaul vs expected 20.7% (+1.80 pp)): +$24.85",24.85,24.85,289,open
864,CARF:64343597,CARF,0600576,361927122,74799457,2025-10-21,2025-10-30,fsc_mismatch,1,"Fuel surcharge $305.39 vs expected $280.65 (TL, diesel $4.199/gal for week of 2025-10-20; $0.535/mi vs expected $0.492/mi over 571 mi): +$24.74",24.74,24.74,152,open
865,CARE:77024559,CARE,0500942,910401602,27626550,2025-08-26,2025-09-15,weight_overbilling,1,"Billed weight 1,444 lb vs reference 1,318 lb (shipment weight, no reweigh certificate): +9.6%; linehaul at billed weight $224.98 vs $205.34, est. +$24.41 with fuel surcharge",24.41,24.41,197,open
866,CARE:03794626,CARE,0501502,703072060,24623199,2025-12-12,2026-01-16,rate_overcharge,1,"Linehaul $247.07 vs contract $227.52 (Columbus → Boston, rate effective 2025-07-01): +$19.55 (+8.6%); est. $24.30 with fuel surcharge",24.3,24.3,74,open
867,CARE:58269829,CARE,0500931,257243898,85277178,2025-08-28,2025-09-13,rate_overcharge,1,"Linehaul $313.00 vs contract $293.49 (Dallas → Charlotte, rate effective 2025-01-01): +$19.51 (+6.6%); est. $24.25 with fuel surcharge",24.25,24.25,199,open
868,CARB:81069465,CARB,0201455,221449451,98275592,2025-11-10,2025-11-25,rate_overcharge,1,"Linehaul $209.44 vs contract $190.39 (Atlanta → Denver, rate effective 2025-01-01): +$19.05 (+10.0%); est. $24.19 with fuel surcharge",24.19,24.19,126,open
869,CARD:16027197,CARD,0400999,604790927,BOL#95904915,2025-07-28,2025-08-19,weight_overbilling,1,"Billed weight 2,137 lb vs reference 1,998 lb (shipment weight, no reweigh certificate): +7.0%; linehaul at billed weight $302.81 vs $283.40, est. +$24.13 with fuel surcharge",24.13,24.13,224,open
870,CARC:42222929,CARC,0300346,658316270,02666316,2025-04-07,2025-04-20,rate_overcharge;fsc_mismatch,2,"Linehaul $165.30 vs contract $147.96 (Dallas → Pittsburgh, rate effective 2025-01-01): +$17.34 (+11.7%); est. $20.93 with fuel surcharge | Fuel surcharge $37.19 vs expected $34.22 (LTL, diesel $3.521/gal for week of 2025-04-07; 22.5% of linehaul vs expected 20.7% (+1.80 pp)): +$2.97",23.9,23.9,345,open
871,CARF:28434535,CARF,0600491,040153189,94189560,2025-08-24,2025-09-20,fsc_mismatch,1,"Fuel surcharge $285.40 vs expected $261.61 (TL, diesel $3.999/gal for week of 2025-08-18; $0.500/mi vs expected $0.458/mi over 571 mi): +$23.79",23.79,23.79,192,open
872,CARB:14505173,CARB,0200038,076867455,24179986,2025-01-16,2025-02-01,weight_overbilling,1,"Billed weight 783 lb vs reference 709 lb (shipment weight, no reweigh certificate): +10.4%; linehaul at billed weight $206.01 vs $186.54, est. +$23.50 with fuel surcharge",23.5,23.5,423,open
873,CARF:73836070,CARF,0600434,467074472,40792898,2025-08-07,2025-08-18,fsc_mismatch,1,"Fuel surcharge $280.52 vs expected $257.14 (TL, diesel $3.952/gal for week of 2025-08-04; $0.491/mi vs expected $0.450/mi over 571 mi): +$23.38",23.38,23.38,225,open
874,CARF:59238869,CARF,0600460,995040077,0985 7257,2025-08-25,2025-09-03,fsc_mismatch,1,"Fuel surcharge $280.00 vs expected $256.66 (TL, diesel $3.947/gal for week of 2025-08-25; $0.490/mi vs expected $0.449/mi over 571 mi): +$23.34",23.34,23.34,209,open
875,CARG:06580813,CARG,0700278,038518699,89272038,2025-05-23,2025-06-10,rate_overcharge,1,"Linehaul $473.31 vs contract $450.00 (Columbus → Pittsburgh, rate effective 2025-01-01): +$23.31 (+5.2%)",23.31,23.31,294,open
876,CARB:22345400,CARB,0200629,864801671,75679430,2025-04-24,2025-06-10,fsc_mismatch,1,"Fuel surcharge $288.80 vs expected $265.70 (LTL, diesel $3.538/gal for week of 2025-04-21; 22.5% of linehaul vs expected 20.7% (+1.80 pp)): +$23.10",23.1,23.1,294,open
877,CARF:93981006,CARF,0600587,156723096,32781664,2025-10-23,2025-11-03,fsc_mismatch,1,"Fuel surcharge $275.06 vs expected $252.14 (TL, diesel $4.199/gal for week of 2025-10-20; $0.536/mi vs expected $0.492/mi over 513 mi): +$22.92",22.92,22.92,148,open
878,CARF:23099438,CARF,0600589,360588312,94783360,2025-10-23,2025-11-04,fsc_mismatch,1,"Fuel surcharge $275.06 vs expected $252.14 (TL, diesel $4.199/gal for week of 2025-10-20; $0.536/mi vs expected $0.492/mi over 513 mi): +$22.92",22.92,22.92,147,open
879,CARA:15866842,CARA,0100949,492586681,37995787,2025-08-23,2025-09-14,fsc_mismatch,1,"Fuel surcharge $634.49 vs expected $611.83 (LTL, diesel $3.999/gal for week of 2025-08-18; 25.2% of linehaul vs expected 24.3% (+0.90 pp)): +$22.66",22.66,22.66,198,open
880,CARC:30064849,CARC,0300871,499990181,98688907,2025-07-19,2025-08-01,weight_overbilling,1,"Billed weight 1,064 lb vs reference 945 lb (shipment weight, no reweigh certificate): +12.6%; linehaul at billed weight $306.86 vs $288.40, est. +$22.61 with fuel surcharge",22.61,22.61,242,open
881,CARG:99891415,CARG,0700109,762856610,38729572,2025-03-03,2025-03-29,rate_overcharge,1,"Linehaul $472.53 vs contract $450.00 (Columbus → Pittsburgh, rate effective 2025-01-01): +$22.53 (+5.0%)",22.53,22.53,367,open
882,CARD:48455316,CARD,0401028,813107054,BOL#00402779,2025-08-06,2025-08-25,rate_overcharge,1,"Linehaul $193.63 vs contract $175.55 (Atlanta → Nashville, rate effective 2025-01-01): +$18.08 (+10.3%); est. $22.47 with fuel surcharge",22.47,22.47,218,open
883,CARD:77713127,CARD,0401803,570853657,BOL#12529307,2025-12-20,2026-01-17,rate_overcharge,1,"Linehaul $141.86 vs contract $123.83 (Columbus → Indianapolis, rate effective 2025-01-01): +$18.03 (+14.6%); est. $22.41 with fuel surcharge",22.41,22.41,73,open
884,CARD:23385084,CARD,0401005,200244240,BOL#34622983,2025-08-04,2025-08-21,weight_overbilling,1,"Billed weight 1,741 lb vs reference 1,571 lb (shipment weight, no reweigh certificate): +10.8%; linehaul at billed weight $236.80 vs $218.84, est. +$22.32 with fuel surcharge",22.32,22.32,222,open
885,CARA:09016684,CARA,0101170,708514647,90673777,2025-10-24,2025-11-04,weight_overbilling,1,"Billed weight 658 lb vs reference 618 lb (shipment weight, no reweigh certificate): +6.5%; linehaul at billed weight $286.89 vs $269.45, est. +$21.99 with fuel surcharge",21.99,21.99,147,open
886,CARC:68651859,CARC,0300293,231716063,79779449,2025-03-26,2025-04-01,rate_overcharge,1,"Linehaul $420.86 vs contract $402.81 (Dallas → Kansas City, rate effective 2025-01-01): +$18.05 (+4.5%); est. $21.79 with fuel surcharge",21.79,21.79,364,open
887,CARF:72204186,CARF,0600501,805692942,45962862,2025-09-14,2025-09-20,fsc_mismatch,1,"Fuel surcharge $260.88 vs expected $239.14 (TL, diesel $4.047/gal for week of 2025-09-08; $0.509/mi vs expected $0.466/mi over 513 mi): +$21.74",21.74,21.74,192,open
888,CARF:08634020,CARF,0600503,247338596,50325359,2025-09-10,2025-09-21,fsc_mismatch,1,"Fuel surcharge $260.88 vs expected $239.14 (TL, diesel $4.047/gal for week of 2025-09-08; $0.509/mi vs expected $0.466/mi over 513 mi): +$21.74",21.74,21.74,191,open
889,CARD:75346760,CARD,0401799,784719228,BOL#18749053,2025-12-28,2026-01-15,rate_overcharge,1,"Linehaul $179.94 vs contract $162.40 (Atlanta → Nashville, rate effective 2025-01-01): +$17.54 (+10.8%); est. $21.64 with fuel surcharge",21.64,21.64,75,open
890,CARC:28704418,CARC,0300668,269057855,00971993,2025-06-14,2025-06-25,weight_overbilling,1,"Billed weight 597 lb vs reference 549 lb (shipment weight, no reweigh certificate): +8.7%; linehaul at billed weight $221.07 vs $203.29, est. +$21.62 with fuel surcharge",21.62,21.62,279,open
891,CARC:61388423,CARC,0300667,137583312,72738256,2025-06-13,2025-06-21,weight_overbilling,1,"Billed weight 622 lb vs reference 558 lb (shipment weight, no reweigh certificate): +11.5%; linehaul at billed weight $171.92 vs $154.23, est. +$21.51 with fuel surcharge",21.51,21.51,283,open
892,CARB:88050344,CARB,0201053,750917113,24396753,2025-08-21,2025-09-02,rate_overcharge,1,"Linehaul $152.85 vs contract $135.63 (Chicago → Louisville, rate effective 2025-01-01): +$17.22 (+12.7%); est. $21.40 with fuel surcharge",21.4,21.4,210,open
893,CARF:30026813,CARF,0600463,978041416,64808964,2025-08-24,2025-09-06,fsc_mismatch,1,"Fuel surcharge $256.41 vs expected $235.04 (TL, diesel $3.999/gal for week of 2025-08-18; $0.500/mi vs expected $0.458/mi over 513 mi): +$21.37",21.37,21.37,206,open
894,CARC:99641072,CARC,0301417,468062442,42485709,2025-11-19,2025-11-30,rate_overcharge,1,"Linehaul $244.26 vs contract $227.36 (Columbus → Indianapolis, rate effective 2025-01-01): +$16.90 (+7.4%); est. $21.31 with fuel surcharge",21.31,21.31,121,open
895,CARC:98137120,CARC,0300969,068396106,69695995,2025-08-11,2025-08-30,rate_overcharge,1,"Linehaul $154.49 vs contract $137.55 (Columbus → Indianapolis, rate effective 2025-01-01): +$16.94 (+12.3%); est. $21.06 with fuel surcharge",21.06,21.06,213,open
896,CARF:92804084,CARF,0600507,664270824,22100530,2025-09-05,2025-09-28,fsc_mismatch,1,"Fuel surcharge $252.40 vs expected $231.36 (TL, diesel $3.956/gal for week of 2025-09-01; $0.492/mi vs expected $0.451/mi over 513 mi): +$21.04",21.04,21.04,184,open
897,CARC:23424130,CARC,0300750,343397953,BOL-53721974,2025-06-26,2025-07-10,weight_overbilling,1,"Billed weight 336 lb vs reference 292 lb (shipment weight, no reweigh certificate): +15.1%; linehaul at billed weight $130.80 vs $113.68, est. +$20.97 with fuel surcharge",20.97,20.97,264,open
898,CARC:73248374,CARC,0301660,241929348,74854961,2025-12-29,2026-01-14,rate_overcharge,1,"Linehaul $154.50 vs contract $137.52 (Columbus → Detroit, rate effective 2025-01-01): +$16.98 (+12.3%); est. $20.95 with fuel surcharge",20.95,20.95,76,open
899,CARD:43291629,CARD,0401374,041333676,BOL#55430013,2025-10-03,2025-10-29,rate_overcharge,1,"Linehaul $196.60 vs contract $180.23 (Chicago → Detroit, rate effective 2025-07-01): +$16.37 (+9.1%); est. $20.79 with fuel surcharge",20.79,20.79,153,open
900,CARC:26788840,CARC,0300149,148927873,18087052,2025-02-10,2025-02-28,fsc_mismatch,1,"Fuel surcharge $262.55 vs expected $242.35 (LTL, diesel $3.627/gal for week of 2025-02-10; 23.4% of linehaul vs expected 21.6% (+1.80 pp)): +$20.20",20.2,20.2,396,open
901,CARG:08641324,CARG,0700525,384676314,41812690,2025-09-11,2025-10-15,fsc_mismatch,1,"Fuel surcharge $130.13 vs expected $110.02 (TL, diesel $4.047/gal for week of 2025-09-08; $0.551/mi vs expected $0.466/mi over 236 mi): +$20.11",20.11,20.11,167,open
902,CARG:52887295,CARG,0700425,940537977,7802-5568,2025-07-29,2025-08-22,rate_overcharge,1,"Linehaul $470.02 vs contract $450.00 (Columbus → Pittsburgh, rate effective 2025-07-01): +$20.02 (+4.4%)",20.02,20.02,221,open
903,CARE:71136126,CARE,0500042,190245069,61685050,2025-01-20,2025-01-29,rate_overcharge,1,"Linehaul $419.56 vs contract $403.00 (Columbus → Kansas City, rate effective 2025-01-01): +$16.56 (+4.1%); est. $19.99 with fuel surcharge",19.99,19.99,426,open
904,CARA:55267955,CARA,0100124,455800771,67828893,2025-02-09,2025-02-22,weight_overbilling,1,"Billed weight 522 lb vs reference 465 lb (shipment weight, no reweigh certificate): +12.3%; linehaul at billed weight $390.09 vs $373.65, est. +$19.84 with fuel surcharge",19.84,19.84,402,open
905,CARA:88212623,CARA,0100065,331004068,24950494,2025-01-24,2025-02-08,fsc_mismatch,1,"Fuel surcharge $171.87 vs expected $152.04 (LTL, diesel $3.562/gal for week of 2025-01-20; 23.4% of linehaul vs expected 20.7% (+2.70 pp)): +$19.83",19.83,19.83,416,open
906,CARA:99260859,CARA,0101152,221559117,8903 8988,2025-10-14,2025-11-02,rate_overcharge,1,"Linehaul $407.87 vs contract $392.27 (Columbus → Nashville, rate effective 2025-01-01): +$15.60 (+4.0%); est. $19.81 with fuel surcharge",19.81,19.81,149,open
907,CARD:16077883,CARD,0400842,213572476,BOL#69334900,2025-06-28,2025-07-22,rate_overcharge,1,"Linehaul $329.05 vs contract $313.07 (Dallas → Seattle, rate effective 2025-01-01): +$15.98 (+5.1%); est. $19.58 with fuel surcharge",19.58,19.58,252,open
908,CARC:92418490,CARC,0301212,668628700,73288274,2025-10-17,2025-10-23,rate_overcharge,1,"Linehaul $125.41 vs contract $110.00 (Atlanta → Pittsburgh, rate effective 2025-01-01): +$15.41 (+14.0%); est. $19.57 with fuel surcharge",19.57,19.57,159,open
909,CARC:49378245,CARC,0301295,020127040,95464069,2025-10-28,2025-11-07,rate_overcharge,1,"Linehaul $167.47 vs contract $152.33 (Columbus → Indianapolis, rate effective 2025-01-01): +$15.14 (+9.9%); est. $19.09 with fuel surcharge",19.09,19.09,144,open
910,CARD:03844805,CARD,0400658,134745598,BOL#25366372,2025-05-19,2025-06-15,fsc_mismatch,1,"Fuel surcharge $161.26 vs expected $143.34 (LTL, diesel $3.677/gal for week of 2025-05-19; 24.3% of linehaul vs expected 21.6% (+2.70 pp)): +$17.92",17.92,17.92,289,open
911,CARE:28337442,CARE,0500475,344160071,01851855,2025-05-10,2025-05-29,fsc_mismatch,1,"Fuel surcharge $154.43 vs expected $136.61 (LTL, diesel $3.571/gal for week of 2025-05-05; 23.4% of linehaul vs expected 20.7% (+2.70 pp)): +$17.82",17.82,17.82,306,open
912,CARB:24729551,CARB,0200523,659580766,01683936,2025-05-01,2025-05-21,rate_overcharge,1,"Linehaul $410.78 vs contract $396.03 (Chicago → Detroit, rate effective 2025-01-01): +$14.75 (+3.7%); est. $17.80 with fuel surcharge",17.8,17.8,314,open
913,CARE:73705429,CARE,0500645,792552970,59936258,2025-05-31,2025-06-30,rate_overcharge,1,"Linehaul $124.59 vs contract $110.00 (Chicago → Indianapolis, rate effective 2025-01-01): +$14.59 (+13.3%); est. $17.74 with fuel surcharge",17.74,17.74,274,open
914,CARA:06802133,CARA,0100799,244745696,8196-8414,2025-07-27,2025-08-07,fsc_mismatch,1,"Fuel surcharge $170.32 vs expected $152.70 (LTL, diesel $3.856/gal for week of 2025-07-21; 26.1% of linehaul vs expected 23.4% (+2.70 pp)): +$17.62",17.62,17.62,236,open
915,CARA:85412557,CARA,0101343,545162715,78533311,2025-12-02,2025-12-17,fsc_mismatch,1,"Fuel surcharge $261.74 vs expected $244.29 (LTL, diesel $4.006/gal for week of 2025-12-01; 27.0% of linehaul vs expected 25.2% (+1.80 pp)): +$17.45",17.45,17.45,104,open
916,CARB:72421492,CARB,0200425,024183238,78455389,2025-04-16,2025-05-01,weight_overbilling,1,"Billed weight 1,047 lb vs reference 872 lb (shipment weight, no reweigh certificate): +20.1%; linehaul at billed weight $320.59 vs $306.20, est. +$17.37 with fuel surcharge",17.37,17.37,334,open
917,CARG:70613051,CARG,0700474,025434274,16051971,2025-09-01,2025-09-26,rate_overcharge,1,"Linehaul $467.30 vs contract $450.00 (Chicago → Indianapolis, rate effective 2025-01-01): +$17.30 (+3.8%)",17.3,17.3,186,open
918,CARD:30424868,CARD,0400117,251106379,BOL#51898062,2025-01-17,2025-02-25,fsc_mismatch,1,"Fuel surcharge $411.78 vs expected $394.62 (LTL, diesel $3.507/gal for week of 2025-01-13; 21.6% of linehaul vs expected 20.7% (+0.90 pp)): +$17.16",17.16,17.16,399,open
919,CARG:95036140,CARG,0700307,120774128,44041907,2025-05-29,2025-06-22,fsc_mismatch,1,"Fuel surcharge $208.21 vs expected $191.27 (TL, diesel $3.666/gal for week of 2025-05-26; $0.438/mi vs expected $0.403/mi over 475 mi): +$16.94",16.94,16.94,282,open
920,CARC:74444182,CARC,0300482,299740612,BOL#22454147,2025-05-10,2025-05-19,weight_overbilling,1,"Billed weight 481 lb vs reference 396 lb (shipment weight, no reweigh certificate): +21.5%; linehaul at billed weight $195.65 vs $181.88, est. +$16.62 with fuel surcharge",16.62,16.62,316,open
921,CARC:91002567,CARC,0300876,280270386,5179 3137,2025-07-15,2025-08-06,weight_overbilling,1,"Billed weight 338 lb vs reference 307 lb (shipment weight, no reweigh certificate): +10.1%; linehaul at billed weight $146.12 vs $132.72, est. +$16.42 with fuel surcharge",16.42,16.42,237,open
922,CARB:09228902,CARB,0200780,084114005,21061180,2025-06-20,2025-07-08,fsc_mismatch,1,"Fuel surcharge $147.70 vs expected $131.29 (LTL, diesel $3.652/gal for week of 2025-06-16; 24.3% of linehaul vs expected 21.6% (+2.70 pp)): +$16.41",16.41,16.41,266,open
923,CARD:06664876,CARD,0401198,623749912,BOL#33737831,2025-09-15,2025-09-28,rate_overcharge,1,"Linehaul $287.63 vs contract $274.75 (Chicago → Detroit, rate effective 2025-07-01): +$12.88 (+4.7%); est. $16.24 with fuel surcharge",16.24,16.24,184,open
924,CARA:23189017,CARA,0101142,818959197,24691611,2025-10-11,2025-10-24,rate_overcharge,1,"Linehaul $310.75 vs contract $298.03 (Memphis → Houston, rate effective 2025-01-01): +$12.72 (+4.3%); est. $16.15 with fuel surcharge",16.15,16.15,158,open
925,CARC:72574999,CARC,0300805,260180989,47233961,2025-07-07,2025-07-20,fsc_mismatch,1,"Fuel surcharge $414.85 vs expected $398.90 (LTL, diesel $3.735/gal for week of 2025-07-07; 23.4% of linehaul vs expected 22.5% (+0.90 pp)): +$15.95",15.95,15.95,254,open
926,CARC:59915190,CARC,0300841,710288749,71418084,2025-07-05,2025-07-27,rate_overcharge,1,"Linehaul $180.39 vs contract $167.39 (Chicago → Orlando, rate effective 2025-01-01): +$13.00 (+7.8%); est. $15.93 with fuel surcharge",15.93,15.93,247,open
927,CARE:04389680,CARE,0500634,913018700,6376 5963,2025-06-14,2025-06-28,weight_overbilling,1,"Billed weight 365 lb vs reference 342 lb (shipment weight, no reweigh certificate): +6.7%; linehaul at billed weight $206.01 vs $193.02, est. +$15.80 with fuel surcharge",15.8,15.8,276,open
928,CARA:84889343,CARA,0100004,731657101,BOL-95134892,2025-01-01,2025-01-17,fsc_mismatch,1,"Fuel surcharge $132.24 vs expected $116.98 (LTL, diesel $3.542/gal for week of 2024-12-30; 23.4% of linehaul vs expected 20.7% (+2.70 pp)): +$15.26",15.26,15.26,438,open
929,CARB:39437815,CARB,0201216,817663007,20915982,2025-09-18,2025-10-10,fsc_mismatch,1,"Fuel surcharge $447.55 vs expected $432.63 (LTL, diesel $4.155/gal for week of 2025-09-15; 27.0% of linehaul vs expected 26.1% (+0.90 pp)): +$14.92",14.92,14.92,172,open
930,CARD:53802268,CARD,0401051,502901720,BOL#66611286,2025-08-23,2025-08-30,weight_overbilling,1,"Billed weight 250 lb vs reference 226 lb (shipment weight, no reweigh certificate): +10.6%; linehaul at billed weight $124.17 vs $112.25, est. +$14.82 with fuel surcharge",14.82,14.82,213,open
931,CARE:43230013,CARE,0501314,509606532,16384740,2025-09-26,2025-12-06,fsc_mismatch,1,"Fuel surcharge $161.62 vs expected $146.92 (LTL, diesel $4.206/gal for week of 2025-09-22; 29.7% of linehaul vs expected 27.0% (+2.70 pp)): +$14.70",14.7,14.7,115,open
932,CARG:79682295,CARG,0700493,595152634,71280944,2025-09-18,2025-10-03,fsc_mismatch,1,"Fuel surcharge $660.06 vs expected $645.39 (TL, diesel $4.155/gal for week of 2025-09-15; $0.495/mi vs expected $0.484/mi over 1,333 mi): +$14.67",14.67,14.67,179,open
933,CARF:47024574,CARF,0600561,242471921,30491686,2025-10-01,2025-10-24,fsc_mismatch,1,"Fuel surcharge $174.48 vs expected $159.94 (TL, diesel $4.221/gal for week of 2025-09-29; $0.540/mi vs expected $0.495/mi over 323 mi): +$14.54",14.54,14.54,158,open
934,CARF:84519791,CARF,0600536,100065122,05416130,2025-09-26,2025-10-06,fsc_mismatch,1,"Fuel surcharge $173.60 vs expected $159.13 (TL, diesel $4.206/gal for week of 2025-09-22; $0.537/mi vs expected $0.493/mi over 323 mi): +$14.47",14.47,14.47,176,open
935,CARF:73564973,CARF,0600593,190986687,BOL#56721155,2025-10-13,2025-11-07,fsc_mismatch,1,"Fuel surcharge $172.68 vs expected $158.29 (TL, diesel $4.265/gal for week of 2025-10-13; $0.548/mi vs expected $0.503/mi over 315 mi): +$14.39",14.39,14.39,144,open
936,CARF:49581419,CARF,0600596,421568493,6356 9979,2025-10-16,2025-11-10,fsc_mismatch,1,"Fuel surcharge $172.68 vs expected $158.29 (TL, diesel $4.265/gal for week of 2025-10-13; $0.548/mi vs expected $0.503/mi over 315 mi): +$14.39",14.39,14.39,141,open
937,CARC:50530878,CARC,0300541,371633538,14398937,2025-05-09,2025-05-29,fsc_mismatch,1,"Fuel surcharge $345.17 vs expected $330.79 (LTL, diesel $3.571/gal for week of 2025-05-05; 21.6% of linehaul vs expected 20.7% (+0.90 pp)): +$14.38",14.38,14.38,306,open
938,CARD:88013626,CARD,0401107,087685805,BOL#19377399,2025-08-24,2025-09-08,rate_overcharge,1,"Linehaul $309.13 vs contract $297.56 (Atlanta → Kansas City, rate effective 2025-01-01): +$11.57 (+3.9%); est. $14.38 with fuel surcharge",14.38,14.38,204,open
939,CARD:73002531,CARD,0400936,452626429,BOL#26900850,2025-07-03,2025-08-07,weight_overbilling,1,"Billed weight 377 lb vs reference 345 lb (shipment weight, no reweigh certificate): +9.3%; linehaul at billed weight $137.94 vs $126.24, est. +$14.33 with fuel surcharge",14.33,14.33,236,open
940,CARF:03135104,CARF,0600504,434103560,08932048,2025-09-15,2025-09-21,fsc_mismatch,1,"Fuel surcharge $170.60 vs expected $156.39 (TL, diesel $4.155/gal for week of 2025-09-15; $0.528/mi vs expected $0.484/mi over 323 mi): +$14.21",14.21,14.21,191,open
941,CARF:83444367,CARF,0600521,057200459,21268096,2025-09-16,2025-09-27,fsc_mismatch,1,"Fuel surcharge $170.60 vs expected $156.39 (TL, diesel $4.155/gal for week of 2025-09-15; $0.528/mi vs expected $0.484/mi over 323 mi): +$14.21",14.21,14.21,185,open
942,CARA:54052197,CARA,0101326,142924713,26250464,2025-10-19,2025-12-11,fsc_mismatch,1,"Fuel surcharge $227.40 vs expected $213.19 (LTL, diesel $4.265/gal for week of 2025-10-13; 28.8% of linehaul vs expected 27.0% (+1.80 pp)): +$14.21",14.21,14.21,110,open
943,CARD:60073354,CARD,0401019,517071697,BOL#83526365,2025-08-10,2025-08-26,rate_overcharge,1,"Linehaul $251.63 vs contract $240.36 (Chicago → Detroit, rate effective 2025-07-01): +$11.27 (+4.7%); est. $14.01 with fuel surcharge",14.01,14.01,217,open
944,CARD:87715266,CARD,0400302,586583836,BOL#83204209,2025-02-12,2025-04-05,fsc_mismatch,1,"Fuel surcharge $125.39 vs expected $111.46 (LTL, diesel $3.627/gal for week of 2025-02-10; 24.3% of linehaul vs expected 21.6% (+2.70 pp)): +$13.93",13.93,13.93,360,open
945,CARD:86550973,CARD,0400194,185082211,BOL#72077412,2025-02-01,2025-03-08,fsc_mismatch,1,"Fuel surcharge $125.02 vs expected $111.13 (LTL, diesel $3.660/gal for week of 2025-01-27; 24.3% of linehaul vs expected 21.6% (+2.70 pp)): +$13.89",13.89,13.89,388,open
946,CARF:09392301,CARF,0600522,390985878,39657585,2025-09-18,2025-10-01,fsc_mismatch,1,"Fuel surcharge $166.38 vs expected $152.51 (TL, diesel $4.155/gal for week of 2025-09-15; $0.528/mi vs expected $0.484/mi over 315 mi): +$13.87",13.87,13.87,181,open
947,CARB:11804288,CARB,0201496,515973925,08915735,2025-11-15,2025-12-03,fsc_mismatch,1,"Fuel surcharge $152.35 vs expected $138.50 (LTL, diesel $4.204/gal for week of 2025-11-10; 29.7% of linehaul vs expected 27.0% (+2.70 pp)): +$13.85",13.85,13.85,118,open
948,CARE:03963712,CARE,0500334,180184006,69690046,2025-03-30,2025-04-18,weight_overbilling,1,"Billed weight 540 lb vs reference 512 lb (shipment weight, no reweigh certificate): +5.5%; linehaul at billed weight $221.08 vs $209.61, est. +$13.84 with fuel surcharge",13.84,13.84,347,open
949,CARB:67459507,CARB,0201359,269837614,96753154,2025-10-24,2025-11-06,fsc_mismatch,1,"Fuel surcharge $413.88 vs expected $400.08 (LTL, diesel $4.199/gal for week of 2025-10-20; 27.0% of linehaul vs expected 26.1% (+0.90 pp)): +$13.80",13.8,13.8,145,open
950,CARD:92253937,CARD,0400859,037054581,BOL#37312425,2025-07-06,2025-07-25,rate_overcharge,1,"Linehaul $121.25 vs contract $110.00 (Columbus → New York, rate effective 2025-01-01): +$11.25 (+10.2%); est. $13.78 with fuel surcharge",13.78,13.78,249,open
951,CARF:44513099,CARF,0600444,204230480,2648-3043,2025-08-13,2025-08-28,fsc_mismatch,1,"Fuel surcharge $159.23 vs expected $145.51 (TL, diesel $3.953/gal for week of 2025-08-11; $0.493/mi vs expected $0.450/mi over 323 mi): +$13.72",13.72,13.72,215,open
952,CARF:63379489,CARF,0600542,620363332,07655142,2025-09-12,2025-10-09,fsc_mismatch,1,"Fuel surcharge $164.26 vs expected $150.57 (TL, diesel $4.047/gal for week of 2025-09-08; $0.509/mi vs expected $0.466/mi over 323 mi): +$13.69",13.69,13.69,173,open
953,CARA:81720227,CARA,0101381,344670118,45241285,2025-12-03,2025-12-25,rate_overcharge,1,"Linehaul $332.90 vs contract $322.05 (Chicago → Nashville, rate effective 2025-01-01): +$10.85 (+3.4%); est. $13.58 with fuel surcharge",13.58,13.58,96,open
954,CARD:99718884,CARD,0400273,507249506,BOL#64612497,2025-02-26,2025-03-28,fsc_mismatch,1,"Fuel surcharge $175.27 vs expected $161.78 (LTL, diesel $3.618/gal for week of 2025-02-24; 23.4% of linehaul vs expected 21.6% (+1.80 pp)): +$13.49",13.49,13.49,368,open
955,CARF:17347267,CARF,0600489,959178634,88168514,2025-09-04,2025-09-19,fsc_mismatch,1,"Fuel surcharge $158.92 vs expected $145.67 (TL, diesel $3.956/gal for week of 2025-09-01; $0.492/mi vs expected $0.451/mi over 323 mi): +$13.25",13.25,13.25,193,open
956,CARF:58920352,CARF,0600495,548370492,01283562,2025-09-07,2025-09-20,fsc_mismatch,1,"Fuel surcharge $158.92 vs expected $145.67 (TL, diesel $3.956/gal for week of 2025-09-01; $0.492/mi vs expected $0.451/mi over 323 mi): +$13.25",13.25,13.25,192,open
957,CARF:16753134,CARF,0600533,653956679,01228529,2025-09-05,2025-10-04,fsc_mismatch,1,"Fuel surcharge $158.92 vs expected $145.67 (TL, diesel $3.956/gal for week of 2025-09-01; $0.492/mi vs expected $0.451/mi over 323 mi): +$13.25",13.25,13.25,178,open
958,CARF:31962949,CARF,0600436,427624798,93158058,2025-08-02,2025-08-20,fsc_mismatch,1,"Fuel surcharge $158.97 vs expected $145.73 (TL, diesel $3.957/gal for week of 2025-07-28; $0.492/mi vs expected $0.451/mi over 323 mi): +$13.24",13.24,13.24,223,open
959,CARF:82506791,CARF,0600425,939656471,77355586,2025-08-07,2025-08-13,fsc_mismatch,1,"Fuel surcharge $158.68 vs expected $145.46 (TL, diesel $3.952/gal for week of 2025-08-04; $0.491/mi vs expected $0.450/mi over 323 mi): +$13.22",13.22,13.22,230,open
960,CARF:46151165,CARF,0600492,376595296,15265107,2025-09-07,2025-09-20,fsc_mismatch,1,"Fuel surcharge $154.98 vs expected $142.06 (TL, diesel $3.956/gal for week of 2025-09-01; $0.492/mi vs expected $0.451/mi over 315 mi): +$12.92",12.92,12.92,192,open
961,CARF:16893897,CARF,0600511,288920239,bol-94817575,2025-08-28,2025-09-29,fsc_mismatch,1,"Fuel surcharge $154.46 vs expected $141.59 (TL, diesel $3.947/gal for week of 2025-08-25; $0.490/mi vs expected $0.449/mi over 315 mi): +$12.87",12.87,12.87,183,open
962,CARB:96446852,CARB,0200207,611134012,04011919,2025-03-03,2025-03-14,weight_overbilling,1,"Billed weight 1,961 lb vs reference 1,667 lb (shipment weight, no reweigh certificate): +17.6%; linehaul at billed weight $533.80 vs $523.27, est. +$12.80 with fuel surcharge",12.8,12.8,382,open
963,CARA:23613990,CARA,0100531,061274131,31224177,2025-05-09,2025-05-31,fsc_mismatch,1,"Fuel surcharge $305.95 vs expected $293.20 (LTL, diesel $3.571/gal for week of 2025-05-05; 21.6% of linehaul vs expected 20.7% (+0.90 pp)): +$12.75",12.75,12.75,304,open
964,CARA:95847355,CARA,0101442,423151569,94395956,2025-12-12,2026-01-09,rate_overcharge,1,"Linehaul $348.68 vs contract $338.50 (Dallas → St. Louis, rate effective 2025-01-01): +$10.18 (+3.0%); est. $12.65 with fuel surcharge",12.65,12.65,81,open
965,CARB:95325074,CARB,0201707,279745573,63523562,2025-12-13,2026-01-20,rate_overcharge,1,"Linehaul $169.80 vs contract $159.74 (Columbus → Pittsburgh, rate effective 2025-01-01): +$10.06 (+6.3%); est. $12.50 with fuel surcharge",12.5,12.5,70,open
966,CARD:12704369,CARD,0400947,957862618,BOL#36026629,2025-07-22,2025-08-12,fsc_mismatch,1,"Fuel surcharge $337.26 vs expected $324.77 (LTL, diesel $3.856/gal for week of 2025-07-21; 24.3% of linehaul vs expected 23.4% (+0.90 pp)): +$12.49",12.49,12.49,231,open
967,CARB:31349549,CARB,0200846,096819089,41542268,2025-06-28,2025-07-23,fsc_mismatch,1,"Fuel surcharge $166.89 vs expected $154.53 (LTL, diesel $3.715/gal for week of 2025-06-23; 24.3% of linehaul vs expected 22.5% (+1.80 pp)): +$12.36",12.36,12.36,251,open
968,CARC:13500765,CARC,0301348,474841762,BOL-94434507,2025-10-17,2025-11-18,weight_overbilling,1,"Billed weight 1,029 lb vs reference 936 lb (shipment weight, no reweigh certificate): +9.9%; linehaul at billed weight $345.13 vs $335.40, est. +$12.36 with fuel surcharge",12.36,12.36,133,open
969,CARD:85588354,CARD,0401851,817618707,BOL#70461877,2025-12-05,2026-02-22,rate_overcharge,1,"Linehaul $172.27 vs contract $162.40 (Atlanta → Nashville, rate effective 2025-01-01): +$9.87 (+6.1%); est. $12.36 with fuel surcharge",12.36,12.36,37,open
970,CARF:35934254,CARF,0600092,358221886,08592968,2025-02-19,2025-03-12,fsc_mismatch,1,"Fuel surcharge $788.75 vs expected $776.44 (TL, diesel $3.584/gal for week of 2025-02-17; $0.395/mi vs expected $0.389/mi over 1,996 mi): +$12.31",12.31,12.31,384,open
971,CARA:12035308,CARA,0100986,384370767,03991488,2025-09-04,2025-09-23,fsc_mismatch,1,"Fuel surcharge $345.39 vs expected $333.12 (LTL, diesel $3.956/gal for week of 2025-09-01; 25.2% of linehaul vs expected 24.3% (+0.89 pp)): +$12.27",12.27,12.27,189,open
972,CARA:96723672,CARA,0100852,111955764,10520548,2025-07-07,2025-08-23,rate_overcharge,1,"Linehaul $379.00 vs contract $369.00 (Atlanta → Louisville, rate effective 2025-07-01): +$10.00 (+2.7%); est. $12.25 with fuel surcharge",12.25,12.25,220,open
973,CARD:89373723,CARD,0401299,967019841,BOL#97040400,2025-09-17,2025-10-19,fsc_mismatch,1,"Fuel surcharge $130.67 vs expected $118.42 (LTL, diesel $4.155/gal for week of 2025-09-15; 28.8% of linehaul vs expected 26.1% (+2.70 pp)): +$12.25",12.25,12.25,163,open
974,CARB:73987183,CARB,0201194,824597956,56726627,2025-09-11,2025-10-03,rate_overcharge,1,"Linehaul $119.61 vs contract $110.00 (Atlanta → Nashville, rate effective 2025-01-01): +$9.61 (+8.7%); est. $12.03 with fuel surcharge",12.03,12.03,179,open
975,CARD:73198134,CARD,0401729,500599294,BOL#93532977,2025-12-24,2026-01-04,rate_overcharge,1,"Linehaul $119.72 vs contract $110.00 (Columbus → Pittsburgh, rate effective 2025-01-01): +$9.72 (+8.8%); est. $11.99 with fuel surcharge",11.99,11.99,86,open
976,CARD:55223824,CARD,0400775,277407252,BOL#75903363,2025-06-20,2025-07-09,fsc_mismatch,1,"Fuel surcharge $106.87 vs expected $94.99 (LTL, diesel $3.652/gal for week of 2025-06-16; 24.3% of linehaul vs expected 21.6% (+2.70 pp)): +$11.88",11.88,11.88,265,open
977,CARE:42555246,CARE,0500808,789425728,17967165,2025-07-12,2025-08-10,weight_overbilling,1,"Billed weight 1,023 lb vs reference 841 lb (shipment weight, no reweigh certificate): +21.6%; linehaul at billed weight $177.18 vs $167.53, est. +$11.82 with fuel surcharge",11.82,11.82,233,open
978,CARE:06964141,CARE,0501426,751064116,81971926,2025-12-03,2025-12-26,fsc_mismatch,1,"Fuel surcharge $121.29 vs expected $109.55 (LTL, diesel $4.006/gal for week of 2025-12-01; 27.9% of linehaul vs expected 25.2% (+2.70 pp)): +$11.74",11.74,11.74,95,open
979,CARD:63409682,CARD,0400401,814233580,BOL#58823379,2025-04-07,2025-04-22,rate_overcharge,1,"Linehaul $222.06 vs contract $212.42 (Atlanta → Nashville, rate effective 2025-01-01): +$9.64 (+4.5%); est. $11.64 with fuel surcharge",11.64,11.64,343,open
980,CARC:08177285,CARC,0301066,042979550,31826172,2025-09-10,2025-09-22,fsc_mismatch,1,"Fuel surcharge $171.73 vs expected $160.28 (LTL, diesel $4.047/gal for week of 2025-09-08; 27.0% of linehaul vs expected 25.2% (+1.80 pp)): +$11.45",11.45,11.45,190,open
981,CARH:24994110,CARH,0800490,734857744,BOL#15747766,2025-12-06,2026-01-04,fsc_mismatch,1,"Fuel surcharge $144.08 vs expected $132.75 (TL, diesel $4.006/gal for week of 2025-12-01; $0.499/mi vs expected $0.459/mi over 289 mi): +$11.33",11.33,11.33,86,open
982,CARC:90916481,CARC,0300340,434622255,13400554,2025-04-01,2025-04-20,fsc_mismatch,1,"Fuel surcharge $135.87 vs expected $124.64 (LTL, diesel $3.562/gal for week of 2025-03-31; 22.6% of linehaul vs expected 20.7% (+1.87 pp)): +$11.23",11.23,11.23,345,open
983,CARG:74062926,CARG,0700315,680175884,88820871,2025-06-08,2025-06-29,fsc_mismatch,1,"Fuel surcharge $238.69 vs expected $227.46 (TL, diesel $3.599/gal for week of 2025-06-02; $0.411/mi vs expected $0.391/mi over 581 mi): +$11.23",11.23,11.23,275,open
984,CARB:83663339,CARB,0200140,908941102,26306966,2025-02-08,2025-02-27,rate_overcharge,1,"Linehaul $161.46 vs contract $152.24 (Columbus → Detroit, rate effective 2025-01-01): +$9.22 (+6.1%); est. $11.13 with fuel surcharge",11.13,11.13,397,open
985,CARD:57443869,CARD,0401155,674605779,BOL#24273177,2025-08-26,2025-09-21,fsc_mismatch,1,"Fuel surcharge $110.97 vs expected $99.87 (LTL, diesel $3.947/gal for week of 2025-08-25; 27.0% of linehaul vs expected 24.3% (+2.70 pp)): +$11.10",11.1,11.1,191,open
986,CARD:65609494,CARD,0400182,473025232,BOL#44057827,2025-02-15,2025-03-04,rate_overcharge,1,"Linehaul $122.02 vs contract $112.95 (Atlanta → Kansas City, rate effective 2025-01-01): +$9.07 (+8.0%); est. $11.03 with fuel surcharge",11.03,11.03,392,open
987,CARD:95697223,CARD,0401673,149990263,BOL#03837695,2025-11-19,2025-12-24,rate_overcharge,1,"Linehaul $238.92 vs contract $230.38 (Columbus → Louisville, rate effective 2025-07-01): +$8.54 (+3.7%); est. $10.77 with fuel surcharge",10.77,10.77,97,open
988,CARC:96880183,CARC,0300882,260363312,98874724,2025-07-27,2025-08-04,fsc_mismatch,1,"Fuel surcharge $102.38 vs expected $91.72 (LTL, diesel $3.856/gal for week of 2025-07-21; 26.1% of linehaul vs expected 23.4% (+2.72 pp)): +$10.66",10.66,10.66,239,open
989,CARC:28318354,CARC,0300144,795078208,98033955,2025-02-12,2025-02-26,rate_overcharge,1,"Linehaul $190.80 vs contract $182.15 (Chicago → Nashville, rate effective 2025-01-01): +$8.65 (+4.7%); est. $10.52 with fuel surcharge",10.52,10.52,398,open
990,CARF:27784624,CARF,0600158,269999668,66203164,2025-04-06,2025-04-22,fsc_mismatch,1,"Fuel surcharge $131.90 vs expected $121.38 (TL, diesel $3.562/gal for week of 2025-03-31; $0.419/mi vs expected $0.385/mi over 315 mi): +$10.52",10.52,10.52,343,open
991,CARF:16314640,CARF,0600567,814213758,23350925,2025-10-13,2025-10-23,fsc_mismatch,1,"Fuel surcharge $124.44 vs expected $114.07 (TL, diesel $4.265/gal for week of 2025-10-13; $0.548/mi vs expected $0.503/mi over 227 mi): +$10.37",10.37,10.37,159,open
992,CARH:00896790,CARH,0800410,245769779,BOL#87565079,2025-10-27,2025-11-17,fsc_mismatch,1,"Fuel surcharge $551.39 vs expected $541.10 (TL, diesel $4.141/gal for week of 2025-10-27; $0.491/mi vs expected $0.482/mi over 1,123 mi): +$10.29",10.29,10.29,134,open
993,CARF:74519713,CARF,0600517,214124294,7889-3683,2025-09-23,2025-09-29,fsc_mismatch,1,"Fuel surcharge $122.00 vs expected $111.84 (TL, diesel $4.206/gal for week of 2025-09-22; $0.537/mi vs expected $0.493/mi over 227 mi): +$10.16",10.16,10.16,183,open
994,CARF:95261563,CARF,0600575,052733131,09334655,2025-10-23,2025-11-01,fsc_mismatch,1,"Fuel surcharge $121.71 vs expected $111.57 (TL, diesel $4.199/gal for week of 2025-10-20; $0.536/mi vs expected $0.491/mi over 227 mi): +$10.14",10.14,10.14,150,open
995,CARF:31478676,CARF,0600618,383484280,49799716,2025-10-26,2025-11-20,fsc_mismatch,1,"Fuel surcharge $121.71 vs expected $111.57 (TL, diesel $4.199/gal for week of 2025-10-20; $0.536/mi vs expected $0.491/mi over 227 mi): +$10.14",10.14,10.14,131,open
996,CARF:33086065,CARF,0600512,881029211,65153626,2025-09-15,2025-09-27,fsc_mismatch,1,"Fuel surcharge $120.00 vs expected $109.91 (TL, diesel $4.155/gal for week of 2025-09-15; $0.529/mi vs expected $0.484/mi over 227 mi): +$10.09",10.09,10.09,185,open
997,CARE:72687387,CARE,0501190,467463812,99519873,2025-09-25,2025-11-07,fsc_mismatch,1,"Fuel surcharge $304.90 vs expected $295.06 (LTL, diesel $4.206/gal for week of 2025-09-22; 27.9% of linehaul vs expected 27.0% (+0.90 pp)): +$9.84",9.84,9.84,144,open
998,CARE:35393873,CARE,0501300,311444386,78349781,2025-11-18,2025-12-01,rate_overcharge,1,"Linehaul $117.77 vs contract $110.00 (Memphis → St. Louis, rate effective 2025-01-01): +$7.77 (+7.1%); est. $9.80 with fuel surcharge",9.8,9.8,120,open
999,CARA:05100939,CARA,0100944,575121407,96115411,2025-08-30,2025-09-12,rate_overcharge,1,"Linehaul $145.44 vs contract $137.72 (Dallas → Philadelphia, rate effective 2025-01-01): +$7.72 (+5.6%); est. $9.60 with fuel surcharge",9.6,9.6,200,open
1000,CARD:01989201,CARD,0400230,667736859,BOL#48167353,2025-03-04,2025-03-21,rate_overcharge,1,"Linehaul $117.85 vs contract $110.00 (Columbus → Indianapolis, rate effective 2025-01-01): +$7.85 (+7.1%); est. $9.55 with fuel surcharge",9.55,9.55,375,open
1001,CARD:82806004,CARD,0400092,605400987,BOL#57775830,2025-01-07,2025-02-12,fsc_mismatch,1,"Fuel surcharge $82.63 vs expected $73.09 (LTL, diesel $3.510/gal for week of 2025-01-06; 23.4% of linehaul vs expected 20.7% (+2.70 pp)): +$9.54",9.54,9.54,412,open
1002,CARD:65213613,CARD,0401719,627526566,BOL#90624749,2025-12-16,2026-01-02,fsc_mismatch,1,"Fuel surcharge $94.37 vs expected $84.93 (LTL, diesel $3.906/gal for week of 2025-12-15; 27.0% of linehaul vs expected 24.3% (+2.70 pp)): +$9.44",9.44,9.44,88,open
1003,CARF:74452542,CARF,0600477,785942847,51705386,2025-09-05,2025-09-13,fsc_mismatch,1,"Fuel surcharge $111.68 vs expected $102.38 (TL, diesel $3.956/gal for week of 2025-09-01; $0.492/mi vs expected $0.451/mi over 227 mi): +$9.30",9.3,9.3,199,open
1004,CARE:30415927,CARE,0500459,089384734,25129457,2025-05-09,2025-05-26,fsc_mismatch,1,"Fuel surcharge $116.09 vs expected $106.80 (LTL, diesel $3.571/gal for week of 2025-05-05; 22.5% of linehaul vs expected 20.7% (+1.80 pp)): +$9.29",9.29,9.29,309,open
1005,CARF:83007362,CARF,0600430,179157113,04519688,2025-08-09,2025-08-17,fsc_mismatch,1,"Fuel surcharge $111.52 vs expected $102.23 (TL, diesel $3.952/gal for week of 2025-08-04; $0.491/mi vs expected $0.450/mi over 227 mi): +$9.29",9.29,9.29,226,open
1006,CARF:96527895,CARF,0600468,838520352,68080174,2025-08-25,2025-09-10,fsc_mismatch,1,"Fuel surcharge $111.31 vs expected $102.04 (TL, diesel $3.947/gal for week of 2025-08-25; $0.490/mi vs expected $0.450/mi over 227 mi): +$9.27",9.27,9.27,202,open
1007,CARF:25835436,CARF,0600476,523823288,80836442,2025-08-31,2025-09-14,fsc_mismatch,1,"Fuel surcharge $111.31 vs expected $102.04 (TL, diesel $3.947/gal for week of 2025-08-25; $0.490/mi vs expected $0.450/mi over 227 mi): +$9.27",9.27,9.27,198,open
1008,CARF:50920745,CARF,0600539,257839978,02166753,2025-09-29,2025-10-11,fsc_mismatch,1,"Fuel surcharge $106.77 vs expected $97.55 (TL, diesel $4.221/gal for week of 2025-09-29; $0.542/mi vs expected $0.495/mi over 197 mi): +$9.22",9.22,9.22,171,open
1009,CARE:69284915,CARE,0500518,901368731,64486898,2025-05-23,2025-06-09,rate_overcharge,1,"Linehaul $198.24 vs contract $190.80 (Chicago → St. Louis, rate effective 2025-01-01): +$7.44 (+3.9%); est. $9.05 with fuel surcharge",9.05,9.05,295,open
1010,CARE:68574916,CARE,0500790,521507707,60943797,2025-07-14,2025-08-08,rate_overcharge,1,"Linehaul $117.38 vs contract $110.00 (Memphis → St. Louis, rate effective 2025-01-01): +$7.38 (+6.7%); est. $9.04 with fuel surcharge",9.04,9.04,235,open
1011,CARF:04213604,CARF,0600554,062158017,85946781,2025-10-08,2025-10-21,fsc_mismatch,1,"Fuel surcharge $106.24 vs expected $97.38 (TL, diesel $4.216/gal for week of 2025-10-06; $0.539/mi vs expected $0.494/mi over 197 mi): +$8.86",8.86,8.86,161,open
1012,CARA:73296265,CARA,0101076,801587156,90559694,2025-09-26,2025-10-14,fsc_mismatch,1,"Fuel surcharge $140.70 vs expected $131.87 (LTL, diesel $4.206/gal for week of 2025-09-22; 28.8% of linehaul vs expected 27.0% (+1.81 pp)): +$8.83",8.83,8.83,168,open
1013,CARF:86068522,CARF,0600588,514388266,75109695,2025-10-22,2025-11-07,fsc_mismatch,1,"Fuel surcharge $105.63 vs expected $96.83 (TL, diesel $4.199/gal for week of 2025-10-20; $0.536/mi vs expected $0.492/mi over 197 mi): +$8.80",8.8,8.8,144,open
1014,CARC:44254264,CARC,0300696,630829273,24674837,2025-06-15,2025-06-25,fsc_mismatch,1,"Fuel surcharge $78.24 vs expected $69.55 (LTL, diesel $3.662/gal for week of 2025-06-09; 24.3% of linehaul vs expected 21.6% (+2.70 pp)): +$8.69",8.69,8.69,279,open
1015,CARC:69911693,CARC,0301271,121886771,72927212,2025-10-27,2025-11-01,fsc_mismatch,1,"Fuel surcharge $91.35 vs expected $82.79 (LTL, diesel $4.141/gal for week of 2025-10-27; 28.8% of linehaul vs expected 26.1% (+2.70 pp)): +$8.56",8.56,8.56,150,open
1016,CARE:49460560,CARE,0501217,658020407,36437850,2025-10-28,2025-11-15,fsc_mismatch,1,"Fuel surcharge $132.08 vs expected $123.56 (LTL, diesel $4.141/gal for week of 2025-10-27; 27.9% of linehaul vs expected 26.1% (+1.80 pp)): +$8.52",8.52,8.52,136,open
1017,CARA:62095599,CARA,0100212,060406833,82165235,2025-02-28,2025-03-22,fsc_mismatch,1,"Fuel surcharge $207.60 vs expected $199.29 (LTL, diesel $3.618/gal for week of 2025-02-24; 22.5% of linehaul vs expected 21.6% (+0.90 pp)): +$8.31",8.31,8.31,374,open
1018,CARC:27179465,CARC,0300002,177358040,23500963,2025-01-01,2025-01-16,rate_overcharge,1,"Linehaul $155.91 vs contract $149.18 (Dallas → Kansas City, rate effective 2025-01-01): +$6.73 (+4.5%); est. $8.12 with fuel surcharge",8.12,8.12,439,open
1019,CARF:74520712,CARF,0600417,681556726,06112771,2025-08-02,2025-08-12,fsc_mismatch,1,"Fuel surcharge $96.96 vs expected $88.88 (TL, diesel $3.957/gal for week of 2025-07-28; $0.492/mi vs expected $0.451/mi over 197 mi): +$8.08",8.08,8.08,231,open
1020,CARF:82839818,CARF,0600443,673929712,6023-9935,2025-08-11,2025-08-23,fsc_mismatch,1,"Fuel surcharge $96.82 vs expected $88.75 (TL, diesel $3.953/gal for week of 2025-08-11; $0.491/mi vs expected $0.451/mi over 197 mi): +$8.07",8.07,8.07,220,open
1021,CARF:37938273,CARF,0600446,593159647,83031539,2025-08-15,2025-08-29,fsc_mismatch,1,"Fuel surcharge $96.82 vs expected $88.75 (TL, diesel $3.953/gal for week of 2025-08-11; $0.491/mi vs expected $0.451/mi over 197 mi): +$8.07",8.07,8.07,214,open
1022,CARF:81620272,CARF,0600499,370340000,40634461,2025-09-05,2025-09-25,fsc_mismatch,1,"Fuel surcharge $96.92 vs expected $88.85 (TL, diesel $3.956/gal for week of 2025-09-01; $0.492/mi vs expected $0.451/mi over 197 mi): +$8.07",8.07,8.07,187,open
1023,CARF:51250773,CARF,0600427,122587462,62891702,2025-08-05,2025-08-17,fsc_mismatch,1,"Fuel surcharge $96.78 vs expected $88.72 (TL, diesel $3.952/gal for week of 2025-08-04; $0.491/mi vs expected $0.450/mi over 197 mi): +$8.06",8.06,8.06,226,open
1024,CARF:48691341,CARF,0600435,126133665,19438248,2025-08-04,2025-08-21,fsc_mismatch,1,"Fuel surcharge $96.78 vs expected $88.72 (TL, diesel $3.952/gal for week of 2025-08-04; $0.491/mi vs expected $0.450/mi over 197 mi): +$8.06",8.06,8.06,222,open
1025,CARF:89895415,CARF,0600464,062258629,15315929,2025-08-26,2025-09-06,fsc_mismatch,1,"Fuel surcharge $96.60 vs expected $88.55 (TL, diesel $3.947/gal for week of 2025-08-25; $0.490/mi vs expected $0.449/mi over 197 mi): +$8.05",8.05,8.05,206,open
1026,CARF:21353518,CARF,0600429,118981951,23936998,2025-08-07,2025-08-16,fsc_mismatch,1,"Fuel surcharge $96.73 vs expected $88.72 (TL, diesel $3.952/gal for week of 2025-08-04; $0.491/mi vs expected $0.450/mi over 197 mi): +$8.01",8.01,8.01,227,open
1027,CARE:79951531,CARE,0501369,119830946,52808169,2025-11-17,2025-12-13,rate_overcharge,1,"Linehaul $148.12 vs contract $141.93 (Chicago → Indianapolis, rate effective 2025-01-01): +$6.19 (+4.4%); est. $7.81 with fuel surcharge",7.81,7.81,108,open
1028,CARD:58151964,CARD,0401249,471818943,BOL#79439245,2025-09-18,2025-10-06,fsc_mismatch,1,"Fuel surcharge $251.57 vs expected $243.91 (LTL, diesel $4.155/gal for week of 2025-09-15; 26.9% of linehaul vs expected 26.1% (+0.82 pp)): +$7.66",7.66,7.66,176,open
1029,CARC:32504953,CARC,0300519,805647536,58822340,2025-05-11,2025-05-27,fsc_mismatch,1,"Fuel surcharge $95.14 vs expected $87.83 (LTL, diesel $3.571/gal for week of 2025-05-05; 22.4% of linehaul vs expected 20.7% (+1.72 pp)): +$7.31",7.31,7.31,308,open
1030,CARD:65561228,CARD,0400677,092386144,BOL#69613667,2025-06-07,2025-06-20,fsc_mismatch,1,"Fuel surcharge $173.64 vs expected $166.40 (LTL, diesel $3.599/gal for week of 2025-06-02; 21.6% of linehaul vs expected 20.7% (+0.90 pp)): +$7.24",7.24,7.24,284,open
1031,CARD:56386958,CARD,0400583,945641275,BOL#79943092,2025-05-04,2025-05-31,fsc_mismatch,1,"Fuel surcharge $173.49 vs expected $166.26 (LTL, diesel $3.542/gal for week of 2025-04-28; 21.6% of linehaul vs expected 20.7% (+0.90 pp)): +$7.23",7.23,7.23,304,open
1032,CARG:94506210,CARG,0700136,902612488,12673860,2025-03-15,2025-04-02,fsc_mismatch,1,"Fuel surcharge $280.59 vs expected $273.42 (TL, diesel $3.538/gal for week of 2025-03-10; $0.391/mi vs expected $0.381/mi over 717 mi): +$7.17",7.17,7.17,363,open
1033,CARD:64394083,CARD,0400526,679635093,BOL#29227467,2025-05-06,2025-05-19,fsc_mismatch,1,"Fuel surcharge $85.97 vs expected $79.09 (LTL, diesel $3.571/gal for week of 2025-05-05; 22.5% of linehaul vs expected 20.7% (+1.80 pp)): +$6.88",6.88,6.88,316,open
1034,CARA:44916269,CARA,0100747,074868239,38172532,2025-07-07,2025-07-24,fsc_mismatch,1,"Fuel surcharge $92.12 vs expected $85.30 (LTL, diesel $3.735/gal for week of 2025-07-07; 24.3% of linehaul vs expected 22.5% (+1.80 pp)): +$6.82",6.82,6.82,250,open
1035,CARG:70462116,CARG,0700071,711509466,80198062,2025-02-06,2025-03-03,fsc_mismatch,1,"Fuel surcharge $539.58 vs expected $533.00 (TL, diesel $3.598/gal for week of 2025-02-03; $0.396/mi vs expected $0.391/mi over 1,362 mi): +$6.58",6.58,6.58,393,open
1036,CARD:06964459,CARD,0401110,111800451,BOL#13820593,2025-08-28,2025-09-11,fsc_mismatch,1,"Fuel surcharge $94.35 vs expected $87.84 (LTL, diesel $3.947/gal for week of 2025-08-25; 26.1% of linehaul vs expected 24.3% (+1.80 pp)): +$6.51",6.51,6.51,201,open
1037,CARH:96786948,CARH,0800236,648961385,BOL#33112392,2025-07-09,2025-07-25,fsc_mismatch,1,"Fuel surcharge $776.44 vs expected $769.94 (TL, diesel $3.735/gal for week of 2025-07-07; $0.418/mi vs expected $0.414/mi over 1,859 mi): +$6.50",6.5,6.5,249,open
1038,CARB:91548479,CARB,0200633,980005975,15946761,2025-05-20,2025-06-12,fsc_mismatch,1,"Fuel surcharge $83.90 vs expected $77.44 (LTL, diesel $3.677/gal for week of 2025-05-19; 23.4% of linehaul vs expected 21.6% (+1.80 pp)): +$6.46",6.46,6.46,292,open
1039,CARG:12217005,CARG,0700262,423866666,31765353,2025-05-02,2025-06-02,fsc_mismatch,1,"Fuel surcharge $114.88 vs expected $108.49 (TL, diesel $3.542/gal for week of 2025-04-28; $0.405/mi vs expected $0.382/mi over 284 mi): +$6.39",6.39,6.39,302,open
1040,CARA:27073904,CARA,0101162,465648067,49662348,2025-10-21,2025-11-03,fsc_mismatch,1,"Fuel surcharge $97.75 vs expected $91.44 (LTL, diesel $4.199/gal for week of 2025-10-20; 27.9% of linehaul vs expected 26.1% (+1.80 pp)): +$6.31",6.31,6.31,148,open
1041,CARE:82186397,CARE,0501280,409784662,18474249,2025-11-13,2025-11-24,rate_overcharge,1,"Linehaul $149.00 vs contract $144.23 (Memphis → Nashville, rate effective 2025-01-01): +$4.77 (+3.3%); est. $6.06 with fuel surcharge",6.06,6.06,127,open
1042,CARC:02455824,CARC,0300539,197269156,79577556,2025-05-09,2025-06-02,fsc_mismatch,1,"Fuel surcharge $50.93 vs expected $45.06 (LTL, diesel $3.571/gal for week of 2025-05-05; 23.4% of linehaul vs expected 20.7% (+2.70 pp)): +$5.87",5.87,5.87,302,open
1043,CARA:25319484,CARA,0100725,904262630,30914017,2025-07-03,2025-07-17,fsc_mismatch,1,"Fuel surcharge $152.71 vs expected $146.84 (LTL, diesel $3.739/gal for week of 2025-06-30; 23.4% of linehaul vs expected 22.5% (+0.90 pp)): +$5.87",5.87,5.87,257,open
1044,CARD:24455117,CARD,0400030,512944069,BOL#36192525,2025-01-08,2025-01-28,fsc_mismatch,1,"Fuel surcharge $73.27 vs expected $67.41 (LTL, diesel $3.510/gal for week of 2025-01-06; 22.5% of linehaul vs expected 20.7% (+1.80 pp)): +$5.86",5.86,5.86,427,open
1045,CARH:17546917,CARH,0800215,789237719,BOL#73815150,2025-06-18,2025-07-14,fsc_mismatch,1,"Fuel surcharge $165.93 vs expected $160.13 (TL, diesel $3.652/gal for week of 2025-06-16; $0.415/mi vs expected $0.400/mi over 400 mi): +$5.80",5.8,5.8,260,open
1046,CARA:20620293,CARA,0100341,442446874,03364004,2025-04-03,2025-04-17,fsc_mismatch,1,"Fuel surcharge $137.92 vs expected $132.17 (LTL, diesel $3.562/gal for week of 2025-03-31; 21.6% of linehaul vs expected 20.7% (+0.90 pp)): +$5.75",5.75,5.75,348,open
1047,CARB:42414561,CARB,0201531,934490646,50771783,2025-11-19,2025-12-12,fsc_mismatch,1,"Fuel surcharge $89.14 vs expected $83.39 (LTL, diesel $4.106/gal for week of 2025-11-17; 27.9% of linehaul vs expected 26.1% (+1.80 pp)): +$5.75",5.75,5.75,109,open
1048,CARC:36767028,CARC,0300857,877794059,54076711,2025-07-21,2025-07-31,fsc_mismatch,1,"Fuel surcharge $79.93 vs expected $74.22 (LTL, diesel $3.856/gal for week of 2025-07-21; 25.2% of linehaul vs expected 23.4% (+1.80 pp)): +$5.71",5.71,5.71,243,open
1049,CARE:77245022,CARE,0500749,754865288,03254694,2025-07-08,2025-07-29,fsc_mismatch,1,"Fuel surcharge $137.46 vs expected $132.17 (LTL, diesel $3.735/gal for week of 2025-07-07; 23.4% of linehaul vs expected 22.5% (+0.90 pp)): +$5.29",5.29,5.29,245,open
1050,CARF:03279148,CARF,0600123,538014797,76835546,2025-03-13,2025-03-31,fsc_mismatch,1,"Fuel surcharge $223.02 vs expected $217.74 (TL, diesel $3.538/gal for week of 2025-03-10; $0.391/mi vs expected $0.381/mi over 571 mi): +$5.28",5.28,5.28,365,open
1051,CARA:15173113,CARA,0100818,751840857,03906184,2025-07-25,2025-08-14,fsc_mismatch,1,"Fuel surcharge $131.29 vs expected $126.42 (LTL, diesel $3.856/gal for week of 2025-07-21; 24.3% of linehaul vs expected 23.4% (+0.90 pp)): +$4.87",4.87,4.87,229,open
1052,CARB:19738968,CARB,0201698,305576329,68976168,2025-12-23,2026-01-12,fsc_mismatch,1,"Fuel surcharge $126.19 vs expected $121.52 (LTL, diesel $3.890/gal for week of 2025-12-22; 24.3% of linehaul vs expected 23.4% (+0.90 pp)): +$4.67",4.67,4.67,78,open
1053,CARC:26004144,CARC,0300431,166637397,bol-10888813,2025-04-27,2025-05-09,fsc_mismatch,1,"Fuel surcharge $110.12 vs expected $105.53 (LTL, diesel $3.538/gal for week of 2025-04-21; 21.6% of linehaul vs expected 20.7% (+0.90 pp)): +$4.59",4.59,4.59,326,open
1054,CARB:65112627,CARB,0200587,011981142,22328039,2025-05-16,2025-05-28,fsc_mismatch,1,"Fuel surcharge $112.22 vs expected $107.73 (LTL, diesel $3.601/gal for week of 2025-05-12; 22.5% of linehaul vs expected 21.6% (+0.90 pp)): +$4.49",4.49,4.49,307,open
1055,CARE:04771631,CARE,0501268,789669225,54606887,2025-11-08,2025-11-24,fsc_mismatch,1,"Fuel surcharge $133.27 vs expected $128.83 (LTL, diesel $4.196/gal for week of 2025-11-03; 27.0% of linehaul vs expected 26.1% (+0.90 pp)): +$4.44",4.44,4.44,127,open
1056,CARB:61381309,CARB,0201727,438876480,86665921,2025-12-25,2026-01-26,fsc_mismatch,1,"Fuel surcharge $61.48 vs expected $57.08 (LTL, diesel $3.890/gal for week of 2025-12-22; 25.2% of linehaul vs expected 23.4% (+1.80 pp)): +$4.40",4.4,4.4,64,open
1057,CARC:68649949,CARC,0300476,301882748,12252365,2025-04-29,2025-05-15,fsc_mismatch,1,"Fuel surcharge $104.33 vs expected $99.99 (LTL, diesel $3.542/gal for week of 2025-04-28; 21.6% of linehaul vs expected 20.7% (+0.90 pp)): +$4.34",4.34,4.34,320,open
1058,CARC:67322365,CARC,0300077,267134397,57251917,2025-01-27,2025-02-10,fsc_mismatch,1,"Fuel surcharge $95.09 vs expected $90.79 (LTL, diesel $3.660/gal for week of 2025-01-27; 22.6% of linehaul vs expected 21.6% (+1.02 pp)): +$4.30",4.3,4.3,414,open
1059,CARA:92800757,CARA,0101202,707930060,32468995,2025-10-27,2025-11-14,fsc_mismatch,1,"Fuel surcharge $129.13 vs expected $124.83 (LTL, diesel $4.141/gal for week of 2025-10-27; 27.0% of linehaul vs expected 26.1% (+0.90 pp)): +$4.30",4.3,4.3,137,open
1060,CARC:91556488,CARC,0301030,100426161,87027004,2025-09-01,2025-09-11,fsc_mismatch,1,"Fuel surcharge $41.09 vs expected $36.98 (LTL, diesel $3.956/gal for week of 2025-09-01; 27.0% of linehaul vs expected 24.3% (+2.70 pp)): +$4.11",4.11,4.11,201,open
1061,CARB:30105828,CARB,0200868,549287677,56728231,2025-07-06,2025-07-27,fsc_mismatch,1,"Fuel surcharge $38.05 vs expected $33.98 (LTL, diesel $3.739/gal for week of 2025-06-30; 25.2% of linehaul vs expected 22.5% (+2.70 pp)): +$4.07",4.07,4.07,247,open
1062,CARA:04380837,CARA,0101476,475632714,19063435,2025-12-24,2026-01-17,fsc_mismatch,1,"Fuel surcharge $55.52 vs expected $51.56 (LTL, diesel $3.890/gal for week of 2025-12-22; 25.2% of linehaul vs expected 23.4% (+1.80 pp)): +$3.96",3.96,3.96,73,open
1063,CARA:72123009,CARA,0101101,915478387,25326323,2025-10-03,2025-10-21,fsc_mismatch,1,"Fuel surcharge $62.17 vs expected $58.28 (LTL, diesel $4.221/gal for week of 2025-09-29; 28.8% of linehaul vs expected 27.0% (+1.80 pp)): +$3.89",3.89,3.89,161,open
1064,CARD:27043486,CARD,0400918,636760038,BOL#54868851,2025-06-30,2025-08-05,fsc_mismatch,1,"Fuel surcharge $100.35 vs expected $96.49 (LTL, diesel $3.739/gal for week of 2025-06-30; 23.4% of linehaul vs expected 22.5% (+0.90 pp)): +$3.86",3.86,3.86,238,open
1065,CARG:60587194,CARG,0700204,573872942,30546501,2025-04-12,2025-05-08,fsc_mismatch,1,"Fuel surcharge $508.32 vs expected $504.54 (TL, diesel $3.521/gal for week of 2025-04-07; $0.381/mi vs expected $0.378/mi over 1,333 mi): +$3.78",3.78,3.78,327,open
1066,CARG:05096507,CARG,0700005,061570691,82953877,2025-01-03,2025-01-17,fsc_mismatch,1,"Fuel surcharge $429.26 vs expected $425.55 (TL, diesel $3.542/gal for week of 2024-12-30; $0.385/mi vs expected $0.382/mi over 1,114 mi): +$3.71",3.71,3.71,438,open
1067,CARD:47007978,CARD,0401606,682058119,BOL#58197617,2025-10-21,2025-12-14,fsc_mismatch,1,"Fuel surcharge $56.65 vs expected $52.94 (LTL, diesel $4.199/gal for week of 2025-10-20; 27.9% of linehaul vs expected 26.1% (+1.83 pp)): +$3.71",3.71,3.71,107,open
1068,CARE:39535907,CARE,0501013,788901557,0642-2616,2025-09-13,2025-09-29,fsc_mismatch,1,"Fuel surcharge $53.21 vs expected $49.67 (LTL, diesel $4.047/gal for week of 2025-09-08; 27.0% of linehaul vs expected 25.2% (+1.80 pp)): +$3.54",3.54,3.54,183,open
1069,CARD:08210340,CARD,0400598,812250846,BOL#99157106,2025-05-03,2025-06-04,fsc_mismatch,1,"Fuel surcharge $83.43 vs expected $79.95 (LTL, diesel $3.542/gal for week of 2025-04-28; 21.6% of linehaul vs expected 20.7% (+0.90 pp)): +$3.48",3.48,3.48,300,open
1070,CARB:24939194,CARB,0200675,531015128,73668201,2025-06-08,2025-06-24,fsc_mismatch,1,"Fuel surcharge $82.65 vs expected $79.21 (LTL, diesel $3.599/gal for week of 2025-06-02; 21.6% of linehaul vs expected 20.7% (+0.90 pp)): +$3.44",3.44,3.44,280,open
1071,CARE:67705308,CARE,0500994,552233437,9540-5925,2025-09-08,2025-09-21,fsc_mismatch,1,"Fuel surcharge $48.17 vs expected $44.96 (LTL, diesel $4.047/gal for week of 2025-09-08; 27.0% of linehaul vs expected 25.2% (+1.80 pp)): +$3.21",3.21,3.21,191,open
1072,CARD:06427466,CARD,0400696,868572260,BOL#55199282,2025-05-24,2025-06-21,fsc_mismatch,1,"Fuel surcharge $79.45 vs expected $76.27 (LTL, diesel $3.677/gal for week of 2025-05-19; 22.5% of linehaul vs expected 21.6% (+0.90 pp)): +$3.18",3.18,3.18,283,open
1073,CARC:67263914,CARC,0301283,039143144,62617713,2025-10-22,2025-11-03,fsc_mismatch,1,"Fuel surcharge $91.22 vs expected $88.18 (LTL, diesel $4.199/gal for week of 2025-10-20; 27.0% of linehaul vs expected 26.1% (+0.90 pp)): +$3.04",3.04,3.04,148,open
1074,CARB:62200931,CARB,0200876,231752408,05636470,2025-07-10,2025-07-31,fsc_mismatch,1,"Fuel surcharge $40.31 vs expected $37.32 (LTL, diesel $3.735/gal for week of 2025-07-07; 24.3% of linehaul vs expected 22.5% (+1.80 pp)): +$2.99",2.99,2.99,243,open
1075,CARC:04303104,CARC,0301559,951468597,30063492,2025-12-09,2025-12-25,fsc_mismatch,1,"Fuel surcharge $29.70 vs expected $26.73 (LTL, diesel $3.944/gal for week of 2025-12-08; 27.0% of linehaul vs expected 24.3% (+2.70 pp)): +$2.97",2.97,2.97,96,open
1076,CARC:65902103,CARC,0301061,224045803,67920227,2025-09-05,2025-09-22,fsc_mismatch,1,"Fuel surcharge $42.17 vs expected $39.26 (LTL, diesel $3.956/gal for week of 2025-09-01; 26.1% of linehaul vs expected 24.3% (+1.80 pp)): +$2.91",2.91,2.91,190,open
1077,CARE:61525875,CARE,0500074,066913434,31286943,2025-01-15,2025-02-10,fsc_mismatch,1,"Fuel surcharge $68.58 vs expected $65.72 (LTL, diesel $3.507/gal for week of 2025-01-13; 21.6% of linehaul vs expected 20.7% (+0.90 pp)): +$2.86",2.86,2.86,414,open
1078,CARD:67420492,CARD,0401419,420209900,BOL#90924902,2025-10-21,2025-11-07,fsc_mismatch,1,"Fuel surcharge $82.52 vs expected $79.77 (LTL, diesel $4.199/gal for week of 2025-10-20; 27.0% of linehaul vs expected 26.1% (+0.90 pp)): +$2.75",2.75,2.75,144,open
1079,CARC:15136818,CARC,0300411,513320093,69227116,2025-04-19,2025-05-05,fsc_mismatch,1,"Fuel surcharge $59.45 vs expected $56.98 (LTL, diesel $3.502/gal for week of 2025-04-14; 21.6% of linehaul vs expected 20.7% (+0.90 pp)): +$2.47",2.47,2.47,330,open
1080,CARB:50959185,CARB,0200041,569123609,bol-47352012,2025-01-19,2025-01-30,fsc_mismatch,1,"Fuel surcharge $58.49 vs expected $56.06 (LTL, diesel $3.507/gal for week of 2025-01-13; 21.6% of linehaul vs expected 20.7% (+0.90 pp)): +$2.43",2.43,2.43,425,open
1081,CARC:14172198,CARC,0300729,123797426,41890679,2025-06-22,2025-07-05,fsc_mismatch,1,"Fuel surcharge $59.24 vs expected $56.87 (LTL, diesel $3.652/gal for week of 2025-06-16; 22.5% of linehaul vs expected 21.6% (+0.90 pp)): +$2.37",2.37,2.37,269,open
1082,CARE:68230569,CARE,0501179,256321550,43415991,2025-10-21,2025-11-04,fsc_mismatch,1,"Fuel surcharge $67.83 vs expected $65.57 (LTL, diesel $4.199/gal for week of 2025-10-20; 27.0% of linehaul vs expected 26.1% (+0.90 pp)): +$2.26",2.26,2.26,147,open
1083,CARC:47729336,CARC,0300427,143246835,88640051,2025-04-21,2025-05-04,fsc_mismatch,1,"Fuel surcharge $53.90 vs expected $51.66 (LTL, diesel $3.538/gal for week of 2025-04-21; 21.6% of linehaul vs expected 20.7% (+0.90 pp)): +$2.24",2.24,2.24,331,open
1084,CARD:63716621,CARD,0400786,456688287,BOL#84329522,2025-06-16,2025-07-12,fsc_mismatch,1,"Fuel surcharge $53.76 vs expected $51.61 (LTL, diesel $3.652/gal for week of 2025-06-16; 22.5% of linehaul vs expected 21.6% (+0.90 pp)): +$2.15",2.15,2.15,262,open
1085,CARC:50948844,CARC,0300050,148532513,BOL-45736347,2025-01-15,2025-01-27,fsc_mismatch,1,"Fuel surcharge $54.34 vs expected $52.20 (LTL, diesel $3.507/gal for week of 2025-01-13; 21.5% of linehaul vs expected 20.7% (+0.85 pp)): +$2.14",2.14,2.14,428,open
1086,CARD:55856494,CARD,0400124,118605220,BOL#16817437,2025-02-07,2025-02-25,fsc_mismatch,1,"Fuel surcharge $51.18 vs expected $49.05 (LTL, diesel $3.598/gal for week of 2025-02-03; 21.6% of linehaul vs expected 20.7% (+0.90 pp)): +$2.13",2.13,2.13,399,open
1087,CARB:77233128,CARB,0201412,815098893,02524044,2025-10-28,2025-11-17,fsc_mismatch,1,"Fuel surcharge $59.78 vs expected $57.79 (LTL, diesel $4.141/gal for week of 2025-10-27; 27.0% of linehaul vs expected 26.1% (+0.90 pp)): +$1.99",1.99,1.99,134,open
1088,CARD:90250545,CARD,0401692,364225183,BOL#55597287,2025-12-04,2025-12-28,fsc_mismatch,1,"Fuel surcharge $29.70 vs expected $27.72 (LTL, diesel $4.006/gal for week of 2025-12-01; 27.0% of linehaul vs expected 25.2% (+1.80 pp)): +$1.98",1.98,1.98,93,open
1089,CARB:06150556,CARB,0200807,541287179,23991379,2025-07-02,2025-07-13,fsc_mismatch,1,"Fuel surcharge $46.54 vs expected $44.75 (LTL, diesel $3.739/gal for week of 2025-06-30; 23.4% of linehaul vs expected 22.5% (+0.90 pp)): +$1.79",1.79,1.79,261,open
1090,CARC:60212624,CARC,0300973,787052949,22154734,2025-08-20,2025-08-26,fsc_mismatch,1,"Fuel surcharge $49.04 vs expected $47.29 (LTL, diesel $3.999/gal for week of 2025-08-18; 25.2% of linehaul vs expected 24.3% (+0.90 pp)): +$1.75",1.75,1.75,217,open
1091,CARE:82263890,CARE,0501053,647258490,86758293,2025-08-29,2025-10-06,fsc_mismatch,1,"Fuel surcharge $48.16 vs expected $46.44 (LTL, diesel $3.947/gal for week of 2025-08-25; 25.2% of linehaul vs expected 24.3% (+0.90 pp)): +$1.72",1.72,1.72,176,open
1092,CARE:15587860,CARE,0500739,506212259,99843540,2025-07-08,2025-07-28,fsc_mismatch,1,"Fuel surcharge $39.85 vs expected $38.30 (LTL, diesel $3.735/gal for week of 2025-07-07; 23.4% of linehaul vs expected 22.5% (+0.91 pp)): +$1.55",1.55,1.55,246,open
1093,CARE:33826119,CARE,0501507,602943682,15299624,2025-12-28,2026-01-18,fsc_mismatch,1,"Fuel surcharge $139.31 vs expected $137.83 (LTL, diesel $3.890/gal for week of 2025-12-22; 23.7% of linehaul vs expected 23.4% (+0.25 pp)): +$1.48",1.48,1.48,72,open
1094,CARD:27333956,CARD,0401275,271761712,BOL#36082259,2025-09-18,2025-10-11,fsc_mismatch,1,"Fuel surcharge $41.75 vs expected $40.36 (LTL, diesel $4.155/gal for week of 2025-09-15; 27.0% of linehaul vs expected 26.1% (+0.90 pp)): +$1.39",1.39,1.39,171,open
1095,CARC:42846818,CARC,0301033,713421301,bol-03975748,2025-09-01,2025-09-11,fsc_mismatch,1,"Fuel surcharge $28.77 vs expected $27.74 (LTL, diesel $3.956/gal for week of 2025-09-01; 25.2% of linehaul vs expected 24.3% (+0.90 pp)): +$1.03",1.03,1.03,201,open
