carrier_id,control_id,received_date
CARA,20709629,2025-01-08
CARC,82854130,2025-01-09
CARE,40892974,2025-01-10
CARC,50300469,2025-01-12
CARE,73950845,2025-01-12
CARF,30119377,2025-01-12
CARF,57165858,2025-01-12
CARG,51225341,2025-01-12
CARG,72219955,2025-01-12
CARC,17022926,2025-01-13
CARC,37074421,2025-01-13
CARC,59195801,2025-01-13
CARE,02126965,2025-01-13
CARG,82803710,2025-01-13
CARB,08282648,2025-01-14
CARC,91958464,2025-01-14
CARE,00215512,2025-01-14
CARE,80491458,2025-01-14
CARF,35306227,2025-01-14
CARA,40671719,2025-01-15
CARA,91940453,2025-01-15
CARB,94265932,2025-01-15
CARC,16310645,2025-01-15
CARC,62166848,2025-01-15
CARC,77738531,2025-01-15
CARC,81893954,2025-01-15
CARD,69124122,2025-01-15
CARD,79470152,2025-01-15
CARF,53403272,2025-01-15
CARA,31680390,2025-01-16
CARB,78312241,2025-01-16
CARC,42808839,2025-01-16
CARC,75841478,2025-01-16
CARD,72334948,2025-01-16
CARA,15796478,2025-01-17
CARA,48351709,2025-01-17
CARC,07307164,2025-01-17
CARC,21863032,2025-01-17
CARC,45660198,2025-01-17
CARC,59710501,2025-01-17
CARC,64836400,2025-01-17
CARC,91162663,2025-01-17
CARC,93252748,2025-01-17
CARC,93661115,2025-01-17
CARG,30842978,2025-01-17
CARG,76682403,2025-01-17
CARA,74555480,2025-01-18
CARB,28785149,2025-01-18
CARC,12361237,2025-01-18
CARC,64240664,2025-01-18
CARD,12356080,2025-01-18
CARD,14981773,2025-01-18
CARD,50123681,2025-01-18
CARE,60452263,2025-01-18
CARE,63859182,2025-01-18
CARF,47671172,2025-01-18
CARG,00609283,2025-01-18
CARG,78938282,2025-01-18
CARA,78755863,2025-01-19
CARA,88747476,2025-01-19
CARC,15536389,2025-01-19
CARC,86712759,2025-01-19
CARD,35882834,2025-01-19
CARE,13299047,2025-01-19
CARE,96513563,2025-01-19
CARF,21985652,2025-01-19
CARA,36023006,2025-01-20
CARA,69472898,2025-01-20
CARB,15616409,2025-01-20
CARB,37490236,2025-01-20
CARB,41527986,2025-01-20
CARB,61384170,2025-01-20
CARC,45708961,2025-01-20
CARD,36818689,2025-01-20
CARD,40910197,2025-01-20
CARD,44073260,2025-01-20
CARD,67525900,2025-01-20
CARD,80149078,2025-01-20
CARE,44060621,2025-01-20
CARE,71537677,2025-01-20
CARF,42306274,2025-01-20
CARG,72663031,2025-01-20
CARA,43517129,2025-01-21
CARA,90688068,2025-01-21
CARB,33427692,2025-01-21
CARB,36519685,2025-01-21
CARC,09124605,2025-01-21
CARC,96541528,2025-01-21
CARD,32805707,2025-01-21
CARE,63935105,2025-01-21
CARE,73594279,2025-01-21
CARE,87348337,2025-01-21
CARF,39752516,2025-01-21
CARA,08148023,2025-01-22
CARA,21691765,2025-01-22
CARB,38250863,2025-01-22
CARB,97718502,2025-01-22
CARC,20786445,2025-01-22
CARC,94770807,2025-01-22
CARD,75424544,2025-01-22
CARD,88668062,2025-01-22
CARE,63526193,2025-01-22
CARE,73070480,2025-01-22
CARF,01280571,2025-01-22
CARF,78011924,2025-01-22
CARA,04073591,2025-01-23
CARA,18338199,2025-01-23
CARA,71534075,2025-01-23
CARA,92669327,2025-01-23
CARB,24979666,2025-01-23
CARD,90784290,2025-01-23
CARD,99072645,2025-01-23
CARE,18712431,2025-01-23
CARF,45704744,2025-01-23
CARA,04185646,2025-01-24
CARA,11880512,2025-01-24
CARA,47449301,2025-01-24
CARA,79455373,2025-01-24
CARB,03796136,2025-01-24
CARB,48345352,2025-01-24
CARB,59392572,2025-01-24
CARB,62122086,2025-01-24
CARC,55603878,2025-01-24
CARC,97831395,2025-01-24
CARD,39213950,2025-01-24
CARD,68766080,2025-01-24
CARD,72813739,2025-01-24
CARD,84178385,2025-01-24
CARE,22393524,2025-01-24
CARE,33147433,2025-01-24
CARE,64803346,2025-01-24
CARE,72390366,2025-01-24
CARF,48860985,2025-01-24
CARF,82196427,2025-01-24
CARA,24052367,2025-01-25
CARA,45067780,2025-01-25
CARB,42047609,2025-01-25
CARB,42716871,2025-01-25
CARB,45355348,2025-01-25
CARB,64492505,2025-01-25
CARC,11477919,2025-01-25
CARC,34183414,2025-01-25
CARC,67156122,2025-01-25
CARC,87646786,2025-01-25
CARD,45152519,2025-01-25
CARD,56327113,2025-01-25
CARD,64007193,2025-01-25
CARE,13049473,2025-01-25
CARE,25776686,2025-01-25
CARE,69586057,2025-01-25
CARE,93964647,2025-01-25
CARF,44463675,2025-01-25
CARF,44740692,2025-01-25
CARA,36116499,2025-01-26
CARA,43603869,2025-01-26
CARC,39453685,2025-01-26
CARC,69023608,2025-01-26
CARC,71150738,2025-01-26
CARC,82410619,2025-01-26
CARD,14434742,2025-01-26
CARD,86757775,2025-01-26
CARD,94793729,2025-01-26
CARE,41050673,2025-01-26
CARG,17235587,2025-01-26
CARG,98329209,2025-01-26
CARA,05230561,2025-01-27
CARA,12572764,2025-01-27
CARA,20202974,2025-01-27
CARA,55855917,2025-01-27
CARA,73299555,2025-01-27
CARB,06236455,2025-01-27
CARB,27267563,2025-01-27
CARB,37570883,2025-01-27
CARB,43169607,2025-01-27
CARC,09879718,2025-01-27
CARC,24597634,2025-01-27
CARC,51669169,2025-01-27
CARC,77259843,2025-01-27
CARD,18239461,2025-01-27
CARD,80843569,2025-01-27
CARD,83960267,2025-01-27
CARE,04389702,2025-01-27
CARE,25150198,2025-01-27
CARE,45571869,2025-01-27
CARG,04064338,2025-01-27
CARG,13039166,2025-01-27
CARG,36409104,2025-01-27
CARA,59242616,2025-01-28
CARB,09385801,2025-01-28
CARB,41642564,2025-01-28
CARB,67856848,2025-01-28
CARC,07500496,2025-01-28
CARC,15494997,2025-01-28
CARC,33822584,2025-01-28
CARC,33848556,2025-01-28
CARC,97092146,2025-01-28
CARD,11084394,2025-01-28
CARD,24327191,2025-01-28
CARD,32253746,2025-01-28
CARD,32849777,2025-01-28
CARD,43112410,2025-01-28
CARD,58810210,2025-01-28
CARD,68761105,2025-01-28
CARD,83415670,2025-01-28
CARD,90892844,2025-01-28
CARD,91125756,2025-01-28
CARE,28450840,2025-01-28
CARE,43891435,2025-01-28
CARF,65091033,2025-01-28
CARA,22361797,2025-01-29
CARA,39947233,2025-01-29
CARA,61694310,2025-01-29
CARB,31682825,2025-01-29
CARC,11878029,2025-01-29
CARD,44121220,2025-01-29
CARD,56233433,2025-01-29
CARD,67056872,2025-01-29
CARE,01933373,2025-01-29
CARE,04756554,2025-01-29
CARE,25591697,2025-01-29
CARE,58670716,2025-01-29
CARE,65119682,2025-01-29
CARE,89265605,2025-01-29
CARF,25744376,2025-01-29
CARF,26751410,2025-01-29
CARF,89869381,2025-01-29
CARG,75711355,2025-01-29
CARH,06634999,2025-01-29
CARA,39292224,2025-01-30
CARA,74932323,2025-01-30
CARA,88738154,2025-01-30
CARA,90459641,2025-01-30
CARB,16840329,2025-01-30
CARB,27143621,2025-01-30
CARB,46875884,2025-01-30
CARB,90547620,2025-01-30
CARC,26060907,2025-01-30
CARC,39786927,2025-01-30
CARC,44907467,2025-01-30
CARD,03055470,2025-01-30
CARD,75200013,2025-01-30
CARD,88398200,2025-01-30
CARD,89907892,2025-01-30
CARD,94895385,2025-01-30
CARE,25940733,2025-01-30
CARE,48326120,2025-01-30
CARF,11415556,2025-01-30
CARF,30790671,2025-01-30
CARF,76115110,2025-01-30
CARG,49617659,2025-01-30
CARG,71972667,2025-01-30
CARG,99723044,2025-01-30
CARH,00435029,2025-01-30
CARA,80242986,2025-01-31
CARA,95613338,2025-01-31
CARB,26998743,2025-01-31
CARB,41001781,2025-01-31
CARB,45626252,2025-01-31
CARB,81215113,2025-01-31
CARB,96091706,2025-01-31
CARC,75112648,2025-01-31
CARC,77272566,2025-01-31
CARC,78757148,2025-01-31
CARD,30689858,2025-01-31
CARD,82439041,2025-01-31
CARE,34204448,2025-01-31
CARE,63380001,2025-01-31
CARE,72662202,2025-01-31
CARE,79323421,2025-01-31
CARE,92519851,2025-01-31
CARG,45158251,2025-01-31
CARH,71376993,2025-01-31
CARH,92071824,2025-01-31
CARA,34388751,2025-02-01
CARA,40098440,2025-02-01
CARB,08723434,2025-02-01
CARB,17945109,2025-02-01
CARB,35424693,2025-02-01
CARB,47371220,2025-02-01
CARB,61704574,2025-02-01
CARD,22317777,2025-02-01
CARD,23783806,2025-02-01
CARD,53329430,2025-02-01
CARD,76978135,2025-02-01
CARD,78368416,2025-02-01
CARD,99504199,2025-02-01
CARE,08596277,2025-02-01
CARE,54285402,2025-02-01
CARE,65711430,2025-02-01
CARE,88073245,2025-02-01
CARF,32527978,2025-02-01
CARF,77650052,2025-02-01
CARG,51765665,2025-02-01
CARH,88179827,2025-02-01
CARA,22916164,2025-02-02
CARA,42580326,2025-02-02
CARA,63077111,2025-02-02
CARC,44037902,2025-02-02
CARC,59064481,2025-02-02
CARD,39037263,2025-02-02
CARD,46232365,2025-02-02
CARD,61428204,2025-02-02
CARD,85401352,2025-02-02
CARE,60296389,2025-02-02
CARF,08831733,2025-02-02
CARG,90204861,2025-02-02
CARG,91563683,2025-02-02
CARH,78430069,2025-02-02
CARA,23122807,2025-02-03
CARA,66217638,2025-02-03
CARA,69947529,2025-02-03
CARB,12496036,2025-02-03
CARB,21546603,2025-02-03
CARB,57542670,2025-02-03
CARB,68528334,2025-02-03
CARB,92639333,2025-02-03
CARC,59431146,2025-02-03
CARC,86624966,2025-02-03
CARC,95090203,2025-02-03
CARC,95118474,2025-02-03
CARD,61556036,2025-02-03
CARD,65526493,2025-02-03
CARE,16871629,2025-02-03
CARE,86193157,2025-02-03
CARG,03344007,2025-02-03
CARG,41368931,2025-02-03
CARA,18721824,2025-02-04
CARA,77198072,2025-02-04
CARA,92695393,2025-02-04
CARB,22894782,2025-02-04
CARB,37487779,2025-02-04
CARB,80202961,2025-02-04
CARB,82535920,2025-02-04
CARB,85820160,2025-02-04
CARC,53030709,2025-02-04
CARD,07520435,2025-02-04
CARD,12270453,2025-02-04
CARD,30448746,2025-02-04
CARD,75154372,2025-02-04
CARD,89652639,2025-02-04
CARE,23335768,2025-02-04
CARE,39219888,2025-02-04
CARE,42518627,2025-02-04
CARE,45739879,2025-02-04
CARE,54084765,2025-02-04
CARE,69681259,2025-02-04
CARG,92715948,2025-02-04
CARH,82669342,2025-02-04
CARA,92582280,2025-02-05
CARA,97226123,2025-02-05
CARB,71164979,2025-02-05
CARB,75731765,2025-02-05
CARB,98852287,2025-02-05
CARC,11689183,2025-02-05
CARC,36271889,2025-02-05
CARC,80705870,2025-02-05
CARC,84999215,2025-02-05
CARC,92805567,2025-02-05
CARD,34197702,2025-02-05
CARE,15087553,2025-02-05
CARE,41373227,2025-02-05
CARF,11124819,2025-02-05
CARF,94223134,2025-02-05
CARH,97979648,2025-02-05
CARA,35884235,2025-02-06
CARA,39217830,2025-02-06
CARB,10357029,2025-02-06
CARB,17391922,2025-02-06
CARB,18774970,2025-02-06
CARB,64363166,2025-02-06
CARB,77343286,2025-02-06
CARC,53434611,2025-02-06
CARC,75869030,2025-02-06
CARD,00502883,2025-02-06
CARE,01267586,2025-02-06
CARE,30427845,2025-02-06
CARE,43615127,2025-02-06
CARF,29021927,2025-02-06
CARF,46059073,2025-02-06
CARF,92763040,2025-02-06
CARG,40483068,2025-02-06
CARH,13879181,2025-02-06
CARA,00636997,2025-02-07
CARA,25372425,2025-02-07
CARA,35551988,2025-02-07
CARA,60496938,2025-02-07
CARA,75750870,2025-02-07
CARB,20331317,2025-02-07
CARB,47992523,2025-02-07
CARB,68931932,2025-02-07
CARB,98552029,2025-02-07
CARC,70399970,2025-02-07
CARC,85893670,2025-02-07
CARD,56483730,2025-02-07
CARD,90072332,2025-02-07
CARG,52144823,2025-02-07
CARA,01250756,2025-02-08
CARA,37660861,2025-02-08
CARA,76428323,2025-02-08
CARB,26262404,2025-02-08
CARB,42273067,2025-02-08
CARB,52623437,2025-02-08
CARC,06759928,2025-02-08
CARC,72557970,2025-02-08
CARD,58016296,2025-02-08
CARD,63683123,2025-02-08
CARD,90525071,2025-02-08
CARE,04822435,2025-02-08
CARE,30582388,2025-02-08
CARE,82621149,2025-02-08
CARG,66793287,2025-02-08
CARH,60790646,2025-02-08
CARA,01276767,2025-02-09
CARA,59573766,2025-02-09
CARA,81711730,2025-02-09
CARB,19312598,2025-02-09
CARB,23140986,2025-02-09
CARB,58265598,2025-02-09
CARC,95634311,2025-02-09
CARD,21688437,2025-02-09
CARD,34099797,2025-02-09
CARD,60884857,2025-02-09
CARE,12031682,2025-02-09
CARE,14257279,2025-02-09
CARE,53587938,2025-02-09
CARE,83624499,2025-02-09
CARE,97733471,2025-02-09
CARE,99803686,2025-02-09
CARF,06930575,2025-02-09
CARF,28851546,2025-02-09
CARG,16892272,2025-02-09
CARH,82756487,2025-02-09
CARA,06719992,2025-02-10
CARA,26929910,2025-02-10
CARA,88364718,2025-02-10
CARA,97678063,2025-02-10
CARB,28557802,2025-02-10
CARB,73887750,2025-02-10
CARB,87514745,2025-02-10
CARC,03104408,2025-02-10
CARC,26980903,2025-02-10
CARC,37068285,2025-02-10
CARC,49665548,2025-02-10
CARC,54147822,2025-02-10
CARC,54611270,2025-02-10
CARD,45842162,2025-02-10
CARE,00226842,2025-02-10
CARE,03661545,2025-02-10
CARE,18404565,2025-02-10
CARE,28023317,2025-02-10
CARE,97037316,2025-02-10
CARF,98055604,2025-02-10
CARG,13845671,2025-02-10
CARG,19883207,2025-02-10
CARG,59362020,2025-02-10
CARA,32231642,2025-02-11
CARA,52452729,2025-02-11
CARA,53184263,2025-02-11
CARA,73970337,2025-02-11
CARA,82978747,2025-02-11
CARA,99930913,2025-02-11
CARB,16112482,2025-02-11
CARB,70311980,2025-02-11
CARC,01052814,2025-02-11
CARC,42166243,2025-02-11
CARC,61946433,2025-02-11
CARC,87124034,2025-02-11
CARD,19360978,2025-02-11
CARD,45263480,2025-02-11
CARD,76962627,2025-02-11
CARE,17518723,2025-02-11
CARE,66777185,2025-02-11
CARF,02308339,2025-02-11
CARF,19940997,2025-02-11
CARF,73619726,2025-02-11
CARF,78449914,2025-02-11
CARG,30075833,2025-02-11
CARG,45077727,2025-02-11
CARG,50326567,2025-02-11
CARG,83391142,2025-02-11
CARA,10204678,2025-02-12
CARA,27389460,2025-02-12
CARA,55506987,2025-02-12
CARA,55768209,2025-02-12
CARA,60085003,2025-02-12
CARA,83231986,2025-02-12
CARB,17067690,2025-02-12
CARB,45803743,2025-02-12
CARB,50387840,2025-02-12
CARB,79694180,2025-02-12
CARC,27197710,2025-02-12
CARC,92448455,2025-02-12
CARD,36638484,2025-02-12
CARD,39669536,2025-02-12
CARD,42118872,2025-02-12
CARD,84659110,2025-02-12
CARD,91811074,2025-02-12
CARE,09303513,2025-02-12
CARE,14560899,2025-02-12
CARE,30776982,2025-02-12
CARE,60575142,2025-02-12
CARE,65162761,2025-02-12
CARE,97166621,2025-02-12
CARF,01711517,2025-02-12
CARF,15238751,2025-02-12
CARG,09634507,2025-02-12
CARG,25323682,2025-02-12
CARH,44500145,2025-02-12
CARA,09365368,2025-02-13
CARA,10859901,2025-02-13
CARA,22054965,2025-02-13
CARA,30688238,2025-02-13
CARA,61999920,2025-02-13
CARB,00900267,2025-02-13
CARB,27108099,2025-02-13
CARB,71928727,2025-02-13
CARB,77774227,2025-02-13
CARC,16819706,2025-02-13
CARC,67205389,2025-02-13
CARC,69027581,2025-02-13
CARC,94002674,2025-02-13
CARD,79214324,2025-02-13
CARD,81554980,2025-02-13
CARE,29758475,2025-02-13
CARE,78886961,2025-02-13
CARG,43506516,2025-02-13
CARG,62650835,2025-02-13
CARH,86696001,2025-02-13
CARA,51743921,2025-02-14
CARA,58317781,2025-02-14
CARA,74898552,2025-02-14
CARA,96545947,2025-02-14
CARA,97907852,2025-02-14
CARB,17810715,2025-02-14
CARB,46912629,2025-02-14
CARB,74660583,2025-02-14
CARB,93014932,2025-02-14
CARC,27882684,2025-02-14
CARC,47645313,2025-02-14
CARC,61965556,2025-02-14
CARC,62804214,2025-02-14
CARC,78938870,2025-02-14
CARD,91931999,2025-02-14
CARE,95699762,2025-02-14
CARE,98440472,2025-02-14
CARF,17927784,2025-02-14
CARG,38812467,2025-02-14
CARG,44540780,2025-02-14
CARH,94981931,2025-02-14
CARA,16816506,2025-02-15
CARA,19909323,2025-02-15
CARA,41089029,2025-02-15
CARA,55396601,2025-02-15
CARA,76191125,2025-02-15
CARA,86765266,2025-02-15
CARA,98152280,2025-02-15
CARB,55613518,2025-02-15
CARB,55758294,2025-02-15
CARB,90831227,2025-02-15
CARB,93324113,2025-02-15
CARB,96256960,2025-02-15
CARB,99745166,2025-02-15
CARC,29896009,2025-02-15
CARC,34050541,2025-02-15
CARD,20993621,2025-02-15
CARD,23260659,2025-02-15
CARD,44345227,2025-02-15
CARD,66597448,2025-02-15
CARD,84623325,2025-02-15
CARE,54714587,2025-02-15
CARE,55388732,2025-02-15
CARE,90732053,2025-02-15
CARE,93132752,2025-02-15
CARF,73883925,2025-02-15
CARF,87242200,2025-02-15
CARG,42285584,2025-02-15
CARG,47159995,2025-02-15
CARA,01306681,2025-02-16
CARA,72075248,2025-02-16
CARA,87954491,2025-02-16
CARA,97460431,2025-02-16
CARB,16186628,2025-02-16
CARB,45945201,2025-02-16
CARB,70035069,2025-02-16
CARB,75156437,2025-02-16
CARB,76023786,2025-02-16
CARB,89574979,2025-02-16
CARB,93399451,2025-02-16
CARC,06560396,2025-02-16
CARC,24293523,2025-02-16
CARC,30753048,2025-02-16
CARC,31523288,2025-02-16
CARC,82142838,2025-02-16
CARC,95120682,2025-02-16
CARD,22639987,2025-02-16
CARD,28469081,2025-02-16
CARE,03006420,2025-02-16
CARE,12452754,2025-02-16
CARE,56286136,2025-02-16
CARE,76623064,2025-02-16
CARF,16761406,2025-02-16
CARF,21519689,2025-02-16
CARG,72341877,2025-02-16
CARA,09666234,2025-02-17
CARA,72074979,2025-02-17
CARA,84663229,2025-02-17
CARA,89086473,2025-02-17
CARB,31446473,2025-02-17
CARB,63276935,2025-02-17
CARB,99462978,2025-02-17
CARC,03207352,2025-02-17
CARC,34194864,2025-02-17
CARC,61499824,2025-02-17
CARC,63330340,2025-02-17
CARC,66096442,2025-02-17
CARC,79747742,2025-02-17
CARC,97941497,2025-02-17
CARD,13904296,2025-02-17
CARD,21296978,2025-02-17
CARD,43458657,2025-02-17
CARD,73768642,2025-02-17
CARD,80861318,2025-02-17
CARD,84995532,2025-02-17
CARD,87984956,2025-02-17
CARD,98322542,2025-02-17
CARE,34053442,2025-02-17
CARE,55019347,2025-02-17
CARF,68201594,2025-02-17
CARF,70354509,2025-02-17
CARF,80284946,2025-02-17
CARF,86104981,2025-02-17
CARF,86400264,2025-02-17
CARH,21788931,2025-02-17
CARH,83099382,2025-02-17
CARA,98290752,2025-02-18
CARB,08384794,2025-02-18
CARB,15468217,2025-02-18
CARB,17946848,2025-02-18
CARB,48758456,2025-02-18
CARB,72110429,2025-02-18
CARB,85084659,2025-02-18
CARC,03209690,2025-02-18
CARC,41616604,2025-02-18
CARC,65740908,2025-02-18
CARD,02576620,2025-02-18
CARD,51203012,2025-02-18
CARD,81941733,2025-02-18
CARE,08071921,2025-02-18
CARE,47081133,2025-02-18
CARE,51282494,2025-02-18
CARG,09191796,2025-02-18
CARG,46437332,2025-02-18
CARH,17398959,2025-02-18
CARH,18703443,2025-02-18
CARA,48639316,2025-02-19
CARB,03881855,2025-02-19
CARB,49723485,2025-02-19
CARB,85202284,2025-02-19
CARB,95097971,2025-02-19
CARC,83213892,2025-02-19
CARD,22121208,2025-02-19
CARD,60702779,2025-02-19
CARD,67083179,2025-02-19
CARE,55292978,2025-02-19
CARE,65400504,2025-02-19
CARE,67622094,2025-02-19
CARF,46953870,2025-02-19
CARH,04012570,2025-02-19
CARA,34051638,2025-02-20
CARB,30579705,2025-02-20
CARB,37729556,2025-02-20
CARB,66243925,2025-02-20
CARB,68585647,2025-02-20
CARC,01552870,2025-02-20
CARC,02626413,2025-02-20
CARC,08536976,2025-02-20
CARC,38063107,2025-02-20
CARC,38856727,2025-02-20
CARC,72817455,2025-02-20
CARC,87007577,2025-02-20
CARD,39131828,2025-02-20
CARD,74969483,2025-02-20
CARG,02221770,2025-02-20
CARG,45594521,2025-02-20
CARA,16556405,2025-02-21
CARA,92868864,2025-02-21
CARB,11157305,2025-02-21
CARB,24750027,2025-02-21
CARB,33903183,2025-02-21
CARB,35974483,2025-02-21
CARB,75417018,2025-02-21
CARB,84041556,2025-02-21
CARB,84886375,2025-02-21
CARC,01541417,2025-02-21
CARC,47673522,2025-02-21
CARC,72271945,2025-02-21
CARC,96383120,2025-02-21
CARD,20720909,2025-02-21
CARD,26398069,2025-02-21
CARD,64866206,2025-02-21
CARE,06645723,2025-02-21
CARE,22418447,2025-02-21
CARE,72222631,2025-02-21
CARF,00951411,2025-02-21
CARG,04005819,2025-02-21
CARG,76251881,2025-02-21
CARH,81285568,2025-02-21
CARA,42291894,2025-02-22
CARA,42393796,2025-02-22
CARA,48232684,2025-02-22
CARA,50694150,2025-02-22
CARA,61987796,2025-02-22
CARA,82356955,2025-02-22
CARA,89252885,2025-02-22
CARA,99776857,2025-02-22
CARB,04990870,2025-02-22
CARB,16943806,2025-02-22
CARB,39774409,2025-02-22
CARB,44278972,2025-02-22
CARB,50325947,2025-02-22
CARB,80136091,2025-02-22
CARC,02358095,2025-02-22
CARC,55661313,2025-02-22
CARC,85293981,2025-02-22
CARC,89976369,2025-02-22
CARC,97522972,2025-02-22
CARC,99451404,2025-02-22
CARD,03206385,2025-02-22
CARD,97924143,2025-02-22
CARE,16480023,2025-02-22
CARE,56332101,2025-02-22
CARE,60662016,2025-02-22
CARE,66700668,2025-02-22
CARE,81182719,2025-02-22
CARF,09647841,2025-02-22
CARF,91643119,2025-02-22
CARG,53357472,2025-02-22
CARA,55824534,2025-02-23
CARA,64218117,2025-02-23
CARA,79616226,2025-02-23
CARA,84520497,2025-02-23
CARB,37519320,2025-02-23
CARB,72736296,2025-02-23
CARB,85383146,2025-02-23
CARB,99887166,2025-02-23
CARC,08660803,2025-02-23
CARC,93017704,2025-02-23
CARD,03297405,2025-02-23
CARD,11685508,2025-02-23
CARD,24346732,2025-02-23
CARD,78105310,2025-02-23
CARE,16503947,2025-02-23
CARE,18578608,2025-02-23
CARE,24718852,2025-02-23
CARE,65703076,2025-02-23
CARE,76304135,2025-02-23
CARE,91245686,2025-02-23
CARE,94276855,2025-02-23
CARF,18628584,2025-02-23
CARG,43501794,2025-02-23
CARG,86143187,2025-02-23
CARG,88877499,2025-02-23
CARH,52686891,2025-02-23
CARA,37134469,2025-02-24
CARB,00965755,2025-02-24
CARB,03680948,2025-02-24
CARB,69357512,2025-02-24
CARC,07461981,2025-02-24
CARC,19763876,2025-02-24
CARC,23871117,2025-02-24
CARC,34410435,2025-02-24
CARC,40685083,2025-02-24
CARC,43776314,2025-02-24
CARC,55706356,2025-02-24
CARC,62940866,2025-02-24
CARC,70933442,2025-02-24
CARD,13207418,2025-02-24
CARD,29904987,2025-02-24
CARD,35437364,2025-02-24
CARD,48034708,2025-02-24
CARD,50802418,2025-02-24
CARD,62979759,2025-02-24
CARD,65782228,2025-02-24
CARD,83840762,2025-02-24
CARD,84099984,2025-02-24
CARD,96730458,2025-02-24
CARE,05842946,2025-02-24
CARE,48672028,2025-02-24
CARE,59584396,2025-02-24
CARF,40266765,2025-02-24
CARF,74900504,2025-02-24
CARG,04845958,2025-02-24
CARG,26203077,2025-02-24
CARG,86863030,2025-02-24
CARG,92819578,2025-02-24
CARH,02346472,2025-02-24
CARA,38331208,2025-02-25
CARA,76750123,2025-02-25
CARA,90913644,2025-02-25
CARB,24402854,2025-02-25
CARB,34446044,2025-02-25
CARB,44400113,2025-02-25
CARC,38380562,2025-02-25
CARC,39394073,2025-02-25
CARC,46576654,2025-02-25
CARC,61950132,2025-02-25
CARC,75193844,2025-02-25
CARD,01701283,2025-02-25
CARD,08086766,2025-02-25
CARD,33318053,2025-02-25
CARD,35074566,2025-02-25
CARD,52031224,2025-02-25
CARD,52033707,2025-02-25
CARD,76237145,2025-02-25
CARD,88565871,2025-02-25
CARD,95402599,2025-02-25
CARE,43841607,2025-02-25
CARE,72916010,2025-02-25
CARE,75522037,2025-02-25
CARF,80383860,2025-02-25
CARH,40282833,2025-02-25
CARA,19055267,2025-02-26
CARA,22307518,2025-02-26
CARA,27956894,2025-02-26
CARA,43386131,2025-02-26
CARA,72507076,2025-02-26
CARA,97290022,2025-02-26
CARB,21340456,2025-02-26
CARB,37640571,2025-02-26
CARB,59763345,2025-02-26
CARB,86720433,2025-02-26
CARB,94897843,2025-02-26
CARB,99194866,2025-02-26
CARC,09875954,2025-02-26
CARC,82335638,2025-02-26
CARC,87639287,2025-02-26
CARC,90608290,2025-02-26
CARC,92797321,2025-02-26
CARC,96464143,2025-02-26
CARC,97311352,2025-02-26
CARD,25040884,2025-02-26
CARD,44292132,2025-02-26
CARD,61573025,2025-02-26
CARD,79431363,2025-02-26
CARE,65332637,2025-02-26
CARF,18493583,2025-02-26
CARF,58593910,2025-02-26
CARF,70488957,2025-02-26
CARH,45300853,2025-02-26
CARA,60209403,2025-02-27
CARB,38247579,2025-02-27
CARB,40290791,2025-02-27
CARB,49250444,2025-02-27
CARB,52947618,2025-02-27
CARB,85139323,2025-02-27
CARC,06770766,2025-02-27
CARC,20794229,2025-02-27
CARC,98632707,2025-02-27
CARD,17431543,2025-02-27
CARD,19309062,2025-02-27
CARD,34665351,2025-02-27
CARD,75794848,2025-02-27
CARD,77819560,2025-02-27
CARD,87507975,2025-02-27
CARE,25765523,2025-02-27
CARE,83188264,2025-02-27
CARF,09100981,2025-02-27
CARG,77174244,2025-02-27
CARH,33808613,2025-02-27
CARH,87716495,2025-02-27
CARH,94983418,2025-02-27
CARA,02620891,2025-02-28
CARA,43668957,2025-02-28
CARA,47601462,2025-02-28
CARA,77123449,2025-02-28
CARB,08632891,2025-02-28
CARB,11143218,2025-02-28
CARB,41906100,2025-02-28
CARC,15051171,2025-02-28
CARC,28996436,2025-02-28
CARC,60076324,2025-02-28
CARC,62790500,2025-02-28
CARC,80648548,2025-02-28
CARD,15922920,2025-02-28
CARD,18316319,2025-02-28
CARD,27731665,2025-02-28
CARD,70989352,2025-02-28
CARD,77009846,2025-02-28
CARE,58838952,2025-02-28
CARE,59296973,2025-02-28
CARE,66252384,2025-02-28
CARE,67628435,2025-02-28
CARF,22562906,2025-02-28
CARG,09969694,2025-02-28
CARG,77063544,2025-02-28
CARH,09144658,2025-02-28
CARH,12952980,2025-02-28
CARH,91013040,2025-02-28
CARA,56477781,2025-03-01
CARA,63736887,2025-03-01
CARA,67100748,2025-03-01
CARA,80075193,2025-03-01
CARA,86938037,2025-03-01
CARA,91203870,2025-03-01
CARB,02265561,2025-03-01
CARB,05092704,2025-03-01
CARB,24213644,2025-03-01
CARB,29185171,2025-03-01
CARB,29283061,2025-03-01
CARB,33666394,2025-03-01
CARB,39861372,2025-03-01
CARB,45285240,2025-03-01
CARB,93129333,2025-03-01
CARC,04522515,2025-03-01
CARC,12656940,2025-03-01
CARC,15759663,2025-03-01
CARC,26764795,2025-03-01
CARC,31049553,2025-03-01
CARC,54640132,2025-03-01
CARC,58452348,2025-03-01
CARD,00230793,2025-03-01
CARD,04881509,2025-03-01
CARD,08619181,2025-03-01
CARD,17570322,2025-03-01
CARD,27597072,2025-03-01
CARD,57163359,2025-03-01
CARE,01849575,2025-03-01
CARE,25197790,2025-03-01
CARE,46147733,2025-03-01
CARE,62248210,2025-03-01
CARE,72598300,2025-03-01
CARF,53063593,2025-03-01
CARF,75442381,2025-03-01
CARF,99028198,2025-03-01
CARG,43288102,2025-03-01
CARG,77885127,2025-03-01
CARH,25304613,2025-03-01
CARH,38826543,2025-03-01
CARH,84078842,2025-03-01
CARH,87731447,2025-03-01
CARH,98686278,2025-03-01
CARB,42339379,2025-03-02
CARB,59849547,2025-03-02
CARC,46765124,2025-03-02
CARC,67654815,2025-03-02
CARD,27409608,2025-03-02
CARD,30439169,2025-03-02
CARD,35021960,2025-03-02
CARD,62079329,2025-03-02
CARD,91962142,2025-03-02
CARE,14037636,2025-03-02
CARE,18061002,2025-03-02
CARE,19706377,2025-03-02
CARE,25185458,2025-03-02
CARE,44703049,2025-03-02
CARF,46101711,2025-03-02
CARF,68059946,2025-03-02
CARG,05031967,2025-03-02
CARG,37210500,2025-03-02
CARG,45824929,2025-03-02
CARA,17496091,2025-03-03
CARA,61956384,2025-03-03
CARA,68383603,2025-03-03
CARA,98652636,2025-03-03
CARC,22384246,2025-03-03
CARD,13489921,2025-03-03
CARD,16979890,2025-03-03
CARD,52303571,2025-03-03
CARD,54146213,2025-03-03
CARD,73667813,2025-03-03
CARE,14170361,2025-03-03
CARE,79876828,2025-03-03
CARF,05321918,2025-03-03
CARF,35892034,2025-03-03
CARF,69846015,2025-03-03
CARF,96595972,2025-03-03
CARG,32406446,2025-03-03
CARG,48805969,2025-03-03
CARG,72391502,2025-03-03
CARH,95404743,2025-03-03
CARA,05373519,2025-03-04
CARB,32818782,2025-03-04
CARB,35751216,2025-03-04
CARB,40120923,2025-03-04
CARB,46051879,2025-03-04
CARB,56712495,2025-03-04
CARB,58837843,2025-03-04
CARB,86393578,2025-03-04
CARC,12939577,2025-03-04
CARC,15336550,2025-03-04
CARC,54360314,2025-03-04
CARD,24519396,2025-03-04
CARD,26979392,2025-03-04
CARD,57588933,2025-03-04
CARD,65218897,2025-03-04
CARD,79982402,2025-03-04
CARE,12224111,2025-03-04
CARF,10404626,2025-03-04
CARF,31999448,2025-03-04
CARH,02687025,2025-03-04
CARH,63349911,2025-03-04
CARH,64131539,2025-03-04
CARH,99675401,2025-03-04
CARA,38242592,2025-03-05
CARA,70227762,2025-03-05
CARA,72766583,2025-03-05
CARA,95825781,2025-03-05
CARB,33302166,2025-03-05
CARB,35158297,2025-03-05
CARB,47484223,2025-03-05
CARB,57382573,2025-03-05
CARB,79220059,2025-03-05
CARC,15072955,2025-03-05
CARC,59275039,2025-03-05
CARD,00929194,2025-03-05
CARD,02851145,2025-03-05
CARD,06043270,2025-03-05
CARD,09915525,2025-03-05
CARD,44350657,2025-03-05
CARD,45607501,2025-03-05
CARD,47737339,2025-03-05
CARE,35135323,2025-03-05
CARE,53460838,2025-03-05
CARF,68758383,2025-03-05
CARG,35478518,2025-03-05
CARG,41382654,2025-03-05
CARH,92095417,2025-03-05
CARA,19995782,2025-03-06
CARA,29372180,2025-03-06
CARA,60498741,2025-03-06
CARB,32812537,2025-03-06
CARB,36558621,2025-03-06
CARB,53865720,2025-03-06
CARB,74096127,2025-03-06
CARB,82137949,2025-03-06
CARB,98851778,2025-03-06
CARC,66064751,2025-03-06
CARC,97482321,2025-03-06
CARD,25805074,2025-03-06
CARD,39249828,2025-03-06
CARD,45517327,2025-03-06
CARD,47465955,2025-03-06
CARD,50695105,2025-03-06
CARD,88674025,2025-03-06
CARE,56060634,2025-03-06
CARE,61785340,2025-03-06
CARE,75431003,2025-03-06
CARE,99602987,2025-03-06
CARF,84065770,2025-03-06
CARH,24138081,2025-03-06
CARA,50922273,2025-03-07
CARB,09489404,2025-03-07
CARB,09874015,2025-03-07
CARB,75225313,2025-03-07
CARB,82736752,2025-03-07
CARC,22110020,2025-03-07
CARC,56635182,2025-03-07
CARC,63496841,2025-03-07
CARC,71238388,2025-03-07
CARE,05972676,2025-03-07
CARE,06783519,2025-03-07
CARE,26407590,2025-03-07
CARE,63664514,2025-03-07
CARE,67718444,2025-03-07
CARE,93633163,2025-03-07
CARF,59670958,2025-03-07
CARG,34601713,2025-03-07
CARG,38452017,2025-03-07
CARH,85737872,2025-03-07
CARA,07914847,2025-03-08
CARA,09010955,2025-03-08
CARA,16628392,2025-03-08
CARA,25909773,2025-03-08
CARA,43473794,2025-03-08
CARA,73409123,2025-03-08
CARB,89827048,2025-03-08
CARC,03932962,2025-03-08
CARC,33374598,2025-03-08
CARD,02018762,2025-03-08
CARD,35676639,2025-03-08
CARD,39345160,2025-03-08
CARD,67356699,2025-03-08
CARD,75875527,2025-03-08
CARD,99443173,2025-03-08
CARE,14901652,2025-03-08
CARE,32082157,2025-03-08
CARE,36013957,2025-03-08
CARE,63685008,2025-03-08
CARE,64329436,2025-03-08
CARG,01655453,2025-03-08
CARG,19232082,2025-03-08
CARG,34275618,2025-03-08
CARG,90586152,2025-03-08
CARG,94462636,2025-03-08
CARH,13675508,2025-03-08
CARH,97208047,2025-03-08
CARA,05394619,2025-03-09
CARA,11473893,2025-03-09
CARA,18249482,2025-03-09
CARA,30779922,2025-03-09
CARA,98585406,2025-03-09
CARB,33662399,2025-03-09
CARB,51702773,2025-03-09
CARB,58601366,2025-03-09
CARB,79635214,2025-03-09
CARB,95885119,2025-03-09
CARC,05312856,2025-03-09
CARC,29637214,2025-03-09
CARC,48432120,2025-03-09
CARC,81037670,2025-03-09
CARC,87118951,2025-03-09
CARC,99980338,2025-03-09
CARD,49884849,2025-03-09
CARD,61358017,2025-03-09
CARD,63315541,2025-03-09
CARE,44158506,2025-03-09
CARE,63503715,2025-03-09
CARE,67102152,2025-03-09
CARE,84664162,2025-03-09
CARE,95124729,2025-03-09
CARF,68411851,2025-03-09
CARF,75180508,2025-03-09
CARH,40221332,2025-03-09
CARA,03924409,2025-03-10
CARA,14912869,2025-03-10
CARA,62620263,2025-03-10
CARA,84894968,2025-03-10
CARB,02769126,2025-03-10
CARB,41349294,2025-03-10
CARB,44656210,2025-03-10
CARB,85631327,2025-03-10
CARC,11996287,2025-03-10
CARC,18417870,2025-03-10
CARC,73703229,2025-03-10
CARD,79238373,2025-03-10
CARD,84574621,2025-03-10
CARE,07977462,2025-03-10
CARE,36517593,2025-03-10
CARE,98172064,2025-03-10
CARF,06504143,2025-03-10
CARF,79410309,2025-03-10
CARH,57176536,2025-03-10
CARH,61886941,2025-03-10
CARA,06623961,2025-03-11
CARA,16651042,2025-03-11
CARA,43746390,2025-03-11
CARA,71212302,2025-03-11
CARA,71916369,2025-03-11
CARB,05906935,2025-03-11
CARC,09141372,2025-03-11
CARC,61257599,2025-03-11
CARD,23708122,2025-03-11
CARD,36776333,2025-03-11
CARD,57672244,2025-03-11
CARD,79250571,2025-03-11
CARE,54155168,2025-03-11
CARE,56927792,2025-03-11
CARE,80839407,2025-03-11
CARF,42993792,2025-03-11
CARF,88203304,2025-03-11
CARG,50464300,2025-03-11
CARG,77021028,2025-03-11
CARH,68057226,2025-03-11
CARA,09764815,2025-03-12
CARA,76052196,2025-03-12
CARA,93793257,2025-03-12
CARB,50985024,2025-03-12
CARC,00787014,2025-03-12
CARC,07531101,2025-03-12
CARC,08116418,2025-03-12
CARC,32322292,2025-03-12
CARC,46388866,2025-03-12
CARC,59569358,2025-03-12
CARD,37044427,2025-03-12
CARD,47553608,2025-03-12
CARD,59955283,2025-03-12
CARD,74979703,2025-03-12
CARD,75276174,2025-03-12
CARE,19272532,2025-03-12
CARE,47862360,2025-03-12
CARE,61833522,2025-03-12
CARE,89883510,2025-03-12
CARE,90952511,2025-03-12
CARF,51431169,2025-03-12
CARF,56309922,2025-03-12
CARF,56855950,2025-03-12
CARG,38067442,2025-03-12
CARG,96114297,2025-03-12
CARH,29077118,2025-03-12
CARA,57493914,2025-03-13
CARA,59454209,2025-03-13
CARB,06772150,2025-03-13
CARB,25274033,2025-03-13
CARB,53428132,2025-03-13
CARB,56884096,2025-03-13
CARB,82952909,2025-03-13
CARC,53993037,2025-03-13
CARC,70157335,2025-03-13
CARC,83053511,2025-03-13
CARD,18326142,2025-03-13
CARD,35292227,2025-03-13
CARD,54602651,2025-03-13
CARD,75445417,2025-03-13
CARD,87828935,2025-03-13
CARD,92231269,2025-03-13
CARE,16813104,2025-03-13
CARE,27704025,2025-03-13
CARE,30407409,2025-03-13
CARE,46737102,2025-03-13
CARF,10358981,2025-03-13
CARF,67370712,2025-03-13
CARF,77028961,2025-03-13
CARG,14787848,2025-03-13
CARG,49055536,2025-03-13
CARG,85683847,2025-03-13
CARH,51256196,2025-03-13
CARH,91325180,2025-03-13
CARA,21482284,2025-03-14
CARA,24170681,2025-03-14
CARA,59107811,2025-03-14
CARA,65292408,2025-03-14
CARA,72501470,2025-03-14
CARA,74798770,2025-03-14
CARA,91051728,2025-03-14
CARA,98232426,2025-03-14
CARB,00386826,2025-03-14
CARB,21701011,2025-03-14
CARB,65115277,2025-03-14
CARB,98732127,2025-03-14
CARC,22826300,2025-03-14
CARC,33136943,2025-03-14
CARC,45575692,2025-03-14
CARC,57082802,2025-03-14
CARC,65096688,2025-03-14
CARC,70114208,2025-03-14
CARD,28476420,2025-03-14
CARD,74320728,2025-03-14
CARD,79142028,2025-03-14
CARE,09496560,2025-03-14
CARF,03664275,2025-03-14
CARF,53494392,2025-03-14
CARG,52028900,2025-03-14
CARG,55684035,2025-03-14
CARA,56063223,2025-03-15
CARA,69899833,2025-03-15
CARB,17500824,2025-03-15
CARB,32808684,2025-03-15
CARB,68849178,2025-03-15
CARB,71379941,2025-03-15
CARB,81924318,2025-03-15
CARC,12579731,2025-03-15
CARC,73864424,2025-03-15
CARC,76143921,2025-03-15
CARC,92005451,2025-03-15
CARD,00866123,2025-03-15
CARD,76604040,2025-03-15
CARD,94144081,2025-03-15
CARD,99105910,2025-03-15
CARE,07141520,2025-03-15
CARE,63171181,2025-03-15
CARE,71381913,2025-03-15
CARF,10291236,2025-03-15
CARF,84377108,2025-03-15
CARH,43629744,2025-03-15
CARA,11483457,2025-03-16
CARA,58313793,2025-03-16
CARA,72708846,2025-03-16
CARB,00355728,2025-03-16
CARB,24410936,2025-03-16
CARB,35383980,2025-03-16
CARB,70390616,2025-03-16
CARC,07501896,2025-03-16
CARC,21306799,2025-03-16
CARC,54587874,2025-03-16
CARC,75232125,2025-03-16
CARC,82144678,2025-03-16
CARC,89668400,2025-03-16
CARD,11134230,2025-03-16
CARD,94909956,2025-03-16
CARE,05105950,2025-03-16
CARF,03508580,2025-03-16
CARF,47545378,2025-03-16
CARF,55176496,2025-03-16
CARG,73007210,2025-03-16
CARH,59602213,2025-03-16
CARA,43162246,2025-03-17
CARA,89202203,2025-03-17
CARA,90584107,2025-03-17
CARB,50738628,2025-03-17
CARB,64073406,2025-03-17
CARB,77113289,2025-03-17
CARB,82366374,2025-03-17
CARC,12033827,2025-03-17
CARC,13941004,2025-03-17
CARC,22960571,2025-03-17
CARC,28691425,2025-03-17
CARC,37939934,2025-03-17
CARC,52004152,2025-03-17
CARC,82650772,2025-03-17
CARC,92172610,2025-03-17
CARC,92213535,2025-03-17
CARD,03483187,2025-03-17
CARE,04741645,2025-03-17
CARE,24417422,2025-03-17
CARE,25923557,2025-03-17
CARE,34903836,2025-03-17
CARE,41587570,2025-03-17
CARE,67609068,2025-03-17
CARE,95046419,2025-03-17
CARF,15035084,2025-03-17
CARF,25547550,2025-03-17
CARF,35268706,2025-03-17
CARF,72382748,2025-03-17
CARG,36413892,2025-03-17
CARG,97853273,2025-03-17
CARG,99015408,2025-03-17
CARH,00412946,2025-03-17
CARH,01145653,2025-03-17
CARH,66808148,2025-03-17
CARA,08052704,2025-03-18
CARA,11424415,2025-03-18
CARA,16943757,2025-03-18
CARA,32804120,2025-03-18
CARA,38051824,2025-03-18
CARA,45108881,2025-03-18
CARA,45200758,2025-03-18
CARA,50492522,2025-03-18
CARA,69039494,2025-03-18
CARB,40695721,2025-03-18
CARB,69585328,2025-03-18
CARB,75866855,2025-03-18
CARC,04281027,2025-03-18
CARC,07222587,2025-03-18
CARC,46049993,2025-03-18
CARC,54497007,2025-03-18
CARD,43523847,2025-03-18
CARD,55563016,2025-03-18
CARD,76822393,2025-03-18
CARE,67248759,2025-03-18
CARE,82242054,2025-03-18
CARE,96071212,2025-03-18
CARE,98944698,2025-03-18
CARE,99974412,2025-03-18
CARF,00554593,2025-03-18
CARF,17446817,2025-03-18
CARF,19503511,2025-03-18
CARF,30620279,2025-03-18
CARF,63213405,2025-03-18
CARF,85417385,2025-03-18
CARF,85551363,2025-03-18
CARF,90478089,2025-03-18
CARG,03809640,2025-03-18
CARG,41534466,2025-03-18
CARG,86981766,2025-03-18
CARG,92479600,2025-03-18
CARA,35276145,2025-03-19
CARB,19779978,2025-03-19
CARB,43098359,2025-03-19
CARB,50031676,2025-03-19
CARB,55493697,2025-03-19
CARB,84868569,2025-03-19
CARB,88173151,2025-03-19
CARB,91226239,2025-03-19
CARB,99436986,2025-03-19
CARD,10690143,2025-03-19
CARD,16364259,2025-03-19
CARD,22636155,2025-03-19
CARD,35546627,2025-03-19
CARD,44611883,2025-03-19
CARD,91641720,2025-03-19
CARE,04642561,2025-03-19
CARE,06279094,2025-03-19
CARE,07909265,2025-03-19
CARE,32107900,2025-03-19
CARE,54629806,2025-03-19
CARF,07475306,2025-03-19
CARG,83677486,2025-03-19
CARH,92369031,2025-03-19
CARA,12735621,2025-03-20
CARA,16132209,2025-03-20
CARA,48375152,2025-03-20
CARA,57624340,2025-03-20
CARA,71975723,2025-03-20
CARA,76247573,2025-03-20
CARA,85977900,2025-03-20
CARA,89093154,2025-03-20
CARA,96385237,2025-03-20
CARB,15162979,2025-03-20
CARB,28761152,2025-03-20
CARB,37059680,2025-03-20
CARB,57047086,2025-03-20
CARB,62835585,2025-03-20
CARC,24536858,2025-03-20
CARC,54143560,2025-03-20
CARC,91163266,2025-03-20
CARD,31391016,2025-03-20
CARD,62532020,2025-03-20
CARD,80580571,2025-03-20
CARE,21429230,2025-03-20
CARE,57431760,2025-03-20
CARF,60386244,2025-03-20
CARF,92312671,2025-03-20
CARG,36337799,2025-03-20
CARH,17878106,2025-03-20
CARH,78790392,2025-03-20
CARH,88047951,2025-03-20
CARA,57348622,2025-03-21
CARB,17183794,2025-03-21
CARB,18093142,2025-03-21
CARB,22168746,2025-03-21
CARB,63056832,2025-03-21
CARB,86647273,2025-03-21
CARC,39073000,2025-03-21
CARC,61784270,2025-03-21
CARC,89182292,2025-03-21
CARD,01497349,2025-03-21
CARD,17793118,2025-03-21
CARD,38471291,2025-03-21
CARD,39004808,2025-03-21
CARD,51203816,2025-03-21
CARD,51878373,2025-03-21
CARD,54866617,2025-03-21
CARD,62785310,2025-03-21
CARD,80678944,2025-03-21
CARE,26693328,2025-03-21
CARE,28204323,2025-03-21
CARE,47334047,2025-03-21
CARE,49615714,2025-03-21
CARE,91233618,2025-03-21
CARG,70238480,2025-03-21
CARA,51943061,2025-03-22
CARA,70291046,2025-03-22
CARB,57693701,2025-03-22
CARB,79206002,2025-03-22
CARB,81882332,2025-03-22
CARC,06575598,2025-03-22
CARC,60236015,2025-03-22
CARC,98255495,2025-03-22
CARD,09132622,2025-03-22
CARD,31566346,2025-03-22
CARD,91728933,2025-03-22
CARD,95579375,2025-03-22
CARE,03467576,2025-03-22
CARE,08732682,2025-03-22
CARE,09608473,2025-03-22
CARE,97626438,2025-03-22
CARF,37206118,2025-03-22
CARF,96717464,2025-03-22
CARG,97390768,2025-03-22
CARG,98219762,2025-03-22
CARH,74110604,2025-03-22
CARA,12589836,2025-03-23
CARA,40313479,2025-03-23
CARA,50062772,2025-03-23
CARA,76999435,2025-03-23
CARA,88022312,2025-03-23
CARA,95395387,2025-03-23
CARB,09753570,2025-03-23
CARB,19048442,2025-03-23
CARB,34011851,2025-03-23
CARB,40462625,2025-03-23
CARB,40545641,2025-03-23
CARB,45777877,2025-03-23
CARB,50414027,2025-03-23
CARB,52949168,2025-03-23
CARB,83915309,2025-03-23
CARC,08357604,2025-03-23
CARC,28627509,2025-03-23
CARC,42200789,2025-03-23
CARC,59567418,2025-03-23
CARC,88465808,2025-03-23
CARD,00532099,2025-03-23
CARD,13288641,2025-03-23
CARD,38799480,2025-03-23
CARD,40034118,2025-03-23
CARD,89911657,2025-03-23
CARE,08249395,2025-03-23
CARE,39374460,2025-03-23
CARE,98590963,2025-03-23
CARE,99426408,2025-03-23
CARF,54108611,2025-03-23
CARF,88351513,2025-03-23
CARG,12719871,2025-03-23
CARG,79065925,2025-03-23
CARH,14234087,2025-03-23
CARA,11981063,2025-03-24
CARA,17935978,2025-03-24
CARA,33899108,2025-03-24
CARA,69615923,2025-03-24
CARB,06487906,2025-03-24
CARB,17982378,2025-03-24
CARB,24739823,2025-03-24
CARB,58717310,2025-03-24
CARB,93321692,2025-03-24
CARC,84367655,2025-03-24
CARC,91818275,2025-03-24
CARD,24387475,2025-03-24
CARD,37366067,2025-03-24
CARD,60685394,2025-03-24
CARD,82313916,2025-03-24
CARD,99453828,2025-03-24
CARE,00395824,2025-03-24
CARF,66401916,2025-03-24
CARG,04554547,2025-03-24
CARG,19713872,2025-03-24
CARG,76830569,2025-03-24
CARG,90155325,2025-03-24
CARG,95757698,2025-03-24
CARH,24714907,2025-03-24
CARH,75101694,2025-03-24
CARA,08701168,2025-03-25
CARA,40781995,2025-03-25
CARA,79699852,2025-03-25
CARB,30033389,2025-03-25
CARB,42000738,2025-03-25
CARB,42028577,2025-03-25
CARB,68008811,2025-03-25
CARC,12444981,2025-03-25
CARC,28474798,2025-03-25
CARC,45864939,2025-03-25
CARC,70682171,2025-03-25
CARD,01204207,2025-03-25
CARD,74224382,2025-03-25
CARD,86875024,2025-03-25
CARE,46360798,2025-03-25
CARE,54944766,2025-03-25
CARE,88578697,2025-03-25
CARF,00414758,2025-03-25
CARG,14811268,2025-03-25
CARG,21973141,2025-03-25
CARG,88839772,2025-03-25
CARH,21897689,2025-03-25
CARA,03060529,2025-03-26
CARA,05495666,2025-03-26
CARB,11018855,2025-03-26
CARB,23727678,2025-03-26
CARB,32128925,2025-03-26
CARB,59075248,2025-03-26
CARB,70149484,2025-03-26
CARB,70228299,2025-03-26
CARC,10993902,2025-03-26
CARC,18793146,2025-03-26
CARC,20809937,2025-03-26
CARC,31542084,2025-03-26
CARC,31596518,2025-03-26
CARD,69983230,2025-03-26
CARE,14493713,2025-03-26
CARE,28695507,2025-03-26
CARE,29169621,2025-03-26
CARE,56012634,2025-03-26
CARE,68760767,2025-03-26
CARF,79060170,2025-03-26
CARG,16613032,2025-03-26
CARG,74593445,2025-03-26
CARG,79508597,2025-03-26
CARH,14766600,2025-03-26
CARH,15856545,2025-03-26
CARH,58087846,2025-03-26
CARA,09360026,2025-03-27
CARA,33453156,2025-03-27
CARA,47446701,2025-03-27
CARB,18375658,2025-03-27
CARB,35683711,2025-03-27
CARB,71573266,2025-03-27
CARB,75489661,2025-03-27
CARB,92366618,2025-03-27
CARC,26203965,2025-03-27
CARC,74455220,2025-03-27
CARD,34048950,2025-03-27
CARD,53804747,2025-03-27
CARD,72208320,2025-03-27
CARE,04498039,2025-03-27
CARE,24575130,2025-03-27
CARF,97433503,2025-03-27
CARG,12269680,2025-03-27
CARG,30357328,2025-03-27
CARG,88915887,2025-03-27
CARH,66591641,2025-03-27
CARA,01365468,2025-03-28
CARA,16962960,2025-03-28
CARA,60474271,2025-03-28
CARA,82270725,2025-03-28
CARB,03447702,2025-03-28
CARB,27485807,2025-03-28
CARB,74813953,2025-03-28
CARB,91298479,2025-03-28
CARC,10435688,2025-03-28
CARC,53461710,2025-03-28
CARC,68083619,2025-03-28
CARC,81745702,2025-03-28
CARD,02909849,2025-03-28
CARD,03480067,2025-03-28
CARD,28609851,2025-03-28
CARD,85584448,2025-03-28
CARE,13284492,2025-03-28
CARE,52661118,2025-03-28
CARE,53343220,2025-03-28
CARE,68504298,2025-03-28
CARE,74117169,2025-03-28
CARF,58579944,2025-03-28
CARF,60782739,2025-03-28
CARF,75323117,2025-03-28
CARF,76430541,2025-03-28
CARF,76640685,2025-03-28
CARG,16663511,2025-03-28
CARG,97056830,2025-03-28
CARH,36702235,2025-03-28
CARA,07376523,2025-03-29
CARA,18931765,2025-03-29
CARA,51781068,2025-03-29
CARB,11290095,2025-03-29
CARB,51314647,2025-03-29
CARB,99772576,2025-03-29
CARC,13278588,2025-03-29
CARC,48196520,2025-03-29
CARC,60368245,2025-03-29
CARC,63643520,2025-03-29
CARC,72146185,2025-03-29
CARC,86190095,2025-03-29
CARC,90076632,2025-03-29
CARD,23300842,2025-03-29
CARD,28798994,2025-03-29
CARD,45331831,2025-03-29
CARD,64386285,2025-03-29
CARD,69453763,2025-03-29
CARD,96425800,2025-03-29
CARE,02041217,2025-03-29
CARE,05661852,2025-03-29
CARE,38161193,2025-03-29
CARE,43817787,2025-03-29
CARE,45186373,2025-03-29
CARE,63550212,2025-03-29
CARE,68517718,2025-03-29
CARF,19849908,2025-03-29
CARG,13727310,2025-03-29
CARG,20085447,2025-03-29
CARA,13884050,2025-03-30
CARA,28641635,2025-03-30
CARA,44747544,2025-03-30
CARA,46990355,2025-03-30
CARA,85737883,2025-03-30
CARA,96249111,2025-03-30
CARA,98454844,2025-03-30
CARB,24048104,2025-03-30
CARB,29632001,2025-03-30
CARB,83108399,2025-03-30
CARB,88148834,2025-03-30
CARC,20138299,2025-03-30
CARC,77142904,2025-03-30
CARD,06030426,2025-03-30
CARD,39214182,2025-03-30
CARD,62593662,2025-03-30
CARD,70598862,2025-03-30
CARD,92292196,2025-03-30
CARD,92638244,2025-03-30
CARE,15693818,2025-03-30
CARE,32023152,2025-03-30
CARF,54254709,2025-03-30
CARF,70848121,2025-03-30
CARG,01485282,2025-03-30
CARG,41740588,2025-03-30
CARG,67700516,2025-03-30
CARH,82611679,2025-03-30
CARA,08099345,2025-03-31
CARA,48498683,2025-03-31
CARA,52052768,2025-03-31
CARA,52864295,2025-03-31
CARA,85862652,2025-03-31
CARA,93468183,2025-03-31
CARB,06767735,2025-03-31
CARB,08057120,2025-03-31
CARB,08724933,2025-03-31
CARB,71624638,2025-03-31
CARC,00394989,2025-03-31
CARC,17087163,2025-03-31
CARC,17994320,2025-03-31
CARC,44946824,2025-03-31
CARC,54817923,2025-03-31
CARD,36952918,2025-03-31
CARD,42794237,2025-03-31
CARD,43928038,2025-03-31
CARD,45137939,2025-03-31
CARD,61111170,2025-03-31
CARD,70539084,2025-03-31
CARD,84292000,2025-03-31
CARE,31171673,2025-03-31
CARE,33628142,2025-03-31
CARE,43000695,2025-03-31
CARE,51341070,2025-03-31
CARE,55935578,2025-03-31
CARE,66776963,2025-03-31
CARE,72511555,2025-03-31
CARE,74243861,2025-03-31
CARE,84118630,2025-03-31
CARF,17830914,2025-03-31
CARG,51663954,2025-03-31
CARG,57193382,2025-03-31
CARH,20566256,2025-03-31
CARH,75167774,2025-03-31
CARH,95941548,2025-03-31
CARA,11633813,2025-04-01
CARA,21827018,2025-04-01
CARA,30244596,2025-04-01
CARA,33524839,2025-04-01
CARA,44727787,2025-04-01
CARA,62724012,2025-04-01
CARA,67346987,2025-04-01
CARA,74772830,2025-04-01
CARB,01637783,2025-04-01
CARB,33809769,2025-04-01
CARB,42455485,2025-04-01
CARB,46316656,2025-04-01
CARB,88733065,2025-04-01
CARB,96297163,2025-04-01
CARC,21406534,2025-04-01
CARC,31767732,2025-04-01
CARC,35362054,2025-04-01
CARD,59892601,2025-04-01
CARD,66199386,2025-04-01
CARD,68842577,2025-04-01
CARD,75752209,2025-04-01
CARE,36329174,2025-04-01
CARE,37512814,2025-04-01
CARE,40284719,2025-04-01
CARE,69937077,2025-04-01
CARE,78882625,2025-04-01
CARF,87533764,2025-04-01
CARH,30562846,2025-04-01
CARA,62839053,2025-04-02
CARB,05511725,2025-04-02
CARB,66912681,2025-04-02
CARC,06085808,2025-04-02
CARC,18289483,2025-04-02
CARC,23837513,2025-04-02
CARC,46437175,2025-04-02
CARC,69998169,2025-04-02
CARC,85734973,2025-04-02
CARE,25701505,2025-04-02
CARE,44451961,2025-04-02
CARF,28875995,2025-04-02
CARF,89457024,2025-04-02
CARF,92921967,2025-04-02
CARF,93395486,2025-04-02
CARG,01639615,2025-04-02
CARG,78729500,2025-04-02
CARG,98674330,2025-04-02
CARA,20112166,2025-04-03
CARB,01182190,2025-04-03
CARB,63390777,2025-04-03
CARB,96431108,2025-04-03
CARB,98084907,2025-04-03
CARC,03416831,2025-04-03
CARC,05346396,2025-04-03
CARC,13429389,2025-04-03
CARC,23185380,2025-04-03
CARC,29089413,2025-04-03
CARC,68664909,2025-04-03
CARC,70887359,2025-04-03
CARD,18255309,2025-04-03
CARD,19085288,2025-04-03
CARD,47703946,2025-04-03
CARD,64122354,2025-04-03
CARD,76180997,2025-04-03
CARD,76744834,2025-04-03
CARD,96647739,2025-04-03
CARE,02863287,2025-04-03
CARE,09105557,2025-04-03
CARE,18988842,2025-04-03
CARE,65489729,2025-04-03
CARE,70337710,2025-04-03
CARF,92167079,2025-04-03
CARG,80385223,2025-04-03
CARG,99723427,2025-04-03
CARH,83772283,2025-04-03
CARA,11817530,2025-04-04
CARA,13337716,2025-04-04
CARA,18261775,2025-04-04
CARA,69576507,2025-04-04
CARA,89214211,2025-04-04
CARB,35932584,2025-04-04
CARB,45037695,2025-04-04
CARB,66677364,2025-04-04
CARB,75051861,2025-04-04
CARC,07363278,2025-04-04
CARC,20012840,2025-04-04
CARC,20200964,2025-04-04
CARC,22296776,2025-04-04
CARC,25181139,2025-04-04
CARC,82521928,2025-04-04
CARD,22460486,2025-04-04
CARD,47911173,2025-04-04
CARE,13068921,2025-04-04
CARE,28812072,2025-04-04
CARE,75353540,2025-04-04
CARE,86050819,2025-04-04
CARE,87444157,2025-04-04
CARG,01153058,2025-04-04
CARG,25480452,2025-04-04
CARH,15268021,2025-04-04
CARH,36285863,2025-04-04
CARA,14683803,2025-04-05
CARA,29220948,2025-04-05
CARA,60760418,2025-04-05
CARA,65800990,2025-04-05
CARB,39843888,2025-04-05
CARB,71514962,2025-04-05
CARC,06650663,2025-04-05
CARC,31661767,2025-04-05
CARC,64734369,2025-04-05
CARC,94679020,2025-04-05
CARD,15096233,2025-04-05
CARD,39648199,2025-04-05
CARD,41453884,2025-04-05
CARD,43103626,2025-04-05
CARD,47331075,2025-04-05
CARD,62179793,2025-04-05
CARD,72293407,2025-04-05
CARD,98259651,2025-04-05
CARE,50177391,2025-04-05
CARE,69744044,2025-04-05
CARE,83072644,2025-04-05
CARF,82458532,2025-04-05
CARG,04737552,2025-04-05
CARG,45770316,2025-04-05
CARG,66458891,2025-04-05
CARG,89282668,2025-04-05
CARG,99222153,2025-04-05
CARH,09700770,2025-04-05
CARH,37497084,2025-04-05
CARA,06098186,2025-04-06
CARA,22127882,2025-04-06
CARA,67704325,2025-04-06
CARA,88875803,2025-04-06
CARB,59762684,2025-04-06
CARB,82298578,2025-04-06
CARC,41771870,2025-04-06
CARC,45839575,2025-04-06
CARC,78580392,2025-04-06
CARC,84105656,2025-04-06
CARC,84808545,2025-04-06
CARD,67754510,2025-04-06
CARE,01899898,2025-04-06
CARE,36063995,2025-04-06
CARE,60248174,2025-04-06
CARE,94599035,2025-04-06
CARH,08823312,2025-04-06
CARH,27940793,2025-04-06
CARA,01096641,2025-04-07
CARA,20607922,2025-04-07
CARB,01187733,2025-04-07
CARB,03369314,2025-04-07
CARB,14404481,2025-04-07
CARB,36031113,2025-04-07
CARB,37262411,2025-04-07
CARB,40052336,2025-04-07
CARB,57312340,2025-04-07
CARB,75159720,2025-04-07
CARC,29428737,2025-04-07
CARD,02274969,2025-04-07
CARD,41716000,2025-04-07
CARD,57297254,2025-04-07
CARD,92319859,2025-04-07
CARE,41696924,2025-04-07
CARF,58122073,2025-04-07
CARF,71506264,2025-04-07
CARF,76440710,2025-04-07
CARH,61892859,2025-04-07
CARH,75807148,2025-04-07
CARA,05961582,2025-04-08
CARA,13453273,2025-04-08
CARA,34138152,2025-04-08
CARA,44890674,2025-04-08
CARA,56793318,2025-04-08
CARB,08791445,2025-04-08
CARB,24793617,2025-04-08
CARB,34582463,2025-04-08
CARB,66746519,2025-04-08
CARB,69183296,2025-04-08
CARB,70049079,2025-04-08
CARC,07519817,2025-04-08
CARC,62865789,2025-04-08
CARC,79196960,2025-04-08
CARC,96646392,2025-04-08
CARD,36483262,2025-04-08
CARD,50830180,2025-04-08
CARD,77247586,2025-04-08
CARE,11419846,2025-04-08
CARE,34731470,2025-04-08
CARE,73399600,2025-04-08
CARE,80263170,2025-04-08
CARE,89807318,2025-04-08
CARF,48375500,2025-04-08
CARF,73892458,2025-04-08
CARG,50374764,2025-04-08
CARH,34450931,2025-04-08
CARH,51264582,2025-04-08
CARH,91315298,2025-04-08
CARA,19439670,2025-04-09
CARA,20494046,2025-04-09
CARA,50592608,2025-04-09
CARA,58721557,2025-04-09
CARA,58747249,2025-04-09
CARA,94496713,2025-04-09
CARB,07370039,2025-04-09
CARB,13740323,2025-04-09
CARB,20111021,2025-04-09
CARB,41281683,2025-04-09
CARB,44327711,2025-04-09
CARB,55688555,2025-04-09
CARB,68098725,2025-04-09
CARC,88060174,2025-04-09
CARD,21036527,2025-04-09
CARD,28732779,2025-04-09
CARD,33107007,2025-04-09
CARD,35427349,2025-04-09
CARD,91032188,2025-04-09
CARD,92498839,2025-04-09
CARD,98676792,2025-04-09
CARD,99236416,2025-04-09
CARE,19161017,2025-04-09
CARE,22404022,2025-04-09
CARE,74500171,2025-04-09
CARG,05770597,2025-04-09
CARG,15743973,2025-04-09
CARG,28912885,2025-04-09
CARG,42168628,2025-04-09
CARG,49308363,2025-04-09
CARG,63878666,2025-04-09
CARH,25747168,2025-04-09
CARA,08582078,2025-04-10
CARA,10507627,2025-04-10
CARA,19968998,2025-04-10
CARA,35649009,2025-04-10
CARA,44092601,2025-04-10
CARA,53704733,2025-04-10
CARA,95607729,2025-04-10
CARB,14238885,2025-04-10
CARB,72860098,2025-04-10
CARC,07753903,2025-04-10
CARC,18173250,2025-04-10
CARC,48750484,2025-04-10
CARC,51067369,2025-04-10
CARC,58425835,2025-04-10
CARC,96888961,2025-04-10
CARD,13686869,2025-04-10
CARD,43170924,2025-04-10
CARD,43171216,2025-04-10
CARD,52735976,2025-04-10
CARD,63244805,2025-04-10
CARD,67950484,2025-04-10
CARD,73289056,2025-04-10
CARD,95894459,2025-04-10
CARE,19325953,2025-04-10
CARE,41584888,2025-04-10
CARE,96542108,2025-04-10
CARF,35180439,2025-04-10
CARG,17928389,2025-04-10
CARG,21368785,2025-04-10
CARH,69118961,2025-04-10
CARH,91786126,2025-04-10
CARA,13567407,2025-04-11
CARA,21347825,2025-04-11
CARA,36224880,2025-04-11
CARA,83044228,2025-04-11
CARB,22740656,2025-04-11
CARB,27060062,2025-04-11
CARB,49174993,2025-04-11
CARB,51214531,2025-04-11
CARB,74832591,2025-04-11
CARC,42618304,2025-04-11
CARC,57939890,2025-04-11
CARD,38898015,2025-04-11
CARD,72904091,2025-04-11
CARD,73287325,2025-04-11
CARD,79594743,2025-04-11
CARE,05989928,2025-04-11
CARE,35896073,2025-04-11
CARE,56293949,2025-04-11
CARE,65401322,2025-04-11
CARF,00378982,2025-04-11
CARF,57019771,2025-04-11
CARF,91533970,2025-04-11
CARG,28962243,2025-04-11
CARG,40437456,2025-04-11
CARG,57265092,2025-04-11
CARG,93874228,2025-04-11
CARH,68189300,2025-04-11
CARH,80061091,2025-04-11
CARA,13855040,2025-04-12
CARA,19736185,2025-04-12
CARA,62588277,2025-04-12
CARA,64393758,2025-04-12
CARB,14252271,2025-04-12
CARB,64422680,2025-04-12
CARB,74388258,2025-04-12
CARB,97095153,2025-04-12
CARC,00947868,2025-04-12
CARC,29179147,2025-04-12
CARD,20021017,2025-04-12
CARD,29354076,2025-04-12
CARD,49002069,2025-04-12
CARE,47924681,2025-04-12
CARE,51858430,2025-04-12
CARE,62132504,2025-04-12
CARE,92633870,2025-04-12
CARF,08002039,2025-04-12
CARF,97904200,2025-04-12
CARG,23723529,2025-04-12
CARH,83475755,2025-04-12
CARA,01257187,2025-04-13
CARA,36629704,2025-04-13
CARB,20332064,2025-04-13
CARB,57180597,2025-04-13
CARB,79673813,2025-04-13
CARC,04384022,2025-04-13
CARC,38332860,2025-04-13
CARC,58067567,2025-04-13
CARD,07698297,2025-04-13
CARD,26942946,2025-04-13
CARD,34136065,2025-04-13
CARD,37954356,2025-04-13
CARD,43556677,2025-04-13
CARD,61383371,2025-04-13
CARD,69864049,2025-04-13
CARD,81030210,2025-04-13
CARD,85887471,2025-04-13
CARD,97156435,2025-04-13
CARE,13410474,2025-04-13
CARE,38075169,2025-04-13
CARE,48744233,2025-04-13
CARE,52546432,2025-04-13
CARE,53204912,2025-04-13
CARE,87880083,2025-04-13
CARE,92403439,2025-04-13
CARE,96517568,2025-04-13
CARE,97752515,2025-04-13
CARF,03552982,2025-04-13
CARG,03459431,2025-04-13
CARG,34621011,2025-04-13
CARH,77551758,2025-04-13
CARA,00700600,2025-04-14
CARA,77341239,2025-04-14
CARA,83541388,2025-04-14
CARB,13706126,2025-04-14
CARB,22524676,2025-04-14
CARB,29494587,2025-04-14
CARB,77731292,2025-04-14
CARC,27057981,2025-04-14
CARC,27674521,2025-04-14
CARC,67907813,2025-04-14
CARC,78279189,2025-04-14
CARD,04476285,2025-04-14
CARD,26090069,2025-04-14
CARD,50561438,2025-04-14
CARD,54193944,2025-04-14
CARD,63851044,2025-04-14
CARD,67408925,2025-04-14
CARD,70302947,2025-04-14
CARE,13099142,2025-04-14
CARE,98740761,2025-04-14
CARF,47946349,2025-04-14
CARF,73758295,2025-04-14
CARF,97522236,2025-04-14
CARG,45219138,2025-04-14
CARG,88195905,2025-04-14
CARA,09271182,2025-04-15
CARA,41175980,2025-04-15
CARA,52303130,2025-04-15
CARA,80293526,2025-04-15
CARA,95501038,2025-04-15
CARA,98234086,2025-04-15
CARB,02436662,2025-04-15
CARB,25810899,2025-04-15
CARB,32843552,2025-04-15
CARB,51405288,2025-04-15
CARB,74427920,2025-04-15
CARB,75330970,2025-04-15
CARC,42870696,2025-04-15
CARD,76323238,2025-04-15
CARD,93248799,2025-04-15
CARE,10874260,2025-04-15
CARE,14222139,2025-04-15
CARE,25974376,2025-04-15
CARE,56107036,2025-04-15
CARE,63809254,2025-04-15
CARE,80915420,2025-04-15
CARE,93816919,2025-04-15
CARE,97848994,2025-04-15
CARF,71825291,2025-04-15
CARG,05095582,2025-04-15
CARG,42751778,2025-04-15
CARH,45645924,2025-04-15
CARA,22744166,2025-04-16
CARA,40654277,2025-04-16
CARA,79213272,2025-04-16
CARA,80453745,2025-04-16
CARA,87312571,2025-04-16
CARB,10201365,2025-04-16
CARB,14509403,2025-04-16
CARB,19304292,2025-04-16
CARB,32101452,2025-04-16
CARB,36598833,2025-04-16
CARB,42190959,2025-04-16
CARB,92995391,2025-04-16
CARB,97492740,2025-04-16
CARC,62775879,2025-04-16
CARC,64335675,2025-04-16
CARC,75330525,2025-04-16
CARD,00315233,2025-04-16
CARD,09936082,2025-04-16
CARD,27756935,2025-04-16
CARD,31965385,2025-04-16
CARD,73036814,2025-04-16
CARD,82328501,2025-04-16
CARE,04325132,2025-04-16
CARE,07056118,2025-04-16
CARE,17147314,2025-04-16
CARE,31827252,2025-04-16
CARE,61122934,2025-04-16
CARE,61995964,2025-04-16
CARE,77887265,2025-04-16
CARF,26968683,2025-04-16
CARF,53692137,2025-04-16
CARF,56057347,2025-04-16
CARG,29814233,2025-04-16
CARA,12241083,2025-04-17
CARA,25015878,2025-04-17
CARA,25489243,2025-04-17
CARA,43358389,2025-04-17
CARA,75278991,2025-04-17
CARA,93268118,2025-04-17
CARB,06245341,2025-04-17
CARB,07994490,2025-04-17
CARB,12007042,2025-04-17
CARB,16190419,2025-04-17
CARB,35584672,2025-04-17
CARB,45862592,2025-04-17
CARB,92803207,2025-04-17
CARD,00744816,2025-04-17
CARD,92691510,2025-04-17
CARE,14753959,2025-04-17
CARE,45605844,2025-04-17
CARE,65983669,2025-04-17
CARE,68222583,2025-04-17
CARF,03425611,2025-04-17
CARF,08623328,2025-04-17
CARF,62772451,2025-04-17
CARG,17020469,2025-04-17
CARG,67365253,2025-04-17
CARA,60593671,2025-04-18
CARA,60961086,2025-04-18
CARA,83813953,2025-04-18
CARA,88525539,2025-04-18
CARB,19593981,2025-04-18
CARB,53896146,2025-04-18
CARB,78724531,2025-04-18
CARB,87415661,2025-04-18
CARB,94938513,2025-04-18
CARC,15814496,2025-04-18
CARC,50350384,2025-04-18
CARC,55167602,2025-04-18
CARC,86916397,2025-04-18
CARC,97434454,2025-04-18
CARD,44731581,2025-04-18
CARD,49134362,2025-04-18
CARD,50004966,2025-04-18
CARD,68055478,2025-04-18
CARD,70310026,2025-04-18
CARD,96460860,2025-04-18
CARE,06283207,2025-04-18
CARE,11456308,2025-04-18
CARE,14511417,2025-04-18
CARE,45744356,2025-04-18
CARE,65764134,2025-04-18
CARE,69348407,2025-04-18
CARF,02955691,2025-04-18
CARF,09712435,2025-04-18
CARF,29510537,2025-04-18
CARF,69501475,2025-04-18
CARG,03276261,2025-04-18
CARG,82363369,2025-04-18
CARG,93819594,2025-04-18
CARH,15117035,2025-04-18
CARH,31475182,2025-04-18
CARA,17200101,2025-04-19
CARA,21276652,2025-04-19
CARA,95172704,2025-04-19
CARB,00698535,2025-04-19
CARB,35444057,2025-04-19
CARB,53544334,2025-04-19
CARC,30917441,2025-04-19
CARC,39797533,2025-04-19
CARC,53144977,2025-04-19
CARD,05457179,2025-04-19
CARD,43614437,2025-04-19
CARD,89829738,2025-04-19
CARE,07061682,2025-04-19
CARE,08036518,2025-04-19
CARE,15535209,2025-04-19
CARE,24515429,2025-04-19
CARF,07048078,2025-04-19
CARG,39876095,2025-04-19
CARG,54020225,2025-04-19
CARG,82268759,2025-04-19
CARG,84830941,2025-04-19
CARG,96133603,2025-04-19
CARH,23886478,2025-04-19
CARA,20053162,2025-04-20
CARA,42599171,2025-04-20
CARA,76086855,2025-04-20
CARA,93586339,2025-04-20
CARB,54547282,2025-04-20
CARB,78994876,2025-04-20
CARC,04394786,2025-04-20
CARC,17770918,2025-04-20
CARC,42127673,2025-04-20
CARC,50470427,2025-04-20
CARC,56283230,2025-04-20
CARC,76736067,2025-04-20
CARC,78810007,2025-04-20
CARC,89737735,2025-04-20
CARD,31325108,2025-04-20
CARD,40253362,2025-04-20
CARD,47926213,2025-04-20
CARD,84732580,2025-04-20
CARE,02147099,2025-04-20
CARE,15903500,2025-04-20
CARE,68739883,2025-04-20
CARE,78673927,2025-04-20
CARE,95680304,2025-04-20
CARF,27358746,2025-04-20
CARF,47427347,2025-04-20
CARF,67773072,2025-04-20
CARG,42185262,2025-04-20
CARH,82895691,2025-04-20
CARA,04710021,2025-04-21
CARA,27174772,2025-04-21
CARA,77325348,2025-04-21
CARA,90890958,2025-04-21
CARA,95886947,2025-04-21
CARB,11840075,2025-04-21
CARB,15390296,2025-04-21
CARB,39663676,2025-04-21
CARB,55764029,2025-04-21
CARC,06379687,2025-04-21
CARC,08740421,2025-04-21
CARC,10399280,2025-04-21
CARC,11030516,2025-04-21
CARC,44455219,2025-04-21
CARC,56038194,2025-04-21
CARC,79203627,2025-04-21
CARD,15607214,2025-04-21
CARD,16301341,2025-04-21
CARD,18118007,2025-04-21
CARD,27213945,2025-04-21
CARD,67506294,2025-04-21
CARD,72093809,2025-04-21
CARD,87453239,2025-04-21
CARD,94119390,2025-04-21
CARE,11095755,2025-04-21
CARE,26225221,2025-04-21
CARE,69367131,2025-04-21
CARF,47284023,2025-04-21
CARF,52990614,2025-04-21
CARG,07658786,2025-04-21
CARG,41583504,2025-04-21
CARG,68439639,2025-04-21
CARG,94349413,2025-04-21
CARH,81819825,2025-04-21
CARA,13931934,2025-04-22
CARA,45169972,2025-04-22
CARA,51317498,2025-04-22
CARA,86819539,2025-04-22
CARA,99802339,2025-04-22
CARB,05122827,2025-04-22
CARB,37648362,2025-04-22
CARB,46076152,2025-04-22
CARB,66554308,2025-04-22
CARB,81059403,2025-04-22
CARB,82131235,2025-04-22
CARB,82455486,2025-04-22
CARC,20992223,2025-04-22
CARC,27476045,2025-04-22
CARC,66083690,2025-04-22
CARC,69903346,2025-04-22
CARC,74754656,2025-04-22
CARC,82686189,2025-04-22
CARD,06268441,2025-04-22
CARD,19435297,2025-04-22
CARD,23418914,2025-04-22
CARD,43415217,2025-04-22
CARD,77087158,2025-04-22
CARD,93095069,2025-04-22
CARE,04702375,2025-04-22
CARE,50414654,2025-04-22
CARF,64105726,2025-04-22
CARF,70088551,2025-04-22
CARF,89557489,2025-04-22
CARG,32996640,2025-04-22
CARG,41951758,2025-04-22
CARG,90610018,2025-04-22
CARH,60901354,2025-04-22
CARH,82863543,2025-04-22
CARH,84773812,2025-04-22
CARA,49923145,2025-04-23
CARA,59123287,2025-04-23
CARA,92148655,2025-04-23
CARB,33407438,2025-04-23
CARC,17735044,2025-04-23
CARC,36649149,2025-04-23
CARC,40448871,2025-04-23
CARC,46386937,2025-04-23
CARC,51910845,2025-04-23
CARC,94042155,2025-04-23
CARD,06786907,2025-04-23
CARD,33431389,2025-04-23
CARD,46490135,2025-04-23
CARD,56527724,2025-04-23
CARD,63970932,2025-04-23
CARD,65129960,2025-04-23
CARD,71993577,2025-04-23
CARD,84158371,2025-04-23
CARE,25360238,2025-04-23
CARE,66722958,2025-04-23
CARE,97009977,2025-04-23
CARF,68579176,2025-04-23
CARG,24628377,2025-04-23
CARH,53216616,2025-04-23
CARA,25407212,2025-04-24
CARA,41268880,2025-04-24
CARA,84076192,2025-04-24
CARB,14886863,2025-04-24
CARB,33596742,2025-04-24
CARB,45003831,2025-04-24
CARB,74092376,2025-04-24
CARB,79780934,2025-04-24
CARB,95754493,2025-04-24
CARC,26153423,2025-04-24
CARC,99178974,2025-04-24
CARD,46067091,2025-04-24
CARD,48452988,2025-04-24
CARD,67401998,2025-04-24
CARD,89192392,2025-04-24
CARE,11248639,2025-04-24
CARE,29795982,2025-04-24
CARE,46247759,2025-04-24
CARE,78420510,2025-04-24
CARF,00027349,2025-04-24
CARF,71702589,2025-04-24
CARG,10242638,2025-04-24
CARG,44752172,2025-04-24
CARG,47659052,2025-04-24
CARG,85910950,2025-04-24
CARH,94769783,2025-04-24
CARA,01828370,2025-04-25
CARA,58456512,2025-04-25
CARB,54316797,2025-04-25
CARB,59787170,2025-04-25
CARB,78762696,2025-04-25
CARB,93594502,2025-04-25
CARB,99562060,2025-04-25
CARB,99923944,2025-04-25
CARC,37984694,2025-04-25
CARC,50655953,2025-04-25
CARC,81682430,2025-04-25
CARC,89734526,2025-04-25
CARC,96678132,2025-04-25
CARD,01910383,2025-04-25
CARD,28595495,2025-04-25
CARD,60660369,2025-04-25
CARD,81826332,2025-04-25
CARD,98532416,2025-04-25
CARE,06377226,2025-04-25
CARE,27048272,2025-04-25
CARE,67068685,2025-04-25
CARE,82190016,2025-04-25
CARE,90009523,2025-04-25
CARF,04758755,2025-04-25
CARF,51621907,2025-04-25
CARF,57409996,2025-04-25
CARG,08540221,2025-04-25
CARG,36392488,2025-04-25
CARG,65823906,2025-04-25
CARA,17827935,2025-04-26
CARA,48757133,2025-04-26
CARA,50071536,2025-04-26
CARA,59319236,2025-04-26
CARA,75602819,2025-04-26
CARB,10658801,2025-04-26
CARB,11221398,2025-04-26
CARB,14611542,2025-04-26
CARB,22377211,2025-04-26
CARB,24756526,2025-04-26
CARB,26950002,2025-04-26
CARB,66817516,2025-04-26
CARB,98723466,2025-04-26
CARB,99872751,2025-04-26
CARC,02559112,2025-04-26
CARC,42821109,2025-04-26
CARC,45494278,2025-04-26
CARC,69972590,2025-04-26
CARC,75122395,2025-04-26
CARC,79682855,2025-04-26
CARC,93729278,2025-04-26
CARD,24276971,2025-04-26
CARE,29692195,2025-04-26
CARE,38545258,2025-04-26
CARF,98446487,2025-04-26
CARG,34534800,2025-04-26
CARG,46255514,2025-04-26
CARG,97600416,2025-04-26
CARH,22644365,2025-04-26
CARH,87921621,2025-04-26
CARA,29085331,2025-04-27
CARA,50720372,2025-04-27
CARA,71017971,2025-04-27
CARA,88649616,2025-04-27
CARB,00703351,2025-04-27
CARB,30595379,2025-04-27
CARB,31109718,2025-04-27
CARB,83827362,2025-04-27
CARC,08158625,2025-04-27
CARC,12344933,2025-04-27
CARD,02899339,2025-04-27
CARD,67814017,2025-04-27
CARE,22265203,2025-04-27
CARF,08489445,2025-04-27
CARF,20685331,2025-04-27
CARF,23387710,2025-04-27
CARF,76544224,2025-04-27
CARF,89153793,2025-04-27
CARG,14454024,2025-04-27
CARG,24600448,2025-04-27
CARG,35043248,2025-04-27
CARH,03762991,2025-04-27
CARA,10660180,2025-04-28
CARA,12008906,2025-04-28
CARA,31001357,2025-04-28
CARA,41907477,2025-04-28
CARA,79402323,2025-04-28
CARA,82371529,2025-04-28
CARB,05448969,2025-04-28
CARB,05878453,2025-04-28
CARB,18314774,2025-04-28
CARB,48693614,2025-04-28
CARC,50325261,2025-04-28
CARC,59110842,2025-04-28
CARC,62536853,2025-04-28
CARC,67865264,2025-04-28
CARD,38989418,2025-04-28
CARD,70786107,2025-04-28
CARD,78770639,2025-04-28
CARE,22093546,2025-04-28
CARE,25950089,2025-04-28
CARE,47252738,2025-04-28
CARE,52752263,2025-04-28
CARE,81497707,2025-04-28
CARE,88919696,2025-04-28
CARE,99998823,2025-04-28
CARF,55676474,2025-04-28
CARF,76034333,2025-04-28
CARF,84286819,2025-04-28
CARG,89409712,2025-04-28
CARH,83037200,2025-04-28
CARA,30286634,2025-04-29
CARA,33727756,2025-04-29
CARA,39285122,2025-04-29
CARA,61163178,2025-04-29
CARA,81392612,2025-04-29
CARB,22255602,2025-04-29
CARB,23427000,2025-04-29
CARB,42365408,2025-04-29
CARB,52046155,2025-04-29
CARB,64307475,2025-04-29
CARB,97655852,2025-04-29
CARC,89696859,2025-04-29
CARC,90882947,2025-04-29
CARD,44281130,2025-04-29
CARD,89284702,2025-04-29
CARD,94446471,2025-04-29
CARE,47583015,2025-04-29
CARF,29365033,2025-04-29
CARF,47327989,2025-04-29
CARF,61729277,2025-04-29
CARG,69144404,2025-04-29
CARH,13176386,2025-04-29
CARH,25755370,2025-04-29
CARA,10366185,2025-04-30
CARA,60215519,2025-04-30
CARA,69060206,2025-04-30
CARA,80723236,2025-04-30
CARB,85064245,2025-04-30
CARC,46561277,2025-04-30
CARC,65922204,2025-04-30
CARD,03820941,2025-04-30
CARD,40273073,2025-04-30
CARD,43302477,2025-04-30
CARD,51328370,2025-04-30
CARD,67054437,2025-04-30
CARD,87508477,2025-04-30
CARE,03472839,2025-04-30
CARE,24242953,2025-04-30
CARF,14489552,2025-04-30
CARF,93425066,2025-04-30
CARG,35330942,2025-04-30
CARG,69721391,2025-04-30
CARG,73777375,2025-04-30
CARG,92310022,2025-04-30
CARH,49683142,2025-04-30
CARH,84130604,2025-04-30
CARA,24245713,2025-05-01
CARA,33062665,2025-05-01
CARA,37719320,2025-05-01
CARA,42881691,2025-05-01
CARA,74749628,2025-05-01
CARA,97749310,2025-05-01
CARB,09253305,2025-05-01
CARB,19972857,2025-05-01
CARB,64241935,2025-05-01
CARB,64508765,2025-05-01
CARB,67224145,2025-05-01
CARB,72711765,2025-05-01
CARB,74875506,2025-05-01
CARC,45573768,2025-05-01
CARC,56284247,2025-05-01
CARC,57068247,2025-05-01
CARC,88638670,2025-05-01
CARC,96761523,2025-05-01
CARD,09111005,2025-05-01
CARD,43898697,2025-05-01
CARE,13189273,2025-05-01
CARE,17839665,2025-05-01
CARE,18329185,2025-05-01
CARE,24139008,2025-05-01
CARE,89871589,2025-05-01
CARE,93625416,2025-05-01
CARE,94254618,2025-05-01
CARF,25298494,2025-05-01
CARG,03683802,2025-05-01
CARG,78937724,2025-05-01
CARH,61150784,2025-05-01
CARH,77601707,2025-05-01
CARH,95878306,2025-05-01
CARA,18770543,2025-05-02
CARA,26080278,2025-05-02
CARA,31423467,2025-05-02
CARA,66426370,2025-05-02
CARA,74506877,2025-05-02
CARB,09463862,2025-05-02
CARB,28193223,2025-05-02
CARB,40684573,2025-05-02
CARC,01194977,2025-05-02
CARC,52723233,2025-05-02
CARC,62029163,2025-05-02
CARC,70744453,2025-05-02
CARC,94549731,2025-05-02
CARC,99292589,2025-05-02
CARD,15433105,2025-05-02
CARD,17667213,2025-05-02
CARD,21235266,2025-05-02
CARD,37228662,2025-05-02
CARD,39126965,2025-05-02
CARD,42612848,2025-05-02
CARD,68544502,2025-05-02
CARD,74856252,2025-05-02
CARD,95569181,2025-05-02
CARD,97922064,2025-05-02
CARE,01820641,2025-05-02
CARE,23951938,2025-05-02
CARE,61032165,2025-05-02
CARE,69379329,2025-05-02
CARF,88852050,2025-05-02
CARG,69093634,2025-05-02
CARG,71362805,2025-05-02
CARB,16585552,2025-05-03
CARB,18128835,2025-05-03
CARB,31024328,2025-05-03
CARB,38781810,2025-05-03
CARB,64357634,2025-05-03
CARB,98213771,2025-05-03
CARC,00492370,2025-05-03
CARC,05679071,2025-05-03
CARC,32504060,2025-05-03
CARC,55782326,2025-05-03
CARC,60369342,2025-05-03
CARC,82325488,2025-05-03
CARC,98789988,2025-05-03
CARD,11020040,2025-05-03
CARD,20577086,2025-05-03
CARD,34648838,2025-05-03
CARD,37023073,2025-05-03
CARD,56478709,2025-05-03
CARD,65809354,2025-05-03
CARD,77432574,2025-05-03
CARD,92973662,2025-05-03
CARE,09187191,2025-05-03
CARE,40588389,2025-05-03
CARE,51352621,2025-05-03
CARE,58059127,2025-05-03
CARG,48248041,2025-05-03
CARG,60498627,2025-05-03
CARH,01356043,2025-05-03
CARH,07634415,2025-05-03
CARH,07828075,2025-05-03
CARA,45453968,2025-05-04
CARA,93215513,2025-05-04
CARB,01678277,2025-05-04
CARB,03267226,2025-05-04
CARB,08304702,2025-05-04
CARB,11643957,2025-05-04
CARB,41325136,2025-05-04
CARB,48435348,2025-05-04
CARB,69449093,2025-05-04
CARC,16070040,2025-05-04
CARC,17120609,2025-05-04
CARC,25630454,2025-05-04
CARC,54083345,2025-05-04
CARC,65580410,2025-05-04
CARD,03793836,2025-05-04
CARD,27894401,2025-05-04
CARD,31264753,2025-05-04
CARD,55912321,2025-05-04
CARD,65762731,2025-05-04
CARD,74199398,2025-05-04
CARE,17207829,2025-05-04
CARE,58100479,2025-05-04
CARE,61877100,2025-05-04
CARE,65950688,2025-05-04
CARE,80031851,2025-05-04
CARF,85189040,2025-05-04
CARG,53663407,2025-05-04
CARG,58615509,2025-05-04
CARH,91831027,2025-05-04
CARA,49211479,2025-05-05
CARA,97417499,2025-05-05
CARB,37958507,2025-05-05
CARB,53929601,2025-05-05
CARB,93114320,2025-05-05
CARB,94244677,2025-05-05
CARC,38011312,2025-05-05
CARC,42580384,2025-05-05
CARC,46130423,2025-05-05
CARC,73956598,2025-05-05
CARD,08035769,2025-05-05
CARD,31447710,2025-05-05
CARD,38172513,2025-05-05
CARD,75839452,2025-05-05
CARD,88147646,2025-05-05
CARD,98760057,2025-05-05
CARE,48306580,2025-05-05
CARE,67648315,2025-05-05
CARF,10539980,2025-05-05
CARF,12873027,2025-05-05
CARF,35002966,2025-05-05
CARF,55332596,2025-05-05
CARF,89172522,2025-05-05
CARF,93884223,2025-05-05
CARG,41229642,2025-05-05
CARG,74245190,2025-05-05
CARG,76728708,2025-05-05
CARG,92958134,2025-05-05
CARH,15956959,2025-05-05
CARH,50932989,2025-05-05
CARA,02125541,2025-05-06
CARA,51989404,2025-05-06
CARA,59357905,2025-05-06
CARA,63896331,2025-05-06
CARA,86066746,2025-05-06
CARB,52729593,2025-05-06
CARC,23967535,2025-05-06
CARC,33507709,2025-05-06
CARC,38967331,2025-05-06
CARC,41751555,2025-05-06
CARD,57999957,2025-05-06
CARD,59362700,2025-05-06
CARE,37107115,2025-05-06
CARE,58369189,2025-05-06
CARE,81018575,2025-05-06
CARF,07826421,2025-05-06
CARF,10874918,2025-05-06
CARF,82508830,2025-05-06
CARG,07633543,2025-05-06
CARG,24103697,2025-05-06
CARG,25645459,2025-05-06
CARH,99492248,2025-05-06
CARA,07400021,2025-05-07
CARA,10884641,2025-05-07
CARA,24584326,2025-05-07
CARA,40595493,2025-05-07
CARA,80991301,2025-05-07
CARA,86544022,2025-05-07
CARA,94600084,2025-05-07
CARB,09804412,2025-05-07
CARB,12990056,2025-05-07
CARB,35126404,2025-05-07
CARB,38429968,2025-05-07
CARC,45257025,2025-05-07
CARC,89668519,2025-05-07
CARC,90562987,2025-05-07
CARD,00853399,2025-05-07
CARD,15189063,2025-05-07
CARD,30853096,2025-05-07
CARD,47714397,2025-05-07
CARD,50750288,2025-05-07
CARD,76707877,2025-05-07
CARE,24955190,2025-05-07
CARE,47013262,2025-05-07
CARE,66059162,2025-05-07
CARF,39426169,2025-05-07
CARF,43950390,2025-05-07
CARF,88858598,2025-05-07
CARA,12617409,2025-05-08
CARA,33178579,2025-05-08
CARA,45202353,2025-05-08
CARA,46661072,2025-05-08
CARA,49995934,2025-05-08
CARB,01655080,2025-05-08
CARB,40131698,2025-05-08
CARB,71884698,2025-05-08
CARB,85231451,2025-05-08
CARB,85421693,2025-05-08
CARB,88116146,2025-05-08
CARC,21578399,2025-05-08
CARC,33401568,2025-05-08
CARC,67694252,2025-05-08
CARC,77186921,2025-05-08
CARD,42279131,2025-05-08
CARD,66610082,2025-05-08
CARD,73469522,2025-05-08
CARD,80891967,2025-05-08
CARE,10409803,2025-05-08
CARE,23303460,2025-05-08
CARE,47435848,2025-05-08
CARE,92689238,2025-05-08
CARE,98509342,2025-05-08
CARF,14386455,2025-05-08
CARF,15895922,2025-05-08
CARG,17026664,2025-05-08
CARG,74625175,2025-05-08
CARG,86960975,2025-05-08
CARH,11707671,2025-05-08
CARH,86788725,2025-05-08
CARA,03247385,2025-05-09
CARA,14013758,2025-05-09
CARA,77135919,2025-05-09
CARB,23278234,2025-05-09
CARB,36671131,2025-05-09
CARB,45724435,2025-05-09
CARB,68854716,2025-05-09
CARC,70810498,2025-05-09
CARC,72408166,2025-05-09
CARD,01928729,2025-05-09
CARD,11965388,2025-05-09
CARD,57802037,2025-05-09
CARD,64661540,2025-05-09
CARD,86132900,2025-05-09
CARE,03232969,2025-05-09
CARE,25602453,2025-05-09
CARE,34084440,2025-05-09
CARE,34793917,2025-05-09
CARE,36873492,2025-05-09
CARE,51791483,2025-05-09
CARE,52245179,2025-05-09
CARF,01063950,2025-05-09
CARF,04830637,2025-05-09
CARG,50670791,2025-05-09
CARG,59430111,2025-05-09
CARH,09538246,2025-05-09
CARH,94371335,2025-05-09
CARA,39171011,2025-05-10
CARA,47310086,2025-05-10
CARA,55723366,2025-05-10
CARA,65976942,2025-05-10
CARA,67677165,2025-05-10
CARA,89344187,2025-05-10
CARB,40592501,2025-05-10
CARB,81194061,2025-05-10
CARB,84601505,2025-05-10
CARC,21795334,2025-05-10
CARC,31297341,2025-05-10
CARC,46258579,2025-05-10
CARC,47917966,2025-05-10
CARC,59961358,2025-05-10
CARC,88481782,2025-05-10
CARD,02647134,2025-05-10
CARD,10546348,2025-05-10
CARD,32938094,2025-05-10
CARD,60156266,2025-05-10
CARE,36147022,2025-05-10
CARE,81345185,2025-05-10
CARE,85614632,2025-05-10
CARE,92142412,2025-05-10
CARG,25338560,2025-05-10
CARG,63718186,2025-05-10
CARH,44337083,2025-05-10
CARH,79606352,2025-05-10
CARA,05482206,2025-05-11
CARA,23024047,2025-05-11
CARA,50449625,2025-05-11
CARA,55853472,2025-05-11
CARA,69562239,2025-05-11
CARA,78783967,2025-05-11
CARB,30309191,2025-05-11
CARB,42317421,2025-05-11
CARB,59650093,2025-05-11
CARC,01432801,2025-05-11
CARC,34217464,2025-05-11
CARC,69998295,2025-05-11
CARC,81531564,2025-05-11
CARD,22379210,2025-05-11
CARD,31171649,2025-05-11
CARD,37288449,2025-05-11
CARD,49932433,2025-05-11
CARD,76220245,2025-05-11
CARD,95287061,2025-05-11
CARE,20412773,2025-05-11
CARE,22363599,2025-05-11
CARE,78082372,2025-05-11
CARE,87575007,2025-05-11
CARE,91891578,2025-05-11
CARE,93497967,2025-05-11
CARG,40427763,2025-05-11
CARG,42163602,2025-05-11
CARG,55319271,2025-05-11
CARH,42090701,2025-05-11
CARH,65956422,2025-05-11
CARH,69926059,2025-05-11
CARH,80920364,2025-05-11
CARA,03214936,2025-05-12
CARA,78574198,2025-05-12
CARA,98688110,2025-05-12
CARB,34096302,2025-05-12
CARB,52750800,2025-05-12
CARB,81473684,2025-05-12
CARB,95912915,2025-05-12
CARC,53778785,2025-05-12
CARC,96972701,2025-05-12
CARD,28432491,2025-05-12
CARD,88887436,2025-05-12
CARE,09741757,2025-05-12
CARE,10633068,2025-05-12
CARF,42572009,2025-05-12
CARF,56896754,2025-05-12
CARF,93694807,2025-05-12
CARG,05012342,2025-05-12
CARG,87965128,2025-05-12
CARH,59882202,2025-05-12
CARA,28696142,2025-05-13
CARA,29498911,2025-05-13
CARA,43355771,2025-05-13
CARA,43454575,2025-05-13
CARA,44589903,2025-05-13
CARA,62391929,2025-05-13
CARA,62697869,2025-05-13
CARB,12439579,2025-05-13
CARB,16683121,2025-05-13
CARB,19026253,2025-05-13
CARB,40216982,2025-05-13
CARB,42611980,2025-05-13
CARB,49579804,2025-05-13
CARB,78502738,2025-05-13
CARB,82879439,2025-05-13
CARB,90009026,2025-05-13
CARB,90928952,2025-05-13
CARC,02921315,2025-05-13
CARC,06485784,2025-05-13
CARC,56055688,2025-05-13
CARD,06534059,2025-05-13
CARD,24852667,2025-05-13
CARD,31427411,2025-05-13
CARD,36947677,2025-05-13
CARD,60235330,2025-05-13
CARD,68281437,2025-05-13
CARD,84401366,2025-05-13
CARD,98597140,2025-05-13
CARE,19891893,2025-05-13
CARF,07172298,2025-05-13
CARF,54370164,2025-05-13
CARF,78086591,2025-05-13
CARG,24330817,2025-05-13
CARG,32857200,2025-05-13
CARA,09312752,2025-05-14
CARA,16606266,2025-05-14
CARA,48021005,2025-05-14
CARB,11633251,2025-05-14
CARB,32063533,2025-05-14
CARB,70840487,2025-05-14
CARB,96218267,2025-05-14
CARB,99734178,2025-05-14
CARC,10893193,2025-05-14
CARC,79947926,2025-05-14
CARC,95647064,2025-05-14
CARD,46225624,2025-05-14
CARD,68656371,2025-05-14
CARE,19021559,2025-05-14
CARE,47631649,2025-05-14
CARF,82324077,2025-05-14
CARG,81980063,2025-05-14
CARH,59402083,2025-05-14
CARH,64372559,2025-05-14
CARH,78783306,2025-05-14
CARH,83761655,2025-05-14
CARA,61976727,2025-05-15
CARA,63549406,2025-05-15
CARA,67561572,2025-05-15
CARB,48065478,2025-05-15
CARB,94929851,2025-05-15
CARC,35789736,2025-05-15
CARC,49040013,2025-05-15
CARC,54370972,2025-05-15
CARC,61993332,2025-05-15
CARC,63214085,2025-05-15
CARC,67102846,2025-05-15
CARC,75996071,2025-05-15
CARC,77648428,2025-05-15
CARC,82867995,2025-05-15
CARD,58333311,2025-05-15
CARD,72035105,2025-05-15
CARD,78542967,2025-05-15
CARE,01833226,2025-05-15
CARE,58195566,2025-05-15
CARE,60683678,2025-05-15
CARE,68470634,2025-05-15
CARE,88395271,2025-05-15
CARF,36537424,2025-05-15
CARF,40808690,2025-05-15
CARF,95514049,2025-05-15
CARG,54377623,2025-05-15
CARG,58299109,2025-05-15
CARH,44890002,2025-05-15
CARA,33797213,2025-05-16
CARA,53799741,2025-05-16
CARA,61122210,2025-05-16
CARA,64491067,2025-05-16
CARA,82050775,2025-05-16
CARA,91070764,2025-05-16
CARA,94882661,2025-05-16
CARB,15203018,2025-05-16
CARB,19944229,2025-05-16
CARB,39580467,2025-05-16
CARB,65577509,2025-05-16
CARC,66605154,2025-05-16
CARC,66826578,2025-05-16
CARD,16150061,2025-05-16
CARD,22392794,2025-05-16
CARD,33072136,2025-05-16
CARD,48087136,2025-05-16
CARD,67203059,2025-05-16
CARD,69660126,2025-05-16
CARD,98540606,2025-05-16
CARE,51347730,2025-05-16
CARE,61169295,2025-05-16
CARE,69916293,2025-05-16
CARF,07814595,2025-05-16
CARF,55225753,2025-05-16
CARF,78740966,2025-05-16
CARG,34036483,2025-05-16
CARG,98392911,2025-05-16
CARH,09802683,2025-05-16
CARH,89336334,2025-05-16
CARA,79755948,2025-05-17
CARB,09387895,2025-05-17
CARB,36265406,2025-05-17
CARB,45553049,2025-05-17
CARB,57339676,2025-05-17
CARB,59139615,2025-05-17
CARB,63821185,2025-05-17
CARB,82484458,2025-05-17
CARC,05387365,2025-05-17
CARC,06373787,2025-05-17
CARC,10617889,2025-05-17
CARC,26636534,2025-05-17
CARC,38057431,2025-05-17
CARC,38884622,2025-05-17
CARC,42726331,2025-05-17
CARC,63971086,2025-05-17
CARC,72526993,2025-05-17
CARC,72736799,2025-05-17
CARC,84284170,2025-05-17
CARC,94259236,2025-05-17
CARD,03203716,2025-05-17
CARD,86306538,2025-05-17
CARE,32762563,2025-05-17
CARE,59674305,2025-05-17
CARE,74515468,2025-05-17
CARF,69654936,2025-05-17
CARF,75750781,2025-05-17
CARF,97184455,2025-05-17
CARG,06539974,2025-05-17
CARG,51618528,2025-05-17
CARA,44439368,2025-05-18
CARA,49467288,2025-05-18
CARA,72639357,2025-05-18
CARA,94691040,2025-05-18
CARB,32815163,2025-05-18
CARB,57360959,2025-05-18
CARB,58934926,2025-05-18
CARB,69845400,2025-05-18
CARB,97588495,2025-05-18
CARC,07139896,2025-05-18
CARC,45009492,2025-05-18
CARC,54394014,2025-05-18
CARC,69271830,2025-05-18
CARC,80002077,2025-05-18
CARD,01528178,2025-05-18
CARD,07645572,2025-05-18
CARD,10082341,2025-05-18
CARD,27547143,2025-05-18
CARD,30527334,2025-05-18
CARD,44592323,2025-05-18
CARD,72118156,2025-05-18
CARD,81053235,2025-05-18
CARE,07674520,2025-05-18
CARE,42544382,2025-05-18
CARE,60290385,2025-05-18
CARE,71276781,2025-05-18
CARE,77034707,2025-05-18
CARF,34649285,2025-05-18
CARF,59156336,2025-05-18
CARG,56573387,2025-05-18
CARG,71490195,2025-05-18
CARG,83030617,2025-05-18
CARG,88651435,2025-05-18
CARH,62728937,2025-05-18
CARA,48796419,2025-05-19
CARA,75045415,2025-05-19
CARA,75986341,2025-05-19
CARA,77194260,2025-05-19
CARA,90617774,2025-05-19
CARA,91776117,2025-05-19
CARA,98891597,2025-05-19
CARB,47628922,2025-05-19
CARB,59787253,2025-05-19
CARB,61618234,2025-05-19
CARB,70631012,2025-05-19
CARB,76280755,2025-05-19
CARB,89359244,2025-05-19
CARB,93655733,2025-05-19
CARB,99736270,2025-05-19
CARC,16227230,2025-05-19
CARC,38036931,2025-05-19
CARC,38335711,2025-05-19
CARC,76268653,2025-05-19
CARC,81142959,2025-05-19
CARC,91736963,2025-05-19
CARD,05276419,2025-05-19
CARD,18557819,2025-05-19
CARD,19092242,2025-05-19
CARD,42361611,2025-05-19
CARD,57443775,2025-05-19
CARD,70792584,2025-05-19
CARD,95064492,2025-05-19
CARE,41477895,2025-05-19
CARE,45785379,2025-05-19
CARE,70095150,2025-05-19
CARE,86681180,2025-05-19
CARF,24210833,2025-05-19
CARF,42582294,2025-05-19
CARF,57389342,2025-05-19
CARF,92016147,2025-05-19
CARG,47029735,2025-05-19
CARG,96382615,2025-05-19
CARH,92171153,2025-05-19
CARA,24177675,2025-05-20
CARA,27143536,2025-05-20
CARA,54231726,2025-05-20
CARA,55695806,2025-05-20
CARA,65277947,2025-05-20
CARA,78485581,2025-05-20
CARB,00853906,2025-05-20
CARB,15816532,2025-05-20
CARB,34946292,2025-05-20
CARB,38086166,2025-05-20
CARB,43295059,2025-05-20
CARB,54578367,2025-05-20
CARB,64034333,2025-05-20
CARB,84058223,2025-05-20
CARB,85953586,2025-05-20
CARC,37167296,2025-05-20
CARC,37325146,2025-05-20
CARC,88920757,2025-05-20
CARD,20821455,2025-05-20
CARD,42276697,2025-05-20
CARE,42618307,2025-05-20
CARE,63683377,2025-05-20
CARE,70909895,2025-05-20
CARF,51559298,2025-05-20
CARG,40323604,2025-05-20
CARH,15976688,2025-05-20
CARA,15572909,2025-05-21
CARA,22309627,2025-05-21
CARA,38025988,2025-05-21
CARA,49647720,2025-05-21
CARA,61605114,2025-05-21
CARA,67534924,2025-05-21
CARB,00046905,2025-05-21
CARB,40749770,2025-05-21
CARB,49948730,2025-05-21
CARB,59351147,2025-05-21
CARB,73111126,2025-05-21
CARB,77603200,2025-05-21
CARB,85235661,2025-05-21
CARB,94291056,2025-05-21
CARC,17603170,2025-05-21
CARC,37326789,2025-05-21
CARC,37987298,2025-05-21
CARC,46469365,2025-05-21
CARC,92137699,2025-05-21
CARD,17108985,2025-05-21
CARD,20395189,2025-05-21
CARE,47555579,2025-05-21
CARE,56359521,2025-05-21
CARF,28643951,2025-05-21
CARF,54316721,2025-05-21
CARG,01807894,2025-05-21
CARG,40797981,2025-05-21
CARG,75552183,2025-05-21
CARH,69229061,2025-05-21
CARA,25298341,2025-05-22
CARA,55474638,2025-05-22
CARA,62014313,2025-05-22
CARA,63190094,2025-05-22
CARB,54347694,2025-05-22
CARB,64427698,2025-05-22
CARB,94138424,2025-05-22
CARC,16810994,2025-05-22
CARC,37515220,2025-05-22
CARC,38143970,2025-05-22
CARC,64301720,2025-05-22
CARC,99341884,2025-05-22
CARD,11555058,2025-05-22
CARD,43635407,2025-05-22
CARD,68461596,2025-05-22
CARD,98758291,2025-05-22
CARE,12273161,2025-05-22
CARE,47287072,2025-05-22
CARE,53971861,2025-05-22
CARF,29416255,2025-05-22
CARF,32865657,2025-05-22
CARG,48852274,2025-05-22
CARG,67713059,2025-05-22
CARG,71229970,2025-05-22
CARG,97331146,2025-05-22
CARA,03606275,2025-05-23
CARA,10902716,2025-05-23
CARA,26385561,2025-05-23
CARA,26598096,2025-05-23
CARA,35723886,2025-05-23
CARA,49428885,2025-05-23
CARA,71096978,2025-05-23
CARA,82986716,2025-05-23
CARA,95718136,2025-05-23
CARB,09600362,2025-05-23
CARB,32763616,2025-05-23
CARB,43925564,2025-05-23
CARB,50092091,2025-05-23
CARB,59361579,2025-05-23
CARB,70708536,2025-05-23
CARB,90314573,2025-05-23
CARC,54897741,2025-05-23
CARC,65908939,2025-05-23
CARC,67697745,2025-05-23
CARC,78518758,2025-05-23
CARD,09463765,2025-05-23
CARD,11907581,2025-05-23
CARD,13381735,2025-05-23
CARD,30403313,2025-05-23
CARD,59645518,2025-05-23
CARD,69598515,2025-05-23
CARD,71085548,2025-05-23
CARD,74372289,2025-05-23
CARD,83949155,2025-05-23
CARE,51684369,2025-05-23
CARE,82539280,2025-05-23
CARF,17845600,2025-05-23
CARF,38764144,2025-05-23
CARF,41698439,2025-05-23
CARF,67998849,2025-05-23
CARG,36951886,2025-05-23
CARG,39029519,2025-05-23
CARG,44345623,2025-05-23
CARG,56533370,2025-05-23
CARG,84813343,2025-05-23
CARH,18594151,2025-05-23
CARA,04860901,2025-05-24
CARA,06576726,2025-05-24
CARA,24583303,2025-05-24
CARA,42597085,2025-05-24
CARA,54768972,2025-05-24
CARA,78753909,2025-05-24
CARA,94865779,2025-05-24
CARB,12521818,2025-05-24
CARB,15067210,2025-05-24
CARB,41102970,2025-05-24
CARB,42418226,2025-05-24
CARB,57745062,2025-05-24
CARB,68355985,2025-05-24
CARB,90760337,2025-05-24
CARB,93853736,2025-05-24
CARC,00410588,2025-05-24
CARC,02914326,2025-05-24
CARC,41566386,2025-05-24
CARC,60527432,2025-05-24
CARC,84939931,2025-05-24
CARC,97760121,2025-05-24
CARD,11611827,2025-05-24
CARD,13564881,2025-05-24
CARD,14454889,2025-05-24
CARD,26104659,2025-05-24
CARD,31784372,2025-05-24
CARD,63741837,2025-05-24
CARD,93282564,2025-05-24
CARE,22249399,2025-05-24
CARE,27793335,2025-05-24
CARE,44164867,2025-05-24
CARE,46910629,2025-05-24
CARE,68117698,2025-05-24
CARE,82654781,2025-05-24
CARE,88070509,2025-05-24
CARF,05395985,2025-05-24
CARF,09281266,2025-05-24
CARF,24702402,2025-05-24
CARF,42755917,2025-05-24
CARF,72164766,2025-05-24
CARF,77577678,2025-05-24
CARF,90835393,2025-05-24
CARF,91409621,2025-05-24
CARH,62303349,2025-05-24
CARH,96883390,2025-05-24
CARA,07015599,2025-05-25
CARA,17372718,2025-05-25
CARA,44705123,2025-05-25
CARA,53552715,2025-05-25
CARB,16801560,2025-05-25
CARB,17992965,2025-05-25
CARB,31680763,2025-05-25
CARB,94707617,2025-05-25
CARC,27687754,2025-05-25
CARC,36355528,2025-05-25
CARC,76450819,2025-05-25
CARD,01035650,2025-05-25
CARD,05200889,2025-05-25
CARD,07324761,2025-05-25
CARD,26349374,2025-05-25
CARD,46694275,2025-05-25
CARD,80589558,2025-05-25
CARE,11907235,2025-05-25
CARE,24271501,2025-05-25
CARE,33216221,2025-05-25
CARG,12871725,2025-05-25
CARG,60833951,2025-05-25
CARH,66257481,2025-05-25
CARH,84536464,2025-05-25
CARA,08889580,2025-05-26
CARA,59350697,2025-05-26
CARA,59404394,2025-05-26
CARA,71584336,2025-05-26
CARA,74851959,2025-05-26
CARA,86542371,2025-05-26
CARB,10368561,2025-05-26
CARB,14244101,2025-05-26
CARB,15297228,2025-05-26
CARB,15304770,2025-05-26
CARB,35287087,2025-05-26
CARB,38183611,2025-05-26
CARB,50140548,2025-05-26
CARB,52054113,2025-05-26
CARB,84259106,2025-05-26
CARB,85102355,2025-05-26
CARB,92168059,2025-05-26
CARC,09424590,2025-05-26
CARC,19816386,2025-05-26
CARC,34688981,2025-05-26
CARC,40886764,2025-05-26
CARC,54789048,2025-05-26
CARC,64320118,2025-05-26
CARC,77037259,2025-05-26
CARD,09861281,2025-05-26
CARD,27842236,2025-05-26
CARD,45916300,2025-05-26
CARD,61425927,2025-05-26
CARD,87727092,2025-05-26
CARE,01989129,2025-05-26
CARE,81969117,2025-05-26
CARH,10596833,2025-05-26
CARA,30567615,2025-05-27
CARA,52547024,2025-05-27
CARA,71125369,2025-05-27
CARA,76427658,2025-05-27
CARB,24218854,2025-05-27
CARB,58572786,2025-05-27
CARB,76423557,2025-05-27
CARC,03647211,2025-05-27
CARC,12493553,2025-05-27
CARC,19478943,2025-05-27
CARC,52303847,2025-05-27
CARC,55911862,2025-05-27
CARC,67443120,2025-05-27
CARC,88362807,2025-05-27
CARD,06955452,2025-05-27
CARD,32154066,2025-05-27
CARD,37925954,2025-05-27
CARE,09005813,2025-05-27
CARE,09707771,2025-05-27
CARF,98259866,2025-05-27
CARH,30926823,2025-05-27
CARA,03589961,2025-05-28
CARA,06285902,2025-05-28
CARA,57494821,2025-05-28
CARA,74505755,2025-05-28
CARA,95459030,2025-05-28
CARB,00208634,2025-05-28
CARB,09280305,2025-05-28
CARB,28802632,2025-05-28
CARB,32329332,2025-05-28
CARB,50712840,2025-05-28
CARB,51113092,2025-05-28
CARB,88683720,2025-05-28
CARB,99028406,2025-05-28
CARC,09899327,2025-05-28
CARC,35543424,2025-05-28
CARC,59722276,2025-05-28
CARD,03915330,2025-05-28
CARD,11130540,2025-05-28
CARD,17564759,2025-05-28
CARD,24694121,2025-05-28
CARD,31824954,2025-05-28
CARD,76009997,2025-05-28
CARD,97806785,2025-05-28
CARD,98253596,2025-05-28
CARE,58175842,2025-05-28
CARE,64325531,2025-05-28
CARE,79955395,2025-05-28
CARF,45217026,2025-05-28
CARF,59261323,2025-05-28
CARG,22448005,2025-05-28
CARA,05895558,2025-05-29
CARA,79910912,2025-05-29
CARA,86378318,2025-05-29
CARB,13430948,2025-05-29
CARB,15388480,2025-05-29
CARB,33286142,2025-05-29
CARB,40114544,2025-05-29
CARB,50759558,2025-05-29
CARB,67948178,2025-05-29
CARB,77334631,2025-05-29
CARB,84198862,2025-05-29
CARB,97572018,2025-05-29
CARC,21961919,2025-05-29
CARC,66675714,2025-05-29
CARC,79775486,2025-05-29
CARC,84899748,2025-05-29
CARD,15758921,2025-05-29
CARD,37299152,2025-05-29
CARD,42371667,2025-05-29
CARD,66438205,2025-05-29
CARE,13146968,2025-05-29
CARE,23053310,2025-05-29
CARE,23647398,2025-05-29
CARE,33138134,2025-05-29
CARE,49527624,2025-05-29
CARE,83365081,2025-05-29
CARE,98393543,2025-05-29
CARF,40787812,2025-05-29
CARF,75093575,2025-05-29
CARF,92335272,2025-05-29
CARG,41040120,2025-05-29
CARH,09010112,2025-05-29
CARH,44464608,2025-05-29
CARH,50393107,2025-05-29
CARH,93607101,2025-05-29
CARA,54340423,2025-05-30
CARA,87772721,2025-05-30
CARB,11909329,2025-05-30
CARB,25778587,2025-05-30
CARB,90788906,2025-05-30
CARB,97511764,2025-05-30
CARC,09922706,2025-05-30
CARC,12451953,2025-05-30
CARC,46937345,2025-05-30
CARC,63043522,2025-05-30
CARC,86997630,2025-05-30
CARD,09314741,2025-05-30
CARD,13361993,2025-05-30
CARD,21579685,2025-05-30
CARD,69567868,2025-05-30
CARE,06244912,2025-05-30
CARE,40702423,2025-05-30
CARE,50232963,2025-05-30
CARE,68639830,2025-05-30
CARE,69754469,2025-05-30
CARE,85898199,2025-05-30
CARE,92116592,2025-05-30
CARE,98775776,2025-05-30
CARF,69866847,2025-05-30
CARF,93262208,2025-05-30
CARG,06103333,2025-05-30
CARG,14446433,2025-05-30
CARG,73152878,2025-05-30
CARG,93807226,2025-05-30
CARH,39188346,2025-05-30
CARH,70222736,2025-05-30
CARA,17608082,2025-05-31
CARA,20158073,2025-05-31
CARA,22280509,2025-05-31
CARA,24534535,2025-05-31
CARA,27617865,2025-05-31
CARA,52295086,2025-05-31
CARA,71260805,2025-05-31
CARA,86409655,2025-05-31
CARB,00527807,2025-05-31
CARB,03353391,2025-05-31
CARB,31122099,2025-05-31
CARC,06370652,2025-05-31
CARC,35557916,2025-05-31
CARC,47936550,2025-05-31
CARC,63520517,2025-05-31
CARD,17699799,2025-05-31
CARD,25366230,2025-05-31
CARD,37311269,2025-05-31
CARD,69792317,2025-05-31
CARD,70466906,2025-05-31
CARD,79822327,2025-05-31
CARD,90867278,2025-05-31
CARE,56983062,2025-05-31
CARE,58398753,2025-05-31
CARE,64558744,2025-05-31
CARE,86422646,2025-05-31
CARF,12713326,2025-05-31
CARG,08223254,2025-05-31
CARG,19475591,2025-05-31
CARG,62128084,2025-05-31
CARG,72125467,2025-05-31
CARA,35082961,2025-06-01
CARA,54532684,2025-06-01
CARA,60718023,2025-06-01
CARA,70011162,2025-06-01
CARB,24316057,2025-06-01
CARB,43572812,2025-06-01
CARB,51433086,2025-06-01
CARC,05895681,2025-06-01
CARC,13388256,2025-06-01
CARC,24855051,2025-06-01
CARC,53279275,2025-06-01
CARC,55691131,2025-06-01
CARC,67487567,2025-06-01
CARD,71804457,2025-06-01
CARD,87061199,2025-06-01
CARE,44910310,2025-06-01
CARE,50587059,2025-06-01
CARE,58704791,2025-06-01
CARE,61688608,2025-06-01
CARE,74570882,2025-06-01
CARF,39120562,2025-06-01
CARF,48136009,2025-06-01
CARF,98749064,2025-06-01
CARG,43260471,2025-06-01
CARG,48459630,2025-06-01
CARH,28676429,2025-06-01
CARH,53914274,2025-06-01
CARA,21369770,2025-06-02
CARA,31768920,2025-06-02
CARA,45971809,2025-06-02
CARB,62345023,2025-06-02
CARC,12277223,2025-06-02
CARC,16811680,2025-06-02
CARC,30058347,2025-06-02
CARC,58605994,2025-06-02
CARC,68124176,2025-06-02
CARC,81183563,2025-06-02
CARD,17079797,2025-06-02
CARD,17084355,2025-06-02
CARD,31671907,2025-06-02
CARD,48221334,2025-06-02
CARD,71649865,2025-06-02
CARD,81052744,2025-06-02
CARD,93189141,2025-06-02
CARE,11088885,2025-06-02
CARE,34753235,2025-06-02
CARE,50610696,2025-06-02
CARE,62534554,2025-06-02
CARE,73954863,2025-06-02
CARE,75951653,2025-06-02
CARG,10920127,2025-06-02
CARH,13088265,2025-06-02
CARH,69168817,2025-06-02
CARA,37247642,2025-06-03
CARA,79156838,2025-06-03
CARA,83631513,2025-06-03
CARA,98900670,2025-06-03
CARB,11625794,2025-06-03
CARB,37359512,2025-06-03
CARB,49227874,2025-06-03
CARB,77483990,2025-06-03
CARC,01546893,2025-06-03
CARC,07053170,2025-06-03
CARC,19099433,2025-06-03
CARC,97493275,2025-06-03
CARD,16952863,2025-06-03
CARD,57819547,2025-06-03
CARD,75534165,2025-06-03
CARD,88210665,2025-06-03
CARE,09387362,2025-06-03
CARE,16692859,2025-06-03
CARE,71732073,2025-06-03
CARE,79256781,2025-06-03
CARG,08676026,2025-06-03
CARH,81441601,2025-06-03
CARA,06475091,2025-06-04
CARA,34176020,2025-06-04
CARA,65203635,2025-06-04
CARA,69620215,2025-06-04
CARB,42383478,2025-06-04
CARB,95211776,2025-06-04
CARB,95274289,2025-06-04
CARC,08171340,2025-06-04
CARC,20343475,2025-06-04
CARC,22772142,2025-06-04
CARC,35656381,2025-06-04
CARC,53382267,2025-06-04
CARC,56284746,2025-06-04
CARC,74096015,2025-06-04
CARC,80363165,2025-06-04
CARC,91539755,2025-06-04
CARC,95044044,2025-06-04
CARD,08186229,2025-06-04
CARD,13238716,2025-06-04
CARD,15348371,2025-06-04
CARD,40447580,2025-06-04
CARD,48423444,2025-06-04
CARD,57617290,2025-06-04
CARD,61753732,2025-06-04
CARD,63650327,2025-06-04
CARD,66261601,2025-06-04
CARD,79646836,2025-06-04
CARD,93897523,2025-06-04
CARE,08830960,2025-06-04
CARE,10063090,2025-06-04
CARE,11654434,2025-06-04
CARE,39410358,2025-06-04
CARE,61092506,2025-06-04
CARE,89910976,2025-06-04
CARF,22321111,2025-06-04
CARF,57568040,2025-06-04
CARF,87779122,2025-06-04
CARF,94245559,2025-06-04
CARG,10746781,2025-06-04
CARG,78849343,2025-06-04
CARA,03806878,2025-06-05
CARA,10479646,2025-06-05
CARA,17172083,2025-06-05
CARA,29144608,2025-06-05
CARA,61248665,2025-06-05
CARA,91588355,2025-06-05
CARB,32722518,2025-06-05
CARB,66884052,2025-06-05
CARC,13763763,2025-06-05
CARC,41798334,2025-06-05
CARC,47978189,2025-06-05
CARD,33209562,2025-06-05
CARD,37044127,2025-06-05
CARD,40265863,2025-06-05
CARD,85546074,2025-06-05
CARD,92641402,2025-06-05
CARD,93281561,2025-06-05
CARE,22775807,2025-06-05
CARE,41547271,2025-06-05
CARE,59682148,2025-06-05
CARE,62181469,2025-06-05
CARE,75484747,2025-06-05
CARE,82034762,2025-06-05
CARF,72034098,2025-06-05
CARG,01015589,2025-06-05
CARG,60673174,2025-06-05
CARG,77737598,2025-06-05
CARG,97088494,2025-06-05
CARH,17563315,2025-06-05
CARH,36103686,2025-06-05
CARH,91715594,2025-06-05
CARA,46082862,2025-06-06
CARA,55304991,2025-06-06
CARA,61738483,2025-06-06
CARB,36756537,2025-06-06
CARB,79803173,2025-06-06
CARC,06675270,2025-06-06
CARC,14621197,2025-06-06
CARC,48311733,2025-06-06
CARC,59418970,2025-06-06
CARC,99285843,2025-06-06
CARD,15227267,2025-06-06
CARD,25086575,2025-06-06
CARD,65448674,2025-06-06
CARD,69902119,2025-06-06
CARD,81199288,2025-06-06
CARE,06332681,2025-06-06
CARE,34570405,2025-06-06
CARE,67777217,2025-06-06
CARE,74328497,2025-06-06
CARF,48865906,2025-06-06
CARF,82281220,2025-06-06
CARG,03751789,2025-06-06
CARG,17290625,2025-06-06
CARG,37450039,2025-06-06
CARH,25934191,2025-06-06
CARH,29054873,2025-06-06
CARH,92012183,2025-06-06
CARA,01292798,2025-06-07
CARB,12775623,2025-06-07
CARB,26627137,2025-06-07
CARB,31565985,2025-06-07
CARB,83026727,2025-06-07
CARB,95178018,2025-06-07
CARC,21977246,2025-06-07
CARC,25258639,2025-06-07
CARC,36083533,2025-06-07
CARC,71775095,2025-06-07
CARC,77070698,2025-06-07
CARC,86015823,2025-06-07
CARD,15613398,2025-06-07
CARD,16004692,2025-06-07
CARD,26566387,2025-06-07
CARD,36848853,2025-06-07
CARD,67165370,2025-06-07
CARE,11047783,2025-06-07
CARE,21028081,2025-06-07
CARE,31496881,2025-06-07
CARE,51783244,2025-06-07
CARG,11461101,2025-06-07
CARG,92964238,2025-06-07
CARH,58142202,2025-06-07
CARA,18035313,2025-06-08
CARA,23639989,2025-06-08
CARA,46408695,2025-06-08
CARA,53065273,2025-06-08
CARA,62513925,2025-06-08
CARB,02932085,2025-06-08
CARB,14461797,2025-06-08
CARB,28569307,2025-06-08
CARB,60181156,2025-06-08
CARB,70250113,2025-06-08
CARC,11065136,2025-06-08
CARC,18060616,2025-06-08
CARD,19918907,2025-06-08
CARD,21507587,2025-06-08
CARD,98801398,2025-06-08
CARE,27002352,2025-06-08
CARE,27847388,2025-06-08
CARE,35914018,2025-06-08
CARE,40751516,2025-06-08
CARE,88733552,2025-06-08
CARE,94444228,2025-06-08
CARF,20635460,2025-06-08
CARF,57185066,2025-06-08
CARG,13276190,2025-06-08
CARG,15897595,2025-06-08
CARG,33175637,2025-06-08
CARG,40533455,2025-06-08
CARH,65903158,2025-06-08
CARA,35070754,2025-06-09
CARA,49729113,2025-06-09
CARA,60323817,2025-06-09
CARA,66776189,2025-06-09
CARA,66844164,2025-06-09
CARA,78873915,2025-06-09
CARA,90730531,2025-06-09
CARB,01034668,2025-06-09
CARB,55191390,2025-06-09
CARB,59466445,2025-06-09
CARB,72916735,2025-06-09
CARB,78533560,2025-06-09
CARB,93603311,2025-06-09
CARC,04826535,2025-06-09
CARC,12154252,2025-06-09
CARC,38088573,2025-06-09
CARC,77423706,2025-06-09
CARC,88232786,2025-06-09
CARD,16219176,2025-06-09
CARD,37553838,2025-06-09
CARD,99714145,2025-06-09
CARE,08682868,2025-06-09
CARE,20005870,2025-06-09
CARE,63837731,2025-06-09
CARE,73612139,2025-06-09
CARE,78887111,2025-06-09
CARF,24110058,2025-06-09
CARF,68041249,2025-06-09
CARF,91555583,2025-06-09
CARF,96528302,2025-06-09
CARG,02969728,2025-06-09
CARG,07211527,2025-06-09
CARG,45368230,2025-06-09
CARG,64435356,2025-06-09
CARH,52656947,2025-06-09
CARA,40457453,2025-06-10
CARB,07872385,2025-06-10
CARB,25689296,2025-06-10
CARB,33100537,2025-06-10
CARB,50557071,2025-06-10
CARB,57770997,2025-06-10
CARB,95230260,2025-06-10
CARC,05712970,2025-06-10
CARC,17006101,2025-06-10
CARC,18048923,2025-06-10
CARC,20742769,2025-06-10
CARC,32139667,2025-06-10
CARC,34840055,2025-06-10
CARC,51631512,2025-06-10
CARD,30287884,2025-06-10
CARD,72671586,2025-06-10
CARD,84633279,2025-06-10
CARD,85033333,2025-06-10
CARD,97198531,2025-06-10
CARD,99385013,2025-06-10
CARE,14805405,2025-06-10
CARE,41511669,2025-06-10
CARE,88417215,2025-06-10
CARE,95369357,2025-06-10
CARE,95833616,2025-06-10
CARG,60003675,2025-06-10
CARG,91377256,2025-06-10
CARH,24217438,2025-06-10
CARH,60653829,2025-06-10
CARA,40736141,2025-06-11
CARA,54102774,2025-06-11
CARA,63976499,2025-06-11
CARA,64251930,2025-06-11
CARA,81977468,2025-06-11
CARA,86147598,2025-06-11
CARB,14302583,2025-06-11
CARB,36403757,2025-06-11
CARB,44027837,2025-06-11
CARB,46911522,2025-06-11
CARB,64207107,2025-06-11
CARB,72588324,2025-06-11
CARB,98427012,2025-06-11
CARC,12586914,2025-06-11
CARC,32614286,2025-06-11
CARC,47101775,2025-06-11
CARC,49554876,2025-06-11
CARC,55064737,2025-06-11
CARC,58880386,2025-06-11
CARC,97314992,2025-06-11
CARC,99996109,2025-06-11
CARD,23379200,2025-06-11
CARD,25870144,2025-06-11
CARD,66914830,2025-06-11
CARD,68755344,2025-06-11
CARD,74294896,2025-06-11
CARD,89605512,2025-06-11
CARD,96551091,2025-06-11
CARE,28927783,2025-06-11
CARE,32593596,2025-06-11
CARE,34200264,2025-06-11
CARE,36416447,2025-06-11
CARE,38496436,2025-06-11
CARE,48631929,2025-06-11
CARE,57240771,2025-06-11
CARE,58679674,2025-06-11
CARE,85010166,2025-06-11
CARE,96649376,2025-06-11
CARE,97215872,2025-06-11
CARG,84228725,2025-06-11
CARH,92435194,2025-06-11
CARA,02697905,2025-06-12
CARA,05288515,2025-06-12
CARA,12178063,2025-06-12
CARA,57574111,2025-06-12
CARA,70174296,2025-06-12
CARA,72482518,2025-06-12
CARA,85543986,2025-06-12
CARA,93646616,2025-06-12
CARA,96252823,2025-06-12
CARB,22057448,2025-06-12
CARB,31557941,2025-06-12
CARB,33867178,2025-06-12
CARB,47491537,2025-06-12
CARB,58227931,2025-06-12
CARB,72890133,2025-06-12
CARC,21001408,2025-06-12
CARC,24050661,2025-06-12
CARC,43205391,2025-06-12
CARC,68886872,2025-06-12
CARD,00971802,2025-06-12
CARD,02891521,2025-06-12
CARD,14401073,2025-06-12
CARD,22645970,2025-06-12
CARD,90142596,2025-06-12
CARE,12389223,2025-06-12
CARE,33238248,2025-06-12
CARE,39539796,2025-06-12
CARE,39643163,2025-06-12
CARE,43338531,2025-06-12
CARE,48136067,2025-06-12
CARE,48709779,2025-06-12
CARE,72870374,2025-06-12
CARE,92200110,2025-06-12
CARF,06569742,2025-06-12
CARF,29177001,2025-06-12
CARF,67035255,2025-06-12
CARF,83041623,2025-06-12
CARF,86205824,2025-06-12
CARG,30132976,2025-06-12
CARG,42568357,2025-06-12
CARH,35098599,2025-06-12
CARA,01535481,2025-06-13
CARA,09810105,2025-06-13
CARA,49616278,2025-06-13
CARB,50452161,2025-06-13
CARB,61963146,2025-06-13
CARB,62245686,2025-06-13
CARB,90801326,2025-06-13
CARB,92544794,2025-06-13
CARC,00015589,2025-06-13
CARC,20887863,2025-06-13
CARC,24653043,2025-06-13
CARC,66472231,2025-06-13
CARC,72486835,2025-06-13
CARC,89289348,2025-06-13
CARD,12882950,2025-06-13
CARD,24148402,2025-06-13
CARD,83027956,2025-06-13
CARD,86035712,2025-06-13
CARD,95388296,2025-06-13
CARE,30532531,2025-06-13
CARE,44527231,2025-06-13
CARE,87249230,2025-06-13
CARF,03945178,2025-06-13
CARG,38083067,2025-06-13
CARG,83775387,2025-06-13
CARG,84050725,2025-06-13
CARH,32700883,2025-06-13
CARA,09230464,2025-06-14
CARA,15338073,2025-06-14
CARA,31624852,2025-06-14
CARA,38036770,2025-06-14
CARA,62342574,2025-06-14
CARA,74351725,2025-06-14
CARB,11526095,2025-06-14
CARB,52219765,2025-06-14
CARC,03680862,2025-06-14
CARC,13411004,2025-06-14
CARC,20034845,2025-06-14
CARC,59605610,2025-06-14
CARC,72637516,2025-06-14
CARD,20949651,2025-06-14
CARD,27948243,2025-06-14
CARD,34312988,2025-06-14
CARD,54950846,2025-06-14
CARE,28584506,2025-06-14
CARE,31709044,2025-06-14
CARE,86750092,2025-06-14
CARF,49209433,2025-06-14
CARF,79695583,2025-06-14
CARH,32511656,2025-06-14
CARA,04503221,2025-06-15
CARA,09499494,2025-06-15
CARA,45837467,2025-06-15
CARB,05319421,2025-06-15
CARB,19167304,2025-06-15
CARB,51694028,2025-06-15
CARB,57389908,2025-06-15
CARB,65452027,2025-06-15
CARB,72946471,2025-06-15
CARB,79910773,2025-06-15
CARB,91031959,2025-06-15
CARC,25644849,2025-06-15
CARC,26075278,2025-06-15
CARC,27957984,2025-06-15
CARC,57365571,2025-06-15
CARC,92091353,2025-06-15
CARC,94366286,2025-06-15
CARC,94545114,2025-06-15
CARC,94552777,2025-06-15
CARC,95472133,2025-06-15
CARD,26067311,2025-06-15
CARD,31519915,2025-06-15
CARD,39485505,2025-06-15
CARD,51944935,2025-06-15
CARD,72551227,2025-06-15
CARD,93923115,2025-06-15
CARE,09751671,2025-06-15
CARE,24448459,2025-06-15
CARE,32808832,2025-06-15
CARE,88115584,2025-06-15
CARE,96070305,2025-06-15
CARF,17043873,2025-06-15
CARF,21913708,2025-06-15
CARF,32625311,2025-06-15
CARG,82944747,2025-06-15
CARA,39965276,2025-06-16
CARA,44271264,2025-06-16
CARA,69122078,2025-06-16
CARA,72342767,2025-06-16
CARA,84123583,2025-06-16
CARB,62040659,2025-06-16
CARB,99329735,2025-06-16
CARC,01873848,2025-06-16
CARC,08653616,2025-06-16
CARC,21781074,2025-06-16
CARC,22288204,2025-06-16
CARC,73428532,2025-06-16
CARD,03761561,2025-06-16
CARD,18561354,2025-06-16
CARD,63854270,2025-06-16
CARD,80478440,2025-06-16
CARE,05050886,2025-06-16
CARE,05312117,2025-06-16
CARE,52716505,2025-06-16
CARF,71281751,2025-06-16
CARF,89195228,2025-06-16
CARF,96651598,2025-06-16
CARG,98376798,2025-06-16
CARA,11561532,2025-06-17
CARA,25408134,2025-06-17
CARA,34643559,2025-06-17
CARA,44818641,2025-06-17
CARA,46875106,2025-06-17
CARA,83758694,2025-06-17
CARA,84806147,2025-06-17
CARB,03448140,2025-06-17
CARB,90917817,2025-06-17
CARC,31120184,2025-06-17
CARC,59254211,2025-06-17
CARC,69902069,2025-06-17
CARC,78589662,2025-06-17
CARD,21445147,2025-06-17
CARD,33885330,2025-06-17
CARD,34635063,2025-06-17
CARD,35066370,2025-06-17
CARD,64040220,2025-06-17
CARD,99726499,2025-06-17
CARE,16567580,2025-06-17
CARE,34768847,2025-06-17
CARE,66840078,2025-06-17
CARE,80369481,2025-06-17
CARE,85898034,2025-06-17
CARF,55636431,2025-06-17
CARF,73197274,2025-06-17
CARF,87156960,2025-06-17
CARG,39139171,2025-06-17
CARH,40917046,2025-06-17
CARH,48894180,2025-06-17
CARA,00620997,2025-06-18
CARA,04309501,2025-06-18
CARA,73411771,2025-06-18
CARB,59991569,2025-06-18
CARB,67918643,2025-06-18
CARB,71392282,2025-06-18
CARB,79535704,2025-06-18
CARB,96061703,2025-06-18
CARC,01102891,2025-06-18
CARC,25129731,2025-06-18
CARC,53673923,2025-06-18
CARC,62356229,2025-06-18
CARD,31548898,2025-06-18
CARD,63198664,2025-06-18
CARD,70067933,2025-06-18
CARD,76262985,2025-06-18
CARD,99153761,2025-06-18
CARE,38792711,2025-06-18
CARE,42525490,2025-06-18
CARE,51265733,2025-06-18
CARE,71985293,2025-06-18
CARE,75785522,2025-06-18
CARF,17794687,2025-06-18
CARF,44533953,2025-06-18
CARG,00273931,2025-06-18
CARG,24189210,2025-06-18
CARG,33331125,2025-06-18
CARH,69904799,2025-06-18
CARA,33994728,2025-06-19
CARA,77283406,2025-06-19
CARA,84533978,2025-06-19
CARB,11920188,2025-06-19
CARB,41143821,2025-06-19
CARB,74270558,2025-06-19
CARB,83666796,2025-06-19
CARC,50504018,2025-06-19
CARC,62857477,2025-06-19
CARC,68410528,2025-06-19
CARC,70270926,2025-06-19
CARC,93053582,2025-06-19
CARC,96198376,2025-06-19
CARD,10232069,2025-06-19
CARD,14911101,2025-06-19
CARD,23606415,2025-06-19
CARD,27265936,2025-06-19
CARD,44503083,2025-06-19
CARD,50957346,2025-06-19
CARE,18906970,2025-06-19
CARE,21364913,2025-06-19
CARE,71898218,2025-06-19
CARE,91734325,2025-06-19
CARF,48060581,2025-06-19
CARA,07499012,2025-06-20
CARA,08503464,2025-06-20
CARA,17222082,2025-06-20
CARA,18058364,2025-06-20
CARA,29651274,2025-06-20
CARB,15534359,2025-06-20
CARB,71055508,2025-06-20
CARB,75232302,2025-06-20
CARC,49605641,2025-06-20
CARC,57138044,2025-06-20
CARC,77416809,2025-06-20
CARD,18943060,2025-06-20
CARD,47176252,2025-06-20
CARD,64899835,2025-06-20
CARE,27224665,2025-06-20
CARE,46102094,2025-06-20
CARE,86056134,2025-06-20
CARF,67372377,2025-06-20
CARF,76678392,2025-06-20
CARG,05569755,2025-06-20
CARG,28776144,2025-06-20
CARG,60413194,2025-06-20
CARH,96230073,2025-06-20
CARA,13963860,2025-06-21
CARA,50210274,2025-06-21
CARA,76559945,2025-06-21
CARA,77196839,2025-06-21
CARB,57392192,2025-06-21
CARC,07624465,2025-06-21
CARC,39521018,2025-06-21
CARC,68649530,2025-06-21
CARC,79483808,2025-06-21
CARC,84109525,2025-06-21
CARC,94257984,2025-06-21
CARD,04290348,2025-06-21
CARD,18697244,2025-06-21
CARD,28912574,2025-06-21
CARD,39925701,2025-06-21
CARD,54775054,2025-06-21
CARD,62364254,2025-06-21
CARD,63700533,2025-06-21
CARD,75818589,2025-06-21
CARD,84033056,2025-06-21
CARD,87969382,2025-06-21
CARD,91865189,2025-06-21
CARD,95361786,2025-06-21
CARE,37016019,2025-06-21
CARE,47053347,2025-06-21
CARE,54551153,2025-06-21
CARE,55108837,2025-06-21
CARE,70382389,2025-06-21
CARE,85391357,2025-06-21
CARF,31617781,2025-06-21
CARF,54722506,2025-06-21
CARH,41589030,2025-06-21
CARA,09356127,2025-06-22
CARA,29054829,2025-06-22
CARB,10080424,2025-06-22
CARB,19340310,2025-06-22
CARB,50221906,2025-06-22
CARB,54187356,2025-06-22
CARB,77782657,2025-06-22
CARC,04200569,2025-06-22
CARC,31676107,2025-06-22
CARC,32082453,2025-06-22
CARC,36687610,2025-06-22
CARC,49984212,2025-06-22
CARC,72499217,2025-06-22
CARC,88908789,2025-06-22
CARD,03195429,2025-06-22
CARD,91605754,2025-06-22
CARD,96544385,2025-06-22
CARE,16682711,2025-06-22
CARE,17492349,2025-06-22
CARE,32414515,2025-06-22
CARE,78685586,2025-06-22
CARF,07786914,2025-06-22
CARF,75859284,2025-06-22
CARF,78659547,2025-06-22
CARG,33978034,2025-06-22
CARG,75420225,2025-06-22
CARG,83539697,2025-06-22
CARH,47996967,2025-06-22
CARA,02449239,2025-06-23
CARA,06636523,2025-06-23
CARA,14827026,2025-06-23
CARA,56498976,2025-06-23
CARA,65640435,2025-06-23
CARA,75146014,2025-06-23
CARA,83987090,2025-06-23
CARA,92263803,2025-06-23
CARA,99569344,2025-06-23
CARB,03021791,2025-06-23
CARB,53977067,2025-06-23
CARB,96562124,2025-06-23
CARC,69903879,2025-06-23
CARC,81345964,2025-06-23
CARC,95967444,2025-06-23
CARD,08265073,2025-06-23
CARD,29719008,2025-06-23
CARD,34719417,2025-06-23
CARD,68819277,2025-06-23
CARD,79985742,2025-06-23
CARD,81517787,2025-06-23
CARD,99303374,2025-06-23
CARE,25331621,2025-06-23
CARE,28216627,2025-06-23
CARE,34487027,2025-06-23
CARE,44024644,2025-06-23
CARE,69544678,2025-06-23
CARE,89414181,2025-06-23
CARE,99393013,2025-06-23
CARF,03943807,2025-06-23
CARF,65849645,2025-06-23
CARH,39255247,2025-06-23
CARA,20091698,2025-06-24
CARA,63939716,2025-06-24
CARA,80607852,2025-06-24
CARA,82683494,2025-06-24
CARA,90516818,2025-06-24
CARB,01505678,2025-06-24
CARB,10343059,2025-06-24
CARB,25229261,2025-06-24
CARB,30028153,2025-06-24
CARB,86443107,2025-06-24
CARB,88198040,2025-06-24
CARB,90896873,2025-06-24
CARB,96835316,2025-06-24
CARC,00035875,2025-06-24
CARC,01165544,2025-06-24
CARC,03570711,2025-06-24
CARC,03606293,2025-06-24
CARC,08278721,2025-06-24
CARC,18297177,2025-06-24
CARC,19531924,2025-06-24
CARC,29884525,2025-06-24
CARC,37794378,2025-06-24
CARC,41619309,2025-06-24
CARC,47741946,2025-06-24
CARC,75243360,2025-06-24
CARC,76474965,2025-06-24
CARC,82678936,2025-06-24
CARC,95789999,2025-06-24
CARC,98916152,2025-06-24
CARE,04671850,2025-06-24
CARE,16408210,2025-06-24
CARE,84738922,2025-06-24
CARE,84744182,2025-06-24
CARE,89044816,2025-06-24
CARF,12115537,2025-06-24
CARF,13237120,2025-06-24
CARF,30998785,2025-06-24
CARG,27513597,2025-06-24
CARG,67550124,2025-06-24
CARG,93761293,2025-06-24
CARH,09971912,2025-06-24
CARH,61336468,2025-06-24
CARA,00131137,2025-06-25
CARA,07558311,2025-06-25
CARA,49924519,2025-06-25
CARA,68825690,2025-06-25
CARA,98628320,2025-06-25
CARB,33466899,2025-06-25
CARB,42118807,2025-06-25
CARB,61350777,2025-06-25
CARB,72347757,2025-06-25
CARB,81497316,2025-06-25
CARB,97487671,2025-06-25
CARC,17056888,2025-06-25
CARC,30736809,2025-06-25
CARC,53834640,2025-06-25
CARC,60349748,2025-06-25
CARC,72437983,2025-06-25
CARC,87550120,2025-06-25
CARC,90725214,2025-06-25
CARD,45178306,2025-06-25
CARD,77209501,2025-06-25
CARD,97646710,2025-06-25
CARD,99572857,2025-06-25
CARE,10122583,2025-06-25
CARE,33482576,2025-06-25
CARE,38715900,2025-06-25
CARE,45260125,2025-06-25
CARE,56336923,2025-06-25
CARE,92591192,2025-06-25
CARE,94522860,2025-06-25
CARF,03006823,2025-06-25
CARF,64919736,2025-06-25
CARF,89272375,2025-06-25
CARG,32223495,2025-06-25
CARG,44625511,2025-06-25
CARG,91327675,2025-06-25
CARH,18210238,2025-06-25
CARA,08534487,2025-06-26
CARA,24167463,2025-06-26
CARA,38463535,2025-06-26
CARA,57639777,2025-06-26
CARA,70805356,2025-06-26
CARB,03055287,2025-06-26
CARB,09745292,2025-06-26
CARB,36598625,2025-06-26
CARB,46703466,2025-06-26
CARB,78189831,2025-06-26
CARC,07346879,2025-06-26
CARC,48274463,2025-06-26
CARC,61828751,2025-06-26
CARC,80485264,2025-06-26
CARC,86827334,2025-06-26
CARC,89876853,2025-06-26
CARD,17558846,2025-06-26
CARD,17697163,2025-06-26
CARD,26269070,2025-06-26
CARD,85449847,2025-06-26
CARD,96844564,2025-06-26
CARD,99360896,2025-06-26
CARE,06567585,2025-06-26
CARE,16898966,2025-06-26
CARE,20036557,2025-06-26
CARE,27470404,2025-06-26
CARE,29673671,2025-06-26
CARE,31089690,2025-06-26
CARE,48755549,2025-06-26
CARE,94440648,2025-06-26
CARG,06876728,2025-06-26
CARG,44034430,2025-06-26
CARG,77003670,2025-06-26
CARH,51839273,2025-06-26
CARA,13224675,2025-06-27
CARA,35528443,2025-06-27
CARA,42955088,2025-06-27
CARA,43309453,2025-06-27
CARB,04176239,2025-06-27
CARB,45914374,2025-06-27
CARB,53480571,2025-06-27
CARB,67562171,2025-06-27
CARC,14219863,2025-06-27
CARC,23765606,2025-06-27
CARC,28716409,2025-06-27
CARC,51856186,2025-06-27
CARC,61940227,2025-06-27
CARC,91768768,2025-06-27
CARC,93446444,2025-06-27
CARD,10359604,2025-06-27
CARD,13763015,2025-06-27
CARD,39299842,2025-06-27
CARD,55680635,2025-06-27
CARD,73416945,2025-06-27
CARE,21991736,2025-06-27
CARE,53912288,2025-06-27
CARE,87004295,2025-06-27
CARF,62180655,2025-06-27
CARH,16731381,2025-06-27
CARH,18780291,2025-06-27
CARH,63157446,2025-06-27
CARA,18696165,2025-06-28
CARA,69966364,2025-06-28
CARA,91239918,2025-06-28
CARB,15292204,2025-06-28
CARB,63525658,2025-06-28
CARB,74977583,2025-06-28
CARC,02854771,2025-06-28
CARC,24538779,2025-06-28
CARC,30993990,2025-06-28
CARD,02206480,2025-06-28
CARD,12218712,2025-06-28
CARD,36954107,2025-06-28
CARD,64291314,2025-06-28
CARD,65211543,2025-06-28
CARD,76270037,2025-06-28
CARD,83816779,2025-06-28
CARE,34761724,2025-06-28
CARE,55361624,2025-06-28
CARE,76025365,2025-06-28
CARE,86696596,2025-06-28
CARF,02187108,2025-06-28
CARG,39135861,2025-06-28
CARH,34352761,2025-06-28
CARA,67252428,2025-06-29
CARA,67547890,2025-06-29
CARA,96213509,2025-06-29
CARB,21120493,2025-06-29
CARB,25367105,2025-06-29
CARB,29870532,2025-06-29
CARB,68809215,2025-06-29
CARC,06538368,2025-06-29
CARC,22356035,2025-06-29
CARC,27323436,2025-06-29
CARD,70524106,2025-06-29
CARD,94023367,2025-06-29
CARE,22439201,2025-06-29
CARE,45247504,2025-06-29
CARE,61417888,2025-06-29
CARE,70646382,2025-06-29
CARE,73957265,2025-06-29
CARE,85296663,2025-06-29
CARE,93368966,2025-06-29
CARF,05708740,2025-06-29
CARF,06574306,2025-06-29
CARF,24219004,2025-06-29
CARF,51001322,2025-06-29
CARF,52241626,2025-06-29
CARF,76179654,2025-06-29
CARG,09844305,2025-06-29
CARG,25469909,2025-06-29
CARA,13733376,2025-06-30
CARA,45436806,2025-06-30
CARA,59483471,2025-06-30
CARB,45823157,2025-06-30
CARB,54208048,2025-06-30
CARB,68649321,2025-06-30
CARB,86571915,2025-06-30
CARC,07201045,2025-06-30
CARC,14361013,2025-06-30
CARC,17901242,2025-06-30
CARC,24045626,2025-06-30
CARC,35287512,2025-06-30
CARC,78299461,2025-06-30
CARC,82124980,2025-06-30
CARC,94202071,2025-06-30
CARD,18456521,2025-06-30
CARD,41809267,2025-06-30
CARD,55201407,2025-06-30
CARD,89805747,2025-06-30
CARE,24776383,2025-06-30
CARE,98887289,2025-06-30
CARE,98923549,2025-06-30
CARF,90742328,2025-06-30
CARG,43270773,2025-06-30
CARG,91857081,2025-06-30
CARA,13115569,2025-07-01
CARA,32488832,2025-07-01
CARA,35449626,2025-07-01
CARA,55892022,2025-07-01
CARA,70712485,2025-07-01
CARB,03250545,2025-07-01
CARB,29131834,2025-07-01
CARB,45294971,2025-07-01
CARB,53786317,2025-07-01
CARB,71909679,2025-07-01
CARC,03850825,2025-07-01
CARC,40550061,2025-07-01
CARC,49779399,2025-07-01
CARC,54920034,2025-07-01
CARC,67996758,2025-07-01
CARC,98352042,2025-07-01
CARD,22876108,2025-07-01
CARD,49994043,2025-07-01
CARD,51496475,2025-07-01
CARD,73564597,2025-07-01
CARE,59065177,2025-07-01
CARE,74201648,2025-07-01
CARE,81552555,2025-07-01
CARG,01803216,2025-07-01
CARG,97218510,2025-07-01
CARH,20825594,2025-07-01
CARH,65441884,2025-07-01
CARH,85541185,2025-07-01
CARA,16342991,2025-07-02
CARA,28451555,2025-07-02
CARA,83632087,2025-07-02
CARA,92891593,2025-07-02
CARB,05377059,2025-07-02
CARB,21503101,2025-07-02
CARB,24516241,2025-07-02
CARB,28016529,2025-07-02
CARB,29259652,2025-07-02
CARB,37558818,2025-07-02
CARB,59376495,2025-07-02
CARB,68009966,2025-07-02
CARB,90962753,2025-07-02
CARB,93474069,2025-07-02
CARB,96133095,2025-07-02
CARC,17111847,2025-07-02
CARC,25445436,2025-07-02
CARC,43662332,2025-07-02
CARC,68371331,2025-07-02
CARC,88050895,2025-07-02
CARC,99749708,2025-07-02
CARD,24072716,2025-07-02
CARD,31730465,2025-07-02
CARD,37261008,2025-07-02
CARD,39287687,2025-07-02
CARD,48370654,2025-07-02
CARD,60211733,2025-07-02
CARD,61717488,2025-07-02
CARD,80655313,2025-07-02
CARE,11680791,2025-07-02
CARE,27872085,2025-07-02
CARE,30179738,2025-07-02
CARE,46816949,2025-07-02
CARE,51099365,2025-07-02
CARE,54225110,2025-07-02
CARE,61274318,2025-07-02
CARE,87450766,2025-07-02
CARF,84820701,2025-07-02
CARG,78178203,2025-07-02
CARG,94922376,2025-07-02
CARH,39817146,2025-07-02
CARA,10069285,2025-07-03
CARA,63199290,2025-07-03
CARA,64647011,2025-07-03
CARA,66094785,2025-07-03
CARA,89902372,2025-07-03
CARB,48421415,2025-07-03
CARB,62684584,2025-07-03
CARB,71754908,2025-07-03
CARB,82642857,2025-07-03
CARB,86832958,2025-07-03
CARC,26742211,2025-07-03
CARC,66154548,2025-07-03
CARC,86639145,2025-07-03
CARD,43417444,2025-07-03
CARD,55716064,2025-07-03
CARD,76051964,2025-07-03
CARD,94978914,2025-07-03
CARE,00019122,2025-07-03
CARF,25439869,2025-07-03
CARF,79976067,2025-07-03
CARG,87158123,2025-07-03
CARH,05997252,2025-07-03
CARA,29606852,2025-07-04
CARA,32170870,2025-07-04
CARA,71822738,2025-07-04
CARB,02841132,2025-07-04
CARB,16658064,2025-07-04
CARB,17006160,2025-07-04
CARB,30411615,2025-07-04
CARB,54717977,2025-07-04
CARB,58163118,2025-07-04
CARB,63775076,2025-07-04
CARB,87595103,2025-07-04
CARC,25378742,2025-07-04
CARC,26478477,2025-07-04
CARC,41211710,2025-07-04
CARD,31923233,2025-07-04
CARE,19432614,2025-07-04
CARE,31490978,2025-07-04
CARE,38039021,2025-07-04
CARE,38378474,2025-07-04
CARE,43483007,2025-07-04
CARE,44294596,2025-07-04
CARE,56635155,2025-07-04
CARE,84913432,2025-07-04
CARE,96153922,2025-07-04
CARF,10761129,2025-07-04
CARF,49314524,2025-07-04
CARF,86142102,2025-07-04
CARG,10002739,2025-07-04
CARG,14147438,2025-07-04
CARG,32086054,2025-07-04
CARG,40746578,2025-07-04
CARG,56660295,2025-07-04
CARG,88089664,2025-07-04
CARH,03408055,2025-07-04
CARH,11809755,2025-07-04
CARA,17851193,2025-07-05
CARA,20461845,2025-07-05
CARA,50698934,2025-07-05
CARB,06489759,2025-07-05
CARB,38300306,2025-07-05
CARB,55083552,2025-07-05
CARB,64889358,2025-07-05
CARB,96237548,2025-07-05
CARC,09243484,2025-07-05
CARC,31680808,2025-07-05
CARC,40241575,2025-07-05
CARC,53004746,2025-07-05
CARC,66484276,2025-07-05
CARD,00994095,2025-07-05
CARD,17678567,2025-07-05
CARD,28586170,2025-07-05
CARD,41504067,2025-07-05
CARD,49196665,2025-07-05
CARD,81350692,2025-07-05
CARE,49712581,2025-07-05
CARE,58337849,2025-07-05
CARE,91170933,2025-07-05
CARF,08015867,2025-07-05
CARF,32982473,2025-07-05
CARF,47609075,2025-07-05
CARG,08405369,2025-07-05
CARG,11179136,2025-07-05
CARG,34724577,2025-07-05
CARG,74011501,2025-07-05
CARH,54347741,2025-07-05
CARA,01504973,2025-07-06
CARA,38316634,2025-07-06
CARA,50712555,2025-07-06
CARA,93557453,2025-07-06
CARB,05293997,2025-07-06
CARB,08669879,2025-07-06
CARB,34514899,2025-07-06
CARB,40419306,2025-07-06
CARB,57836677,2025-07-06
CARB,69185997,2025-07-06
CARB,71048231,2025-07-06
CARB,71330878,2025-07-06
CARC,55487259,2025-07-06
CARC,60454927,2025-07-06
CARC,60886471,2025-07-06
CARC,97384022,2025-07-06
CARD,05249280,2025-07-06
CARD,42139595,2025-07-06
CARD,50093512,2025-07-06
CARD,92172383,2025-07-06
CARE,17623783,2025-07-06
CARE,40150961,2025-07-06
CARE,54017861,2025-07-06
CARE,54771355,2025-07-06
CARE,61577105,2025-07-06
CARE,80627887,2025-07-06
CARE,98572567,2025-07-06
CARF,19716029,2025-07-06
CARF,58146539,2025-07-06
CARF,66243446,2025-07-06
CARG,58404477,2025-07-06
CARH,17848803,2025-07-06
CARH,66722605,2025-07-06
CARA,28937097,2025-07-07
CARA,33990736,2025-07-07
CARA,67104140,2025-07-07
CARB,06549223,2025-07-07
CARB,29801254,2025-07-07
CARB,50842908,2025-07-07
CARB,60483621,2025-07-07
CARB,64619282,2025-07-07
CARB,69718316,2025-07-07
CARB,70596228,2025-07-07
CARB,75024044,2025-07-07
CARB,83617139,2025-07-07
CARC,26904587,2025-07-07
CARC,41260409,2025-07-07
CARC,54922892,2025-07-07
CARC,77871999,2025-07-07
CARC,99600189,2025-07-07
CARD,30192131,2025-07-07
CARD,40499822,2025-07-07
CARD,71714786,2025-07-07
CARD,86823280,2025-07-07
CARD,96420123,2025-07-07
CARE,18580452,2025-07-07
CARE,19503360,2025-07-07
CARE,23869747,2025-07-07
CARE,88345140,2025-07-07
CARE,95423723,2025-07-07
CARF,21969813,2025-07-07
CARG,90618814,2025-07-07
CARA,76056162,2025-07-08
CARA,81366136,2025-07-08
CARA,83003815,2025-07-08
CARA,94713382,2025-07-08
CARB,15229433,2025-07-08
CARB,38260171,2025-07-08
CARB,38755578,2025-07-08
CARB,77600471,2025-07-08
CARB,80577778,2025-07-08
CARB,91330062,2025-07-08
CARC,14101212,2025-07-08
CARC,41965177,2025-07-08
CARC,49194771,2025-07-08
CARC,71870745,2025-07-08
CARD,00647086,2025-07-08
CARD,01012565,2025-07-08
CARD,43961912,2025-07-08
CARD,93335143,2025-07-08
CARE,63579918,2025-07-08
CARE,65872763,2025-07-08
CARF,54837744,2025-07-08
CARF,55913439,2025-07-08
CARF,87100051,2025-07-08
CARG,15293880,2025-07-08
CARG,27479028,2025-07-08
CARG,57251055,2025-07-08
CARG,95118537,2025-07-08
CARH,17507320,2025-07-08
CARH,59556324,2025-07-08
CARH,91058420,2025-07-08
CARA,04509018,2025-07-09
CARA,10526691,2025-07-09
CARA,30386696,2025-07-09
CARA,32082023,2025-07-09
CARA,34555349,2025-07-09
CARA,73952588,2025-07-09
CARB,52216632,2025-07-09
CARB,70678256,2025-07-09
CARB,78349183,2025-07-09
CARB,87256544,2025-07-09
CARB,87676307,2025-07-09
CARC,19588554,2025-07-09
CARC,28721885,2025-07-09
CARC,33769909,2025-07-09
CARC,71575771,2025-07-09
CARD,21336499,2025-07-09
CARD,22059685,2025-07-09
CARD,39978040,2025-07-09
CARD,51911655,2025-07-09
CARD,80397989,2025-07-09
CARD,88919770,2025-07-09
CARD,90049893,2025-07-09
CARD,99175684,2025-07-09
CARE,25532128,2025-07-09
CARE,63117120,2025-07-09
CARE,84742466,2025-07-09
CARF,58437080,2025-07-09
CARF,71187953,2025-07-09
CARF,86580241,2025-07-09
CARF,95648057,2025-07-09
CARF,98304505,2025-07-09
CARG,96503791,2025-07-09
CARH,67167482,2025-07-09
CARH,70807792,2025-07-09
CARA,10158475,2025-07-10
CARA,16844557,2025-07-10
CARA,21749155,2025-07-10
CARA,34066583,2025-07-10
CARA,78656383,2025-07-10
CARA,94309107,2025-07-10
CARB,32230368,2025-07-10
CARB,37804989,2025-07-10
CARB,39912111,2025-07-10
CARB,41623382,2025-07-10
CARB,48606345,2025-07-10
CARB,50768124,2025-07-10
CARB,51796629,2025-07-10
CARB,53690349,2025-07-10
CARC,08485211,2025-07-10
CARC,27281632,2025-07-10
CARC,31879256,2025-07-10
CARC,56597775,2025-07-10
CARC,61769148,2025-07-10
CARC,67707975,2025-07-10
CARC,82734608,2025-07-10
CARD,07695577,2025-07-10
CARD,29335508,2025-07-10
CARD,80209810,2025-07-10
CARD,80569432,2025-07-10
CARD,84041786,2025-07-10
CARD,97795605,2025-07-10
CARE,26161668,2025-07-10
CARE,41260482,2025-07-10
CARE,58852297,2025-07-10
CARE,65265245,2025-07-10
CARE,89452565,2025-07-10
CARF,13799009,2025-07-10
CARF,45443540,2025-07-10
CARH,68749118,2025-07-10
CARH,78863187,2025-07-10
CARA,47663783,2025-07-11
CARA,66943265,2025-07-11
CARA,91420636,2025-07-11
CARB,25507009,2025-07-11
CARB,52312751,2025-07-11
CARB,71155324,2025-07-11
CARB,81678763,2025-07-11
CARB,94758849,2025-07-11
CARB,99037334,2025-07-11
CARC,26330438,2025-07-11
CARC,27524873,2025-07-11
CARC,57689495,2025-07-11
CARC,68304794,2025-07-11
CARC,95179503,2025-07-11
CARD,04534318,2025-07-11
CARD,31533334,2025-07-11
CARD,40075395,2025-07-11
CARD,48806849,2025-07-11
CARD,77239925,2025-07-11
CARE,16516198,2025-07-11
CARE,19198719,2025-07-11
CARE,39923885,2025-07-11
CARF,22169444,2025-07-11
CARF,47333289,2025-07-11
CARF,87349554,2025-07-11
CARG,02069903,2025-07-11
CARG,16216315,2025-07-11
CARG,32524956,2025-07-11
CARA,16361040,2025-07-12
CARA,20375291,2025-07-12
CARA,39250013,2025-07-12
CARA,91033130,2025-07-12
CARB,08577963,2025-07-12
CARB,26845659,2025-07-12
CARC,26447193,2025-07-12
CARC,70312339,2025-07-12
CARD,08431127,2025-07-12
CARD,26641709,2025-07-12
CARD,35925258,2025-07-12
CARD,75389372,2025-07-12
CARD,85769101,2025-07-12
CARD,85783552,2025-07-12
CARD,98042178,2025-07-12
CARE,14753433,2025-07-12
CARE,59807303,2025-07-12
CARF,25731363,2025-07-12
CARF,80382543,2025-07-12
CARF,83625686,2025-07-12
CARF,94552262,2025-07-12
CARG,90518861,2025-07-12
CARG,94336756,2025-07-12
CARH,54327949,2025-07-12
CARA,40685999,2025-07-13
CARA,41418482,2025-07-13
CARA,93881059,2025-07-13
CARB,52244563,2025-07-13
CARB,54773787,2025-07-13
CARB,61779984,2025-07-13
CARB,79760875,2025-07-13
CARC,07874966,2025-07-13
CARC,96913699,2025-07-13
CARD,05593174,2025-07-13
CARD,11514419,2025-07-13
CARD,65980464,2025-07-13
CARE,10940587,2025-07-13
CARE,43733165,2025-07-13
CARE,59099504,2025-07-13
CARE,84493987,2025-07-13
CARF,58601474,2025-07-13
CARF,83731611,2025-07-13
CARF,93283799,2025-07-13
CARG,12044926,2025-07-13
CARG,73963093,2025-07-13
CARH,26905972,2025-07-13
CARH,34134748,2025-07-13
CARA,50648788,2025-07-14
CARA,55558358,2025-07-14
CARA,55876562,2025-07-14
CARA,65236961,2025-07-14
CARB,52044773,2025-07-14
CARB,57734972,2025-07-14
CARB,66315858,2025-07-14
CARB,90435502,2025-07-14
CARB,95196491,2025-07-14
CARC,00355512,2025-07-14
CARC,12959181,2025-07-14
CARC,14487233,2025-07-14
CARC,29062515,2025-07-14
CARC,40468270,2025-07-14
CARD,46067234,2025-07-14
CARD,52031971,2025-07-14
CARD,63480780,2025-07-14
CARD,89011618,2025-07-14
CARE,33549933,2025-07-14
CARE,45586603,2025-07-14
CARE,48458429,2025-07-14
CARE,59007506,2025-07-14
CARE,71448421,2025-07-14
CARF,05615656,2025-07-14
CARF,11250364,2025-07-14
CARF,68882134,2025-07-14
CARF,70209243,2025-07-14
CARF,85819716,2025-07-14
CARF,94691307,2025-07-14
CARG,87520279,2025-07-14
CARH,34067445,2025-07-14
CARA,17925795,2025-07-15
CARA,48395945,2025-07-15
CARA,54155755,2025-07-15
CARA,69893511,2025-07-15
CARA,94434146,2025-07-15
CARB,08441467,2025-07-15
CARB,20227454,2025-07-15
CARB,31488437,2025-07-15
CARB,67376311,2025-07-15
CARB,74228539,2025-07-15
CARB,87494826,2025-07-15
CARC,01904833,2025-07-15
CARC,36603301,2025-07-15
CARC,59015138,2025-07-15
CARD,01331867,2025-07-15
CARD,15630520,2025-07-15
CARD,32315087,2025-07-15
CARD,57217122,2025-07-15
CARD,63697606,2025-07-15
CARD,78217222,2025-07-15
CARE,13488559,2025-07-15
CARE,19713440,2025-07-15
CARE,19958778,2025-07-15
CARE,32601355,2025-07-15
CARE,36511564,2025-07-15
CARF,24374821,2025-07-15
CARF,30488865,2025-07-15
CARF,99062899,2025-07-15
CARG,97424206,2025-07-15
CARA,27098565,2025-07-16
CARA,39143339,2025-07-16
CARA,45660822,2025-07-16
CARA,59489602,2025-07-16
CARA,96663333,2025-07-16
CARB,02313622,2025-07-16
CARB,36799133,2025-07-16
CARB,50658402,2025-07-16
CARB,71113475,2025-07-16
CARB,89629222,2025-07-16
CARC,06721481,2025-07-16
CARC,33679819,2025-07-16
CARC,48151447,2025-07-16
CARC,96771299,2025-07-16
CARD,03774968,2025-07-16
CARD,54326860,2025-07-16
CARE,81483585,2025-07-16
CARE,91122954,2025-07-16
CARF,73764347,2025-07-16
CARF,80556727,2025-07-16
CARF,94847560,2025-07-16
CARG,16236931,2025-07-16
CARH,05169635,2025-07-16
CARH,12439340,2025-07-16
CARH,31782635,2025-07-16
CARH,49394696,2025-07-16
CARH,97066888,2025-07-16
CARA,27476532,2025-07-17
CARA,57226367,2025-07-17
CARA,88163352,2025-07-17
CARA,94136071,2025-07-17
CARB,03201879,2025-07-17
CARB,94999390,2025-07-17
CARC,18233394,2025-07-17
CARC,44105771,2025-07-17
CARC,57591062,2025-07-17
CARC,67695373,2025-07-17
CARC,82324867,2025-07-17
CARC,95921158,2025-07-17
CARD,01532295,2025-07-17
CARD,23178664,2025-07-17
CARD,53408187,2025-07-17
CARD,64279032,2025-07-17
CARD,66597558,2025-07-17
CARD,78719361,2025-07-17
CARD,89149354,2025-07-17
CARE,13167503,2025-07-17
CARE,28830145,2025-07-17
CARE,41509027,2025-07-17
CARE,51315681,2025-07-17
CARE,64354009,2025-07-17
CARE,79963325,2025-07-17
CARE,85242610,2025-07-17
CARE,95516342,2025-07-17
CARE,98368592,2025-07-17
CARF,03134545,2025-07-17
CARF,10245969,2025-07-17
CARF,18808936,2025-07-17
CARF,33275148,2025-07-17
CARF,94245028,2025-07-17
CARF,95778865,2025-07-17
CARH,08745290,2025-07-17
CARH,40725813,2025-07-17
CARH,94161444,2025-07-17
CARA,16366230,2025-07-18
CARA,65422525,2025-07-18
CARB,08513449,2025-07-18
CARB,11818437,2025-07-18
CARB,50017790,2025-07-18
CARB,59649332,2025-07-18
CARB,64170271,2025-07-18
CARB,65840833,2025-07-18
CARB,92958916,2025-07-18
CARC,02974782,2025-07-18
CARC,31277160,2025-07-18
CARC,70836020,2025-07-18
CARC,80872203,2025-07-18
CARD,01684774,2025-07-18
CARD,06077613,2025-07-18
CARD,30456969,2025-07-18
CARD,60536247,2025-07-18
CARD,78973857,2025-07-18
CARD,86656213,2025-07-18
CARE,56995855,2025-07-18
CARE,76286941,2025-07-18
CARE,83220599,2025-07-18
CARE,99598935,2025-07-18
CARF,39589626,2025-07-18
CARF,54408740,2025-07-18
CARF,74198407,2025-07-18
CARG,32722229,2025-07-18
CARG,69185171,2025-07-18
CARG,91979276,2025-07-18
CARH,39019689,2025-07-18
CARA,33532035,2025-07-19
CARA,84772469,2025-07-19
CARA,92586490,2025-07-19
CARB,21473243,2025-07-19
CARB,26136235,2025-07-19
CARB,44049087,2025-07-19
CARC,10359066,2025-07-19
CARC,60792959,2025-07-19
CARC,64384878,2025-07-19
CARD,46626380,2025-07-19
CARD,51986143,2025-07-19
CARD,63805962,2025-07-19
CARD,96288430,2025-07-19
CARE,72739340,2025-07-19
CARG,43205968,2025-07-19
CARG,46180671,2025-07-19
CARG,49635175,2025-07-19
CARA,23998088,2025-07-20
CARA,32945749,2025-07-20
CARB,10169043,2025-07-20
CARB,24754078,2025-07-20
CARB,38507589,2025-07-20
CARB,49055894,2025-07-20
CARC,19772920,2025-07-20
CARC,47948054,2025-07-20
CARC,49410238,2025-07-20
CARC,51266335,2025-07-20
CARC,51697834,2025-07-20
CARC,59390496,2025-07-20
CARC,66106224,2025-07-20
CARC,73156479,2025-07-20
CARC,79394127,2025-07-20
CARD,15381753,2025-07-20
CARD,15826704,2025-07-20
CARD,53362841,2025-07-20
CARD,89246146,2025-07-20
CARD,97558665,2025-07-20
CARE,39519911,2025-07-20
CARE,40369036,2025-07-20
CARE,76278033,2025-07-20
CARE,79026147,2025-07-20
CARF,09787743,2025-07-20
CARF,73438608,2025-07-20
CARF,82069615,2025-07-20
CARF,87595324,2025-07-20
CARF,92708449,2025-07-20
CARA,45140449,2025-07-21
CARA,55241340,2025-07-21
CARA,87603043,2025-07-21
CARA,98177986,2025-07-21
CARB,10341659,2025-07-21
CARB,32959321,2025-07-21
CARB,49347654,2025-07-21
CARB,77728828,2025-07-21
CARC,15026825,2025-07-21
CARC,66770318,2025-07-21
CARD,00638079,2025-07-21
CARD,10953074,2025-07-21
CARD,26938363,2025-07-21
CARD,30260641,2025-07-21
CARD,76808474,2025-07-21
CARE,30509927,2025-07-21
CARE,98401895,2025-07-21
CARF,31556106,2025-07-21
CARG,35802062,2025-07-21
CARB,54289941,2025-07-22
CARB,68397308,2025-07-22
CARC,20071779,2025-07-22
CARC,42720330,2025-07-22
CARC,73884367,2025-07-22
CARC,82763481,2025-07-22
CARD,00343572,2025-07-22
CARD,56104259,2025-07-22
CARD,58119991,2025-07-22
CARD,71796085,2025-07-22
CARD,72263551,2025-07-22
CARD,95818781,2025-07-22
CARE,97364996,2025-07-22
CARG,15263950,2025-07-22
CARG,38999131,2025-07-22
CARG,85958946,2025-07-22
CARH,39096326,2025-07-22
CARH,62918567,2025-07-22
CARA,36489881,2025-07-23
CARA,92306954,2025-07-23
CARB,49459521,2025-07-23
CARB,58960714,2025-07-23
CARB,59194911,2025-07-23
CARB,68601712,2025-07-23
CARB,74574134,2025-07-23
CARB,82084852,2025-07-23
CARB,97580790,2025-07-23
CARC,14286351,2025-07-23
CARC,17218348,2025-07-23
CARC,55296995,2025-07-23
CARC,58196250,2025-07-23
CARC,74217917,2025-07-23
CARC,76471679,2025-07-23
CARC,81266086,2025-07-23
CARC,83285146,2025-07-23
CARC,83295632,2025-07-23
CARC,94482551,2025-07-23
CARD,26952219,2025-07-23
CARE,11490706,2025-07-23
CARE,55801285,2025-07-23
CARE,66152483,2025-07-23
CARE,89847645,2025-07-23
CARE,90746741,2025-07-23
CARE,94470857,2025-07-23
CARF,01703039,2025-07-23
CARF,87900723,2025-07-23
CARG,24658899,2025-07-23
CARG,37098791,2025-07-23
CARH,18940678,2025-07-23
CARA,06414470,2025-07-24
CARA,43736272,2025-07-24
CARA,58903308,2025-07-24
CARA,94850794,2025-07-24
CARB,30492551,2025-07-24
CARB,42777553,2025-07-24
CARB,46422493,2025-07-24
CARB,56111230,2025-07-24
CARB,72699807,2025-07-24
CARB,74079751,2025-07-24
CARB,88741675,2025-07-24
CARC,04690087,2025-07-24
CARC,25002664,2025-07-24
CARC,25894120,2025-07-24
CARC,27027613,2025-07-24
CARC,57127143,2025-07-24
CARC,62734066,2025-07-24
CARC,81649483,2025-07-24
CARD,01866461,2025-07-24
CARD,11015802,2025-07-24
CARD,21629285,2025-07-24
CARD,50300152,2025-07-24
CARD,80306732,2025-07-24
CARD,81454375,2025-07-24
CARD,85581561,2025-07-24
CARD,89255927,2025-07-24
CARD,94614708,2025-07-24
CARE,38538154,2025-07-24
CARE,90258794,2025-07-24
CARF,52200325,2025-07-24
CARF,88529939,2025-07-24
CARF,96284748,2025-07-24
CARG,14384076,2025-07-24
CARG,31923874,2025-07-24
CARG,40184589,2025-07-24
CARH,08211372,2025-07-24
CARA,03935591,2025-07-25
CARA,14902816,2025-07-25
CARA,41089066,2025-07-25
CARA,46233790,2025-07-25
CARA,51317457,2025-07-25
CARA,82967784,2025-07-25
CARA,87650357,2025-07-25
CARB,04481161,2025-07-25
CARB,07427224,2025-07-25
CARB,15422817,2025-07-25
CARB,69751522,2025-07-25
CARC,01121823,2025-07-25
CARC,08033006,2025-07-25
CARC,45254019,2025-07-25
CARC,61423556,2025-07-25
CARC,72752624,2025-07-25
CARD,49635866,2025-07-25
CARD,70874757,2025-07-25
CARD,75634338,2025-07-25
CARD,75638662,2025-07-25
CARD,88857046,2025-07-25
CARE,46979529,2025-07-25
CARE,80142919,2025-07-25
CARE,84711698,2025-07-25
CARE,85384900,2025-07-25
CARF,08247480,2025-07-25
CARF,25893500,2025-07-25
CARG,50696302,2025-07-25
CARG,57203316,2025-07-25
CARH,16989786,2025-07-25
CARH,42864557,2025-07-25
CARA,28347061,2025-07-26
CARA,35395691,2025-07-26
CARB,13828560,2025-07-26
CARB,24181652,2025-07-26
CARB,47517797,2025-07-26
CARC,13451085,2025-07-26
CARC,13626547,2025-07-26
CARC,51438077,2025-07-26
CARC,89819565,2025-07-26
CARD,35223702,2025-07-26
CARD,71515160,2025-07-26
CARD,92280891,2025-07-26
CARE,01453013,2025-07-26
CARE,20762762,2025-07-26
CARE,51045521,2025-07-26
CARE,56521950,2025-07-26
CARE,97941514,2025-07-26
CARF,76629048,2025-07-26
CARF,98922608,2025-07-26
CARG,89791536,2025-07-26
CARH,27342772,2025-07-26
CARH,71188592,2025-07-26
CARA,06689908,2025-07-27
CARA,47003759,2025-07-27
CARA,49233500,2025-07-27
CARA,62857442,2025-07-27
CARA,65382714,2025-07-27
CARA,69344910,2025-07-27
CARB,10822534,2025-07-27
CARB,13769535,2025-07-27
CARB,31463581,2025-07-27
CARB,39638643,2025-07-27
CARB,77050742,2025-07-27
CARB,83908363,2025-07-27
CARC,04616137,2025-07-27
CARC,37822540,2025-07-27
CARC,73380630,2025-07-27
CARC,81343686,2025-07-27
CARC,86058754,2025-07-27
CARD,11626462,2025-07-27
CARD,28108010,2025-07-27
CARE,25113191,2025-07-27
CARF,28190031,2025-07-27
CARF,74765520,2025-07-27
CARF,76205572,2025-07-27
CARG,36238384,2025-07-27
CARG,59789979,2025-07-27
CARH,10841426,2025-07-27
CARH,90355510,2025-07-27
CARA,28889793,2025-07-28
CARA,92485274,2025-07-28
CARB,20389239,2025-07-28
CARB,29335085,2025-07-28
CARB,39138292,2025-07-28
CARB,73626017,2025-07-28
CARB,73729714,2025-07-28
CARB,87994369,2025-07-28
CARC,14096082,2025-07-28
CARC,19359073,2025-07-28
CARC,29482455,2025-07-28
CARC,72747003,2025-07-28
CARC,93111456,2025-07-28
CARD,04241630,2025-07-28
CARD,67539043,2025-07-28
CARD,73417786,2025-07-28
CARD,82825387,2025-07-28
CARE,02179144,2025-07-28
CARE,20269446,2025-07-28
CARE,28799016,2025-07-28
CARE,35339262,2025-07-28
CARE,40560886,2025-07-28
CARE,72994339,2025-07-28
CARE,91244137,2025-07-28
CARF,12592783,2025-07-28
CARF,60287370,2025-07-28
CARG,89336626,2025-07-28
CARH,85028145,2025-07-28
CARA,24330169,2025-07-29
CARA,40766783,2025-07-29
CARA,81448354,2025-07-29
CARA,99337150,2025-07-29
CARB,25665664,2025-07-29
CARB,27157780,2025-07-29
CARB,58219432,2025-07-29
CARB,66956494,2025-07-29
CARB,85147425,2025-07-29
CARB,85833858,2025-07-29
CARB,94147897,2025-07-29
CARB,94251428,2025-07-29
CARC,45000710,2025-07-29
CARC,47616287,2025-07-29
CARC,51896220,2025-07-29
CARC,54955812,2025-07-29
CARC,63553768,2025-07-29
CARD,04306620,2025-07-29
CARD,12039796,2025-07-29
CARD,36680979,2025-07-29
CARD,41306862,2025-07-29
CARD,49145018,2025-07-29
CARD,56877847,2025-07-29
CARD,88172681,2025-07-29
CARD,91245338,2025-07-29
CARE,36331890,2025-07-29
CARE,40169921,2025-07-29
CARE,95909496,2025-07-29
CARF,02780603,2025-07-29
CARF,57381231,2025-07-29
CARG,33084479,2025-07-29
CARG,37074646,2025-07-29
CARG,42226158,2025-07-29
CARG,68600730,2025-07-29
CARG,74432413,2025-07-29
CARG,89720423,2025-07-29
CARG,90504215,2025-07-29
CARH,46464132,2025-07-29
CARH,69769783,2025-07-29
CARA,92298637,2025-07-30
CARA,97450259,2025-07-30
CARB,25242771,2025-07-30
CARB,32798840,2025-07-30
CARB,43620314,2025-07-30
CARB,44738429,2025-07-30
CARB,57601112,2025-07-30
CARB,69439824,2025-07-30
CARB,76562561,2025-07-30
CARB,76664368,2025-07-30
CARB,80127386,2025-07-30
CARB,87284446,2025-07-30
CARB,95896112,2025-07-30
CARC,11238413,2025-07-30
CARC,13338697,2025-07-30
CARC,20952801,2025-07-30
CARD,51734242,2025-07-30
CARD,77771788,2025-07-30
CARD,87201245,2025-07-30
CARD,99064931,2025-07-30
CARD,99860311,2025-07-30
CARE,04798529,2025-07-30
CARE,09627280,2025-07-30
CARE,68045065,2025-07-30
CARE,69273618,2025-07-30
CARE,90034429,2025-07-30
CARF,45275997,2025-07-30
CARF,52942186,2025-07-30
CARF,94340591,2025-07-30
CARG,21236770,2025-07-30
CARG,96629632,2025-07-30
CARH,94457312,2025-07-30
CARA,25184247,2025-07-31
CARA,45091445,2025-07-31
CARA,61662073,2025-07-31
CARA,66733952,2025-07-31
CARA,77679612,2025-07-31
CARA,88257777,2025-07-31
CARA,99795913,2025-07-31
CARB,35982126,2025-07-31
CARB,49535873,2025-07-31
CARB,57907998,2025-07-31
CARB,58799327,2025-07-31
CARB,74446206,2025-07-31
CARB,83311382,2025-07-31
CARB,94367528,2025-07-31
CARC,30354597,2025-07-31
CARC,64965171,2025-07-31
CARC,66094784,2025-07-31
CARC,86595226,2025-07-31
CARC,95027427,2025-07-31
CARD,00713165,2025-07-31
CARD,06139853,2025-07-31
CARD,08675755,2025-07-31
CARD,43549847,2025-07-31
CARD,63431248,2025-07-31
CARE,04769456,2025-07-31
CARE,17213947,2025-07-31
CARE,50688927,2025-07-31
CARE,89513375,2025-07-31
CARE,90720789,2025-07-31
CARF,52820519,2025-07-31
CARF,90719248,2025-07-31
CARG,50703055,2025-07-31
CARG,56260355,2025-07-31
CARH,41580945,2025-07-31
CARH,65249919,2025-07-31
CARA,26721344,2025-08-01
CARA,69828979,2025-08-01
CARA,73643645,2025-08-01
CARB,08958124,2025-08-01
CARB,34652140,2025-08-01
CARB,40807255,2025-08-01
CARB,54722091,2025-08-01
CARB,83941653,2025-08-01
CARC,13988340,2025-08-01
CARC,56043524,2025-08-01
CARC,66201756,2025-08-01
CARC,78761984,2025-08-01
CARD,02981062,2025-08-01
CARD,03452658,2025-08-01
CARD,22044414,2025-08-01
CARD,37943576,2025-08-01
CARD,40208801,2025-08-01
CARD,49585341,2025-08-01
CARD,49945314,2025-08-01
CARD,60300233,2025-08-01
CARD,70486757,2025-08-01
CARD,74215812,2025-08-01
CARD,74931401,2025-08-01
CARD,92804628,2025-08-01
CARD,95174564,2025-08-01
CARD,97995254,2025-08-01
CARE,08061490,2025-08-01
CARE,14204155,2025-08-01
CARE,26544590,2025-08-01
CARE,41846162,2025-08-01
CARE,86478362,2025-08-01
CARF,08929774,2025-08-01
CARF,37678370,2025-08-01
CARF,70434179,2025-08-01
CARG,52662804,2025-08-01
CARH,06193249,2025-08-01
CARH,12679307,2025-08-01
CARA,18062613,2025-08-02
CARA,82931443,2025-08-02
CARB,35334029,2025-08-02
CARB,65425850,2025-08-02
CARB,70204215,2025-08-02
CARB,71731629,2025-08-02
CARB,93357974,2025-08-02
CARC,18088972,2025-08-02
CARC,34583737,2025-08-02
CARC,98111438,2025-08-02
CARD,17100686,2025-08-02
CARD,32293633,2025-08-02
CARD,32877326,2025-08-02
CARD,33285026,2025-08-02
CARD,37067902,2025-08-02
CARD,75071921,2025-08-02
CARE,10899110,2025-08-02
CARE,82833399,2025-08-02
CARE,87808813,2025-08-02
CARF,49500583,2025-08-02
CARH,56177385,2025-08-02
CARA,42793205,2025-08-03
CARA,69242307,2025-08-03
CARB,13964445,2025-08-03
CARB,24990726,2025-08-03
CARB,26626278,2025-08-03
CARB,28039129,2025-08-03
CARB,68600177,2025-08-03
CARB,78384613,2025-08-03
CARB,87416744,2025-08-03
CARB,90118937,2025-08-03
CARC,26668673,2025-08-03
CARC,40771644,2025-08-03
CARC,43093067,2025-08-03
CARC,45415363,2025-08-03
CARC,69919497,2025-08-03
CARD,33067263,2025-08-03
CARD,51715940,2025-08-03
CARD,86931756,2025-08-03
CARE,39880712,2025-08-03
CARE,47331408,2025-08-03
CARE,66310173,2025-08-03
CARF,48830165,2025-08-03
CARF,77643902,2025-08-03
CARG,45367855,2025-08-03
CARA,23951065,2025-08-04
CARB,28519926,2025-08-04
CARB,84625418,2025-08-04
CARB,89337837,2025-08-04
CARC,48554422,2025-08-04
CARC,56391445,2025-08-04
CARC,63054054,2025-08-04
CARC,66373322,2025-08-04
CARD,20441445,2025-08-04
CARD,32650410,2025-08-04
CARD,78999045,2025-08-04
CARE,12789518,2025-08-04
CARE,97864401,2025-08-04
CARE,97868284,2025-08-04
CARG,99734647,2025-08-04
CARH,16518840,2025-08-04
CARH,25929139,2025-08-04
CARH,55419779,2025-08-04
CARA,08690240,2025-08-05
CARB,02133249,2025-08-05
CARB,27338752,2025-08-05
CARB,64760329,2025-08-05
CARB,88939307,2025-08-05
CARC,51708723,2025-08-05
CARD,18814950,2025-08-05
CARD,34733525,2025-08-05
CARD,91274968,2025-08-05
CARE,03520816,2025-08-05
CARE,08424566,2025-08-05
CARE,14189725,2025-08-05
CARE,20318949,2025-08-05
CARE,24651434,2025-08-05
CARE,31783475,2025-08-05
CARE,47237626,2025-08-05
CARE,81327658,2025-08-05
CARE,99771600,2025-08-05
CARG,65615024,2025-08-05
CARA,10036627,2025-08-06
CARA,29797953,2025-08-06
CARA,55904224,2025-08-06
CARA,97399501,2025-08-06
CARB,13822632,2025-08-06
CARB,64493817,2025-08-06
CARB,89644877,2025-08-06
CARB,93660810,2025-08-06
CARC,33348371,2025-08-06
CARC,58349439,2025-08-06
CARC,74621118,2025-08-06
CARC,90448105,2025-08-06
CARC,90916355,2025-08-06
CARC,93144002,2025-08-06
CARC,95208462,2025-08-06
CARC,97609068,2025-08-06
CARD,16118952,2025-08-06
CARD,79429484,2025-08-06
CARE,19935443,2025-08-06
CARE,23172283,2025-08-06
CARE,30469654,2025-08-06
CARE,37481762,2025-08-06
CARF,75576876,2025-08-06
CARF,90517221,2025-08-06
CARG,20924175,2025-08-06
CARG,39988027,2025-08-06
CARA,08258455,2025-08-07
CARA,18553653,2025-08-07
CARA,53167048,2025-08-07
CARA,58288533,2025-08-07
CARA,78609522,2025-08-07
CARA,93635211,2025-08-07
CARB,12734407,2025-08-07
CARB,26094306,2025-08-07
CARB,40454422,2025-08-07
CARB,42922033,2025-08-07
CARB,44257811,2025-08-07
CARB,52810934,2025-08-07
CARB,66149924,2025-08-07
CARB,93353028,2025-08-07
CARB,94083307,2025-08-07
CARC,30482506,2025-08-07
CARC,53871095,2025-08-07
CARC,67311040,2025-08-07
CARC,86403450,2025-08-07
CARC,87572465,2025-08-07
CARC,89829594,2025-08-07
CARC,91200037,2025-08-07
CARD,70968555,2025-08-07
CARD,71236720,2025-08-07
CARD,73123273,2025-08-07
CARD,73990730,2025-08-07
CARD,78312080,2025-08-07
CARD,96380351,2025-08-07
CARE,03116154,2025-08-07
CARE,32428768,2025-08-07
CARE,58081152,2025-08-07
CARE,78962052,2025-08-07
CARF,35251285,2025-08-07
CARF,36407565,2025-08-07
CARG,64000058,2025-08-07
CARG,64264362,2025-08-07
CARH,05410429,2025-08-07
CARH,45006425,2025-08-07
CARH,68508000,2025-08-07
CARA,25081874,2025-08-08
CARA,53042277,2025-08-08
CARA,72368358,2025-08-08
CARA,92700495,2025-08-08
CARB,10118571,2025-08-08
CARB,12051997,2025-08-08
CARB,28932404,2025-08-08
CARB,32796261,2025-08-08
CARB,48057093,2025-08-08
CARB,59347195,2025-08-08
CARB,81168066,2025-08-08
CARC,36565429,2025-08-08
CARC,54939210,2025-08-08
CARC,90488646,2025-08-08
CARD,62646574,2025-08-08
CARD,66282007,2025-08-08
CARD,68320125,2025-08-08
CARD,70930233,2025-08-08
CARD,80592608,2025-08-08
CARE,30997796,2025-08-08
CARE,43087152,2025-08-08
CARE,60585074,2025-08-08
CARE,82096023,2025-08-08
CARF,88316050,2025-08-08
CARH,72263854,2025-08-08
CARA,11738478,2025-08-09
CARA,66594597,2025-08-09
CARA,81033205,2025-08-09
CARA,92983508,2025-08-09
CARB,02824636,2025-08-09
CARB,11304701,2025-08-09
CARB,95168495,2025-08-09
CARC,09663141,2025-08-09
CARC,31605665,2025-08-09
CARC,95477863,2025-08-09
CARD,46206404,2025-08-09
CARD,47659162,2025-08-09
CARD,62994130,2025-08-09
CARD,87687660,2025-08-09
CARE,06768688,2025-08-09
CARE,32712271,2025-08-09
CARE,48319197,2025-08-09
CARE,51423632,2025-08-09
CARE,66922606,2025-08-09
CARF,39153119,2025-08-09
CARF,42304121,2025-08-09
CARG,04073817,2025-08-09
CARG,55681982,2025-08-09
CARG,74716780,2025-08-09
CARH,89940850,2025-08-09
CARA,11077856,2025-08-10
CARA,11312540,2025-08-10
CARA,42565987,2025-08-10
CARB,01098689,2025-08-10
CARB,35306257,2025-08-10
CARB,51366660,2025-08-10
CARB,77633739,2025-08-10
CARB,80830200,2025-08-10
CARB,81992945,2025-08-10
CARB,94178239,2025-08-10
CARC,25624886,2025-08-10
CARC,48121950,2025-08-10
CARC,58047584,2025-08-10
CARC,75136991,2025-08-10
CARC,90525639,2025-08-10
CARC,99986563,2025-08-10
CARD,15609674,2025-08-10
CARD,36807313,2025-08-10
CARD,43770837,2025-08-10
CARD,45109242,2025-08-10
CARD,92178176,2025-08-10
CARE,00369830,2025-08-10
CARE,09897754,2025-08-10
CARE,12171619,2025-08-10
CARE,28667593,2025-08-10
CARE,41266011,2025-08-10
CARE,64330448,2025-08-10
CARE,97198001,2025-08-10
CARF,20211215,2025-08-10
CARF,52738456,2025-08-10
CARH,63362117,2025-08-10
CARA,87172022,2025-08-11
CARA,87200324,2025-08-11
CARA,94018992,2025-08-11
CARB,00959923,2025-08-11
CARB,40566708,2025-08-11
CARB,46238976,2025-08-11
CARB,57672425,2025-08-11
CARB,65991392,2025-08-11
CARB,78973218,2025-08-11
CARB,92509803,2025-08-11
CARD,23733396,2025-08-11
CARD,36166437,2025-08-11
CARD,76683036,2025-08-11
CARD,79475849,2025-08-11
CARD,97658652,2025-08-11
CARE,57149699,2025-08-11
CARE,62213980,2025-08-11
CARF,10825093,2025-08-11
CARF,84280821,2025-08-11
CARF,88345586,2025-08-11
CARF,91193153,2025-08-11
CARG,12808938,2025-08-11
CARG,15706634,2025-08-11
CARG,81680056,2025-08-11
CARH,52131764,2025-08-11
CARA,27565467,2025-08-12
CARB,39654582,2025-08-12
CARB,93380365,2025-08-12
CARC,23820026,2025-08-12
CARC,29785992,2025-08-12
CARC,32375066,2025-08-12
CARD,60949738,2025-08-12
CARD,61485214,2025-08-12
CARD,77050785,2025-08-12
CARD,77374088,2025-08-12
CARE,04662746,2025-08-12
CARE,51889840,2025-08-12
CARE,82183286,2025-08-12
CARF,41646892,2025-08-12
CARF,71620133,2025-08-12
CARG,24018138,2025-08-12
CARG,62903837,2025-08-12
CARH,44894590,2025-08-12
CARH,65033688,2025-08-12
CARA,51873141,2025-08-13
CARA,96200220,2025-08-13
CARB,06762900,2025-08-13
CARB,07386432,2025-08-13
CARB,60865743,2025-08-13
CARB,74132988,2025-08-13
CARC,63277153,2025-08-13
CARC,96082556,2025-08-13
CARD,17856942,2025-08-13
CARD,22370474,2025-08-13
CARE,59123976,2025-08-13
CARE,90929425,2025-08-13
CARE,99341712,2025-08-13
CARF,12821650,2025-08-13
CARF,50112015,2025-08-13
CARF,61923223,2025-08-13
CARG,78721055,2025-08-13
CARG,90410749,2025-08-13
CARH,41250881,2025-08-13
CARA,46836274,2025-08-14
CARA,47751595,2025-08-14
CARA,60829143,2025-08-14
CARA,65481525,2025-08-14
CARA,75473703,2025-08-14
CARB,00818280,2025-08-14
CARB,42476624,2025-08-14
CARB,44296583,2025-08-14
CARB,44320992,2025-08-14
CARB,79145286,2025-08-14
CARC,06598445,2025-08-14
CARD,14625282,2025-08-14
CARD,16641652,2025-08-14
CARD,30424110,2025-08-14
CARE,07172280,2025-08-14
CARE,24076159,2025-08-14
CARE,65316909,2025-08-14
CARE,86468762,2025-08-14
CARG,01808669,2025-08-14
CARA,08347025,2025-08-15
CARA,11746998,2025-08-15
CARA,43938268,2025-08-15
CARA,70802056,2025-08-15
CARB,10583793,2025-08-15
CARB,19576618,2025-08-15
CARB,61872728,2025-08-15
CARB,66147082,2025-08-15
CARB,73167278,2025-08-15
CARC,55685838,2025-08-15
CARC,57126224,2025-08-15
CARC,84725536,2025-08-15
CARC,88222925,2025-08-15
CARC,95735527,2025-08-15
CARD,38955124,2025-08-15
CARD,45859909,2025-08-15
CARD,67697789,2025-08-15
CARD,81142866,2025-08-15
CARD,98035526,2025-08-15
CARE,06833799,2025-08-15
CARE,13185114,2025-08-15
CARE,73180350,2025-08-15
CARE,73748362,2025-08-15
CARE,77128289,2025-08-15
CARE,87824105,2025-08-15
CARF,23310309,2025-08-15
CARF,81075472,2025-08-15
CARF,90772712,2025-08-15
CARG,66086457,2025-08-15
CARG,96314051,2025-08-15
CARH,45121119,2025-08-15
CARH,48853629,2025-08-15
CARH,57014426,2025-08-15
CARA,17985627,2025-08-16
CARA,21649642,2025-08-16
CARA,25086741,2025-08-16
CARA,33352135,2025-08-16
CARA,40003317,2025-08-16
CARA,57723068,2025-08-16
CARA,59539988,2025-08-16
CARA,92901552,2025-08-16
CARB,07567469,2025-08-16
CARB,50105392,2025-08-16
CARB,63641656,2025-08-16
CARB,75711227,2025-08-16
CARB,78308294,2025-08-16
CARB,92456296,2025-08-16
CARC,10187044,2025-08-16
CARC,36826363,2025-08-16
CARD,07395734,2025-08-16
CARD,13729923,2025-08-16
CARD,48755319,2025-08-16
CARD,59899274,2025-08-16
CARD,66421894,2025-08-16
CARD,78445526,2025-08-16
CARD,96278835,2025-08-16
CARE,29534064,2025-08-16
CARE,58530911,2025-08-16
CARF,11411496,2025-08-16
CARF,12017202,2025-08-16
CARF,29357946,2025-08-16
CARG,12035741,2025-08-16
CARG,15427448,2025-08-16
CARG,77758694,2025-08-16
CARG,89581421,2025-08-16
CARH,03883166,2025-08-16
CARA,51357253,2025-08-17
CARA,60871317,2025-08-17
CARA,66890803,2025-08-17
CARA,71015939,2025-08-17
CARB,04329152,2025-08-17
CARB,08418570,2025-08-17
CARB,43516665,2025-08-17
CARB,44390542,2025-08-17
CARB,47458252,2025-08-17
CARB,49211133,2025-08-17
CARB,87328346,2025-08-17
CARC,29072055,2025-08-17
CARC,46396467,2025-08-17
CARC,48113540,2025-08-17
CARD,01231381,2025-08-17
CARD,70365947,2025-08-17
CARD,73783901,2025-08-17
CARE,27252995,2025-08-17
CARE,53432896,2025-08-17
CARE,73362226,2025-08-17
CARE,89323190,2025-08-17
CARF,85310374,2025-08-17
CARF,86248972,2025-08-17
CARF,96721329,2025-08-17
CARG,18468065,2025-08-17
CARA,45435708,2025-08-18
CARA,54627391,2025-08-18
CARA,56573417,2025-08-18
CARA,73180740,2025-08-18
CARB,04406094,2025-08-18
CARB,18043138,2025-08-18
CARD,16244305,2025-08-18
CARD,22419926,2025-08-18
CARD,25844155,2025-08-18
CARD,29742610,2025-08-18
CARD,36266665,2025-08-18
CARD,37055159,2025-08-18
CARD,37156856,2025-08-18
CARD,56521660,2025-08-18
CARE,82375051,2025-08-18
CARE,86453776,2025-08-18
CARE,95860743,2025-08-18
CARF,10016691,2025-08-18
CARF,90087991,2025-08-18
CARG,02905812,2025-08-18
CARG,31737548,2025-08-18
CARG,72792397,2025-08-18
CARA,08679452,2025-08-19
CARA,59428988,2025-08-19
CARA,73127837,2025-08-19
CARA,78185830,2025-08-19
CARB,84291115,2025-08-19
CARC,06848167,2025-08-19
CARC,17755908,2025-08-19
CARC,53742461,2025-08-19
CARC,69799047,2025-08-19
CARC,88274340,2025-08-19
CARD,04906939,2025-08-19
CARD,12805823,2025-08-19
CARD,23122398,2025-08-19
CARD,57178971,2025-08-19
CARD,99304720,2025-08-19
CARE,06250463,2025-08-19
CARE,64828882,2025-08-19
CARE,71968428,2025-08-19
CARE,76252714,2025-08-19
CARG,21607592,2025-08-19
CARH,47128606,2025-08-19
CARA,00959939,2025-08-20
CARA,20726481,2025-08-20
CARA,21245136,2025-08-20
CARA,32335438,2025-08-20
CARA,43083838,2025-08-20
CARA,43127641,2025-08-20
CARA,49265507,2025-08-20
CARA,65426988,2025-08-20
CARA,75872382,2025-08-20
CARB,14359762,2025-08-20
CARB,34067399,2025-08-20
CARB,44088669,2025-08-20
CARC,09556487,2025-08-20
CARC,41052002,2025-08-20
CARC,64254603,2025-08-20
CARD,04534151,2025-08-20
CARD,33497518,2025-08-20
CARD,44787350,2025-08-20
CARD,83813121,2025-08-20
CARE,09532846,2025-08-20
CARE,36894420,2025-08-20
CARE,64874333,2025-08-20
CARE,68651242,2025-08-20
CARF,51159065,2025-08-20
CARF,74706268,2025-08-20
CARG,02528008,2025-08-20
CARG,50593387,2025-08-20
CARG,81944389,2025-08-20
CARB,08937544,2025-08-21
CARB,13393808,2025-08-21
CARB,25181491,2025-08-21
CARB,52429942,2025-08-21
CARB,72258720,2025-08-21
CARB,78011674,2025-08-21
CARB,90382394,2025-08-21
CARC,42100559,2025-08-21
CARC,76729301,2025-08-21
CARD,04967855,2025-08-21
CARD,48246004,2025-08-21
CARD,70640646,2025-08-21
CARD,87920304,2025-08-21
CARF,01353815,2025-08-21
CARF,25716463,2025-08-21
CARG,89020831,2025-08-21
CARG,91921033,2025-08-21
CARH,24420557,2025-08-21
CARH,29728762,2025-08-21
CARH,39141072,2025-08-21
CARH,58491714,2025-08-21
CARH,86365468,2025-08-21
CARA,29334476,2025-08-22
CARA,97877630,2025-08-22
CARB,37666457,2025-08-22
CARB,41325468,2025-08-22
CARB,54569155,2025-08-22
CARB,68179086,2025-08-22
CARC,19093171,2025-08-22
CARC,86008320,2025-08-22
CARC,94749657,2025-08-22
CARD,07828137,2025-08-22
CARD,42983428,2025-08-22
CARD,45640291,2025-08-22
CARD,54502902,2025-08-22
CARD,94725284,2025-08-22
CARE,07577134,2025-08-22
CARG,64648217,2025-08-22
CARG,75048599,2025-08-22
CARG,88163002,2025-08-22
CARH,01440694,2025-08-22
CARH,16803758,2025-08-22
CARH,52580788,2025-08-22
CARH,75910002,2025-08-22
CARA,14812312,2025-08-23
CARA,22837662,2025-08-23
CARA,25739823,2025-08-23
CARA,27364795,2025-08-23
CARA,91584722,2025-08-23
CARB,32242562,2025-08-23
CARB,41067322,2025-08-23
CARB,51679204,2025-08-23
CARB,69197504,2025-08-23
CARB,94463643,2025-08-23
CARC,00021367,2025-08-23
CARC,19358678,2025-08-23
CARC,24074592,2025-08-23
CARC,39481065,2025-08-23
CARC,73574006,2025-08-23
CARC,75120892,2025-08-23
CARC,75220861,2025-08-23
CARC,96552332,2025-08-23
CARD,32846476,2025-08-23
CARD,58574817,2025-08-23
CARD,75652566,2025-08-23
CARE,21968812,2025-08-23
CARE,24220065,2025-08-23
CARE,31393954,2025-08-23
CARF,68598303,2025-08-23
CARF,93638537,2025-08-23
CARG,64318534,2025-08-23
CARG,81832404,2025-08-23
CARG,82372192,2025-08-23
CARA,02456794,2025-08-24
CARA,13842809,2025-08-24
CARA,27574986,2025-08-24
CARA,30407410,2025-08-24
CARA,45707199,2025-08-24
CARB,18962906,2025-08-24
CARB,19589103,2025-08-24
CARB,30658309,2025-08-24
CARB,58035016,2025-08-24
CARB,75686224,2025-08-24
CARB,79851113,2025-08-24
CARC,18956260,2025-08-24
CARC,28239514,2025-08-24
CARC,79021146,2025-08-24
CARC,80546370,2025-08-24
CARC,94715624,2025-08-24
CARD,03380484,2025-08-24
CARD,07123428,2025-08-24
CARD,11691220,2025-08-24
CARD,13283161,2025-08-24
CARD,29018033,2025-08-24
CARD,46932342,2025-08-24
CARD,67029333,2025-08-24
CARE,46920437,2025-08-24
CARE,55113203,2025-08-24
CARE,61431842,2025-08-24
CARE,97166710,2025-08-24
CARG,39871195,2025-08-24
CARG,80608770,2025-08-24
CARG,97088509,2025-08-24
CARH,02658516,2025-08-24
CARH,17589611,2025-08-24
CARH,82213942,2025-08-24
CARH,99986318,2025-08-24
CARA,44629223,2025-08-25
CARA,87507988,2025-08-25
CARC,00020327,2025-08-25
CARC,06468492,2025-08-25
CARC,11610409,2025-08-25
CARC,13428671,2025-08-25
CARC,44651230,2025-08-25
CARC,55148279,2025-08-25
CARC,73545110,2025-08-25
CARC,86985959,2025-08-25
CARD,13099541,2025-08-25
CARD,15960752,2025-08-25
CARD,21189230,2025-08-25
CARD,22836127,2025-08-25
CARD,60194359,2025-08-25
CARD,81196614,2025-08-25
CARD,85565410,2025-08-25
CARD,87317823,2025-08-25
CARE,32221974,2025-08-25
CARE,93103366,2025-08-25
CARF,30228760,2025-08-25
CARG,38474666,2025-08-25
CARH,22841048,2025-08-25
CARA,20396084,2025-08-26
CARA,29887305,2025-08-26
CARA,37703435,2025-08-26
CARA,40572649,2025-08-26
CARA,75330471,2025-08-26
CARA,81822148,2025-08-26
CARA,94265282,2025-08-26
CARB,10804431,2025-08-26
CARB,11449590,2025-08-26
CARB,26377708,2025-08-26
CARB,36123842,2025-08-26
CARC,00938446,2025-08-26
CARC,12689319,2025-08-26
CARC,19318720,2025-08-26
CARC,62742871,2025-08-26
CARD,03768622,2025-08-26
CARD,10451784,2025-08-26
CARD,17869123,2025-08-26
CARD,34158738,2025-08-26
CARD,36702080,2025-08-26
CARD,66247307,2025-08-26
CARD,81787273,2025-08-26
CARE,50526049,2025-08-26
CARF,16196055,2025-08-26
CARF,21496215,2025-08-26
CARF,78932601,2025-08-26
CARG,14803818,2025-08-26
CARG,22004788,2025-08-26
CARG,45991309,2025-08-26
CARH,79292520,2025-08-26
CARH,83959034,2025-08-26
CARA,43532578,2025-08-27
CARA,44732278,2025-08-27
CARB,24440273,2025-08-27
CARB,28620845,2025-08-27
CARB,54753018,2025-08-27
CARB,90002530,2025-08-27
CARB,90851823,2025-08-27
CARC,00448471,2025-08-27
CARC,32568643,2025-08-27
CARC,33442671,2025-08-27
CARC,35278839,2025-08-27
CARC,59545230,2025-08-27
CARC,87439389,2025-08-27
CARC,93731184,2025-08-27
CARD,25599332,2025-08-27
CARD,43562824,2025-08-27
CARD,76895877,2025-08-27
CARD,95585062,2025-08-27
CARD,97559946,2025-08-27
CARE,12318554,2025-08-27
CARE,18512887,2025-08-27
CARE,27222890,2025-08-27
CARE,79317392,2025-08-27
CARE,86379104,2025-08-27
CARH,02447875,2025-08-27
CARH,41816583,2025-08-27
CARA,18730267,2025-08-28
CARA,33780841,2025-08-28
CARA,73306320,2025-08-28
CARB,19925989,2025-08-28
CARB,41651644,2025-08-28
CARC,16581594,2025-08-28
CARC,21399708,2025-08-28
CARC,21787137,2025-08-28
CARC,27043581,2025-08-28
CARC,87642072,2025-08-28
CARD,17487234,2025-08-28
CARD,55164279,2025-08-28
CARD,65045479,2025-08-28
CARE,20426443,2025-08-28
CARE,21228680,2025-08-28
CARE,27801964,2025-08-28
CARF,50466295,2025-08-28
CARF,60234561,2025-08-28
CARF,81808629,2025-08-28
CARF,83582127,2025-08-28
CARF,98445758,2025-08-28
CARG,49531478,2025-08-28
CARG,60117917,2025-08-28
CARA,19822525,2025-08-29
CARA,20248485,2025-08-29
CARA,69636472,2025-08-29
CARB,15438095,2025-08-29
CARB,36567088,2025-08-29
CARB,82010569,2025-08-29
CARB,83893440,2025-08-29
CARC,06598023,2025-08-29
CARC,50197235,2025-08-29
CARC,76011806,2025-08-29
CARC,77231288,2025-08-29
CARC,80178254,2025-08-29
CARD,01912225,2025-08-29
CARD,04967316,2025-08-29
CARD,05690510,2025-08-29
CARD,19154317,2025-08-29
CARD,34112634,2025-08-29
CARD,43671820,2025-08-29
CARD,57652046,2025-08-29
CARD,59818909,2025-08-29
CARD,60834069,2025-08-29
CARD,74922190,2025-08-29
CARD,77069077,2025-08-29
CARD,86337750,2025-08-29
CARD,86768237,2025-08-29
CARE,04618737,2025-08-29
CARE,57807621,2025-08-29
CARE,83366167,2025-08-29
CARF,75252057,2025-08-29
CARG,00273551,2025-08-29
CARG,50889992,2025-08-29
CARH,24377935,2025-08-29
CARA,48428436,2025-08-30
CARA,56411021,2025-08-30
CARB,05097482,2025-08-30
CARB,16896225,2025-08-30
CARB,27107945,2025-08-30
CARB,48361560,2025-08-30
CARB,58201648,2025-08-30
CARC,45130611,2025-08-30
CARC,53752797,2025-08-30
CARC,77596415,2025-08-30
CARC,84846226,2025-08-30
CARD,22026199,2025-08-30
CARD,23007888,2025-08-30
CARD,26891141,2025-08-30
CARD,37934069,2025-08-30
CARD,38781818,2025-08-30
CARD,40134544,2025-08-30
CARD,41126740,2025-08-30
CARD,49047101,2025-08-30
CARD,57337028,2025-08-30
CARE,08234267,2025-08-30
CARE,11073960,2025-08-30
CARE,39727468,2025-08-30
CARE,71232650,2025-08-30
CARF,18835262,2025-08-30
CARF,21317362,2025-08-30
CARF,47585118,2025-08-30
CARG,12876629,2025-08-30
CARG,22259211,2025-08-30
CARG,74454028,2025-08-30
CARH,62536740,2025-08-30
CARA,18475015,2025-08-31
CARA,95307841,2025-08-31
CARB,01721235,2025-08-31
CARC,29450081,2025-08-31
CARC,56530294,2025-08-31
CARC,71575428,2025-08-31
CARC,81927852,2025-08-31
CARC,93687140,2025-08-31
CARD,21602262,2025-08-31
CARD,39553593,2025-08-31
CARE,06226938,2025-08-31
CARE,17946289,2025-08-31
CARE,45309566,2025-08-31
CARE,61389060,2025-08-31
CARE,64883697,2025-08-31
CARE,66319831,2025-08-31
CARE,66978393,2025-08-31
CARF,58996937,2025-08-31
CARF,87696835,2025-08-31
CARH,27680296,2025-08-31
CARH,94468367,2025-08-31
CARA,29153308,2025-09-01
CARA,49458324,2025-09-01
CARA,62679568,2025-09-01
CARB,09640180,2025-09-01
CARB,38239609,2025-09-01
CARB,39440319,2025-09-01
CARB,47910625,2025-09-01
CARB,61557382,2025-09-01
CARB,84862287,2025-09-01
CARC,07413543,2025-09-01
CARC,22733775,2025-09-01
CARC,67221387,2025-09-01
CARD,09141689,2025-09-01
CARD,12548362,2025-09-01
CARD,30552717,2025-09-01
CARD,40686228,2025-09-01
CARD,73236619,2025-09-01
CARE,40101941,2025-09-01
CARE,40899472,2025-09-01
CARE,53926848,2025-09-01
CARE,88649485,2025-09-01
CARF,43242996,2025-09-01
CARF,81781735,2025-09-01
CARG,12455090,2025-09-01
CARH,17638714,2025-09-01
CARH,35536019,2025-09-01
CARH,42061838,2025-09-01
CARA,10163003,2025-09-02
CARA,11017077,2025-09-02
CARA,27699770,2025-09-02
CARA,29460180,2025-09-02
CARA,45566061,2025-09-02
CARA,72694686,2025-09-02
CARB,15990518,2025-09-02
CARB,47995352,2025-09-02
CARB,78335644,2025-09-02
CARB,97640671,2025-09-02
CARC,48721742,2025-09-02
CARC,54911220,2025-09-02
CARD,45558386,2025-09-02
CARD,58078249,2025-09-02
CARD,98802263,2025-09-02
CARE,05039128,2025-09-02
CARE,25553018,2025-09-02
CARE,30818583,2025-09-02
CARE,36116635,2025-09-02
CARE,83164183,2025-09-02
CARF,71655811,2025-09-02
CARF,79855970,2025-09-02
CARG,89321067,2025-09-02
CARA,07335772,2025-09-03
CARA,26468710,2025-09-03
CARA,33704715,2025-09-03
CARA,34206208,2025-09-03
CARA,35501496,2025-09-03
CARA,37877400,2025-09-03
CARA,83281051,2025-09-03
CARB,08916820,2025-09-03
CARB,26729397,2025-09-03
CARB,33893250,2025-09-03
CARB,34209474,2025-09-03
CARB,35638164,2025-09-03
CARB,56084105,2025-09-03
CARB,63716799,2025-09-03
CARB,88810351,2025-09-03
CARB,89352109,2025-09-03
CARC,09149747,2025-09-03
CARC,44347924,2025-09-03
CARD,20196640,2025-09-03
CARD,30693383,2025-09-03
CARD,39653325,2025-09-03
CARD,67661798,2025-09-03
CARD,72622983,2025-09-03
CARD,80893892,2025-09-03
CARD,95741438,2025-09-03
CARE,03724204,2025-09-03
CARE,05110355,2025-09-03
CARE,22825561,2025-09-03
CARE,26463595,2025-09-03
CARE,39200716,2025-09-03
CARE,78315435,2025-09-03
CARF,32673738,2025-09-03
CARF,47308715,2025-09-03
CARG,89874569,2025-09-03
CARG,94505502,2025-09-03
CARH,12795405,2025-09-03
CARH,21465910,2025-09-03
CARA,14240035,2025-09-04
CARA,55742391,2025-09-04
CARA,61377541,2025-09-04
CARA,71145858,2025-09-04
CARA,72856614,2025-09-04
CARA,96258715,2025-09-04
CARA,98077080,2025-09-04
CARB,00010475,2025-09-04
CARB,07884457,2025-09-04
CARB,27218825,2025-09-04
CARB,32464178,2025-09-04
CARB,76010783,2025-09-04
CARB,91715433,2025-09-04
CARB,95576845,2025-09-04
CARC,26475114,2025-09-04
CARC,48310743,2025-09-04
CARC,49049832,2025-09-04
CARD,07162380,2025-09-04
CARD,36587974,2025-09-04
CARD,36843113,2025-09-04
CARD,68617575,2025-09-04
CARD,81748082,2025-09-04
CARE,39053729,2025-09-04
CARE,83264798,2025-09-04
CARE,98867688,2025-09-04
CARF,48950488,2025-09-04
CARF,50600185,2025-09-04
CARG,79271788,2025-09-04
CARA,70772838,2025-09-05
CARA,82331833,2025-09-05
CARA,84356219,2025-09-05
CARB,61794464,2025-09-05
CARC,07982807,2025-09-05
CARC,74156680,2025-09-05
CARC,75174333,2025-09-05
CARC,76195633,2025-09-05
CARC,99826014,2025-09-05
CARD,11000963,2025-09-05
CARD,18312926,2025-09-05
CARD,44927556,2025-09-05
CARD,59012508,2025-09-05
CARD,64012427,2025-09-05
CARD,72235903,2025-09-05
CARD,80582384,2025-09-05
CARD,89476079,2025-09-05
CARD,92064772,2025-09-05
CARD,93848664,2025-09-05
CARE,20166449,2025-09-05
CARE,23215385,2025-09-05
CARE,37608227,2025-09-05
CARE,62691524,2025-09-05
CARE,79354503,2025-09-05
CARE,82253099,2025-09-05
CARE,86827068,2025-09-05
CARE,88569104,2025-09-05
CARG,31938374,2025-09-05
CARH,36281075,2025-09-05
CARH,80026128,2025-09-05
CARA,03489984,2025-09-06
CARA,05147988,2025-09-06
CARA,21451315,2025-09-06
CARA,42995413,2025-09-06
CARA,52381493,2025-09-06
CARA,95008886,2025-09-06
CARB,33625498,2025-09-06
CARB,34702013,2025-09-06
CARB,50872140,2025-09-06
CARB,50963576,2025-09-06
CARB,56854882,2025-09-06
CARB,73798851,2025-09-06
CARB,86735742,2025-09-06
CARC,20439302,2025-09-06
CARC,25849999,2025-09-06
CARC,31202064,2025-09-06
CARC,33736274,2025-09-06
CARC,43667943,2025-09-06
CARC,54882669,2025-09-06
CARC,58700390,2025-09-06
CARC,80636894,2025-09-06
CARD,13281923,2025-09-06
CARD,31324948,2025-09-06
CARD,48397770,2025-09-06
CARD,49102754,2025-09-06
CARD,56651899,2025-09-06
CARD,97217768,2025-09-06
CARD,98600589,2025-09-06
CARE,43675797,2025-09-06
CARE,46820764,2025-09-06
CARE,64602832,2025-09-06
CARE,83628127,2025-09-06
CARE,99708996,2025-09-06
CARF,10869793,2025-09-06
CARF,87004157,2025-09-06
CARG,03590358,2025-09-06
CARG,11372237,2025-09-06
CARG,29538809,2025-09-06
CARH,14363949,2025-09-06
CARH,21069128,2025-09-06
CARH,49461694,2025-09-06
CARA,23370019,2025-09-07
CARA,59399198,2025-09-07
CARA,60616184,2025-09-07
CARA,86455374,2025-09-07
CARB,13088381,2025-09-07
CARB,25230959,2025-09-07
CARB,51207289,2025-09-07
CARB,58702389,2025-09-07
CARB,61845314,2025-09-07
CARB,83448790,2025-09-07
CARC,01369793,2025-09-07
CARC,24370711,2025-09-07
CARC,77779561,2025-09-07
CARD,20466347,2025-09-07
CARD,38423412,2025-09-07
CARD,74719643,2025-09-07
CARD,95090465,2025-09-07
CARE,19618334,2025-09-07
CARE,24253959,2025-09-07
CARE,48122685,2025-09-07
CARE,51617325,2025-09-07
CARH,25361378,2025-09-07
CARH,31084422,2025-09-07
CARH,54868656,2025-09-07
CARA,14575210,2025-09-08
CARA,29242762,2025-09-08
CARA,86202887,2025-09-08
CARA,86661165,2025-09-08
CARA,95249384,2025-09-08
CARA,95972654,2025-09-08
CARB,21309783,2025-09-08
CARB,43973442,2025-09-08
CARB,46041410,2025-09-08
CARB,95101526,2025-09-08
CARB,98318528,2025-09-08
CARC,14786429,2025-09-08
CARC,63849945,2025-09-08
CARC,75159961,2025-09-08
CARC,82957364,2025-09-08
CARD,54212370,2025-09-08
CARD,75234280,2025-09-08
CARD,79640790,2025-09-08
CARD,80435147,2025-09-08
CARD,85117030,2025-09-08
CARD,89770373,2025-09-08
CARD,99869557,2025-09-08
CARE,68605447,2025-09-08
CARE,80175010,2025-09-08
CARE,81484106,2025-09-08
CARE,90337197,2025-09-08
CARF,51898139,2025-09-08
CARF,53782399,2025-09-08
CARG,29061805,2025-09-08
CARH,48779972,2025-09-08
CARH,84864596,2025-09-08
CARA,06336987,2025-09-09
CARA,39951906,2025-09-09
CARA,45384366,2025-09-09
CARA,49858142,2025-09-09
CARB,15026492,2025-09-09
CARB,95821674,2025-09-09
CARC,41380980,2025-09-09
CARC,42467654,2025-09-09
CARC,46444409,2025-09-09
CARC,96589262,2025-09-09
CARC,98892210,2025-09-09
CARD,19844579,2025-09-09
CARD,26803026,2025-09-09
CARD,66882395,2025-09-09
CARE,44390930,2025-09-09
CARE,75835092,2025-09-09
CARE,87261506,2025-09-09
CARE,98272980,2025-09-09
CARF,15499119,2025-09-09
CARG,11822826,2025-09-09
CARG,79698847,2025-09-09
CARH,50412105,2025-09-09
CARA,19294650,2025-09-10
CARA,41878749,2025-09-10
CARA,45414096,2025-09-10
CARB,11971255,2025-09-10
CARB,73182391,2025-09-10
CARB,97032707,2025-09-10
CARC,35440504,2025-09-10
CARC,37006635,2025-09-10
CARC,57143114,2025-09-10
CARC,68154042,2025-09-10
CARC,78572990,2025-09-10
CARC,87240899,2025-09-10
CARC,94150311,2025-09-10
CARC,96990356,2025-09-10
CARD,38004404,2025-09-10
CARD,45568141,2025-09-10
CARD,81885323,2025-09-10
CARE,27424664,2025-09-10
CARE,32850953,2025-09-10
CARE,55561365,2025-09-10
CARE,66472155,2025-09-10
CARE,82088882,2025-09-10
CARF,44598648,2025-09-10
CARF,50720698,2025-09-10
CARF,57151627,2025-09-10
CARG,88779112,2025-09-10
CARH,10632788,2025-09-10
CARH,74013566,2025-09-10
CARH,93780879,2025-09-10
CARA,29510721,2025-09-11
CARA,89125336,2025-09-11
CARB,14605930,2025-09-11
CARB,26715609,2025-09-11
CARB,34871440,2025-09-11
CARB,38514004,2025-09-11
CARB,44881684,2025-09-11
CARB,46316651,2025-09-11
CARB,54213803,2025-09-11
CARC,05247432,2025-09-11
CARC,16870928,2025-09-11
CARC,53205197,2025-09-11
CARC,53417613,2025-09-11
CARC,86541266,2025-09-11
CARD,07367434,2025-09-11
CARD,15395416,2025-09-11
CARD,73172469,2025-09-11
CARD,95270556,2025-09-11
CARD,97177718,2025-09-11
CARE,08085103,2025-09-11
CARE,21774580,2025-09-11
CARE,29977456,2025-09-11
CARE,65236934,2025-09-11
CARE,87063032,2025-09-11
CARF,34550434,2025-09-11
CARF,66044198,2025-09-11
CARF,67036996,2025-09-11
CARF,77856226,2025-09-11
CARG,88099994,2025-09-11
CARG,99178438,2025-09-11
CARH,83404841,2025-09-11
CARA,13808623,2025-09-12
CARA,30194551,2025-09-12
CARA,30679396,2025-09-12
CARA,60336681,2025-09-12
CARA,64746726,2025-09-12
CARA,68642914,2025-09-12
CARA,69245669,2025-09-12
CARA,98895190,2025-09-12
CARB,06475331,2025-09-12
CARB,09615027,2025-09-12
CARB,11949035,2025-09-12
CARB,88116042,2025-09-12
CARC,15053267,2025-09-12
CARC,22249600,2025-09-12
CARC,51198581,2025-09-12
CARD,10368400,2025-09-12
CARD,12363593,2025-09-12
CARD,22850934,2025-09-12
CARD,77192202,2025-09-12
CARD,89031727,2025-09-12
CARD,97390892,2025-09-12
CARE,10105747,2025-09-12
CARE,26727736,2025-09-12
CARE,34534650,2025-09-12
CARE,34559425,2025-09-12
CARE,64326978,2025-09-12
CARE,70496864,2025-09-12
CARE,88121103,2025-09-12
CARG,51457552,2025-09-12
CARG,72355360,2025-09-12
CARH,06044245,2025-09-12
CARH,77361095,2025-09-12
CARA,18044830,2025-09-13
CARA,25720064,2025-09-13
CARA,89730277,2025-09-13
CARB,27891570,2025-09-13
CARB,58978893,2025-09-13
CARB,83039566,2025-09-13
CARB,96518069,2025-09-13
CARC,79130481,2025-09-13
CARC,96308998,2025-09-13
CARD,58118614,2025-09-13
CARD,88555364,2025-09-13
CARE,17093069,2025-09-13
CARE,70202472,2025-09-13
CARF,82721530,2025-09-13
CARG,33639182,2025-09-13
CARG,80325325,2025-09-13
CARG,97890241,2025-09-13
CARH,44122488,2025-09-13
CARH,51526599,2025-09-13
CARH,69734367,2025-09-13
CARH,85912098,2025-09-13
CARA,02749281,2025-09-14
CARA,91058786,2025-09-14
CARB,32853265,2025-09-14
CARB,47320875,2025-09-14
CARB,64160751,2025-09-14
CARB,74179635,2025-09-14
CARB,81971138,2025-09-14
CARB,99856747,2025-09-14
CARC,38018144,2025-09-14
CARC,58907570,2025-09-14
CARC,63789086,2025-09-14
CARC,73838418,2025-09-14
CARC,79056207,2025-09-14
CARC,94651018,2025-09-14
CARD,07177008,2025-09-14
CARD,35824741,2025-09-14
CARD,39858721,2025-09-14
CARD,44160953,2025-09-14
CARD,60940106,2025-09-14
CARD,61269584,2025-09-14
CARD,74620662,2025-09-14
CARD,75104700,2025-09-14
CARD,94135678,2025-09-14
CARE,14438329,2025-09-14
CARE,24842254,2025-09-14
CARE,28119647,2025-09-14
CARE,61205388,2025-09-14
CARE,68570423,2025-09-14
CARF,22519104,2025-09-14
CARF,48244787,2025-09-14
CARF,48802612,2025-09-14
CARF,66748397,2025-09-14
CARG,18634638,2025-09-14
CARG,69921018,2025-09-14
CARH,32048215,2025-09-14
CARB,10448037,2025-09-15
CARB,21532066,2025-09-15
CARB,63976385,2025-09-15
CARB,98441331,2025-09-15
CARC,35959498,2025-09-15
CARC,48857545,2025-09-15
CARD,03214104,2025-09-15
CARD,09683179,2025-09-15
CARD,41152098,2025-09-15
CARD,55932035,2025-09-15
CARD,57538582,2025-09-15
CARD,59940628,2025-09-15
CARE,15333259,2025-09-15
CARE,26723048,2025-09-15
CARE,77618879,2025-09-15
CARE,79478504,2025-09-15
CARE,93539254,2025-09-15
CARF,57725900,2025-09-15
CARF,61799741,2025-09-15
CARF,80583186,2025-09-15
CARG,10587124,2025-09-15
CARA,97466217,2025-09-16
CARB,09301890,2025-09-16
CARB,45594990,2025-09-16
CARB,54806856,2025-09-16
CARB,56797108,2025-09-16
CARB,70811741,2025-09-16
CARC,07824078,2025-09-16
CARC,72926304,2025-09-16
CARC,77292004,2025-09-16
CARD,52506841,2025-09-16
CARE,84231659,2025-09-16
CARE,91737339,2025-09-16
CARF,26794364,2025-09-16
CARG,06460724,2025-09-16
CARA,15450138,2025-09-17
CARA,55629644,2025-09-17
CARA,56563525,2025-09-17
CARA,61387773,2025-09-17
CARA,77124113,2025-09-17
CARA,85948127,2025-09-17
CARB,04917625,2025-09-17
CARB,95570678,2025-09-17
CARC,32497049,2025-09-17
CARC,83511500,2025-09-17
CARD,26286821,2025-09-17
CARD,30396918,2025-09-17
CARD,66288958,2025-09-17
CARE,01032516,2025-09-17
CARE,06304318,2025-09-17
CARE,51607073,2025-09-17
CARE,74400179,2025-09-17
CARE,85737816,2025-09-17
CARF,22163883,2025-09-17
CARG,00955882,2025-09-17
CARG,37640165,2025-09-17
CARG,56783448,2025-09-17
CARA,10995476,2025-09-18
CARA,40290355,2025-09-18
CARA,52218218,2025-09-18
CARA,69842860,2025-09-18
CARA,77311121,2025-09-18
CARB,86955652,2025-09-18
CARC,88924267,2025-09-18
CARD,05504108,2025-09-18
CARD,30585743,2025-09-18
CARD,41846908,2025-09-18
CARD,62229087,2025-09-18
CARD,64412358,2025-09-18
CARD,75780750,2025-09-18
CARE,09666070,2025-09-18
CARE,42101231,2025-09-18
CARE,44771107,2025-09-18
CARE,64529401,2025-09-18
CARF,16340519,2025-09-18
CARF,42739492,2025-09-18
CARF,65564681,2025-09-18
CARG,29654290,2025-09-18
CARG,59151308,2025-09-18
CARH,40672269,2025-09-18
CARA,14920683,2025-09-19
CARA,27801493,2025-09-19
CARA,47363232,2025-09-19
CARA,93068294,2025-09-19
CARB,25203383,2025-09-19
CARB,34991311,2025-09-19
CARB,48104349,2025-09-19
CARB,67399298,2025-09-19
CARB,88869175,2025-09-19
CARC,51913949,2025-09-19
CARC,58014952,2025-09-19
CARD,43091474,2025-09-19
CARD,54607033,2025-09-19
CARD,74957464,2025-09-19
CARE,03552911,2025-09-19
CARE,20773441,2025-09-19
CARE,74748949,2025-09-19
CARE,84920171,2025-09-19
CARE,86653874,2025-09-19
CARE,94000507,2025-09-19
CARF,11779656,2025-09-19
CARF,85799487,2025-09-19
CARH,13043794,2025-09-19
CARA,38072843,2025-09-20
CARA,40325113,2025-09-20
CARB,22546003,2025-09-20
CARB,30227500,2025-09-20
CARB,52088226,2025-09-20
CARB,62943370,2025-09-20
CARB,77962840,2025-09-20
CARB,79908088,2025-09-20
CARC,00014662,2025-09-20
CARC,16869554,2025-09-20
CARC,44702184,2025-09-20
CARC,56735896,2025-09-20
CARC,57065808,2025-09-20
CARC,71792482,2025-09-20
CARC,80795272,2025-09-20
CARC,88842671,2025-09-20
CARC,95869438,2025-09-20
CARD,63369015,2025-09-20
CARD,67601459,2025-09-20
CARE,09578310,2025-09-20
CARE,27197690,2025-09-20
CARE,50987390,2025-09-20
CARE,55166512,2025-09-20
CARE,79138958,2025-09-20
CARF,13303798,2025-09-20
CARF,14795117,2025-09-20
CARF,23292927,2025-09-20
CARF,51922193,2025-09-20
CARF,70818272,2025-09-20
CARF,76769602,2025-09-20
CARF,90633185,2025-09-20
CARG,09974344,2025-09-20
CARG,18852250,2025-09-20
CARG,88482866,2025-09-20
CARG,93069840,2025-09-20
CARA,27007350,2025-09-21
CARA,50735377,2025-09-21
CARA,83617292,2025-09-21
CARB,01008841,2025-09-21
CARB,04882952,2025-09-21
CARB,17688416,2025-09-21
CARB,73454097,2025-09-21
CARB,77476750,2025-09-21
CARC,06742233,2025-09-21
CARC,18309402,2025-09-21
CARC,26415323,2025-09-21
CARC,47720921,2025-09-21
CARC,83014955,2025-09-21
CARC,95243874,2025-09-21
CARC,99715200,2025-09-21
CARD,02175252,2025-09-21
CARD,16729849,2025-09-21
CARD,34518296,2025-09-21
CARD,61350877,2025-09-21
CARD,76359646,2025-09-21
CARD,88513625,2025-09-21
CARE,07459139,2025-09-21
CARE,11475384,2025-09-21
CARE,52511892,2025-09-21
CARE,55805748,2025-09-21
CARE,62781119,2025-09-21
CARE,66781454,2025-09-21
CARE,91517150,2025-09-21
CARE,94098183,2025-09-21
CARE,97219329,2025-09-21
CARF,18687573,2025-09-21
CARF,25680135,2025-09-21
CARF,28035119,2025-09-21
CARF,42572692,2025-09-21
CARF,46181311,2025-09-21
CARF,59852812,2025-09-21
CARG,57087632,2025-09-21
CARG,81016918,2025-09-21
CARH,12650048,2025-09-21
CARH,80992522,2025-09-21
CARH,83520505,2025-09-21
CARH,91218982,2025-09-21
CARA,06807583,2025-09-22
CARA,08952007,2025-09-22
CARA,21608075,2025-09-22
CARA,32386623,2025-09-22
CARA,57566159,2025-09-22
CARA,99286782,2025-09-22
CARB,01472208,2025-09-22
CARB,04858848,2025-09-22
CARB,24509691,2025-09-22
CARB,60174384,2025-09-22
CARB,61293067,2025-09-22
CARB,72584719,2025-09-22
CARB,82917776,2025-09-22
CARC,01290833,2025-09-22
CARC,09516381,2025-09-22
CARC,29097449,2025-09-22
CARC,42127814,2025-09-22
CARC,54454708,2025-09-22
CARC,61273640,2025-09-22
CARC,75746244,2025-09-22
CARC,87724612,2025-09-22
CARD,03458020,2025-09-22
CARD,21872058,2025-09-22
CARD,41935906,2025-09-22
CARD,55543972,2025-09-22
CARD,81230337,2025-09-22
CARD,82563524,2025-09-22
CARE,17563777,2025-09-22
CARE,21688153,2025-09-22
CARE,25809335,2025-09-22
CARE,31926315,2025-09-22
CARE,67499149,2025-09-22
CARE,74943794,2025-09-22
CARE,88607897,2025-09-22
CARE,88752537,2025-09-22
CARH,20006648,2025-09-22
CARH,26205449,2025-09-22
CARH,89770657,2025-09-22
CARA,00145923,2025-09-23
CARA,08316816,2025-09-23
CARA,42326830,2025-09-23
CARA,44721651,2025-09-23
CARA,93502090,2025-09-23
CARA,93670817,2025-09-23
CARB,31580822,2025-09-23
CARB,70492022,2025-09-23
CARB,71021249,2025-09-23
CARB,73207611,2025-09-23
CARB,76859284,2025-09-23
CARC,00247190,2025-09-23
CARC,97644991,2025-09-23
CARD,45210746,2025-09-23
CARD,60930940,2025-09-23
CARD,61001624,2025-09-23
CARD,72745917,2025-09-23
CARD,82124472,2025-09-23
CARD,95133239,2025-09-23
CARE,21208281,2025-09-23
CARE,57285706,2025-09-23
CARF,97801964,2025-09-23
CARG,76502072,2025-09-23
CARH,27245011,2025-09-23
CARH,85443586,2025-09-23
CARH,89609895,2025-09-23
CARA,27098787,2025-09-24
CARA,50685396,2025-09-24
CARA,72458014,2025-09-24
CARB,05612992,2025-09-24
CARB,08615227,2025-09-24
CARB,34750909,2025-09-24
CARB,39988717,2025-09-24
CARB,60127786,2025-09-24
CARB,86270056,2025-09-24
CARC,27037657,2025-09-24
CARC,40597104,2025-09-24
CARC,45342782,2025-09-24
CARC,74213593,2025-09-24
CARD,24665377,2025-09-24
CARD,33149656,2025-09-24
CARD,51661159,2025-09-24
CARD,66822855,2025-09-24
CARD,83529073,2025-09-24
CARD,95564122,2025-09-24
CARE,28223112,2025-09-24
CARE,37979741,2025-09-24
CARE,42374379,2025-09-24
CARE,87495579,2025-09-24
CARH,62495736,2025-09-24
CARH,91240204,2025-09-24
CARH,91318348,2025-09-24
CARA,01992749,2025-09-25
CARA,42116640,2025-09-25
CARA,51228597,2025-09-25
CARA,79555627,2025-09-25
CARA,82629787,2025-09-25
CARB,56174941,2025-09-25
CARB,86686921,2025-09-25
CARC,30424308,2025-09-25
CARC,48729222,2025-09-25
CARC,50200989,2025-09-25
CARC,71678090,2025-09-25
CARC,91933150,2025-09-25
CARD,22604422,2025-09-25
CARD,33979343,2025-09-25
CARD,62482210,2025-09-25
CARD,72932386,2025-09-25
CARD,81432854,2025-09-25
CARE,19676452,2025-09-25
CARE,74291905,2025-09-25
CARE,82052331,2025-09-25
CARF,34145539,2025-09-25
CARF,51570779,2025-09-25
CARF,56486057,2025-09-25
CARF,96420540,2025-09-25
CARH,34152790,2025-09-25
CARH,73479356,2025-09-25
CARA,09079939,2025-09-26
CARA,16736400,2025-09-26
CARA,19579255,2025-09-26
CARA,32806130,2025-09-26
CARA,37831734,2025-09-26
CARA,85202024,2025-09-26
CARA,89905492,2025-09-26
CARB,13866458,2025-09-26
CARB,64249911,2025-09-26
CARC,13025461,2025-09-26
CARC,17309562,2025-09-26
CARC,18417579,2025-09-26
CARC,33308101,2025-09-26
CARC,48640299,2025-09-26
CARC,49327391,2025-09-26
CARC,49345824,2025-09-26
CARC,55728262,2025-09-26
CARC,73396691,2025-09-26
CARD,32382885,2025-09-26
CARD,33879805,2025-09-26
CARD,39829817,2025-09-26
CARD,67595717,2025-09-26
CARD,89680371,2025-09-26
CARD,95636408,2025-09-26
CARE,12721289,2025-09-26
CARE,16965454,2025-09-26
CARE,19841759,2025-09-26
CARE,62889603,2025-09-26
CARE,74999677,2025-09-26
CARE,91783150,2025-09-26
CARF,42799011,2025-09-26
CARF,73987838,2025-09-26
CARG,06874680,2025-09-26
CARG,25651425,2025-09-26
CARG,35950731,2025-09-26
CARG,37799677,2025-09-26
CARG,41025576,2025-09-26
CARG,58573497,2025-09-26
CARA,60218796,2025-09-27
CARA,60717607,2025-09-27
CARA,69232938,2025-09-27
CARB,05664380,2025-09-27
CARB,09405977,2025-09-27
CARB,18638854,2025-09-27
CARB,54180539,2025-09-27
CARB,58981708,2025-09-27
CARB,59599980,2025-09-27
CARB,68039975,2025-09-27
CARB,84927457,2025-09-27
CARC,16193192,2025-09-27
CARC,17471951,2025-09-27
CARC,40373457,2025-09-27
CARC,71192806,2025-09-27
CARC,77774265,2025-09-27
CARC,84115000,2025-09-27
CARD,19006850,2025-09-27
CARD,95528958,2025-09-27
CARE,08765285,2025-09-27
CARE,16528592,2025-09-27
CARE,25484217,2025-09-27
CARE,46257289,2025-09-27
CARE,75370638,2025-09-27
CARE,94985528,2025-09-27
CARF,75736159,2025-09-27
CARF,76570997,2025-09-27
CARF,88589672,2025-09-27
CARF,92538098,2025-09-27
CARF,93823131,2025-09-27
CARG,64775096,2025-09-27
CARA,09008268,2025-09-28
CARA,11065978,2025-09-28
CARA,22769586,2025-09-28
CARA,24254897,2025-09-28
CARA,64056811,2025-09-28
CARB,23708849,2025-09-28
CARB,53486200,2025-09-28
CARB,56589558,2025-09-28
CARB,81502248,2025-09-28
CARC,13843305,2025-09-28
CARC,37805862,2025-09-28
CARC,79232486,2025-09-28
CARD,02012957,2025-09-28
CARD,09501967,2025-09-28
CARD,17711017,2025-09-28
CARD,21801622,2025-09-28
CARD,33162230,2025-09-28
CARD,35779957,2025-09-28
CARD,53886158,2025-09-28
CARD,62314692,2025-09-28
CARE,02937789,2025-09-28
CARE,07684765,2025-09-28
CARE,12868179,2025-09-28
CARE,55078105,2025-09-28
CARF,58306619,2025-09-28
CARF,65873370,2025-09-28
CARF,70383001,2025-09-28
CARG,13703604,2025-09-28
CARG,29996925,2025-09-28
CARG,32751398,2025-09-28
CARG,65495532,2025-09-28
CARG,94601154,2025-09-28
CARH,11975887,2025-09-28
CARH,25723439,2025-09-28
CARH,45001525,2025-09-28
CARH,74940800,2025-09-28
CARH,75588783,2025-09-28
CARA,00900208,2025-09-29
CARA,13641812,2025-09-29
CARA,23916582,2025-09-29
CARA,34674558,2025-09-29
CARA,48050300,2025-09-29
CARA,62784819,2025-09-29
CARA,77906479,2025-09-29
CARB,13031614,2025-09-29
CARB,20991152,2025-09-29
CARB,34280618,2025-09-29
CARB,39940557,2025-09-29
CARB,56860963,2025-09-29
CARB,62077199,2025-09-29
CARB,69289790,2025-09-29
CARB,80429381,2025-09-29
CARB,82507101,2025-09-29
CARD,71323916,2025-09-29
CARD,77034578,2025-09-29
CARD,91976796,2025-09-29
CARE,60052089,2025-09-29
CARE,71793147,2025-09-29
CARE,83758236,2025-09-29
CARE,84589005,2025-09-29
CARE,85701028,2025-09-29
CARF,21154189,2025-09-29
CARF,55387414,2025-09-29
CARF,77867858,2025-09-29
CARF,94310292,2025-09-29
CARG,31827241,2025-09-29
CARG,35877362,2025-09-29
CARG,59671279,2025-09-29
CARG,62007421,2025-09-29
CARH,05155475,2025-09-29
CARH,11219498,2025-09-29
CARH,11529173,2025-09-29
CARA,03956972,2025-09-30
CARA,10428051,2025-09-30
CARA,16105083,2025-09-30
CARA,28417088,2025-09-30
CARA,43944696,2025-09-30
CARA,44331282,2025-09-30
CARA,63820312,2025-09-30
CARA,70150116,2025-09-30
CARA,70485091,2025-09-30
CARA,90400259,2025-09-30
CARB,01228630,2025-09-30
CARB,62915053,2025-09-30
CARB,70664862,2025-09-30
CARB,84522464,2025-09-30
CARB,95917888,2025-09-30
CARC,30119937,2025-09-30
CARC,30815279,2025-09-30
CARC,69604315,2025-09-30
CARD,01430762,2025-09-30
CARD,70704920,2025-09-30
CARD,84181976,2025-09-30
CARD,87431291,2025-09-30
CARE,24376868,2025-09-30
CARE,82880652,2025-09-30
CARG,13952330,2025-09-30
CARG,94498175,2025-09-30
CARH,25779972,2025-09-30
CARH,30911431,2025-09-30
CARH,40425591,2025-09-30
CARA,28521382,2025-10-01
CARA,30574305,2025-10-01
CARA,54775782,2025-10-01
CARA,98890220,2025-10-01
CARB,16201956,2025-10-01
CARB,59384998,2025-10-01
CARB,60044080,2025-10-01
CARB,63074240,2025-10-01
CARC,19893664,2025-10-01
CARC,38611349,2025-10-01
CARC,61954625,2025-10-01
CARC,71416462,2025-10-01
CARC,72634550,2025-10-01
CARD,16480335,2025-10-01
CARE,10471275,2025-10-01
CARE,46551905,2025-10-01
CARE,52120462,2025-10-01
CARE,67686497,2025-10-01
CARE,69945937,2025-10-01
CARF,03173829,2025-10-01
CARF,35554605,2025-10-01
CARF,85417905,2025-10-01
CARF,93395620,2025-10-01
CARG,12688719,2025-10-01
CARG,86051821,2025-10-01
CARH,58554215,2025-10-01
CARH,74751181,2025-10-01
CARH,84890474,2025-10-01
CARA,05204991,2025-10-02
CARA,17388100,2025-10-02
CARA,38209768,2025-10-02
CARA,62867991,2025-10-02
CARA,90529005,2025-10-02
CARA,92062807,2025-10-02
CARB,01827459,2025-10-02
CARB,42806344,2025-10-02
CARB,49552608,2025-10-02
CARB,68153486,2025-10-02
CARB,91415582,2025-10-02
CARB,99158666,2025-10-02
CARC,05453403,2025-10-02
CARC,57680874,2025-10-02
CARC,80892493,2025-10-02
CARD,14045259,2025-10-02
CARD,28190711,2025-10-02
CARD,34309114,2025-10-02
CARD,39083216,2025-10-02
CARD,72247062,2025-10-02
CARE,28021090,2025-10-02
CARE,38315035,2025-10-02
CARE,47686010,2025-10-02
CARE,59931085,2025-10-02
CARE,88371335,2025-10-02
CARF,01717843,2025-10-02
CARF,03438655,2025-10-02
CARF,53977668,2025-10-02
CARG,05911891,2025-10-02
CARG,48105455,2025-10-02
CARG,69649004,2025-10-02
CARG,96965991,2025-10-02
CARH,73082567,2025-10-02
CARH,91840574,2025-10-02
CARA,02416326,2025-10-03
CARA,39145135,2025-10-03
CARA,39761201,2025-10-03
CARB,03584168,2025-10-03
CARB,23377655,2025-10-03
CARB,24014861,2025-10-03
CARB,44375402,2025-10-03
CARB,89185120,2025-10-03
CARC,07606393,2025-10-03
CARC,26176711,2025-10-03
CARC,83975751,2025-10-03
CARD,12191072,2025-10-03
CARD,14850944,2025-10-03
CARD,20423093,2025-10-03
CARD,35986289,2025-10-03
CARD,99782956,2025-10-03
CARE,15570110,2025-10-03
CARE,62848619,2025-10-03
CARE,68451299,2025-10-03
CARF,15803241,2025-10-03
CARF,79310421,2025-10-03
CARG,09324163,2025-10-03
CARG,31424293,2025-10-03
CARH,94914216,2025-10-03
CARA,09022057,2025-10-04
CARA,56542694,2025-10-04
CARA,80080524,2025-10-04
CARA,86107385,2025-10-04
CARB,03774373,2025-10-04
CARB,07686434,2025-10-04
CARB,42640276,2025-10-04
CARB,55005479,2025-10-04
CARB,73000006,2025-10-04
CARB,76037787,2025-10-04
CARC,49194655,2025-10-04
CARC,58272777,2025-10-04
CARC,92153301,2025-10-04
CARD,14339708,2025-10-04
CARD,17007890,2025-10-04
CARD,34685338,2025-10-04
CARD,86363245,2025-10-04
CARD,86847719,2025-10-04
CARE,23770474,2025-10-04
CARE,88968916,2025-10-04
CARF,32151719,2025-10-04
CARF,61507256,2025-10-04
CARG,06495901,2025-10-04
CARG,22390587,2025-10-04
CARG,54757175,2025-10-04
CARH,22605655,2025-10-04
CARA,01135717,2025-10-05
CARA,07204070,2025-10-05
CARA,51251284,2025-10-05
CARA,73168981,2025-10-05
CARA,75075504,2025-10-05
CARA,96638465,2025-10-05
CARB,17959769,2025-10-05
CARB,30847939,2025-10-05
CARB,76144868,2025-10-05
CARC,14056974,2025-10-05
CARC,51886700,2025-10-05
CARC,61008186,2025-10-05
CARC,71167057,2025-10-05
CARD,23863265,2025-10-05
CARD,28661848,2025-10-05
CARD,32378224,2025-10-05
CARD,56864814,2025-10-05
CARD,74109499,2025-10-05
CARD,76413541,2025-10-05
CARD,79539299,2025-10-05
CARE,06179050,2025-10-05
CARE,30298232,2025-10-05
CARE,43810243,2025-10-05
CARE,70408530,2025-10-05
CARE,98552844,2025-10-05
CARF,05932950,2025-10-05
CARG,14340281,2025-10-05
CARG,53595480,2025-10-05
CARA,47023541,2025-10-06
CARA,63738247,2025-10-06
CARA,83160072,2025-10-06
CARA,94674644,2025-10-06
CARA,96560416,2025-10-06
CARB,32243510,2025-10-06
CARB,35826831,2025-10-06
CARB,76326664,2025-10-06
CARB,96429152,2025-10-06
CARC,03847924,2025-10-06
CARC,23529106,2025-10-06
CARC,43092840,2025-10-06
CARC,53033664,2025-10-06
CARD,50873050,2025-10-06
CARD,51844567,2025-10-06
CARD,61382274,2025-10-06
CARD,72843666,2025-10-06
CARE,04604141,2025-10-06
CARE,05683983,2025-10-06
CARE,17118062,2025-10-06
CARE,21907118,2025-10-06
CARE,27426097,2025-10-06
CARE,39358848,2025-10-06
CARE,40787748,2025-10-06
CARE,42756334,2025-10-06
CARE,65222574,2025-10-06
CARE,66773213,2025-10-06
CARE,72972698,2025-10-06
CARE,73175634,2025-10-06
CARE,87508773,2025-10-06
CARE,88664479,2025-10-06
CARF,04558469,2025-10-06
CARF,32480397,2025-10-06
CARF,51011147,2025-10-06
CARG,15023794,2025-10-06
CARG,60298486,2025-10-06
CARH,05338880,2025-10-06
CARH,65257102,2025-10-06
CARA,08864457,2025-10-07
CARA,32282078,2025-10-07
CARA,40182434,2025-10-07
CARA,76531258,2025-10-07
CARA,92120628,2025-10-07
CARA,95195809,2025-10-07
CARB,23491471,2025-10-07
CARB,40995448,2025-10-07
CARB,67995748,2025-10-07
CARC,15791145,2025-10-07
CARC,17431422,2025-10-07
CARC,19989738,2025-10-07
CARC,32625021,2025-10-07
CARC,39640655,2025-10-07
CARC,88404133,2025-10-07
CARD,16659545,2025-10-07
CARD,54334002,2025-10-07
CARD,70686203,2025-10-07
CARE,25678159,2025-10-07
CARE,50046483,2025-10-07
CARE,80423286,2025-10-07
CARF,55390019,2025-10-07
CARG,01790986,2025-10-07
CARG,01929831,2025-10-07
CARG,20171974,2025-10-07
CARG,34680430,2025-10-07
CARH,09304360,2025-10-07
CARA,09822306,2025-10-08
CARA,17510222,2025-10-08
CARA,21053338,2025-10-08
CARA,52085330,2025-10-08
CARA,84182810,2025-10-08
CARA,97878559,2025-10-08
CARB,08439922,2025-10-08
CARB,17389251,2025-10-08
CARB,27235889,2025-10-08
CARB,33284835,2025-10-08
CARB,44766679,2025-10-08
CARB,95541925,2025-10-08
CARC,11531059,2025-10-08
CARC,36951018,2025-10-08
CARC,45174390,2025-10-08
CARC,50948829,2025-10-08
CARC,62834295,2025-10-08
CARD,19050748,2025-10-08
CARD,36210181,2025-10-08
CARD,83911788,2025-10-08
CARD,88923521,2025-10-08
CARE,25206999,2025-10-08
CARE,40201398,2025-10-08
CARE,86306324,2025-10-08
CARG,96942947,2025-10-08
CARH,07319951,2025-10-08
CARH,27083001,2025-10-08
CARH,36108275,2025-10-08
CARH,85880128,2025-10-08
CARA,35071581,2025-10-09
CARA,41014781,2025-10-09
CARA,64748366,2025-10-09
CARA,78953220,2025-10-09
CARB,10476500,2025-10-09
CARB,18133860,2025-10-09
CARC,72522585,2025-10-09
CARC,90808855,2025-10-09
CARC,93080095,2025-10-09
CARD,10842448,2025-10-09
CARD,26294172,2025-10-09
CARD,26298210,2025-10-09
CARD,37412426,2025-10-09
CARD,39144872,2025-10-09
CARD,63325034,2025-10-09
CARD,74981741,2025-10-09
CARD,85503300,2025-10-09
CARD,92835612,2025-10-09
CARE,04496166,2025-10-09
CARE,18724111,2025-10-09
CARE,32984113,2025-10-09
CARE,43961960,2025-10-09
CARE,48310334,2025-10-09
CARE,75012535,2025-10-09
CARF,07268272,2025-10-09
CARG,37330413,2025-10-09
CARG,41076071,2025-10-09
CARG,53184882,2025-10-09
CARG,64144276,2025-10-09
CARG,78269213,2025-10-09
CARG,81339118,2025-10-09
CARG,81782423,2025-10-09
CARG,96067545,2025-10-09
CARA,05258777,2025-10-10
CARA,08056912,2025-10-10
CARA,10498198,2025-10-10
CARA,18781357,2025-10-10
CARB,04303146,2025-10-10
CARB,13138884,2025-10-10
CARB,46400255,2025-10-10
CARB,63676149,2025-10-10
CARC,16185390,2025-10-10
CARC,17458892,2025-10-10
CARC,32119568,2025-10-10
CARC,76041314,2025-10-10
CARC,79282081,2025-10-10
CARC,96806868,2025-10-10
CARD,01047462,2025-10-10
CARD,06132106,2025-10-10
CARD,33324849,2025-10-10
CARD,42932835,2025-10-10
CARD,66291945,2025-10-10
CARD,70086836,2025-10-10
CARD,78559134,2025-10-10
CARD,80100044,2025-10-10
CARD,89763530,2025-10-10
CARE,27074940,2025-10-10
CARE,30185956,2025-10-10
CARE,68562245,2025-10-10
CARE,84093804,2025-10-10
CARF,12744785,2025-10-10
CARF,16439024,2025-10-10
CARG,08856207,2025-10-10
CARG,31289195,2025-10-10
CARH,53725110,2025-10-10
CARA,02026978,2025-10-11
CARA,14301499,2025-10-11
CARA,42660396,2025-10-11
CARA,93548026,2025-10-11
CARB,08270390,2025-10-11
CARB,18501467,2025-10-11
CARB,55053716,2025-10-11
CARB,58304529,2025-10-11
CARB,62751854,2025-10-11
CARB,64916696,2025-10-11
CARC,10471892,2025-10-11
CARC,16058439,2025-10-11
CARC,32735759,2025-10-11
CARC,35024405,2025-10-11
CARC,50909076,2025-10-11
CARC,78664878,2025-10-11
CARC,95211254,2025-10-11
CARC,97803948,2025-10-11
CARD,02257930,2025-10-11
CARD,11620905,2025-10-11
CARD,15179920,2025-10-11
CARD,38791203,2025-10-11
CARD,39835236,2025-10-11
CARD,49043366,2025-10-11
CARD,55797752,2025-10-11
CARD,59700132,2025-10-11
CARD,91511080,2025-10-11
CARE,02720634,2025-10-11
CARE,08208286,2025-10-11
CARE,09376194,2025-10-11
CARE,16207026,2025-10-11
CARE,28436760,2025-10-11
CARE,32819383,2025-10-11
CARE,40882475,2025-10-11
CARE,55376799,2025-10-11
CARE,64397288,2025-10-11
CARF,72641263,2025-10-11
CARF,84332564,2025-10-11
CARF,96083883,2025-10-11
CARH,23682289,2025-10-11
CARH,24560088,2025-10-11
CARA,32063727,2025-10-12
CARA,47668285,2025-10-12
CARA,61633122,2025-10-12
CARA,96459672,2025-10-12
CARB,02663326,2025-10-12
CARB,52677942,2025-10-12
CARB,53463626,2025-10-12
CARB,69727023,2025-10-12
CARB,93138026,2025-10-12
CARC,61305912,2025-10-12
CARC,72933860,2025-10-12
CARD,15021966,2025-10-12
CARD,37573721,2025-10-12
CARD,40229268,2025-10-12
CARD,45372149,2025-10-12
CARD,60805140,2025-10-12
CARD,74593417,2025-10-12
CARD,91609306,2025-10-12
CARE,01488672,2025-10-12
CARE,04852223,2025-10-12
CARE,12954855,2025-10-12
CARE,24198722,2025-10-12
CARE,98310922,2025-10-12
CARF,42849010,2025-10-12
CARG,03823975,2025-10-12
CARG,19445244,2025-10-12
CARA,13127723,2025-10-13
CARB,00748710,2025-10-13
CARB,23080476,2025-10-13
CARB,42698112,2025-10-13
CARB,66568964,2025-10-13
CARC,58545506,2025-10-13
CARC,59138859,2025-10-13
CARC,88560557,2025-10-13
CARD,34921623,2025-10-13
CARD,38261508,2025-10-13
CARD,58063255,2025-10-13
CARD,58362079,2025-10-13
CARD,59608347,2025-10-13
CARE,00444765,2025-10-13
CARE,68631381,2025-10-13
CARF,44518004,2025-10-13
CARG,20501810,2025-10-13
CARG,55551925,2025-10-13
CARG,72462999,2025-10-13
CARG,85188575,2025-10-13
CARH,36851954,2025-10-13
CARA,16897416,2025-10-14
CARA,17991316,2025-10-14
CARA,24404033,2025-10-14
CARA,86937201,2025-10-14
CARB,38067208,2025-10-14
CARB,57642330,2025-10-14
CARB,58706591,2025-10-14
CARB,81503295,2025-10-14
CARC,26962253,2025-10-14
CARC,27231711,2025-10-14
CARC,40026560,2025-10-14
CARC,94353760,2025-10-14
CARD,14577622,2025-10-14
CARD,20882665,2025-10-14
CARD,49756654,2025-10-14
CARD,51433786,2025-10-14
CARD,60097530,2025-10-14
CARD,65392240,2025-10-14
CARD,95970069,2025-10-14
CARE,84830638,2025-10-14
CARE,93016710,2025-10-14
CARE,98051920,2025-10-14
CARF,51268331,2025-10-14
CARF,52163045,2025-10-14
CARG,48469837,2025-10-14
CARG,60203678,2025-10-14
CARG,77524752,2025-10-14
CARG,95396407,2025-10-14
CARA,07220583,2025-10-15
CARA,16887469,2025-10-15
CARA,89562326,2025-10-15
CARA,97224042,2025-10-15
CARB,27172088,2025-10-15
CARB,36764573,2025-10-15
CARB,62333860,2025-10-15
CARB,91837044,2025-10-15
CARC,12539383,2025-10-15
CARC,43766662,2025-10-15
CARC,77438172,2025-10-15
CARD,13563465,2025-10-15
CARD,26914009,2025-10-15
CARD,71024382,2025-10-15
CARE,20452901,2025-10-15
CARE,40703060,2025-10-15
CARE,74378550,2025-10-15
CARF,39754697,2025-10-15
CARG,25642259,2025-10-15
CARG,55280959,2025-10-15
CARG,58818972,2025-10-15
CARG,67680713,2025-10-15
CARH,41685195,2025-10-15
CARH,69429948,2025-10-15
CARH,79577173,2025-10-15
CARA,26671023,2025-10-16
CARA,31323745,2025-10-16
CARA,75613806,2025-10-16
CARB,07920074,2025-10-16
CARB,19723105,2025-10-16
CARB,44091375,2025-10-16
CARB,59867816,2025-10-16
CARB,69844892,2025-10-16
CARB,70732710,2025-10-16
CARB,96106759,2025-10-16
CARC,15468912,2025-10-16
CARC,25261350,2025-10-16
CARC,46589138,2025-10-16
CARC,50111805,2025-10-16
CARC,60408046,2025-10-16
CARC,99117426,2025-10-16
CARC,99817053,2025-10-16
CARD,26778807,2025-10-16
CARD,60033013,2025-10-16
CARE,13704829,2025-10-16
CARE,21090117,2025-10-16
CARE,48927577,2025-10-16
CARE,60979455,2025-10-16
CARE,92764083,2025-10-16
CARG,26533989,2025-10-16
CARG,41855230,2025-10-16
CARG,72515396,2025-10-16
CARG,95639357,2025-10-16
CARA,00688530,2025-10-17
CARA,06172177,2025-10-17
CARA,12357302,2025-10-17
CARA,39189799,2025-10-17
CARA,58086727,2025-10-17
CARA,59016353,2025-10-17
CARA,88649737,2025-10-17
CARB,22204626,2025-10-17
CARB,52010820,2025-10-17
CARB,60312972,2025-10-17
CARB,67886400,2025-10-17
CARB,68049473,2025-10-17
CARB,88579653,2025-10-17
CARC,11334979,2025-10-17
CARD,27200971,2025-10-17
CARD,39988879,2025-10-17
CARD,44720782,2025-10-17
CARD,63226296,2025-10-17
CARE,07818697,2025-10-17
CARE,25634185,2025-10-17
CARE,79220719,2025-10-17
CARG,11237268,2025-10-17
CARG,92516214,2025-10-17
CARH,44662233,2025-10-17
CARA,63093179,2025-10-18
CARA,91447063,2025-10-18
CARB,40730470,2025-10-18
CARB,46516595,2025-10-18
CARB,51725424,2025-10-18
CARB,95265221,2025-10-18
CARC,17728328,2025-10-18
CARC,42234919,2025-10-18
CARC,43529991,2025-10-18
CARC,93446024,2025-10-18
CARC,94980535,2025-10-18
CARD,05382255,2025-10-18
CARD,18755916,2025-10-18
CARD,37885588,2025-10-18
CARD,45430861,2025-10-18
CARD,53729459,2025-10-18
CARD,55129095,2025-10-18
CARE,14032316,2025-10-18
CARE,16846393,2025-10-18
CARE,32574133,2025-10-18
CARE,56612991,2025-10-18
CARF,06876078,2025-10-18
CARF,59280276,2025-10-18
CARG,40872712,2025-10-18
CARH,47416938,2025-10-18
CARH,93764564,2025-10-18
CARA,26907947,2025-10-19
CARA,85149225,2025-10-19
CARB,00366735,2025-10-19
CARB,07358824,2025-10-19
CARB,16790010,2025-10-19
CARB,33415464,2025-10-19
CARB,56172138,2025-10-19
CARB,75448411,2025-10-19
CARB,75932441,2025-10-19
CARB,99391103,2025-10-19
CARC,04016420,2025-10-19
CARC,25222773,2025-10-19
CARC,41526926,2025-10-19
CARC,90012688,2025-10-19
CARD,04436189,2025-10-19
CARD,23182104,2025-10-19
CARD,50883660,2025-10-19
CARD,74771543,2025-10-19
CARD,94575937,2025-10-19
CARE,10752897,2025-10-19
CARE,61602883,2025-10-19
CARF,14789378,2025-10-19
CARG,26490749,2025-10-19
CARH,32100116,2025-10-19
CARH,72861453,2025-10-19
CARA,12938226,2025-10-20
CARA,14317846,2025-10-20
CARA,73596683,2025-10-20
CARA,93150389,2025-10-20
CARA,99154222,2025-10-20
CARB,13204597,2025-10-20
CARB,28534150,2025-10-20
CARB,43920603,2025-10-20
CARB,74756675,2025-10-20
CARC,30564127,2025-10-20
CARC,47094691,2025-10-20
CARD,04310269,2025-10-20
CARD,13287479,2025-10-20
CARD,14922051,2025-10-20
CARD,20296561,2025-10-20
CARD,50398020,2025-10-20
CARD,71101893,2025-10-20
CARD,83840324,2025-10-20
CARD,94235382,2025-10-20
CARE,26275516,2025-10-20
CARE,87248233,2025-10-20
CARE,99635969,2025-10-20
CARF,62437649,2025-10-20
CARF,75893790,2025-10-20
CARF,81062780,2025-10-20
CARG,11526615,2025-10-20
CARG,34023335,2025-10-20
CARH,04249028,2025-10-20
CARA,04850572,2025-10-21
CARA,06918015,2025-10-21
CARA,22753370,2025-10-21
CARA,31167258,2025-10-21
CARA,31848913,2025-10-21
CARA,63643537,2025-10-21
CARA,70978720,2025-10-21
CARA,71901877,2025-10-21
CARA,83969164,2025-10-21
CARA,87390638,2025-10-21
CARA,93894370,2025-10-21
CARB,25240642,2025-10-21
CARB,43725600,2025-10-21
CARB,44875662,2025-10-21
CARB,51290120,2025-10-21
CARC,17564380,2025-10-21
CARC,24357282,2025-10-21
CARC,39600743,2025-10-21
CARC,67397353,2025-10-21
CARC,69886143,2025-10-21
CARC,86476966,2025-10-21
CARC,90021133,2025-10-21
CARC,97775730,2025-10-21
CARD,15259520,2025-10-21
CARD,24505682,2025-10-21
CARD,33301814,2025-10-21
CARD,46498226,2025-10-21
CARD,62359509,2025-10-21
CARD,99326130,2025-10-21
CARE,01713978,2025-10-21
CARE,36893284,2025-10-21
CARE,47252600,2025-10-21
CARE,82473461,2025-10-21
CARE,89815438,2025-10-21
CARE,90815204,2025-10-21
CARF,03463569,2025-10-21
CARF,15675947,2025-10-21
CARF,29223374,2025-10-21
CARG,43084009,2025-10-21
CARG,50936869,2025-10-21
CARG,52224532,2025-10-21
CARG,87876430,2025-10-21
CARH,40826468,2025-10-21
CARH,48125197,2025-10-21
CARH,58213878,2025-10-21
CARA,02629000,2025-10-22
CARA,15498658,2025-10-22
CARA,55065264,2025-10-22
CARA,65879782,2025-10-22
CARA,69064864,2025-10-22
CARA,76351741,2025-10-22
CARA,91358655,2025-10-22
CARB,20900949,2025-10-22
CARB,28480155,2025-10-22
CARB,56544214,2025-10-22
CARB,87029526,2025-10-22
CARB,91434248,2025-10-22
CARC,08182035,2025-10-22
CARC,51667180,2025-10-22
CARD,05396697,2025-10-22
CARD,07937010,2025-10-22
CARD,24599670,2025-10-22
CARD,29001408,2025-10-22
CARD,32559223,2025-10-22
CARD,42273951,2025-10-22
CARD,45384037,2025-10-22
CARD,59586541,2025-10-22
CARD,81530992,2025-10-22
CARE,02406324,2025-10-22
CARE,22503912,2025-10-22
CARE,25029435,2025-10-22
CARE,37663977,2025-10-22
CARE,39916060,2025-10-22
CARE,52017437,2025-10-22
CARE,94760440,2025-10-22
CARE,96936457,2025-10-22
CARF,32635541,2025-10-22
CARF,43245048,2025-10-22
CARG,28624004,2025-10-22
CARG,30124818,2025-10-22
CARG,44139848,2025-10-22
CARG,79175010,2025-10-22
CARH,97004123,2025-10-22
CARA,25039136,2025-10-23
CARA,43061673,2025-10-23
CARA,53551906,2025-10-23
CARA,55662029,2025-10-23
CARA,79929190,2025-10-23
CARB,13635912,2025-10-23
CARB,35913049,2025-10-23
CARB,44123594,2025-10-23
CARB,75098857,2025-10-23
CARB,84123827,2025-10-23
CARB,99421087,2025-10-23
CARC,31751730,2025-10-23
CARC,36078949,2025-10-23
CARC,48996453,2025-10-23
CARC,88594731,2025-10-23
CARC,89292047,2025-10-23
CARC,91182129,2025-10-23
CARD,08717542,2025-10-23
CARD,08851575,2025-10-23
CARD,18582260,2025-10-23
CARD,34930477,2025-10-23
CARD,37214414,2025-10-23
CARD,37414606,2025-10-23
CARD,41744034,2025-10-23
CARD,52254162,2025-10-23
CARD,60640244,2025-10-23
CARD,75624693,2025-10-23
CARD,81247490,2025-10-23
CARD,93564046,2025-10-23
CARD,97144770,2025-10-23
CARE,35014255,2025-10-23
CARE,68521959,2025-10-23
CARE,84519063,2025-10-23
CARE,92967871,2025-10-23
CARF,09673286,2025-10-23
CARF,72268857,2025-10-23
CARF,93778838,2025-10-23
CARF,97523143,2025-10-23
CARG,54408494,2025-10-23
CARH,35152793,2025-10-23
CARH,58953955,2025-10-23
CARA,05596904,2025-10-24
CARA,11476158,2025-10-24
CARA,25536551,2025-10-24
CARA,30962892,2025-10-24
CARA,66080056,2025-10-24
CARB,27329627,2025-10-24
CARB,38005820,2025-10-24
CARB,56774781,2025-10-24
CARB,80446872,2025-10-24
CARB,87887869,2025-10-24
CARB,89522516,2025-10-24
CARB,90117890,2025-10-24
CARC,57629128,2025-10-24
CARC,79976352,2025-10-24
CARD,11336653,2025-10-24
CARD,11562524,2025-10-24
CARD,13310244,2025-10-24
CARD,22833443,2025-10-24
CARD,78108126,2025-10-24
CARD,98111517,2025-10-24
CARE,09627522,2025-10-24
CARE,29187488,2025-10-24
CARE,45020614,2025-10-24
CARE,49680534,2025-10-24
CARE,60570829,2025-10-24
CARE,70080903,2025-10-24
CARE,70829232,2025-10-24
CARE,72844943,2025-10-24
CARE,78185698,2025-10-24
CARE,95847101,2025-10-24
CARF,44987144,2025-10-24
CARF,66957948,2025-10-24
CARF,68435103,2025-10-24
CARG,30882018,2025-10-24
CARG,48036225,2025-10-24
CARG,73666356,2025-10-24
CARH,64722395,2025-10-24
CARH,72449949,2025-10-24
CARA,14549967,2025-10-25
CARA,15822113,2025-10-25
CARA,48867207,2025-10-25
CARA,67677960,2025-10-25
CARA,78479751,2025-10-25
CARA,87903205,2025-10-25
CARB,34211032,2025-10-25
CARB,91200505,2025-10-25
CARC,12652576,2025-10-25
CARC,33960909,2025-10-25
CARC,38242157,2025-10-25
CARC,70219515,2025-10-25
CARC,89024107,2025-10-25
CARC,89299450,2025-10-25
CARD,70038876,2025-10-25
CARE,30139758,2025-10-25
CARE,45757032,2025-10-25
CARE,68603233,2025-10-25
CARE,76706734,2025-10-25
CARG,43910587,2025-10-25
CARG,53063496,2025-10-25
CARA,43921019,2025-10-26
CARA,51072666,2025-10-26
CARA,54164285,2025-10-26
CARA,84711999,2025-10-26
CARA,92193711,2025-10-26
CARA,99616121,2025-10-26
CARB,22781711,2025-10-26
CARB,80370696,2025-10-26
CARB,93936874,2025-10-26
CARC,20893918,2025-10-26
CARC,21253355,2025-10-26
CARC,25267310,2025-10-26
CARC,25299872,2025-10-26
CARC,30763722,2025-10-26
CARC,34871856,2025-10-26
CARC,49411065,2025-10-26
CARC,56574458,2025-10-26
CARC,72529131,2025-10-26
CARD,15508031,2025-10-26
CARD,26835019,2025-10-26
CARD,33561333,2025-10-26
CARD,46903449,2025-10-26
CARD,51770279,2025-10-26
CARD,88758173,2025-10-26
CARD,95111991,2025-10-26
CARD,96301714,2025-10-26
CARE,03129876,2025-10-26
CARE,09531950,2025-10-26
CARE,44516029,2025-10-26
CARE,48958684,2025-10-26
CARE,49240967,2025-10-26
CARE,49825825,2025-10-26
CARE,58827213,2025-10-26
CARE,70979126,2025-10-26
CARF,41910457,2025-10-26
CARG,52787433,2025-10-26
CARH,88665945,2025-10-26
CARA,04271034,2025-10-27
CARB,34939199,2025-10-27
CARB,72809894,2025-10-27
CARB,77505012,2025-10-27
CARB,94634171,2025-10-27
CARC,07530443,2025-10-27
CARC,40402080,2025-10-27
CARC,47831374,2025-10-27
CARC,52806029,2025-10-27
CARC,54269499,2025-10-27
CARD,12086527,2025-10-27
CARD,23609282,2025-10-27
CARD,26366369,2025-10-27
CARD,35504172,2025-10-27
CARD,54071323,2025-10-27
CARD,77692235,2025-10-27
CARD,78529107,2025-10-27
CARE,01120137,2025-10-27
CARE,03357452,2025-10-27
CARE,19962946,2025-10-27
CARE,23735266,2025-10-27
CARE,38427051,2025-10-27
CARE,50124456,2025-10-27
CARF,24267186,2025-10-27
CARF,72825888,2025-10-27
CARF,83793218,2025-10-27
CARF,87228721,2025-10-27
CARG,37783153,2025-10-27
CARG,47744693,2025-10-27
CARH,38649130,2025-10-27
CARA,01525471,2025-10-28
CARA,26067643,2025-10-28
CARA,31713144,2025-10-28
CARA,37016497,2025-10-28
CARA,42301393,2025-10-28
CARB,06443426,2025-10-28
CARB,30733962,2025-10-28
CARB,80438030,2025-10-28
CARC,17989205,2025-10-28
CARC,21248150,2025-10-28
CARC,25209282,2025-10-28
CARC,29099233,2025-10-28
CARC,30794179,2025-10-28
CARC,95592062,2025-10-28
CARC,98737806,2025-10-28
CARD,00567998,2025-10-28
CARD,46812656,2025-10-28
CARD,60192653,2025-10-28
CARD,73038965,2025-10-28
CARD,84934389,2025-10-28
CARE,71509856,2025-10-28
CARE,86339095,2025-10-28
CARF,53934857,2025-10-28
CARG,97321675,2025-10-28
CARH,05678636,2025-10-28
CARA,04280488,2025-10-29
CARA,22935830,2025-10-29
CARB,02070757,2025-10-29
CARB,07792991,2025-10-29
CARB,38229847,2025-10-29
CARB,75706618,2025-10-29
CARC,09802196,2025-10-29
CARC,33126773,2025-10-29
CARC,68095117,2025-10-29
CARD,11276332,2025-10-29
CARD,18042522,2025-10-29
CARD,21969127,2025-10-29
CARE,04996840,2025-10-29
CARE,55430238,2025-10-29
CARE,60900840,2025-10-29
CARE,74985114,2025-10-29
CARF,52380306,2025-10-29
CARG,23938613,2025-10-29
CARG,25157405,2025-10-29
CARG,32615944,2025-10-29
CARG,54619787,2025-10-29
CARG,67380458,2025-10-29
CARG,75352264,2025-10-29
CARH,27496216,2025-10-29
CARH,70352496,2025-10-29
CARH,85891821,2025-10-29
CARA,68997380,2025-10-30
CARB,10195319,2025-10-30
CARB,27285789,2025-10-30
CARB,29581627,2025-10-30
CARB,51927630,2025-10-30
CARB,57275198,2025-10-30
CARB,69504727,2025-10-30
CARB,81953884,2025-10-30
CARC,20956180,2025-10-30
CARC,21299779,2025-10-30
CARC,30831067,2025-10-30
CARC,42232433,2025-10-30
CARC,56185803,2025-10-30
CARC,67741322,2025-10-30
CARD,09499184,2025-10-30
CARD,53098019,2025-10-30
CARD,64739292,2025-10-30
CARD,65284797,2025-10-30
CARD,81800178,2025-10-30
CARD,86121552,2025-10-30
CARD,88180140,2025-10-30
CARD,88836348,2025-10-30
CARD,92847107,2025-10-30
CARE,05572906,2025-10-30
CARE,10235239,2025-10-30
CARE,29987462,2025-10-30
CARE,53973457,2025-10-30
CARE,80422218,2025-10-30
CARE,94328378,2025-10-30
CARF,06673945,2025-10-30
CARF,25049200,2025-10-30
CARF,66353761,2025-10-30
CARG,47895366,2025-10-30
CARH,31591841,2025-10-30
CARH,45299428,2025-10-30
CARH,50738726,2025-10-30
CARA,29819864,2025-10-31
CARA,59167426,2025-10-31
CARA,73369390,2025-10-31
CARB,37049402,2025-10-31
CARC,27132228,2025-10-31
CARC,39860712,2025-10-31
CARC,47827292,2025-10-31
CARC,49709175,2025-10-31
CARC,87941360,2025-10-31
CARC,89573680,2025-10-31
CARD,14747196,2025-10-31
CARD,26021056,2025-10-31
CARD,34438897,2025-10-31
CARD,72216080,2025-10-31
CARD,84805265,2025-10-31
CARE,31303554,2025-10-31
CARE,34134360,2025-10-31
CARE,93993580,2025-10-31
CARG,09522670,2025-10-31
CARG,16746177,2025-10-31
CARG,41972594,2025-10-31
CARG,91573611,2025-10-31
CARH,12603725,2025-10-31
CARH,23970245,2025-10-31
CARH,40441752,2025-10-31
CARH,62991078,2025-10-31
CARA,34008471,2025-11-01
CARA,65575988,2025-11-01
CARB,09137061,2025-11-01
CARB,39580083,2025-11-01
CARB,40114674,2025-11-01
CARB,41766374,2025-11-01
CARB,64487918,2025-11-01
CARB,79742693,2025-11-01
CARC,00840589,2025-11-01
CARC,03524368,2025-11-01
CARC,09823138,2025-11-01
CARC,30888070,2025-11-01
CARC,53584357,2025-11-01
CARC,54771361,2025-11-01
CARC,84641306,2025-11-01
CARD,22142300,2025-11-01
CARD,27611053,2025-11-01
CARD,34313464,2025-11-01
CARD,40427945,2025-11-01
CARD,49356500,2025-11-01
CARD,50517542,2025-11-01
CARD,59969286,2025-11-01
CARD,86833761,2025-11-01
CARD,88823001,2025-11-01
CARD,92966028,2025-11-01
CARD,98013767,2025-11-01
CARF,05236936,2025-11-01
CARG,06409430,2025-11-01
CARG,11696331,2025-11-01
CARG,45890887,2025-11-01
CARG,74185493,2025-11-01
CARG,87140734,2025-11-01
CARH,85878163,2025-11-01
CARA,04405557,2025-11-02
CARA,04604032,2025-11-02
CARA,74004026,2025-11-02
CARA,87114562,2025-11-02
CARA,95643998,2025-11-02
CARB,13282658,2025-11-02
CARB,14450740,2025-11-02
CARB,21973503,2025-11-02
CARB,58252194,2025-11-02
CARB,72723682,2025-11-02
CARB,85287444,2025-11-02
CARB,91493904,2025-11-02
CARB,92206578,2025-11-02
CARC,04299135,2025-11-02
CARC,04721332,2025-11-02
CARC,14151434,2025-11-02
CARC,21718733,2025-11-02
CARC,38787223,2025-11-02
CARC,58016454,2025-11-02
CARC,61098095,2025-11-02
CARC,63267674,2025-11-02
CARC,79232667,2025-11-02
CARD,02801143,2025-11-02
CARD,10781809,2025-11-02
CARD,66253722,2025-11-02
CARD,85660876,2025-11-02
CARD,89789951,2025-11-02
CARD,95656625,2025-11-02
CARF,38343800,2025-11-02
CARF,52021127,2025-11-02
CARF,83043174,2025-11-02
CARF,89167234,2025-11-02
CARG,25103371,2025-11-02
CARH,30570571,2025-11-02
CARH,46204794,2025-11-02
CARH,61917319,2025-11-02
CARA,22971453,2025-11-03
CARA,40488927,2025-11-03
CARB,11178209,2025-11-03
CARB,26804959,2025-11-03
CARB,31454467,2025-11-03
CARB,33508586,2025-11-03
CARB,46045983,2025-11-03
CARB,63360272,2025-11-03
CARB,64041358,2025-11-03
CARB,86698163,2025-11-03
CARB,94057970,2025-11-03
CARC,11900701,2025-11-03
CARC,14902137,2025-11-03
CARC,15136739,2025-11-03
CARC,15588546,2025-11-03
CARC,28422297,2025-11-03
CARC,52336054,2025-11-03
CARC,78086103,2025-11-03
CARC,90304535,2025-11-03
CARD,18777782,2025-11-03
CARD,32474933,2025-11-03
CARD,35389498,2025-11-03
CARD,42086922,2025-11-03
CARD,47226554,2025-11-03
CARD,47691554,2025-11-03
CARD,49560513,2025-11-03
CARD,71907640,2025-11-03
CARD,99277192,2025-11-03
CARE,04352422,2025-11-03
CARE,17138140,2025-11-03
CARE,56959593,2025-11-03
CARE,80082673,2025-11-03
CARE,98153962,2025-11-03
CARF,08194426,2025-11-03
CARF,78736477,2025-11-03
CARG,28258577,2025-11-03
CARA,02598176,2025-11-04
CARA,17906543,2025-11-04
CARA,19479121,2025-11-04
CARA,26971894,2025-11-04
CARA,53373066,2025-11-04
CARA,62520986,2025-11-04
CARB,28622498,2025-11-04
CARB,52555884,2025-11-04
CARB,91526315,2025-11-04
CARC,02020141,2025-11-04
CARC,39001094,2025-11-04
CARC,46718610,2025-11-04
CARC,52881347,2025-11-04
CARC,70873398,2025-11-04
CARC,97459911,2025-11-04
CARD,13996910,2025-11-04
CARD,56948676,2025-11-04
CARD,86460161,2025-11-04
CARD,89786810,2025-11-04
CARE,37408152,2025-11-04
CARE,41715659,2025-11-04
CARE,46995957,2025-11-04
CARE,53199070,2025-11-04
CARE,67078459,2025-11-04
CARE,70396071,2025-11-04
CARE,72916558,2025-11-04
CARF,31626043,2025-11-04
CARF,40727607,2025-11-04
CARF,98019343,2025-11-04
CARG,44301808,2025-11-04
CARG,73066849,2025-11-04
CARG,77852913,2025-11-04
CARG,82122037,2025-11-04
CARH,33794204,2025-11-04
CARA,20928083,2025-11-05
CARA,69435271,2025-11-05
CARA,78682560,2025-11-05
CARA,85161119,2025-11-05
CARB,29179882,2025-11-05
CARB,39700121,2025-11-05
CARB,78929799,2025-11-05
CARC,34089513,2025-11-05
CARC,54243854,2025-11-05
CARC,90077881,2025-11-05
CARC,93556158,2025-11-05
CARD,28984541,2025-11-05
CARD,39086946,2025-11-05
CARD,70434399,2025-11-05
CARE,01029886,2025-11-05
CARE,18153106,2025-11-05
CARE,45117715,2025-11-05
CARE,68249040,2025-11-05
CARE,89233424,2025-11-05
CARF,13882921,2025-11-05
CARF,55408742,2025-11-05
CARF,74899373,2025-11-05
CARF,99149703,2025-11-05
CARG,20385814,2025-11-05
CARH,79781254,2025-11-05
CARA,31598727,2025-11-06
CARA,81057811,2025-11-06
CARB,25265769,2025-11-06
CARB,30529755,2025-11-06
CARB,32035663,2025-11-06
CARB,34986873,2025-11-06
CARB,50948188,2025-11-06
CARB,59300056,2025-11-06
CARB,68523037,2025-11-06
CARC,02619220,2025-11-06
CARC,28904784,2025-11-06
CARC,43116567,2025-11-06
CARC,53343202,2025-11-06
CARC,70398743,2025-11-06
CARD,47387274,2025-11-06
CARD,92974237,2025-11-06
CARE,74182564,2025-11-06
CARE,97428123,2025-11-06
CARF,62758418,2025-11-06
CARG,00071226,2025-11-06
CARG,15045420,2025-11-06
CARG,29526016,2025-11-06
CARG,36018481,2025-11-06
CARG,36764769,2025-11-06
CARG,89955260,2025-11-06
CARA,24112131,2025-11-07
CARA,44236111,2025-11-07
CARA,44324967,2025-11-07
CARA,59284893,2025-11-07
CARA,80728826,2025-11-07
CARB,49326313,2025-11-07
CARB,60424607,2025-11-07
CARB,70232422,2025-11-07
CARB,89306041,2025-11-07
CARC,14806194,2025-11-07
CARC,20800606,2025-11-07
CARD,54123451,2025-11-07
CARD,55593994,2025-11-07
CARD,66087253,2025-11-07
CARD,78227388,2025-11-07
CARD,95784700,2025-11-07
CARE,02843709,2025-11-07
CARE,13990493,2025-11-07
CARE,50005223,2025-11-07
CARF,02223656,2025-11-07
CARF,32250336,2025-11-07
CARF,67050950,2025-11-07
CARG,09739989,2025-11-07
CARG,14519122,2025-11-07
CARG,24199785,2025-11-07
CARG,77660182,2025-11-07
CARH,51989092,2025-11-07
CARH,74269788,2025-11-07
CARA,38565908,2025-11-08
CARA,53252231,2025-11-08
CARA,62948986,2025-11-08
CARA,71135042,2025-11-08
CARA,94489565,2025-11-08
CARB,16287482,2025-11-08
CARB,41486907,2025-11-08
CARB,59556217,2025-11-08
CARC,15907476,2025-11-08
CARC,30818913,2025-11-08
CARC,32919541,2025-11-08
CARC,39070813,2025-11-08
CARC,40252247,2025-11-08
CARC,59077102,2025-11-08
CARC,86033656,2025-11-08
CARC,88064537,2025-11-08
CARD,38286030,2025-11-08
CARD,42244573,2025-11-08
CARD,67287719,2025-11-08
CARD,84554241,2025-11-08
CARD,98385412,2025-11-08
CARE,29646503,2025-11-08
CARE,60094960,2025-11-08
CARE,83238612,2025-11-08
CARE,87487880,2025-11-08
CARF,53908776,2025-11-08
CARH,19841310,2025-11-08
CARH,91818728,2025-11-08
CARA,47275318,2025-11-09
CARA,49328061,2025-11-09
CARA,62120638,2025-11-09
CARA,92309240,2025-11-09
CARB,11429760,2025-11-09
CARB,13604231,2025-11-09
CARB,21554006,2025-11-09
CARB,35538305,2025-11-09
CARB,58436903,2025-11-09
CARB,66700576,2025-11-09
CARB,87198675,2025-11-09
CARB,90816362,2025-11-09
CARB,97713775,2025-11-09
CARB,98219114,2025-11-09
CARC,02856005,2025-11-09
CARC,14783880,2025-11-09
CARC,15980805,2025-11-09
CARC,37030034,2025-11-09
CARC,51072447,2025-11-09
CARC,65866676,2025-11-09
CARC,68977440,2025-11-09
CARC,74028288,2025-11-09
CARC,75027095,2025-11-09
CARC,75207391,2025-11-09
CARD,19965695,2025-11-09
CARD,22149185,2025-11-09
CARD,27117560,2025-11-09
CARD,36408468,2025-11-09
CARD,38134418,2025-11-09
CARD,61693264,2025-11-09
CARD,84906751,2025-11-09
CARE,10706047,2025-11-09
CARE,25265146,2025-11-09
CARE,70474185,2025-11-09
CARF,69937981,2025-11-09
CARH,68724294,2025-11-09
CARH,98941438,2025-11-09
CARA,32005833,2025-11-10
CARA,55725093,2025-11-10
CARA,69718291,2025-11-10
CARA,82885850,2025-11-10
CARB,00825409,2025-11-10
CARB,03664502,2025-11-10
CARB,15297248,2025-11-10
CARB,38875080,2025-11-10
CARB,52749697,2025-11-10
CARB,53488053,2025-11-10
CARB,61804924,2025-11-10
CARC,03914409,2025-11-10
CARC,26928756,2025-11-10
CARC,54251767,2025-11-10
CARC,61692048,2025-11-10
CARC,66050961,2025-11-10
CARC,96098982,2025-11-10
CARD,01968217,2025-11-10
CARD,09706431,2025-11-10
CARD,17581922,2025-11-10
CARD,20784036,2025-11-10
CARD,26148273,2025-11-10
CARD,51228944,2025-11-10
CARD,58707249,2025-11-10
CARD,59190793,2025-11-10
CARD,73423929,2025-11-10
CARE,08375933,2025-11-10
CARE,18178000,2025-11-10
CARE,21760648,2025-11-10
CARE,79341367,2025-11-10
CARE,85339047,2025-11-10
CARE,85722857,2025-11-10
CARF,23277481,2025-11-10
CARF,59867236,2025-11-10
CARF,88976413,2025-11-10
CARF,98099306,2025-11-10
CARG,21359643,2025-11-10
CARG,84681769,2025-11-10
CARH,49513445,2025-11-10
CARH,78449920,2025-11-10
CARA,17824161,2025-11-11
CARA,50570673,2025-11-11
CARA,61527538,2025-11-11
CARB,01583709,2025-11-11
CARB,27391987,2025-11-11
CARB,62633406,2025-11-11
CARB,71395592,2025-11-11
CARB,72888607,2025-11-11
CARB,93296958,2025-11-11
CARB,97215837,2025-11-11
CARC,47073435,2025-11-11
CARC,66915902,2025-11-11
CARC,66994980,2025-11-11
CARC,67553816,2025-11-11
CARD,05488884,2025-11-11
CARD,33494319,2025-11-11
CARD,44045852,2025-11-11
CARD,76606086,2025-11-11
CARD,81435887,2025-11-11
CARD,82876171,2025-11-11
CARD,92390320,2025-11-11
CARE,02818255,2025-11-11
CARE,49777254,2025-11-11
CARE,85155612,2025-11-11
CARE,95883885,2025-11-11
CARF,78197985,2025-11-11
CARG,22057890,2025-11-11
CARG,65980113,2025-11-11
CARH,90855629,2025-11-11
CARA,29164222,2025-11-12
CARB,65669408,2025-11-12
CARB,95892712,2025-11-12
CARC,29460426,2025-11-12
CARC,47516836,2025-11-12
CARC,52300209,2025-11-12
CARC,59212250,2025-11-12
CARC,61778069,2025-11-12
CARC,87822013,2025-11-12
CARC,88450591,2025-11-12
CARD,15533190,2025-11-12
CARD,19776646,2025-11-12
CARD,39429848,2025-11-12
CARD,68630876,2025-11-12
CARD,80505910,2025-11-12
CARD,94508775,2025-11-12
CARE,23744269,2025-11-12
CARE,31170537,2025-11-12
CARE,75185524,2025-11-12
CARE,79196603,2025-11-12
CARF,00368069,2025-11-12
CARG,54529720,2025-11-12
CARH,01395984,2025-11-12
CARH,35854847,2025-11-12
CARH,74254485,2025-11-12
CARA,03704077,2025-11-13
CARA,07117236,2025-11-13
CARA,27155580,2025-11-13
CARA,27750967,2025-11-13
CARA,29885324,2025-11-13
CARA,45296940,2025-11-13
CARA,59620713,2025-11-13
CARA,75525108,2025-11-13
CARA,99266415,2025-11-13
CARB,17063143,2025-11-13
CARB,59760623,2025-11-13
CARB,83280751,2025-11-13
CARB,87586970,2025-11-13
CARC,36078805,2025-11-13
CARD,06233773,2025-11-13
CARD,20151419,2025-11-13
CARD,22362039,2025-11-13
CARD,31428710,2025-11-13
CARD,32869324,2025-11-13
CARD,48043759,2025-11-13
CARD,99169668,2025-11-13
CARE,19878977,2025-11-13
CARE,40380016,2025-11-13
CARE,54300699,2025-11-13
CARE,74181272,2025-11-13
CARE,86160077,2025-11-13
CARF,05789734,2025-11-13
CARG,81330537,2025-11-13
CARH,20673751,2025-11-13
CARH,71067878,2025-11-13
CARA,47693643,2025-11-14
CARA,52878193,2025-11-14
CARA,54564863,2025-11-14
CARA,67667430,2025-11-14
CARA,70341349,2025-11-14
CARA,82900924,2025-11-14
CARB,70118497,2025-11-14
CARB,76184905,2025-11-14
CARC,07005296,2025-11-14
CARC,26860627,2025-11-14
CARD,09363218,2025-11-14
CARD,11047261,2025-11-14
CARD,27145702,2025-11-14
CARD,33095189,2025-11-14
CARD,97857724,2025-11-14
CARE,02180345,2025-11-14
CARE,42443565,2025-11-14
CARE,46023779,2025-11-14
CARE,58965196,2025-11-14
CARE,63121486,2025-11-14
CARE,84336612,2025-11-14
CARF,47268591,2025-11-14
CARG,24788280,2025-11-14
CARG,44055631,2025-11-14
CARA,34819106,2025-11-15
CARA,75081698,2025-11-15
CARB,48184125,2025-11-15
CARB,48687955,2025-11-15
CARB,63452811,2025-11-15
CARB,72762407,2025-11-15
CARB,86700805,2025-11-15
CARB,90052401,2025-11-15
CARC,05181105,2025-11-15
CARC,05591208,2025-11-15
CARC,05607113,2025-11-15
CARC,55021564,2025-11-15
CARC,71176781,2025-11-15
CARC,84355028,2025-11-15
CARD,33145812,2025-11-15
CARD,38344516,2025-11-15
CARD,57151015,2025-11-15
CARD,65048569,2025-11-15
CARE,08985217,2025-11-15
CARE,30171039,2025-11-15
CARE,42854937,2025-11-15
CARE,44155860,2025-11-15
CARE,67122999,2025-11-15
CARE,72815399,2025-11-15
CARE,84856724,2025-11-15
CARE,89943645,2025-11-15
CARG,86502435,2025-11-15
CARH,70140580,2025-11-15
CARA,03588862,2025-11-16
CARA,23788534,2025-11-16
CARA,61186653,2025-11-16
CARA,71742787,2025-11-16
CARA,93795957,2025-11-16
CARA,97761413,2025-11-16
CARB,02868079,2025-11-16
CARB,42511849,2025-11-16
CARB,91578204,2025-11-16
CARC,01453537,2025-11-16
CARC,16799917,2025-11-16
CARC,20748475,2025-11-16
CARC,75622255,2025-11-16
CARD,53907842,2025-11-16
CARD,63415890,2025-11-16
CARD,78232200,2025-11-16
CARE,37071300,2025-11-16
CARE,46689314,2025-11-16
CARE,53783656,2025-11-16
CARE,62862785,2025-11-16
CARE,85775178,2025-11-16
CARE,87513756,2025-11-16
CARE,98092589,2025-11-16
CARF,29503019,2025-11-16
CARG,38291778,2025-11-16
CARH,07284242,2025-11-16
CARH,34649684,2025-11-16
CARA,13294331,2025-11-17
CARA,18128608,2025-11-17
CARA,21162903,2025-11-17
CARA,35279491,2025-11-17
CARA,47567788,2025-11-17
CARA,50316917,2025-11-17
CARA,62812964,2025-11-17
CARA,88494787,2025-11-17
CARB,03851408,2025-11-17
CARB,05940980,2025-11-17
CARB,33536634,2025-11-17
CARB,37127043,2025-11-17
CARB,39547540,2025-11-17
CARB,50907708,2025-11-17
CARB,64432303,2025-11-17
CARB,70523205,2025-11-17
CARC,21115843,2025-11-17
CARC,52634777,2025-11-17
CARC,56383049,2025-11-17
CARC,82757167,2025-11-17
CARC,91380951,2025-11-17
CARD,25473021,2025-11-17
CARD,41856208,2025-11-17
CARD,46116687,2025-11-17
CARD,65611037,2025-11-17
CARD,78426235,2025-11-17
CARE,68055543,2025-11-17
CARE,74254682,2025-11-17
CARG,15677801,2025-11-17
CARG,92048268,2025-11-17
CARH,13294241,2025-11-17
CARH,22627942,2025-11-17
CARA,36381252,2025-11-18
CARA,84070302,2025-11-18
CARA,87450161,2025-11-18
CARA,98352059,2025-11-18
CARB,12131864,2025-11-18
CARB,53090631,2025-11-18
CARB,60584606,2025-11-18
CARB,68507991,2025-11-18
CARC,21258175,2025-11-18
CARC,49635968,2025-11-18
CARC,49870114,2025-11-18
CARC,53448016,2025-11-18
CARC,59602719,2025-11-18
CARC,64406390,2025-11-18
CARC,65496956,2025-11-18
CARC,67002726,2025-11-18
CARC,99785611,2025-11-18
CARD,37485021,2025-11-18
CARD,72351457,2025-11-18
CARD,76341981,2025-11-18
CARD,83600384,2025-11-18
CARE,41664471,2025-11-18
CARE,54927224,2025-11-18
CARE,89103960,2025-11-18
CARF,05310512,2025-11-18
CARF,37683050,2025-11-18
CARF,42481025,2025-11-18
CARF,75171197,2025-11-18
CARG,29819936,2025-11-18
CARH,26046437,2025-11-18
CARH,59262543,2025-11-18
CARH,99876288,2025-11-18
CARA,78552190,2025-11-19
CARA,82418739,2025-11-19
CARA,87222742,2025-11-19
CARA,96305679,2025-11-19
CARB,22460457,2025-11-19
CARB,34293634,2025-11-19
CARB,67397297,2025-11-19
CARC,11513268,2025-11-19
CARC,66157967,2025-11-19
CARC,74150736,2025-11-19
CARC,75311736,2025-11-19
CARD,02071491,2025-11-19
CARD,18181042,2025-11-19
CARD,31382654,2025-11-19
CARD,44786223,2025-11-19
CARD,46306003,2025-11-19
CARD,61497140,2025-11-19
CARD,77977120,2025-11-19
CARD,87019981,2025-11-19
CARE,10452373,2025-11-19
CARE,11275565,2025-11-19
CARE,40293311,2025-11-19
CARE,53041841,2025-11-19
CARE,58603763,2025-11-19
CARE,70093986,2025-11-19
CARE,70510299,2025-11-19
CARE,83261168,2025-11-19
CARE,99545083,2025-11-19
CARF,63462865,2025-11-19
CARF,82160718,2025-11-19
CARF,97156889,2025-11-19
CARA,06354673,2025-11-20
CARA,25640698,2025-11-20
CARA,81515360,2025-11-20
CARA,88671477,2025-11-20
CARB,33099746,2025-11-20
CARB,54238547,2025-11-20
CARB,77719743,2025-11-20
CARB,81340063,2025-11-20
CARC,04570013,2025-11-20
CARC,31139760,2025-11-20
CARC,32989969,2025-11-20
CARC,43846865,2025-11-20
CARC,49512272,2025-11-20
CARC,67618275,2025-11-20
CARC,97069542,2025-11-20
CARD,21197985,2025-11-20
CARD,23269287,2025-11-20
CARD,41576404,2025-11-20
CARD,52349546,2025-11-20
CARD,69768899,2025-11-20
CARD,71867219,2025-11-20
CARD,98379310,2025-11-20
CARE,02351061,2025-11-20
CARE,16875607,2025-11-20
CARE,17853299,2025-11-20
CARE,73466445,2025-11-20
CARF,02822962,2025-11-20
CARF,18780429,2025-11-20
CARF,21719171,2025-11-20
CARF,33729608,2025-11-20
CARF,53538381,2025-11-20
CARG,47111541,2025-11-20
CARH,97341418,2025-11-20
CARA,24633055,2025-11-21
CARA,41263700,2025-11-21
CARA,60485713,2025-11-21
CARA,64246568,2025-11-21
CARA,82839398,2025-11-21
CARA,89292635,2025-11-21
CARB,37295091,2025-11-21
CARB,38439916,2025-11-21
CARB,50868409,2025-11-21
CARB,89657204,2025-11-21
CARB,90433686,2025-11-21
CARB,91726271,2025-11-21
CARB,92136678,2025-11-21
CARC,15367374,2025-11-21
CARC,22547132,2025-11-21
CARC,37345841,2025-11-21
CARC,53496036,2025-11-21
CARD,15799820,2025-11-21
CARD,23631780,2025-11-21
CARD,55896612,2025-11-21
CARD,71369356,2025-11-21
CARD,88031435,2025-11-21
CARD,88860686,2025-11-21
CARE,36573805,2025-11-21
CARE,57844692,2025-11-21
CARE,67014903,2025-11-21
CARE,80265564,2025-11-21
CARH,38110463,2025-11-21
CARA,50584592,2025-11-22
CARA,86881840,2025-11-22
CARA,94367990,2025-11-22
CARB,02408324,2025-11-22
CARB,03189159,2025-11-22
CARB,12027946,2025-11-22
CARB,26946265,2025-11-22
CARB,41697560,2025-11-22
CARB,73963652,2025-11-22
CARB,98427849,2025-11-22
CARC,19362765,2025-11-22
CARC,27955475,2025-11-22
CARC,33520329,2025-11-22
CARC,44919785,2025-11-22
CARC,45782499,2025-11-22
CARC,48215949,2025-11-22
CARC,56829152,2025-11-22
CARD,07050233,2025-11-22
CARD,07289778,2025-11-22
CARD,47780806,2025-11-22
CARD,61841408,2025-11-22
CARE,11664496,2025-11-22
CARE,18771939,2025-11-22
CARE,35918819,2025-11-22
CARE,38123852,2025-11-22
CARE,48018787,2025-11-22
CARE,53311643,2025-11-22
CARE,57853383,2025-11-22
CARE,68780780,2025-11-22
CARE,97124174,2025-11-22
CARF,20968981,2025-11-22
CARF,33265367,2025-11-22
CARG,88798318,2025-11-22
CARH,08990608,2025-11-22
CARH,27255521,2025-11-22
CARA,01663660,2025-11-23
CARA,25045759,2025-11-23
CARA,60886568,2025-11-23
CARA,66732135,2025-11-23
CARA,99777706,2025-11-23
CARB,16043340,2025-11-23
CARB,37619347,2025-11-23
CARB,61953395,2025-11-23
CARC,01585453,2025-11-23
CARC,20483327,2025-11-23
CARC,34341085,2025-11-23
CARC,40305532,2025-11-23
CARC,48782377,2025-11-23
CARD,45147364,2025-11-23
CARD,53042953,2025-11-23
CARD,65724165,2025-11-23
CARD,73703698,2025-11-23
CARE,83419070,2025-11-23
CARF,38084100,2025-11-23
CARF,74084320,2025-11-23
CARG,81941226,2025-11-23
CARG,92651605,2025-11-23
CARH,19366414,2025-11-23
CARH,68092391,2025-11-23
CARA,11143401,2025-11-24
CARA,21220492,2025-11-24
CARA,51262430,2025-11-24
CARA,57904410,2025-11-24
CARA,68012543,2025-11-24
CARB,06631670,2025-11-24
CARB,09847151,2025-11-24
CARB,15924455,2025-11-24
CARB,25249541,2025-11-24
CARB,28121824,2025-11-24
CARB,55398440,2025-11-24
CARB,58060089,2025-11-24
CARB,66557405,2025-11-24
CARC,03593777,2025-11-24
CARC,11990643,2025-11-24
CARC,26021402,2025-11-24
CARC,27200484,2025-11-24
CARC,58487491,2025-11-24
CARC,61045758,2025-11-24
CARC,78662964,2025-11-24
CARC,99323840,2025-11-24
CARD,24197950,2025-11-24
CARD,53373581,2025-11-24
CARD,67262639,2025-11-24
CARD,69089399,2025-11-24
CARD,78376688,2025-11-24
CARE,23199657,2025-11-24
CARE,25479027,2025-11-24
CARE,26069164,2025-11-24
CARE,79132532,2025-11-24
CARE,92357860,2025-11-24
CARF,34853665,2025-11-24
CARF,42533113,2025-11-24
CARF,46899476,2025-11-24
CARF,62737162,2025-11-24
CARF,82029205,2025-11-24
CARH,16318954,2025-11-24
CARH,40551197,2025-11-24
CARH,44151105,2025-11-24
CARA,32525051,2025-11-25
CARA,44952754,2025-11-25
CARA,88362508,2025-11-25
CARB,31523411,2025-11-25
CARB,46980071,2025-11-25
CARB,78769126,2025-11-25
CARB,97929507,2025-11-25
CARC,20517865,2025-11-25
CARC,54164509,2025-11-25
CARC,59558483,2025-11-25
CARC,70135432,2025-11-25
CARD,01699651,2025-11-25
CARD,36352085,2025-11-25
CARD,37396883,2025-11-25
CARD,73620556,2025-11-25
CARD,89073011,2025-11-25
CARD,99377600,2025-11-25
CARE,28376347,2025-11-25
CARE,55600975,2025-11-25
CARE,58040952,2025-11-25
CARE,82147540,2025-11-25
CARE,99220366,2025-11-25
CARF,24352948,2025-11-25
CARF,94247635,2025-11-25
CARG,74585460,2025-11-25
CARA,06145463,2025-11-26
CARA,30955632,2025-11-26
CARA,53334175,2025-11-26
CARA,69485797,2025-11-26
CARA,88765298,2025-11-26
CARA,91628708,2025-11-26
CARB,13678306,2025-11-26
CARB,22771364,2025-11-26
CARB,33672019,2025-11-26
CARB,34417394,2025-11-26
CARB,40615417,2025-11-26
CARB,46519011,2025-11-26
CARB,50152874,2025-11-26
CARB,64534342,2025-11-26
CARB,67591917,2025-11-26
CARC,07193276,2025-11-26
CARC,07818128,2025-11-26
CARC,16472197,2025-11-26
CARC,16546580,2025-11-26
CARC,20902298,2025-11-26
CARC,43549107,2025-11-26
CARC,66743232,2025-11-26
CARD,10641051,2025-11-26
CARD,22279716,2025-11-26
CARD,31987579,2025-11-26
CARD,38973409,2025-11-26
CARD,58817862,2025-11-26
CARD,79752065,2025-11-26
CARE,13691607,2025-11-26
CARE,14671542,2025-11-26
CARE,34256128,2025-11-26
CARE,61290329,2025-11-26
CARF,20194627,2025-11-26
CARF,29952505,2025-11-26
CARF,77253694,2025-11-26
CARF,85941020,2025-11-26
CARF,91507625,2025-11-26
CARG,04930796,2025-11-26
CARG,25897243,2025-11-26
CARH,19409160,2025-11-26
CARH,85367995,2025-11-26
CARH,96199856,2025-11-26
CARA,00652604,2025-11-27
CARB,00770718,2025-11-27
CARB,19854533,2025-11-27
CARB,37188173,2025-11-27
CARB,70684280,2025-11-27
CARB,94949060,2025-11-27
CARC,17547037,2025-11-27
CARC,29582635,2025-11-27
CARC,56097433,2025-11-27
CARC,62064161,2025-11-27
CARC,67892839,2025-11-27
CARC,91609316,2025-11-27
CARD,05704960,2025-11-27
CARD,33794950,2025-11-27
CARD,47131383,2025-11-27
CARD,65429672,2025-11-27
CARD,98785734,2025-11-27
CARE,04704838,2025-11-27
CARE,53602328,2025-11-27
CARE,57479890,2025-11-27
CARF,31388876,2025-11-27
CARF,44083473,2025-11-27
CARF,54622485,2025-11-27
CARF,99627037,2025-11-27
CARG,24299786,2025-11-27
CARG,63494398,2025-11-27
CARA,02814687,2025-11-28
CARA,28056353,2025-11-28
CARA,48824740,2025-11-28
CARA,79401440,2025-11-28
CARA,95170792,2025-11-28
CARB,00270524,2025-11-28
CARB,28862992,2025-11-28
CARB,73373254,2025-11-28
CARB,76389290,2025-11-28
CARB,79645109,2025-11-28
CARB,81758388,2025-11-28
CARB,83641139,2025-11-28
CARB,84292327,2025-11-28
CARC,19412751,2025-11-28
CARC,85081728,2025-11-28
CARC,95552345,2025-11-28
CARC,96317200,2025-11-28
CARD,57057787,2025-11-28
CARD,82071197,2025-11-28
CARD,87402413,2025-11-28
CARE,04638886,2025-11-28
CARE,63558717,2025-11-28
CARE,72503710,2025-11-28
CARE,76392898,2025-11-28
CARF,04565920,2025-11-28
CARF,58462320,2025-11-28
CARF,68172449,2025-11-28
CARF,74260775,2025-11-28
CARF,75593212,2025-11-28
CARF,80261117,2025-11-28
CARG,17926648,2025-11-28
CARG,27337497,2025-11-28
CARG,70462331,2025-11-28
CARG,76101294,2025-11-28
CARG,90099516,2025-11-28
CARH,89151186,2025-11-28
CARA,20835321,2025-11-29
CARA,44324696,2025-11-29
CARA,96293394,2025-11-29
CARA,96475743,2025-11-29
CARA,97465675,2025-11-29
CARB,19528667,2025-11-29
CARB,25043083,2025-11-29
CARB,27181467,2025-11-29
CARB,56831491,2025-11-29
CARB,80248906,2025-11-29
CARC,02872899,2025-11-29
CARC,14924666,2025-11-29
CARC,56486644,2025-11-29
CARC,90920468,2025-11-29
CARD,13118929,2025-11-29
CARD,50707915,2025-11-29
CARD,62689603,2025-11-29
CARD,69534706,2025-11-29
CARD,70134784,2025-11-29
CARD,76820117,2025-11-29
CARD,94585899,2025-11-29
CARE,12521845,2025-11-29
CARE,58206907,2025-11-29
CARE,69335377,2025-11-29
CARE,76650734,2025-11-29
CARE,98005171,2025-11-29
CARF,20285943,2025-11-29
CARF,56130844,2025-11-29
CARF,81232783,2025-11-29
CARF,85319965,2025-11-29
CARG,24627906,2025-11-29
CARG,69905188,2025-11-29
CARH,64331377,2025-11-29
CARH,64463606,2025-11-29
CARA,90241299,2025-11-30
CARB,07344152,2025-11-30
CARB,24388216,2025-11-30
CARB,57828145,2025-11-30
CARC,02910960,2025-11-30
CARC,06207538,2025-11-30
CARC,32655865,2025-11-30
CARC,46350089,2025-11-30
CARC,67618521,2025-11-30
CARC,81982081,2025-11-30
CARD,16136868,2025-11-30
CARD,23479490,2025-11-30
CARD,59199438,2025-11-30
CARD,91486305,2025-11-30
CARD,94853151,2025-11-30
CARD,97689421,2025-11-30
CARE,13278095,2025-11-30
CARE,38006974,2025-11-30
CARE,44946231,2025-11-30
CARF,59736832,2025-11-30
CARG,05279635,2025-11-30
CARG,31907907,2025-11-30
CARG,73259052,2025-11-30
CARH,30176948,2025-11-30
CARA,49218561,2025-12-01
CARA,65708928,2025-12-01
CARA,86726453,2025-12-01
CARB,02912867,2025-12-01
CARB,19448630,2025-12-01
CARB,39375390,2025-12-01
CARB,43545727,2025-12-01
CARB,69923341,2025-12-01
CARB,93228633,2025-12-01
CARC,08568594,2025-12-01
CARC,24277359,2025-12-01
CARC,59888171,2025-12-01
CARC,70199221,2025-12-01
CARC,86323891,2025-12-01
CARD,11687487,2025-12-01
CARD,27262907,2025-12-01
CARD,44074313,2025-12-01
CARD,45316867,2025-12-01
CARD,61606257,2025-12-01
CARD,96622746,2025-12-01
CARE,02779147,2025-12-01
CARE,10531756,2025-12-01
CARE,13652591,2025-12-01
CARE,91996351,2025-12-01
CARF,14731697,2025-12-01
CARF,24138169,2025-12-01
CARF,35528836,2025-12-01
CARF,51030081,2025-12-01
CARG,30085167,2025-12-01
CARH,57368130,2025-12-01
CARA,29227829,2025-12-02
CARA,39627507,2025-12-02
CARA,79961802,2025-12-02
CARA,90194551,2025-12-02
CARB,02129111,2025-12-02
CARB,20555155,2025-12-02
CARB,65919910,2025-12-02
CARC,04430597,2025-12-02
CARC,20879365,2025-12-02
CARC,63894322,2025-12-02
CARC,69896448,2025-12-02
CARC,70735914,2025-12-02
CARC,88577170,2025-12-02
CARD,48350615,2025-12-02
CARE,35131625,2025-12-02
CARE,49820530,2025-12-02
CARE,71109814,2025-12-02
CARE,76687652,2025-12-02
CARF,10590821,2025-12-02
CARG,07275437,2025-12-02
CARG,35833408,2025-12-02
CARG,43293813,2025-12-02
CARH,07551972,2025-12-02
CARH,44386389,2025-12-02
CARH,60635294,2025-12-02
CARA,05598836,2025-12-03
CARA,21821477,2025-12-03
CARA,26522680,2025-12-03
CARA,83579999,2025-12-03
CARB,05811040,2025-12-03
CARB,14083875,2025-12-03
CARB,20307748,2025-12-03
CARB,42676373,2025-12-03
CARB,46364636,2025-12-03
CARB,57565624,2025-12-03
CARB,68495551,2025-12-03
CARB,71451787,2025-12-03
CARB,73494288,2025-12-03
CARC,01085731,2025-12-03
CARC,22966719,2025-12-03
CARC,25286847,2025-12-03
CARC,28992615,2025-12-03
CARC,54556115,2025-12-03
CARC,67724559,2025-12-03
CARC,84811412,2025-12-03
CARC,87398889,2025-12-03
CARD,55739327,2025-12-03
CARD,55914962,2025-12-03
CARD,65554533,2025-12-03
CARD,69123760,2025-12-03
CARD,72671058,2025-12-03
CARD,84571149,2025-12-03
CARD,95311281,2025-12-03
CARE,51558845,2025-12-03
CARE,72518358,2025-12-03
CARE,73158054,2025-12-03
CARE,89345769,2025-12-03
CARF,59099746,2025-12-03
CARF,76306961,2025-12-03
CARG,76718823,2025-12-03
CARG,80674632,2025-12-03
CARH,05092814,2025-12-03
CARH,44454715,2025-12-03
CARH,99838315,2025-12-03
CARA,49610877,2025-12-04
CARA,71740866,2025-12-04
CARA,75853498,2025-12-04
CARA,79659737,2025-12-04
CARA,81801084,2025-12-04
CARA,83485624,2025-12-04
CARA,88046203,2025-12-04
CARB,01787161,2025-12-04
CARB,04732873,2025-12-04
CARB,21068766,2025-12-04
CARB,46824404,2025-12-04
CARB,76872989,2025-12-04
CARC,20831584,2025-12-04
CARC,78983701,2025-12-04
CARC,89908171,2025-12-04
CARD,16756482,2025-12-04
CARE,03008557,2025-12-04
CARE,19483854,2025-12-04
CARE,47850176,2025-12-04
CARE,58677584,2025-12-04
CARE,62282206,2025-12-04
CARE,79445756,2025-12-04
CARE,88423193,2025-12-04
CARE,94141999,2025-12-04
CARH,00970100,2025-12-04
CARH,17178854,2025-12-04
CARH,40293193,2025-12-04
CARA,47375451,2025-12-05
CARA,57886995,2025-12-05
CARA,70767907,2025-12-05
CARA,82628380,2025-12-05
CARB,54731946,2025-12-05
CARB,90202409,2025-12-05
CARB,93118431,2025-12-05
CARC,22593335,2025-12-05
CARC,33512988,2025-12-05
CARC,52905299,2025-12-05
CARC,76777493,2025-12-05
CARC,94630315,2025-12-05
CARD,10770862,2025-12-05
CARD,13593035,2025-12-05
CARD,18696876,2025-12-05
CARD,36400223,2025-12-05
CARD,45241356,2025-12-05
CARD,84412033,2025-12-05
CARE,02041214,2025-12-05
CARE,03769360,2025-12-05
CARE,07942810,2025-12-05
CARE,12921049,2025-12-05
CARE,61111430,2025-12-05
CARE,66563915,2025-12-05
CARE,71961757,2025-12-05
CARE,83576941,2025-12-05
CARF,51830749,2025-12-05
CARF,74307924,2025-12-05
CARA,01107376,2025-12-06
CARA,02619607,2025-12-06
CARA,15596527,2025-12-06
CARA,32570028,2025-12-06
CARA,54754735,2025-12-06
CARA,59827901,2025-12-06
CARA,75119974,2025-12-06
CARA,83891724,2025-12-06
CARB,20703119,2025-12-06
CARB,51767764,2025-12-06
CARB,54824171,2025-12-06
CARB,63441780,2025-12-06
CARB,71662747,2025-12-06
CARB,76329761,2025-12-06
CARB,79038847,2025-12-06
CARB,80140212,2025-12-06
CARB,91536859,2025-12-06
CARC,44054228,2025-12-06
CARC,44904374,2025-12-06
CARC,50175435,2025-12-06
CARC,65719106,2025-12-06
CARC,97923100,2025-12-06
CARD,66419398,2025-12-06
CARE,25007592,2025-12-06
CARE,41004247,2025-12-06
CARE,76972823,2025-12-06
CARE,81929511,2025-12-06
CARF,03461033,2025-12-06
CARF,53372387,2025-12-06
CARF,66388740,2025-12-06
CARF,92203061,2025-12-06
CARF,97354026,2025-12-06
CARG,12388911,2025-12-06
CARG,37613989,2025-12-06
CARG,53483220,2025-12-06
CARG,70142182,2025-12-06
CARG,81262144,2025-12-06
CARG,90783149,2025-12-06
CARH,74491937,2025-12-06
CARA,59587484,2025-12-07
CARA,67915590,2025-12-07
CARB,04631677,2025-12-07
CARB,20428236,2025-12-07
CARB,22803161,2025-12-07
CARB,36084879,2025-12-07
CARB,46309478,2025-12-07
CARB,55639054,2025-12-07
CARB,68936374,2025-12-07
CARB,69303001,2025-12-07
CARC,09784249,2025-12-07
CARC,16573009,2025-12-07
CARC,29091563,2025-12-07
CARC,32655105,2025-12-07
CARC,77844311,2025-12-07
CARD,03749591,2025-12-07
CARD,11618597,2025-12-07
CARD,26561992,2025-12-07
CARD,64766588,2025-12-07
CARD,79055902,2025-12-07
CARD,95764134,2025-12-07
CARD,96982159,2025-12-07
CARE,04314337,2025-12-07
CARE,36297014,2025-12-07
CARE,52366442,2025-12-07
CARE,66723106,2025-12-07
CARE,69770747,2025-12-07
CARF,40019441,2025-12-07
CARG,00244999,2025-12-07
CARG,11147306,2025-12-07
CARG,13525649,2025-12-07
CARG,30289236,2025-12-07
CARG,42239176,2025-12-07
CARG,97895226,2025-12-07
CARA,17664026,2025-12-08
CARA,26860331,2025-12-08
CARA,45683346,2025-12-08
CARA,62006896,2025-12-08
CARA,70660543,2025-12-08
CARA,97012947,2025-12-08
CARB,25073904,2025-12-08
CARB,33591752,2025-12-08
CARB,86850031,2025-12-08
CARB,98110800,2025-12-08
CARC,09082346,2025-12-08
CARC,25944779,2025-12-08
CARC,28727315,2025-12-08
CARC,30246997,2025-12-08
CARC,37395874,2025-12-08
CARC,60583635,2025-12-08
CARC,92815125,2025-12-08
CARC,95412755,2025-12-08
CARC,96818573,2025-12-08
CARD,02359728,2025-12-08
CARD,20488234,2025-12-08
CARD,28085851,2025-12-08
CARD,29249454,2025-12-08
CARE,12391226,2025-12-08
CARE,19715008,2025-12-08
CARE,27111013,2025-12-08
CARE,34528313,2025-12-08
CARE,65814138,2025-12-08
CARE,97649878,2025-12-08
CARG,86959369,2025-12-08
CARG,87859581,2025-12-08
CARG,93168870,2025-12-08
CARA,15410687,2025-12-09
CARA,40631008,2025-12-09
CARA,43299652,2025-12-09
CARA,65150310,2025-12-09
CARA,84238476,2025-12-09
CARA,94098159,2025-12-09
CARB,38154254,2025-12-09
CARB,70510051,2025-12-09
CARB,78441802,2025-12-09
CARB,91083696,2025-12-09
CARC,01748347,2025-12-09
CARC,10457952,2025-12-09
CARC,32846073,2025-12-09
CARC,38031009,2025-12-09
CARC,51190463,2025-12-09
CARD,00336180,2025-12-09
CARD,33966213,2025-12-09
CARD,80581024,2025-12-09
CARE,60415235,2025-12-09
CARE,68211233,2025-12-09
CARE,86352774,2025-12-09
CARF,15785685,2025-12-09
CARF,50168304,2025-12-09
CARG,70506454,2025-12-09
CARG,81170748,2025-12-09
CARH,15759731,2025-12-09
CARA,19949326,2025-12-10
CARA,96860629,2025-12-10
CARA,98834800,2025-12-10
CARB,23693440,2025-12-10
CARB,24003055,2025-12-10
CARB,35984378,2025-12-10
CARB,47683694,2025-12-10
CARB,66391197,2025-12-10
CARB,78930607,2025-12-10
CARC,20981208,2025-12-10
CARC,62537945,2025-12-10
CARC,64804281,2025-12-10
CARD,51314795,2025-12-10
CARD,53259956,2025-12-10
CARD,70320133,2025-12-10
CARD,99366226,2025-12-10
CARE,10572868,2025-12-10
CARE,19166923,2025-12-10
CARE,45068504,2025-12-10
CARE,86190533,2025-12-10
CARF,49732380,2025-12-10
CARF,67270293,2025-12-10
CARH,04486273,2025-12-10
CARH,11442742,2025-12-10
CARH,19409346,2025-12-10
CARH,30901046,2025-12-10
CARA,34283128,2025-12-11
CARA,41450139,2025-12-11
CARA,70462656,2025-12-11
CARA,86177387,2025-12-11
CARB,03040371,2025-12-11
CARB,84825230,2025-12-11
CARB,97484543,2025-12-11
CARC,14731565,2025-12-11
CARC,20607358,2025-12-11
CARC,45179122,2025-12-11
CARC,60579294,2025-12-11
CARC,80422431,2025-12-11
CARC,91031218,2025-12-11
CARD,00131061,2025-12-11
CARD,17040064,2025-12-11
CARD,24081264,2025-12-11
CARD,37233663,2025-12-11
CARD,37685246,2025-12-11
CARD,50724788,2025-12-11
CARD,91196386,2025-12-11
CARD,95346959,2025-12-11
CARE,06743806,2025-12-11
CARE,43005873,2025-12-11
CARE,59550224,2025-12-11
CARE,68886395,2025-12-11
CARE,96786682,2025-12-11
CARF,35303946,2025-12-11
CARF,41562842,2025-12-11
CARF,70849837,2025-12-11
CARF,71401173,2025-12-11
CARG,20205864,2025-12-11
CARG,38265941,2025-12-11
CARG,88172676,2025-12-11
CARH,20396137,2025-12-11
CARA,52437553,2025-12-12
CARA,57993838,2025-12-12
CARB,07302739,2025-12-12
CARB,32490991,2025-12-12
CARB,65437289,2025-12-12
CARB,67062168,2025-12-12
CARC,03557009,2025-12-12
CARC,07500234,2025-12-12
CARC,21233952,2025-12-12
CARC,30457525,2025-12-12
CARC,58258529,2025-12-12
CARC,90884700,2025-12-12
CARC,99748573,2025-12-12
CARD,66744135,2025-12-12
CARD,91557926,2025-12-12
CARE,27828134,2025-12-12
CARE,35898623,2025-12-12
CARE,67376503,2025-12-12
CARE,77463016,2025-12-12
CARE,87618290,2025-12-12
CARF,84512055,2025-12-12
CARG,10243033,2025-12-12
CARG,83617178,2025-12-12
CARH,42021402,2025-12-12
CARB,10887998,2025-12-13
CARB,17204434,2025-12-13
CARB,34092613,2025-12-13
CARB,35043913,2025-12-13
CARB,42534240,2025-12-13
CARC,36755977,2025-12-13
CARC,38155475,2025-12-13
CARC,74937509,2025-12-13
CARD,13658617,2025-12-13
CARD,14914687,2025-12-13
CARD,15928100,2025-12-13
CARD,18012456,2025-12-13
CARD,22701764,2025-12-13
CARD,49594112,2025-12-13
CARD,98230178,2025-12-13
CARE,66195421,2025-12-13
CARE,81785605,2025-12-13
CARE,95733652,2025-12-13
CARF,52853106,2025-12-13
CARG,08956777,2025-12-13
CARG,54511036,2025-12-13
CARH,07738257,2025-12-13
CARH,62665387,2025-12-13
CARA,03676658,2025-12-14
CARA,16565617,2025-12-14
CARA,53130826,2025-12-14
CARA,60358415,2025-12-14
CARA,76209593,2025-12-14
CARA,95486036,2025-12-14
CARB,26594092,2025-12-14
CARB,31700337,2025-12-14
CARB,36330801,2025-12-14
CARB,59249043,2025-12-14
CARB,60494575,2025-12-14
CARB,91374439,2025-12-14
CARC,06926938,2025-12-14
CARC,17011786,2025-12-14
CARC,26214188,2025-12-14
CARC,39159901,2025-12-14
CARC,40624016,2025-12-14
CARC,41843368,2025-12-14
CARC,47855446,2025-12-14
CARC,63309833,2025-12-14
CARC,75114370,2025-12-14
CARC,78462948,2025-12-14
CARC,80106238,2025-12-14
CARC,94888267,2025-12-14
CARD,13953612,2025-12-14
CARD,16592259,2025-12-14
CARD,18639335,2025-12-14
CARD,67705013,2025-12-14
CARD,80897207,2025-12-14
CARE,41502517,2025-12-14
CARE,98576574,2025-12-14
CARF,01799230,2025-12-14
CARF,11108120,2025-12-14
CARF,16233340,2025-12-14
CARF,16384670,2025-12-14
CARF,17776460,2025-12-14
CARF,85723671,2025-12-14
CARF,89683308,2025-12-14
CARG,57090096,2025-12-14
CARG,87027587,2025-12-14
CARH,22388882,2025-12-14
CARH,73760124,2025-12-14
CARA,25899873,2025-12-15
CARA,30672547,2025-12-15
CARA,38816276,2025-12-15
CARA,68673163,2025-12-15
CARA,71971038,2025-12-15
CARB,00877076,2025-12-15
CARB,14523038,2025-12-15
CARB,56079627,2025-12-15
CARB,84751416,2025-12-15
CARC,08226170,2025-12-15
CARC,20751964,2025-12-15
CARC,22477488,2025-12-15
CARC,96927250,2025-12-15
CARC,99543492,2025-12-15
CARD,11752391,2025-12-15
CARD,34929091,2025-12-15
CARD,42354585,2025-12-15
CARD,59775730,2025-12-15
CARD,61366466,2025-12-15
CARD,81079968,2025-12-15
CARD,94101852,2025-12-15
CARD,99149712,2025-12-15
CARE,98453824,2025-12-15
CARF,11065366,2025-12-15
CARG,53013568,2025-12-15
CARG,71632341,2025-12-15
CARA,03256042,2025-12-16
CARA,05075912,2025-12-16
CARA,21421727,2025-12-16
CARA,23287495,2025-12-16
CARB,17640174,2025-12-16
CARB,51417936,2025-12-16
CARB,58579092,2025-12-16
CARB,58797682,2025-12-16
CARB,80725095,2025-12-16
CARC,00663495,2025-12-16
CARC,02208761,2025-12-16
CARC,19492776,2025-12-16
CARC,27300230,2025-12-16
CARC,29968136,2025-12-16
CARC,31493705,2025-12-16
CARC,54995930,2025-12-16
CARC,86369208,2025-12-16
CARD,34490500,2025-12-16
CARD,64592299,2025-12-16
CARD,71703428,2025-12-16
CARD,71989472,2025-12-16
CARD,98033593,2025-12-16
CARE,01949980,2025-12-16
CARE,12618879,2025-12-16
CARE,16301865,2025-12-16
CARE,17556383,2025-12-16
CARE,18236391,2025-12-16
CARE,46815992,2025-12-16
CARE,55908471,2025-12-16
CARE,83457190,2025-12-16
CARE,90870538,2025-12-16
CARF,05482750,2025-12-16
CARF,80325900,2025-12-16
CARF,97411482,2025-12-16
CARG,38360945,2025-12-16
CARG,70895791,2025-12-16
CARG,70947137,2025-12-16
CARG,91708746,2025-12-16
CARH,22905463,2025-12-16
CARH,53051265,2025-12-16
CARA,46873215,2025-12-17
CARA,51042988,2025-12-17
CARB,09529691,2025-12-17
CARB,26471908,2025-12-17
CARB,52739752,2025-12-17
CARB,97290093,2025-12-17
CARC,09358662,2025-12-17
CARC,31357583,2025-12-17
CARC,39586467,2025-12-17
CARC,52653780,2025-12-17
CARC,60188626,2025-12-17
CARC,74274425,2025-12-17
CARC,84018345,2025-12-17
CARD,18612532,2025-12-17
CARD,28532030,2025-12-17
CARD,37841596,2025-12-17
CARD,69608110,2025-12-17
CARD,70483009,2025-12-17
CARD,79935143,2025-12-17
CARD,93386592,2025-12-17
CARD,95531888,2025-12-17
CARD,95701738,2025-12-17
CARE,13060571,2025-12-17
CARE,19602809,2025-12-17
CARE,39838083,2025-12-17
CARE,41870647,2025-12-17
CARE,56823042,2025-12-17
CARF,66509560,2025-12-17
CARG,26430280,2025-12-17
CARG,67924506,2025-12-17
CARG,99379784,2025-12-17
CARH,73503802,2025-12-17
CARA,08590354,2025-12-18
CARA,11229035,2025-12-18
CARA,17422561,2025-12-18
CARA,19753625,2025-12-18
CARA,60219959,2025-12-18
CARA,67260247,2025-12-18
CARB,39176361,2025-12-18
CARB,69645550,2025-12-18
CARB,91914937,2025-12-18
CARB,97103159,2025-12-18
CARB,99256772,2025-12-18
CARC,11430175,2025-12-18
CARC,16150497,2025-12-18
CARC,21992395,2025-12-18
CARC,26507197,2025-12-18
CARC,27888397,2025-12-18
CARC,28921787,2025-12-18
CARC,40024363,2025-12-18
CARC,43867235,2025-12-18
CARC,50993135,2025-12-18
CARC,55164320,2025-12-18
CARC,92584030,2025-12-18
CARD,13808638,2025-12-18
CARD,33469078,2025-12-18
CARD,34761096,2025-12-18
CARD,42963658,2025-12-18
CARD,71992660,2025-12-18
CARD,84308982,2025-12-18
CARE,61886538,2025-12-18
CARE,82763088,2025-12-18
CARE,89473914,2025-12-18
CARF,68678823,2025-12-18
CARG,01687134,2025-12-18
CARG,08910640,2025-12-18
CARG,90695683,2025-12-18
CARH,29889119,2025-12-18
CARH,59311303,2025-12-18
CARH,71820369,2025-12-18
CARA,34655854,2025-12-19
CARA,41115683,2025-12-19
CARA,81039270,2025-12-19
CARB,00661846,2025-12-19
CARB,05923514,2025-12-19
CARB,07777240,2025-12-19
CARB,21732770,2025-12-19
CARB,31880361,2025-12-19
CARB,33282469,2025-12-19
CARB,50994591,2025-12-19
CARB,87422168,2025-12-19
CARC,17433309,2025-12-19
CARC,20639282,2025-12-19
CARC,27297752,2025-12-19
CARC,66642055,2025-12-19
CARC,80927593,2025-12-19
CARC,84851516,2025-12-19
CARC,93779802,2025-12-19
CARD,00572129,2025-12-19
CARD,34330133,2025-12-19
CARD,40186031,2025-12-19
CARD,48090597,2025-12-19
CARD,50298604,2025-12-19
CARD,60622371,2025-12-19
CARD,68106674,2025-12-19
CARD,68968855,2025-12-19
CARE,00953846,2025-12-19
CARE,11092703,2025-12-19
CARE,12845262,2025-12-19
CARE,57134644,2025-12-19
CARF,04748377,2025-12-19
CARF,99962601,2025-12-19
CARG,51473392,2025-12-19
CARG,52884133,2025-12-19
CARH,12547805,2025-12-19
CARH,25772702,2025-12-19
CARH,44213286,2025-12-19
CARA,02730021,2025-12-20
CARA,37425498,2025-12-20
CARA,79433231,2025-12-20
CARA,84009446,2025-12-20
CARA,95963631,2025-12-20
CARB,12959987,2025-12-20
CARB,16172595,2025-12-20
CARB,41534336,2025-12-20
CARB,41660442,2025-12-20
CARB,57761813,2025-12-20
CARB,63531284,2025-12-20
CARC,03068796,2025-12-20
CARC,09478371,2025-12-20
CARC,21935418,2025-12-20
CARC,55886469,2025-12-20
CARC,83958173,2025-12-20
CARD,42248408,2025-12-20
CARD,75023254,2025-12-20
CARE,00676559,2025-12-20
CARE,19623804,2025-12-20
CARE,63039945,2025-12-20
CARE,72376675,2025-12-20
CARE,76661272,2025-12-20
CARF,34495403,2025-12-20
CARF,58657690,2025-12-20
CARF,73162043,2025-12-20
CARF,88307737,2025-12-20
CARF,98028971,2025-12-20
CARG,26463826,2025-12-20
CARG,39404525,2025-12-20
CARG,43263305,2025-12-20
CARG,60197218,2025-12-20
CARH,02193470,2025-12-20
CARH,41527532,2025-12-20
CARH,92128900,2025-12-20
CARA,08445948,2025-12-21
CARA,85862585,2025-12-21
CARA,92540116,2025-12-21
CARA,94925179,2025-12-21
CARB,03771300,2025-12-21
CARB,37381700,2025-12-21
CARB,61453121,2025-12-21
CARB,74719084,2025-12-21
CARB,75033549,2025-12-21
CARC,09229199,2025-12-21
CARC,22155812,2025-12-21
CARC,84615757,2025-12-21
CARC,86044012,2025-12-21
CARD,13182523,2025-12-21
CARD,29608399,2025-12-21
CARD,38039673,2025-12-21
CARD,83676873,2025-12-21
CARE,01820781,2025-12-21
CARE,17554310,2025-12-21
CARE,30467891,2025-12-21
CARE,39986864,2025-12-21
CARE,98287464,2025-12-21
CARF,07841664,2025-12-21
CARH,15407256,2025-12-21
CARH,42428013,2025-12-21
CARH,54643026,2025-12-21
CARC,06254418,2025-12-22
CARC,28990742,2025-12-22
CARC,38242097,2025-12-22
CARD,10922543,2025-12-22
CARD,24234167,2025-12-22
CARD,43310581,2025-12-22
CARD,69612919,2025-12-22
CARD,93451113,2025-12-22
CARD,94547742,2025-12-22
CARE,42776829,2025-12-22
CARE,48762783,2025-12-22
CARE,94193830,2025-12-22
CARF,20984422,2025-12-22
CARF,26249622,2025-12-22
CARF,45469731,2025-12-22
CARG,40086735,2025-12-22
CARG,51647897,2025-12-22
CARH,51422442,2025-12-22
CARA,07061496,2025-12-23
CARA,09532569,2025-12-23
CARA,13715565,2025-12-23
CARA,34030335,2025-12-23
CARA,59191734,2025-12-23
CARB,59986194,2025-12-23
CARB,69744742,2025-12-23
CARB,90543991,2025-12-23
CARC,10862336,2025-12-23
CARC,20492272,2025-12-23
CARC,21417673,2025-12-23
CARC,23867708,2025-12-23
CARC,39178689,2025-12-23
CARC,60332329,2025-12-23
CARC,72770038,2025-12-23
CARC,93773064,2025-12-23
CARD,06448532,2025-12-23
CARD,56105147,2025-12-23
CARD,79275243,2025-12-23
CARD,82138021,2025-12-23
CARE,21002778,2025-12-23
CARE,35313548,2025-12-23
CARE,43997642,2025-12-23
CARE,63627736,2025-12-23
CARE,67071309,2025-12-23
CARF,71342404,2025-12-23
CARF,82277434,2025-12-23
CARG,21191632,2025-12-23
CARG,72825599,2025-12-23
CARH,72898428,2025-12-23
CARH,81587610,2025-12-23
CARH,96542772,2025-12-23
CARA,56686081,2025-12-24
CARB,04502851,2025-12-24
CARB,51206763,2025-12-24
CARB,60797729,2025-12-24
CARB,95288439,2025-12-24
CARC,19507208,2025-12-24
CARC,40215591,2025-12-24
CARC,63266198,2025-12-24
CARC,93111994,2025-12-24
CARD,20804276,2025-12-24
CARD,46091664,2025-12-24
CARD,75749304,2025-12-24
CARD,87019253,2025-12-24
CARE,02098557,2025-12-24
CARE,03439028,2025-12-24
CARE,51113447,2025-12-24
CARE,51215659,2025-12-24
CARE,64057631,2025-12-24
CARE,68959818,2025-12-24
CARE,72726119,2025-12-24
CARE,82846120,2025-12-24
CARF,32406624,2025-12-24
CARF,69574357,2025-12-24
CARG,21287199,2025-12-24
CARG,64465278,2025-12-24
CARG,70212182,2025-12-24
CARH,29619257,2025-12-24
CARA,18113393,2025-12-25
CARA,30147356,2025-12-25
CARA,48797222,2025-12-25
CARA,64514989,2025-12-25
CARA,88723346,2025-12-25
CARA,89622662,2025-12-25
CARA,92797878,2025-12-25
CARB,37794673,2025-12-25
CARB,85788386,2025-12-25
CARC,18024932,2025-12-25
CARC,19655251,2025-12-25
CARD,47418043,2025-12-25
CARD,52139175,2025-12-25
CARD,56208169,2025-12-25
CARD,58793839,2025-12-25
CARD,73433665,2025-12-25
CARE,24019979,2025-12-25
CARE,37476383,2025-12-25
CARE,54264161,2025-12-25
CARE,87227784,2025-12-25
CARF,80220860,2025-12-25
CARF,86616173,2025-12-25
CARH,81587433,2025-12-25
CARA,15706708,2025-12-26
CARA,15850619,2025-12-26
CARA,17789790,2025-12-26
CARA,41849262,2025-12-26
CARA,75615456,2025-12-26
CARA,87591781,2025-12-26
CARB,30281434,2025-12-26
CARB,45388034,2025-12-26
CARB,55636388,2025-12-26
CARB,82664207,2025-12-26
CARC,00546293,2025-12-26
CARC,19716743,2025-12-26
CARC,39359156,2025-12-26
CARC,44458747,2025-12-26
CARC,47262136,2025-12-26
CARC,69127627,2025-12-26
CARC,92193217,2025-12-26
CARD,00025806,2025-12-26
CARD,02693106,2025-12-26
CARD,08581241,2025-12-26
CARD,10827244,2025-12-26
CARD,37120516,2025-12-26
CARD,46898492,2025-12-26
CARD,70210380,2025-12-26
CARD,94439660,2025-12-26
CARE,88242048,2025-12-26
CARF,10582267,2025-12-26
CARF,22653803,2025-12-26
CARF,25504842,2025-12-26
CARH,76805356,2025-12-26
CARA,11048434,2025-12-27
CARA,23119092,2025-12-27
CARA,37809984,2025-12-27
CARA,56792172,2025-12-27
CARA,77666845,2025-12-27
CARB,00644407,2025-12-27
CARB,17706088,2025-12-27
CARB,52110114,2025-12-27
CARB,63546157,2025-12-27
CARB,66535584,2025-12-27
CARB,69814627,2025-12-27
CARB,78023825,2025-12-27
CARB,80588485,2025-12-27
CARB,97910170,2025-12-27
CARC,15425870,2025-12-27
CARC,44773984,2025-12-27
CARC,77332944,2025-12-27
CARC,90516595,2025-12-27
CARD,01109090,2025-12-27
CARD,37542632,2025-12-27
CARE,03166882,2025-12-27
CARE,12356092,2025-12-27
CARE,29223868,2025-12-27
CARE,83396895,2025-12-27
CARF,69635084,2025-12-27
CARF,76985623,2025-12-27
CARG,70435076,2025-12-27
CARH,13829567,2025-12-27
CARH,95192933,2025-12-27
CARA,49972083,2025-12-28
CARA,89717883,2025-12-28
CARA,99691330,2025-12-28
CARB,40097614,2025-12-28
CARB,46396290,2025-12-28
CARB,63414324,2025-12-28
CARB,73363885,2025-12-28
CARB,76479322,2025-12-28
CARB,90412345,2025-12-28
CARC,01469982,2025-12-28
CARC,21694321,2025-12-28
CARC,24416676,2025-12-28
CARC,28138238,2025-12-28
CARC,46199634,2025-12-28
CARC,59827190,2025-12-28
CARD,18510836,2025-12-28
CARD,28028598,2025-12-28
CARD,39936154,2025-12-28
CARD,42592205,2025-12-28
CARD,47636477,2025-12-28
CARD,61971210,2025-12-28
CARD,77853814,2025-12-28
CARD,81746218,2025-12-28
CARD,98953399,2025-12-28
CARE,66431925,2025-12-28
CARE,69342798,2025-12-28
CARE,77468225,2025-12-28
CARG,20720622,2025-12-28
CARG,90890955,2025-12-28
CARH,61381650,2025-12-28
CARA,02265084,2025-12-29
CARA,20068546,2025-12-29
CARA,30744935,2025-12-29
CARA,39811811,2025-12-29
CARA,48240687,2025-12-29
CARA,55531336,2025-12-29
CARA,69313732,2025-12-29
CARA,73311608,2025-12-29
CARA,77850947,2025-12-29
CARA,88178696,2025-12-29
CARA,91010793,2025-12-29
CARA,99727545,2025-12-29
CARB,13772445,2025-12-29
CARB,18261909,2025-12-29
CARB,50650143,2025-12-29
CARB,57693625,2025-12-29
CARB,60552772,2025-12-29
CARB,89520030,2025-12-29
CARC,19489009,2025-12-29
CARC,98769591,2025-12-29
CARD,03035629,2025-12-29
CARD,04852953,2025-12-29
CARD,27447911,2025-12-29
CARD,51981483,2025-12-29
CARD,74726944,2025-12-29
CARD,78806676,2025-12-29
CARD,85742983,2025-12-29
CARD,87494732,2025-12-29
CARE,19076165,2025-12-29
CARE,46692438,2025-12-29
CARE,52540233,2025-12-29
CARE,65045452,2025-12-29
CARE,72000840,2025-12-29
CARE,79100015,2025-12-29
CARE,87671730,2025-12-29
CARF,24884260,2025-12-29
CARF,53679528,2025-12-29
CARF,58621766,2025-12-29
CARF,99221984,2025-12-29
CARH,62278285,2025-12-29
CARA,13081397,2025-12-30
CARA,28357411,2025-12-30
CARA,47747104,2025-12-30
CARA,86866794,2025-12-30
CARB,11024399,2025-12-30
CARB,16171958,2025-12-30
CARB,52491376,2025-12-30
CARB,75943593,2025-12-30
CARB,88224463,2025-12-30
CARB,93359042,2025-12-30
CARC,17267227,2025-12-30
CARC,22920093,2025-12-30
CARC,24549069,2025-12-30
CARC,44887211,2025-12-30
CARC,45063043,2025-12-30
CARC,60356265,2025-12-30
CARC,96156317,2025-12-30
CARD,08664758,2025-12-30
CARD,31567742,2025-12-30
CARD,96975095,2025-12-30
CARE,29633333,2025-12-30
CARE,49163035,2025-12-30
CARE,96726103,2025-12-30
CARG,24507795,2025-12-30
CARG,95694650,2025-12-30
CARH,32434251,2025-12-30
CARA,04227865,2025-12-31
CARA,13477714,2025-12-31
CARA,13827487,2025-12-31
CARA,38330823,2025-12-31
CARA,45839312,2025-12-31
CARA,61892224,2025-12-31
CARA,90406026,2025-12-31
CARA,91170963,2025-12-31
CARB,19022431,2025-12-31
CARB,38224015,2025-12-31
CARB,54170565,2025-12-31
CARB,67757462,2025-12-31
CARB,79958922,2025-12-31
CARC,09148159,2025-12-31
CARC,17019351,2025-12-31
CARC,67326926,2025-12-31
CARC,88304563,2025-12-31
CARC,98678618,2025-12-31
CARD,15797722,2025-12-31
CARD,29296973,2025-12-31
CARD,29927541,2025-12-31
CARD,30323651,2025-12-31
CARD,80513309,2025-12-31
CARE,22865104,2025-12-31
CARE,61063380,2025-12-31
CARF,79678971,2025-12-31
CARG,07786552,2025-12-31
CARG,93369410,2025-12-31
CARH,02500517,2025-12-31
CARH,15084628,2025-12-31
CARH,27327885,2025-12-31
CARH,34392773,2025-12-31
CARA,22499171,2026-01-01
CARA,61526368,2026-01-01
CARA,84089463,2026-01-01
CARB,06877995,2026-01-01
CARB,07990698,2026-01-01
CARB,52208662,2026-01-01
CARB,66769370,2026-01-01
CARB,70847273,2026-01-01
CARC,57797277,2026-01-01
CARC,60049342,2026-01-01
CARC,82640341,2026-01-01
CARC,87283508,2026-01-01
CARC,96924800,2026-01-01
CARD,11088647,2026-01-01
CARD,19887449,2026-01-01
CARD,60055085,2026-01-01
CARD,74635462,2026-01-01
CARD,78427108,2026-01-01
CARE,11136183,2026-01-01
CARE,59177835,2026-01-01
CARF,91259898,2026-01-01
CARG,24533346,2026-01-01
CARG,35030309,2026-01-01
CARG,40776348,2026-01-01
CARG,42002970,2026-01-01
CARG,50479688,2026-01-01
CARG,66160094,2026-01-01
CARG,87043462,2026-01-01
CARG,93714596,2026-01-01
CARH,20945904,2026-01-01
CARH,77330509,2026-01-01
CARH,93267047,2026-01-01
CARA,41805387,2026-01-02
CARA,62521831,2026-01-02
CARA,91460080,2026-01-02
CARB,10940735,2026-01-02
CARB,34552017,2026-01-02
CARB,40550098,2026-01-02
CARB,71166122,2026-01-02
CARC,08716020,2026-01-02
CARC,38151047,2026-01-02
CARC,60134469,2026-01-02
CARC,71969611,2026-01-02
CARC,80353010,2026-01-02
CARC,84042131,2026-01-02
CARD,16727245,2026-01-02
CARD,34788315,2026-01-02
CARD,52085889,2026-01-02
CARD,63772253,2026-01-02
CARD,69586395,2026-01-02
CARD,79796403,2026-01-02
CARD,85459550,2026-01-02
CARE,20476648,2026-01-02
CARE,28571676,2026-01-02
CARE,33594972,2026-01-02
CARE,56843774,2026-01-02
CARE,66276582,2026-01-02
CARE,67534414,2026-01-02
CARG,33091888,2026-01-02
CARG,88424740,2026-01-02
CARH,00912695,2026-01-02
CARH,43552622,2026-01-02
CARH,84380690,2026-01-02
CARA,01274239,2026-01-03
CARA,08614503,2026-01-03
CARA,15958916,2026-01-03
CARA,37341833,2026-01-03
CARA,89004682,2026-01-03
CARA,89272418,2026-01-03
CARA,92819496,2026-01-03
CARB,07404444,2026-01-03
CARB,23587843,2026-01-03
CARB,55790832,2026-01-03
CARB,81594857,2026-01-03
CARB,90234089,2026-01-03
CARB,90728761,2026-01-03
CARC,05984557,2026-01-03
CARC,37664710,2026-01-03
CARC,41376919,2026-01-03
CARC,48143082,2026-01-03
CARC,70195566,2026-01-03
CARD,01459130,2026-01-03
CARD,64985797,2026-01-03
CARD,70004369,2026-01-03
CARD,79750350,2026-01-03
CARE,46928389,2026-01-03
CARE,69686548,2026-01-03
CARG,06073134,2026-01-03
CARG,40498699,2026-01-03
CARG,76395496,2026-01-03
CARH,18696414,2026-01-03
CARH,22255503,2026-01-03
CARH,46931782,2026-01-03
CARH,48201770,2026-01-03
CARA,43883146,2026-01-04
CARA,67186850,2026-01-04
CARB,18593847,2026-01-04
CARB,28982759,2026-01-04
CARB,33311998,2026-01-04
CARB,36740807,2026-01-04
CARB,64600566,2026-01-04
CARB,87841655,2026-01-04
CARC,09357661,2026-01-04
CARC,23875641,2026-01-04
CARC,24631752,2026-01-04
CARC,30567666,2026-01-04
CARC,41613937,2026-01-04
CARC,58020278,2026-01-04
CARD,16706352,2026-01-04
CARD,44322249,2026-01-04
CARE,22310121,2026-01-04
CARE,27633769,2026-01-04
CARE,33449804,2026-01-04
CARE,88921697,2026-01-04
CARF,14434805,2026-01-04
CARF,48033601,2026-01-04
CARF,51755083,2026-01-04
CARG,79691119,2026-01-04
CARG,93695794,2026-01-04
CARH,06654325,2026-01-04
CARH,82552040,2026-01-04
CARH,83450800,2026-01-04
CARA,09029878,2026-01-05
CARA,56859452,2026-01-05
CARA,98166071,2026-01-05
CARB,12912147,2026-01-05
CARB,24706054,2026-01-05
CARB,40003720,2026-01-05
CARB,41093741,2026-01-05
CARB,47528921,2026-01-05
CARB,83048841,2026-01-05
CARB,90356566,2026-01-05
CARB,95749473,2026-01-05
CARC,04593804,2026-01-05
CARC,12666175,2026-01-05
CARC,21241879,2026-01-05
CARC,31213929,2026-01-05
CARC,42601284,2026-01-05
CARC,97999815,2026-01-05
CARD,02738157,2026-01-05
CARD,05200464,2026-01-05
CARD,30185446,2026-01-05
CARD,41250709,2026-01-05
CARD,45791364,2026-01-05
CARD,64511355,2026-01-05
CARE,11154038,2026-01-05
CARE,33841073,2026-01-05
CARE,40538557,2026-01-05
CARE,46142237,2026-01-05
CARE,48791768,2026-01-05
CARE,69911228,2026-01-05
CARE,93128868,2026-01-05
CARE,93698481,2026-01-05
CARF,46196586,2026-01-05
CARF,55736663,2026-01-05
CARF,64439782,2026-01-05
CARG,93690581,2026-01-05
CARH,20203719,2026-01-05
CARH,81529918,2026-01-05
CARA,21738786,2026-01-06
CARA,56718041,2026-01-06
CARB,10201506,2026-01-06
CARB,36471737,2026-01-06
CARB,57194688,2026-01-06
CARB,94875044,2026-01-06
CARC,47010768,2026-01-06
CARC,65238084,2026-01-06
CARC,84061882,2026-01-06
CARC,91329301,2026-01-06
CARC,97856502,2026-01-06
CARD,02643080,2026-01-06
CARD,11369259,2026-01-06
CARD,55575714,2026-01-06
CARE,11917541,2026-01-06
CARE,88596884,2026-01-06
CARE,90565988,2026-01-06
CARF,19264121,2026-01-06
CARF,80942427,2026-01-06
CARG,12176963,2026-01-06
CARG,72781416,2026-01-06
CARG,79826357,2026-01-06
CARH,16419128,2026-01-06
CARH,36342596,2026-01-06
CARA,00604343,2026-01-07
CARA,04605856,2026-01-07
CARA,11658831,2026-01-07
CARA,25107602,2026-01-07
CARB,04119044,2026-01-07
CARB,33550134,2026-01-07
CARB,45877224,2026-01-07
CARB,65595951,2026-01-07
CARC,25759489,2026-01-07
CARC,56886681,2026-01-07
CARD,30737172,2026-01-07
CARD,60546234,2026-01-07
CARD,69443849,2026-01-07
CARD,72301229,2026-01-07
CARE,24321971,2026-01-07
CARE,37740908,2026-01-07
CARE,46175015,2026-01-07
CARE,82152629,2026-01-07
CARE,89296058,2026-01-07
CARE,91230254,2026-01-07
CARF,14259108,2026-01-07
CARF,16751873,2026-01-07
CARF,39814893,2026-01-07
CARF,64305672,2026-01-07
CARG,81842834,2026-01-07
CARH,49994082,2026-01-07
CARH,74843277,2026-01-07
CARA,50281292,2026-01-08
CARA,61802088,2026-01-08
CARA,68591598,2026-01-08
CARA,78025066,2026-01-08
CARA,81398979,2026-01-08
CARA,87252785,2026-01-08
CARA,98952538,2026-01-08
CARB,05678619,2026-01-08
CARB,07241768,2026-01-08
CARB,93337417,2026-01-08
CARC,67556689,2026-01-08
CARC,87393729,2026-01-08
CARC,99600301,2026-01-08
CARD,00087261,2026-01-08
CARD,04994051,2026-01-08
CARD,16883418,2026-01-08
CARD,47501298,2026-01-08
CARD,53810389,2026-01-08
CARD,81847790,2026-01-08
CARD,91145798,2026-01-08
CARE,01719369,2026-01-08
CARE,49123099,2026-01-08
CARE,69257663,2026-01-08
CARE,72628860,2026-01-08
CARE,80252421,2026-01-08
CARE,80559266,2026-01-08
CARE,95152195,2026-01-08
CARG,51808637,2026-01-08
CARG,56115321,2026-01-08
CARG,87428040,2026-01-08
CARH,20194870,2026-01-08
CARH,44576636,2026-01-08
CARH,86451685,2026-01-08
CARA,11004452,2026-01-09
CARA,38518307,2026-01-09
CARA,55177806,2026-01-09
CARA,58092542,2026-01-09
CARA,80790151,2026-01-09
CARB,00687944,2026-01-09
CARB,01881437,2026-01-09
CARB,21991606,2026-01-09
CARC,27030149,2026-01-09
CARC,59108850,2026-01-09
CARC,69284429,2026-01-09
CARD,08967179,2026-01-09
CARD,09896540,2026-01-09
CARD,24142762,2026-01-09
CARD,42833738,2026-01-09
CARE,29131318,2026-01-09
CARE,39628166,2026-01-09
CARE,86484196,2026-01-09
CARE,97972017,2026-01-09
CARG,17744228,2026-01-09
CARG,18137035,2026-01-09
CARG,31041726,2026-01-09
CARG,58694997,2026-01-09
CARG,91377006,2026-01-09
CARG,94721578,2026-01-09
CARA,08842706,2026-01-10
CARA,15434741,2026-01-10
CARA,39738503,2026-01-10
CARA,47939385,2026-01-10
CARA,54291355,2026-01-10
CARA,98008250,2026-01-10
CARB,09801675,2026-01-10
CARB,45768548,2026-01-10
CARB,68708074,2026-01-10
CARC,37439635,2026-01-10
CARC,40226921,2026-01-10
CARC,68945377,2026-01-10
CARD,42394377,2026-01-10
CARD,51746814,2026-01-10
CARD,72606466,2026-01-10
CARD,85184261,2026-01-10
CARD,94315509,2026-01-10
CARD,98473300,2026-01-10
CARE,14367208,2026-01-10
CARE,92545378,2026-01-10
CARE,98733842,2026-01-10
CARF,01468094,2026-01-10
CARF,02977053,2026-01-10
CARF,38763153,2026-01-10
CARG,74002476,2026-01-10
CARH,39580082,2026-01-10
CARH,58844866,2026-01-10
CARA,43851716,2026-01-11
CARA,44514929,2026-01-11
CARA,52848169,2026-01-11
CARA,76945080,2026-01-11
CARB,25026935,2026-01-11
CARB,55926863,2026-01-11
CARB,67390743,2026-01-11
CARB,77546367,2026-01-11
CARB,91808880,2026-01-11
CARC,05513480,2026-01-11
CARC,24039891,2026-01-11
CARC,25116044,2026-01-11
CARC,39460333,2026-01-11
CARC,63005675,2026-01-11
CARC,89866598,2026-01-11
CARD,29925434,2026-01-11
CARD,51198839,2026-01-11
CARD,82184408,2026-01-11
CARE,04357779,2026-01-11
CARE,38196431,2026-01-11
CARE,87010186,2026-01-11
CARE,88231011,2026-01-11
CARE,95598679,2026-01-11
CARE,98175639,2026-01-11
CARF,33200301,2026-01-11
CARG,13642916,2026-01-11
CARG,51944317,2026-01-11
CARH,16792603,2026-01-11
CARH,92301905,2026-01-11
CARA,02872156,2026-01-12
CARA,44654995,2026-01-12
CARA,52545675,2026-01-12
CARA,54561192,2026-01-12
CARA,59368910,2026-01-12
CARB,17954189,2026-01-12
CARB,50837614,2026-01-12
CARB,66666203,2026-01-12
CARC,39253572,2026-01-12
CARC,49767083,2026-01-12
CARC,56324813,2026-01-12
CARC,97343979,2026-01-12
CARD,06137935,2026-01-12
CARD,07921064,2026-01-12
CARD,08195541,2026-01-12
CARD,14908167,2026-01-12
CARD,37808292,2026-01-12
CARD,38272425,2026-01-12
CARD,81469801,2026-01-12
CARD,99594709,2026-01-12
CARE,13244176,2026-01-12
CARE,51537833,2026-01-12
CARF,57424556,2026-01-12
CARF,76242306,2026-01-12
CARG,19442358,2026-01-12
CARG,78774257,2026-01-12
CARA,18325727,2026-01-13
CARA,60122128,2026-01-13
CARA,85867322,2026-01-13
CARB,24358928,2026-01-13
CARB,55885956,2026-01-13
CARB,72397785,2026-01-13
CARC,02622519,2026-01-13
CARC,20025598,2026-01-13
CARC,28010028,2026-01-13
CARC,36559271,2026-01-13
CARD,12533330,2026-01-13
CARD,14213851,2026-01-13
CARD,38367674,2026-01-13
CARD,56906140,2026-01-13
CARD,66565095,2026-01-13
CARE,91632170,2026-01-13
CARF,00150860,2026-01-13
CARF,80773390,2026-01-13
CARG,08042495,2026-01-13
CARG,90030840,2026-01-13
CARH,13123474,2026-01-13
CARH,33048145,2026-01-13
CARH,55445201,2026-01-13
CARA,66752916,2026-01-14
CARB,46278872,2026-01-14
CARB,62053543,2026-01-14
CARB,65396097,2026-01-14
CARB,78466197,2026-01-14
CARB,96903533,2026-01-14
CARC,22815303,2026-01-14
CARC,33941287,2026-01-14
CARC,90033864,2026-01-14
CARD,21748609,2026-01-14
CARD,50937624,2026-01-14
CARD,73670805,2026-01-14
CARD,85746953,2026-01-14
CARD,94097053,2026-01-14
CARE,07378074,2026-01-14
CARE,07988342,2026-01-14
CARE,28988153,2026-01-14
CARE,35860789,2026-01-14
CARE,61183137,2026-01-14
CARG,67834660,2026-01-14
CARH,02563211,2026-01-14
CARH,69866691,2026-01-14
CARA,22739792,2026-01-15
CARA,75840481,2026-01-15
CARB,10615783,2026-01-15
CARB,76476462,2026-01-15
CARB,85012909,2026-01-15
CARB,86721925,2026-01-15
CARC,87377552,2026-01-15
CARD,02583371,2026-01-15
CARD,17421343,2026-01-15
CARD,22182030,2026-01-15
CARD,49920753,2026-01-15
CARD,60202750,2026-01-15
CARD,69185405,2026-01-15
CARD,79491608,2026-01-15
CARD,93065960,2026-01-15
CARE,29857595,2026-01-15
CARE,46035052,2026-01-15
CARE,63055341,2026-01-15
CARE,95812897,2026-01-15
CARE,98977129,2026-01-15
CARF,02801646,2026-01-15
CARG,58721290,2026-01-15
CARG,93234029,2026-01-15
CARH,31292297,2026-01-15
CARA,24520710,2026-01-16
CARA,85968622,2026-01-16
CARB,27382449,2026-01-16
CARB,46670266,2026-01-16
CARB,47450607,2026-01-16
CARC,15482003,2026-01-16
CARC,57221936,2026-01-16
CARD,00546347,2026-01-16
CARD,99041250,2026-01-16
CARE,02545923,2026-01-16
CARE,90872921,2026-01-16
CARA,01649168,2026-01-17
CARA,13696536,2026-01-17
CARA,33220579,2026-01-17
CARA,39647591,2026-01-17
CARA,65120621,2026-01-17
CARA,91333022,2026-01-17
CARB,35610453,2026-01-17
CARC,43049585,2026-01-17
CARD,15234144,2026-01-17
CARD,42697206,2026-01-17
CARD,73263273,2026-01-17
CARD,77129517,2026-01-17
CARD,99571329,2026-01-17
CARE,44867749,2026-01-17
CARE,46441474,2026-01-17
CARH,15214638,2026-01-17
CARH,44614059,2026-01-17
CARA,40350875,2026-01-18
CARA,83258389,2026-01-18
CARB,15246346,2026-01-18
CARB,30477779,2026-01-18
CARB,74810544,2026-01-18
CARB,83143859,2026-01-18
CARC,18632878,2026-01-18
CARC,37904730,2026-01-18
CARD,53442102,2026-01-18
CARD,58408084,2026-01-18
CARD,62064113,2026-01-18
CARE,27110370,2026-01-18
CARE,88038142,2026-01-18
CARF,25016755,2026-01-18
CARF,65122116,2026-01-18
CARG,31412744,2026-01-18
CARH,46757326,2026-01-18
CARH,74126248,2026-01-18
CARH,79973606,2026-01-18
CARA,01293611,2026-01-19
CARA,43984263,2026-01-19
CARB,27349872,2026-01-19
CARB,43132532,2026-01-19
CARB,73523548,2026-01-19
CARB,94040176,2026-01-19
CARD,05004052,2026-01-19
CARD,06070074,2026-01-19
CARD,45340589,2026-01-19
CARD,89426774,2026-01-19
CARE,08751846,2026-01-19
CARE,24523289,2026-01-19
CARE,95438546,2026-01-19
CARG,10928460,2026-01-19
CARG,91003262,2026-01-19
CARH,19857884,2026-01-19
CARH,33410688,2026-01-19
CARB,11139486,2026-01-20
CARB,28378117,2026-01-20
CARB,38372643,2026-01-20
CARB,40248858,2026-01-20
CARB,99160471,2026-01-20
CARD,81395620,2026-01-20
CARE,24583808,2026-01-20
CARH,96370298,2026-01-20
CARA,41510131,2026-01-21
CARB,35338824,2026-01-21
CARB,95172275,2026-01-21
CARC,31421371,2026-01-21
CARD,34989155,2026-01-21
CARD,79943938,2026-01-21
CARD,88770611,2026-01-21
CARE,10951271,2026-01-21
CARF,62338159,2026-01-21
CARG,08515413,2026-01-21
CARG,27944850,2026-01-21
CARA,02338807,2026-01-22
CARA,19136405,2026-01-22
CARA,21849515,2026-01-22
CARA,38610504,2026-01-22
CARA,62782590,2026-01-22
CARA,66436348,2026-01-22
CARB,07163554,2026-01-22
CARB,34952382,2026-01-22
CARB,50998510,2026-01-22
CARB,56928218,2026-01-22
CARD,16579728,2026-01-22
CARD,27674485,2026-01-22
CARD,98851366,2026-01-22
CARE,31709246,2026-01-22
CARF,79181059,2026-01-22
CARH,41597092,2026-01-22
CARA,79280338,2026-01-23
CARB,11081560,2026-01-23
CARB,53336630,2026-01-23
CARD,03364613,2026-01-23
CARD,13128604,2026-01-23
CARD,26026791,2026-01-23
CARD,77664226,2026-01-23
CARE,33816046,2026-01-23
CARF,62138727,2026-01-23
CARG,03492007,2026-01-23
CARG,31395562,2026-01-23
CARH,46855839,2026-01-23
CARH,69577605,2026-01-23
CARH,91583084,2026-01-23
CARA,14353852,2026-01-24
CARB,71060202,2026-01-24
CARC,59688526,2026-01-24
CARD,23652229,2026-01-24
CARD,39230403,2026-01-24
CARD,94048599,2026-01-24
CARG,04644846,2026-01-24
CARG,60928437,2026-01-24
CARH,00012851,2026-01-24
CARH,35030419,2026-01-24
CARH,53499043,2026-01-24
CARH,70431044,2026-01-24
CARB,34639788,2026-01-25
CARB,84093713,2026-01-25
CARD,19817881,2026-01-25
CARD,65543403,2026-01-25
CARD,96207585,2026-01-25
CARE,09491875,2026-01-25
CARE,57189943,2026-01-25
CARG,48355985,2026-01-25
CARH,06021538,2026-01-25
CARH,66258765,2026-01-25
CARA,33288168,2026-01-26
CARA,46117435,2026-01-26
CARB,51867538,2026-01-26
CARB,68872448,2026-01-26
CARD,03294101,2026-01-26
CARD,42626463,2026-01-26
CARD,43956981,2026-01-26
CARD,44789947,2026-01-26
CARD,51480559,2026-01-26
CARD,76644274,2026-01-26
CARE,21861663,2026-01-26
CARE,92359408,2026-01-26
CARH,94610075,2026-01-26
CARB,69835599,2026-01-27
CARB,94621324,2026-01-27
CARD,69101698,2026-01-27
CARD,75176286,2026-01-27
CARD,91583660,2026-01-27
CARE,38255791,2026-01-27
CARG,22755082,2026-01-27
CARG,73636761,2026-01-27
CARB,91888575,2026-01-28
CARB,96669778,2026-01-28
CARB,96683379,2026-01-28
CARC,25666196,2026-01-28
CARC,96478526,2026-01-28
CARD,95124184,2026-01-28
CARF,11132251,2026-01-28
CARH,84113603,2026-01-28
CARD,60250718,2026-01-29
CARA,96037574,2026-01-30
CARB,72125481,2026-01-30
CARB,83096808,2026-01-30
CARD,67595053,2026-01-30
CARH,05288298,2026-01-30
CARC,14751071,2026-01-31
CARD,23265065,2026-01-31
CARD,32780109,2026-01-31
CARE,03590524,2026-01-31
CARG,76936197,2026-01-31
CARG,94938297,2026-01-31
CARG,98993500,2026-01-31
CARB,81684457,2026-02-01
CARG,15727858,2026-02-01
CARD,38823592,2026-02-02
CARB,27561156,2026-02-03
CARD,43082555,2026-02-03
CARE,96426529,2026-02-03
CARF,22029588,2026-02-03
CARH,17981177,2026-02-04
CARA,30632691,2026-02-05
CARA,64729832,2026-02-05
CARD,47307536,2026-02-05
CARD,69731317,2026-02-05
CARD,89670065,2026-02-05
CARF,40694822,2026-02-05
CARA,51416913,2026-02-06
CARB,11683247,2026-02-06
CARB,17792056,2026-02-06
CARC,02217423,2026-02-06
CARD,35822811,2026-02-06
CARD,86096337,2026-02-06
CARG,11000266,2026-02-06
CARB,02771617,2026-02-08
CARE,94818188,2026-02-08
CARE,96297733,2026-02-08
CARG,89245018,2026-02-08
CARC,57330355,2026-02-09
CARE,10537678,2026-02-09
CARA,27464988,2026-02-10
CARD,29291541,2026-02-10
CARF,05339509,2026-02-10
CARE,50063530,2026-02-11
CARE,49664924,2026-02-12
CARG,56938330,2026-02-12
CARD,13286203,2026-02-13
CARD,57256180,2026-02-13
CARE,40733830,2026-02-13
CARG,61562038,2026-02-13
CARD,60249710,2026-02-14
CARD,97881695,2026-02-14
CARE,24981096,2026-02-14
CARB,45589653,2026-02-16
CARA,52070321,2026-02-17
CARC,67152614,2026-02-17
CARD,65535125,2026-02-18
CARD,25455906,2026-02-20
CARD,91124487,2026-02-21
CARA,18758324,2026-02-22
CARD,30582447,2026-02-22
CARB,04043758,2026-02-25
CARD,57330994,2026-02-26
CARD,55705516,2026-03-02
CARD,79754236,2026-03-07
CARH,81695442,2026-03-12
CARD,42970953,2026-03-14
CARD,29277753,2026-03-16
CARH,32019986,2026-03-16
CARH,34382419,2026-03-17
CARD,44865038,2026-03-22
