shipment_id,bol,ship_date,delivery_date,transit_days,lane_id,origin_id,destination_id,miles,mode,carrier_id,weight_lbs,cost_center
SHP00001,35149066,2025-01-01,2025-01-06,5,L009,FAC01,DST16,2079,LTL,CARE,304,CC-101
SHP00002,85823838,2025-01-01,2025-01-03,2,L051,FAC04,DST19,195,LTL,CARD,1165,CC-104
SHP00003,82769577,2025-01-01,2025-01-03,2,L016,FAC02,DST08,717,LTL,CARC,1305,CC-102
SHP00004,16308023,2025-01-01,2025-01-04,3,L058,FAC05,DST13,581,LTL,CARA,7500,CC-105
SHP00005,98681626,2025-01-01,2025-01-03,2,L005,FAC01,DST08,284,LTL,CARD,1374,CC-101
SHP00006,12773405,2025-01-01,2025-01-04,3,L037,FAC03,DST20,871,LTL,CARD,1628,CC-103
SHP00007,28631582,2025-01-01,2025-01-06,5,L035,FAC03,DST16,2015,LTL,CARD,166,CC-103
SHP00008,24984646,2025-01-01,2025-01-07,6,L059,FAC05,DST16,2236,LTL,CARB,819,CC-105
SHP00009,89992160,2025-01-01,2025-01-02,1,L011,FAC01,DST18,198,TL,CARG,36909,CC-101
SHP00010,46032117,2025-01-01,2025-01-06,5,L035,FAC03,DST16,2015,LTL,CARD,584,CC-103
SHP00011,06340932,2025-01-01,2025-01-03,2,L011,FAC01,DST18,198,LTL,CARE,675,CC-101
SHP00012,57066157,2025-01-01,2025-01-02,1,L011,FAC01,DST18,198,LTL,CARD,464,CC-101
SHP00013,76382846,2025-01-01,2025-01-05,4,L036,FAC03,DST19,1283,LTL,CARD,694,CC-103
SHP00014,26935299,2025-01-01,2025-01-05,4,L040,FAC04,DST05,1193,TL,CARF,19647,CC-104
SHP00015,38174200,2025-01-01,2025-01-03,2,L044,FAC04,DST10,475,LTL,CARB,2600,CC-104
SHP00016,60425089,2025-01-01,2025-01-04,3,L054,FAC05,DST04,624,LTL,CARE,1305,CC-105
SHP00017,47816137,2025-01-01,2025-01-03,2,L001,FAC01,DST04,705,LTL,CARA,3124,CC-101
SHP00018,93958931,2025-01-01,2025-01-03,2,L050,FAC04,DST18,202,LTL,CARD,1309,CC-104
SHP00019,13168251,2025-01-01,2025-01-02,1,L025,FAC02,DST20,384,LTL,CARB,1686,CC-102
SHP00020,72934325,2025-01-01,2025-01-03,2,L037,FAC03,DST20,871,LTL,CARE,555,CC-103
SHP00021,95134892,2025-01-01,2025-01-05,4,L014,FAC02,DST03,1123,LTL,CARA,921,CC-102
SHP00022,40060663,2025-01-01,2025-01-07,6,L047,FAC04,DST15,2368,LTL,CARD,371,CC-104
SHP00023,23500963,2025-01-01,2025-01-03,2,L032,FAC03,DST11,545,LTL,CARC,420,CC-103
SHP00024,33601753,2025-01-01,2025-01-04,3,L031,FAC03,DST10,657,LTL,CARC,2303,CC-103
SHP00025,38270478,2025-01-01,2025-01-03,2,L005,FAC01,DST08,284,LTL,CARB,692,CC-101
SHP00026,50602440,2025-01-01,2025-01-05,4,L010,FAC01,DST17,1508,TL,CARG,17130,CC-101
SHP00027,23939184,2025-01-01,2025-01-03,2,L023,FAC02,DST18,513,LTL,CARD,708,CC-102
SHP00028,07697336,2025-01-02,2025-01-07,5,L010,FAC01,DST17,1508,LTL,CARA,714,CC-101
SHP00029,00447890,2025-01-02,2025-01-06,4,L028,FAC03,DST04,1114,TL,CARG,22164,CC-103
SHP00030,50591442,2025-01-02,2025-01-06,4,L029,FAC03,DST05,1333,LTL,CARD,2156,CC-103
SHP00031,60577525,2025-01-02,2025-01-06,4,L009,FAC01,DST16,2079,TL,CARG,29908,CC-101
SHP00032,59175813,2025-01-02,2025-01-05,3,L040,FAC04,DST05,1193,LTL,CARC,2838,CC-104
SHP00033,12485661,2025-01-02,2025-01-05,3,L010,FAC01,DST17,1508,TL,CARG,20521,CC-101
SHP00034,82992699,2025-01-02,2025-01-04,2,L005,FAC01,DST08,284,TL,CARG,32237,CC-101
SHP00035,01895218,2025-01-02,2025-01-06,4,L026,FAC03,DST02,1557,LTL,CARD,809,CC-103
SHP00036,67454126,2025-01-02,2025-01-06,4,L010,FAC01,DST17,1508,LTL,CARA,5585,CC-101
SHP00037,35780843,2025-01-02,2025-01-05,3,L007,FAC01,DST12,1102,LTL,CARE,439,CC-101
SHP00038,78339470,2025-01-02,2025-01-09,7,L048,FAC04,DST16,2410,LTL,CARC,1396,CC-104
SHP00039,09000168,2025-01-02,2025-01-04,2,L038,FAC04,DST01,571,LTL,CARB,3949,CC-104
SHP00040,67265025,2025-01-02,2025-01-04,2,L006,FAC01,DST10,315,LTL,CARB,731,CC-101
SHP00041,09853840,2025-01-02,2025-01-04,2,L005,FAC01,DST08,284,LTL,CARD,511,CC-101
SHP00042,63023172,2025-01-02,2025-01-07,5,L053,FAC05,DST03,1362,LTL,CARE,1295,CC-105
SHP00043,13955205,2025-01-02,2025-01-08,6,L047,FAC04,DST15,2368,LTL,CARD,824,CC-104
SHP00044,87394120,2025-01-02,2025-01-05,3,L036,FAC03,DST19,1283,LTL,CARC,834,CC-103
SHP00045,38616285,2025-01-02,2025-01-04,2,L054,FAC05,DST04,624,LTL,CARE,903,CC-105
SHP00046,21829458,2025-01-02,2025-01-06,4,L010,FAC01,DST17,1508,TL,CARG,31195,CC-101
SHP00047,05444789,2025-01-02,2025-01-04,2,L015,FAC02,DST07,257,LTL,CARD,2771,CC-102
SHP00048,35458583,2025-01-02,2025-01-05,3,L045,FAC04,DST11,743,LTL,CARE,835,CC-104
SHP00049,67463129,2025-01-02,2025-01-09,7,L047,FAC04,DST15,2368,LTL,CARD,4781,CC-104
SHP00050,99107101,2025-01-02,2025-01-04,2,L042,FAC04,DST08,197,LTL,CARC,636,CC-104
SHP00051,87870067,2025-01-02,2025-01-06,4,L029,FAC03,DST05,1333,TL,CARG,36195,CC-103
SHP00052,65955774,2025-01-02,2025-01-03,1,L057,FAC05,DST10,289,LTL,CARC,5740,CC-105
SHP00053,48735137,2025-01-03,2025-01-06,3,L007,FAC01,DST12,1102,LTL,CARB,1331,CC-101
SHP00054,87990251,2025-01-03,2025-01-05,2,L044,FAC04,DST10,475,LTL,CARE,2135,CC-104
SHP00055,44808012,2025-01-03,2025-01-06,3,L029,FAC03,DST05,1333,LTL,CARD,450,CC-103
SHP00056,87371988,2025-01-03,2025-01-08,5,L009,FAC01,DST16,2079,LTL,CARE,1296,CC-101
SHP00057,65253539,2025-01-03,2025-01-05,2,L038,FAC04,DST01,571,LTL,CARD,889,CC-104
SHP00058,06264959,2025-01-03,2025-01-05,2,L056,FAC05,DST07,236,TL,CARG,36215,CC-105
SHP00059,55358630,2025-01-03,2025-01-06,3,L029,FAC03,DST05,1333,LTL,CARD,5763,CC-103
SHP00060,79796970,2025-01-03,2025-01-05,2,L021,FAC02,DST13,841,LTL,CARB,2206,CC-102
SHP00061,96894401,2025-01-03,2025-01-09,6,L047,FAC04,DST15,2368,LTL,CARC,1087,CC-104
SHP00062,00666916,2025-01-03,2025-01-07,4,L008,FAC01,DST14,1742,LTL,CARE,225,CC-101
SHP00063,86487210,2025-01-03,2025-01-05,2,L051,FAC04,DST19,195,LTL,CARD,517,CC-104
SHP00064,18880229,2025-01-03,2025-01-07,4,L053,FAC05,DST03,1362,LTL,CARE,914,CC-105
SHP00065,99384409,2025-01-03,2025-01-08,5,L020,FAC02,DST12,1452,LTL,CARB,854,CC-102
SHP00066,73820602,2025-01-03,2025-01-04,1,L042,FAC04,DST08,197,LTL,CARB,334,CC-104
SHP00067,39935356,2025-01-03,2025-01-07,4,L010,FAC01,DST17,1508,LTL,CARC,969,CC-101
SHP00068,51564932,2025-01-03,2025-01-04,1,L006,FAC01,DST10,315,LTL,CARB,904,CC-101
SHP00069,52573728,2025-01-03,2025-01-06,3,L007,FAC01,DST12,1102,LTL,CARE,995,CC-101
SHP00070,89155363,2025-01-03,2025-01-05,2,L015,FAC02,DST07,257,LTL,CARD,1738,CC-102
SHP00071,82953877,2025-01-03,2025-01-07,4,L028,FAC03,DST04,1114,TL,CARG,34423,CC-103
SHP00072,69498988,2025-01-04,2025-01-08,4,L036,FAC03,DST19,1283,LTL,CARC,1029,CC-103
SHP00073,01555155,2025-01-04,2025-01-08,4,L017,FAC02,DST09,1090,LTL,CARC,1749,CC-102
SHP00074,46532566,2025-01-04,2025-01-08,4,L014,FAC02,DST03,1123,LTL,CARD,300,CC-102
SHP00075,15094022,2025-01-04,2025-01-08,4,L020,FAC02,DST12,1452,LTL,CARA,1039,CC-102
SHP00076,78416784,2025-01-04,2025-01-07,3,L036,FAC03,DST19,1283,LTL,CARC,4147,CC-103
SHP00077,58997742,2025-01-04,2025-01-05,1,L056,FAC05,DST07,236,TL,CARG,23856,CC-105
SHP00078,94417439,2025-01-04,2025-01-06,2,L037,FAC03,DST20,871,LTL,CARD,1223,CC-103
SHP00079,94465659,2025-01-04,2025-01-06,2,L041,FAC04,DST07,400,LTL,CARB,3995,CC-104
SHP00080,03686687,2025-01-04,2025-01-08,4,L017,FAC02,DST09,1090,LTL,CARE,653,CC-102
SHP00081,52379169,2025-01-04,2025-01-07,3,L045,FAC04,DST11,743,LTL,CARC,2209,CC-104
SHP00082,32916363,2025-01-04,2025-01-10,6,L035,FAC03,DST16,2015,LTL,CARA,1492,CC-103
SHP00083,49559768,2025-01-04,2025-01-06,2,L024,FAC02,DST19,626,LTL,CARC,4395,CC-102
SHP00084,53118501,2025-01-04,2025-01-07,3,L060,FAC05,DST19,791,LTL,CARD,3821,CC-105
SHP00085,14714785,2025-01-04,2025-01-10,6,L049,FAC04,DST17,1818,LTL,CARC,1354,CC-104
SHP00086,40836160,2025-01-04,2025-01-05,1,L041,FAC04,DST07,400,LTL,CARA,2487,CC-104
SHP00087,62916075,2025-01-04,2025-01-07,3,L039,FAC04,DST03,771,LTL,CARE,1271,CC-104
SHP00088,48814355,2025-01-04,2025-01-09,5,L022,FAC02,DST14,1906,LTL,CARE,4114,CC-102
SHP00089,75381748,2025-01-04,2025-01-10,6,L022,FAC02,DST14,1906,LTL,CARE,1638,CC-102
SHP00090,99225289,2025-01-04,2025-01-07,3,L060,FAC05,DST19,791,LTL,CARD,1527,CC-105
SHP00091,49016338,2025-01-04,2025-01-06,2,L042,FAC04,DST08,197,TL,CARF,22774,CC-104
SHP00092,09147295,2025-01-04,2025-01-07,3,L031,FAC03,DST10,657,TL,CARF,32561,CC-103
SHP00093,41661795,2025-01-04,2025-01-07,3,L021,FAC02,DST13,841,LTL,CARB,1450,CC-102
SHP00094,58527591,2025-01-04,2025-01-07,3,L032,FAC03,DST11,545,LTL,CARC,1648,CC-103
SHP00095,78084785,2025-01-05,2025-01-09,4,L026,FAC03,DST02,1557,LTL,CARA,1239,CC-103
SHP00096,40849796,2025-01-05,2025-01-09,4,L029,FAC03,DST05,1333,LTL,CARA,4679,CC-103
SHP00097,81264017,2025-01-05,2025-01-09,4,L034,FAC03,DST15,1485,LTL,CARA,295,CC-103
SHP00098,16706499,2025-01-05,2025-01-07,2,L004,FAC01,DST07,477,LTL,CARC,935,CC-101
SHP00099,91083666,2025-01-05,2025-01-09,4,L035,FAC03,DST16,2015,TL,CARF,35089,CC-103
SHP00100,19882061,2025-01-05,2025-01-10,5,L027,FAC03,DST03,1859,TL,CARH,19764,CC-103
SHP00101,08335481,2025-01-05,2025-01-08,3,L037,FAC03,DST20,871,LTL,CARD,1113,CC-103
SHP00102,33707330,2025-01-05,2025-01-11,6,L046,FAC04,DST14,1996,LTL,CARA,1043,CC-104
SHP00103,25752289,2025-01-05,2025-01-07,2,L004,FAC01,DST07,477,LTL,CARC,1552,CC-101
SHP00104,73069276,2025-01-05,2025-01-07,2,L019,FAC02,DST11,811,LTL,CARC,759,CC-102
SHP00105,85795728,2025-01-05,2025-01-07,2,L015,FAC02,DST07,257,LTL,CARB,2431,CC-102
SHP00106,57405686,2025-01-05,2025-01-08,3,L055,FAC05,DST06,820,LTL,CARD,1024,CC-105
SHP00107,49742091,2025-01-05,2025-01-07,2,L056,FAC05,DST07,236,LTL,CARD,1854,CC-105
SHP00108,05964578,2025-01-05,2025-01-08,3,L039,FAC04,DST03,771,LTL,CARE,320,CC-104
SHP00109,53236040,2025-01-05,2025-01-11,6,L059,FAC05,DST16,2236,LTL,CARA,2888,CC-105
SHP00110,33937711,2025-01-05,2025-01-08,3,L045,FAC04,DST11,743,TL,CARF,37035,CC-104
SHP00111,33932714,2025-01-05,2025-01-08,3,L044,FAC04,DST10,475,LTL,CARB,1043,CC-104
SHP00112,70443669,2025-01-05,2025-01-09,4,L029,FAC03,DST05,1333,LTL,CARA,2002,CC-103
SHP00113,49771513,2025-01-05,2025-01-06,1,L044,FAC04,DST10,475,TL,CARG,26885,CC-104
SHP00114,81905461,2025-01-05,2025-01-07,2,L054,FAC05,DST04,624,LTL,CARE,792,CC-105
SHP00115,34648259,2025-01-05,2025-01-09,4,L053,FAC05,DST03,1362,LTL,CARE,1970,CC-105
SHP00116,28605700,2025-01-05,2025-01-08,3,L007,FAC01,DST12,1102,LTL,CARE,1306,CC-101
SHP00117,12664205,2025-01-06,2025-01-12,6,L059,FAC05,DST16,2236,LTL,CARA,1234,CC-105
SHP00118,52401548,2025-01-06,2025-01-09,3,L037,FAC03,DST20,871,LTL,CARE,939,CC-103
SHP00119,69850963,2025-01-06,2025-01-08,2,L023,FAC02,DST18,513,LTL,CARD,1511,CC-102
SHP00120,43623554,2025-01-06,2025-01-11,5,L022,FAC02,DST14,1906,LTL,CARC,3521,CC-102
SHP00121,69602957,2025-01-06,2025-01-10,4,L053,FAC05,DST03,1362,LTL,CARA,1845,CC-105
SHP00122,22716269,2025-01-06,2025-01-11,5,L035,FAC03,DST16,2015,LTL,CARD,3205,CC-103
SHP00123,91034381,2025-01-06,2025-01-10,4,L030,FAC03,DST08,1199,TL,CARF,36925,CC-103
SHP00124,55925962,2025-01-06,2025-01-07,1,L041,FAC04,DST07,400,LTL,CARA,750,CC-104
SHP00125,10049501,2025-01-06,2025-01-08,2,L032,FAC03,DST11,545,LTL,CARD,3056,CC-103
SHP00126,35064865,2025-01-06,2025-01-08,2,L042,FAC04,DST08,197,LTL,CARC,2921,CC-104
SHP00127,46940969,2025-01-06,2025-01-07,1,L051,FAC04,DST19,195,LTL,CARB,1182,CC-104
SHP00128,01259509,2025-01-06,2025-01-08,2,L012,FAC01,DST20,323,LTL,CARB,831,CC-101
SHP00129,45772393,2025-01-06,2025-01-09,3,L031,FAC03,DST10,657,LTL,CARC,1261,CC-103
SHP00130,63227026,2025-01-06,2025-01-09,3,L019,FAC02,DST11,811,LTL,CARC,3271,CC-102
SHP00131,59395870,2025-01-06,2025-01-08,2,L015,FAC02,DST07,257,LTL,CARD,2464,CC-102
SHP00132,45910720,2025-01-06,2025-01-12,6,L022,FAC02,DST14,1906,LTL,CARC,847,CC-102
SHP00133,33638220,2025-01-06,2025-01-10,4,L033,FAC03,DST14,1061,LTL,CARD,1839,CC-103
SHP00134,37430880,2025-01-06,2025-01-08,2,L055,FAC05,DST06,820,LTL,CARD,209,CC-105
SHP00135,22567453,2025-01-06,2025-01-08,2,L050,FAC04,DST18,202,LTL,CARC,235,CC-104
SHP00136,09732005,2025-01-06,2025-01-08,2,L021,FAC02,DST13,841,TL,CARG,15380,CC-102
SHP00137,75358452,2025-01-06,2025-01-08,2,L019,FAC02,DST11,811,LTL,CARD,165,CC-102
SHP00138,99981690,2025-01-06,2025-01-09,3,L030,FAC03,DST08,1199,LTL,CARD,545,CC-103
SHP00139,47145769,2025-01-06,2025-01-08,2,L054,FAC05,DST04,624,LTL,CARE,1740,CC-105
SHP00140,43266270,2025-01-06,2025-01-08,2,L060,FAC05,DST19,791,LTL,CARA,1430,CC-105
SHP00141,49625097,2025-01-07,2025-01-11,4,L046,FAC04,DST14,1996,TL,CARF,26214,CC-104
SHP00142,91021592,2025-01-07,2025-01-10,3,L001,FAC01,DST04,705,LTL,CARA,359,CC-101
SHP00143,09387714,2025-01-07,2025-01-11,4,L034,FAC03,DST15,1485,LTL,CARA,1358,CC-103
SHP00144,99277652,2025-01-07,2025-01-08,1,L005,FAC01,DST08,284,LTL,CARD,1232,CC-101
SHP00145,57775830,2025-01-07,2025-01-10,3,L060,FAC05,DST19,791,LTL,CARD,929,CC-105
SHP00146,74484532,2025-01-07,2025-01-10,3,L023,FAC02,DST18,513,LTL,CARD,1145,CC-102
SHP00147,57088502,2025-01-07,2025-01-11,4,L036,FAC03,DST19,1283,LTL,CARC,850,CC-103
SHP00148,74003919,2025-01-07,2025-01-09,2,L037,FAC03,DST20,871,TL,CARG,22982,CC-103
SHP00149,52377097,2025-01-07,2025-01-08,1,L050,FAC04,DST18,202,LTL,CARD,1649,CC-104
SHP00150,85720441,2025-01-07,2025-01-09,2,L052,FAC04,DST20,227,LTL,CARD,1819,CC-104
SHP00151,28708299,2025-01-07,2025-01-11,4,L003,FAC01,DST06,1183,TL,CARG,35519,CC-101
SHP00152,80514106,2025-01-08,2025-01-11,3,L028,FAC03,DST04,1114,LTL,CARE,2522,CC-103
SHP00153,60025280,2025-01-08,2025-01-10,2,L038,FAC04,DST01,571,TL,CARF,38571,CC-104
SHP00154,74683675,2025-01-08,2025-01-13,5,L053,FAC05,DST03,1362,LTL,CARE,1538,CC-105
SHP00155,85861747,2025-01-08,2025-01-14,6,L022,FAC02,DST14,1906,LTL,CARC,1955,CC-102
SHP00156,27595952,2025-01-08,2025-01-12,4,L053,FAC05,DST03,1362,TL,CARG,38226,CC-105
SHP00157,33801513,2025-01-08,2025-01-14,6,L059,FAC05,DST16,2236,LTL,CARB,1406,CC-105
SHP00158,43292613,2025-01-08,2025-01-11,3,L023,FAC02,DST18,513,LTL,CARD,485,CC-102
SHP00159,53585627,2025-01-08,2025-01-10,2,L050,FAC04,DST18,202,LTL,CARD,1225,CC-104
SHP00160,41961608,2025-01-08,2025-01-09,1,L012,FAC01,DST20,323,LTL,CARC,1511,CC-101
SHP00161,82519468,2025-01-08,2025-01-14,6,L022,FAC02,DST14,1906,LTL,CARC,799,CC-102
SHP00162,82120294,2025-01-08,2025-01-12,4,L033,FAC03,DST14,1061,LTL,CARD,1654,CC-103
SHP00163,06163866,2025-01-08,2025-01-09,1,L050,FAC04,DST18,202,LTL,CARD,916,CC-104
SHP00164,11232386,2025-01-08,2025-01-14,6,L049,FAC04,DST17,1818,LTL,CARA,2362,CC-104
SHP00165,30303222,2025-01-08,2025-01-13,5,L020,FAC02,DST12,1452,LTL,CARB,985,CC-102
SHP00166,27424893,2025-01-08,2025-01-11,3,L040,FAC04,DST05,1193,LTL,CARC,485,CC-104
SHP00167,98784203,2025-01-08,2025-01-09,1,L011,FAC01,DST18,198,LTL,CARE,2869,CC-101
SHP00168,08334694,2025-01-08,2025-01-14,6,L046,FAC04,DST14,1996,LTL,CARA,1415,CC-104
SHP00169,62102587,2025-01-08,2025-01-13,5,L046,FAC04,DST14,1996,LTL,CARB,1654,CC-104
SHP00170,43796907,2025-01-08,2025-01-11,3,L037,FAC03,DST20,871,LTL,CARE,2028,CC-103
SHP00171,55199645,2025-01-08,2025-01-10,2,L045,FAC04,DST11,743,LTL,CARC,7500,CC-104
SHP00172,36258693,2025-01-08,2025-01-14,6,L049,FAC04,DST17,1818,LTL,CARC,1723,CC-104
SHP00173,37016337,2025-01-08,2025-01-10,2,L051,FAC04,DST19,195,LTL,CARD,2709,CC-104
SHP00174,91565355,2025-01-08,2025-01-11,3,L060,FAC05,DST19,791,LTL,CARD,811,CC-105
SHP00175,66608190,2025-01-08,2025-01-09,1,L052,FAC04,DST20,227,LTL,CARD,954,CC-104
SHP00176,36192525,2025-01-08,2025-01-11,3,L037,FAC03,DST20,871,LTL,CARD,729,CC-103
SHP00177,63955404,2025-01-08,2025-01-10,2,L015,FAC02,DST07,257,TL,CARH,31736,CC-102
SHP00178,66562655,2025-01-08,2025-01-13,5,L048,FAC04,DST16,2410,TL,CARG,18084,CC-104
SHP00179,67708038,2025-01-08,2025-01-13,5,L026,FAC03,DST02,1557,LTL,CARA,453,CC-103
SHP00180,56583954,2025-01-09,2025-01-13,4,L020,FAC02,DST12,1452,LTL,CARB,1194,CC-102
SHP00181,75902796,2025-01-09,2025-01-12,3,L016,FAC02,DST08,717,LTL,CARC,7500,CC-102
SHP00182,90656525,2025-01-09,2025-01-10,1,L057,FAC05,DST10,289,TL,CARH,32010,CC-105
SHP00183,73519094,2025-01-09,2025-01-11,2,L039,FAC04,DST03,771,LTL,CARE,1183,CC-104
SHP00184,62291354,2025-01-09,2025-01-11,2,L032,FAC03,DST11,545,LTL,CARD,887,CC-103
SHP00185,66230088,2025-01-09,2025-01-11,2,L038,FAC04,DST01,571,LTL,CARB,1830,CC-104
SHP00186,84661972,2025-01-09,2025-01-10,1,L015,FAC02,DST07,257,LTL,CARB,1224,CC-102
SHP00187,85878515,2025-01-09,2025-01-11,2,L060,FAC05,DST19,791,TL,CARF,25718,CC-105
SHP00188,12486143,2025-01-09,2025-01-14,5,L026,FAC03,DST02,1557,LTL,CARA,379,CC-103
SHP00189,97627613,2025-01-09,2025-01-12,3,L033,FAC03,DST14,1061,LTL,CARB,414,CC-103
SHP00190,28161332,2025-01-09,2025-01-12,3,L033,FAC03,DST14,1061,LTL,CARD,1022,CC-103
SHP00191,92929048,2025-01-09,2025-01-11,2,L039,FAC04,DST03,771,LTL,CARE,6828,CC-104
SHP00192,63923276,2025-01-09,2025-01-11,2,L019,FAC02,DST11,811,LTL,CARD,6207,CC-102
SHP00193,26440904,2025-01-09,2025-01-13,4,L002,FAC01,DST05,1430,LTL,CARE,565,CC-101
SHP00194,38072114,2025-01-09,2025-01-12,3,L031,FAC03,DST10,657,TL,CARF,23601,CC-103
SHP00195,86541332,2025-01-09,2025-01-12,3,L003,FAC01,DST06,1183,TL,CARG,28040,CC-101
SHP00196,77569209,2025-01-09,2025-01-15,6,L022,FAC02,DST14,1906,LTL,CARE,752,CC-102
SHP00197,28261390,2025-01-09,2025-01-14,5,L049,FAC04,DST17,1818,TL,CARF,33150,CC-104
SHP00198,47446925,2025-01-09,2025-01-11,2,L025,FAC02,DST20,384,LTL,CARA,1604,CC-102
SHP00199,33852734,2025-01-09,2025-01-11,2,L055,FAC05,DST06,820,LTL,CARD,6666,CC-105
SHP00200,55535193,2025-01-09,2025-01-10,1,L041,FAC04,DST07,400,LTL,CARA,2987,CC-104
SHP00201,72521632,2025-01-10,2025-01-11,1,L011,FAC01,DST18,198,LTL,CARE,7500,CC-101
SHP00202,18232629,2025-01-10,2025-01-15,5,L049,FAC04,DST17,1818,LTL,CARC,1464,CC-104
SHP00203,28573010,2025-01-10,2025-01-15,5,L020,FAC02,DST12,1452,LTL,CARB,721,CC-102
SHP00204,81252686,2025-01-10,2025-01-12,2,L019,FAC02,DST11,811,TL,CARH,15283,CC-102
SHP00205,23285144,2025-01-10,2025-01-14,4,L036,FAC03,DST19,1283,LTL,CARD,5787,CC-103
SHP00206,68859379,2025-01-10,2025-01-14,4,L035,FAC03,DST16,2015,TL,CARF,32633,CC-103
SHP00207,56081537,2025-01-10,2025-01-13,3,L036,FAC03,DST19,1283,LTL,CARD,987,CC-103
SHP00208,65402233,2025-01-10,2025-01-15,5,L059,FAC05,DST16,2236,LTL,CARB,331,CC-105
SHP00209,55747711,2025-01-10,2025-01-16,6,L048,FAC04,DST16,2410,LTL,CARC,302,CC-104
SHP00210,62109456,2025-01-10,2025-01-13,3,L040,FAC04,DST05,1193,LTL,CARC,2830,CC-104
SHP00211,96501183,2025-01-10,2025-01-13,3,L045,FAC04,DST11,743,LTL,CARC,374,CC-104
SHP00212,56999857,2025-01-10,2025-01-12,2,L001,FAC01,DST04,705,LTL,CARC,1182,CC-101
SHP00213,74939324,2025-01-10,2025-01-13,3,L004,FAC01,DST07,477,LTL,CARA,2294,CC-101
SHP00214,66038221,2025-01-10,2025-01-14,4,L003,FAC01,DST06,1183,LTL,CARC,704,CC-101
SHP00215,80351652,2025-01-10,2025-01-12,2,L006,FAC01,DST10,315,LTL,CARE,851,CC-101
SHP00216,17746183,2025-01-10,2025-01-14,4,L014,FAC02,DST03,1123,LTL,CARA,587,CC-102
SHP00217,25374781,2025-01-10,2025-01-15,5,L059,FAC05,DST16,2236,LTL,CARB,629,CC-105
SHP00218,96495845,2025-01-10,2025-01-17,7,L047,FAC04,DST15,2368,LTL,CARD,4326,CC-104
SHP00219,02207953,2025-01-10,2025-01-13,3,L017,FAC02,DST09,1090,LTL,CARC,1195,CC-102
SHP00220,32892819,2025-01-10,2025-01-11,1,L041,FAC04,DST07,400,LTL,CARA,1533,CC-104
SHP00221,00846058,2025-01-10,2025-01-13,3,L023,FAC02,DST18,513,LTL,CARD,656,CC-102
SHP00222,96169865,2025-01-10,2025-01-13,3,L021,FAC02,DST13,841,TL,CARG,37915,CC-102
SHP00223,01390005,2025-01-10,2025-01-13,3,L023,FAC02,DST18,513,LTL,CARD,274,CC-102
SHP00224,01672727,2025-01-10,2025-01-16,6,L049,FAC04,DST17,1818,LTL,CARA,2601,CC-104
SHP00225,40493882,2025-01-10,2025-01-16,6,L046,FAC04,DST14,1996,LTL,CARB,1152,CC-104
SHP00226,15146723,2025-01-10,2025-01-15,5,L008,FAC01,DST14,1742,LTL,CARA,837,CC-101
SHP00227,94315185,2025-01-10,2025-01-13,3,L054,FAC05,DST04,624,LTL,CARE,562,CC-105
SHP00228,35326611,2025-01-10,2025-01-12,2,L037,FAC03,DST20,871,LTL,CARD,1903,CC-103
SHP00229,17722048,2025-01-10,2025-01-13,3,L044,FAC04,DST10,475,LTL,CARE,1582,CC-104
SHP00230,39696049,2025-01-11,2025-01-15,4,L007,FAC01,DST12,1102,LTL,CARB,1539,CC-101
SHP00231,38152851,2025-01-11,2025-01-13,2,L025,FAC02,DST20,384,LTL,CARB,829,CC-102
SHP00232,78276925,2025-01-11,2025-01-13,2,L043,FAC04,DST09,753,LTL,CARC,1196,CC-104
SHP00233,18361557,2025-01-11,2025-01-17,6,L009,FAC01,DST16,2079,LTL,CARE,730,CC-101
SHP00234,24043993,2025-01-11,2025-01-13,2,L042,FAC04,DST08,197,LTL,CARB,6184,CC-104
SHP00235,13343042,2025-01-11,2025-01-16,5,L046,FAC04,DST14,1996,LTL,CARA,1700,CC-104
SHP00236,76459568,2025-01-11,2025-01-13,2,L018,FAC02,DST10,561,TL,CARH,29294,CC-102
SHP00237,90951122,2025-01-11,2025-01-12,1,L051,FAC04,DST19,195,LTL,CARB,649,CC-104
SHP00238,94533723,2025-01-11,2025-01-13,2,L056,FAC05,DST07,236,LTL,CARD,3318,CC-105
SHP00239,56311460,2025-01-11,2025-01-13,2,L013,FAC02,DST02,798,TL,CARF,32216,CC-102
SHP00240,04220771,2025-01-11,2025-01-14,3,L013,FAC02,DST02,798,TL,CARF,31568,CC-102
SHP00241,97260245,2025-01-11,2025-01-14,3,L018,FAC02,DST10,561,LTL,CARB,511,CC-102
SHP00242,97587061,2025-01-11,2025-01-13,2,L032,FAC03,DST11,545,LTL,CARD,201,CC-103
SHP00243,64655747,2025-01-11,2025-01-14,3,L001,FAC01,DST04,705,LTL,CARA,429,CC-101
SHP00244,91090906,2025-01-11,2025-01-13,2,L006,FAC01,DST10,315,LTL,CARE,552,CC-101
SHP00245,57330003,2025-01-11,2025-01-13,2,L052,FAC04,DST20,227,LTL,CARD,1270,CC-104
SHP00246,23505866,2025-01-11,2025-01-14,3,L058,FAC05,DST13,581,TL,CARG,24798,CC-105
SHP00247,76649184,2025-01-11,2025-01-13,2,L011,FAC01,DST18,198,LTL,CARE,503,CC-101
SHP00248,80113106,2025-01-11,2025-01-15,4,L020,FAC02,DST12,1452,LTL,CARB,1742,CC-102
SHP00249,32301445,2025-01-11,2025-01-15,4,L009,FAC01,DST16,2079,TL,CARG,16938,CC-101
SHP00250,03555694,2025-01-11,2025-01-14,3,L038,FAC04,DST01,571,LTL,CARD,819,CC-104
SHP00251,57272580,2025-01-11,2025-01-15,4,L007,FAC01,DST12,1102,LTL,CARB,493,CC-101
SHP00252,76787821,2025-01-11,2025-01-13,2,L038,FAC04,DST01,571,LTL,CARD,1143,CC-104
SHP00253,84527685,2025-01-12,2025-01-16,4,L053,FAC05,DST03,1362,TL,CARG,19730,CC-105
SHP00254,57025498,2025-01-12,2025-01-14,2,L015,FAC02,DST07,257,LTL,CARB,1154,CC-102
SHP00255,65567869,2025-01-12,2025-01-15,3,L055,FAC05,DST06,820,LTL,CARE,1969,CC-105
SHP00256,63380668,2025-01-12,2025-01-13,1,L012,FAC01,DST20,323,LTL,CARC,506,CC-101
SHP00257,96211769,2025-01-12,2025-01-15,3,L001,FAC01,DST04,705,LTL,CARC,1035,CC-101
SHP00258,95337546,2025-01-12,2025-01-15,3,L044,FAC04,DST10,475,LTL,CARB,669,CC-104
SHP00259,82102524,2025-01-12,2025-01-13,1,L005,FAC01,DST08,284,LTL,CARB,750,CC-101
SHP00260,47557860,2025-01-12,2025-01-17,5,L026,FAC03,DST02,1557,LTL,CARA,3307,CC-103
SHP00261,89427718,2025-01-12,2025-01-14,2,L038,FAC04,DST01,571,LTL,CARD,2407,CC-104
SHP00262,36947264,2025-01-12,2025-01-14,2,L023,FAC02,DST18,513,LTL,CARD,1386,CC-102
SHP00263,78869602,2025-01-12,2025-01-14,2,L015,FAC02,DST07,257,LTL,CARD,658,CC-102
SHP00264,82202168,2025-01-12,2025-01-14,2,L054,FAC05,DST04,624,LTL,CARE,3560,CC-105
SHP00265,30205708,2025-01-12,2025-01-14,2,L045,FAC04,DST11,743,LTL,CARE,2444,CC-104
SHP00266,18479731,2025-01-12,2025-01-16,4,L040,FAC04,DST05,1193,LTL,CARC,2581,CC-104
SHP00267,97939559,2025-01-12,2025-01-15,3,L037,FAC03,DST20,871,LTL,CARD,3727,CC-103
SHP00268,18453565,2025-01-12,2025-01-15,3,L058,FAC05,DST13,581,LTL,CARD,391,CC-105
SHP00269,51047606,2025-01-13,2025-01-15,2,L018,FAC02,DST10,561,TL,CARH,23005,CC-102
SHP00270,03006022,2025-01-13,2025-01-14,1,L032,FAC03,DST11,545,TL,CARH,32928,CC-103
SHP00271,05865461,2025-01-13,2025-01-16,3,L045,FAC04,DST11,743,LTL,CARC,2418,CC-104
SHP00272,62907521,2025-01-13,2025-01-18,5,L059,FAC05,DST16,2236,LTL,CARA,413,CC-105
SHP00273,82151681,2025-01-13,2025-01-18,5,L046,FAC04,DST14,1996,LTL,CARB,2035,CC-104
SHP00274,37680155,2025-01-13,2025-01-16,3,L044,FAC04,DST10,475,LTL,CARE,1112,CC-104
SHP00275,73814393,2025-01-13,2025-01-15,2,L013,FAC02,DST02,798,LTL,CARB,584,CC-102
SHP00276,01598462,2025-01-13,2025-01-14,1,L015,FAC02,DST07,257,LTL,CARD,312,CC-102
SHP00277,18860030,2025-01-13,2025-01-19,6,L048,FAC04,DST16,2410,LTL,CARB,2193,CC-104
SHP00278,67478021,2025-01-13,2025-01-16,3,L037,FAC03,DST20,871,LTL,CARD,4517,CC-103
SHP00279,71630120,2025-01-13,2025-01-18,5,L008,FAC01,DST14,1742,TL,CARH,23825,CC-101
SHP00280,93600752,2025-01-13,2025-01-15,2,L054,FAC05,DST04,624,LTL,CARE,2633,CC-105
SHP00281,71098291,2025-01-13,2025-01-14,1,L023,FAC02,DST18,513,TL,CARF,34749,CC-102
SHP00282,01504773,2025-01-13,2025-01-15,2,L045,FAC04,DST11,743,LTL,CARE,239,CC-104
SHP00283,05354231,2025-01-13,2025-01-15,2,L050,FAC04,DST18,202,TL,CARH,30600,CC-104
SHP00284,36033284,2025-01-13,2025-01-15,2,L055,FAC05,DST06,820,LTL,CARE,1277,CC-105
SHP00285,46824251,2025-01-13,2025-01-15,2,L055,FAC05,DST06,820,LTL,CARD,995,CC-105
SHP00286,90016214,2025-01-13,2025-01-16,3,L023,FAC02,DST18,513,LTL,CARB,1451,CC-102
SHP00287,40987937,2025-01-13,2025-01-14,1,L052,FAC04,DST20,227,LTL,CARD,2581,CC-104
SHP00288,42284817,2025-01-13,2025-01-15,2,L057,FAC05,DST10,289,TL,CARH,40207,CC-105
SHP00289,24646385,2025-01-13,2025-01-15,2,L042,FAC04,DST08,197,LTL,CARB,1578,CC-104
SHP00290,15258991,2025-01-13,2025-01-17,4,L030,FAC03,DST08,1199,LTL,CARC,2720,CC-103
SHP00291,90180261,2025-01-13,2025-01-18,5,L026,FAC03,DST02,1557,LTL,CARD,755,CC-103
SHP00292,10833501,2025-01-13,2025-01-18,5,L020,FAC02,DST12,1452,LTL,CARB,1299,CC-102
SHP00293,52853637,2025-01-13,2025-01-17,4,L029,FAC03,DST05,1333,LTL,CARD,2125,CC-103
SHP00294,36141898,2025-01-13,2025-01-19,6,L035,FAC03,DST16,2015,LTL,CARD,465,CC-103
SHP00295,69799193,2025-01-13,2025-01-14,1,L057,FAC05,DST10,289,LTL,CARC,2102,CC-105
SHP00296,33011789,2025-01-14,2025-01-17,3,L038,FAC04,DST01,571,LTL,CARD,671,CC-104
SHP00297,63505289,2025-01-14,2025-01-19,5,L008,FAC01,DST14,1742,LTL,CARE,221,CC-101
SHP00298,08657521,2025-01-14,2025-01-16,2,L054,FAC05,DST04,624,LTL,CARB,2072,CC-105
SHP00299,19726079,2025-01-14,2025-01-17,3,L018,FAC02,DST10,561,LTL,CARB,1031,CC-102
SHP00300,02272935,2025-01-14,2025-01-18,4,L028,FAC03,DST04,1114,LTL,CARC,5812,CC-103
SHP00301,45920546,2025-01-14,2025-01-18,4,L007,FAC01,DST12,1102,LTL,CARE,1226,CC-101
SHP00302,69569554,2025-01-14,2025-01-21,7,L048,FAC04,DST16,2410,LTL,CARC,409,CC-104
SHP00303,76612513,2025-01-14,2025-01-17,3,L017,FAC02,DST09,1090,LTL,CARE,677,CC-102
SHP00304,25821858,2025-01-14,2025-01-17,3,L043,FAC04,DST09,753,LTL,CARC,2811,CC-104
SHP00305,64846854,2025-01-14,2025-01-17,3,L044,FAC04,DST10,475,LTL,CARE,1369,CC-104
SHP00306,66532495,2025-01-14,2025-01-20,6,L047,FAC04,DST15,2368,LTL,CARD,1697,CC-104
SHP00307,13962184,2025-01-14,2025-01-21,7,L047,FAC04,DST15,2368,LTL,CARD,845,CC-104
SHP00308,42456749,2025-01-14,2025-01-16,2,L060,FAC05,DST19,791,TL,CARF,19143,CC-105
SHP00309,06747188,2025-01-14,2025-01-15,1,L057,FAC05,DST10,289,LTL,CARC,1231,CC-105
SHP00310,97458305,2025-01-14,2025-01-20,6,L046,FAC04,DST14,1996,LTL,CARA,1179,CC-104
SHP00311,63161868,2025-01-14,2025-01-15,1,L005,FAC01,DST08,284,LTL,CARB,5022,CC-101
SHP00312,21217818,2025-01-14,2025-01-17,3,L004,FAC01,DST07,477,LTL,CARC,262,CC-101
SHP00313,74770436,2025-01-14,2025-01-19,5,L008,FAC01,DST14,1742,LTL,CARA,1047,CC-101
SHP00314,49142237,2025-01-14,2025-01-15,1,L004,FAC01,DST07,477,TL,CARH,24770,CC-101
SHP00315,43215691,2025-01-14,2025-01-16,2,L055,FAC05,DST06,820,LTL,CARE,1085,CC-105
SHP00316,20817015,2025-01-14,2025-01-17,3,L058,FAC05,DST13,581,LTL,CARA,303,CC-105
SHP00317,99605624,2025-01-14,2025-01-17,3,L019,FAC02,DST11,811,LTL,CARD,447,CC-102
SHP00318,97222681,2025-01-14,2025-01-17,3,L039,FAC04,DST03,771,LTL,CARA,668,CC-104
SHP00319,22837385,2025-01-15,2025-01-19,4,L014,FAC02,DST03,1123,TL,CARH,24279,CC-102
SHP00320,31286943,2025-01-15,2025-01-18,3,L054,FAC05,DST04,624,LTL,CARE,907,CC-105
SHP00321,16210274,2025-01-15,2025-01-17,2,L018,FAC02,DST10,561,LTL,CARE,2257,CC-102
SHP00322,83963099,2025-01-15,2025-01-18,3,L031,FAC03,DST10,657,LTL,CARA,1900,CC-103
SHP00323,51283846,2025-01-15,2025-01-18,3,L032,FAC03,DST11,545,LTL,CARD,2371,CC-103
SHP00324,76141118,2025-01-15,2025-01-17,2,L005,FAC01,DST08,284,TL,CARG,19417,CC-101
SHP00325,49843384,2025-01-15,2025-01-18,3,L037,FAC03,DST20,871,LTL,CARD,2398,CC-103
SHP00326,89244463,2025-01-15,2025-01-19,4,L036,FAC03,DST19,1283,LTL,CARC,712,CC-103
SHP00327,17707826,2025-01-15,2025-01-18,3,L037,FAC03,DST20,871,LTL,CARE,1418,CC-103
SHP00328,75231303,2025-01-15,2025-01-17,2,L025,FAC02,DST20,384,LTL,CARB,2155,CC-102
SHP00329,31261105,2025-01-15,2025-01-17,2,L055,FAC05,DST06,820,LTL,CARD,2784,CC-105
SHP00330,57945490,2025-01-15,2025-01-18,3,L003,FAC01,DST06,1183,LTL,CARC,1862,CC-101
SHP00331,02285654,2025-01-15,2025-01-21,6,L046,FAC04,DST14,1996,LTL,CARA,2534,CC-104
SHP00332,30201451,2025-01-15,2025-01-20,5,L026,FAC03,DST02,1557,LTL,CARD,1781,CC-103
SHP00333,45736347,2025-01-15,2025-01-18,3,L004,FAC01,DST07,477,LTL,CARC,1049,CC-101
SHP00334,19168682,2025-01-15,2025-01-21,6,L049,FAC04,DST17,1818,LTL,CARA,2203,CC-104
SHP00335,28597544,2025-01-15,2025-01-17,2,L041,FAC04,DST07,400,LTL,CARA,375,CC-104
SHP00336,13625307,2025-01-15,2025-01-18,3,L028,FAC03,DST04,1114,LTL,CARC,2610,CC-103
SHP00337,64072499,2025-01-15,2025-01-18,3,L043,FAC04,DST09,753,LTL,CARC,845,CC-104
SHP00338,08538797,2025-01-15,2025-01-16,1,L050,FAC04,DST18,202,TL,CARH,24595,CC-104
SHP00339,30593369,2025-01-16,2025-01-22,6,L048,FAC04,DST16,2410,LTL,CARB,757,CC-104
SHP00340,07222118,2025-01-16,2025-01-18,2,L013,FAC02,DST02,798,TL,CARF,33471,CC-102
SHP00341,03921802,2025-01-16,2025-01-18,2,L052,FAC04,DST20,227,TL,CARF,17026,CC-104
SHP00342,68504092,2025-01-16,2025-01-18,2,L056,FAC05,DST07,236,LTL,CARD,1226,CC-105
SHP00343,60406086,2025-01-16,2025-01-21,5,L035,FAC03,DST16,2015,LTL,CARA,2962,CC-103
SHP00344,69976327,2025-01-16,2025-01-21,5,L020,FAC02,DST12,1452,LTL,CARA,1794,CC-102
SHP00345,27035447,2025-01-16,2025-01-20,4,L009,FAC01,DST16,2079,TL,CARG,33857,CC-101
SHP00346,60912563,2025-01-16,2025-01-20,4,L008,FAC01,DST14,1742,LTL,CARE,3363,CC-101
SHP00347,98645224,2025-01-16,2025-01-17,1,L042,FAC04,DST08,197,TL,CARF,30005,CC-104
SHP00348,21454370,2025-01-16,2025-01-19,3,L028,FAC03,DST04,1114,LTL,CARE,6425,CC-103
SHP00349,15394936,2025-01-16,2025-01-21,5,L034,FAC03,DST15,1485,LTL,CARB,2256,CC-103
SHP00350,17364098,2025-01-16,2025-01-19,3,L038,FAC04,DST01,571,LTL,CARD,1052,CC-104
SHP00351,76436342,2025-01-16,2025-01-19,3,L019,FAC02,DST11,811,LTL,CARD,2383,CC-102
SHP00352,20709054,2025-01-16,2025-01-17,1,L005,FAC01,DST08,284,TL,CARG,39331,CC-101
SHP00353,45047517,2025-01-16,2025-01-21,5,L035,FAC03,DST16,2015,LTL,CARA,676,CC-103
SHP00354,03411194,2025-01-16,2025-01-21,5,L035,FAC03,DST16,2015,TL,CARF,18249,CC-103
SHP00355,81077796,2025-01-16,2025-01-19,3,L007,FAC01,DST12,1102,LTL,CARB,2666,CC-101
SHP00356,34944665,2025-01-16,2025-01-21,5,L046,FAC04,DST14,1996,LTL,CARB,3403,CC-104
SHP00357,29343881,2025-01-16,2025-01-18,2,L018,FAC02,DST10,561,LTL,CARE,1467,CC-102
SHP00358,67038422,2025-01-16,2025-01-19,3,L004,FAC01,DST07,477,LTL,CARA,3261,CC-101
SHP00359,24179986,2025-01-16,2025-01-18,2,L041,FAC04,DST07,400,LTL,CARB,709,CC-104
SHP00360,09687295,2025-01-16,2025-01-17,1,L005,FAC01,DST08,284,TL,CARG,24459,CC-101
SHP00361,29403705,2025-01-16,2025-01-21,5,L002,FAC01,DST05,1430,LTL,CARE,913,CC-101
SHP00362,49137192,2025-01-16,2025-01-21,5,L020,FAC02,DST12,1452,LTL,CARB,446,CC-102
SHP00363,78432293,2025-01-16,2025-01-19,3,L007,FAC01,DST12,1102,LTL,CARB,721,CC-101
SHP00364,00374828,2025-01-16,2025-01-19,3,L004,FAC01,DST07,477,LTL,CARA,1219,CC-101
SHP00365,58714631,2025-01-16,2025-01-18,2,L012,FAC01,DST20,323,LTL,CARC,2060,CC-101
SHP00366,47338145,2025-01-17,2025-01-20,3,L018,FAC02,DST10,561,LTL,CARB,1383,CC-102
SHP00367,84634772,2025-01-17,2025-01-22,5,L053,FAC05,DST03,1362,LTL,CARE,2167,CC-105
SHP00368,81941905,2025-01-17,2025-01-20,3,L021,FAC02,DST13,841,LTL,CARB,2251,CC-102
SHP00369,15941109,2025-01-17,2025-01-20,3,L024,FAC02,DST19,626,LTL,CARC,3932,CC-102
SHP00370,32536731,2025-01-17,2025-01-21,4,L036,FAC03,DST19,1283,LTL,CARD,2071,CC-103
SHP00371,51898062,2025-01-17,2025-01-21,4,L003,FAC01,DST06,1183,LTL,CARD,5749,CC-101
SHP00372,64374620,2025-01-17,2025-01-19,2,L039,FAC04,DST03,771,LTL,CARE,2605,CC-104
SHP00373,72987525,2025-01-17,2025-01-21,4,L017,FAC02,DST09,1090,LTL,CARE,2211,CC-102
SHP00374,46828806,2025-01-17,2025-01-19,2,L058,FAC05,DST13,581,LTL,CARD,943,CC-105
SHP00375,40490596,2025-01-17,2025-01-20,3,L036,FAC03,DST19,1283,LTL,CARD,2668,CC-103
SHP00376,02514530,2025-01-17,2025-01-23,6,L059,FAC05,DST16,2236,LTL,CARA,1314,CC-105
SHP00377,13189634,2025-01-17,2025-01-20,3,L054,FAC05,DST04,624,TL,CARG,37293,CC-105
SHP00378,82693834,2025-01-17,2025-01-20,3,L018,FAC02,DST10,561,LTL,CARB,1559,CC-102
SHP00379,60021538,2025-01-17,2025-01-20,3,L014,FAC02,DST03,1123,LTL,CARA,648,CC-102
SHP00380,76367960,2025-01-17,2025-01-19,2,L042,FAC04,DST08,197,LTL,CARC,690,CC-104
SHP00381,48434487,2025-01-17,2025-01-24,7,L048,FAC04,DST16,2410,LTL,CARB,3968,CC-104
SHP00382,88656963,2025-01-17,2025-01-20,3,L013,FAC02,DST02,798,LTL,CARB,1235,CC-102
SHP00383,34207802,2025-01-17,2025-01-18,1,L050,FAC04,DST18,202,LTL,CARC,349,CC-104
SHP00384,11638781,2025-01-17,2025-01-19,2,L038,FAC04,DST01,571,TL,CARF,39318,CC-104
SHP00385,13347089,2025-01-17,2025-01-21,4,L017,FAC02,DST09,1090,LTL,CARE,1659,CC-102
SHP00386,74598054,2025-01-18,2025-01-24,6,L022,FAC02,DST14,1906,LTL,CARE,714,CC-102
SHP00387,47762317,2025-01-18,2025-01-21,3,L033,FAC03,DST14,1061,LTL,CARB,475,CC-103
SHP00388,36516499,2025-01-18,2025-01-19,1,L056,FAC05,DST07,236,LTL,CARD,299,CC-105
SHP00389,93633801,2025-01-18,2025-01-21,3,L055,FAC05,DST06,820,LTL,CARE,665,CC-105
SHP00390,92722983,2025-01-18,2025-01-22,4,L003,FAC01,DST06,1183,TL,CARG,41376,CC-101
SHP00391,26529054,2025-01-18,2025-01-20,2,L004,FAC01,DST07,477,TL,CARH,20200,CC-101
SHP00392,39435403,2025-01-18,2025-01-20,2,L032,FAC03,DST11,545,TL,CARH,39175,CC-103
SHP00393,75877497,2025-01-18,2025-01-21,3,L053,FAC05,DST03,1362,TL,CARG,33301,CC-105
SHP00394,13888745,2025-01-18,2025-01-19,1,L052,FAC04,DST20,227,LTL,CARD,4484,CC-104
SHP00395,00517688,2025-01-18,2025-01-22,4,L033,FAC03,DST14,1061,LTL,CARD,1038,CC-103
SHP00396,62188493,2025-01-18,2025-01-20,2,L025,FAC02,DST20,384,LTL,CARB,2332,CC-102
SHP00397,12385647,2025-01-18,2025-01-19,1,L050,FAC04,DST18,202,TL,CARH,16490,CC-104
SHP00398,61636093,2025-01-18,2025-01-20,2,L060,FAC05,DST19,791,LTL,CARD,3324,CC-105
SHP00399,94565105,2025-01-18,2025-01-19,1,L025,FAC02,DST20,384,LTL,CARB,2162,CC-102
SHP00400,59115904,2025-01-18,2025-01-23,5,L053,FAC05,DST03,1362,LTL,CARA,7500,CC-105
SHP00401,98890816,2025-01-18,2025-01-20,2,L011,FAC01,DST18,198,LTL,CARE,804,CC-101
SHP00402,67195507,2025-01-18,2025-01-20,2,L039,FAC04,DST03,771,TL,CARG,16070,CC-104
SHP00403,28745689,2025-01-18,2025-01-21,3,L031,FAC03,DST10,657,LTL,CARA,294,CC-103
SHP00404,47840778,2025-01-18,2025-01-20,2,L037,FAC03,DST20,871,LTL,CARE,1885,CC-103
SHP00405,26972296,2025-01-18,2025-01-20,2,L018,FAC02,DST10,561,TL,CARH,32071,CC-102
SHP00406,39395390,2025-01-18,2025-01-19,1,L006,FAC01,DST10,315,LTL,CARB,3246,CC-101
SHP00407,36133956,2025-01-19,2025-01-21,2,L041,FAC04,DST07,400,LTL,CARA,942,CC-104
SHP00408,41650770,2025-01-19,2025-01-20,1,L041,FAC04,DST07,400,LTL,CARB,2353,CC-104
SHP00409,92168583,2025-01-19,2025-01-21,2,L041,FAC04,DST07,400,LTL,CARB,568,CC-104
SHP00410,13814078,2025-01-19,2025-01-23,4,L029,FAC03,DST05,1333,LTL,CARD,5135,CC-103
SHP00411,96704057,2025-01-19,2025-01-21,2,L025,FAC02,DST20,384,LTL,CARB,643,CC-102
SHP00412,60844593,2025-01-19,2025-01-22,3,L001,FAC01,DST04,705,LTL,CARA,2147,CC-101
SHP00413,61207496,2025-01-19,2025-01-21,2,L045,FAC04,DST11,743,TL,CARF,39655,CC-104
SHP00414,66550690,2025-01-19,2025-01-24,5,L008,FAC01,DST14,1742,LTL,CARA,1182,CC-101
SHP00415,83006099,2025-01-19,2025-01-22,3,L031,FAC03,DST10,657,LTL,CARA,2031,CC-103
SHP00416,64272155,2025-01-19,2025-01-22,3,L055,FAC05,DST06,820,LTL,CARD,5401,CC-105
SHP00417,88348234,2025-01-19,2025-01-24,5,L027,FAC03,DST03,1859,LTL,CARD,5610,CC-103
SHP00418,81576871,2025-01-19,2025-01-22,3,L054,FAC05,DST04,624,LTL,CARB,1265,CC-105
SHP00419,91855375,2025-01-19,2025-01-21,2,L018,FAC02,DST10,561,LTL,CARE,1195,CC-102
SHP00420,86698725,2025-01-19,2025-01-21,2,L021,FAC02,DST13,841,LTL,CARB,7500,CC-102
SHP00421,84901983,2025-01-19,2025-01-21,2,L015,FAC02,DST07,257,LTL,CARD,7500,CC-102
SHP00422,17522997,2025-01-19,2025-01-21,2,L052,FAC04,DST20,227,TL,CARF,15375,CC-104
SHP00423,90333507,2025-01-19,2025-01-22,3,L028,FAC03,DST04,1114,TL,CARG,38427,CC-103
SHP00424,23423126,2025-01-19,2025-01-23,4,L034,FAC03,DST15,1485,LTL,CARB,1566,CC-103
SHP00425,00005733,2025-01-19,2025-01-22,3,L043,FAC04,DST09,753,LTL,CARE,1677,CC-104
SHP00426,46682264,2025-01-19,2025-01-21,2,L051,FAC04,DST19,195,LTL,CARD,866,CC-104
SHP00427,47352012,2025-01-19,2025-01-20,1,L042,FAC04,DST08,197,LTL,CARB,1844,CC-104
SHP00428,40156775,2025-01-19,2025-01-20,1,L041,FAC04,DST07,400,LTL,CARA,936,CC-104
SHP00429,80816756,2025-01-20,2025-01-22,2,L021,FAC02,DST13,841,LTL,CARB,162,CC-102
SHP00430,34638863,2025-01-20,2025-01-23,3,L018,FAC02,DST10,561,LTL,CARB,124,CC-102
SHP00431,39559793,2025-01-20,2025-01-21,1,L011,FAC01,DST18,198,LTL,CARD,371,CC-101
SHP00432,47719402,2025-01-20,2025-01-24,4,L053,FAC05,DST03,1362,LTL,CARA,2176,CC-105
SHP00433,18310917,2025-01-20,2025-01-26,6,L027,FAC03,DST03,1859,LTL,CARA,2630,CC-103
SHP00434,70288516,2025-01-20,2025-01-23,3,L058,FAC05,DST13,581,LTL,CARA,3455,CC-105
SHP00435,68837174,2025-01-20,2025-01-22,2,L025,FAC02,DST20,384,LTL,CARA,2329,CC-102
SHP00436,52451122,2025-01-20,2025-01-24,4,L029,FAC03,DST05,1333,LTL,CARA,440,CC-103
SHP00437,25648046,2025-01-20,2025-01-23,3,L026,FAC03,DST02,1557,TL,CARH,22993,CC-103
SHP00438,76853784,2025-01-20,2025-01-22,2,L006,FAC01,DST10,315,LTL,CARB,702,CC-101
SHP00439,35998483,2025-01-20,2025-01-23,3,L038,FAC04,DST01,571,LTL,CARD,665,CC-104
SHP00440,40532538,2025-01-20,2025-01-26,6,L022,FAC02,DST14,1906,LTL,CARC,1704,CC-102
SHP00441,32551015,2025-01-20,2025-01-25,5,L026,FAC03,DST02,1557,LTL,CARD,4693,CC-103
SHP00442,08286098,2025-01-20,2025-01-21,1,L041,FAC04,DST07,400,LTL,CARA,842,CC-104
SHP00443,48092741,2025-01-20,2025-01-26,6,L047,FAC04,DST15,2368,LTL,CARC,953,CC-104
SHP00444,50546117,2025-01-20,2025-01-26,6,L046,FAC04,DST14,1996,LTL,CARA,1118,CC-104
SHP00445,61685050,2025-01-20,2025-01-22,2,L045,FAC04,DST11,743,LTL,CARE,944,CC-104
SHP00446,84458884,2025-01-20,2025-01-22,2,L043,FAC04,DST09,753,LTL,CARE,995,CC-104
SHP00447,64751376,2025-01-20,2025-01-23,3,L021,FAC02,DST13,841,TL,CARG,19462,CC-102
SHP00448,49175183,2025-01-20,2025-01-26,6,L022,FAC02,DST14,1906,LTL,CARC,1904,CC-102
SHP00449,15337470,2025-01-20,2025-01-22,2,L024,FAC02,DST19,626,LTL,CARD,380,CC-102
SHP00450,60786229,2025-01-20,2025-01-23,3,L040,FAC04,DST05,1193,LTL,CARB,4178,CC-104
SHP00451,79916695,2025-01-21,2025-01-24,3,L004,FAC01,DST07,477,LTL,CARA,4297,CC-101
SHP00452,28462001,2025-01-21,2025-01-24,3,L023,FAC02,DST18,513,LTL,CARD,1721,CC-102
SHP00453,79232882,2025-01-21,2025-01-24,3,L003,FAC01,DST06,1183,LTL,CARC,193,CC-101
SHP00454,75781359,2025-01-21,2025-01-23,2,L056,FAC05,DST07,236,LTL,CARE,1356,CC-105
SHP00455,17992174,2025-01-21,2025-01-23,2,L015,FAC02,DST07,257,LTL,CARD,153,CC-102
SHP00456,70516432,2025-01-21,2025-01-24,3,L018,FAC02,DST10,561,LTL,CARB,1571,CC-102
SHP00457,82444480,2025-01-21,2025-01-24,3,L037,FAC03,DST20,871,LTL,CARD,4383,CC-103
SHP00458,95586242,2025-01-21,2025-01-24,3,L043,FAC04,DST09,753,LTL,CARC,3540,CC-104
SHP00459,64035342,2025-01-21,2025-01-23,2,L038,FAC04,DST01,571,LTL,CARB,3306,CC-104
SHP00460,82007823,2025-01-21,2025-01-24,3,L016,FAC02,DST08,717,LTL,CARE,546,CC-102
SHP00461,38813953,2025-01-21,2025-01-24,3,L030,FAC03,DST08,1199,LTL,CARC,526,CC-103
SHP00462,28275701,2025-01-21,2025-01-26,5,L027,FAC03,DST03,1859,TL,CARH,27140,CC-103
SHP00463,57555338,2025-01-21,2025-01-24,3,L036,FAC03,DST19,1283,LTL,CARC,404,CC-103
SHP00464,14970133,2025-01-21,2025-01-24,3,L003,FAC01,DST06,1183,LTL,CARD,458,CC-101
SHP00465,44335878,2025-01-21,2025-01-23,2,L052,FAC04,DST20,227,TL,CARF,19480,CC-104
SHP00466,23064674,2025-01-21,2025-01-26,5,L034,FAC03,DST15,1485,LTL,CARA,2234,CC-103
SHP00467,34186886,2025-01-21,2025-01-24,3,L058,FAC05,DST13,581,LTL,CARA,1965,CC-105
SHP00468,12416429,2025-01-21,2025-01-22,1,L006,FAC01,DST10,315,LTL,CARB,1439,CC-101
SHP00469,06022015,2025-01-21,2025-01-24,3,L032,FAC03,DST11,545,LTL,CARD,1964,CC-103
SHP00470,76018492,2025-01-21,2025-01-26,5,L053,FAC05,DST03,1362,LTL,CARE,949,CC-105
SHP00471,94618178,2025-01-21,2025-01-22,1,L011,FAC01,DST18,198,TL,CARG,32280,CC-101
SHP00472,94326345,2025-01-21,2025-01-24,3,L043,FAC04,DST09,753,TL,CARH,34257,CC-104
SHP00473,07485541,2025-01-22,2025-01-25,3,L039,FAC04,DST03,771,LTL,CARA,582,CC-104
SHP00474,44637945,2025-01-22,2025-01-24,2,L013,FAC02,DST02,798,LTL,CARB,2837,CC-102
SHP00475,21239360,2025-01-22,2025-01-24,2,L021,FAC02,DST13,841,TL,CARG,28974,CC-102
SHP00476,05632406,2025-01-22,2025-01-23,1,L051,FAC04,DST19,195,LTL,CARD,1033,CC-104
SHP00477,04640017,2025-01-22,2025-01-23,1,L051,FAC04,DST19,195,LTL,CARD,2706,CC-104
SHP00478,02179475,2025-01-22,2025-01-25,3,L037,FAC03,DST20,871,LTL,CARE,1155,CC-103
SHP00479,13970858,2025-01-22,2025-01-24,2,L055,FAC05,DST06,820,LTL,CARD,446,CC-105
SHP00480,78626090,2025-01-22,2025-01-26,4,L008,FAC01,DST14,1742,TL,CARH,33949,CC-101
SHP00481,76781757,2025-01-22,2025-01-27,5,L010,FAC01,DST17,1508,LTL,CARA,2980,CC-101
SHP00482,44051223,2025-01-22,2025-01-27,5,L008,FAC01,DST14,1742,LTL,CARE,1225,CC-101
SHP00483,59756345,2025-01-22,2025-01-25,3,L033,FAC03,DST14,1061,LTL,CARD,1166,CC-103
SHP00484,19454498,2025-01-22,2025-01-25,3,L058,FAC05,DST13,581,LTL,CARA,1221,CC-105
SHP00485,07217508,2025-01-22,2025-01-24,2,L006,FAC01,DST10,315,TL,CARF,33100,CC-101
SHP00486,78149498,2025-01-22,2025-01-23,1,L050,FAC04,DST18,202,LTL,CARD,1138,CC-104
SHP00487,33675779,2025-01-22,2025-01-27,5,L059,FAC05,DST16,2236,LTL,CARA,861,CC-105
SHP00488,99632394,2025-01-22,2025-01-24,2,L037,FAC03,DST20,871,LTL,CARE,1694,CC-103
SHP00489,43860241,2025-01-22,2025-01-24,2,L024,FAC02,DST19,626,LTL,CARD,742,CC-102
SHP00490,34536838,2025-01-22,2025-01-24,2,L043,FAC04,DST09,753,TL,CARH,38263,CC-104
SHP00491,09593073,2025-01-22,2025-01-26,4,L040,FAC04,DST05,1193,LTL,CARB,1237,CC-104
SHP00492,20245882,2025-01-22,2025-01-25,3,L014,FAC02,DST03,1123,LTL,CARD,4392,CC-102
SHP00493,93293694,2025-01-22,2025-01-23,1,L051,FAC04,DST19,195,LTL,CARB,7500,CC-104
SHP00494,40765903,2025-01-23,2025-01-26,3,L038,FAC04,DST01,571,LTL,CARB,1063,CC-104
SHP00495,04358150,2025-01-23,2025-01-27,4,L029,FAC03,DST05,1333,LTL,CARD,1710,CC-103
SHP00496,72432401,2025-01-23,2025-01-26,3,L018,FAC02,DST10,561,LTL,CARE,1522,CC-102
SHP00497,76057383,2025-01-23,2025-01-26,3,L045,FAC04,DST11,743,LTL,CARE,282,CC-104
SHP00498,23333870,2025-01-23,2025-01-25,2,L011,FAC01,DST18,198,LTL,CARE,1145,CC-101
SHP00499,44063693,2025-01-23,2025-01-25,2,L055,FAC05,DST06,820,LTL,CARE,5890,CC-105
SHP00500,71937033,2025-01-23,2025-01-28,5,L026,FAC03,DST02,1557,LTL,CARD,175,CC-103
SHP00501,83898841,2025-01-23,2025-01-27,4,L014,FAC02,DST03,1123,TL,CARH,36425,CC-102
SHP00502,44476871,2025-01-23,2025-01-26,3,L043,FAC04,DST09,753,LTL,CARC,942,CC-104
SHP00503,43588468,2025-01-23,2025-01-24,1,L011,FAC01,DST18,198,LTL,CARE,1515,CC-101
SHP00504,52345352,2025-01-23,2025-01-26,3,L024,FAC02,DST19,626,LTL,CARD,290,CC-102
SHP00505,75340096,2025-01-23,2025-01-25,2,L042,FAC04,DST08,197,LTL,CARC,339,CC-104
SHP00506,87640714,2025-01-23,2025-01-27,4,L014,FAC02,DST03,1123,LTL,CARA,1747,CC-102
SHP00507,84999375,2025-01-23,2025-01-25,2,L060,FAC05,DST19,791,LTL,CARD,1395,CC-105
SHP00508,21491583,2025-01-23,2025-01-25,2,L005,FAC01,DST08,284,LTL,CARB,1200,CC-101
SHP00509,96405027,2025-01-23,2025-01-28,5,L049,FAC04,DST17,1818,LTL,CARA,1511,CC-104
SHP00510,98974972,2025-01-23,2025-01-26,3,L007,FAC01,DST12,1102,TL,CARF,39358,CC-101
SHP00511,54621365,2025-01-23,2025-01-27,4,L040,FAC04,DST05,1193,LTL,CARB,1043,CC-104
SHP00512,56847779,2025-01-23,2025-01-25,2,L025,FAC02,DST20,384,LTL,CARB,848,CC-102
SHP00513,65003944,2025-01-23,2025-01-26,3,L031,FAC03,DST10,657,TL,CARF,41814,CC-103
SHP00514,25019119,2025-01-23,2025-01-26,3,L033,FAC03,DST14,1061,LTL,CARB,1170,CC-103
SHP00515,43807620,2025-01-23,2025-01-26,3,L054,FAC05,DST04,624,TL,CARG,34093,CC-105
SHP00516,34991520,2025-01-23,2025-01-28,5,L035,FAC03,DST16,2015,TL,CARF,22035,CC-103
SHP00517,61920145,2025-01-24,2025-01-25,1,L012,FAC01,DST20,323,LTL,CARB,142,CC-101
SHP00518,11195267,2025-01-24,2025-01-27,3,L058,FAC05,DST13,581,LTL,CARD,906,CC-105
SHP00519,11031361,2025-01-24,2025-01-26,2,L044,FAC04,DST10,475,LTL,CARE,487,CC-104
SHP00520,88296083,2025-01-24,2025-01-29,5,L049,FAC04,DST17,1818,LTL,CARA,4029,CC-104
SHP00521,20185765,2025-01-24,2025-01-27,3,L028,FAC03,DST04,1114,LTL,CARE,1384,CC-103
SHP00522,69929384,2025-01-24,2025-01-26,2,L041,FAC04,DST07,400,LTL,CARA,373,CC-104
SHP00523,04455231,2025-01-24,2025-01-27,3,L040,FAC04,DST05,1193,LTL,CARB,1039,CC-104
SHP00524,23624548,2025-01-24,2025-01-28,4,L035,FAC03,DST16,2015,TL,CARF,19311,CC-103
SHP00525,15773285,2025-01-24,2025-01-26,2,L052,FAC04,DST20,227,LTL,CARE,3610,CC-104
SHP00526,08392184,2025-01-24,2025-01-26,2,L005,FAC01,DST08,284,TL,CARG,28588,CC-101
SHP00527,50812739,2025-01-24,2025-01-29,5,L027,FAC03,DST03,1859,LTL,CARD,3685,CC-103
SHP00528,84064383,2025-01-24,2025-01-28,4,L007,FAC01,DST12,1102,LTL,CARE,1194,CC-101
SHP00529,16610669,2025-01-24,2025-01-27,3,L003,FAC01,DST06,1183,LTL,CARD,812,CC-101
SHP00530,75670820,2025-01-24,2025-01-27,3,L060,FAC05,DST19,791,LTL,CARD,910,CC-105
SHP00531,72121151,2025-01-24,2025-01-30,6,L047,FAC04,DST15,2368,LTL,CARD,348,CC-104
SHP00532,09710912,2025-01-24,2025-01-28,4,L008,FAC01,DST14,1742,LTL,CARA,1015,CC-101
SHP00533,12617001,2025-01-24,2025-01-28,4,L014,FAC02,DST03,1123,LTL,CARD,1038,CC-102
SHP00534,10319050,2025-01-24,2025-01-26,2,L044,FAC04,DST10,475,LTL,CARB,2502,CC-104
SHP00535,40561611,2025-01-24,2025-01-26,2,L021,FAC02,DST13,841,TL,CARG,17263,CC-102
SHP00536,57166090,2025-01-24,2025-01-27,3,L014,FAC02,DST03,1123,LTL,CARA,3655,CC-102
SHP00537,24950494,2025-01-24,2025-01-28,4,L053,FAC05,DST03,1362,LTL,CARA,1190,CC-105
SHP00538,71612213,2025-01-24,2025-01-27,3,L007,FAC01,DST12,1102,LTL,CARE,580,CC-101
SHP00539,08605834,2025-01-25,2025-01-31,6,L027,FAC03,DST03,1859,LTL,CARA,1095,CC-103
SHP00540,75428342,2025-01-25,2025-01-28,3,L037,FAC03,DST20,871,LTL,CARE,1197,CC-103
SHP00541,05717151,2025-01-25,2025-01-28,3,L031,FAC03,DST10,657,LTL,CARC,971,CC-103
SHP00542,26779964,2025-01-25,2025-01-29,4,L034,FAC03,DST15,1485,LTL,CARB,736,CC-103
SHP00543,45983508,2025-01-25,2025-01-31,6,L027,FAC03,DST03,1859,LTL,CARD,2376,CC-103
SHP00544,02365387,2025-01-25,2025-01-28,3,L045,FAC04,DST11,743,LTL,CARE,633,CC-104
SHP00545,73083073,2025-01-25,2025-01-27,2,L019,FAC02,DST11,811,LTL,CARD,4862,CC-102
SHP00546,63207654,2025-01-25,2025-01-31,6,L048,FAC04,DST16,2410,LTL,CARC,877,CC-104
SHP00547,75683240,2025-01-25,2025-01-28,3,L043,FAC04,DST09,753,LTL,CARC,738,CC-104
SHP00548,61158766,2025-01-25,2025-01-26,1,L042,FAC04,DST08,197,LTL,CARB,2373,CC-104
SHP00549,87165244,2025-01-25,2025-01-27,2,L055,FAC05,DST06,820,TL,CARF,18560,CC-105
SHP00550,08721968,2025-01-25,2025-01-26,1,L051,FAC04,DST19,195,TL,CARG,25868,CC-104
SHP00551,97802778,2025-01-25,2025-01-28,3,L007,FAC01,DST12,1102,LTL,CARB,7500,CC-101
SHP00552,33289449,2025-01-25,2025-01-28,3,L045,FAC04,DST11,743,LTL,CARE,960,CC-104
SHP00553,23261097,2025-01-25,2025-01-29,4,L010,FAC01,DST17,1508,LTL,CARC,1075,CC-101
SHP00554,69753358,2025-01-25,2025-01-30,5,L046,FAC04,DST14,1996,LTL,CARB,1093,CC-104
SHP00555,31286583,2025-01-25,2025-01-30,5,L059,FAC05,DST16,2236,LTL,CARA,377,CC-105
SHP00556,84267464,2025-01-25,2025-01-30,5,L049,FAC04,DST17,1818,LTL,CARC,794,CC-104
SHP00557,69473903,2025-01-25,2025-01-27,2,L021,FAC02,DST13,841,LTL,CARB,1473,CC-102
SHP00558,84910789,2025-01-25,2025-01-27,2,L023,FAC02,DST18,513,LTL,CARB,3212,CC-102
SHP00559,77067766,2025-01-25,2025-01-29,4,L020,FAC02,DST12,1452,LTL,CARB,617,CC-102
SHP00560,37445941,2025-01-26,2025-01-27,1,L006,FAC01,DST10,315,TL,CARF,38114,CC-101
SHP00561,14552407,2025-01-26,2025-01-30,4,L035,FAC03,DST16,2015,TL,CARF,32438,CC-103
SHP00562,22067634,2025-01-26,2025-01-28,2,L001,FAC01,DST04,705,LTL,CARA,623,CC-101
SHP00563,01922279,2025-01-26,2025-01-31,5,L047,FAC04,DST15,2368,TL,CARF,15055,CC-104
SHP00564,05660542,2025-01-26,2025-01-29,3,L018,FAC02,DST10,561,LTL,CARE,270,CC-102
SHP00565,19695586,2025-01-26,2025-01-30,4,L053,FAC05,DST03,1362,TL,CARG,24358,CC-105
SHP00566,58025624,2025-01-26,2025-01-27,1,L011,FAC01,DST18,198,LTL,CARD,3684,CC-101
SHP00567,01575737,2025-01-26,2025-01-28,2,L016,FAC02,DST08,717,LTL,CARC,2319,CC-102
SHP00568,38886053,2025-01-26,2025-02-01,6,L059,FAC05,DST16,2236,LTL,CARA,2459,CC-105
SHP00569,11216091,2025-01-26,2025-01-27,1,L051,FAC04,DST19,195,TL,CARG,36846,CC-104
SHP00570,06478459,2025-01-26,2025-01-31,5,L053,FAC05,DST03,1362,LTL,CARE,340,CC-105
SHP00571,11479875,2025-01-26,2025-01-28,2,L011,FAC01,DST18,198,LTL,CARE,3670,CC-101
SHP00572,07940448,2025-01-26,2025-01-31,5,L048,FAC04,DST16,2410,TL,CARG,25351,CC-104
SHP00573,61703620,2025-01-26,2025-02-01,6,L022,FAC02,DST14,1906,LTL,CARE,1430,CC-102
SHP00574,52566106,2025-01-27,2025-01-31,4,L040,FAC04,DST05,1193,LTL,CARC,623,CC-104
SHP00575,86412440,2025-01-27,2025-01-30,3,L033,FAC03,DST14,1061,TL,CARF,21293,CC-103
SHP00576,13182834,2025-01-27,2025-02-01,5,L027,FAC03,DST03,1859,LTL,CARA,512,CC-103
SHP00577,60625533,2025-01-27,2025-01-30,3,L036,FAC03,DST19,1283,LTL,CARD,758,CC-103
SHP00578,35557510,2025-01-27,2025-01-29,2,L004,FAC01,DST07,477,LTL,CARC,1198,CC-101
SHP00579,78515865,2025-01-27,2025-01-30,3,L038,FAC04,DST01,571,LTL,CARB,2295,CC-104
SHP00580,54287465,2025-01-27,2025-01-31,4,L007,FAC01,DST12,1102,LTL,CARE,1401,CC-101
SHP00581,70578017,2025-01-27,2025-01-31,4,L017,FAC02,DST09,1090,LTL,CARE,5494,CC-102
SHP00582,32742971,2025-01-27,2025-01-30,3,L002,FAC01,DST05,1430,TL,CARF,26344,CC-101
SHP00583,95653946,2025-01-27,2025-02-01,5,L020,FAC02,DST12,1452,LTL,CARB,1231,CC-102
SHP00584,32532044,2025-01-27,2025-01-29,2,L052,FAC04,DST20,227,LTL,CARD,2655,CC-104
SHP00585,99751835,2025-01-27,2025-01-30,3,L033,FAC03,DST14,1061,LTL,CARD,1161,CC-103
SHP00586,57251917,2025-01-27,2025-01-30,3,L004,FAC01,DST07,477,LTL,CARC,1800,CC-101
SHP00587,82640136,2025-01-27,2025-01-31,4,L010,FAC01,DST17,1508,LTL,CARC,1229,CC-101
SHP00588,61410315,2025-01-27,2025-02-01,5,L034,FAC03,DST15,1485,LTL,CARA,739,CC-103
SHP00589,18178890,2025-01-27,2025-01-30,3,L014,FAC02,DST03,1123,LTL,CARA,3467,CC-102
SHP00590,50495644,2025-01-27,2025-01-29,2,L018,FAC02,DST10,561,LTL,CARE,638,CC-102
SHP00591,27737072,2025-01-27,2025-01-30,3,L055,FAC05,DST06,820,LTL,CARE,1187,CC-105
SHP00592,04326753,2025-01-27,2025-01-30,3,L018,FAC02,DST10,561,LTL,CARE,430,CC-102
SHP00593,14684888,2025-01-27,2025-01-30,3,L038,FAC04,DST01,571,TL,CARF,39356,CC-104
SHP00594,60412396,2025-01-27,2025-01-30,3,L021,FAC02,DST13,841,LTL,CARB,4999,CC-102
SHP00595,11628909,2025-01-27,2025-01-29,2,L038,FAC04,DST01,571,LTL,CARB,567,CC-104
SHP00596,64168705,2025-01-27,2025-02-01,5,L009,FAC01,DST16,2079,LTL,CARB,907,CC-101
SHP00597,43017473,2025-01-27,2025-02-02,6,L048,FAC04,DST16,2410,LTL,CARC,2931,CC-104
SHP00598,93091139,2025-01-27,2025-02-02,6,L059,FAC05,DST16,2236,LTL,CARB,923,CC-105
SHP00599,88206009,2025-01-27,2025-01-29,2,L012,FAC01,DST20,323,LTL,CARB,1369,CC-101
SHP00600,16511140,2025-01-27,2025-01-29,2,L041,FAC04,DST07,400,LTL,CARB,870,CC-104
SHP00601,91262066,2025-01-27,2025-01-29,2,L032,FAC03,DST11,545,LTL,CARC,1465,CC-103
SHP00602,91897967,2025-01-27,2025-01-30,3,L003,FAC01,DST06,1183,LTL,CARC,7500,CC-101
SHP00603,25017452,2025-01-27,2025-01-28,1,L006,FAC01,DST10,315,LTL,CARB,1089,CC-101
SHP00604,58801931,2025-01-27,2025-01-29,2,L054,FAC05,DST04,624,LTL,CARB,1335,CC-105
SHP00605,16038958,2025-01-27,2025-02-01,5,L035,FAC03,DST16,2015,LTL,CARD,1652,CC-103
SHP00606,77070213,2025-01-27,2025-01-30,3,L021,FAC02,DST13,841,TL,CARG,33943,CC-102
SHP00607,75733115,2025-01-27,2025-01-29,2,L032,FAC03,DST11,545,TL,CARH,34870,CC-103
SHP00608,65162040,2025-01-27,2025-01-31,4,L002,FAC01,DST05,1430,TL,CARF,30025,CC-101
SHP00609,74825163,2025-01-28,2025-02-01,4,L027,FAC03,DST03,1859,TL,CARH,23536,CC-103
SHP00610,90559766,2025-01-28,2025-01-30,2,L004,FAC01,DST07,477,LTL,CARA,1619,CC-101
SHP00611,56761643,2025-01-28,2025-02-03,6,L059,FAC05,DST16,2236,TL,CARH,38910,CC-105
SHP00612,34283726,2025-01-28,2025-01-31,3,L033,FAC03,DST14,1061,LTL,CARD,3497,CC-103
SHP00613,82381946,2025-01-28,2025-02-02,5,L027,FAC03,DST03,1859,LTL,CARA,3339,CC-103
SHP00614,65011906,2025-01-28,2025-02-04,7,L048,FAC04,DST16,2410,LTL,CARC,7500,CC-104
SHP00615,85484518,2025-01-28,2025-01-31,3,L001,FAC01,DST04,705,TL,CARG,24590,CC-101
SHP00616,12867769,2025-01-28,2025-01-29,1,L050,FAC04,DST18,202,LTL,CARC,1718,CC-104
SHP00617,73964309,2025-01-28,2025-01-30,2,L039,FAC04,DST03,771,TL,CARG,16923,CC-104
SHP00618,79502285,2025-01-28,2025-02-01,4,L007,FAC01,DST12,1102,LTL,CARB,2184,CC-101
SHP00619,12925086,2025-01-28,2025-01-31,3,L010,FAC01,DST17,1508,TL,CARG,38767,CC-101
SHP00620,75123619,2025-01-28,2025-02-02,5,L046,FAC04,DST14,1996,TL,CARF,32813,CC-104
SHP00621,66760188,2025-01-28,2025-01-30,2,L042,FAC04,DST08,197,TL,CARF,36653,CC-104
SHP00622,59652836,2025-01-28,2025-01-31,3,L030,FAC03,DST08,1199,LTL,CARD,3335,CC-103
SHP00623,27485571,2025-01-28,2025-02-03,6,L022,FAC02,DST14,1906,LTL,CARC,584,CC-102
SHP00624,74359433,2025-01-28,2025-02-02,5,L046,FAC04,DST14,1996,LTL,CARA,567,CC-104
SHP00625,18339164,2025-01-28,2025-02-03,6,L048,FAC04,DST16,2410,TL,CARG,33969,CC-104
SHP00626,22813036,2025-01-28,2025-01-31,3,L019,FAC02,DST11,811,LTL,CARD,681,CC-102
SHP00627,31412516,2025-01-28,2025-01-30,2,L032,FAC03,DST11,545,LTL,CARC,612,CC-103
SHP00628,02497693,2025-01-28,2025-01-30,2,L054,FAC05,DST04,624,LTL,CARB,4161,CC-105
SHP00629,99701745,2025-01-28,2025-01-29,1,L051,FAC04,DST19,195,TL,CARG,34163,CC-104
SHP00630,54442869,2025-01-28,2025-01-31,3,L031,FAC03,DST10,657,LTL,CARC,114,CC-103
SHP00631,18109588,2025-01-29,2025-01-31,2,L051,FAC04,DST19,195,LTL,CARD,636,CC-104
SHP00632,06329335,2025-01-29,2025-01-31,2,L006,FAC01,DST10,315,LTL,CARB,103,CC-101
SHP00633,28908827,2025-01-29,2025-02-03,5,L059,FAC05,DST16,2236,LTL,CARA,1026,CC-105
SHP00634,77517390,2025-01-29,2025-01-30,1,L011,FAC01,DST18,198,LTL,CARE,638,CC-101
SHP00635,66700160,2025-01-29,2025-02-04,6,L049,FAC04,DST17,1818,LTL,CARA,1347,CC-104
SHP00636,74238543,2025-01-29,2025-02-03,5,L059,FAC05,DST16,2236,LTL,CARA,659,CC-105
SHP00637,73089571,2025-01-29,2025-02-01,3,L044,FAC04,DST10,475,LTL,CARB,4490,CC-104
SHP00638,05430576,2025-01-29,2025-02-02,4,L026,FAC03,DST02,1557,LTL,CARA,534,CC-103
SHP00639,24013534,2025-01-29,2025-02-01,3,L054,FAC05,DST04,624,LTL,CARB,928,CC-105
SHP00640,48882790,2025-01-29,2025-02-01,3,L026,FAC03,DST02,1557,TL,CARH,30091,CC-103
SHP00641,68450843,2025-01-29,2025-02-01,3,L031,FAC03,DST10,657,LTL,CARA,1617,CC-103
SHP00642,74507709,2025-01-29,2025-02-01,3,L004,FAC01,DST07,477,LTL,CARA,1656,CC-101
SHP00643,43342070,2025-01-29,2025-02-03,5,L010,FAC01,DST17,1508,LTL,CARC,1069,CC-101
SHP00644,84358750,2025-01-29,2025-02-01,3,L045,FAC04,DST11,743,LTL,CARC,1492,CC-104
SHP00645,33533828,2025-01-29,2025-02-02,4,L020,FAC02,DST12,1452,LTL,CARA,684,CC-102
SHP00646,08463784,2025-01-29,2025-02-03,5,L020,FAC02,DST12,1452,LTL,CARB,1959,CC-102
SHP00647,52668409,2025-01-29,2025-02-01,3,L030,FAC03,DST08,1199,LTL,CARD,427,CC-103
SHP00648,03436022,2025-01-29,2025-02-02,4,L029,FAC03,DST05,1333,LTL,CARD,3892,CC-103
SHP00649,76249491,2025-01-29,2025-01-30,1,L057,FAC05,DST10,289,LTL,CARE,677,CC-105
SHP00650,48571580,2025-01-29,2025-02-01,3,L060,FAC05,DST19,791,LTL,CARA,743,CC-105
SHP00651,44126056,2025-01-29,2025-01-31,2,L032,FAC03,DST11,545,LTL,CARD,603,CC-103
SHP00652,40894913,2025-01-29,2025-02-04,6,L047,FAC04,DST15,2368,LTL,CARD,3348,CC-104
SHP00653,43530424,2025-01-29,2025-01-30,1,L005,FAC01,DST08,284,TL,CARG,39619,CC-101
SHP00654,22377164,2025-01-29,2025-02-01,3,L007,FAC01,DST12,1102,TL,CARF,19976,CC-101
SHP00655,57507881,2025-01-29,2025-02-01,3,L016,FAC02,DST08,717,TL,CARG,34210,CC-102
SHP00656,27495806,2025-01-30,2025-02-02,3,L019,FAC02,DST11,811,LTL,CARC,1021,CC-102
SHP00657,38886266,2025-01-30,2025-02-02,3,L040,FAC04,DST05,1193,LTL,CARB,998,CC-104
SHP00658,38599977,2025-01-30,2025-02-02,3,L014,FAC02,DST03,1123,LTL,CARD,875,CC-102
SHP00659,05629585,2025-01-30,2025-02-03,4,L033,FAC03,DST14,1061,LTL,CARD,1004,CC-103
SHP00660,50233659,2025-01-30,2025-02-02,3,L028,FAC03,DST04,1114,LTL,CARE,940,CC-103
SHP00661,78069680,2025-01-30,2025-02-02,3,L017,FAC02,DST09,1090,LTL,CARC,220,CC-102
SHP00662,41769116,2025-01-30,2025-02-01,2,L052,FAC04,DST20,227,TL,CARF,39916,CC-104
SHP00663,46343601,2025-01-30,2025-01-31,1,L050,FAC04,DST18,202,LTL,CARC,1287,CC-104
SHP00664,50923085,2025-01-30,2025-01-31,1,L052,FAC04,DST20,227,LTL,CARD,2508,CC-104
SHP00665,47570265,2025-01-30,2025-01-31,1,L012,FAC01,DST20,323,TL,CARF,25800,CC-101
SHP00666,62293773,2025-01-30,2025-02-01,2,L058,FAC05,DST13,581,LTL,CARA,1455,CC-105
SHP00667,63135620,2025-01-30,2025-02-03,4,L033,FAC03,DST14,1061,LTL,CARB,467,CC-103
SHP00668,16753937,2025-01-30,2025-02-03,4,L007,FAC01,DST12,1102,LTL,CARE,416,CC-101
SHP00669,07143168,2025-01-30,2025-01-31,1,L041,FAC04,DST07,400,LTL,CARB,1470,CC-104
SHP00670,37730544,2025-01-30,2025-02-02,3,L054,FAC05,DST04,624,LTL,CARB,2066,CC-105
SHP00671,70725821,2025-01-30,2025-02-02,3,L017,FAC02,DST09,1090,LTL,CARC,705,CC-102
SHP00672,58972283,2025-01-30,2025-02-04,5,L010,FAC01,DST17,1508,LTL,CARC,692,CC-101
SHP00673,67569915,2025-01-30,2025-02-05,6,L048,FAC04,DST16,2410,TL,CARG,23422,CC-104
SHP00674,83228570,2025-01-31,2025-02-02,2,L012,FAC01,DST20,323,LTL,CARB,2189,CC-101
SHP00675,80117401,2025-01-31,2025-02-03,3,L058,FAC05,DST13,581,LTL,CARD,993,CC-105
SHP00676,35888646,2025-01-31,2025-02-03,3,L036,FAC03,DST19,1283,TL,CARF,28895,CC-103
SHP00677,04587757,2025-01-31,2025-02-02,2,L021,FAC02,DST13,841,LTL,CARB,448,CC-102
SHP00678,88674844,2025-01-31,2025-02-03,3,L045,FAC04,DST11,743,TL,CARF,27037,CC-104
SHP00679,34646447,2025-01-31,2025-02-05,5,L035,FAC03,DST16,2015,LTL,CARD,1446,CC-103
SHP00680,78371808,2025-01-31,2025-02-01,1,L025,FAC02,DST20,384,LTL,CARB,247,CC-102
SHP00681,84068089,2025-01-31,2025-02-02,2,L018,FAC02,DST10,561,LTL,CARE,2981,CC-102
SHP00682,51007184,2025-01-31,2025-02-03,3,L040,FAC04,DST05,1193,LTL,CARB,1579,CC-104
SHP00683,36382005,2025-01-31,2025-02-05,5,L010,FAC01,DST17,1508,LTL,CARC,1306,CC-101
SHP00684,00811257,2025-01-31,2025-02-02,2,L039,FAC04,DST03,771,LTL,CARA,1704,CC-104
SHP00685,65096366,2025-01-31,2025-02-02,2,L001,FAC01,DST04,705,LTL,CARC,1823,CC-101
SHP00686,28418915,2025-01-31,2025-02-03,3,L054,FAC05,DST04,624,LTL,CARE,862,CC-105
SHP00687,21761773,2025-01-31,2025-02-06,6,L022,FAC02,DST14,1906,LTL,CARE,353,CC-102
SHP00688,44689779,2025-01-31,2025-02-03,3,L016,FAC02,DST08,717,LTL,CARC,244,CC-102
SHP00689,80396841,2025-01-31,2025-02-02,2,L011,FAC01,DST18,198,LTL,CARE,1427,CC-101
SHP00690,97453428,2025-01-31,2025-02-06,6,L047,FAC04,DST15,2368,LTL,CARD,338,CC-104
SHP00691,69956819,2025-01-31,2025-02-01,1,L025,FAC02,DST20,384,LTL,CARA,923,CC-102
SHP00692,26556026,2025-01-31,2025-02-02,2,L058,FAC05,DST13,581,LTL,CARD,3879,CC-105
SHP00693,72045957,2025-01-31,2025-02-04,4,L053,FAC05,DST03,1362,TL,CARG,24989,CC-105
SHP00694,88178603,2025-01-31,2025-02-04,4,L008,FAC01,DST14,1742,LTL,CARE,6834,CC-101
SHP00695,67508749,2025-01-31,2025-02-02,2,L015,FAC02,DST07,257,LTL,CARB,1263,CC-102
SHP00696,38794466,2025-01-31,2025-02-06,6,L046,FAC04,DST14,1996,LTL,CARB,3538,CC-104
SHP00697,49569635,2025-01-31,2025-02-01,1,L041,FAC04,DST07,400,LTL,CARA,4456,CC-104
SHP00698,13992581,2025-01-31,2025-02-03,3,L028,FAC03,DST04,1114,LTL,CARC,1480,CC-103
SHP00699,50174713,2025-01-31,2025-02-03,3,L031,FAC03,DST10,657,LTL,CARC,553,CC-103
SHP00700,70582624,2025-01-31,2025-02-03,3,L058,FAC05,DST13,581,TL,CARG,25048,CC-105
SHP00701,92608759,2025-02-01,2025-02-03,2,L013,FAC02,DST02,798,TL,CARF,20077,CC-102
SHP00702,84468336,2025-02-01,2025-02-04,3,L018,FAC02,DST10,561,LTL,CARE,1594,CC-102
SHP00703,19426514,2025-02-01,2025-02-03,2,L013,FAC02,DST02,798,LTL,CARB,2304,CC-102
SHP00704,56819093,2025-02-01,2025-02-02,1,L051,FAC04,DST19,195,TL,CARG,33947,CC-104
SHP00705,09186031,2025-02-01,2025-02-07,6,L047,FAC04,DST15,2368,LTL,CARD,872,CC-104
SHP00706,49901589,2025-02-01,2025-02-02,1,L006,FAC01,DST10,315,LTL,CARB,1231,CC-101
SHP00707,80943499,2025-02-01,2025-02-07,6,L049,FAC04,DST17,1818,LTL,CARA,632,CC-104
SHP00708,82600633,2025-02-01,2025-02-05,4,L003,FAC01,DST06,1183,LTL,CARD,2101,CC-101
SHP00709,99810976,2025-02-01,2025-02-03,2,L011,FAC01,DST18,198,LTL,CARD,304,CC-101
SHP00710,36317966,2025-02-01,2025-02-07,6,L049,FAC04,DST17,1818,LTL,CARC,1980,CC-104
SHP00711,66753389,2025-02-01,2025-02-03,2,L032,FAC03,DST11,545,LTL,CARD,1063,CC-103
SHP00712,56362801,2025-02-01,2025-02-03,2,L018,FAC02,DST10,561,LTL,CARB,418,CC-102
SHP00713,19821325,2025-02-01,2025-02-03,2,L042,FAC04,DST08,197,LTL,CARC,2449,CC-104
SHP00714,47291759,2025-02-01,2025-02-05,4,L034,FAC03,DST15,1485,LTL,CARB,2754,CC-103
SHP00715,33202944,2025-02-01,2025-02-03,2,L031,FAC03,DST10,657,LTL,CARC,676,CC-103
SHP00716,72077412,2025-02-01,2025-02-04,3,L003,FAC01,DST06,1183,LTL,CARD,1117,CC-101
SHP00717,98305351,2025-02-01,2025-02-05,4,L007,FAC01,DST12,1102,LTL,CARE,1042,CC-101
SHP00718,55820226,2025-02-01,2025-02-06,5,L020,FAC02,DST12,1452,LTL,CARB,1662,CC-102
SHP00719,66747028,2025-02-01,2025-02-04,3,L003,FAC01,DST06,1183,LTL,CARC,1556,CC-101
SHP00720,16547888,2025-02-01,2025-02-03,2,L042,FAC04,DST08,197,LTL,CARC,1262,CC-104
SHP00721,85853066,2025-02-01,2025-02-04,3,L017,FAC02,DST09,1090,LTL,CARC,795,CC-102
SHP00722,13428703,2025-02-01,2025-02-03,2,L004,FAC01,DST07,477,LTL,CARA,456,CC-101
SHP00723,21005621,2025-02-01,2025-02-06,5,L009,FAC01,DST16,2079,LTL,CARB,1245,CC-101
SHP00724,01565491,2025-02-02,2025-02-08,6,L022,FAC02,DST14,1906,LTL,CARE,1247,CC-102
SHP00725,67128863,2025-02-02,2025-02-07,5,L008,FAC01,DST14,1742,LTL,CARE,1363,CC-101
SHP00726,86967423,2025-02-02,2025-02-05,3,L013,FAC02,DST02,798,TL,CARF,24421,CC-102
SHP00727,56937427,2025-02-02,2025-02-08,6,L009,FAC01,DST16,2079,LTL,CARB,2450,CC-101
SHP00728,86432515,2025-02-02,2025-02-06,4,L014,FAC02,DST03,1123,LTL,CARD,567,CC-102
SHP00729,27643574,2025-02-02,2025-02-05,3,L054,FAC05,DST04,624,LTL,CARE,748,CC-105
SHP00730,72018837,2025-02-02,2025-02-04,2,L032,FAC03,DST11,545,LTL,CARD,2772,CC-103
SHP00731,72006426,2025-02-02,2025-02-04,2,L023,FAC02,DST18,513,LTL,CARD,748,CC-102
SHP00732,13693136,2025-02-02,2025-02-05,3,L058,FAC05,DST13,581,LTL,CARA,858,CC-105
SHP00733,13071453,2025-02-02,2025-02-06,4,L029,FAC03,DST05,1333,TL,CARG,15445,CC-103
SHP00734,02884258,2025-02-02,2025-02-05,3,L028,FAC03,DST04,1114,TL,CARG,32026,CC-103
SHP00735,09950257,2025-02-02,2025-02-04,2,L045,FAC04,DST11,743,LTL,CARE,2173,CC-104
SHP00736,72982167,2025-02-02,2025-02-04,2,L050,FAC04,DST18,202,LTL,CARD,237,CC-104
SHP00737,07314274,2025-02-02,2025-02-04,2,L045,FAC04,DST11,743,LTL,CARC,1189,CC-104
SHP00738,80550415,2025-02-02,2025-02-07,5,L046,FAC04,DST14,1996,LTL,CARB,1615,CC-104
SHP00739,28459622,2025-02-02,2025-02-03,1,L011,FAC01,DST18,198,LTL,CARE,2335,CC-101
SHP00740,25129152,2025-02-02,2025-02-04,2,L006,FAC01,DST10,315,LTL,CARB,782,CC-101
SHP00741,39198777,2025-02-02,2025-02-05,3,L028,FAC03,DST04,1114,LTL,CARE,2287,CC-103
SHP00742,61696533,2025-02-02,2025-02-04,2,L051,FAC04,DST19,195,LTL,CARB,912,CC-104
SHP00743,97010423,2025-02-02,2025-02-05,3,L001,FAC01,DST04,705,TL,CARG,27788,CC-101
SHP00744,00075463,2025-02-02,2025-02-04,2,L006,FAC01,DST10,315,LTL,CARB,723,CC-101
SHP00745,88821366,2025-02-02,2025-02-07,5,L002,FAC01,DST05,1430,LTL,CARE,908,CC-101
SHP00746,98658582,2025-02-02,2025-02-03,1,L041,FAC04,DST07,400,LTL,CARB,814,CC-104
SHP00747,85926562,2025-02-03,2025-02-06,3,L029,FAC03,DST05,1333,LTL,CARA,1311,CC-103
SHP00748,45285209,2025-02-03,2025-02-04,1,L041,FAC04,DST07,400,LTL,CARA,2994,CC-104
SHP00749,55263977,2025-02-03,2025-02-08,5,L008,FAC01,DST14,1742,LTL,CARA,436,CC-101
SHP00750,57723157,2025-02-03,2025-02-05,2,L051,FAC04,DST19,195,LTL,CARD,1086,CC-104
SHP00751,91435106,2025-02-03,2025-02-04,1,L050,FAC04,DST18,202,LTL,CARC,1204,CC-104
SHP00752,42352916,2025-02-03,2025-02-08,5,L034,FAC03,DST15,1485,LTL,CARB,383,CC-103
SHP00753,70953615,2025-02-03,2025-02-09,6,L048,FAC04,DST16,2410,LTL,CARC,2208,CC-104
SHP00754,90916164,2025-02-03,2025-02-07,4,L028,FAC03,DST04,1114,LTL,CARE,469,CC-103
SHP00755,00126163,2025-02-03,2025-02-06,3,L029,FAC03,DST05,1333,LTL,CARD,1522,CC-103
SHP00756,45442767,2025-02-03,2025-02-06,3,L044,FAC04,DST10,475,LTL,CARE,408,CC-104
SHP00757,90124246,2025-02-03,2025-02-05,2,L051,FAC04,DST19,195,LTL,CARD,1008,CC-104
SHP00758,98749002,2025-02-03,2025-02-06,3,L013,FAC02,DST02,798,TL,CARF,19261,CC-102
SHP00759,89364855,2025-02-03,2025-02-07,4,L014,FAC02,DST03,1123,LTL,CARA,2141,CC-102
SHP00760,63427665,2025-02-03,2025-02-04,1,L041,FAC04,DST07,400,LTL,CARB,2103,CC-104
SHP00761,12927228,2025-02-03,2025-02-04,1,L056,FAC05,DST07,236,LTL,CARE,5622,CC-105
SHP00762,64040845,2025-02-03,2025-02-06,3,L060,FAC05,DST19,791,LTL,CARD,4084,CC-105
SHP00763,58046778,2025-02-03,2025-02-06,3,L028,FAC03,DST04,1114,LTL,CARC,1451,CC-103
SHP00764,33737140,2025-02-03,2025-02-04,1,L052,FAC04,DST20,227,LTL,CARD,3539,CC-104
SHP00765,51929707,2025-02-03,2025-02-06,3,L019,FAC02,DST11,811,LTL,CARD,380,CC-102
SHP00766,30068064,2025-02-03,2025-02-05,2,L044,FAC04,DST10,475,LTL,CARB,338,CC-104
SHP00767,24208885,2025-02-03,2025-02-08,5,L022,FAC02,DST14,1906,LTL,CARE,1743,CC-102
SHP00768,49187470,2025-02-03,2025-02-06,3,L017,FAC02,DST09,1090,TL,CARF,17157,CC-102
SHP00769,08123936,2025-02-03,2025-02-08,5,L010,FAC01,DST17,1508,LTL,CARC,1917,CC-101
SHP00770,98916803,2025-02-03,2025-02-04,1,L042,FAC04,DST08,197,LTL,CARC,888,CC-104
SHP00771,22673973,2025-02-03,2025-02-09,6,L049,FAC04,DST17,1818,LTL,CARA,411,CC-104
SHP00772,20530066,2025-02-04,2025-02-08,4,L010,FAC01,DST17,1508,LTL,CARA,2989,CC-101
SHP00773,01122236,2025-02-04,2025-02-06,2,L043,FAC04,DST09,753,LTL,CARC,1282,CC-104
SHP00774,95147091,2025-02-04,2025-02-07,3,L038,FAC04,DST01,571,LTL,CARB,1466,CC-104
SHP00775,38367379,2025-02-04,2025-02-10,6,L047,FAC04,DST15,2368,LTL,CARD,7500,CC-104
SHP00776,18017357,2025-02-04,2025-02-10,6,L047,FAC04,DST15,2368,TL,CARF,30232,CC-104
SHP00777,02610503,2025-02-04,2025-02-08,4,L036,FAC03,DST19,1283,LTL,CARC,784,CC-103
SHP00778,85265461,2025-02-04,2025-02-07,3,L024,FAC02,DST19,626,LTL,CARC,7276,CC-102
SHP00779,50429613,2025-02-04,2025-02-06,2,L033,FAC03,DST14,1061,TL,CARF,38322,CC-103
SHP00780,88189234,2025-02-04,2025-02-07,3,L030,FAC03,DST08,1199,LTL,CARD,373,CC-103
SHP00781,49735627,2025-02-04,2025-02-06,2,L019,FAC02,DST11,811,LTL,CARD,1854,CC-102
SHP00782,00063945,2025-02-04,2025-02-08,4,L033,FAC03,DST14,1061,LTL,CARB,3228,CC-103
SHP00783,68768499,2025-02-04,2025-02-10,6,L009,FAC01,DST16,2079,LTL,CARE,1561,CC-101
SHP00784,63123175,2025-02-04,2025-02-09,5,L035,FAC03,DST16,2015,LTL,CARA,898,CC-103
SHP00785,41124600,2025-02-04,2025-02-09,5,L026,FAC03,DST02,1557,LTL,CARA,1169,CC-103
SHP00786,63541812,2025-02-04,2025-02-09,5,L046,FAC04,DST14,1996,LTL,CARA,333,CC-104
SHP00787,26946558,2025-02-04,2025-02-07,3,L033,FAC03,DST14,1061,LTL,CARB,2138,CC-103
SHP00788,65326933,2025-02-04,2025-02-07,3,L014,FAC02,DST03,1123,TL,CARH,36966,CC-102
SHP00789,46268542,2025-02-04,2025-02-07,3,L017,FAC02,DST09,1090,LTL,CARE,3794,CC-102
SHP00790,28399321,2025-02-04,2025-02-09,5,L026,FAC03,DST02,1557,LTL,CARD,286,CC-103
SHP00791,31723778,2025-02-04,2025-02-09,5,L059,FAC05,DST16,2236,LTL,CARA,1051,CC-105
SHP00792,87190640,2025-02-04,2025-02-06,2,L001,FAC01,DST04,705,LTL,CARC,755,CC-101
SHP00793,99487323,2025-02-04,2025-02-07,3,L024,FAC02,DST19,626,TL,CARH,30366,CC-102
SHP00794,77570176,2025-02-04,2025-02-10,6,L022,FAC02,DST14,1906,LTL,CARE,699,CC-102
SHP00795,82528583,2025-02-04,2025-02-07,3,L017,FAC02,DST09,1090,LTL,CARC,7500,CC-102
SHP00796,66713801,2025-02-04,2025-02-06,2,L032,FAC03,DST11,545,LTL,CARD,3227,CC-103
SHP00797,92088945,2025-02-04,2025-02-07,3,L038,FAC04,DST01,571,LTL,CARB,1229,CC-104
SHP00798,71112443,2025-02-05,2025-02-06,1,L051,FAC04,DST19,195,TL,CARG,31323,CC-104
SHP00799,41378654,2025-02-05,2025-02-08,3,L034,FAC03,DST15,1485,TL,CARG,16708,CC-103
SHP00800,61181548,2025-02-05,2025-02-07,2,L050,FAC04,DST18,202,LTL,CARC,743,CC-104
SHP00801,69713638,2025-02-05,2025-02-08,3,L038,FAC04,DST01,571,TL,CARF,18909,CC-104
SHP00802,22128237,2025-02-05,2025-02-08,3,L003,FAC01,DST06,1183,LTL,CARC,1224,CC-101
SHP00803,00572791,2025-02-05,2025-02-11,6,L009,FAC01,DST16,2079,LTL,CARB,5489,CC-101
SHP00804,60651137,2025-02-05,2025-02-07,2,L018,FAC02,DST10,561,TL,CARH,37100,CC-102
SHP00805,85972978,2025-02-05,2025-02-08,3,L018,FAC02,DST10,561,LTL,CARB,5597,CC-102
SHP00806,77433373,2025-02-05,2025-02-08,3,L029,FAC03,DST05,1333,LTL,CARA,938,CC-103
SHP00807,38666451,2025-02-05,2025-02-06,1,L041,FAC04,DST07,400,LTL,CARB,242,CC-104
SHP00808,15030420,2025-02-05,2025-02-10,5,L010,FAC01,DST17,1508,LTL,CARC,404,CC-101
SHP00809,34354984,2025-02-05,2025-02-07,2,L038,FAC04,DST01,571,LTL,CARB,609,CC-104
SHP00810,91218647,2025-02-05,2025-02-06,1,L004,FAC01,DST07,477,TL,CARH,33371,CC-101
SHP00811,47162444,2025-02-05,2025-02-08,3,L007,FAC01,DST12,1102,LTL,CARB,1140,CC-101
SHP00812,40187388,2025-02-05,2025-02-08,3,L003,FAC01,DST06,1183,LTL,CARC,352,CC-101
SHP00813,15648371,2025-02-05,2025-02-10,5,L035,FAC03,DST16,2015,LTL,CARA,2888,CC-103
SHP00814,73487289,2025-02-05,2025-02-09,4,L010,FAC01,DST17,1508,LTL,CARA,452,CC-101
SHP00815,38073938,2025-02-05,2025-02-09,4,L002,FAC01,DST05,1430,LTL,CARE,428,CC-101
SHP00816,30671844,2025-02-05,2025-02-11,6,L009,FAC01,DST16,2079,LTL,CARB,4191,CC-101
SHP00817,47053522,2025-02-05,2025-02-06,1,L006,FAC01,DST10,315,LTL,CARB,1171,CC-101
SHP00818,06298349,2025-02-05,2025-02-07,2,L021,FAC02,DST13,841,LTL,CARD,439,CC-102
SHP00819,86639609,2025-02-05,2025-02-07,2,L060,FAC05,DST19,791,LTL,CARA,1201,CC-105
SHP00820,55475293,2025-02-05,2025-02-09,4,L040,FAC04,DST05,1193,LTL,CARB,1629,CC-104
SHP00821,99015760,2025-02-05,2025-02-07,2,L045,FAC04,DST11,743,LTL,CARE,1350,CC-104
SHP00822,77471908,2025-02-05,2025-02-10,5,L049,FAC04,DST17,1818,TL,CARF,38267,CC-104
SHP00823,89559616,2025-02-05,2025-02-08,3,L017,FAC02,DST09,1090,LTL,CARC,746,CC-102
SHP00824,19124453,2025-02-05,2025-02-11,6,L035,FAC03,DST16,2015,LTL,CARD,2069,CC-103
SHP00825,25227066,2025-02-05,2025-02-08,3,L054,FAC05,DST04,624,LTL,CARE,2185,CC-105
SHP00826,62125915,2025-02-05,2025-02-08,3,L040,FAC04,DST05,1193,LTL,CARC,3654,CC-104
SHP00827,05929494,2025-02-05,2025-02-07,2,L042,FAC04,DST08,197,LTL,CARC,195,CC-104
SHP00828,34989376,2025-02-05,2025-02-06,1,L012,FAC01,DST20,323,LTL,CARC,1302,CC-101
SHP00829,69625516,2025-02-06,2025-02-08,2,L012,FAC01,DST20,323,LTL,CARB,303,CC-101
SHP00830,01760502,2025-02-06,2025-02-12,6,L035,FAC03,DST16,2015,LTL,CARA,7500,CC-103
SHP00831,54644374,2025-02-06,2025-02-10,4,L030,FAC03,DST08,1199,LTL,CARC,282,CC-103
SHP00832,00417446,2025-02-06,2025-02-10,4,L033,FAC03,DST14,1061,LTL,CARD,1105,CC-103
SHP00833,78996898,2025-02-06,2025-02-08,2,L051,FAC04,DST19,195,LTL,CARD,132,CC-104
SHP00834,66593998,2025-02-06,2025-02-09,3,L032,FAC03,DST11,545,LTL,CARD,2452,CC-103
SHP00835,78939088,2025-02-06,2025-02-11,5,L034,FAC03,DST15,1485,LTL,CARB,681,CC-103
SHP00836,13664769,2025-02-06,2025-02-11,5,L009,FAC01,DST16,2079,LTL,CARB,412,CC-101
SHP00837,88192408,2025-02-06,2025-02-10,4,L029,FAC03,DST05,1333,LTL,CARA,1708,CC-103
SHP00838,27698857,2025-02-06,2025-02-12,6,L059,FAC05,DST16,2236,LTL,CARB,3246,CC-105
SHP00839,03343886,2025-02-06,2025-02-11,5,L048,FAC04,DST16,2410,TL,CARG,21444,CC-104
SHP00840,41856612,2025-02-06,2025-02-10,4,L040,FAC04,DST05,1193,LTL,CARB,1817,CC-104
SHP00841,44842513,2025-02-06,2025-02-08,2,L055,FAC05,DST06,820,LTL,CARD,986,CC-105
SHP00842,10859205,2025-02-06,2025-02-11,5,L059,FAC05,DST16,2236,LTL,CARB,2562,CC-105
SHP00843,07783206,2025-02-06,2025-02-09,3,L023,FAC02,DST18,513,LTL,CARB,2841,CC-102
SHP00844,10789687,2025-02-06,2025-02-08,2,L024,FAC02,DST19,626,LTL,CARC,649,CC-102
SHP00845,11913824,2025-02-06,2025-02-11,5,L035,FAC03,DST16,2015,LTL,CARD,550,CC-103
SHP00846,66320500,2025-02-06,2025-02-08,2,L037,FAC03,DST20,871,TL,CARG,17967,CC-103
SHP00847,80198062,2025-02-06,2025-02-09,3,L053,FAC05,DST03,1362,TL,CARG,22443,CC-105
SHP00848,90254236,2025-02-06,2025-02-13,7,L048,FAC04,DST16,2410,LTL,CARC,3741,CC-104
SHP00849,56874754,2025-02-06,2025-02-10,4,L026,FAC03,DST02,1557,LTL,CARD,797,CC-103
SHP00850,45108899,2025-02-06,2025-02-09,3,L003,FAC01,DST06,1183,LTL,CARC,1894,CC-101
SHP00851,68909152,2025-02-06,2025-02-11,5,L053,FAC05,DST03,1362,LTL,CARE,857,CC-105
SHP00852,51881784,2025-02-06,2025-02-08,2,L025,FAC02,DST20,384,LTL,CARB,485,CC-102
SHP00853,59679889,2025-02-07,2025-02-08,1,L032,FAC03,DST11,545,TL,CARH,17551,CC-103
SHP00854,52738079,2025-02-07,2025-02-10,3,L017,FAC02,DST09,1090,LTL,CARE,2516,CC-102
SHP00855,74964898,2025-02-07,2025-02-11,4,L035,FAC03,DST16,2015,TL,CARF,37497,CC-103
SHP00856,16817437,2025-02-07,2025-02-08,1,L015,FAC02,DST07,257,LTL,CARD,1459,CC-102
SHP00857,78504352,2025-02-07,2025-02-09,2,L039,FAC04,DST03,771,LTL,CARA,1615,CC-104
SHP00858,05279050,2025-02-07,2025-02-10,3,L016,FAC02,DST08,717,LTL,CARC,153,CC-102
SHP00859,63487217,2025-02-07,2025-02-10,3,L028,FAC03,DST04,1114,LTL,CARC,2623,CC-103
SHP00860,50042345,2025-02-07,2025-02-10,3,L028,FAC03,DST04,1114,LTL,CARC,1160,CC-103
SHP00861,37290406,2025-02-07,2025-02-09,2,L031,FAC03,DST10,657,LTL,CARA,2593,CC-103
SHP00862,57628845,2025-02-07,2025-02-08,1,L012,FAC01,DST20,323,LTL,CARC,2889,CC-101
SHP00863,63820946,2025-02-07,2025-02-10,3,L007,FAC01,DST12,1102,LTL,CARE,3663,CC-101
SHP00864,25588308,2025-02-07,2025-02-10,3,L004,FAC01,DST07,477,LTL,CARA,413,CC-101
SHP00865,21897328,2025-02-07,2025-02-10,3,L004,FAC01,DST07,477,LTL,CARC,1062,CC-101
SHP00866,23745977,2025-02-07,2025-02-09,2,L044,FAC04,DST10,475,LTL,CARB,1025,CC-104
SHP00867,77131953,2025-02-07,2025-02-10,3,L032,FAC03,DST11,545,LTL,CARD,1150,CC-103
SHP00868,29938944,2025-02-07,2025-02-10,3,L014,FAC02,DST03,1123,LTL,CARD,478,CC-102
SHP00869,49042934,2025-02-07,2025-02-09,2,L031,FAC03,DST10,657,LTL,CARA,1178,CC-103
SHP00870,52796402,2025-02-07,2025-02-09,2,L024,FAC02,DST19,626,LTL,CARD,1119,CC-102
SHP00871,54522942,2025-02-07,2025-02-09,2,L050,FAC04,DST18,202,LTL,CARD,2615,CC-104
SHP00872,41476894,2025-02-07,2025-02-10,3,L031,FAC03,DST10,657,LTL,CARA,1345,CC-103
SHP00873,01842672,2025-02-07,2025-02-09,2,L023,FAC02,DST18,513,TL,CARF,23246,CC-102
SHP00874,04422658,2025-02-07,2025-02-13,6,L048,FAC04,DST16,2410,LTL,CARB,464,CC-104
SHP00875,64152904,2025-02-08,2025-02-11,3,L007,FAC01,DST12,1102,LTL,CARB,2574,CC-101
SHP00876,98006636,2025-02-08,2025-02-13,5,L002,FAC01,DST05,1430,LTL,CARE,1366,CC-101
SHP00877,72655084,2025-02-08,2025-02-10,2,L018,FAC02,DST10,561,LTL,CARB,1222,CC-102
SHP00878,26368376,2025-02-08,2025-02-10,2,L011,FAC01,DST18,198,TL,CARG,32750,CC-101
SHP00879,26306966,2025-02-08,2025-02-10,2,L042,FAC04,DST08,197,LTL,CARB,721,CC-104
SHP00880,41506831,2025-02-08,2025-02-12,4,L026,FAC03,DST02,1557,LTL,CARA,286,CC-103
SHP00881,11577394,2025-02-08,2025-02-11,3,L024,FAC02,DST19,626,LTL,CARC,4312,CC-102
SHP00882,81704529,2025-02-08,2025-02-12,4,L022,FAC02,DST14,1906,TL,CARH,34963,CC-102
SHP00883,42864539,2025-02-08,2025-02-09,1,L050,FAC04,DST18,202,TL,CARH,18525,CC-104
SHP00884,44355740,2025-02-08,2025-02-10,2,L044,FAC04,DST10,475,LTL,CARB,434,CC-104
SHP00885,56986435,2025-02-08,2025-02-10,2,L050,FAC04,DST18,202,LTL,CARD,283,CC-104
SHP00886,71035784,2025-02-08,2025-02-10,2,L051,FAC04,DST19,195,LTL,CARB,2136,CC-104
SHP00887,19392623,2025-02-08,2025-02-10,2,L016,FAC02,DST08,717,LTL,CARC,560,CC-102
SHP00888,79918416,2025-02-08,2025-02-12,4,L002,FAC01,DST05,1430,TL,CARF,23034,CC-101
SHP00889,88647716,2025-02-08,2025-02-14,6,L022,FAC02,DST14,1906,LTL,CARE,1611,CC-102
SHP00890,44439024,2025-02-08,2025-02-12,4,L010,FAC01,DST17,1508,TL,CARG,20353,CC-101
SHP00891,94082355,2025-02-08,2025-02-11,3,L037,FAC03,DST20,871,LTL,CARD,1025,CC-103
SHP00892,69241582,2025-02-08,2025-02-09,1,L052,FAC04,DST20,227,TL,CARF,29434,CC-104
SHP00893,45873331,2025-02-08,2025-02-13,5,L046,FAC04,DST14,1996,LTL,CARB,755,CC-104
SHP00894,99211538,2025-02-08,2025-02-11,3,L013,FAC02,DST02,798,LTL,CARB,7005,CC-102
SHP00895,20918638,2025-02-08,2025-02-10,2,L039,FAC04,DST03,771,LTL,CARA,1038,CC-104
SHP00896,51498133,2025-02-08,2025-02-10,2,L024,FAC02,DST19,626,LTL,CARD,1169,CC-102
SHP00897,70098250,2025-02-08,2025-02-11,3,L058,FAC05,DST13,581,LTL,CARA,299,CC-105
SHP00898,85959017,2025-02-09,2025-02-10,1,L011,FAC01,DST18,198,LTL,CARD,3427,CC-101
SHP00899,14106410,2025-02-09,2025-02-12,3,L058,FAC05,DST13,581,LTL,CARA,1009,CC-105
SHP00900,49278146,2025-02-09,2025-02-14,5,L009,FAC01,DST16,2079,LTL,CARE,360,CC-101
SHP00901,65218558,2025-02-09,2025-02-11,2,L044,FAC04,DST10,475,LTL,CARE,1360,CC-104
SHP00902,97690801,2025-02-09,2025-02-13,4,L035,FAC03,DST16,2015,TL,CARF,36186,CC-103
SHP00903,83129033,2025-02-09,2025-02-13,4,L053,FAC05,DST03,1362,LTL,CARA,1315,CC-105
SHP00904,89462660,2025-02-09,2025-02-11,2,L060,FAC05,DST19,791,TL,CARF,36426,CC-105
SHP00905,73358858,2025-02-09,2025-02-10,1,L050,FAC04,DST18,202,TL,CARH,21540,CC-104
SHP00906,68113718,2025-02-09,2025-02-14,5,L046,FAC04,DST14,1996,LTL,CARB,1059,CC-104
SHP00907,08123437,2025-02-09,2025-02-10,1,L052,FAC04,DST20,227,TL,CARF,40101,CC-104
SHP00908,08059753,2025-02-09,2025-02-11,2,L024,FAC02,DST19,626,LTL,CARD,703,CC-102
SHP00909,99375730,2025-02-09,2025-02-13,4,L028,FAC03,DST04,1114,TL,CARG,34975,CC-103
SHP00910,73052490,2025-02-09,2025-02-14,5,L053,FAC05,DST03,1362,LTL,CARA,957,CC-105
SHP00911,83892773,2025-02-09,2025-02-15,6,L047,FAC04,DST15,2368,LTL,CARC,329,CC-104
SHP00912,28335045,2025-02-09,2025-02-11,2,L056,FAC05,DST07,236,LTL,CARE,1217,CC-105
SHP00913,59915320,2025-02-09,2025-02-14,5,L020,FAC02,DST12,1452,LTL,CARA,383,CC-102
SHP00914,08430413,2025-02-09,2025-02-13,4,L040,FAC04,DST05,1193,TL,CARF,33528,CC-104
SHP00915,21746859,2025-02-09,2025-02-11,2,L037,FAC03,DST20,871,LTL,CARD,819,CC-103
SHP00916,91809419,2025-02-09,2025-02-14,5,L008,FAC01,DST14,1742,LTL,CARA,2600,CC-101
SHP00917,67828893,2025-02-09,2025-02-14,5,L026,FAC03,DST02,1557,LTL,CARA,465,CC-103
SHP00918,97422653,2025-02-09,2025-02-14,5,L002,FAC01,DST05,1430,LTL,CARE,366,CC-101
SHP00919,85469064,2025-02-09,2025-02-10,1,L057,FAC05,DST10,289,LTL,CARE,2393,CC-105
SHP00920,23842704,2025-02-09,2025-02-12,3,L034,FAC03,DST15,1485,TL,CARG,32235,CC-103
SHP00921,80951528,2025-02-09,2025-02-14,5,L059,FAC05,DST16,2236,LTL,CARB,692,CC-105
SHP00922,83796692,2025-02-09,2025-02-11,2,L051,FAC04,DST19,195,TL,CARG,18177,CC-104
SHP00923,47210462,2025-02-09,2025-02-10,1,L015,FAC02,DST07,257,TL,CARH,31222,CC-102
SHP00924,89401662,2025-02-09,2025-02-12,3,L017,FAC02,DST09,1090,LTL,CARE,664,CC-102
SHP00925,54225535,2025-02-09,2025-02-11,2,L051,FAC04,DST19,195,LTL,CARD,1727,CC-104
SHP00926,30246494,2025-02-09,2025-02-13,4,L036,FAC03,DST19,1283,LTL,CARC,1452,CC-103
SHP00927,28473341,2025-02-09,2025-02-13,4,L028,FAC03,DST04,1114,TL,CARG,32036,CC-103
SHP00928,86643570,2025-02-10,2025-02-14,4,L002,FAC01,DST05,1430,LTL,CARB,774,CC-101
SHP00929,36148438,2025-02-10,2025-02-12,2,L023,FAC02,DST18,513,LTL,CARB,2511,CC-102
SHP00930,52667104,2025-02-10,2025-02-13,3,L045,FAC04,DST11,743,TL,CARF,41337,CC-104
SHP00931,77871559,2025-02-10,2025-02-13,3,L058,FAC05,DST13,581,LTL,CARA,672,CC-105
SHP00932,70638255,2025-02-10,2025-02-12,2,L018,FAC02,DST10,561,LTL,CARE,3131,CC-102
SHP00933,53368913,2025-02-10,2025-02-14,4,L034,FAC03,DST15,1485,LTL,CARB,777,CC-103
SHP00934,18087052,2025-02-10,2025-02-14,4,L040,FAC04,DST05,1193,LTL,CARC,2674,CC-104
SHP00935,27732411,2025-02-10,2025-02-13,3,L031,FAC03,DST10,657,LTL,CARA,778,CC-103
SHP00936,79051815,2025-02-10,2025-02-12,2,L006,FAC01,DST10,315,LTL,CARE,3143,CC-101
SHP00937,35052828,2025-02-10,2025-02-15,5,L059,FAC05,DST16,2236,LTL,CARB,2230,CC-105
SHP00938,14881608,2025-02-10,2025-02-14,4,L003,FAC01,DST06,1183,LTL,CARC,3798,CC-101
SHP00939,34955918,2025-02-10,2025-02-12,2,L058,FAC05,DST13,581,LTL,CARA,899,CC-105
SHP00940,43627955,2025-02-10,2025-02-15,5,L008,FAC01,DST14,1742,TL,CARH,23579,CC-101
SHP00941,53933425,2025-02-10,2025-02-12,2,L055,FAC05,DST06,820,LTL,CARD,1656,CC-105
SHP00942,49183124,2025-02-10,2025-02-12,2,L055,FAC05,DST06,820,LTL,CARE,406,CC-105
SHP00943,62269784,2025-02-10,2025-02-16,6,L048,FAC04,DST16,2410,LTL,CARC,4802,CC-104
SHP00944,51350085,2025-02-10,2025-02-13,3,L024,FAC02,DST19,626,LTL,CARC,2663,CC-102
SHP00945,10621795,2025-02-10,2025-02-15,5,L008,FAC01,DST14,1742,LTL,CARE,2671,CC-101
SHP00946,84411563,2025-02-10,2025-02-13,3,L032,FAC03,DST11,545,LTL,CARC,510,CC-103
SHP00947,65081416,2025-02-10,2025-02-11,1,L052,FAC04,DST20,227,LTL,CARD,812,CC-104
SHP00948,90036704,2025-02-10,2025-02-11,1,L012,FAC01,DST20,323,LTL,CARC,4545,CC-101
SHP00949,90135467,2025-02-10,2025-02-12,2,L012,FAC01,DST20,323,LTL,CARB,1071,CC-101
SHP00950,08747871,2025-02-10,2025-02-15,5,L046,FAC04,DST14,1996,LTL,CARA,761,CC-104
SHP00951,21520381,2025-02-10,2025-02-13,3,L040,FAC04,DST05,1193,LTL,CARC,634,CC-104
SHP00952,15540852,2025-02-10,2025-02-11,1,L057,FAC05,DST10,289,TL,CARH,21713,CC-105
SHP00953,43235710,2025-02-10,2025-02-12,2,L001,FAC01,DST04,705,LTL,CARC,2608,CC-101
SHP00954,75586037,2025-02-10,2025-02-11,1,L012,FAC01,DST20,323,TL,CARF,22447,CC-101
SHP00955,66200481,2025-02-10,2025-02-16,6,L048,FAC04,DST16,2410,LTL,CARC,343,CC-104
SHP00956,77076647,2025-02-10,2025-02-13,3,L038,FAC04,DST01,571,LTL,CARB,864,CC-104
SHP00957,26187817,2025-02-11,2025-02-14,3,L034,FAC03,DST15,1485,TL,CARG,25375,CC-103
SHP00958,00588967,2025-02-11,2025-02-15,4,L010,FAC01,DST17,1508,TL,CARG,23009,CC-101
SHP00959,14090877,2025-02-11,2025-02-14,3,L013,FAC02,DST02,798,LTL,CARB,1014,CC-102
SHP00960,14502973,2025-02-11,2025-02-14,3,L003,FAC01,DST06,1183,LTL,CARC,951,CC-101
SHP00961,12371597,2025-02-11,2025-02-14,3,L024,FAC02,DST19,626,TL,CARH,38206,CC-102
SHP00962,57209728,2025-02-11,2025-02-13,2,L039,FAC04,DST03,771,LTL,CARA,1554,CC-104
SHP00963,71496827,2025-02-11,2025-02-13,2,L015,FAC02,DST07,257,TL,CARH,37613,CC-102
SHP00964,75206189,2025-02-11,2025-02-15,4,L014,FAC02,DST03,1123,TL,CARH,23038,CC-102
SHP00965,40786598,2025-02-11,2025-02-14,3,L060,FAC05,DST19,791,LTL,CARD,574,CC-105
SHP00966,93961958,2025-02-11,2025-02-16,5,L010,FAC01,DST17,1508,LTL,CARA,2227,CC-101
SHP00967,60599113,2025-02-11,2025-02-14,3,L021,FAC02,DST13,841,TL,CARG,29499,CC-102
SHP00968,27974830,2025-02-11,2025-02-13,2,L045,FAC04,DST11,743,LTL,CARC,6193,CC-104
SHP00969,30963596,2025-02-11,2025-02-13,2,L037,FAC03,DST20,871,LTL,CARE,1821,CC-103
SHP00970,58259341,2025-02-11,2025-02-17,6,L048,FAC04,DST16,2410,LTL,CARB,655,CC-104
SHP00971,55614583,2025-02-11,2025-02-16,5,L008,FAC01,DST14,1742,LTL,CARE,1489,CC-101
SHP00972,06836029,2025-02-11,2025-02-15,4,L026,FAC03,DST02,1557,LTL,CARA,686,CC-103
SHP00973,67158831,2025-02-11,2025-02-13,2,L044,FAC04,DST10,475,LTL,CARB,2145,CC-104
SHP00974,50704569,2025-02-11,2025-02-14,3,L033,FAC03,DST14,1061,TL,CARF,38392,CC-103
SHP00975,96389091,2025-02-11,2025-02-15,4,L008,FAC01,DST14,1742,TL,CARH,22661,CC-101
SHP00976,99914784,2025-02-11,2025-02-16,5,L010,FAC01,DST17,1508,LTL,CARC,2959,CC-101
SHP00977,37640835,2025-02-11,2025-02-16,5,L022,FAC02,DST14,1906,LTL,CARC,2147,CC-102
SHP00978,82603270,2025-02-11,2025-02-13,2,L019,FAC02,DST11,811,LTL,CARC,7204,CC-102
SHP00979,86938755,2025-02-11,2025-02-15,4,L030,FAC03,DST08,1199,LTL,CARD,328,CC-103
SHP00980,01322011,2025-02-11,2025-02-12,1,L005,FAC01,DST08,284,LTL,CARB,1567,CC-101
SHP00981,92585545,2025-02-12,2025-02-13,1,L057,FAC05,DST10,289,LTL,CARE,1190,CC-105
SHP00982,88236879,2025-02-12,2025-02-15,3,L037,FAC03,DST20,871,LTL,CARE,1676,CC-103
SHP00983,89390151,2025-02-12,2025-02-14,2,L019,FAC02,DST11,811,TL,CARH,16879,CC-102
SHP00984,43196517,2025-02-12,2025-02-15,3,L016,FAC02,DST08,717,TL,CARG,32685,CC-102
SHP00985,35015620,2025-02-12,2025-02-16,4,L053,FAC05,DST03,1362,LTL,CARE,2276,CC-105
SHP00986,89226084,2025-02-12,2025-02-15,3,L032,FAC03,DST11,545,LTL,CARD,1774,CC-103
SHP00987,47073936,2025-02-12,2025-02-13,1,L050,FAC04,DST18,202,LTL,CARD,1152,CC-104
SHP00988,83204209,2025-02-12,2025-02-15,3,L019,FAC02,DST11,811,LTL,CARD,1468,CC-102
SHP00989,11956337,2025-02-12,2025-02-17,5,L035,FAC03,DST16,2015,TL,CARF,25233,CC-103
SHP00990,56336161,2025-02-12,2025-02-17,5,L049,FAC04,DST17,1818,LTL,CARC,1868,CC-104
SHP00991,58659643,2025-02-12,2025-02-13,1,L052,FAC04,DST20,227,LTL,CARE,823,CC-104
SHP00992,27986231,2025-02-12,2025-02-15,3,L021,FAC02,DST13,841,LTL,CARD,1550,CC-102
SHP00993,95608923,2025-02-12,2025-02-13,1,L005,FAC01,DST08,284,LTL,CARB,3615,CC-101
SHP00994,16718113,2025-02-12,2025-02-15,3,L030,FAC03,DST08,1199,LTL,CARD,724,CC-103
SHP00995,40980263,2025-02-12,2025-02-14,2,L023,FAC02,DST18,513,LTL,CARD,5078,CC-102
SHP00996,74533584,2025-02-12,2025-02-14,2,L013,FAC02,DST02,798,TL,CARF,34538,CC-102
SHP00997,61805144,2025-02-12,2025-02-14,2,L011,FAC01,DST18,198,LTL,CARE,832,CC-101
SHP00998,22917012,2025-02-12,2025-02-15,3,L060,FAC05,DST19,791,LTL,CARD,1106,CC-105
SHP00999,68856627,2025-02-12,2025-02-15,3,L028,FAC03,DST04,1114,TL,CARG,29762,CC-103
SHP01000,41060896,2025-02-12,2025-02-15,3,L018,FAC02,DST10,561,LTL,CARE,1495,CC-102
SHP01001,45730305,2025-02-12,2025-02-15,3,L030,FAC03,DST08,1199,LTL,CARC,431,CC-103
SHP01002,65027989,2025-02-12,2025-02-17,5,L009,FAC01,DST16,2079,LTL,CARB,239,CC-101
SHP01003,80510133,2025-02-12,2025-02-14,2,L011,FAC01,DST18,198,LTL,CARD,1482,CC-101
SHP01004,18510619,2025-02-12,2025-02-15,3,L023,FAC02,DST18,513,LTL,CARD,1112,CC-102
SHP01005,41045141,2025-02-12,2025-02-15,3,L023,FAC02,DST18,513,LTL,CARB,1713,CC-102
SHP01006,51711879,2025-02-12,2025-02-16,4,L029,FAC03,DST05,1333,LTL,CARA,1817,CC-103
SHP01007,98033955,2025-02-12,2025-02-15,3,L004,FAC01,DST07,477,LTL,CARC,659,CC-101
SHP01008,01964399,2025-02-12,2025-02-13,1,L012,FAC01,DST20,323,LTL,CARB,705,CC-101
SHP01009,17681696,2025-02-12,2025-02-14,2,L037,FAC03,DST20,871,LTL,CARD,871,CC-103
SHP01010,22102657,2025-02-12,2025-02-14,2,L042,FAC04,DST08,197,LTL,CARC,699,CC-104
SHP01011,62276070,2025-02-12,2025-02-16,4,L040,FAC04,DST05,1193,LTL,CARC,2711,CC-104
SHP01012,83131321,2025-02-12,2025-02-17,5,L059,FAC05,DST16,2236,LTL,CARA,2633,CC-105
SHP01013,65510549,2025-02-12,2025-02-17,5,L059,FAC05,DST16,2236,TL,CARH,23114,CC-105
SHP01014,37991198,2025-02-12,2025-02-14,2,L044,FAC04,DST10,475,LTL,CARB,2588,CC-104
SHP01015,61147418,2025-02-12,2025-02-17,5,L009,FAC01,DST16,2079,LTL,CARE,980,CC-101
SHP01016,02112896,2025-02-13,2025-02-15,2,L060,FAC05,DST19,791,LTL,CARA,4173,CC-105
SHP01017,84835887,2025-02-13,2025-02-16,3,L037,FAC03,DST20,871,TL,CARG,32755,CC-103
SHP01018,98240103,2025-02-13,2025-02-18,5,L034,FAC03,DST15,1485,LTL,CARA,1468,CC-103
SHP01019,40051748,2025-02-13,2025-02-16,3,L033,FAC03,DST14,1061,LTL,CARD,3143,CC-103
SHP01020,92792069,2025-02-13,2025-02-15,2,L031,FAC03,DST10,657,LTL,CARC,1391,CC-103
SHP01021,25330026,2025-02-13,2025-02-16,3,L003,FAC01,DST06,1183,TL,CARG,17220,CC-101
SHP01022,56207590,2025-02-13,2025-02-16,3,L019,FAC02,DST11,811,TL,CARH,23858,CC-102
SHP01023,40834557,2025-02-13,2025-02-17,4,L010,FAC01,DST17,1508,LTL,CARC,4501,CC-101
SHP01024,63186191,2025-02-13,2025-02-15,2,L023,FAC02,DST18,513,LTL,CARB,967,CC-102
SHP01025,35666825,2025-02-13,2025-02-17,4,L008,FAC01,DST14,1742,LTL,CARA,743,CC-101
SHP01026,12707714,2025-02-13,2025-02-18,5,L034,FAC03,DST15,1485,LTL,CARB,532,CC-103
SHP01027,22184259,2025-02-13,2025-02-15,2,L052,FAC04,DST20,227,LTL,CARE,809,CC-104
SHP01028,03642648,2025-02-13,2025-02-15,2,L057,FAC05,DST10,289,TL,CARH,24347,CC-105
SHP01029,23301521,2025-02-13,2025-02-16,3,L039,FAC04,DST03,771,LTL,CARA,337,CC-104
SHP01030,87547302,2025-02-13,2025-02-17,4,L014,FAC02,DST03,1123,LTL,CARD,7500,CC-102
SHP01031,73530535,2025-02-13,2025-02-20,7,L048,FAC04,DST16,2410,LTL,CARB,2719,CC-104
SHP01032,63303655,2025-02-13,2025-02-16,3,L001,FAC01,DST04,705,LTL,CARC,996,CC-101
SHP01033,15144713,2025-02-13,2025-02-16,3,L054,FAC05,DST04,624,LTL,CARB,1063,CC-105
SHP01034,28012163,2025-02-13,2025-02-15,2,L044,FAC04,DST10,475,LTL,CARB,916,CC-104
SHP01035,71771649,2025-02-13,2025-02-15,2,L011,FAC01,DST18,198,LTL,CARD,2643,CC-101
SHP01036,96437567,2025-02-13,2025-02-17,4,L033,FAC03,DST14,1061,LTL,CARB,3521,CC-103
SHP01037,74693289,2025-02-13,2025-02-16,3,L003,FAC01,DST06,1183,LTL,CARC,3351,CC-101
SHP01038,21698254,2025-02-13,2025-02-15,2,L031,FAC03,DST10,657,LTL,CARC,616,CC-103
SHP01039,12515759,2025-02-13,2025-02-15,2,L058,FAC05,DST13,581,TL,CARG,36451,CC-105
SHP01040,85024748,2025-02-13,2025-02-15,2,L001,FAC01,DST04,705,LTL,CARA,248,CC-101
SHP01041,87157115,2025-02-13,2025-02-19,6,L059,FAC05,DST16,2236,LTL,CARB,193,CC-105
SHP01042,16469055,2025-02-13,2025-02-15,2,L051,FAC04,DST19,195,TL,CARG,32013,CC-104
SHP01043,34304706,2025-02-13,2025-02-17,4,L007,FAC01,DST12,1102,LTL,CARE,1333,CC-101
SHP01044,28173738,2025-02-13,2025-02-16,3,L018,FAC02,DST10,561,TL,CARH,35543,CC-102
SHP01045,02398069,2025-02-14,2025-02-16,2,L058,FAC05,DST13,581,LTL,CARA,574,CC-105
SHP01046,10691482,2025-02-14,2025-02-16,2,L032,FAC03,DST11,545,TL,CARH,18204,CC-103
SHP01047,26736885,2025-02-14,2025-02-20,6,L009,FAC01,DST16,2079,LTL,CARE,1942,CC-101
SHP01048,02197786,2025-02-14,2025-02-16,2,L058,FAC05,DST13,581,LTL,CARD,1626,CC-105
SHP01049,84391942,2025-02-14,2025-02-15,1,L050,FAC04,DST18,202,LTL,CARC,1341,CC-104
SHP01050,29448307,2025-02-14,2025-02-21,7,L048,FAC04,DST16,2410,LTL,CARB,499,CC-104
SHP01051,26211882,2025-02-14,2025-02-17,3,L039,FAC04,DST03,771,LTL,CARA,1046,CC-104
SHP01052,74832209,2025-02-14,2025-02-15,1,L041,FAC04,DST07,400,TL,CARH,17192,CC-104
SHP01053,05718318,2025-02-14,2025-02-16,2,L015,FAC02,DST07,257,TL,CARH,20042,CC-102
SHP01054,90634286,2025-02-14,2025-02-19,5,L046,FAC04,DST14,1996,TL,CARF,17209,CC-104
SHP01055,87328714,2025-02-14,2025-02-17,3,L021,FAC02,DST13,841,TL,CARG,18305,CC-102
SHP01056,39627852,2025-02-14,2025-02-20,6,L009,FAC01,DST16,2079,LTL,CARE,977,CC-101
SHP01057,23119893,2025-02-14,2025-02-16,2,L001,FAC01,DST04,705,LTL,CARC,1427,CC-101
SHP01058,45102226,2025-02-14,2025-02-16,2,L045,FAC04,DST11,743,LTL,CARE,1781,CC-104
SHP01059,10226047,2025-02-14,2025-02-20,6,L022,FAC02,DST14,1906,LTL,CARC,1102,CC-102
SHP01060,84389753,2025-02-14,2025-02-17,3,L021,FAC02,DST13,841,LTL,CARB,1774,CC-102
SHP01061,89246064,2025-02-14,2025-02-18,4,L028,FAC03,DST04,1114,LTL,CARE,1292,CC-103
SHP01062,19872218,2025-02-14,2025-02-15,1,L056,FAC05,DST07,236,TL,CARG,40125,CC-105
SHP01063,84266987,2025-02-14,2025-02-16,2,L043,FAC04,DST09,753,LTL,CARE,976,CC-104
SHP01064,50228719,2025-02-14,2025-02-16,2,L037,FAC03,DST20,871,LTL,CARE,1950,CC-103
SHP01065,20001313,2025-02-14,2025-02-16,2,L018,FAC02,DST10,561,LTL,CARB,765,CC-102
SHP01066,94920074,2025-02-15,2025-02-17,2,L016,FAC02,DST08,717,LTL,CARC,1790,CC-102
SHP01067,78544700,2025-02-15,2025-02-17,2,L018,FAC02,DST10,561,LTL,CARB,1156,CC-102
SHP01068,30508601,2025-02-15,2025-02-20,5,L008,FAC01,DST14,1742,LTL,CARA,2055,CC-101
SHP01069,86714843,2025-02-15,2025-02-18,3,L043,FAC04,DST09,753,LTL,CARC,949,CC-104
SHP01070,01891627,2025-02-15,2025-02-18,3,L004,FAC01,DST07,477,LTL,CARA,1414,CC-101
SHP01071,90946952,2025-02-15,2025-02-18,3,L019,FAC02,DST11,811,LTL,CARD,588,CC-102
SHP01072,67509168,2025-02-15,2025-02-17,2,L015,FAC02,DST07,257,TL,CARH,33199,CC-102
SHP01073,93800461,2025-02-15,2025-02-18,3,L055,FAC05,DST06,820,LTL,CARD,468,CC-105
SHP01074,52962383,2025-02-15,2025-02-18,3,L021,FAC02,DST13,841,LTL,CARB,682,CC-102
SHP01075,74755240,2025-02-15,2025-02-17,2,L005,FAC01,DST08,284,LTL,CARD,4448,CC-101
SHP01076,54158043,2025-02-15,2025-02-18,3,L019,FAC02,DST11,811,TL,CARH,17181,CC-102
SHP01077,41467220,2025-02-15,2025-02-16,1,L051,FAC04,DST19,195,LTL,CARD,724,CC-104
SHP01078,55138546,2025-02-15,2025-02-20,5,L010,FAC01,DST17,1508,LTL,CARC,1827,CC-101
SHP01079,57130437,2025-02-15,2025-02-17,2,L006,FAC01,DST10,315,TL,CARF,17266,CC-101
SHP01080,23962182,2025-02-15,2025-02-18,3,L033,FAC03,DST14,1061,LTL,CARD,1716,CC-103
SHP01081,37602547,2025-02-15,2025-02-20,5,L053,FAC05,DST03,1362,LTL,CARA,5223,CC-105
SHP01082,77730121,2025-02-15,2025-02-19,4,L008,FAC01,DST14,1742,LTL,CARA,4198,CC-101
SHP01083,44057827,2025-02-15,2025-02-17,2,L019,FAC02,DST11,811,LTL,CARD,238,CC-102
SHP01084,73930015,2025-02-15,2025-02-16,1,L015,FAC02,DST07,257,LTL,CARB,1360,CC-102
SHP01085,80712249,2025-02-15,2025-02-16,1,L015,FAC02,DST07,257,LTL,CARD,3188,CC-102
SHP01086,47805174,2025-02-15,2025-02-18,3,L039,FAC04,DST03,771,LTL,CARE,1870,CC-104
SHP01087,67957315,2025-02-15,2025-02-19,4,L026,FAC03,DST02,1557,LTL,CARD,1196,CC-103
SHP01088,98473033,2025-02-15,2025-02-18,3,L033,FAC03,DST14,1061,LTL,CARB,2552,CC-103
SHP01089,09572421,2025-02-15,2025-02-20,5,L026,FAC03,DST02,1557,LTL,CARD,1579,CC-103
SHP01090,45714526,2025-02-15,2025-02-16,1,L051,FAC04,DST19,195,LTL,CARD,615,CC-104
SHP01091,59292970,2025-02-16,2025-02-18,2,L045,FAC04,DST11,743,LTL,CARC,3039,CC-104
SHP01092,74574648,2025-02-16,2025-02-21,5,L059,FAC05,DST16,2236,LTL,CARA,7500,CC-105
SHP01093,94641897,2025-02-16,2025-02-18,2,L018,FAC02,DST10,561,LTL,CARB,408,CC-102
SHP01094,50250327,2025-02-16,2025-02-19,3,L019,FAC02,DST11,811,LTL,CARC,1304,CC-102
SHP01095,81851533,2025-02-16,2025-02-19,3,L001,FAC01,DST04,705,LTL,CARC,756,CC-101
SHP01096,43731550,2025-02-16,2025-02-18,2,L038,FAC04,DST01,571,LTL,CARB,1340,CC-104
SHP01097,28058262,2025-02-16,2025-02-17,1,L025,FAC02,DST20,384,LTL,CARB,5305,CC-102
SHP01098,29539483,2025-02-16,2025-02-18,2,L004,FAC01,DST07,477,LTL,CARA,2164,CC-101
SHP01099,50976315,2025-02-16,2025-02-19,3,L044,FAC04,DST10,475,LTL,CARB,546,CC-104
SHP01100,70079494,2025-02-16,2025-02-18,2,L023,FAC02,DST18,513,TL,CARF,32118,CC-102
SHP01101,35314654,2025-02-16,2025-02-21,5,L049,FAC04,DST17,1818,TL,CARF,23438,CC-104
SHP01102,10394775,2025-02-16,2025-02-19,3,L007,FAC01,DST12,1102,TL,CARF,37775,CC-101
SHP01103,56396247,2025-02-16,2025-02-21,5,L002,FAC01,DST05,1430,LTL,CARE,1186,CC-101
SHP01104,28878858,2025-02-16,2025-02-19,3,L036,FAC03,DST19,1283,LTL,CARC,2334,CC-103
SHP01105,19394357,2025-02-16,2025-02-19,3,L038,FAC04,DST01,571,TL,CARF,39858,CC-104
SHP01106,07874568,2025-02-16,2025-02-18,2,L023,FAC02,DST18,513,LTL,CARB,314,CC-102
SHP01107,55561307,2025-02-16,2025-02-20,4,L020,FAC02,DST12,1452,LTL,CARB,806,CC-102
SHP01108,74614606,2025-02-16,2025-02-19,3,L018,FAC02,DST10,561,LTL,CARB,5516,CC-102
SHP01109,45743410,2025-02-16,2025-02-19,3,L045,FAC04,DST11,743,LTL,CARC,7266,CC-104
SHP01110,85882239,2025-02-16,2025-02-20,4,L028,FAC03,DST04,1114,TL,CARG,18235,CC-103
SHP01111,96339133,2025-02-16,2025-02-19,3,L024,FAC02,DST19,626,LTL,CARC,930,CC-102
SHP01112,06374447,2025-02-16,2025-02-20,4,L014,FAC02,DST03,1123,LTL,CARD,1245,CC-102
SHP01113,32795784,2025-02-16,2025-02-19,3,L031,FAC03,DST10,657,LTL,CARA,6746,CC-103
SHP01114,00436588,2025-02-16,2025-02-19,3,L030,FAC03,DST08,1199,TL,CARF,37353,CC-103
SHP01115,84785265,2025-02-17,2025-02-21,4,L017,FAC02,DST09,1090,LTL,CARE,1182,CC-102
SHP01116,70710415,2025-02-17,2025-02-21,4,L014,FAC02,DST03,1123,TL,CARH,37851,CC-102
SHP01117,28099579,2025-02-17,2025-02-20,3,L030,FAC03,DST08,1199,LTL,CARC,413,CC-103
SHP01118,91550787,2025-02-17,2025-02-19,2,L042,FAC04,DST08,197,LTL,CARC,1294,CC-104
SHP01119,73730986,2025-02-17,2025-02-20,3,L039,FAC04,DST03,771,TL,CARG,41923,CC-104
SHP01120,20851976,2025-02-17,2025-02-22,5,L053,FAC05,DST03,1362,LTL,CARA,2263,CC-105
SHP01121,51622172,2025-02-17,2025-02-21,4,L002,FAC01,DST05,1430,LTL,CARE,522,CC-101
SHP01122,39002867,2025-02-17,2025-02-18,1,L032,FAC03,DST11,545,TL,CARH,29516,CC-103
SHP01123,17468997,2025-02-17,2025-02-19,2,L043,FAC04,DST09,753,LTL,CARE,1668,CC-104
SHP01124,98396017,2025-02-17,2025-02-20,3,L031,FAC03,DST10,657,LTL,CARC,1758,CC-103
SHP01125,46273040,2025-02-17,2025-02-19,2,L016,FAC02,DST08,717,LTL,CARC,1168,CC-102
SHP01126,88644634,2025-02-17,2025-02-21,4,L053,FAC05,DST03,1362,LTL,CARA,326,CC-105
SHP01127,29753599,2025-02-17,2025-02-18,1,L004,FAC01,DST07,477,TL,CARH,25191,CC-101
SHP01128,27877702,2025-02-17,2025-02-22,5,L059,FAC05,DST16,2236,LTL,CARB,632,CC-105
SHP01129,73511142,2025-02-17,2025-02-18,1,L015,FAC02,DST07,257,TL,CARH,32860,CC-102
SHP01130,24093949,2025-02-17,2025-02-18,1,L041,FAC04,DST07,400,LTL,CARB,444,CC-104
SHP01131,83483722,2025-02-17,2025-02-19,2,L011,FAC01,DST18,198,LTL,CARD,2908,CC-101
SHP01132,63758384,2025-02-17,2025-02-21,4,L034,FAC03,DST15,1485,LTL,CARB,430,CC-103
SHP01133,40799786,2025-02-17,2025-02-20,3,L024,FAC02,DST19,626,LTL,CARC,3461,CC-102
SHP01134,62711035,2025-02-18,2025-02-21,3,L033,FAC03,DST14,1061,LTL,CARD,169,CC-103
SHP01135,76247150,2025-02-18,2025-02-24,6,L027,FAC03,DST03,1859,LTL,CARD,283,CC-103
SHP01136,77434343,2025-02-18,2025-02-21,3,L043,FAC04,DST09,753,LTL,CARE,523,CC-104
SHP01137,74305790,2025-02-18,2025-02-20,2,L038,FAC04,DST01,571,LTL,CARD,2042,CC-104
SHP01138,22666864,2025-02-18,2025-02-20,2,L045,FAC04,DST11,743,LTL,CARC,1173,CC-104
SHP01139,00689829,2025-02-18,2025-02-24,6,L048,FAC04,DST16,2410,LTL,CARC,1706,CC-104
SHP01140,73460618,2025-02-18,2025-02-21,3,L014,FAC02,DST03,1123,TL,CARH,18361,CC-102
SHP01141,00583157,2025-02-18,2025-02-22,4,L007,FAC01,DST12,1102,TL,CARF,24347,CC-101
SHP01142,43646055,2025-02-18,2025-02-20,2,L041,FAC04,DST07,400,TL,CARH,27154,CC-104
SHP01143,63927887,2025-02-18,2025-02-23,5,L035,FAC03,DST16,2015,LTL,CARD,1070,CC-103
SHP01144,33959598,2025-02-18,2025-02-20,2,L004,FAC01,DST07,477,LTL,CARA,1567,CC-101
SHP01145,35466508,2025-02-18,2025-02-20,2,L011,FAC01,DST18,198,LTL,CARD,7423,CC-101
SHP01146,79368924,2025-02-18,2025-02-19,1,L025,FAC02,DST20,384,TL,CARG,40852,CC-102
SHP01147,74303665,2025-02-18,2025-02-20,2,L025,FAC02,DST20,384,LTL,CARA,1215,CC-102
SHP01148,08446848,2025-02-18,2025-02-20,2,L004,FAC01,DST07,477,LTL,CARA,828,CC-101
SHP01149,96244792,2025-02-18,2025-02-19,1,L005,FAC01,DST08,284,LTL,CARD,487,CC-101
SHP01150,45694057,2025-02-18,2025-02-21,3,L003,FAC01,DST06,1183,LTL,CARC,1727,CC-101
SHP01151,69379316,2025-02-18,2025-02-21,3,L004,FAC01,DST07,477,LTL,CARC,3702,CC-101
SHP01152,28341119,2025-02-18,2025-02-21,3,L016,FAC02,DST08,717,LTL,CARC,633,CC-102
SHP01153,10394622,2025-02-18,2025-02-19,1,L005,FAC01,DST08,284,LTL,CARB,3142,CC-101
SHP01154,96716297,2025-02-18,2025-02-21,3,L060,FAC05,DST19,791,TL,CARF,15806,CC-105
SHP01155,54095635,2025-02-18,2025-02-22,4,L029,FAC03,DST05,1333,LTL,CARA,1398,CC-103
SHP01156,27962846,2025-02-19,2025-02-25,6,L027,FAC03,DST03,1859,LTL,CARD,1238,CC-103
SHP01157,93378113,2025-02-19,2025-02-23,4,L035,FAC03,DST16,2015,TL,CARF,21321,CC-103
SHP01158,15943828,2025-02-19,2025-02-24,5,L053,FAC05,DST03,1362,LTL,CARE,2527,CC-105
SHP01159,56349801,2025-02-19,2025-02-23,4,L034,FAC03,DST15,1485,LTL,CARB,1136,CC-103
SHP01160,42936933,2025-02-19,2025-02-21,2,L023,FAC02,DST18,513,LTL,CARB,1506,CC-102
SHP01161,64537440,2025-02-19,2025-02-22,3,L001,FAC01,DST04,705,LTL,CARA,651,CC-101
SHP01162,71964976,2025-02-19,2025-02-22,3,L039,FAC04,DST03,771,TL,CARG,40835,CC-104
SHP01163,60448178,2025-02-19,2025-02-25,6,L059,FAC05,DST16,2236,LTL,CARA,589,CC-105
SHP01164,08592968,2025-02-19,2025-02-24,5,L046,FAC04,DST14,1996,TL,CARF,31142,CC-104
SHP01165,92808160,2025-02-19,2025-02-25,6,L059,FAC05,DST16,2236,LTL,CARB,985,CC-105
SHP01166,01566604,2025-02-19,2025-02-24,5,L010,FAC01,DST17,1508,LTL,CARC,6990,CC-101
SHP01167,35597911,2025-02-19,2025-02-21,2,L051,FAC04,DST19,195,TL,CARG,16606,CC-104
SHP01168,90295021,2025-02-19,2025-02-23,4,L053,FAC05,DST03,1362,TL,CARG,38801,CC-105
SHP01169,72391013,2025-02-19,2025-02-21,2,L001,FAC01,DST04,705,TL,CARG,27977,CC-101
SHP01170,05706174,2025-02-19,2025-02-25,6,L047,FAC04,DST15,2368,LTL,CARD,4093,CC-104
SHP01171,38251798,2025-02-19,2025-02-21,2,L060,FAC05,DST19,791,LTL,CARA,1481,CC-105
SHP01172,50338946,2025-02-19,2025-02-24,5,L026,FAC03,DST02,1557,LTL,CARD,1762,CC-103
SHP01173,56020327,2025-02-19,2025-02-23,4,L003,FAC01,DST06,1183,LTL,CARC,2194,CC-101
SHP01174,62764179,2025-02-19,2025-02-23,4,L007,FAC01,DST12,1102,LTL,CARE,1848,CC-101
SHP01175,97782292,2025-02-19,2025-02-20,1,L004,FAC01,DST07,477,TL,CARH,35071,CC-101
SHP01176,58931774,2025-02-19,2025-02-20,1,L004,FAC01,DST07,477,TL,CARH,15066,CC-101
SHP01177,11437349,2025-02-19,2025-02-22,3,L033,FAC03,DST14,1061,LTL,CARD,3902,CC-103
SHP01178,85207654,2025-02-19,2025-02-25,6,L027,FAC03,DST03,1859,LTL,CARA,2088,CC-103
SHP01179,56023974,2025-02-19,2025-02-23,4,L034,FAC03,DST15,1485,LTL,CARB,600,CC-103
SHP01180,63941433,2025-02-19,2025-02-23,4,L002,FAC01,DST05,1430,LTL,CARB,2969,CC-101
SHP01181,88850562,2025-02-19,2025-02-22,3,L037,FAC03,DST20,871,LTL,CARE,1623,CC-103
SHP01182,53910757,2025-02-19,2025-02-24,5,L009,FAC01,DST16,2079,TL,CARG,29958,CC-101
SHP01183,43670886,2025-02-20,2025-02-21,1,L023,FAC02,DST18,513,TL,CARF,21795,CC-102
SHP01184,89256955,2025-02-20,2025-02-22,2,L006,FAC01,DST10,315,LTL,CARE,512,CC-101
SHP01185,68536786,2025-02-20,2025-02-23,3,L004,FAC01,DST07,477,LTL,CARA,4436,CC-101
SHP01186,86561083,2025-02-20,2025-02-25,5,L035,FAC03,DST16,2015,LTL,CARA,871,CC-103
SHP01187,70906750,2025-02-20,2025-02-22,2,L011,FAC01,DST18,198,LTL,CARE,630,CC-101
SHP01188,06211961,2025-02-20,2025-02-22,2,L054,FAC05,DST04,624,LTL,CARB,541,CC-105
SHP01189,29244237,2025-02-20,2025-02-24,4,L014,FAC02,DST03,1123,LTL,CARD,451,CC-102
SHP01190,20858050,2025-02-20,2025-02-22,2,L021,FAC02,DST13,841,LTL,CARD,941,CC-102
SHP01191,00858146,2025-02-20,2025-02-23,3,L040,FAC04,DST05,1193,LTL,CARC,1325,CC-104
SHP01192,42127587,2025-02-20,2025-02-21,1,L042,FAC04,DST08,197,LTL,CARB,2313,CC-104
SHP01193,53256659,2025-02-20,2025-02-24,4,L053,FAC05,DST03,1362,LTL,CARE,1349,CC-105
SHP01194,34981635,2025-02-20,2025-02-24,4,L008,FAC01,DST14,1742,LTL,CARA,1295,CC-101
SHP01195,49714612,2025-02-20,2025-02-22,2,L001,FAC01,DST04,705,TL,CARG,33191,CC-101
SHP01196,82522674,2025-02-20,2025-02-23,3,L018,FAC02,DST10,561,LTL,CARB,2825,CC-102
SHP01197,86097108,2025-02-20,2025-02-26,6,L047,FAC04,DST15,2368,TL,CARF,40705,CC-104
SHP01198,96780779,2025-02-20,2025-02-24,4,L008,FAC01,DST14,1742,LTL,CARE,1253,CC-101
SHP01199,51454005,2025-02-20,2025-02-21,1,L012,FAC01,DST20,323,LTL,CARC,475,CC-101
SHP01200,39036146,2025-02-21,2025-02-23,2,L037,FAC03,DST20,871,TL,CARG,31512,CC-103
SHP01201,51355949,2025-02-21,2025-02-24,3,L002,FAC01,DST05,1430,TL,CARF,39151,CC-101
SHP01202,40033283,2025-02-21,2025-02-23,2,L039,FAC04,DST03,771,LTL,CARA,430,CC-104
SHP01203,41812860,2025-02-21,2025-02-25,4,L010,FAC01,DST17,1508,TL,CARG,27243,CC-101
SHP01204,82792307,2025-02-21,2025-02-24,3,L020,FAC02,DST12,1452,TL,CARG,32175,CC-102
SHP01205,78971133,2025-02-21,2025-02-27,6,L009,FAC01,DST16,2079,LTL,CARE,424,CC-101
SHP01206,53600393,2025-02-21,2025-02-25,4,L003,FAC01,DST06,1183,LTL,CARD,1472,CC-101
SHP01207,36527479,2025-02-21,2025-02-25,4,L007,FAC01,DST12,1102,TL,CARF,20684,CC-101
SHP01208,17049724,2025-02-21,2025-02-24,3,L058,FAC05,DST13,581,TL,CARG,24431,CC-105
SHP01209,52914320,2025-02-21,2025-02-28,7,L047,FAC04,DST15,2368,LTL,CARC,1820,CC-104
SHP01210,31975703,2025-02-21,2025-02-22,1,L015,FAC02,DST07,257,LTL,CARB,1225,CC-102
SHP01211,14067627,2025-02-21,2025-02-23,2,L050,FAC04,DST18,202,TL,CARH,23319,CC-104
SHP01212,19213189,2025-02-21,2025-02-28,7,L047,FAC04,DST15,2368,LTL,CARD,5336,CC-104
SHP01213,56894401,2025-02-21,2025-02-23,2,L006,FAC01,DST10,315,LTL,CARE,2079,CC-101
SHP01214,45935415,2025-02-21,2025-02-22,1,L032,FAC03,DST11,545,TL,CARH,31619,CC-103
SHP01215,17349204,2025-02-21,2025-02-23,2,L054,FAC05,DST04,624,LTL,CARB,3646,CC-105
SHP01216,40610133,2025-02-21,2025-02-23,2,L044,FAC04,DST10,475,LTL,CARE,2699,CC-104
SHP01217,48920881,2025-02-21,2025-02-26,5,L035,FAC03,DST16,2015,LTL,CARA,718,CC-103
SHP01218,71158532,2025-02-21,2025-02-23,2,L056,FAC05,DST07,236,LTL,CARE,723,CC-105
SHP01219,02636020,2025-02-21,2025-02-25,4,L028,FAC03,DST04,1114,LTL,CARE,654,CC-103
SHP01220,09203887,2025-02-21,2025-02-24,3,L017,FAC02,DST09,1090,LTL,CARE,2360,CC-102
SHP01221,26430341,2025-02-21,2025-02-22,1,L050,FAC04,DST18,202,LTL,CARD,4003,CC-104
SHP01222,59955498,2025-02-21,2025-02-24,3,L040,FAC04,DST05,1193,LTL,CARC,361,CC-104
SHP01223,09218830,2025-02-21,2025-02-25,4,L017,FAC02,DST09,1090,LTL,CARC,318,CC-102
SHP01224,62958059,2025-02-21,2025-02-23,2,L058,FAC05,DST13,581,LTL,CARA,1478,CC-105
SHP01225,64835338,2025-02-21,2025-02-27,6,L049,FAC04,DST17,1818,LTL,CARC,318,CC-104
SHP01226,07305273,2025-02-21,2025-02-23,2,L016,FAC02,DST08,717,LTL,CARE,2797,CC-102
SHP01227,12195914,2025-02-21,2025-02-27,6,L047,FAC04,DST15,2368,TL,CARF,34996,CC-104
SHP01228,07058725,2025-02-21,2025-02-24,3,L044,FAC04,DST10,475,LTL,CARB,284,CC-104
SHP01229,82411802,2025-02-21,2025-02-23,2,L056,FAC05,DST07,236,LTL,CARD,3885,CC-105
SHP01230,84380704,2025-02-21,2025-02-26,5,L026,FAC03,DST02,1557,LTL,CARA,312,CC-103
SHP01231,85815939,2025-02-21,2025-02-24,3,L032,FAC03,DST11,545,LTL,CARD,1388,CC-103
SHP01232,67039562,2025-02-21,2025-02-23,2,L060,FAC05,DST19,791,TL,CARF,20673,CC-105
SHP01233,53243736,2025-02-21,2025-02-24,3,L026,FAC03,DST02,1557,TL,CARH,19652,CC-103
SHP01234,60983083,2025-02-22,2025-02-25,3,L039,FAC04,DST03,771,LTL,CARE,528,CC-104
SHP01235,14813994,2025-02-22,2025-02-27,5,L035,FAC03,DST16,2015,TL,CARF,21668,CC-103
SHP01236,94150137,2025-02-22,2025-02-26,4,L029,FAC03,DST05,1333,LTL,CARD,1049,CC-103
SHP01237,05569730,2025-02-22,2025-02-26,4,L002,FAC01,DST05,1430,LTL,CARB,3060,CC-101
SHP01238,26882565,2025-02-22,2025-02-25,3,L058,FAC05,DST13,581,TL,CARG,26311,CC-105
SHP01239,13281891,2025-02-22,2025-02-26,4,L034,FAC03,DST15,1485,LTL,CARA,1813,CC-103
SHP01240,28518228,2025-02-22,2025-02-24,2,L015,FAC02,DST07,257,TL,CARH,26610,CC-102
SHP01241,94792613,2025-02-22,2025-02-26,4,L017,FAC02,DST09,1090,LTL,CARE,802,CC-102
SHP01242,76113508,2025-02-22,2025-02-26,4,L033,FAC03,DST14,1061,LTL,CARB,542,CC-103
SHP01243,78671255,2025-02-22,2025-02-24,2,L042,FAC04,DST08,197,TL,CARF,25599,CC-104
SHP01244,40727928,2025-02-22,2025-02-24,2,L057,FAC05,DST10,289,LTL,CARE,708,CC-105
SHP01245,95259691,2025-02-22,2025-02-26,4,L008,FAC01,DST14,1742,LTL,CARE,2408,CC-101
SHP01246,60336534,2025-02-22,2025-02-23,1,L006,FAC01,DST10,315,LTL,CARB,3990,CC-101
SHP01247,94026726,2025-02-22,2025-02-27,5,L027,FAC03,DST03,1859,LTL,CARA,1727,CC-103
SHP01248,98619105,2025-02-22,2025-03-01,7,L047,FAC04,DST15,2368,LTL,CARD,845,CC-104
SHP01249,68120855,2025-02-22,2025-02-24,2,L045,FAC04,DST11,743,LTL,CARE,4714,CC-104
SHP01250,14937451,2025-02-22,2025-02-25,3,L030,FAC03,DST08,1199,LTL,CARC,1972,CC-103
SHP01251,59430910,2025-02-22,2025-02-24,2,L015,FAC02,DST07,257,LTL,CARD,2567,CC-102
SHP01252,94781180,2025-02-22,2025-02-27,5,L059,FAC05,DST16,2236,LTL,CARB,948,CC-105
SHP01253,49206884,2025-02-22,2025-02-24,2,L042,FAC04,DST08,197,LTL,CARB,1723,CC-104
SHP01254,94671700,2025-02-22,2025-02-23,1,L056,FAC05,DST07,236,LTL,CARD,1691,CC-105
SHP01255,61104384,2025-02-22,2025-02-25,3,L026,FAC03,DST02,1557,TL,CARH,41621,CC-103
SHP01256,94509258,2025-02-22,2025-02-25,3,L060,FAC05,DST19,791,LTL,CARD,522,CC-105
SHP01257,84986571,2025-02-22,2025-02-26,4,L003,FAC01,DST06,1183,LTL,CARC,590,CC-101
SHP01258,07830687,2025-02-22,2025-02-24,2,L024,FAC02,DST19,626,LTL,CARD,816,CC-102
SHP01259,63450352,2025-02-23,2025-02-25,2,L043,FAC04,DST09,753,LTL,CARC,576,CC-104
SHP01260,39761419,2025-02-23,2025-02-24,1,L005,FAC01,DST08,284,LTL,CARB,2082,CC-101
SHP01261,74126106,2025-02-23,2025-02-26,3,L043,FAC04,DST09,753,TL,CARH,27559,CC-104
SHP01262,28395381,2025-02-23,2025-02-26,3,L033,FAC03,DST14,1061,TL,CARF,23032,CC-103
SHP01263,90186539,2025-02-23,2025-02-26,3,L016,FAC02,DST08,717,LTL,CARE,4946,CC-102
SHP01264,98133692,2025-02-23,2025-02-27,4,L029,FAC03,DST05,1333,LTL,CARD,4101,CC-103
SHP01265,04347063,2025-02-23,2025-02-25,2,L058,FAC05,DST13,581,LTL,CARA,1054,CC-105
SHP01266,86767122,2025-02-23,2025-02-27,4,L036,FAC03,DST19,1283,TL,CARF,27839,CC-103
SHP01267,67003434,2025-02-23,2025-02-26,3,L031,FAC03,DST10,657,LTL,CARA,507,CC-103
SHP01268,22976230,2025-02-23,2025-02-25,2,L050,FAC04,DST18,202,LTL,CARC,291,CC-104
SHP01269,40388413,2025-02-23,2025-02-27,4,L007,FAC01,DST12,1102,LTL,CARE,547,CC-101
SHP01270,45708287,2025-02-23,2025-02-24,1,L005,FAC01,DST08,284,LTL,CARB,762,CC-101
SHP01271,48706832,2025-02-23,2025-02-27,4,L033,FAC03,DST14,1061,LTL,CARD,531,CC-103
SHP01272,11693457,2025-02-23,2025-02-25,2,L051,FAC04,DST19,195,LTL,CARB,784,CC-104
SHP01273,29959850,2025-02-23,2025-02-27,4,L008,FAC01,DST14,1742,LTL,CARE,695,CC-101
SHP01274,71208900,2025-02-23,2025-02-25,2,L057,FAC05,DST10,289,LTL,CARE,932,CC-105
SHP01275,47926409,2025-02-23,2025-02-26,3,L010,FAC01,DST17,1508,TL,CARG,28333,CC-101
SHP01276,26089282,2025-02-23,2025-02-26,3,L039,FAC04,DST03,771,LTL,CARA,1161,CC-104
SHP01277,33505039,2025-02-23,2025-02-27,4,L020,FAC02,DST12,1452,LTL,CARA,2283,CC-102
SHP01278,32755833,2025-02-23,2025-02-25,2,L021,FAC02,DST13,841,TL,CARG,27932,CC-102
SHP01279,52346907,2025-02-24,2025-02-26,2,L001,FAC01,DST04,705,TL,CARG,33583,CC-101
SHP01280,77362374,2025-02-24,2025-02-26,2,L050,FAC04,DST18,202,TL,CARH,35671,CC-104
SHP01281,19132935,2025-02-24,2025-02-27,3,L039,FAC04,DST03,771,LTL,CARA,2399,CC-104
SHP01282,14669708,2025-02-24,2025-02-25,1,L052,FAC04,DST20,227,LTL,CARE,2740,CC-104
SHP01283,55826604,2025-02-24,2025-02-28,4,L036,FAC03,DST19,1283,TL,CARF,31477,CC-103
SHP01284,09418646,2025-02-24,2025-02-25,1,L041,FAC04,DST07,400,LTL,CARB,2318,CC-104
SHP01285,41726842,2025-02-24,2025-02-25,1,L005,FAC01,DST08,284,LTL,CARD,5491,CC-101
SHP01286,97299383,2025-02-24,2025-02-26,2,L005,FAC01,DST08,284,TL,CARG,18044,CC-101
SHP01287,74352934,2025-02-24,2025-02-26,2,L055,FAC05,DST06,820,LTL,CARE,3458,CC-105
SHP01288,23281161,2025-02-24,2025-02-27,3,L038,FAC04,DST01,571,LTL,CARB,2050,CC-104
SHP01289,21810411,2025-02-24,2025-02-26,2,L041,FAC04,DST07,400,LTL,CARA,677,CC-104
SHP01290,45462074,2025-02-24,2025-02-28,4,L028,FAC03,DST04,1114,LTL,CARE,5267,CC-103
SHP01291,49036370,2025-02-24,2025-02-25,1,L050,FAC04,DST18,202,LTL,CARD,262,CC-104
SHP01292,20730883,2025-02-24,2025-02-25,1,L025,FAC02,DST20,384,LTL,CARB,1127,CC-102
SHP01293,00338004,2025-02-24,2025-02-27,3,L007,FAC01,DST12,1102,LTL,CARE,1123,CC-101
SHP01294,79149317,2025-02-24,2025-03-01,5,L049,FAC04,DST17,1818,TL,CARF,18206,CC-104
SHP01295,11767701,2025-02-24,2025-02-27,3,L043,FAC04,DST09,753,LTL,CARC,307,CC-104
SHP01296,26165497,2025-02-24,2025-02-26,2,L005,FAC01,DST08,284,LTL,CARD,100,CC-101
SHP01297,60222817,2025-02-24,2025-02-26,2,L051,FAC04,DST19,195,LTL,CARB,579,CC-104
SHP01298,51945648,2025-02-24,2025-02-25,1,L042,FAC04,DST08,197,LTL,CARB,570,CC-104
SHP01299,21416652,2025-02-24,2025-02-26,2,L006,FAC01,DST10,315,LTL,CARB,1320,CC-101
SHP01300,55118347,2025-02-24,2025-02-27,3,L019,FAC02,DST11,811,LTL,CARD,1587,CC-102
SHP01301,37558901,2025-02-24,2025-02-26,2,L021,FAC02,DST13,841,LTL,CARD,544,CC-102
SHP01302,55082122,2025-02-24,2025-02-26,2,L037,FAC03,DST20,871,LTL,CARD,756,CC-103
SHP01303,95515979,2025-02-24,2025-02-26,2,L044,FAC04,DST10,475,LTL,CARB,1049,CC-104
SHP01304,04656411,2025-02-24,2025-02-27,3,L043,FAC04,DST09,753,TL,CARH,32186,CC-104
SHP01305,85108607,2025-02-24,2025-02-28,4,L034,FAC03,DST15,1485,LTL,CARB,671,CC-103
SHP01306,09298560,2025-02-25,2025-02-27,2,L050,FAC04,DST18,202,LTL,CARC,1595,CC-104
SHP01307,93491147,2025-02-25,2025-02-28,3,L029,FAC03,DST05,1333,LTL,CARD,5699,CC-103
SHP01308,20355092,2025-02-25,2025-02-28,3,L029,FAC03,DST05,1333,LTL,CARA,517,CC-103
SHP01309,85108778,2025-02-25,2025-03-03,6,L047,FAC04,DST15,2368,TL,CARF,21438,CC-104
SHP01310,41541113,2025-02-25,2025-03-02,5,L009,FAC01,DST16,2079,LTL,CARE,747,CC-101
SHP01311,64259808,2025-02-25,2025-02-28,3,L007,FAC01,DST12,1102,LTL,CARE,554,CC-101
SHP01312,63545287,2025-02-25,2025-02-27,2,L011,FAC01,DST18,198,LTL,CARD,1202,CC-101
SHP01313,54411536,2025-02-25,2025-02-28,3,L023,FAC02,DST18,513,LTL,CARB,380,CC-102
SHP01314,25163542,2025-02-25,2025-02-27,2,L039,FAC04,DST03,771,TL,CARG,25679,CC-104
SHP01315,30978167,2025-02-25,2025-02-28,3,L024,FAC02,DST19,626,LTL,CARC,1042,CC-102
SHP01316,03833461,2025-02-25,2025-02-27,2,L031,FAC03,DST10,657,TL,CARF,16391,CC-103
SHP01317,21997258,2025-02-25,2025-03-02,5,L059,FAC05,DST16,2236,LTL,CARA,1078,CC-105
SHP01318,56483076,2025-02-25,2025-02-28,3,L028,FAC03,DST04,1114,LTL,CARE,1746,CC-103
SHP01319,37801060,2025-02-25,2025-02-28,3,L016,FAC02,DST08,717,LTL,CARE,3008,CC-102
SHP01320,56729763,2025-02-25,2025-02-28,3,L004,FAC01,DST07,477,LTL,CARC,441,CC-101
SHP01321,20962448,2025-02-25,2025-02-27,2,L056,FAC05,DST07,236,TL,CARG,33664,CC-105
SHP01322,55570354,2025-02-25,2025-02-28,3,L039,FAC04,DST03,771,LTL,CARA,1651,CC-104
SHP01323,55074987,2025-02-25,2025-02-28,3,L013,FAC02,DST02,798,LTL,CARA,411,CC-102
SHP01324,66951816,2025-02-25,2025-02-28,3,L001,FAC01,DST04,705,LTL,CARC,399,CC-101
SHP01325,29583587,2025-02-25,2025-02-28,3,L044,FAC04,DST10,475,LTL,CARB,1448,CC-104
SHP01326,65894029,2025-02-25,2025-02-28,3,L040,FAC04,DST05,1193,LTL,CARB,1319,CC-104
SHP01327,92210649,2025-02-25,2025-02-27,2,L012,FAC01,DST20,323,TL,CARF,26708,CC-101
SHP01328,72054969,2025-02-25,2025-03-01,4,L003,FAC01,DST06,1183,LTL,CARC,2996,CC-101
SHP01329,95715514,2025-02-26,2025-03-03,5,L020,FAC02,DST12,1452,LTL,CARB,1259,CC-102
SHP01330,63316415,2025-02-26,2025-02-28,2,L032,FAC03,DST11,545,TL,CARH,39178,CC-103
SHP01331,87074758,2025-02-26,2025-03-01,3,L040,FAC04,DST05,1193,LTL,CARC,1922,CC-104
SHP01332,28718781,2025-02-26,2025-03-01,3,L060,FAC05,DST19,791,LTL,CARA,1118,CC-105
SHP01333,54163314,2025-02-26,2025-02-27,1,L041,FAC04,DST07,400,LTL,CARA,3243,CC-104
SHP01334,45250078,2025-02-26,2025-03-03,5,L022,FAC02,DST14,1906,LTL,CARE,2188,CC-102
SHP01335,37738353,2025-02-26,2025-03-04,6,L035,FAC03,DST16,2015,LTL,CARD,1057,CC-103
SHP01336,45549050,2025-02-26,2025-03-02,4,L040,FAC04,DST05,1193,LTL,CARB,503,CC-104
SHP01337,64612497,2025-02-26,2025-03-03,5,L026,FAC03,DST02,1557,LTL,CARD,1194,CC-103
SHP01338,18979628,2025-02-26,2025-03-02,4,L002,FAC01,DST05,1430,LTL,CARE,1197,CC-101
SHP01339,56969017,2025-02-26,2025-03-01,3,L043,FAC04,DST09,753,LTL,CARC,1348,CC-104
SHP01340,82979555,2025-02-26,2025-02-28,2,L057,FAC05,DST10,289,TL,CARH,15805,CC-105
SHP01341,79099695,2025-02-26,2025-03-03,5,L009,FAC01,DST16,2079,TL,CARG,29869,CC-101
SHP01342,87679841,2025-02-26,2025-03-03,5,L002,FAC01,DST05,1430,LTL,CARB,784,CC-101
SHP01343,54936430,2025-02-26,2025-03-03,5,L035,FAC03,DST16,2015,LTL,CARA,1715,CC-103
SHP01344,54773023,2025-02-26,2025-03-01,3,L028,FAC03,DST04,1114,LTL,CARE,508,CC-103
SHP01345,43759910,2025-02-26,2025-02-28,2,L044,FAC04,DST10,475,LTL,CARB,720,CC-104
SHP01346,92810558,2025-02-26,2025-02-27,1,L012,FAC01,DST20,323,LTL,CARC,1403,CC-101
SHP01347,62964579,2025-02-26,2025-03-01,3,L013,FAC02,DST02,798,LTL,CARA,1449,CC-102
SHP01348,85618808,2025-02-27,2025-02-28,1,L042,FAC04,DST08,197,LTL,CARC,670,CC-104
SHP01349,30384406,2025-02-27,2025-03-02,3,L007,FAC01,DST12,1102,LTL,CARB,2892,CC-101
SHP01350,54084206,2025-02-27,2025-03-06,7,L048,FAC04,DST16,2410,LTL,CARC,1843,CC-104
SHP01351,43790886,2025-02-27,2025-03-03,4,L036,FAC03,DST19,1283,LTL,CARD,1828,CC-103
SHP01352,57340811,2025-02-27,2025-03-02,3,L028,FAC03,DST04,1114,LTL,CARC,1924,CC-103
SHP01353,73740056,2025-02-27,2025-03-03,4,L036,FAC03,DST19,1283,LTL,CARC,755,CC-103
SHP01354,85315325,2025-02-27,2025-03-06,7,L048,FAC04,DST16,2410,LTL,CARC,1173,CC-104
SHP01355,79202493,2025-02-27,2025-02-28,1,L015,FAC02,DST07,257,LTL,CARD,3524,CC-102
SHP01356,34234758,2025-02-27,2025-03-03,4,L026,FAC03,DST02,1557,LTL,CARD,1306,CC-103
SHP01357,10319497,2025-02-27,2025-02-28,1,L042,FAC04,DST08,197,TL,CARF,26493,CC-104
SHP01358,37325284,2025-02-27,2025-03-05,6,L047,FAC04,DST15,2368,LTL,CARD,1165,CC-104
SHP01359,16056377,2025-02-27,2025-03-01,2,L037,FAC03,DST20,871,TL,CARG,32456,CC-103
SHP01360,93864765,2025-02-27,2025-03-02,3,L033,FAC03,DST14,1061,LTL,CARD,525,CC-103
SHP01361,42575039,2025-02-27,2025-03-02,3,L038,FAC04,DST01,571,LTL,CARD,487,CC-104
SHP01362,98126429,2025-02-27,2025-03-04,5,L010,FAC01,DST17,1508,LTL,CARA,2749,CC-101
SHP01363,66031887,2025-02-27,2025-03-02,3,L020,FAC02,DST12,1452,TL,CARG,41226,CC-102
SHP01364,08890380,2025-02-27,2025-03-01,2,L015,FAC02,DST07,257,TL,CARH,23863,CC-102
SHP01365,93479491,2025-02-27,2025-03-01,2,L039,FAC04,DST03,771,LTL,CARA,3343,CC-104
SHP01366,25123574,2025-02-27,2025-02-28,1,L005,FAC01,DST08,284,LTL,CARB,1955,CC-101
SHP01367,00744513,2025-02-27,2025-02-28,1,L011,FAC01,DST18,198,LTL,CARE,1108,CC-101
SHP01368,98545524,2025-02-27,2025-03-03,4,L008,FAC01,DST14,1742,LTL,CARA,2882,CC-101
SHP01369,50905368,2025-02-27,2025-02-28,1,L057,FAC05,DST10,289,LTL,CARC,415,CC-105
SHP01370,33512022,2025-02-27,2025-03-01,2,L037,FAC03,DST20,871,TL,CARG,17356,CC-103
SHP01371,70622434,2025-02-27,2025-03-01,2,L058,FAC05,DST13,581,LTL,CARD,1285,CC-105
SHP01372,95373757,2025-02-27,2025-03-02,3,L029,FAC03,DST05,1333,TL,CARG,36959,CC-103
SHP01373,54764828,2025-02-27,2025-03-02,3,L016,FAC02,DST08,717,TL,CARG,31233,CC-102
SHP01374,45076727,2025-02-27,2025-03-04,5,L059,FAC05,DST16,2236,LTL,CARA,1016,CC-105
SHP01375,38380827,2025-02-27,2025-03-02,3,L033,FAC03,DST14,1061,TL,CARF,18517,CC-103
SHP01376,81630438,2025-02-27,2025-03-05,6,L047,FAC04,DST15,2368,LTL,CARD,897,CC-104
SHP01377,19349214,2025-02-27,2025-03-05,6,L059,FAC05,DST16,2236,LTL,CARA,2378,CC-105
SHP01378,37920327,2025-02-27,2025-03-02,3,L024,FAC02,DST19,626,LTL,CARC,1252,CC-102
SHP01379,15639532,2025-02-28,2025-03-04,4,L008,FAC01,DST14,1742,LTL,CARA,1115,CC-101
SHP01380,21450561,2025-02-28,2025-03-04,4,L029,FAC03,DST05,1333,LTL,CARA,2226,CC-103
SHP01381,82165235,2025-02-28,2025-03-06,6,L027,FAC03,DST03,1859,LTL,CARA,1197,CC-103
SHP01382,56792773,2025-02-28,2025-03-03,3,L017,FAC02,DST09,1090,LTL,CARE,2570,CC-102
SHP01383,22805402,2025-02-28,2025-03-03,3,L016,FAC02,DST08,717,LTL,CARC,554,CC-102
SHP01384,17179418,2025-02-28,2025-03-05,5,L022,FAC02,DST14,1906,LTL,CARC,540,CC-102
SHP01385,45648373,2025-02-28,2025-03-03,3,L031,FAC03,DST10,657,TL,CARF,35750,CC-103
SHP01386,07123352,2025-02-28,2025-03-02,2,L052,FAC04,DST20,227,LTL,CARE,940,CC-104
SHP01387,64660261,2025-02-28,2025-03-05,5,L027,FAC03,DST03,1859,TL,CARH,37583,CC-103
SHP01388,26076364,2025-02-28,2025-03-02,2,L043,FAC04,DST09,753,LTL,CARE,994,CC-104
SHP01389,54873373,2025-02-28,2025-03-05,5,L008,FAC01,DST14,1742,TL,CARH,27633,CC-101
SHP01390,12127852,2025-02-28,2025-03-04,4,L053,FAC05,DST03,1362,LTL,CARE,1974,CC-105
SHP01391,60849185,2025-02-28,2025-03-01,1,L006,FAC01,DST10,315,LTL,CARE,1931,CC-101
SHP01392,03283111,2025-02-28,2025-03-02,2,L032,FAC03,DST11,545,LTL,CARC,2032,CC-103
SHP01393,58026898,2025-02-28,2025-03-03,3,L023,FAC02,DST18,513,LTL,CARD,513,CC-102
SHP01394,21541377,2025-02-28,2025-03-02,2,L025,FAC02,DST20,384,LTL,CARA,2682,CC-102
SHP01395,99845853,2025-02-28,2025-03-04,4,L007,FAC01,DST12,1102,TL,CARF,36904,CC-101
SHP01396,56084285,2025-02-28,2025-03-02,2,L018,FAC02,DST10,561,LTL,CARB,3108,CC-102
SHP01397,28099479,2025-02-28,2025-03-05,5,L020,FAC02,DST12,1452,LTL,CARB,366,CC-102
SHP01398,50469644,2025-02-28,2025-03-03,3,L016,FAC02,DST08,717,LTL,CARE,2693,CC-102
SHP01399,52776416,2025-02-28,2025-03-06,6,L047,FAC04,DST15,2368,TL,CARF,27025,CC-104
SHP01400,36897567,2025-02-28,2025-03-03,3,L030,FAC03,DST08,1199,LTL,CARD,3277,CC-103
SHP01401,92090130,2025-03-01,2025-03-06,5,L027,FAC03,DST03,1859,LTL,CARA,790,CC-103
SHP01402,19262324,2025-03-01,2025-03-03,2,L055,FAC05,DST06,820,LTL,CARD,1495,CC-105
SHP01403,74757120,2025-03-01,2025-03-06,5,L027,FAC03,DST03,1859,LTL,CARA,5053,CC-103
SHP01404,75218038,2025-03-01,2025-03-05,4,L026,FAC03,DST02,1557,LTL,CARD,1074,CC-103
SHP01405,70660396,2025-03-01,2025-03-05,4,L010,FAC01,DST17,1508,LTL,CARC,3505,CC-101
SHP01406,79708367,2025-03-01,2025-03-03,2,L043,FAC04,DST09,753,LTL,CARC,1523,CC-104
SHP01407,53219895,2025-03-01,2025-03-03,2,L052,FAC04,DST20,227,LTL,CARD,1228,CC-104
SHP01408,67054086,2025-03-01,2025-03-05,4,L030,FAC03,DST08,1199,LTL,CARD,1282,CC-103
SHP01409,84874321,2025-03-01,2025-03-02,1,L023,FAC02,DST18,513,TL,CARF,20735,CC-102
SHP01410,79454623,2025-03-01,2025-03-04,3,L001,FAC01,DST04,705,LTL,CARC,300,CC-101
SHP01411,52770219,2025-03-01,2025-03-03,2,L001,FAC01,DST04,705,LTL,CARC,1444,CC-101
SHP01412,84564302,2025-03-01,2025-03-07,6,L022,FAC02,DST14,1906,LTL,CARC,1756,CC-102
SHP01413,56239987,2025-03-01,2025-03-04,3,L040,FAC04,DST05,1193,LTL,CARC,4880,CC-104
SHP01414,65992926,2025-03-01,2025-03-03,2,L031,FAC03,DST10,657,LTL,CARA,1753,CC-103
SHP01415,89815352,2025-03-01,2025-03-07,6,L047,FAC04,DST15,2368,TL,CARF,32805,CC-104
SHP01416,16324278,2025-03-02,2025-03-08,6,L027,FAC03,DST03,1859,LTL,CARA,921,CC-103
SHP01417,12499888,2025-03-02,2025-03-08,6,L048,FAC04,DST16,2410,LTL,CARB,222,CC-104
SHP01418,31002461,2025-03-02,2025-03-03,1,L015,FAC02,DST07,257,LTL,CARB,3739,CC-102
SHP01419,51281929,2025-03-02,2025-03-06,4,L028,FAC03,DST04,1114,TL,CARG,22536,CC-103
SHP01420,51337400,2025-03-02,2025-03-05,3,L054,FAC05,DST04,624,TL,CARG,21275,CC-105
SHP01421,53751023,2025-03-02,2025-03-06,4,L040,FAC04,DST05,1193,LTL,CARB,2668,CC-104
SHP01422,92482784,2025-03-02,2025-03-04,2,L021,FAC02,DST13,841,TL,CARG,38770,CC-102
SHP01423,35530754,2025-03-02,2025-03-04,2,L042,FAC04,DST08,197,LTL,CARC,2710,CC-104
SHP01424,72653971,2025-03-02,2025-03-05,3,L016,FAC02,DST08,717,TL,CARG,24040,CC-102
SHP01425,39237887,2025-03-02,2025-03-06,4,L008,FAC01,DST14,1742,LTL,CARA,668,CC-101
SHP01426,81225923,2025-03-02,2025-03-07,5,L053,FAC05,DST03,1362,LTL,CARE,694,CC-105
SHP01427,81158434,2025-03-02,2025-03-07,5,L053,FAC05,DST03,1362,LTL,CARE,430,CC-105
SHP01428,89298044,2025-03-02,2025-03-05,3,L013,FAC02,DST02,798,TL,CARF,37606,CC-102
SHP01429,96187770,2025-03-02,2025-03-08,6,L009,FAC01,DST16,2079,LTL,CARE,960,CC-101
SHP01430,49543152,2025-03-02,2025-03-04,2,L013,FAC02,DST02,798,LTL,CARA,1006,CC-102
SHP01431,24700294,2025-03-02,2025-03-05,3,L007,FAC01,DST12,1102,LTL,CARB,411,CC-101
SHP01432,35460203,2025-03-02,2025-03-04,2,L045,FAC04,DST11,743,TL,CARF,41379,CC-104
SHP01433,31371207,2025-03-02,2025-03-05,3,L055,FAC05,DST06,820,TL,CARF,22169,CC-105
SHP01434,19093951,2025-03-02,2025-03-07,5,L049,FAC04,DST17,1818,LTL,CARC,624,CC-104
SHP01435,61056039,2025-03-02,2025-03-04,2,L054,FAC05,DST04,624,TL,CARG,29155,CC-105
SHP01436,66633127,2025-03-02,2025-03-05,3,L016,FAC02,DST08,717,TL,CARG,16175,CC-102
SHP01437,29067454,2025-03-02,2025-03-04,2,L054,FAC05,DST04,624,LTL,CARB,1563,CC-105
SHP01438,29812977,2025-03-02,2025-03-08,6,L027,FAC03,DST03,1859,LTL,CARA,2641,CC-103
SHP01439,87700294,2025-03-02,2025-03-03,1,L042,FAC04,DST08,197,TL,CARF,39984,CC-104
SHP01440,18860415,2025-03-02,2025-03-04,2,L060,FAC05,DST19,791,LTL,CARD,7289,CC-105
SHP01441,41294556,2025-03-03,2025-03-08,5,L027,FAC03,DST03,1859,LTL,CARD,2662,CC-103
SHP01442,58807746,2025-03-03,2025-03-04,1,L052,FAC04,DST20,227,TL,CARF,27314,CC-104
SHP01443,15361161,2025-03-03,2025-03-07,4,L030,FAC03,DST08,1199,LTL,CARC,2653,CC-103
SHP01444,07272024,2025-03-03,2025-03-06,3,L044,FAC04,DST10,475,LTL,CARB,790,CC-104
SHP01445,87760801,2025-03-03,2025-03-06,3,L007,FAC01,DST12,1102,LTL,CARE,1551,CC-101
SHP01446,91220729,2025-03-03,2025-03-08,5,L049,FAC04,DST17,1818,LTL,CARA,1186,CC-104
SHP01447,66294402,2025-03-03,2025-03-09,6,L022,FAC02,DST14,1906,LTL,CARC,861,CC-102
SHP01448,38729572,2025-03-03,2025-03-04,1,L051,FAC04,DST19,195,TL,CARG,40791,CC-104
SHP01449,37854851,2025-03-03,2025-03-07,4,L007,FAC01,DST12,1102,TL,CARF,41686,CC-101
SHP01450,04011919,2025-03-03,2025-03-05,2,L054,FAC05,DST04,624,LTL,CARB,1667,CC-105
SHP01451,32596188,2025-03-03,2025-03-05,2,L013,FAC02,DST02,798,LTL,CARA,3568,CC-102
SHP01452,48835031,2025-03-03,2025-03-07,4,L028,FAC03,DST04,1114,LTL,CARE,631,CC-103
SHP01453,00954837,2025-03-03,2025-03-05,2,L013,FAC02,DST02,798,LTL,CARB,440,CC-102
SHP01454,49827314,2025-03-03,2025-03-06,3,L007,FAC01,DST12,1102,LTL,CARE,1638,CC-101
SHP01455,89091516,2025-03-03,2025-03-06,3,L024,FAC02,DST19,626,TL,CARH,26387,CC-102
SHP01456,92453715,2025-03-03,2025-03-05,2,L019,FAC02,DST11,811,LTL,CARD,348,CC-102
SHP01457,90167902,2025-03-03,2025-03-05,2,L045,FAC04,DST11,743,LTL,CARE,468,CC-104
SHP01458,62523167,2025-03-03,2025-03-06,3,L028,FAC03,DST04,1114,LTL,CARE,1070,CC-103
SHP01459,31151833,2025-03-03,2025-03-09,6,L027,FAC03,DST03,1859,LTL,CARA,1998,CC-103
SHP01460,13853069,2025-03-03,2025-03-08,5,L035,FAC03,DST16,2015,LTL,CARA,1818,CC-103
SHP01461,92304466,2025-03-03,2025-03-05,2,L057,FAC05,DST10,289,TL,CARH,33676,CC-105
SHP01462,15906067,2025-03-04,2025-03-07,3,L030,FAC03,DST08,1199,LTL,CARC,327,CC-103
SHP01463,88665625,2025-03-04,2025-03-06,2,L005,FAC01,DST08,284,LTL,CARB,2002,CC-101
SHP01464,37391730,2025-03-04,2025-03-06,2,L050,FAC04,DST18,202,LTL,CARD,1769,CC-104
SHP01465,52258152,2025-03-04,2025-03-06,2,L050,FAC04,DST18,202,LTL,CARC,1647,CC-104
SHP01466,48867615,2025-03-04,2025-03-06,2,L013,FAC02,DST02,798,LTL,CARA,1969,CC-102
SHP01467,18481100,2025-03-04,2025-03-08,4,L026,FAC03,DST02,1557,LTL,CARA,2410,CC-103
SHP01468,01184583,2025-03-04,2025-03-07,3,L055,FAC05,DST06,820,LTL,CARD,3174,CC-105
SHP01469,48167353,2025-03-04,2025-03-05,1,L050,FAC04,DST18,202,LTL,CARD,340,CC-104
SHP01470,39033514,2025-03-04,2025-03-07,3,L003,FAC01,DST06,1183,LTL,CARC,492,CC-101
SHP01471,71024673,2025-03-04,2025-03-08,4,L040,FAC04,DST05,1193,LTL,CARB,169,CC-104
SHP01472,90786635,2025-03-04,2025-03-10,6,L027,FAC03,DST03,1859,LTL,CARD,1752,CC-103
SHP01473,96782766,2025-03-04,2025-03-09,5,L020,FAC02,DST12,1452,LTL,CARB,1293,CC-102
SHP01474,38700807,2025-03-04,2025-03-06,2,L032,FAC03,DST11,545,LTL,CARD,703,CC-103
SHP01475,82960146,2025-03-04,2025-03-09,5,L053,FAC05,DST03,1362,LTL,CARA,659,CC-105
SHP01476,23507925,2025-03-04,2025-03-07,3,L031,FAC03,DST10,657,TL,CARF,24444,CC-103
SHP01477,02155811,2025-03-04,2025-03-06,2,L045,FAC04,DST11,743,LTL,CARE,1121,CC-104
SHP01478,29342234,2025-03-04,2025-03-06,2,L042,FAC04,DST08,197,TL,CARF,34668,CC-104
SHP01479,65052615,2025-03-04,2025-03-10,6,L009,FAC01,DST16,2079,LTL,CARB,3925,CC-101
SHP01480,73668542,2025-03-04,2025-03-07,3,L053,FAC05,DST03,1362,TL,CARG,39379,CC-105
SHP01481,39784220,2025-03-04,2025-03-09,5,L020,FAC02,DST12,1452,LTL,CARB,275,CC-102
SHP01482,35559991,2025-03-04,2025-03-08,4,L008,FAC01,DST14,1742,LTL,CARE,2001,CC-101
SHP01483,68958472,2025-03-04,2025-03-07,3,L024,FAC02,DST19,626,LTL,CARC,397,CC-102
SHP01484,21723946,2025-03-04,2025-03-07,3,L033,FAC03,DST14,1061,LTL,CARB,1341,CC-103
SHP01485,40781810,2025-03-04,2025-03-07,3,L018,FAC02,DST10,561,LTL,CARB,1215,CC-102
SHP01486,30029443,2025-03-04,2025-03-07,3,L016,FAC02,DST08,717,LTL,CARC,691,CC-102
SHP01487,99138471,2025-03-04,2025-03-07,3,L060,FAC05,DST19,791,LTL,CARD,995,CC-105
SHP01488,87396135,2025-03-04,2025-03-08,4,L010,FAC01,DST17,1508,LTL,CARA,554,CC-101
SHP01489,67477754,2025-03-04,2025-03-07,3,L060,FAC05,DST19,791,TL,CARF,22879,CC-105
SHP01490,25912661,2025-03-04,2025-03-07,3,L030,FAC03,DST08,1199,LTL,CARC,1314,CC-103
SHP01491,05001547,2025-03-04,2025-03-07,3,L013,FAC02,DST02,798,TL,CARF,28002,CC-102
SHP01492,99796915,2025-03-04,2025-03-05,1,L044,FAC04,DST10,475,TL,CARG,41656,CC-104
SHP01493,28125625,2025-03-04,2025-03-07,3,L055,FAC05,DST06,820,LTL,CARE,1372,CC-105
SHP01494,49824592,2025-03-04,2025-03-06,2,L060,FAC05,DST19,791,LTL,CARA,500,CC-105
SHP01495,48726638,2025-03-04,2025-03-08,4,L003,FAC01,DST06,1183,LTL,CARD,2622,CC-101
SHP01496,23021849,2025-03-04,2025-03-09,5,L026,FAC03,DST02,1557,LTL,CARA,413,CC-103
SHP01497,97123348,2025-03-04,2025-03-08,4,L022,FAC02,DST14,1906,TL,CARH,29043,CC-102
SHP01498,98343105,2025-03-04,2025-03-07,3,L037,FAC03,DST20,871,TL,CARG,30659,CC-103
SHP01499,80638229,2025-03-05,2025-03-07,2,L038,FAC04,DST01,571,LTL,CARB,761,CC-104
SHP01500,34262538,2025-03-05,2025-03-09,4,L017,FAC02,DST09,1090,LTL,CARE,1173,CC-102
SHP01501,06254631,2025-03-05,2025-03-09,4,L034,FAC03,DST15,1485,LTL,CARA,1597,CC-103
SHP01502,10651292,2025-03-05,2025-03-08,3,L043,FAC04,DST09,753,LTL,CARC,721,CC-104
SHP01503,04109174,2025-03-05,2025-03-07,2,L039,FAC04,DST03,771,LTL,CARE,1205,CC-104
SHP01504,88392394,2025-03-05,2025-03-07,2,L015,FAC02,DST07,257,LTL,CARD,1020,CC-102
SHP01505,32675907,2025-03-05,2025-03-06,1,L005,FAC01,DST08,284,LTL,CARB,976,CC-101
SHP01506,80732404,2025-03-05,2025-03-10,5,L026,FAC03,DST02,1557,LTL,CARA,1303,CC-103
SHP01507,99079164,2025-03-05,2025-03-07,2,L013,FAC02,DST02,798,LTL,CARB,1793,CC-102
SHP01508,65375773,2025-03-05,2025-03-08,3,L031,FAC03,DST10,657,LTL,CARC,1863,CC-103
SHP01509,03552562,2025-03-05,2025-03-11,6,L046,FAC04,DST14,1996,LTL,CARB,591,CC-104
SHP01510,31846697,2025-03-05,2025-03-08,3,L055,FAC05,DST06,820,LTL,CARE,929,CC-105
SHP01511,26781115,2025-03-05,2025-03-06,1,L051,FAC04,DST19,195,LTL,CARD,1633,CC-104
SHP01512,27409895,2025-03-05,2025-03-07,2,L052,FAC04,DST20,227,LTL,CARD,786,CC-104
SHP01513,92387808,2025-03-05,2025-03-09,4,L002,FAC01,DST05,1430,LTL,CARB,979,CC-101
SHP01514,16888874,2025-03-05,2025-03-11,6,L048,FAC04,DST16,2410,LTL,CARC,478,CC-104
SHP01515,39815950,2025-03-05,2025-03-08,3,L013,FAC02,DST02,798,TL,CARF,41573,CC-102
SHP01516,41880819,2025-03-05,2025-03-08,3,L031,FAC03,DST10,657,LTL,CARC,1474,CC-103
SHP01517,28332237,2025-03-05,2025-03-07,2,L031,FAC03,DST10,657,LTL,CARC,640,CC-103
SHP01518,52578721,2025-03-05,2025-03-07,2,L052,FAC04,DST20,227,LTL,CARE,1494,CC-104
SHP01519,50958466,2025-03-05,2025-03-06,1,L057,FAC05,DST10,289,LTL,CARE,572,CC-105
SHP01520,33725858,2025-03-05,2025-03-08,3,L007,FAC01,DST12,1102,LTL,CARB,594,CC-101
SHP01521,20105565,2025-03-06,2025-03-09,3,L040,FAC04,DST05,1193,TL,CARF,17517,CC-104
SHP01522,30225139,2025-03-06,2025-03-08,2,L031,FAC03,DST10,657,LTL,CARC,851,CC-103
SHP01523,59718002,2025-03-06,2025-03-07,1,L051,FAC04,DST19,195,LTL,CARB,2139,CC-104
SHP01524,94395981,2025-03-06,2025-03-10,4,L002,FAC01,DST05,1430,TL,CARF,17837,CC-101
SHP01525,16692963,2025-03-06,2025-03-07,1,L005,FAC01,DST08,284,LTL,CARB,3184,CC-101
SHP01526,35466006,2025-03-06,2025-03-09,3,L013,FAC02,DST02,798,LTL,CARA,4743,CC-102
SHP01527,48928881,2025-03-06,2025-03-09,3,L039,FAC04,DST03,771,TL,CARG,25472,CC-104
SHP01528,72958372,2025-03-06,2025-03-08,2,L005,FAC01,DST08,284,LTL,CARB,974,CC-101
SHP01529,59446704,2025-03-06,2025-03-10,4,L026,FAC03,DST02,1557,TL,CARH,39185,CC-103
SHP01530,06851653,2025-03-06,2025-03-09,3,L029,FAC03,DST05,1333,TL,CARG,18625,CC-103
SHP01531,66683210,2025-03-06,2025-03-10,4,L034,FAC03,DST15,1485,LTL,CARB,2047,CC-103
SHP01532,29597783,2025-03-06,2025-03-10,4,L028,FAC03,DST04,1114,TL,CARG,22019,CC-103
SHP01533,73198314,2025-03-06,2025-03-10,4,L007,FAC01,DST12,1102,LTL,CARE,1206,CC-101
SHP01534,96644599,2025-03-06,2025-03-08,2,L012,FAC01,DST20,323,LTL,CARB,1636,CC-101
SHP01535,21173394,2025-03-06,2025-03-08,2,L043,FAC04,DST09,753,TL,CARH,33582,CC-104
SHP01536,40928295,2025-03-06,2025-03-09,3,L003,FAC01,DST06,1183,LTL,CARD,389,CC-101
SHP01537,31102871,2025-03-06,2025-03-08,2,L025,FAC02,DST20,384,LTL,CARA,1911,CC-102
SHP01538,33797515,2025-03-06,2025-03-11,5,L022,FAC02,DST14,1906,LTL,CARE,255,CC-102
SHP01539,93497469,2025-03-06,2025-03-08,2,L052,FAC04,DST20,227,LTL,CARE,1288,CC-104
SHP01540,60982713,2025-03-06,2025-03-09,3,L037,FAC03,DST20,871,LTL,CARD,812,CC-103
SHP01541,06003847,2025-03-06,2025-03-09,3,L040,FAC04,DST05,1193,LTL,CARC,2510,CC-104
SHP01542,26762801,2025-03-06,2025-03-11,5,L022,FAC02,DST14,1906,LTL,CARE,702,CC-102
SHP01543,14912347,2025-03-06,2025-03-10,4,L007,FAC01,DST12,1102,LTL,CARB,1196,CC-101
SHP01544,29896223,2025-03-06,2025-03-09,3,L060,FAC05,DST19,791,LTL,CARA,1296,CC-105
SHP01545,90800721,2025-03-06,2025-03-09,3,L044,FAC04,DST10,475,LTL,CARB,1773,CC-104
SHP01546,93722496,2025-03-06,2025-03-09,3,L032,FAC03,DST11,545,LTL,CARD,1101,CC-103
SHP01547,32046214,2025-03-06,2025-03-10,4,L003,FAC01,DST06,1183,LTL,CARC,1396,CC-101
SHP01548,93140438,2025-03-06,2025-03-08,2,L057,FAC05,DST10,289,LTL,CARC,1036,CC-105
SHP01549,82533592,2025-03-06,2025-03-08,2,L031,FAC03,DST10,657,LTL,CARA,427,CC-103
SHP01550,71299711,2025-03-06,2025-03-08,2,L015,FAC02,DST07,257,LTL,CARD,271,CC-102
SHP01551,61658516,2025-03-06,2025-03-09,3,L017,FAC02,DST09,1090,LTL,CARE,7500,CC-102
SHP01552,80349418,2025-03-07,2025-03-09,2,L013,FAC02,DST02,798,LTL,CARB,1704,CC-102
SHP01553,57428535,2025-03-07,2025-03-09,2,L055,FAC05,DST06,820,LTL,CARD,3986,CC-105
SHP01554,70761849,2025-03-07,2025-03-09,2,L050,FAC04,DST18,202,TL,CARH,39255,CC-104
SHP01555,96012022,2025-03-07,2025-03-11,4,L022,FAC02,DST14,1906,TL,CARH,39226,CC-102
SHP01556,99088257,2025-03-07,2025-03-11,4,L026,FAC03,DST02,1557,TL,CARH,40569,CC-103
SHP01557,43009662,2025-03-07,2025-03-10,3,L058,FAC05,DST13,581,TL,CARG,35442,CC-105
SHP01558,35614120,2025-03-07,2025-03-12,5,L035,FAC03,DST16,2015,TL,CARF,25004,CC-103
SHP01559,79870629,2025-03-07,2025-03-13,6,L027,FAC03,DST03,1859,LTL,CARA,2354,CC-103
SHP01560,52342283,2025-03-07,2025-03-11,4,L040,FAC04,DST05,1193,TL,CARF,15614,CC-104
SHP01561,49375228,2025-03-07,2025-03-10,3,L013,FAC02,DST02,798,LTL,CARA,1248,CC-102
SHP01562,83814725,2025-03-07,2025-03-09,2,L015,FAC02,DST07,257,LTL,CARB,261,CC-102
SHP01563,01154219,2025-03-07,2025-03-10,3,L017,FAC02,DST09,1090,LTL,CARC,7357,CC-102
SHP01564,36316814,2025-03-07,2025-03-10,3,L038,FAC04,DST01,571,LTL,CARB,986,CC-104
SHP01565,98685773,2025-03-07,2025-03-11,4,L026,FAC03,DST02,1557,LTL,CARA,1096,CC-103
SHP01566,45622641,2025-03-07,2025-03-09,2,L019,FAC02,DST11,811,LTL,CARD,3580,CC-102
SHP01567,90420574,2025-03-07,2025-03-11,4,L020,FAC02,DST12,1452,LTL,CARB,1721,CC-102
SHP01568,62698230,2025-03-07,2025-03-13,6,L022,FAC02,DST14,1906,LTL,CARE,775,CC-102
SHP01569,87756472,2025-03-07,2025-03-10,3,L032,FAC03,DST11,545,LTL,CARD,4569,CC-103
SHP01570,72080081,2025-03-07,2025-03-10,3,L039,FAC04,DST03,771,LTL,CARE,2313,CC-104
SHP01571,11093418,2025-03-07,2025-03-11,4,L007,FAC01,DST12,1102,LTL,CARB,714,CC-101
SHP01572,73614491,2025-03-07,2025-03-09,2,L037,FAC03,DST20,871,LTL,CARE,1515,CC-103
SHP01573,44267447,2025-03-07,2025-03-09,2,L055,FAC05,DST06,820,TL,CARF,39509,CC-105
SHP01574,98309714,2025-03-07,2025-03-09,2,L056,FAC05,DST07,236,LTL,CARD,2907,CC-105
SHP01575,53486961,2025-03-07,2025-03-11,4,L036,FAC03,DST19,1283,LTL,CARD,714,CC-103
SHP01576,59606277,2025-03-07,2025-03-09,2,L031,FAC03,DST10,657,LTL,CARA,2652,CC-103
SHP01577,51396221,2025-03-07,2025-03-11,4,L014,FAC02,DST03,1123,LTL,CARA,717,CC-102
SHP01578,45507615,2025-03-07,2025-03-13,6,L046,FAC04,DST14,1996,LTL,CARB,337,CC-104
SHP01579,61370999,2025-03-07,2025-03-10,3,L036,FAC03,DST19,1283,LTL,CARD,3097,CC-103
SHP01580,80393826,2025-03-07,2025-03-12,5,L009,FAC01,DST16,2079,LTL,CARB,4852,CC-101
SHP01581,47881227,2025-03-07,2025-03-10,3,L013,FAC02,DST02,798,LTL,CARA,856,CC-102
SHP01582,59425151,2025-03-07,2025-03-09,2,L019,FAC02,DST11,811,LTL,CARD,1151,CC-102
SHP01583,94151881,2025-03-07,2025-03-08,1,L056,FAC05,DST07,236,LTL,CARD,748,CC-105
SHP01584,15357256,2025-03-07,2025-03-10,3,L038,FAC04,DST01,571,LTL,CARD,924,CC-104
SHP01585,29915739,2025-03-07,2025-03-08,1,L012,FAC01,DST20,323,LTL,CARC,1287,CC-101
SHP01586,96914814,2025-03-07,2025-03-11,4,L020,FAC02,DST12,1452,LTL,CARA,2737,CC-102
SHP01587,12704067,2025-03-07,2025-03-08,1,L041,FAC04,DST07,400,TL,CARH,19066,CC-104
SHP01588,62100126,2025-03-07,2025-03-10,3,L016,FAC02,DST08,717,LTL,CARE,382,CC-102
SHP01589,89313738,2025-03-07,2025-03-09,2,L025,FAC02,DST20,384,TL,CARG,17497,CC-102
SHP01590,99457864,2025-03-08,2025-03-09,1,L011,FAC01,DST18,198,LTL,CARD,1403,CC-101
SHP01591,64402198,2025-03-08,2025-03-13,5,L010,FAC01,DST17,1508,LTL,CARA,1098,CC-101
SHP01592,39577224,2025-03-08,2025-03-10,2,L060,FAC05,DST19,791,LTL,CARA,2352,CC-105
SHP01593,34994648,2025-03-08,2025-03-11,3,L028,FAC03,DST04,1114,TL,CARG,24513,CC-103
SHP01594,50333413,2025-03-08,2025-03-11,3,L021,FAC02,DST13,841,LTL,CARB,676,CC-102
SHP01595,84616117,2025-03-08,2025-03-10,2,L039,FAC04,DST03,771,LTL,CARA,2411,CC-104
SHP01596,19759618,2025-03-08,2025-03-12,4,L030,FAC03,DST08,1199,TL,CARF,27518,CC-103
SHP01597,88133182,2025-03-08,2025-03-12,4,L029,FAC03,DST05,1333,LTL,CARD,1297,CC-103
SHP01598,99278932,2025-03-08,2025-03-11,3,L045,FAC04,DST11,743,LTL,CARE,301,CC-104
SHP01599,47946447,2025-03-08,2025-03-15,7,L048,FAC04,DST16,2410,LTL,CARB,544,CC-104
SHP01600,74299962,2025-03-08,2025-03-11,3,L045,FAC04,DST11,743,TL,CARF,22618,CC-104
SHP01601,11053832,2025-03-08,2025-03-11,3,L018,FAC02,DST10,561,LTL,CARE,946,CC-102
SHP01602,44175769,2025-03-08,2025-03-11,3,L028,FAC03,DST04,1114,LTL,CARE,2790,CC-103
SHP01603,09856314,2025-03-08,2025-03-10,2,L015,FAC02,DST07,257,LTL,CARD,636,CC-102
SHP01604,00756649,2025-03-08,2025-03-09,1,L041,FAC04,DST07,400,TL,CARH,28983,CC-104
SHP01605,78949183,2025-03-08,2025-03-12,4,L003,FAC01,DST06,1183,LTL,CARD,1229,CC-101
SHP01606,45663455,2025-03-08,2025-03-12,4,L010,FAC01,DST17,1508,LTL,CARC,2529,CC-101
SHP01607,15655556,2025-03-08,2025-03-11,3,L044,FAC04,DST10,475,LTL,CARB,2678,CC-104
SHP01608,67427979,2025-03-09,2025-03-14,5,L002,FAC01,DST05,1430,LTL,CARB,2221,CC-101
SHP01609,09019356,2025-03-09,2025-03-14,5,L009,FAC01,DST16,2079,LTL,CARE,4601,CC-101
SHP01610,39663787,2025-03-09,2025-03-11,2,L032,FAC03,DST11,545,LTL,CARC,2926,CC-103
SHP01611,93684114,2025-03-09,2025-03-11,2,L015,FAC02,DST07,257,LTL,CARB,2208,CC-102
SHP01612,74134497,2025-03-09,2025-03-10,1,L006,FAC01,DST10,315,TL,CARF,21797,CC-101
SHP01613,45143965,2025-03-09,2025-03-15,6,L049,FAC04,DST17,1818,LTL,CARC,2710,CC-104
SHP01614,03917678,2025-03-09,2025-03-12,3,L017,FAC02,DST09,1090,TL,CARF,37869,CC-102
SHP01615,17507331,2025-03-09,2025-03-10,1,L025,FAC02,DST20,384,LTL,CARB,1313,CC-102
SHP01616,11818708,2025-03-09,2025-03-15,6,L046,FAC04,DST14,1996,LTL,CARA,2304,CC-104
SHP01617,17726059,2025-03-09,2025-03-10,1,L012,FAC01,DST20,323,LTL,CARB,1082,CC-101
SHP01618,61521277,2025-03-09,2025-03-11,2,L005,FAC01,DST08,284,LTL,CARB,1253,CC-101
SHP01619,96683626,2025-03-09,2025-03-11,2,L044,FAC04,DST10,475,LTL,CARB,951,CC-104
SHP01620,77587830,2025-03-09,2025-03-12,3,L016,FAC02,DST08,717,LTL,CARC,2729,CC-102
SHP01621,17577613,2025-03-09,2025-03-12,3,L039,FAC04,DST03,771,TL,CARG,32754,CC-104
SHP01622,04463648,2025-03-09,2025-03-11,2,L031,FAC03,DST10,657,TL,CARF,15300,CC-103
SHP01623,77964226,2025-03-09,2025-03-12,3,L016,FAC02,DST08,717,LTL,CARC,822,CC-102
SHP01624,73678946,2025-03-09,2025-03-13,4,L017,FAC02,DST09,1090,LTL,CARC,458,CC-102
SHP01625,62320158,2025-03-09,2025-03-13,4,L029,FAC03,DST05,1333,LTL,CARA,1165,CC-103
SHP01626,74215759,2025-03-09,2025-03-12,3,L021,FAC02,DST13,841,TL,CARG,21397,CC-102
SHP01627,46991881,2025-03-09,2025-03-10,1,L006,FAC01,DST10,315,LTL,CARE,1704,CC-101
SHP01628,39111643,2025-03-09,2025-03-11,2,L012,FAC01,DST20,323,LTL,CARC,3425,CC-101
SHP01629,19980404,2025-03-09,2025-03-13,4,L017,FAC02,DST09,1090,LTL,CARC,1248,CC-102
SHP01630,39862714,2025-03-09,2025-03-11,2,L011,FAC01,DST18,198,LTL,CARE,2458,CC-101
SHP01631,40165131,2025-03-09,2025-03-11,2,L024,FAC02,DST19,626,LTL,CARD,925,CC-102
SHP01632,72550537,2025-03-09,2025-03-13,4,L007,FAC01,DST12,1102,LTL,CARE,1980,CC-101
SHP01633,33481397,2025-03-09,2025-03-13,4,L014,FAC02,DST03,1123,TL,CARH,25834,CC-102
SHP01634,95466471,2025-03-10,2025-03-13,3,L033,FAC03,DST14,1061,LTL,CARB,395,CC-103
SHP01635,73649242,2025-03-10,2025-03-12,2,L050,FAC04,DST18,202,LTL,CARC,7500,CC-104
SHP01636,19189983,2025-03-10,2025-03-12,2,L011,FAC01,DST18,198,LTL,CARE,383,CC-101
SHP01637,88752332,2025-03-10,2025-03-11,1,L044,FAC04,DST10,475,TL,CARG,35779,CC-104
SHP01638,59698078,2025-03-10,2025-03-13,3,L055,FAC05,DST06,820,LTL,CARE,2283,CC-105
SHP01639,17387206,2025-03-10,2025-03-12,2,L060,FAC05,DST19,791,LTL,CARD,898,CC-105
SHP01640,43378130,2025-03-10,2025-03-12,2,L057,FAC05,DST10,289,LTL,CARC,674,CC-105
SHP01641,59145351,2025-03-10,2025-03-15,5,L026,FAC03,DST02,1557,LTL,CARD,796,CC-103
SHP01642,87603427,2025-03-10,2025-03-14,4,L008,FAC01,DST14,1742,TL,CARH,36856,CC-101
SHP01643,47024007,2025-03-10,2025-03-15,5,L026,FAC03,DST02,1557,LTL,CARA,1165,CC-103
SHP01644,74308641,2025-03-10,2025-03-12,2,L032,FAC03,DST11,545,TL,CARH,30031,CC-103
SHP01645,56160460,2025-03-10,2025-03-11,1,L006,FAC01,DST10,315,LTL,CARE,1540,CC-101
SHP01646,89235612,2025-03-10,2025-03-13,3,L036,FAC03,DST19,1283,LTL,CARD,1873,CC-103
SHP01647,89715077,2025-03-10,2025-03-12,2,L016,FAC02,DST08,717,TL,CARG,18083,CC-102
SHP01648,79069282,2025-03-10,2025-03-11,1,L012,FAC01,DST20,323,LTL,CARC,1273,CC-101
SHP01649,01433168,2025-03-10,2025-03-16,6,L059,FAC05,DST16,2236,LTL,CARA,1297,CC-105
SHP01650,26107855,2025-03-10,2025-03-13,3,L017,FAC02,DST09,1090,LTL,CARE,3586,CC-102
SHP01651,82647050,2025-03-10,2025-03-13,3,L044,FAC04,DST10,475,LTL,CARB,1554,CC-104
SHP01652,96203907,2025-03-10,2025-03-12,2,L051,FAC04,DST19,195,LTL,CARD,671,CC-104
SHP01653,13030117,2025-03-10,2025-03-13,3,L037,FAC03,DST20,871,LTL,CARE,509,CC-103
SHP01654,06351952,2025-03-10,2025-03-12,2,L052,FAC04,DST20,227,LTL,CARE,458,CC-104
SHP01655,90144580,2025-03-10,2025-03-12,2,L060,FAC05,DST19,791,LTL,CARD,2324,CC-105
SHP01656,34053881,2025-03-11,2025-03-13,2,L021,FAC02,DST13,841,LTL,CARB,3489,CC-102
SHP01657,09894466,2025-03-11,2025-03-15,4,L028,FAC03,DST04,1114,TL,CARG,24065,CC-103
SHP01658,20131973,2025-03-11,2025-03-14,3,L026,FAC03,DST02,1557,TL,CARH,36924,CC-103
SHP01659,76487629,2025-03-11,2025-03-13,2,L031,FAC03,DST10,657,LTL,CARC,2699,CC-103
SHP01660,48570245,2025-03-11,2025-03-14,3,L004,FAC01,DST07,477,LTL,CARA,418,CC-101
SHP01661,40558616,2025-03-11,2025-03-15,4,L029,FAC03,DST05,1333,LTL,CARD,1395,CC-103
SHP01662,72875630,2025-03-11,2025-03-16,5,L059,FAC05,DST16,2236,LTL,CARB,1198,CC-105
SHP01663,87627947,2025-03-11,2025-03-12,1,L052,FAC04,DST20,227,LTL,CARE,1774,CC-104
SHP01664,65538153,2025-03-11,2025-03-16,5,L008,FAC01,DST14,1742,LTL,CARA,454,CC-101
SHP01665,51807713,2025-03-11,2025-03-15,4,L053,FAC05,DST03,1362,TL,CARG,21490,CC-105
SHP01666,95922255,2025-03-11,2025-03-15,4,L036,FAC03,DST19,1283,LTL,CARD,661,CC-103
SHP01667,98903383,2025-03-11,2025-03-14,3,L043,FAC04,DST09,753,LTL,CARC,707,CC-104
SHP01668,02829124,2025-03-11,2025-03-13,2,L041,FAC04,DST07,400,LTL,CARB,593,CC-104
SHP01669,21729188,2025-03-11,2025-03-13,2,L056,FAC05,DST07,236,LTL,CARE,3609,CC-105
SHP01670,55767211,2025-03-11,2025-03-14,3,L023,FAC02,DST18,513,LTL,CARD,3248,CC-102
SHP01671,66658537,2025-03-11,2025-03-17,6,L046,FAC04,DST14,1996,LTL,CARA,746,CC-104
SHP01672,07036480,2025-03-11,2025-03-13,2,L015,FAC02,DST07,257,LTL,CARD,454,CC-102
SHP01673,74636620,2025-03-11,2025-03-15,4,L010,FAC01,DST17,1508,LTL,CARA,272,CC-101
SHP01674,39551997,2025-03-11,2025-03-12,1,L005,FAC01,DST08,284,LTL,CARD,1418,CC-101
SHP01675,84746330,2025-03-11,2025-03-14,3,L001,FAC01,DST04,705,LTL,CARC,428,CC-101
SHP01676,50283082,2025-03-11,2025-03-13,2,L037,FAC03,DST20,871,LTL,CARE,248,CC-103
SHP01677,62906124,2025-03-12,2025-03-16,4,L036,FAC03,DST19,1283,LTL,CARD,1013,CC-103
SHP01678,08629806,2025-03-12,2025-03-13,1,L025,FAC02,DST20,384,TL,CARG,15829,CC-102
SHP01679,77319232,2025-03-12,2025-03-15,3,L003,FAC01,DST06,1183,LTL,CARC,1131,CC-101
SHP01680,70273115,2025-03-12,2025-03-14,2,L011,FAC01,DST18,198,LTL,CARD,1184,CC-101
SHP01681,00674116,2025-03-12,2025-03-16,4,L014,FAC02,DST03,1123,LTL,CARA,410,CC-102
SHP01682,75983831,2025-03-12,2025-03-19,7,L047,FAC04,DST15,2368,LTL,CARC,947,CC-104
SHP01683,39000299,2025-03-12,2025-03-14,2,L060,FAC05,DST19,791,TL,CARF,30940,CC-105
SHP01684,50855498,2025-03-12,2025-03-14,2,L031,FAC03,DST10,657,LTL,CARC,2017,CC-103
SHP01685,58238923,2025-03-12,2025-03-14,2,L057,FAC05,DST10,289,TL,CARH,23040,CC-105
SHP01686,15313020,2025-03-12,2025-03-18,6,L048,FAC04,DST16,2410,LTL,CARB,1787,CC-104
SHP01687,03800470,2025-03-12,2025-03-13,1,L051,FAC04,DST19,195,TL,CARG,37186,CC-104
SHP01688,77072373,2025-03-12,2025-03-15,3,L043,FAC04,DST09,753,LTL,CARE,608,CC-104
SHP01689,34023329,2025-03-12,2025-03-14,2,L044,FAC04,DST10,475,TL,CARG,16494,CC-104
SHP01690,41907829,2025-03-12,2025-03-15,3,L039,FAC04,DST03,771,TL,CARG,37456,CC-104
SHP01691,26273251,2025-03-12,2025-03-14,2,L050,FAC04,DST18,202,TL,CARH,32577,CC-104
SHP01692,44617592,2025-03-12,2025-03-16,4,L009,FAC01,DST16,2079,TL,CARG,33016,CC-101
SHP01693,33360665,2025-03-12,2025-03-17,5,L026,FAC03,DST02,1557,LTL,CARA,922,CC-103
SHP01694,83764343,2025-03-12,2025-03-16,4,L030,FAC03,DST08,1199,LTL,CARC,5968,CC-103
SHP01695,69943025,2025-03-12,2025-03-18,6,L047,FAC04,DST15,2368,LTL,CARC,1376,CC-104
SHP01696,82941989,2025-03-12,2025-03-14,2,L005,FAC01,DST08,284,LTL,CARD,2513,CC-101
SHP01697,20426255,2025-03-12,2025-03-17,5,L053,FAC05,DST03,1362,LTL,CARA,208,CC-105
SHP01698,71194900,2025-03-12,2025-03-14,2,L038,FAC04,DST01,571,TL,CARF,33301,CC-104
SHP01699,41171935,2025-03-12,2025-03-13,1,L015,FAC02,DST07,257,LTL,CARD,214,CC-102
SHP01700,84836978,2025-03-12,2025-03-14,2,L043,FAC04,DST09,753,LTL,CARE,1293,CC-104
SHP01701,88554425,2025-03-12,2025-03-17,5,L035,FAC03,DST16,2015,LTL,CARD,1738,CC-103
SHP01702,09099616,2025-03-12,2025-03-13,1,L012,FAC01,DST20,323,LTL,CARB,1002,CC-101
SHP01703,98085108,2025-03-12,2025-03-14,2,L001,FAC01,DST04,705,LTL,CARA,108,CC-101
SHP01704,87524894,2025-03-12,2025-03-18,6,L047,FAC04,DST15,2368,LTL,CARD,1878,CC-104
SHP01705,08674183,2025-03-12,2025-03-14,2,L019,FAC02,DST11,811,LTL,CARD,1293,CC-102
SHP01706,52036090,2025-03-12,2025-03-17,5,L026,FAC03,DST02,1557,LTL,CARA,226,CC-103
SHP01707,92915561,2025-03-12,2025-03-13,1,L056,FAC05,DST07,236,LTL,CARE,5261,CC-105
SHP01708,91875162,2025-03-12,2025-03-14,2,L018,FAC02,DST10,561,LTL,CARB,1378,CC-102
SHP01709,44083462,2025-03-12,2025-03-14,2,L005,FAC01,DST08,284,LTL,CARD,4649,CC-101
SHP01710,90130763,2025-03-12,2025-03-14,2,L042,FAC04,DST08,197,LTL,CARB,352,CC-104
SHP01711,24776967,2025-03-12,2025-03-14,2,L056,FAC05,DST07,236,LTL,CARD,204,CC-105
SHP01712,65803362,2025-03-13,2025-03-14,1,L051,FAC04,DST19,195,LTL,CARD,496,CC-104
SHP01713,34545844,2025-03-13,2025-03-16,3,L038,FAC04,DST01,571,LTL,CARD,1098,CC-104
SHP01714,76835546,2025-03-13,2025-03-15,2,L038,FAC04,DST01,571,TL,CARF,35701,CC-104
SHP01715,68620470,2025-03-13,2025-03-16,3,L018,FAC02,DST10,561,LTL,CARB,1267,CC-102
SHP01716,08976060,2025-03-13,2025-03-18,5,L009,FAC01,DST16,2079,TL,CARG,16262,CC-101
SHP01717,23748032,2025-03-13,2025-03-17,4,L036,FAC03,DST19,1283,LTL,CARD,1780,CC-103
SHP01718,04748470,2025-03-13,2025-03-16,3,L017,FAC02,DST09,1090,LTL,CARC,1353,CC-102
SHP01719,33465647,2025-03-13,2025-03-16,3,L031,FAC03,DST10,657,LTL,CARA,7500,CC-103
SHP01720,00738126,2025-03-13,2025-03-16,3,L058,FAC05,DST13,581,LTL,CARD,2010,CC-105
SHP01721,47245673,2025-03-13,2025-03-17,4,L010,FAC01,DST17,1508,TL,CARG,30878,CC-101
SHP01722,07205977,2025-03-13,2025-03-15,2,L060,FAC05,DST19,791,LTL,CARA,531,CC-105
SHP01723,18417902,2025-03-13,2025-03-17,4,L030,FAC03,DST08,1199,TL,CARF,32824,CC-103
SHP01724,38836863,2025-03-13,2025-03-19,6,L059,FAC05,DST16,2236,LTL,CARA,7494,CC-105
SHP01725,94034778,2025-03-13,2025-03-15,2,L051,FAC04,DST19,195,LTL,CARB,1060,CC-104
SHP01726,62305444,2025-03-13,2025-03-15,2,L024,FAC02,DST19,626,LTL,CARC,1663,CC-102
SHP01727,56223910,2025-03-13,2025-03-18,5,L049,FAC04,DST17,1818,LTL,CARC,7186,CC-104
SHP01728,78408976,2025-03-13,2025-03-18,5,L020,FAC02,DST12,1452,LTL,CARB,1415,CC-102
SHP01729,09381967,2025-03-13,2025-03-18,5,L002,FAC01,DST05,1430,LTL,CARE,2633,CC-101
SHP01730,65342484,2025-03-13,2025-03-15,2,L006,FAC01,DST10,315,LTL,CARE,1136,CC-101
SHP01731,36071823,2025-03-13,2025-03-16,3,L004,FAC01,DST07,477,LTL,CARC,511,CC-101
SHP01732,66577992,2025-03-13,2025-03-17,4,L014,FAC02,DST03,1123,LTL,CARD,1804,CC-102
SHP01733,67357482,2025-03-13,2025-03-15,2,L051,FAC04,DST19,195,LTL,CARD,785,CC-104
SHP01734,88055618,2025-03-13,2025-03-15,2,L042,FAC04,DST08,197,LTL,CARB,2719,CC-104
SHP01735,35682983,2025-03-13,2025-03-15,2,L045,FAC04,DST11,743,LTL,CARC,1442,CC-104
SHP01736,44241129,2025-03-13,2025-03-18,5,L049,FAC04,DST17,1818,LTL,CARC,790,CC-104
SHP01737,18238971,2025-03-14,2025-03-17,3,L021,FAC02,DST13,841,LTL,CARB,1874,CC-102
SHP01738,94989020,2025-03-14,2025-03-16,2,L041,FAC04,DST07,400,LTL,CARA,283,CC-104
SHP01739,76726243,2025-03-14,2025-03-16,2,L006,FAC01,DST10,315,LTL,CARE,832,CC-101
SHP01740,56806411,2025-03-14,2025-03-20,6,L046,FAC04,DST14,1996,LTL,CARB,1129,CC-104
SHP01741,07973106,2025-03-14,2025-03-17,3,L024,FAC02,DST19,626,LTL,CARD,1077,CC-102
SHP01742,71470029,2025-03-14,2025-03-16,2,L021,FAC02,DST13,841,LTL,CARB,678,CC-102
SHP01743,97429236,2025-03-14,2025-03-17,3,L028,FAC03,DST04,1114,LTL,CARC,1503,CC-103
SHP01744,12065028,2025-03-14,2025-03-16,2,L058,FAC05,DST13,581,LTL,CARA,1396,CC-105
SHP01745,63862757,2025-03-14,2025-03-18,4,L007,FAC01,DST12,1102,LTL,CARB,1381,CC-101
SHP01746,07424070,2025-03-14,2025-03-16,2,L015,FAC02,DST07,257,TL,CARH,34901,CC-102
SHP01747,57990330,2025-03-14,2025-03-17,3,L028,FAC03,DST04,1114,TL,CARG,15254,CC-103
SHP01748,35170634,2025-03-14,2025-03-17,3,L043,FAC04,DST09,753,TL,CARH,23527,CC-104
SHP01749,18272050,2025-03-14,2025-03-19,5,L010,FAC01,DST17,1508,LTL,CARA,442,CC-101
SHP01750,50150545,2025-03-14,2025-03-19,5,L008,FAC01,DST14,1742,LTL,CARE,1465,CC-101
SHP01751,71432879,2025-03-14,2025-03-19,5,L009,FAC01,DST16,2079,LTL,CARE,2019,CC-101
SHP01752,09961949,2025-03-14,2025-03-17,3,L044,FAC04,DST10,475,LTL,CARE,899,CC-104
SHP01753,94521503,2025-03-14,2025-03-18,4,L020,FAC02,DST12,1452,LTL,CARB,1671,CC-102
SHP01754,82006687,2025-03-14,2025-03-16,2,L015,FAC02,DST07,257,TL,CARH,24954,CC-102
SHP01755,75015656,2025-03-14,2025-03-20,6,L048,FAC04,DST16,2410,TL,CARG,36933,CC-104
SHP01756,38621990,2025-03-14,2025-03-19,5,L046,FAC04,DST14,1996,LTL,CARA,3750,CC-104
SHP01757,14521235,2025-03-14,2025-03-16,2,L051,FAC04,DST19,195,LTL,CARB,905,CC-104
SHP01758,31283199,2025-03-14,2025-03-16,2,L015,FAC02,DST07,257,TL,CARH,21622,CC-102
SHP01759,78939317,2025-03-14,2025-03-19,5,L053,FAC05,DST03,1362,LTL,CARA,564,CC-105
SHP01760,40135084,2025-03-14,2025-03-16,2,L031,FAC03,DST10,657,LTL,CARA,2474,CC-103
SHP01761,68319746,2025-03-14,2025-03-16,2,L045,FAC04,DST11,743,LTL,CARC,2499,CC-104
SHP01762,52881198,2025-03-14,2025-03-18,4,L017,FAC02,DST09,1090,LTL,CARC,853,CC-102
SHP01763,00278643,2025-03-14,2025-03-15,1,L015,FAC02,DST07,257,LTL,CARB,1505,CC-102
SHP01764,15070179,2025-03-14,2025-03-17,3,L007,FAC01,DST12,1102,LTL,CARB,7500,CC-101
SHP01765,64930117,2025-03-14,2025-03-17,3,L002,FAC01,DST05,1430,TL,CARF,27134,CC-101
SHP01766,54101875,2025-03-14,2025-03-18,4,L034,FAC03,DST15,1485,TL,CARG,24810,CC-103
SHP01767,79107686,2025-03-14,2025-03-16,2,L050,FAC04,DST18,202,LTL,CARC,1000,CC-104
SHP01768,48359589,2025-03-15,2025-03-19,4,L030,FAC03,DST08,1199,LTL,CARD,271,CC-103
SHP01769,66279905,2025-03-15,2025-03-18,3,L019,FAC02,DST11,811,LTL,CARD,2200,CC-102
SHP01770,73850577,2025-03-15,2025-03-18,3,L029,FAC03,DST05,1333,LTL,CARA,7500,CC-103
SHP01771,85082194,2025-03-15,2025-03-17,2,L058,FAC05,DST13,581,LTL,CARA,580,CC-105
SHP01772,70541855,2025-03-15,2025-03-17,2,L058,FAC05,DST13,581,LTL,CARD,6230,CC-105
SHP01773,22031130,2025-03-15,2025-03-18,3,L019,FAC02,DST11,811,LTL,CARD,3121,CC-102
SHP01774,75967674,2025-03-15,2025-03-19,4,L028,FAC03,DST04,1114,LTL,CARE,562,CC-103
SHP01775,13696759,2025-03-15,2025-03-17,2,L005,FAC01,DST08,284,TL,CARG,33621,CC-101
SHP01776,85788071,2025-03-15,2025-03-16,1,L044,FAC04,DST10,475,TL,CARG,31930,CC-104
SHP01777,73650208,2025-03-15,2025-03-18,3,L023,FAC02,DST18,513,LTL,CARB,1633,CC-102
SHP01778,51288951,2025-03-15,2025-03-18,3,L045,FAC04,DST11,743,LTL,CARE,4254,CC-104
SHP01779,70013210,2025-03-15,2025-03-19,4,L053,FAC05,DST03,1362,LTL,CARA,2415,CC-105
SHP01780,65667232,2025-03-15,2025-03-16,1,L057,FAC05,DST10,289,LTL,CARE,1228,CC-105
SHP01781,12299870,2025-03-15,2025-03-19,4,L053,FAC05,DST03,1362,LTL,CARE,2010,CC-105
SHP01782,13495994,2025-03-15,2025-03-18,3,L037,FAC03,DST20,871,LTL,CARE,1005,CC-103
SHP01783,80489464,2025-03-15,2025-03-17,2,L032,FAC03,DST11,545,LTL,CARC,398,CC-103
SHP01784,73062952,2025-03-15,2025-03-16,1,L042,FAC04,DST08,197,TL,CARF,24389,CC-104
SHP01785,42727715,2025-03-15,2025-03-16,1,L041,FAC04,DST07,400,LTL,CARA,2615,CC-104
SHP01786,74027787,2025-03-15,2025-03-18,3,L045,FAC04,DST11,743,LTL,CARC,1157,CC-104
SHP01787,32605004,2025-03-15,2025-03-17,2,L021,FAC02,DST13,841,LTL,CARB,322,CC-102
SHP01788,99558217,2025-03-15,2025-03-19,4,L040,FAC04,DST05,1193,TL,CARF,41207,CC-104
SHP01789,57923856,2025-03-15,2025-03-17,2,L060,FAC05,DST19,791,LTL,CARA,6296,CC-105
SHP01790,94824019,2025-03-15,2025-03-17,2,L006,FAC01,DST10,315,TL,CARF,31663,CC-101
SHP01791,83853069,2025-03-15,2025-03-18,3,L003,FAC01,DST06,1183,LTL,CARD,939,CC-101
SHP01792,22154374,2025-03-15,2025-03-18,3,L002,FAC01,DST05,1430,TL,CARF,22178,CC-101
SHP01793,26973240,2025-03-15,2025-03-17,2,L011,FAC01,DST18,198,LTL,CARD,1288,CC-101
SHP01794,12673860,2025-03-15,2025-03-17,2,L016,FAC02,DST08,717,TL,CARG,40142,CC-102
SHP01795,48508254,2025-03-15,2025-03-18,3,L029,FAC03,DST05,1333,TL,CARG,31259,CC-103
SHP01796,25508958,2025-03-15,2025-03-16,1,L042,FAC04,DST08,197,LTL,CARB,1282,CC-104
SHP01797,83122202,2025-03-15,2025-03-18,3,L037,FAC03,DST20,871,LTL,CARD,373,CC-103
SHP01798,37430197,2025-03-15,2025-03-20,5,L046,FAC04,DST14,1996,LTL,CARB,2405,CC-104
SHP01799,75407251,2025-03-16,2025-03-20,4,L003,FAC01,DST06,1183,LTL,CARD,358,CC-101
SHP01800,53422108,2025-03-16,2025-03-20,4,L002,FAC01,DST05,1430,LTL,CARB,2008,CC-101
SHP01801,48771968,2025-03-16,2025-03-21,5,L046,FAC04,DST14,1996,TL,CARF,33677,CC-104
SHP01802,07191425,2025-03-16,2025-03-19,3,L014,FAC02,DST03,1123,LTL,CARA,1244,CC-102
SHP01803,46477494,2025-03-16,2025-03-18,2,L058,FAC05,DST13,581,TL,CARG,38150,CC-105
SHP01804,43075511,2025-03-16,2025-03-17,1,L006,FAC01,DST10,315,LTL,CARE,794,CC-101
SHP01805,59120507,2025-03-16,2025-03-20,4,L026,FAC03,DST02,1557,LTL,CARA,889,CC-103
SHP01806,07205097,2025-03-16,2025-03-21,5,L008,FAC01,DST14,1742,LTL,CARE,551,CC-101
SHP01807,57005016,2025-03-16,2025-03-19,3,L017,FAC02,DST09,1090,LTL,CARE,555,CC-102
SHP01808,65137538,2025-03-16,2025-03-20,4,L008,FAC01,DST14,1742,LTL,CARA,820,CC-101
SHP01809,41727117,2025-03-16,2025-03-19,3,L019,FAC02,DST11,811,LTL,CARC,1838,CC-102
SHP01810,37472049,2025-03-16,2025-03-20,4,L007,FAC01,DST12,1102,LTL,CARE,1657,CC-101
SHP01811,95581049,2025-03-16,2025-03-22,6,L035,FAC03,DST16,2015,LTL,CARA,442,CC-103
SHP01812,73235735,2025-03-16,2025-03-19,3,L003,FAC01,DST06,1183,LTL,CARD,2251,CC-101
SHP01813,00010782,2025-03-16,2025-03-17,1,L015,FAC02,DST07,257,LTL,CARD,378,CC-102
SHP01814,12491042,2025-03-16,2025-03-20,4,L026,FAC03,DST02,1557,LTL,CARA,455,CC-103
SHP01815,75703328,2025-03-16,2025-03-20,4,L028,FAC03,DST04,1114,LTL,CARC,854,CC-103
SHP01816,68504594,2025-03-16,2025-03-19,3,L003,FAC01,DST06,1183,LTL,CARD,681,CC-101
SHP01817,16775506,2025-03-16,2025-03-18,2,L016,FAC02,DST08,717,LTL,CARC,1088,CC-102
SHP01818,43960303,2025-03-16,2025-03-22,6,L009,FAC01,DST16,2079,LTL,CARE,1379,CC-101
SHP01819,00888523,2025-03-16,2025-03-20,4,L036,FAC03,DST19,1283,LTL,CARD,810,CC-103
SHP01820,90238954,2025-03-16,2025-03-18,2,L054,FAC05,DST04,624,LTL,CARE,867,CC-105
SHP01821,47048286,2025-03-16,2025-03-18,2,L018,FAC02,DST10,561,LTL,CARB,1816,CC-102
SHP01822,58321171,2025-03-17,2025-03-22,5,L010,FAC01,DST17,1508,LTL,CARC,347,CC-101
SHP01823,32406025,2025-03-17,2025-03-19,2,L006,FAC01,DST10,315,LTL,CARB,633,CC-101
SHP01824,98393861,2025-03-17,2025-03-22,5,L009,FAC01,DST16,2079,LTL,CARB,439,CC-101
SHP01825,31329808,2025-03-17,2025-03-20,3,L029,FAC03,DST05,1333,LTL,CARD,6250,CC-103
SHP01826,14800090,2025-03-17,2025-03-19,2,L011,FAC01,DST18,198,TL,CARG,19154,CC-101
SHP01827,19713927,2025-03-17,2025-03-19,2,L019,FAC02,DST11,811,LTL,CARC,1082,CC-102
SHP01828,21454045,2025-03-17,2025-03-20,3,L037,FAC03,DST20,871,LTL,CARE,2121,CC-103
SHP01829,51300595,2025-03-17,2025-03-19,2,L021,FAC02,DST13,841,TL,CARG,39553,CC-102
SHP01830,64806539,2025-03-17,2025-03-19,2,L031,FAC03,DST10,657,LTL,CARA,2173,CC-103
SHP01831,41840999,2025-03-17,2025-03-21,4,L020,FAC02,DST12,1452,LTL,CARB,2039,CC-102
SHP01832,81355422,2025-03-17,2025-03-22,5,L022,FAC02,DST14,1906,LTL,CARC,697,CC-102
SHP01833,78175298,2025-03-17,2025-03-21,4,L040,FAC04,DST05,1193,TL,CARF,29704,CC-104
SHP01834,59966737,2025-03-17,2025-03-22,5,L009,FAC01,DST16,2079,LTL,CARE,1933,CC-101
SHP01835,44772281,2025-03-17,2025-03-18,1,L056,FAC05,DST07,236,TL,CARG,33716,CC-105
SHP01836,68873293,2025-03-17,2025-03-23,6,L048,FAC04,DST16,2410,LTL,CARB,1889,CC-104
SHP01837,86030102,2025-03-17,2025-03-20,3,L026,FAC03,DST02,1557,TL,CARH,32701,CC-103
SHP01838,47910360,2025-03-17,2025-03-22,5,L027,FAC03,DST03,1859,TL,CARH,15960,CC-103
SHP01839,52504447,2025-03-17,2025-03-19,2,L013,FAC02,DST02,798,TL,CARF,16162,CC-102
SHP01840,62162995,2025-03-17,2025-03-21,4,L029,FAC03,DST05,1333,LTL,CARD,1066,CC-103
SHP01841,76654866,2025-03-17,2025-03-19,2,L045,FAC04,DST11,743,LTL,CARE,1439,CC-104
SHP01842,81092471,2025-03-17,2025-03-23,6,L035,FAC03,DST16,2015,LTL,CARA,462,CC-103
SHP01843,76228918,2025-03-17,2025-03-21,4,L007,FAC01,DST12,1102,LTL,CARE,2802,CC-101
SHP01844,05448311,2025-03-17,2025-03-19,2,L041,FAC04,DST07,400,LTL,CARB,1168,CC-104
SHP01845,66009725,2025-03-17,2025-03-23,6,L027,FAC03,DST03,1859,LTL,CARA,982,CC-103
SHP01846,13304805,2025-03-17,2025-03-23,6,L009,FAC01,DST16,2079,LTL,CARB,1337,CC-101
SHP01847,84587413,2025-03-18,2025-03-21,3,L023,FAC02,DST18,513,LTL,CARD,3838,CC-102
SHP01848,11042550,2025-03-18,2025-03-19,1,L042,FAC04,DST08,197,LTL,CARB,505,CC-104
SHP01849,93837918,2025-03-18,2025-03-21,3,L028,FAC03,DST04,1114,LTL,CARC,697,CC-103
SHP01850,17928676,2025-03-18,2025-03-21,3,L024,FAC02,DST19,626,TL,CARH,41149,CC-102
SHP01851,87261997,2025-03-18,2025-03-21,3,L054,FAC05,DST04,624,TL,CARG,16368,CC-105
SHP01852,62169452,2025-03-18,2025-03-20,2,L055,FAC05,DST06,820,LTL,CARE,1213,CC-105
SHP01853,20026686,2025-03-18,2025-03-21,3,L030,FAC03,DST08,1199,LTL,CARD,1342,CC-103
SHP01854,92316199,2025-03-18,2025-03-21,3,L058,FAC05,DST13,581,LTL,CARD,1020,CC-105
SHP01855,78125653,2025-03-18,2025-03-20,2,L032,FAC03,DST11,545,LTL,CARC,514,CC-103
SHP01856,81426098,2025-03-18,2025-03-22,4,L017,FAC02,DST09,1090,LTL,CARE,2643,CC-102
SHP01857,52233352,2025-03-18,2025-03-24,6,L035,FAC03,DST16,2015,LTL,CARA,1748,CC-103
SHP01858,34680217,2025-03-18,2025-03-22,4,L036,FAC03,DST19,1283,LTL,CARD,5643,CC-103
SHP01859,22198420,2025-03-18,2025-03-22,4,L028,FAC03,DST04,1114,LTL,CARE,2786,CC-103
SHP01860,50838719,2025-03-18,2025-03-20,2,L051,FAC04,DST19,195,LTL,CARB,5611,CC-104
SHP01861,59727706,2025-03-18,2025-03-21,3,L024,FAC02,DST19,626,LTL,CARC,644,CC-102
SHP01862,64936797,2025-03-18,2025-03-23,5,L034,FAC03,DST15,1485,LTL,CARB,1612,CC-103
SHP01863,44364351,2025-03-18,2025-03-22,4,L008,FAC01,DST14,1742,LTL,CARE,644,CC-101
SHP01864,50493462,2025-03-18,2025-03-20,2,L042,FAC04,DST08,197,TL,CARF,22636,CC-104
SHP01865,37632414,2025-03-18,2025-03-22,4,L010,FAC01,DST17,1508,LTL,CARC,555,CC-101
SHP01866,18551433,2025-03-18,2025-03-21,3,L039,FAC04,DST03,771,LTL,CARE,1238,CC-104
SHP01867,77397315,2025-03-18,2025-03-20,2,L043,FAC04,DST09,753,LTL,CARE,593,CC-104
SHP01868,33260230,2025-03-18,2025-03-21,3,L032,FAC03,DST11,545,LTL,CARC,1331,CC-103
SHP01869,98591390,2025-03-18,2025-03-21,3,L039,FAC04,DST03,771,LTL,CARA,2449,CC-104
SHP01870,37477103,2025-03-18,2025-03-23,5,L059,FAC05,DST16,2236,LTL,CARB,1132,CC-105
SHP01871,15432571,2025-03-18,2025-03-22,4,L007,FAC01,DST12,1102,LTL,CARE,7500,CC-101
SHP01872,19994026,2025-03-19,2025-03-22,3,L017,FAC02,DST09,1090,LTL,CARC,1748,CC-102
SHP01873,74847249,2025-03-19,2025-03-23,4,L030,FAC03,DST08,1199,LTL,CARD,1485,CC-103
SHP01874,83202463,2025-03-19,2025-03-21,2,L057,FAC05,DST10,289,LTL,CARC,1832,CC-105
SHP01875,79156663,2025-03-19,2025-03-23,4,L002,FAC01,DST05,1430,LTL,CARE,1195,CC-101
SHP01876,75383378,2025-03-19,2025-03-20,1,L004,FAC01,DST07,477,TL,CARH,34752,CC-101
SHP01877,11512293,2025-03-19,2025-03-20,1,L042,FAC04,DST08,197,LTL,CARC,246,CC-104
SHP01878,08739312,2025-03-19,2025-03-21,2,L021,FAC02,DST13,841,LTL,CARD,616,CC-102
SHP01879,85355386,2025-03-19,2025-03-21,2,L039,FAC04,DST03,771,LTL,CARA,404,CC-104
SHP01880,55966041,2025-03-19,2025-03-21,2,L057,FAC05,DST10,289,LTL,CARC,3104,CC-105
SHP01881,35052280,2025-03-19,2025-03-24,5,L022,FAC02,DST14,1906,LTL,CARE,2252,CC-102
SHP01882,78206511,2025-03-19,2025-03-24,5,L027,FAC03,DST03,1859,LTL,CARA,209,CC-103
SHP01883,53682588,2025-03-19,2025-03-21,2,L041,FAC04,DST07,400,LTL,CARA,365,CC-104
SHP01884,82479445,2025-03-19,2025-03-24,5,L053,FAC05,DST03,1362,LTL,CARA,516,CC-105
SHP01885,37598203,2025-03-19,2025-03-22,3,L045,FAC04,DST11,743,TL,CARF,38298,CC-104
SHP01886,48868512,2025-03-19,2025-03-22,3,L055,FAC05,DST06,820,LTL,CARD,472,CC-105
SHP01887,80680662,2025-03-19,2025-03-21,2,L032,FAC03,DST11,545,LTL,CARD,623,CC-103
SHP01888,30337603,2025-03-19,2025-03-21,2,L054,FAC05,DST04,624,TL,CARG,15798,CC-105
SHP01889,40259570,2025-03-19,2025-03-21,2,L057,FAC05,DST10,289,LTL,CARC,1275,CC-105
SHP01890,47745968,2025-03-19,2025-03-21,2,L038,FAC04,DST01,571,LTL,CARB,2296,CC-104
SHP01891,17902156,2025-03-19,2025-03-23,4,L029,FAC03,DST05,1333,LTL,CARD,2542,CC-103
SHP01892,55879388,2025-03-20,2025-03-22,2,L056,FAC05,DST07,236,LTL,CARE,1000,CC-105
SHP01893,29296244,2025-03-20,2025-03-22,2,L023,FAC02,DST18,513,LTL,CARD,1571,CC-102
SHP01894,19711423,2025-03-20,2025-03-26,6,L022,FAC02,DST14,1906,LTL,CARC,562,CC-102
SHP01895,11252157,2025-03-20,2025-03-21,1,L006,FAC01,DST10,315,LTL,CARE,1181,CC-101
SHP01896,53343941,2025-03-20,2025-03-26,6,L009,FAC01,DST16,2079,LTL,CARE,4902,CC-101
SHP01897,34959892,2025-03-20,2025-03-21,1,L025,FAC02,DST20,384,LTL,CARB,3583,CC-102
SHP01898,10879100,2025-03-20,2025-03-25,5,L034,FAC03,DST15,1485,LTL,CARA,1252,CC-103
SHP01899,58883490,2025-03-20,2025-03-23,3,L032,FAC03,DST11,545,LTL,CARC,1251,CC-103
SHP01900,48877103,2025-03-20,2025-03-22,2,L018,FAC02,DST10,561,LTL,CARE,4443,CC-102
SHP01901,12476572,2025-03-20,2025-03-22,2,L032,FAC03,DST11,545,LTL,CARD,3120,CC-103
SHP01902,46677041,2025-03-20,2025-03-22,2,L032,FAC03,DST11,545,LTL,CARD,321,CC-103
SHP01903,33801282,2025-03-20,2025-03-22,2,L042,FAC04,DST08,197,LTL,CARC,2354,CC-104
SHP01904,07498153,2025-03-20,2025-03-23,3,L018,FAC02,DST10,561,LTL,CARB,3186,CC-102
SHP01905,94746033,2025-03-20,2025-03-24,4,L027,FAC03,DST03,1859,TL,CARH,20928,CC-103
SHP01906,66297496,2025-03-20,2025-03-26,6,L049,FAC04,DST17,1818,LTL,CARA,4503,CC-104
SHP01907,57180442,2025-03-20,2025-03-22,2,L043,FAC04,DST09,753,LTL,CARC,2327,CC-104
SHP01908,04018688,2025-03-20,2025-03-25,5,L059,FAC05,DST16,2236,LTL,CARB,3630,CC-105
SHP01909,09846672,2025-03-20,2025-03-23,3,L001,FAC01,DST04,705,LTL,CARC,974,CC-101
SHP01910,11400173,2025-03-20,2025-03-24,4,L029,FAC03,DST05,1333,LTL,CARD,617,CC-103
SHP01911,11992452,2025-03-20,2025-03-21,1,L056,FAC05,DST07,236,LTL,CARE,1091,CC-105
SHP01912,88118587,2025-03-20,2025-03-21,1,L011,FAC01,DST18,198,LTL,CARD,2046,CC-101
SHP01913,69394351,2025-03-20,2025-03-23,3,L036,FAC03,DST19,1283,LTL,CARD,541,CC-103
SHP01914,71054871,2025-03-20,2025-03-24,4,L053,FAC05,DST03,1362,LTL,CARA,3318,CC-105
SHP01915,90691177,2025-03-20,2025-03-25,5,L008,FAC01,DST14,1742,TL,CARH,36366,CC-101
SHP01916,72003026,2025-03-20,2025-03-25,5,L022,FAC02,DST14,1906,LTL,CARE,566,CC-102
SHP01917,24692562,2025-03-20,2025-03-23,3,L017,FAC02,DST09,1090,LTL,CARC,361,CC-102
SHP01918,38485200,2025-03-20,2025-03-22,2,L045,FAC04,DST11,743,LTL,CARE,3143,CC-104
SHP01919,78248918,2025-03-20,2025-03-22,2,L052,FAC04,DST20,227,LTL,CARD,1171,CC-104
SHP01920,45638324,2025-03-20,2025-03-22,2,L025,FAC02,DST20,384,TL,CARG,39327,CC-102
SHP01921,98658775,2025-03-21,2025-03-22,1,L012,FAC01,DST20,323,LTL,CARC,712,CC-101
SHP01922,60007305,2025-03-21,2025-03-26,5,L009,FAC01,DST16,2079,LTL,CARE,901,CC-101
SHP01923,01176870,2025-03-21,2025-03-24,3,L058,FAC05,DST13,581,LTL,CARA,1496,CC-105
SHP01924,22557838,2025-03-21,2025-03-23,2,L024,FAC02,DST19,626,LTL,CARC,1469,CC-102
SHP01925,34441938,2025-03-21,2025-03-22,1,L042,FAC04,DST08,197,LTL,CARC,820,CC-104
SHP01926,60931599,2025-03-21,2025-03-22,1,L056,FAC05,DST07,236,LTL,CARD,539,CC-105
SHP01927,34538955,2025-03-21,2025-03-22,1,L051,FAC04,DST19,195,TL,CARG,26939,CC-104
SHP01928,75772382,2025-03-21,2025-03-25,4,L003,FAC01,DST06,1183,LTL,CARC,1134,CC-101
SHP01929,86323060,2025-03-21,2025-03-23,2,L005,FAC01,DST08,284,TL,CARG,23142,CC-101
SHP01930,12513299,2025-03-21,2025-03-23,2,L021,FAC02,DST13,841,LTL,CARD,366,CC-102
SHP01931,05836373,2025-03-21,2025-03-23,2,L018,FAC02,DST10,561,LTL,CARB,613,CC-102
SHP01932,29212539,2025-03-21,2025-03-22,1,L012,FAC01,DST20,323,LTL,CARC,434,CC-101
SHP01933,65561891,2025-03-21,2025-03-24,3,L028,FAC03,DST04,1114,LTL,CARE,621,CC-103
SHP01934,60201995,2025-03-21,2025-03-25,4,L053,FAC05,DST03,1362,LTL,CARE,815,CC-105
SHP01935,86294518,2025-03-21,2025-03-24,3,L001,FAC01,DST04,705,LTL,CARA,1866,CC-101
SHP01936,34938995,2025-03-21,2025-03-22,1,L056,FAC05,DST07,236,LTL,CARE,1721,CC-105
SHP01937,39951652,2025-03-21,2025-03-25,4,L034,FAC03,DST15,1485,LTL,CARA,752,CC-103
SHP01938,17573217,2025-03-21,2025-03-22,1,L052,FAC04,DST20,227,TL,CARF,15405,CC-104
SHP01939,93940000,2025-03-21,2025-03-22,1,L051,FAC04,DST19,195,LTL,CARB,1983,CC-104
SHP01940,23583878,2025-03-21,2025-03-24,3,L036,FAC03,DST19,1283,LTL,CARC,557,CC-103
SHP01941,04779441,2025-03-21,2025-03-23,2,L055,FAC05,DST06,820,LTL,CARE,847,CC-105
SHP01942,28850926,2025-03-21,2025-03-24,3,L001,FAC01,DST04,705,TL,CARG,25451,CC-101
SHP01943,08105210,2025-03-21,2025-03-27,6,L047,FAC04,DST15,2368,TL,CARF,39663,CC-104
SHP01944,40023430,2025-03-22,2025-03-25,3,L014,FAC02,DST03,1123,LTL,CARD,721,CC-102
SHP01945,13247183,2025-03-22,2025-03-23,1,L011,FAC01,DST18,198,LTL,CARE,559,CC-101
SHP01946,32750399,2025-03-22,2025-03-24,2,L057,FAC05,DST10,289,LTL,CARC,4852,CC-105
SHP01947,23027515,2025-03-22,2025-03-25,3,L031,FAC03,DST10,657,LTL,CARA,4925,CC-103
SHP01948,59580850,2025-03-22,2025-03-25,3,L024,FAC02,DST19,626,LTL,CARC,3320,CC-102
SHP01949,37826162,2025-03-22,2025-03-25,3,L031,FAC03,DST10,657,TL,CARF,18940,CC-103
SHP01950,48168101,2025-03-22,2025-03-25,3,L017,FAC02,DST09,1090,TL,CARF,16964,CC-102
SHP01951,63930934,2025-03-22,2025-03-26,4,L033,FAC03,DST14,1061,LTL,CARB,537,CC-103
SHP01952,97466025,2025-03-22,2025-03-25,3,L013,FAC02,DST02,798,LTL,CARB,630,CC-102
SHP01953,87215814,2025-03-22,2025-03-25,3,L021,FAC02,DST13,841,LTL,CARD,1881,CC-102
SHP01954,89012151,2025-03-22,2025-03-24,2,L016,FAC02,DST08,717,LTL,CARC,1362,CC-102
SHP01955,08377096,2025-03-22,2025-03-24,2,L021,FAC02,DST13,841,LTL,CARD,936,CC-102
SHP01956,44001471,2025-03-22,2025-03-25,3,L019,FAC02,DST11,811,TL,CARH,34561,CC-102
SHP01957,50951591,2025-03-22,2025-03-24,2,L004,FAC01,DST07,477,LTL,CARC,826,CC-101
SHP01958,95526023,2025-03-22,2025-03-24,2,L006,FAC01,DST10,315,LTL,CARB,5270,CC-101
SHP01959,94429703,2025-03-22,2025-03-24,2,L021,FAC02,DST13,841,TL,CARG,28671,CC-102
SHP01960,96526542,2025-03-22,2025-03-25,3,L017,FAC02,DST09,1090,LTL,CARC,1651,CC-102
SHP01961,68377197,2025-03-23,2025-03-29,6,L047,FAC04,DST15,2368,LTL,CARD,1452,CC-104
SHP01962,77597459,2025-03-23,2025-03-26,3,L017,FAC02,DST09,1090,LTL,CARE,896,CC-102
SHP01963,33540295,2025-03-23,2025-03-28,5,L053,FAC05,DST03,1362,LTL,CARE,3208,CC-105
SHP01964,70750823,2025-03-23,2025-03-30,7,L047,FAC04,DST15,2368,LTL,CARD,1477,CC-104
SHP01965,24582029,2025-03-23,2025-03-27,4,L028,FAC03,DST04,1114,LTL,CARC,5314,CC-103
SHP01966,49236047,2025-03-23,2025-03-26,3,L014,FAC02,DST03,1123,TL,CARH,34645,CC-102
SHP01967,15535054,2025-03-23,2025-03-24,1,L056,FAC05,DST07,236,LTL,CARD,1018,CC-105
SHP01968,27065156,2025-03-23,2025-03-26,3,L058,FAC05,DST13,581,LTL,CARD,881,CC-105
SHP01969,42380941,2025-03-23,2025-03-28,5,L048,FAC04,DST16,2410,TL,CARG,22009,CC-104
SHP01970,48059076,2025-03-23,2025-03-25,2,L060,FAC05,DST19,791,LTL,CARA,383,CC-105
SHP01971,72892948,2025-03-23,2025-03-26,3,L001,FAC01,DST04,705,LTL,CARC,3641,CC-101
SHP01972,29904367,2025-03-23,2025-03-29,6,L022,FAC02,DST14,1906,LTL,CARC,4745,CC-102
SHP01973,94096611,2025-03-23,2025-03-28,5,L020,FAC02,DST12,1452,LTL,CARB,1066,CC-102
SHP01974,53516746,2025-03-23,2025-03-24,1,L057,FAC05,DST10,289,TL,CARH,33565,CC-105
SHP01975,17577039,2025-03-23,2025-03-25,2,L001,FAC01,DST04,705,LTL,CARC,1396,CC-101
SHP01976,74960841,2025-03-23,2025-03-25,2,L055,FAC05,DST06,820,LTL,CARE,4147,CC-105
SHP01977,65959605,2025-03-23,2025-03-25,2,L058,FAC05,DST13,581,LTL,CARA,1251,CC-105
SHP01978,86661770,2025-03-23,2025-03-29,6,L046,FAC04,DST14,1996,LTL,CARA,1213,CC-104
SHP01979,60943859,2025-03-23,2025-03-27,4,L014,FAC02,DST03,1123,LTL,CARA,966,CC-102
SHP01980,75908376,2025-03-23,2025-03-25,2,L054,FAC05,DST04,624,LTL,CARB,735,CC-105
SHP01981,07964093,2025-03-24,2025-03-28,4,L002,FAC01,DST05,1430,LTL,CARE,934,CC-101
SHP01982,78901420,2025-03-24,2025-03-26,2,L055,FAC05,DST06,820,LTL,CARD,288,CC-105
SHP01983,92110480,2025-03-24,2025-03-28,4,L003,FAC01,DST06,1183,LTL,CARC,1675,CC-101
SHP01984,01496488,2025-03-24,2025-03-26,2,L012,FAC01,DST20,323,TL,CARF,35058,CC-101
SHP01985,36242547,2025-03-24,2025-03-28,4,L040,FAC04,DST05,1193,LTL,CARC,1055,CC-104
SHP01986,38093828,2025-03-24,2025-03-26,2,L013,FAC02,DST02,798,TL,CARF,34335,CC-102
SHP01987,77986371,2025-03-24,2025-03-26,2,L051,FAC04,DST19,195,LTL,CARB,100,CC-104
SHP01988,46851984,2025-03-24,2025-03-26,2,L032,FAC03,DST11,545,TL,CARH,28209,CC-103
SHP01989,35595188,2025-03-24,2025-03-27,3,L030,FAC03,DST08,1199,LTL,CARD,531,CC-103
SHP01990,80284436,2025-03-24,2025-03-27,3,L033,FAC03,DST14,1061,LTL,CARB,2108,CC-103
SHP01991,51120843,2025-03-24,2025-03-26,2,L038,FAC04,DST01,571,TL,CARF,40165,CC-104
SHP01992,96186196,2025-03-24,2025-03-27,3,L014,FAC02,DST03,1123,LTL,CARD,752,CC-102
SHP01993,79363073,2025-03-24,2025-03-26,2,L038,FAC04,DST01,571,LTL,CARD,1274,CC-104
SHP01994,22364719,2025-03-24,2025-03-27,3,L004,FAC01,DST07,477,LTL,CARA,744,CC-101
SHP01995,91976607,2025-03-24,2025-03-29,5,L035,FAC03,DST16,2015,LTL,CARA,2377,CC-103
SHP01996,40622173,2025-03-24,2025-03-27,3,L016,FAC02,DST08,717,TL,CARG,20090,CC-102
SHP01997,55971431,2025-03-24,2025-03-30,6,L035,FAC03,DST16,2015,LTL,CARD,177,CC-103
SHP01998,26040539,2025-03-24,2025-03-30,6,L046,FAC04,DST14,1996,LTL,CARA,1680,CC-104
SHP01999,33287198,2025-03-24,2025-03-27,3,L014,FAC02,DST03,1123,LTL,CARD,480,CC-102
SHP02000,39684268,2025-03-24,2025-03-25,1,L012,FAC01,DST20,323,LTL,CARB,880,CC-101
SHP02001,84848105,2025-03-24,2025-03-28,4,L036,FAC03,DST19,1283,LTL,CARC,3528,CC-103
SHP02002,20156091,2025-03-24,2025-03-29,5,L034,FAC03,DST15,1485,LTL,CARB,1776,CC-103
SHP02003,16306844,2025-03-24,2025-03-26,2,L023,FAC02,DST18,513,TL,CARF,35991,CC-102
SHP02004,74272756,2025-03-24,2025-03-26,2,L044,FAC04,DST10,475,LTL,CARB,1016,CC-104
SHP02005,49305508,2025-03-24,2025-03-27,3,L054,FAC05,DST04,624,TL,CARG,20845,CC-105
SHP02006,89328411,2025-03-24,2025-03-25,1,L025,FAC02,DST20,384,TL,CARG,20074,CC-102
SHP02007,01892229,2025-03-24,2025-03-26,2,L015,FAC02,DST07,257,LTL,CARD,759,CC-102
SHP02008,62274989,2025-03-24,2025-03-27,3,L045,FAC04,DST11,743,LTL,CARC,1183,CC-104
SHP02009,11863924,2025-03-24,2025-03-27,3,L019,FAC02,DST11,811,LTL,CARD,683,CC-102
SHP02010,68725010,2025-03-24,2025-03-26,2,L051,FAC04,DST19,195,LTL,CARD,1140,CC-104
SHP02011,41913599,2025-03-25,2025-03-29,4,L034,FAC03,DST15,1485,LTL,CARB,1690,CC-103
SHP02012,77850617,2025-03-25,2025-03-30,5,L022,FAC02,DST14,1906,LTL,CARE,1005,CC-102
SHP02013,92601172,2025-03-25,2025-03-26,1,L051,FAC04,DST19,195,TL,CARG,34536,CC-104
SHP02014,30752443,2025-03-25,2025-03-29,4,L010,FAC01,DST17,1508,LTL,CARA,1468,CC-101
SHP02015,81224740,2025-03-25,2025-03-27,2,L037,FAC03,DST20,871,LTL,CARE,3052,CC-103
SHP02016,26876111,2025-03-25,2025-03-27,2,L050,FAC04,DST18,202,LTL,CARC,1515,CC-104
SHP02017,86536061,2025-03-25,2025-03-26,1,L012,FAC01,DST20,323,LTL,CARC,782,CC-101
SHP02018,91713706,2025-03-25,2025-03-29,4,L028,FAC03,DST04,1114,LTL,CARE,1003,CC-103
SHP02019,56268599,2025-03-25,2025-03-26,1,L012,FAC01,DST20,323,LTL,CARB,2956,CC-101
SHP02020,52339532,2025-03-25,2025-03-26,1,L057,FAC05,DST10,289,LTL,CARE,558,CC-105
SHP02021,12281967,2025-03-25,2025-03-28,3,L007,FAC01,DST12,1102,LTL,CARB,801,CC-101
SHP02022,22823987,2025-03-25,2025-03-31,6,L027,FAC03,DST03,1859,LTL,CARD,907,CC-103
SHP02023,73345277,2025-03-25,2025-03-28,3,L053,FAC05,DST03,1362,TL,CARG,36112,CC-105
SHP02024,20934428,2025-03-25,2025-04-01,7,L047,FAC04,DST15,2368,LTL,CARC,820,CC-104
SHP02025,33154845,2025-03-25,2025-03-26,1,L056,FAC05,DST07,236,LTL,CARE,944,CC-105
SHP02026,24625323,2025-03-25,2025-03-29,4,L053,FAC05,DST03,1362,LTL,CARA,2002,CC-105
SHP02027,49801693,2025-03-25,2025-03-29,4,L010,FAC01,DST17,1508,TL,CARG,16464,CC-101
SHP02028,46961959,2025-03-25,2025-03-29,4,L010,FAC01,DST17,1508,LTL,CARA,959,CC-101
SHP02029,88612746,2025-03-25,2025-03-28,3,L029,FAC03,DST05,1333,LTL,CARD,1843,CC-103
SHP02030,22495018,2025-03-25,2025-03-30,5,L022,FAC02,DST14,1906,LTL,CARC,838,CC-102
SHP02031,93987594,2025-03-25,2025-03-28,3,L018,FAC02,DST10,561,TL,CARH,30651,CC-102
SHP02032,35741038,2025-03-25,2025-03-28,3,L040,FAC04,DST05,1193,LTL,CARC,295,CC-104
SHP02033,50859712,2025-03-25,2025-03-29,4,L010,FAC01,DST17,1508,LTL,CARA,471,CC-101
SHP02034,12191881,2025-03-25,2025-03-27,2,L041,FAC04,DST07,400,LTL,CARB,891,CC-104
SHP02035,15598946,2025-03-25,2025-03-31,6,L046,FAC04,DST14,1996,LTL,CARA,1570,CC-104
SHP02036,57034661,2025-03-25,2025-03-28,3,L017,FAC02,DST09,1090,LTL,CARC,1011,CC-102
SHP02037,76512958,2025-03-25,2025-03-28,3,L001,FAC01,DST04,705,TL,CARG,35136,CC-101
SHP02038,27166926,2025-03-25,2025-03-29,4,L008,FAC01,DST14,1742,TL,CARH,33104,CC-101
SHP02039,72759448,2025-03-25,2025-03-30,5,L027,FAC03,DST03,1859,LTL,CARA,495,CC-103
SHP02040,96432349,2025-03-25,2025-03-31,6,L027,FAC03,DST03,1859,LTL,CARD,1147,CC-103
SHP02041,34262768,2025-03-26,2025-03-29,3,L045,FAC04,DST11,743,LTL,CARC,279,CC-104
SHP02042,76611993,2025-03-26,2025-03-29,3,L010,FAC01,DST17,1508,TL,CARG,34997,CC-101
SHP02043,38825609,2025-03-26,2025-03-30,4,L007,FAC01,DST12,1102,LTL,CARE,929,CC-101
SHP02044,57230216,2025-03-26,2025-03-28,2,L044,FAC04,DST10,475,LTL,CARB,5740,CC-104
SHP02045,25065715,2025-03-26,2025-03-29,3,L055,FAC05,DST06,820,LTL,CARD,538,CC-105
SHP02046,00327431,2025-03-26,2025-03-27,1,L056,FAC05,DST07,236,TL,CARG,27647,CC-105
SHP02047,00429045,2025-03-26,2025-03-28,2,L043,FAC04,DST09,753,LTL,CARC,2010,CC-104
SHP02048,50039744,2025-03-26,2025-03-29,3,L038,FAC04,DST01,571,LTL,CARD,569,CC-104
SHP02049,77153356,2025-03-26,2025-03-29,3,L037,FAC03,DST20,871,LTL,CARE,866,CC-103
SHP02050,00635045,2025-03-26,2025-03-31,5,L002,FAC01,DST05,1430,LTL,CARE,1305,CC-101
SHP02051,31141834,2025-03-26,2025-03-30,4,L036,FAC03,DST19,1283,LTL,CARD,851,CC-103
SHP02052,40483061,2025-03-26,2025-03-30,4,L008,FAC01,DST14,1742,LTL,CARE,1293,CC-101
SHP02053,20756599,2025-03-26,2025-03-28,2,L052,FAC04,DST20,227,LTL,CARE,762,CC-104
SHP02054,43952320,2025-03-26,2025-03-30,4,L046,FAC04,DST14,1996,TL,CARF,31172,CC-104
SHP02055,84957647,2025-03-26,2025-03-29,3,L040,FAC04,DST05,1193,LTL,CARB,1374,CC-104
SHP02056,79429455,2025-03-26,2025-03-31,5,L047,FAC04,DST15,2368,TL,CARF,24083,CC-104
SHP02057,73163113,2025-03-26,2025-03-30,4,L009,FAC01,DST16,2079,TL,CARG,26945,CC-101
SHP02058,03000969,2025-03-26,2025-04-01,6,L047,FAC04,DST15,2368,LTL,CARC,566,CC-104
SHP02059,90755290,2025-03-26,2025-03-28,2,L031,FAC03,DST10,657,LTL,CARA,3786,CC-103
SHP02060,27789586,2025-03-26,2025-03-29,3,L054,FAC05,DST04,624,LTL,CARB,1932,CC-105
SHP02061,79779449,2025-03-26,2025-03-28,2,L032,FAC03,DST11,545,LTL,CARC,1531,CC-103
SHP02062,00590514,2025-03-26,2025-03-28,2,L037,FAC03,DST20,871,LTL,CARE,560,CC-103
SHP02063,69301892,2025-03-26,2025-03-28,2,L021,FAC02,DST13,841,LTL,CARD,1613,CC-102
SHP02064,46280795,2025-03-26,2025-03-28,2,L060,FAC05,DST19,791,LTL,CARA,1136,CC-105
SHP02065,98822583,2025-03-26,2025-03-28,2,L006,FAC01,DST10,315,LTL,CARE,2789,CC-101
SHP02066,12684855,2025-03-26,2025-03-31,5,L010,FAC01,DST17,1508,LTL,CARC,2409,CC-101
SHP02067,93831868,2025-03-27,2025-03-30,3,L033,FAC03,DST14,1061,LTL,CARB,181,CC-103
SHP02068,63374580,2025-03-27,2025-03-30,3,L040,FAC04,DST05,1193,LTL,CARB,512,CC-104
SHP02069,06320334,2025-03-27,2025-03-31,4,L014,FAC02,DST03,1123,LTL,CARA,343,CC-102
SHP02070,13415051,2025-03-27,2025-03-29,2,L039,FAC04,DST03,771,LTL,CARA,1656,CC-104
SHP02071,97437643,2025-03-27,2025-03-28,1,L056,FAC05,DST07,236,LTL,CARD,703,CC-105
SHP02072,95553667,2025-03-27,2025-03-30,3,L045,FAC04,DST11,743,LTL,CARE,539,CC-104
SHP02073,19370546,2025-03-27,2025-03-28,1,L050,FAC04,DST18,202,LTL,CARD,351,CC-104
SHP02074,72601824,2025-03-27,2025-03-29,2,L052,FAC04,DST20,227,LTL,CARD,3259,CC-104
SHP02075,63599502,2025-03-27,2025-03-29,2,L037,FAC03,DST20,871,TL,CARG,41278,CC-103
SHP02076,65804064,2025-03-27,2025-03-30,3,L045,FAC04,DST11,743,LTL,CARE,372,CC-104
SHP02077,29419246,2025-03-27,2025-03-30,3,L023,FAC02,DST18,513,LTL,CARD,1284,CC-102
SHP02078,70283552,2025-03-27,2025-03-30,3,L016,FAC02,DST08,717,TL,CARG,31290,CC-102
SHP02079,58178352,2025-03-27,2025-03-30,3,L039,FAC04,DST03,771,LTL,CARE,1331,CC-104
SHP02080,37065829,2025-03-27,2025-04-02,6,L027,FAC03,DST03,1859,LTL,CARD,264,CC-103
SHP02081,44083479,2025-03-27,2025-03-28,1,L025,FAC02,DST20,384,LTL,CARA,386,CC-102
SHP02082,92777801,2025-03-27,2025-03-28,1,L032,FAC03,DST11,545,TL,CARH,17354,CC-103
SHP02083,45388954,2025-03-27,2025-03-28,1,L004,FAC01,DST07,477,TL,CARH,16617,CC-101
SHP02084,02501739,2025-03-27,2025-03-31,4,L030,FAC03,DST08,1199,LTL,CARD,1324,CC-103
SHP02085,67637212,2025-03-27,2025-03-28,1,L006,FAC01,DST10,315,LTL,CARB,1110,CC-101
SHP02086,62466960,2025-03-27,2025-04-01,5,L027,FAC03,DST03,1859,LTL,CARA,181,CC-103
SHP02087,81327450,2025-03-27,2025-03-28,1,L056,FAC05,DST07,236,LTL,CARE,889,CC-105
SHP02088,74561454,2025-03-27,2025-03-30,3,L014,FAC02,DST03,1123,TL,CARH,25784,CC-102
SHP02089,12356944,2025-03-27,2025-04-02,6,L046,FAC04,DST14,1996,LTL,CARA,1898,CC-104
SHP02090,98932432,2025-03-28,2025-04-01,4,L034,FAC03,DST15,1485,LTL,CARA,4772,CC-103
SHP02091,51611094,2025-03-28,2025-04-01,4,L007,FAC01,DST12,1102,LTL,CARE,3184,CC-101
SHP02092,67775396,2025-03-28,2025-03-29,1,L006,FAC01,DST10,315,LTL,CARB,923,CC-101
SHP02093,86014938,2025-03-28,2025-03-31,3,L037,FAC03,DST20,871,LTL,CARD,492,CC-103
SHP02094,59106159,2025-03-28,2025-03-31,3,L023,FAC02,DST18,513,LTL,CARD,985,CC-102
SHP02095,56939307,2025-03-28,2025-03-30,2,L012,FAC01,DST20,323,TL,CARF,41256,CC-101
SHP02096,64327150,2025-03-28,2025-04-01,4,L010,FAC01,DST17,1508,LTL,CARA,3989,CC-101
SHP02097,86704274,2025-03-28,2025-03-31,3,L055,FAC05,DST06,820,TL,CARF,37782,CC-105
SHP02098,18053908,2025-03-28,2025-04-01,4,L017,FAC02,DST09,1090,LTL,CARE,1902,CC-102
SHP02099,25625438,2025-03-28,2025-04-01,4,L053,FAC05,DST03,1362,LTL,CARA,648,CC-105
SHP02100,61217925,2025-03-28,2025-03-30,2,L016,FAC02,DST08,717,LTL,CARE,926,CC-102
SHP02101,17093230,2025-03-28,2025-04-03,6,L059,FAC05,DST16,2236,TL,CARH,16438,CC-105
SHP02102,18019461,2025-03-28,2025-04-02,5,L002,FAC01,DST05,1430,LTL,CARB,2660,CC-101
SHP02103,32729175,2025-03-28,2025-04-02,5,L053,FAC05,DST03,1362,LTL,CARA,1251,CC-105
SHP02104,52507297,2025-03-28,2025-03-30,2,L015,FAC02,DST07,257,LTL,CARB,3542,CC-102
SHP02105,43179141,2025-03-28,2025-04-04,7,L047,FAC04,DST15,2368,LTL,CARC,4586,CC-104
SHP02106,48319067,2025-03-28,2025-04-02,5,L002,FAC01,DST05,1430,LTL,CARE,658,CC-101
SHP02107,21979178,2025-03-28,2025-04-03,6,L009,FAC01,DST16,2079,LTL,CARE,2302,CC-101
SHP02108,87121846,2025-03-28,2025-04-01,4,L003,FAC01,DST06,1183,LTL,CARC,2634,CC-101
SHP02109,93149910,2025-03-28,2025-04-02,5,L049,FAC04,DST17,1818,LTL,CARC,1060,CC-104
SHP02110,94825134,2025-03-28,2025-04-01,4,L008,FAC01,DST14,1742,LTL,CARA,3120,CC-101
SHP02111,89541557,2025-03-28,2025-03-31,3,L058,FAC05,DST13,581,LTL,CARA,1172,CC-105
SHP02112,20615457,2025-03-28,2025-03-30,2,L050,FAC04,DST18,202,LTL,CARD,374,CC-104
SHP02113,56675080,2025-03-29,2025-04-01,3,L016,FAC02,DST08,717,TL,CARG,30137,CC-102
SHP02114,38245636,2025-03-29,2025-04-01,3,L023,FAC02,DST18,513,LTL,CARB,3229,CC-102
SHP02115,04520932,2025-03-29,2025-03-31,2,L023,FAC02,DST18,513,LTL,CARD,765,CC-102
SHP02116,18519121,2025-03-29,2025-03-30,1,L012,FAC01,DST20,323,LTL,CARC,1338,CC-101
SHP02117,06140013,2025-03-29,2025-03-30,1,L051,FAC04,DST19,195,LTL,CARB,1429,CC-104
SHP02118,70100330,2025-03-29,2025-04-02,4,L034,FAC03,DST15,1485,LTL,CARA,775,CC-103
SHP02119,07240551,2025-03-29,2025-03-30,1,L006,FAC01,DST10,315,LTL,CARE,785,CC-101
SHP02120,55095563,2025-03-29,2025-03-30,1,L051,FAC04,DST19,195,LTL,CARB,570,CC-104
SHP02121,43922300,2025-03-29,2025-04-01,3,L003,FAC01,DST06,1183,LTL,CARC,1400,CC-101
SHP02122,61844789,2025-03-29,2025-03-31,2,L004,FAC01,DST07,477,LTL,CARA,519,CC-101
SHP02123,47373951,2025-03-29,2025-04-02,4,L034,FAC03,DST15,1485,LTL,CARB,848,CC-103
SHP02124,19420038,2025-03-29,2025-04-04,6,L059,FAC05,DST16,2236,LTL,CARB,768,CC-105
SHP02125,37763760,2025-03-29,2025-04-02,4,L026,FAC03,DST02,1557,TL,CARH,23472,CC-103
SHP02126,69985071,2025-03-29,2025-04-01,3,L038,FAC04,DST01,571,TL,CARF,33992,CC-104
SHP02127,97191719,2025-03-29,2025-03-31,2,L060,FAC05,DST19,791,LTL,CARA,1242,CC-105
SHP02128,52035207,2025-03-29,2025-04-03,5,L010,FAC01,DST17,1508,LTL,CARA,2014,CC-101
SHP02129,46351034,2025-03-29,2025-03-30,1,L056,FAC05,DST07,236,TL,CARG,40790,CC-105
SHP02130,66777249,2025-03-29,2025-03-31,2,L025,FAC02,DST20,384,LTL,CARB,921,CC-102
SHP02131,68188103,2025-03-29,2025-04-04,6,L049,FAC04,DST17,1818,LTL,CARA,2908,CC-104
SHP02132,80715891,2025-03-29,2025-03-30,1,L042,FAC04,DST08,197,LTL,CARB,521,CC-104
SHP02133,10992944,2025-03-29,2025-03-30,1,L042,FAC04,DST08,197,LTL,CARB,3135,CC-104
SHP02134,92902343,2025-03-29,2025-04-02,4,L020,FAC02,DST12,1452,LTL,CARB,3342,CC-102
SHP02135,81203955,2025-03-29,2025-03-31,2,L005,FAC01,DST08,284,LTL,CARD,518,CC-101
SHP02136,22392426,2025-03-29,2025-03-30,1,L004,FAC01,DST07,477,TL,CARH,18422,CC-101
SHP02137,53613763,2025-03-29,2025-03-31,2,L052,FAC04,DST20,227,LTL,CARE,1817,CC-104
SHP02138,68737704,2025-03-29,2025-03-31,2,L057,FAC05,DST10,289,LTL,CARE,2664,CC-105
SHP02139,70395240,2025-03-29,2025-04-02,4,L034,FAC03,DST15,1485,LTL,CARB,2238,CC-103
SHP02140,31550570,2025-03-29,2025-04-02,4,L002,FAC01,DST05,1430,LTL,CARB,501,CC-101
SHP02141,01743071,2025-03-30,2025-04-03,4,L028,FAC03,DST04,1114,LTL,CARE,657,CC-103
SHP02142,28406113,2025-03-30,2025-04-01,2,L060,FAC05,DST19,791,TL,CARF,40548,CC-105
SHP02143,02127612,2025-03-30,2025-04-02,3,L043,FAC04,DST09,753,LTL,CARC,688,CC-104
SHP02144,87040885,2025-03-30,2025-04-01,2,L005,FAC01,DST08,284,LTL,CARB,877,CC-101
SHP02145,69690046,2025-03-30,2025-04-01,2,L043,FAC04,DST09,753,LTL,CARE,512,CC-104
SHP02146,15731282,2025-03-30,2025-04-01,2,L001,FAC01,DST04,705,TL,CARG,28379,CC-101
SHP02147,31019504,2025-03-30,2025-04-01,2,L037,FAC03,DST20,871,LTL,CARE,1887,CC-103
SHP02148,32738837,2025-03-30,2025-04-03,4,L029,FAC03,DST05,1333,LTL,CARD,2228,CC-103
SHP02149,26496797,2025-03-30,2025-04-01,2,L045,FAC04,DST11,743,LTL,CARE,1549,CC-104
SHP02150,18303374,2025-03-30,2025-04-03,4,L028,FAC03,DST04,1114,LTL,CARE,2670,CC-103
SHP02151,90099789,2025-03-30,2025-04-02,3,L021,FAC02,DST13,841,LTL,CARB,697,CC-102
SHP02152,49067785,2025-03-30,2025-04-02,3,L055,FAC05,DST06,820,LTL,CARD,2247,CC-105
SHP02153,91944244,2025-03-30,2025-04-01,2,L004,FAC01,DST07,477,LTL,CARA,4154,CC-101
SHP02154,67047860,2025-03-30,2025-03-31,1,L011,FAC01,DST18,198,LTL,CARE,419,CC-101
SHP02155,02602966,2025-03-30,2025-04-04,5,L009,FAC01,DST16,2079,TL,CARG,25948,CC-101
SHP02156,16108285,2025-03-30,2025-04-01,2,L004,FAC01,DST07,477,LTL,CARC,1807,CC-101
SHP02157,73794396,2025-03-30,2025-04-02,3,L058,FAC05,DST13,581,LTL,CARA,589,CC-105
SHP02158,83565344,2025-03-30,2025-04-01,2,L057,FAC05,DST10,289,LTL,CARE,736,CC-105
SHP02159,74309709,2025-03-30,2025-04-04,5,L008,FAC01,DST14,1742,LTL,CARE,3300,CC-101
SHP02160,62403051,2025-03-30,2025-04-01,2,L052,FAC04,DST20,227,LTL,CARE,958,CC-104
SHP02161,04419224,2025-03-30,2025-04-03,4,L017,FAC02,DST09,1090,LTL,CARC,2368,CC-102
SHP02162,83564868,2025-03-30,2025-04-01,2,L031,FAC03,DST10,657,LTL,CARA,2547,CC-103
SHP02163,54496781,2025-03-30,2025-03-31,1,L025,FAC02,DST20,384,LTL,CARB,1184,CC-102
SHP02164,36059152,2025-03-30,2025-04-01,2,L055,FAC05,DST06,820,LTL,CARD,1650,CC-105
SHP02165,80357234,2025-03-30,2025-04-03,4,L020,FAC02,DST12,1452,LTL,CARB,1306,CC-102
SHP02166,66187700,2025-03-30,2025-04-03,4,L040,FAC04,DST05,1193,TL,CARF,41039,CC-104
SHP02167,41360335,2025-03-30,2025-04-02,3,L016,FAC02,DST08,717,LTL,CARC,218,CC-102
SHP02168,61475211,2025-03-30,2025-04-04,5,L027,FAC03,DST03,1859,LTL,CARA,329,CC-103
SHP02169,25188154,2025-03-30,2025-03-31,1,L005,FAC01,DST08,284,LTL,CARB,749,CC-101
SHP02170,85356305,2025-03-30,2025-04-01,2,L052,FAC04,DST20,227,LTL,CARE,660,CC-104
SHP02171,17240852,2025-03-31,2025-04-01,1,L015,FAC02,DST07,257,TL,CARH,21062,CC-102
SHP02172,08520460,2025-03-31,2025-04-05,5,L049,FAC04,DST17,1818,LTL,CARA,699,CC-104
SHP02173,86974447,2025-03-31,2025-04-03,3,L028,FAC03,DST04,1114,TL,CARG,17962,CC-103
SHP02174,89058859,2025-03-31,2025-04-04,4,L040,FAC04,DST05,1193,LTL,CARB,1155,CC-104
SHP02175,59840084,2025-03-31,2025-04-02,2,L023,FAC02,DST18,513,LTL,CARB,1102,CC-102
SHP02176,09518400,2025-03-31,2025-04-02,2,L039,FAC04,DST03,771,LTL,CARE,560,CC-104
SHP02177,05922563,2025-03-31,2025-04-06,6,L027,FAC03,DST03,1859,LTL,CARD,2399,CC-103
SHP02178,39102809,2025-03-31,2025-04-02,2,L051,FAC04,DST19,195,LTL,CARD,3026,CC-104
SHP02179,88165183,2025-03-31,2025-04-02,2,L005,FAC01,DST08,284,LTL,CARD,2045,CC-101
SHP02180,89417720,2025-03-31,2025-04-02,2,L054,FAC05,DST04,624,TL,CARG,37179,CC-105
SHP02181,75630797,2025-03-31,2025-04-02,2,L051,FAC04,DST19,195,LTL,CARD,1757,CC-104
SHP02182,52022539,2025-03-31,2025-04-02,2,L018,FAC02,DST10,561,LTL,CARE,1507,CC-102
SHP02183,03561273,2025-03-31,2025-04-03,3,L018,FAC02,DST10,561,LTL,CARE,907,CC-102
SHP02184,50940523,2025-03-31,2025-04-01,1,L041,FAC04,DST07,400,LTL,CARA,1642,CC-104
SHP02185,07695392,2025-03-31,2025-04-06,6,L046,FAC04,DST14,1996,LTL,CARA,569,CC-104
SHP02186,97638061,2025-03-31,2025-04-02,2,L019,FAC02,DST11,811,LTL,CARC,1419,CC-102
SHP02187,33250974,2025-03-31,2025-04-02,2,L001,FAC01,DST04,705,TL,CARG,22170,CC-101
SHP02188,21661980,2025-03-31,2025-04-05,5,L046,FAC04,DST14,1996,LTL,CARA,1380,CC-104
SHP02189,90132674,2025-03-31,2025-04-01,1,L042,FAC04,DST08,197,LTL,CARB,929,CC-104
SHP02190,80926919,2025-03-31,2025-04-02,2,L024,FAC02,DST19,626,LTL,CARD,2512,CC-102
SHP02191,83917576,2025-03-31,2025-04-04,4,L035,FAC03,DST16,2015,TL,CARF,17488,CC-103
SHP02192,79483196,2025-03-31,2025-04-05,5,L026,FAC03,DST02,1557,LTL,CARD,3106,CC-103
SHP02193,78379279,2025-03-31,2025-04-02,2,L006,FAC01,DST10,315,LTL,CARB,2861,CC-101
SHP02194,60898548,2025-03-31,2025-04-03,3,L016,FAC02,DST08,717,LTL,CARE,3106,CC-102
SHP02195,98047393,2025-03-31,2025-04-03,3,L028,FAC03,DST04,1114,LTL,CARE,829,CC-103
SHP02196,85253481,2025-03-31,2025-04-06,6,L022,FAC02,DST14,1906,LTL,CARE,960,CC-102
SHP02197,96382781,2025-03-31,2025-04-06,6,L059,FAC05,DST16,2236,LTL,CARA,919,CC-105
SHP02198,49252831,2025-03-31,2025-04-03,3,L002,FAC01,DST05,1430,TL,CARF,21008,CC-101
SHP02199,34592080,2025-03-31,2025-04-01,1,L005,FAC01,DST08,284,LTL,CARD,386,CC-101
SHP02200,63220737,2025-03-31,2025-04-03,3,L023,FAC02,DST18,513,LTL,CARB,2073,CC-102
SHP02201,40631547,2025-04-01,2025-04-05,4,L033,FAC03,DST14,1061,LTL,CARB,1957,CC-103
SHP02202,99236712,2025-04-01,2025-04-03,2,L025,FAC02,DST20,384,TL,CARG,34637,CC-102
SHP02203,51448254,2025-04-01,2025-04-04,3,L018,FAC02,DST10,561,LTL,CARB,758,CC-102
SHP02204,42524403,2025-04-01,2025-04-07,6,L035,FAC03,DST16,2015,LTL,CARD,1458,CC-103
SHP02205,28909645,2025-04-01,2025-04-04,3,L024,FAC02,DST19,626,LTL,CARD,1555,CC-102
SHP02206,20930817,2025-04-01,2025-04-06,5,L046,FAC04,DST14,1996,LTL,CARB,1810,CC-104
SHP02207,13849539,2025-04-01,2025-04-04,3,L004,FAC01,DST07,477,LTL,CARA,3348,CC-101
SHP02208,54548896,2025-04-01,2025-04-06,5,L002,FAC01,DST05,1430,LTL,CARB,357,CC-101
SHP02209,54584445,2025-04-01,2025-04-04,3,L030,FAC03,DST08,1199,LTL,CARD,1458,CC-103
SHP02210,08433753,2025-04-01,2025-04-04,3,L004,FAC01,DST07,477,LTL,CARA,2341,CC-101
SHP02211,33922715,2025-04-01,2025-04-04,3,L043,FAC04,DST09,753,LTL,CARE,418,CC-104
SHP02212,16102685,2025-04-01,2025-04-04,3,L023,FAC02,DST18,513,LTL,CARB,2371,CC-102
SHP02213,98398836,2025-04-01,2025-04-03,2,L013,FAC02,DST02,798,LTL,CARA,843,CC-102
SHP02214,76771802,2025-04-01,2025-04-04,3,L032,FAC03,DST11,545,LTL,CARC,2394,CC-103
SHP02215,46460667,2025-04-01,2025-04-03,2,L032,FAC03,DST11,545,LTL,CARD,5210,CC-103
SHP02216,24629799,2025-04-01,2025-04-04,3,L044,FAC04,DST10,475,LTL,CARB,1262,CC-104
SHP02217,24436671,2025-04-01,2025-04-04,3,L045,FAC04,DST11,743,LTL,CARE,377,CC-104
SHP02218,13400554,2025-04-01,2025-04-03,2,L019,FAC02,DST11,811,LTL,CARC,1742,CC-102
SHP02219,94455196,2025-04-01,2025-04-04,3,L043,FAC04,DST09,753,LTL,CARE,4298,CC-104
SHP02220,82384874,2025-04-01,2025-04-06,5,L059,FAC05,DST16,2236,LTL,CARB,1022,CC-105
SHP02221,12680630,2025-04-01,2025-04-02,1,L051,FAC04,DST19,195,LTL,CARD,420,CC-104
SHP02222,86044218,2025-04-01,2025-04-03,2,L054,FAC05,DST04,624,LTL,CARE,675,CC-105
SHP02223,95898919,2025-04-02,2025-04-05,3,L017,FAC02,DST09,1090,TL,CARF,15992,CC-102
SHP02224,59866422,2025-04-02,2025-04-06,4,L026,FAC03,DST02,1557,LTL,CARD,1012,CC-103
SHP02225,59921072,2025-04-02,2025-04-03,1,L012,FAC01,DST20,323,TL,CARF,15510,CC-101
SHP02226,44384217,2025-04-02,2025-04-05,3,L039,FAC04,DST03,771,TL,CARG,37444,CC-104
SHP02227,48756834,2025-04-02,2025-04-08,6,L009,FAC01,DST16,2079,LTL,CARB,1336,CC-101
SHP02228,07556126,2025-04-02,2025-04-05,3,L024,FAC02,DST19,626,LTL,CARD,6387,CC-102
SHP02229,82026987,2025-04-02,2025-04-05,3,L033,FAC03,DST14,1061,LTL,CARD,144,CC-103
SHP02230,27707133,2025-04-02,2025-04-04,2,L012,FAC01,DST20,323,LTL,CARC,460,CC-101
SHP02231,74593201,2025-04-02,2025-04-06,4,L029,FAC03,DST05,1333,LTL,CARD,2255,CC-103
SHP02232,83190067,2025-04-02,2025-04-06,4,L002,FAC01,DST05,1430,TL,CARF,24773,CC-101
SHP02233,81491280,2025-04-02,2025-04-05,3,L054,FAC05,DST04,624,LTL,CARE,620,CC-105
SHP02234,61899476,2025-04-02,2025-04-03,1,L041,FAC04,DST07,400,LTL,CARA,866,CC-104
SHP02235,31297293,2025-04-02,2025-04-09,7,L047,FAC04,DST15,2368,LTL,CARD,1166,CC-104
SHP02236,21595556,2025-04-02,2025-04-04,2,L054,FAC05,DST04,624,LTL,CARE,2537,CC-105
SHP02237,80870304,2025-04-02,2025-04-06,4,L017,FAC02,DST09,1090,LTL,CARE,1393,CC-102
SHP02238,38010076,2025-04-02,2025-04-05,3,L037,FAC03,DST20,871,LTL,CARD,1406,CC-103
SHP02239,31043904,2025-04-02,2025-04-04,2,L057,FAC05,DST10,289,LTL,CARE,2440,CC-105
SHP02240,72079724,2025-04-02,2025-04-03,1,L011,FAC01,DST18,198,TL,CARG,36851,CC-101
SHP02241,36456120,2025-04-02,2025-04-05,3,L003,FAC01,DST06,1183,LTL,CARD,1125,CC-101
SHP02242,69595745,2025-04-02,2025-04-05,3,L017,FAC02,DST09,1090,LTL,CARC,2057,CC-102
SHP02243,89625291,2025-04-02,2025-04-03,1,L015,FAC02,DST07,257,LTL,CARD,622,CC-102
SHP02244,70095218,2025-04-02,2025-04-04,2,L006,FAC01,DST10,315,LTL,CARB,384,CC-101
SHP02245,07393074,2025-04-03,2025-04-07,4,L026,FAC03,DST02,1557,LTL,CARA,1213,CC-103
SHP02246,64595608,2025-04-03,2025-04-07,4,L020,FAC02,DST12,1452,LTL,CARA,7500,CC-102
SHP02247,43075932,2025-04-03,2025-04-07,4,L040,FAC04,DST05,1193,LTL,CARB,247,CC-104
SHP02248,50258566,2025-04-03,2025-04-05,2,L050,FAC04,DST18,202,TL,CARH,21556,CC-104
SHP02249,38881754,2025-04-03,2025-04-06,3,L026,FAC03,DST02,1557,TL,CARH,30702,CC-103
SHP02250,18174041,2025-04-03,2025-04-05,2,L058,FAC05,DST13,581,LTL,CARD,1155,CC-105
SHP02251,89278224,2025-04-03,2025-04-04,1,L015,FAC02,DST07,257,LTL,CARD,1604,CC-102
SHP02252,10104967,2025-04-03,2025-04-06,3,L054,FAC05,DST04,624,LTL,CARB,479,CC-105
SHP02253,62989245,2025-04-03,2025-04-04,1,L011,FAC01,DST18,198,LTL,CARE,1004,CC-101
SHP02254,37906173,2025-04-03,2025-04-08,5,L026,FAC03,DST02,1557,LTL,CARD,2009,CC-103
SHP02255,51612907,2025-04-03,2025-04-04,1,L041,FAC04,DST07,400,LTL,CARA,840,CC-104
SHP02256,13059675,2025-04-03,2025-04-05,2,L039,FAC04,DST03,771,TL,CARG,23613,CC-104
SHP02257,69663289,2025-04-03,2025-04-08,5,L022,FAC02,DST14,1906,LTL,CARC,1578,CC-102
SHP02258,38733684,2025-04-03,2025-04-07,4,L029,FAC03,DST05,1333,LTL,CARD,681,CC-103
SHP02259,68420778,2025-04-03,2025-04-04,1,L006,FAC01,DST10,315,TL,CARF,34028,CC-101
SHP02260,40234101,2025-04-03,2025-04-05,2,L017,FAC02,DST09,1090,TL,CARF,16068,CC-102
SHP02261,37549312,2025-04-03,2025-04-05,2,L051,FAC04,DST19,195,TL,CARG,27900,CC-104
SHP02262,40230322,2025-04-03,2025-04-05,2,L032,FAC03,DST11,545,LTL,CARD,312,CC-103
SHP02263,18714941,2025-04-03,2025-04-08,5,L048,FAC04,DST16,2410,TL,CARG,36753,CC-104
SHP02264,94094517,2025-04-03,2025-04-08,5,L002,FAC01,DST05,1430,LTL,CARE,966,CC-101
SHP02265,20973594,2025-04-03,2025-04-07,4,L034,FAC03,DST15,1485,LTL,CARA,953,CC-103
SHP02266,43010599,2025-04-03,2025-04-07,4,L010,FAC01,DST17,1508,TL,CARG,23625,CC-101
SHP02267,15126410,2025-04-03,2025-04-09,6,L059,FAC05,DST16,2236,LTL,CARA,262,CC-105
SHP02268,83319670,2025-04-03,2025-04-07,4,L049,FAC04,DST17,1818,TL,CARF,37200,CC-104
SHP02269,18469085,2025-04-03,2025-04-05,2,L018,FAC02,DST10,561,LTL,CARB,386,CC-102
SHP02270,03364004,2025-04-03,2025-04-07,4,L034,FAC03,DST15,1485,LTL,CARA,877,CC-103
SHP02271,21792788,2025-04-03,2025-04-08,5,L009,FAC01,DST16,2079,TL,CARG,31664,CC-101
SHP02272,08631470,2025-04-03,2025-04-08,5,L034,FAC03,DST15,1485,LTL,CARB,4115,CC-103
SHP02273,19512301,2025-04-03,2025-04-06,3,L001,FAC01,DST04,705,LTL,CARC,1102,CC-101
SHP02274,68051715,2025-04-03,2025-04-09,6,L049,FAC04,DST17,1818,LTL,CARA,877,CC-104
SHP02275,30626223,2025-04-03,2025-04-07,4,L008,FAC01,DST14,1742,TL,CARH,31540,CC-101
SHP02276,87540330,2025-04-03,2025-04-06,3,L032,FAC03,DST11,545,LTL,CARD,1439,CC-103
SHP02277,39657615,2025-04-04,2025-04-06,2,L045,FAC04,DST11,743,LTL,CARC,644,CC-104
SHP02278,14850928,2025-04-04,2025-04-07,3,L038,FAC04,DST01,571,LTL,CARD,3854,CC-104
SHP02279,84540323,2025-04-04,2025-04-10,6,L027,FAC03,DST03,1859,LTL,CARD,699,CC-103
SHP02280,69003486,2025-04-04,2025-04-06,2,L039,FAC04,DST03,771,LTL,CARA,723,CC-104
SHP02281,49700857,2025-04-04,2025-04-06,2,L021,FAC02,DST13,841,TL,CARG,35035,CC-102
SHP02282,84783782,2025-04-04,2025-04-07,3,L014,FAC02,DST03,1123,LTL,CARD,2652,CC-102
SHP02283,08007159,2025-04-04,2025-04-09,5,L022,FAC02,DST14,1906,LTL,CARE,253,CC-102
SHP02284,05291107,2025-04-04,2025-04-10,6,L047,FAC04,DST15,2368,LTL,CARC,1359,CC-104
SHP02285,28274484,2025-04-04,2025-04-08,4,L007,FAC01,DST12,1102,LTL,CARE,671,CC-101
SHP02286,22434672,2025-04-04,2025-04-10,6,L022,FAC02,DST14,1906,LTL,CARC,2603,CC-102
SHP02287,84144814,2025-04-04,2025-04-07,3,L058,FAC05,DST13,581,LTL,CARD,1337,CC-105
SHP02288,71371888,2025-04-04,2025-04-08,4,L020,FAC02,DST12,1452,LTL,CARA,492,CC-102
SHP02289,02912506,2025-04-04,2025-04-05,1,L050,FAC04,DST18,202,LTL,CARC,1117,CC-104
SHP02290,26724451,2025-04-04,2025-04-05,1,L012,FAC01,DST20,323,LTL,CARB,379,CC-101
SHP02291,02275129,2025-04-04,2025-04-05,1,L023,FAC02,DST18,513,TL,CARF,15559,CC-102
SHP02292,86356220,2025-04-04,2025-04-09,5,L009,FAC01,DST16,2079,LTL,CARE,7201,CC-101
SHP02293,66823566,2025-04-04,2025-04-05,1,L006,FAC01,DST10,315,LTL,CARE,7103,CC-101
SHP02294,16438458,2025-04-04,2025-04-08,4,L026,FAC03,DST02,1557,LTL,CARA,132,CC-103
SHP02295,67709156,2025-04-04,2025-04-08,4,L029,FAC03,DST05,1333,LTL,CARD,1165,CC-103
SHP02296,59117889,2025-04-04,2025-04-08,4,L007,FAC01,DST12,1102,LTL,CARE,1121,CC-101
SHP02297,18081477,2025-04-04,2025-04-05,1,L051,FAC04,DST19,195,LTL,CARB,4610,CC-104
SHP02298,68385369,2025-04-04,2025-04-09,5,L027,FAC03,DST03,1859,TL,CARH,34586,CC-103
SHP02299,62046436,2025-04-04,2025-04-07,3,L021,FAC02,DST13,841,TL,CARG,23784,CC-102
SHP02300,29602573,2025-04-04,2025-04-06,2,L043,FAC04,DST09,753,LTL,CARE,1293,CC-104
SHP02301,21798092,2025-04-04,2025-04-07,3,L043,FAC04,DST09,753,LTL,CARC,4315,CC-104
SHP02302,77335688,2025-04-04,2025-04-06,2,L012,FAC01,DST20,323,LTL,CARB,1261,CC-101
SHP02303,24559088,2025-04-04,2025-04-06,2,L054,FAC05,DST04,624,LTL,CARE,983,CC-105
SHP02304,63179700,2025-04-05,2025-04-07,2,L038,FAC04,DST01,571,LTL,CARD,3779,CC-104
SHP02305,03415435,2025-04-05,2025-04-08,3,L060,FAC05,DST19,791,LTL,CARD,1050,CC-105
SHP02306,50476358,2025-04-05,2025-04-08,3,L014,FAC02,DST03,1123,LTL,CARD,1170,CC-102
SHP02307,41299549,2025-04-05,2025-04-09,4,L028,FAC03,DST04,1114,LTL,CARE,3610,CC-103
SHP02308,91028486,2025-04-05,2025-04-07,2,L032,FAC03,DST11,545,LTL,CARC,2571,CC-103
SHP02309,82508458,2025-04-05,2025-04-10,5,L020,FAC02,DST12,1452,LTL,CARB,820,CC-102
SHP02310,59531667,2025-04-05,2025-04-07,2,L050,FAC04,DST18,202,LTL,CARD,357,CC-104
SHP02311,78836603,2025-04-05,2025-04-08,3,L003,FAC01,DST06,1183,LTL,CARD,639,CC-101
SHP02312,88356285,2025-04-05,2025-04-08,3,L030,FAC03,DST08,1199,TL,CARF,37640,CC-103
SHP02313,90667433,2025-04-05,2025-04-07,2,L018,FAC02,DST10,561,LTL,CARB,1290,CC-102
SHP02314,91930260,2025-04-05,2025-04-12,7,L048,FAC04,DST16,2410,LTL,CARC,2266,CC-104
SHP02315,92096374,2025-04-05,2025-04-08,3,L004,FAC01,DST07,477,LTL,CARC,412,CC-101
SHP02316,97996382,2025-04-05,2025-04-09,4,L020,FAC02,DST12,1452,LTL,CARA,1165,CC-102
SHP02317,23060103,2025-04-05,2025-04-09,4,L030,FAC03,DST08,1199,TL,CARF,26917,CC-103
SHP02318,85421397,2025-04-05,2025-04-08,3,L055,FAC05,DST06,820,LTL,CARD,198,CC-105
SHP02319,13192462,2025-04-05,2025-04-08,3,L044,FAC04,DST10,475,LTL,CARB,673,CC-104
SHP02320,00280599,2025-04-05,2025-04-07,2,L021,FAC02,DST13,841,TL,CARG,33212,CC-102
SHP02321,26546930,2025-04-05,2025-04-08,3,L028,FAC03,DST04,1114,TL,CARG,22813,CC-103
SHP02322,26970219,2025-04-05,2025-04-09,4,L020,FAC02,DST12,1452,LTL,CARB,727,CC-102
SHP02323,15626214,2025-04-05,2025-04-07,2,L045,FAC04,DST11,743,TL,CARF,30740,CC-104
SHP02324,74899367,2025-04-05,2025-04-09,4,L003,FAC01,DST06,1183,LTL,CARD,464,CC-101
SHP02325,92308023,2025-04-05,2025-04-08,3,L031,FAC03,DST10,657,LTL,CARC,921,CC-103
SHP02326,99203976,2025-04-05,2025-04-07,2,L058,FAC05,DST13,581,LTL,CARD,1756,CC-105
SHP02327,32819572,2025-04-05,2025-04-08,3,L024,FAC02,DST19,626,LTL,CARD,572,CC-102
SHP02328,54491734,2025-04-05,2025-04-08,3,L004,FAC01,DST07,477,LTL,CARA,3304,CC-101
SHP02329,51804863,2025-04-05,2025-04-09,4,L053,FAC05,DST03,1362,LTL,CARA,1966,CC-105
SHP02330,38854564,2025-04-05,2025-04-07,2,L004,FAC01,DST07,477,LTL,CARA,505,CC-101
SHP02331,30039609,2025-04-06,2025-04-12,6,L035,FAC03,DST16,2015,LTL,CARD,1554,CC-103
SHP02332,25503953,2025-04-06,2025-04-08,2,L023,FAC02,DST18,513,LTL,CARB,543,CC-102
SHP02333,03491343,2025-04-06,2025-04-09,3,L013,FAC02,DST02,798,LTL,CARA,996,CC-102
SHP02334,36326874,2025-04-06,2025-04-09,3,L045,FAC04,DST11,743,TL,CARF,32741,CC-104
SHP02335,76396594,2025-04-06,2025-04-09,3,L038,FAC04,DST01,571,LTL,CARB,740,CC-104
SHP02336,81883449,2025-04-06,2025-04-09,3,L018,FAC02,DST10,561,LTL,CARB,735,CC-102
SHP02337,94465249,2025-04-06,2025-04-09,3,L007,FAC01,DST12,1102,LTL,CARB,637,CC-101
SHP02338,12481919,2025-04-06,2025-04-08,2,L021,FAC02,DST13,841,LTL,CARD,838,CC-102
SHP02339,93102731,2025-04-06,2025-04-08,2,L018,FAC02,DST10,561,LTL,CARE,1103,CC-102
SHP02340,87929171,2025-04-06,2025-04-09,3,L036,FAC03,DST19,1283,TL,CARF,41284,CC-103
SHP02341,30789322,2025-04-06,2025-04-10,4,L040,FAC04,DST05,1193,LTL,CARC,1205,CC-104
SHP02342,69626610,2025-04-06,2025-04-09,3,L031,FAC03,DST10,657,TL,CARF,19677,CC-103
SHP02343,83309884,2025-04-06,2025-04-08,2,L023,FAC02,DST18,513,LTL,CARD,1134,CC-102
SHP02344,01966698,2025-04-06,2025-04-11,5,L059,FAC05,DST16,2236,TL,CARH,34950,CC-105
SHP02345,71885396,2025-04-06,2025-04-08,2,L037,FAC03,DST20,871,LTL,CARD,440,CC-103
SHP02346,02380700,2025-04-06,2025-04-08,2,L037,FAC03,DST20,871,LTL,CARE,661,CC-103
SHP02347,85820049,2025-04-06,2025-04-12,6,L059,FAC05,DST16,2236,LTL,CARA,1942,CC-105
SHP02348,12391279,2025-04-06,2025-04-08,2,L016,FAC02,DST08,717,LTL,CARE,2430,CC-102
SHP02349,67448895,2025-04-06,2025-04-12,6,L046,FAC04,DST14,1996,LTL,CARB,883,CC-104
SHP02350,06334819,2025-04-06,2025-04-10,4,L008,FAC01,DST14,1742,LTL,CARE,1814,CC-101
SHP02351,96296598,2025-04-06,2025-04-09,3,L037,FAC03,DST20,871,LTL,CARD,626,CC-103
SHP02352,66203164,2025-04-06,2025-04-07,1,L006,FAC01,DST10,315,TL,CARF,33481,CC-101
SHP02353,04318763,2025-04-06,2025-04-09,3,L053,FAC05,DST03,1362,TL,CARG,39151,CC-105
SHP02354,40707870,2025-04-06,2025-04-09,3,L036,FAC03,DST19,1283,LTL,CARD,1644,CC-103
SHP02355,95828600,2025-04-06,2025-04-11,5,L026,FAC03,DST02,1557,LTL,CARA,1314,CC-103
SHP02356,10222609,2025-04-06,2025-04-08,2,L016,FAC02,DST08,717,TL,CARG,33779,CC-102
SHP02357,17388842,2025-04-06,2025-04-08,2,L052,FAC04,DST20,227,LTL,CARD,834,CC-104
SHP02358,59848916,2025-04-06,2025-04-09,3,L034,FAC03,DST15,1485,TL,CARG,37776,CC-103
SHP02359,03937734,2025-04-06,2025-04-10,4,L035,FAC03,DST16,2015,TL,CARF,28651,CC-103
SHP02360,21187809,2025-04-06,2025-04-08,2,L001,FAC01,DST04,705,LTL,CARA,1456,CC-101
SHP02361,58228895,2025-04-07,2025-04-11,4,L008,FAC01,DST14,1742,LTL,CARA,225,CC-101
SHP02362,06330226,2025-04-07,2025-04-12,5,L035,FAC03,DST16,2015,LTL,CARA,962,CC-103
SHP02363,91362418,2025-04-07,2025-04-13,6,L049,FAC04,DST17,1818,LTL,CARA,919,CC-104
SHP02364,44154904,2025-04-07,2025-04-10,3,L021,FAC02,DST13,841,LTL,CARD,288,CC-102
SHP02365,75442804,2025-04-07,2025-04-09,2,L057,FAC05,DST10,289,LTL,CARE,7500,CC-105
SHP02366,99627215,2025-04-07,2025-04-10,3,L036,FAC03,DST19,1283,LTL,CARC,1377,CC-103
SHP02367,98348353,2025-04-07,2025-04-08,1,L051,FAC04,DST19,195,LTL,CARB,2163,CC-104
SHP02368,89887800,2025-04-07,2025-04-10,3,L029,FAC03,DST05,1333,TL,CARG,33627,CC-103
SHP02369,51922667,2025-04-07,2025-04-11,4,L027,FAC03,DST03,1859,TL,CARH,22148,CC-103
SHP02370,91374204,2025-04-07,2025-04-10,3,L038,FAC04,DST01,571,LTL,CARD,303,CC-104
SHP02371,83542182,2025-04-07,2025-04-10,3,L023,FAC02,DST18,513,LTL,CARB,3446,CC-102
SHP02372,88879416,2025-04-07,2025-04-09,2,L037,FAC03,DST20,871,LTL,CARD,619,CC-103
SHP02373,02666316,2025-04-07,2025-04-10,3,L036,FAC03,DST19,1283,LTL,CARC,215,CC-103
SHP02374,61103527,2025-04-07,2025-04-12,5,L022,FAC02,DST14,1906,TL,CARH,29945,CC-102
SHP02375,60113094,2025-04-07,2025-04-11,4,L017,FAC02,DST09,1090,LTL,CARC,1553,CC-102
SHP02376,85404218,2025-04-07,2025-04-09,2,L055,FAC05,DST06,820,LTL,CARE,684,CC-105
SHP02377,78721083,2025-04-07,2025-04-13,6,L048,FAC04,DST16,2410,TL,CARG,26986,CC-104
SHP02378,51161422,2025-04-07,2025-04-10,3,L043,FAC04,DST09,753,LTL,CARE,621,CC-104
SHP02379,27561498,2025-04-07,2025-04-08,1,L011,FAC01,DST18,198,TL,CARG,16116,CC-101
SHP02380,27208600,2025-04-07,2025-04-08,1,L025,FAC02,DST20,384,LTL,CARA,2909,CC-102
SHP02381,66369481,2025-04-07,2025-04-09,2,L031,FAC03,DST10,657,TL,CARF,23609,CC-103
SHP02382,18772826,2025-04-07,2025-04-09,2,L060,FAC05,DST19,791,LTL,CARA,2285,CC-105
SHP02383,58823379,2025-04-07,2025-04-08,1,L015,FAC02,DST07,257,LTL,CARD,1308,CC-102
SHP02384,28324860,2025-04-07,2025-04-10,3,L003,FAC01,DST06,1183,LTL,CARC,918,CC-101
SHP02385,99108700,2025-04-07,2025-04-09,2,L032,FAC03,DST11,545,LTL,CARD,2406,CC-103
SHP02386,36424420,2025-04-07,2025-04-09,2,L038,FAC04,DST01,571,LTL,CARD,1496,CC-104
SHP02387,64893366,2025-04-07,2025-04-10,3,L039,FAC04,DST03,771,LTL,CARA,1488,CC-104
SHP02388,57541147,2025-04-07,2025-04-10,3,L054,FAC05,DST04,624,LTL,CARE,1278,CC-105
SHP02389,68172595,2025-04-07,2025-04-09,2,L021,FAC02,DST13,841,TL,CARG,40799,CC-102
SHP02390,21334832,2025-04-07,2025-04-09,2,L042,FAC04,DST08,197,TL,CARF,25371,CC-104
SHP02391,16619862,2025-04-07,2025-04-09,2,L043,FAC04,DST09,753,LTL,CARC,630,CC-104
SHP02392,83358406,2025-04-07,2025-04-09,2,L044,FAC04,DST10,475,LTL,CARB,931,CC-104
SHP02393,99464642,2025-04-07,2025-04-11,4,L002,FAC01,DST05,1430,LTL,CARB,658,CC-101
SHP02394,60430446,2025-04-07,2025-04-12,5,L002,FAC01,DST05,1430,LTL,CARB,1560,CC-101
SHP02395,33243529,2025-04-07,2025-04-09,2,L043,FAC04,DST09,753,LTL,CARC,2384,CC-104
SHP02396,60098691,2025-04-08,2025-04-10,2,L043,FAC04,DST09,753,LTL,CARC,5551,CC-104
SHP02397,59996940,2025-04-08,2025-04-10,2,L032,FAC03,DST11,545,LTL,CARC,1345,CC-103
SHP02398,89674715,2025-04-08,2025-04-10,2,L056,FAC05,DST07,236,TL,CARG,25626,CC-105
SHP02399,49585229,2025-04-08,2025-04-13,5,L048,FAC04,DST16,2410,TL,CARG,31008,CC-104
SHP02400,82959259,2025-04-08,2025-04-10,2,L001,FAC01,DST04,705,LTL,CARA,3009,CC-101
SHP02401,65141912,2025-04-08,2025-04-12,4,L040,FAC04,DST05,1193,TL,CARF,25826,CC-104
SHP02402,85666567,2025-04-08,2025-04-10,2,L041,FAC04,DST07,400,TL,CARH,36040,CC-104
SHP02403,34609867,2025-04-08,2025-04-11,3,L016,FAC02,DST08,717,LTL,CARE,2626,CC-102
SHP02404,15417845,2025-04-08,2025-04-15,7,L048,FAC04,DST16,2410,LTL,CARB,1316,CC-104
SHP02405,18535696,2025-04-08,2025-04-12,4,L022,FAC02,DST14,1906,TL,CARH,19621,CC-102
SHP02406,13505930,2025-04-08,2025-04-10,2,L054,FAC05,DST04,624,TL,CARG,24076,CC-105
SHP02407,80128276,2025-04-08,2025-04-12,4,L002,FAC01,DST05,1430,LTL,CARB,949,CC-101
SHP02408,34885054,2025-04-08,2025-04-10,2,L023,FAC02,DST18,513,TL,CARF,37462,CC-102
SHP02409,61900608,2025-04-08,2025-04-09,1,L025,FAC02,DST20,384,LTL,CARA,1830,CC-102
SHP02410,05490405,2025-04-08,2025-04-15,7,L048,FAC04,DST16,2410,LTL,CARC,1579,CC-104
SHP02411,22526395,2025-04-08,2025-04-12,4,L036,FAC03,DST19,1283,LTL,CARC,3518,CC-103
SHP02412,91515190,2025-04-08,2025-04-10,2,L018,FAC02,DST10,561,LTL,CARE,1187,CC-102
SHP02413,69268954,2025-04-08,2025-04-10,2,L038,FAC04,DST01,571,LTL,CARB,1136,CC-104
SHP02414,32212877,2025-04-08,2025-04-12,4,L040,FAC04,DST05,1193,LTL,CARC,2725,CC-104
SHP02415,58287831,2025-04-08,2025-04-13,5,L059,FAC05,DST16,2236,LTL,CARB,853,CC-105
SHP02416,53995192,2025-04-08,2025-04-11,3,L007,FAC01,DST12,1102,LTL,CARB,1121,CC-101
SHP02417,81955546,2025-04-08,2025-04-10,2,L051,FAC04,DST19,195,LTL,CARB,100,CC-104
SHP02418,41454694,2025-04-08,2025-04-10,2,L013,FAC02,DST02,798,LTL,CARB,1150,CC-102
SHP02419,77543816,2025-04-08,2025-04-12,4,L007,FAC01,DST12,1102,LTL,CARE,1702,CC-101
SHP02420,66337569,2025-04-08,2025-04-11,3,L020,FAC02,DST12,1452,TL,CARG,29194,CC-102
SHP02421,34821223,2025-04-08,2025-04-09,1,L050,FAC04,DST18,202,LTL,CARC,683,CC-104
SHP02422,79427090,2025-04-08,2025-04-09,1,L025,FAC02,DST20,384,LTL,CARB,2699,CC-102
SHP02423,43854685,2025-04-08,2025-04-09,1,L005,FAC01,DST08,284,LTL,CARB,877,CC-101
SHP02424,72212498,2025-04-08,2025-04-14,6,L046,FAC04,DST14,1996,LTL,CARB,7500,CC-104
SHP02425,77508434,2025-04-08,2025-04-11,3,L036,FAC03,DST19,1283,TL,CARF,25213,CC-103
SHP02426,41659638,2025-04-08,2025-04-09,1,L012,FAC01,DST20,323,TL,CARF,26598,CC-101
SHP02427,83787096,2025-04-09,2025-04-10,1,L005,FAC01,DST08,284,LTL,CARD,1490,CC-101
SHP02428,31470533,2025-04-09,2025-04-12,3,L060,FAC05,DST19,791,LTL,CARA,544,CC-105
SHP02429,05081122,2025-04-09,2025-04-11,2,L031,FAC03,DST10,657,LTL,CARA,490,CC-103
SHP02430,39042762,2025-04-09,2025-04-11,2,L050,FAC04,DST18,202,LTL,CARC,3376,CC-104
SHP02431,05047589,2025-04-09,2025-04-11,2,L023,FAC02,DST18,513,TL,CARF,20406,CC-102
SHP02432,65055541,2025-04-09,2025-04-13,4,L010,FAC01,DST17,1508,LTL,CARA,918,CC-101
SHP02433,04795324,2025-04-09,2025-04-10,1,L032,FAC03,DST11,545,TL,CARH,26630,CC-103
SHP02434,60748272,2025-04-09,2025-04-11,2,L055,FAC05,DST06,820,LTL,CARE,2255,CC-105
SHP02435,33331728,2025-04-09,2025-04-12,3,L036,FAC03,DST19,1283,LTL,CARC,649,CC-103
SHP02436,64408127,2025-04-09,2025-04-13,4,L034,FAC03,DST15,1485,LTL,CARA,960,CC-103
SHP02437,10575496,2025-04-09,2025-04-11,2,L012,FAC01,DST20,323,TL,CARF,21495,CC-101
SHP02438,95722188,2025-04-09,2025-04-11,2,L058,FAC05,DST13,581,LTL,CARD,2453,CC-105
SHP02439,26664433,2025-04-09,2025-04-11,2,L024,FAC02,DST19,626,LTL,CARC,3706,CC-102
SHP02440,49313176,2025-04-09,2025-04-14,5,L020,FAC02,DST12,1452,LTL,CARB,978,CC-102
SHP02441,64616978,2025-04-09,2025-04-14,5,L002,FAC01,DST05,1430,LTL,CARE,6876,CC-101
SHP02442,55798985,2025-04-09,2025-04-11,2,L001,FAC01,DST04,705,LTL,CARA,352,CC-101
SHP02443,29827073,2025-04-09,2025-04-11,2,L045,FAC04,DST11,743,LTL,CARE,575,CC-104
SHP02444,29398819,2025-04-09,2025-04-14,5,L008,FAC01,DST14,1742,TL,CARH,37595,CC-101
SHP02445,63198794,2025-04-10,2025-04-11,1,L023,FAC02,DST18,513,TL,CARF,22993,CC-102
SHP02446,33897549,2025-04-10,2025-04-14,4,L002,FAC01,DST05,1430,LTL,CARB,3094,CC-101
SHP02447,34507230,2025-04-10,2025-04-12,2,L038,FAC04,DST01,571,LTL,CARB,922,CC-104
SHP02448,53324780,2025-04-10,2025-04-12,2,L005,FAC01,DST08,284,LTL,CARD,298,CC-101
SHP02449,97175778,2025-04-10,2025-04-15,5,L027,FAC03,DST03,1859,LTL,CARD,1020,CC-103
SHP02450,05607774,2025-04-10,2025-04-14,4,L003,FAC01,DST06,1183,LTL,CARD,596,CC-101
SHP02451,50106894,2025-04-10,2025-04-13,3,L004,FAC01,DST07,477,LTL,CARA,2617,CC-101
SHP02452,08854628,2025-04-10,2025-04-13,3,L028,FAC03,DST04,1114,TL,CARG,40764,CC-103
SHP02453,88594922,2025-04-10,2025-04-14,4,L020,FAC02,DST12,1452,LTL,CARB,416,CC-102
SHP02454,07090948,2025-04-10,2025-04-11,1,L051,FAC04,DST19,195,LTL,CARD,389,CC-104
SHP02455,77925078,2025-04-10,2025-04-12,2,L038,FAC04,DST01,571,TL,CARF,30397,CC-104
SHP02456,57459388,2025-04-10,2025-04-13,3,L014,FAC02,DST03,1123,LTL,CARA,931,CC-102
SHP02457,10640204,2025-04-10,2025-04-15,5,L035,FAC03,DST16,2015,TL,CARF,26232,CC-103
SHP02458,04343726,2025-04-10,2025-04-12,2,L042,FAC04,DST08,197,LTL,CARB,340,CC-104
SHP02459,23126290,2025-04-10,2025-04-11,1,L041,FAC04,DST07,400,LTL,CARA,760,CC-104
SHP02460,29538149,2025-04-10,2025-04-15,5,L020,FAC02,DST12,1452,LTL,CARB,726,CC-102
SHP02461,71234435,2025-04-10,2025-04-13,3,L058,FAC05,DST13,581,LTL,CARA,766,CC-105
SHP02462,96198549,2025-04-10,2025-04-13,3,L010,FAC01,DST17,1508,TL,CARG,35433,CC-101
SHP02463,73639860,2025-04-10,2025-04-17,7,L048,FAC04,DST16,2410,LTL,CARB,660,CC-104
SHP02464,67612830,2025-04-10,2025-04-14,4,L003,FAC01,DST06,1183,LTL,CARD,702,CC-101
SHP02465,18850470,2025-04-10,2025-04-11,1,L051,FAC04,DST19,195,LTL,CARB,1450,CC-104
SHP02466,88513023,2025-04-10,2025-04-17,7,L047,FAC04,DST15,2368,LTL,CARD,1044,CC-104
SHP02467,18955492,2025-04-10,2025-04-12,2,L016,FAC02,DST08,717,LTL,CARC,1845,CC-102
SHP02468,01863160,2025-04-10,2025-04-12,2,L024,FAC02,DST19,626,LTL,CARC,667,CC-102
SHP02469,10889796,2025-04-11,2025-04-12,1,L057,FAC05,DST10,289,LTL,CARC,1168,CC-105
SHP02470,55540349,2025-04-11,2025-04-14,3,L013,FAC02,DST02,798,LTL,CARB,6778,CC-102
SHP02471,42653610,2025-04-11,2025-04-14,3,L029,FAC03,DST05,1333,LTL,CARA,6247,CC-103
SHP02472,20130834,2025-04-11,2025-04-16,5,L059,FAC05,DST16,2236,LTL,CARA,5687,CC-105
SHP02473,89247139,2025-04-11,2025-04-13,2,L004,FAC01,DST07,477,LTL,CARA,1576,CC-101
SHP02474,55519821,2025-04-11,2025-04-14,3,L045,FAC04,DST11,743,TL,CARF,30932,CC-104
SHP02475,73947592,2025-04-11,2025-04-15,4,L003,FAC01,DST06,1183,LTL,CARC,3946,CC-101
SHP02476,15088647,2025-04-11,2025-04-16,5,L046,FAC04,DST14,1996,LTL,CARB,3856,CC-104
SHP02477,33064233,2025-04-11,2025-04-15,4,L046,FAC04,DST14,1996,TL,CARF,19995,CC-104
SHP02478,97099849,2025-04-11,2025-04-17,6,L027,FAC03,DST03,1859,LTL,CARA,1131,CC-103
SHP02479,87455130,2025-04-11,2025-04-15,4,L022,FAC02,DST14,1906,TL,CARH,33919,CC-102
SHP02480,27462693,2025-04-11,2025-04-14,3,L007,FAC01,DST12,1102,LTL,CARE,3206,CC-101
SHP02481,71950687,2025-04-11,2025-04-13,2,L006,FAC01,DST10,315,LTL,CARB,493,CC-101
SHP02482,97692395,2025-04-11,2025-04-13,2,L021,FAC02,DST13,841,LTL,CARB,1216,CC-102
SHP02483,72383598,2025-04-11,2025-04-15,4,L002,FAC01,DST05,1430,LTL,CARB,2624,CC-101
SHP02484,57199725,2025-04-11,2025-04-15,4,L036,FAC03,DST19,1283,LTL,CARD,1329,CC-103
SHP02485,50984161,2025-04-11,2025-04-15,4,L028,FAC03,DST04,1114,LTL,CARC,1500,CC-103
SHP02486,35813804,2025-04-11,2025-04-13,2,L057,FAC05,DST10,289,TL,CARH,29360,CC-105
SHP02487,27770737,2025-04-11,2025-04-15,4,L026,FAC03,DST02,1557,LTL,CARA,148,CC-103
SHP02488,98933841,2025-04-11,2025-04-14,3,L031,FAC03,DST10,657,TL,CARF,29780,CC-103
SHP02489,06173461,2025-04-11,2025-04-13,2,L016,FAC02,DST08,717,LTL,CARE,1325,CC-102
SHP02490,21587561,2025-04-11,2025-04-14,3,L007,FAC01,DST12,1102,LTL,CARB,1245,CC-101
SHP02491,42327212,2025-04-11,2025-04-13,2,L055,FAC05,DST06,820,LTL,CARD,4978,CC-105
SHP02492,99812824,2025-04-11,2025-04-13,2,L024,FAC02,DST19,626,TL,CARH,41546,CC-102
SHP02493,27604955,2025-04-11,2025-04-13,2,L045,FAC04,DST11,743,LTL,CARC,783,CC-104
SHP02494,22683566,2025-04-12,2025-04-16,4,L007,FAC01,DST12,1102,LTL,CARB,258,CC-101
SHP02495,96205615,2025-04-12,2025-04-14,2,L001,FAC01,DST04,705,TL,CARG,19241,CC-101
SHP02496,13135424,2025-04-12,2025-04-14,2,L039,FAC04,DST03,771,TL,CARG,32665,CC-104
SHP02497,97851905,2025-04-12,2025-04-18,6,L048,FAC04,DST16,2410,LTL,CARB,3249,CC-104
SHP02498,04884454,2025-04-12,2025-04-13,1,L057,FAC05,DST10,289,TL,CARH,28005,CC-105
SHP02499,30546501,2025-04-12,2025-04-16,4,L029,FAC03,DST05,1333,TL,CARG,15773,CC-103
SHP02500,30711475,2025-04-12,2025-04-15,3,L029,FAC03,DST05,1333,LTL,CARA,256,CC-103
SHP02501,60950707,2025-04-12,2025-04-13,1,L052,FAC04,DST20,227,LTL,CARD,697,CC-104
SHP02502,67677121,2025-04-12,2025-04-17,5,L035,FAC03,DST16,2015,TL,CARF,15896,CC-103
SHP02503,65313227,2025-04-12,2025-04-15,3,L023,FAC02,DST18,513,LTL,CARD,1675,CC-102
SHP02504,66758442,2025-04-12,2025-04-18,6,L049,FAC04,DST17,1818,LTL,CARC,619,CC-104
SHP02505,70223601,2025-04-12,2025-04-13,1,L005,FAC01,DST08,284,TL,CARG,31925,CC-101
SHP02506,70242721,2025-04-12,2025-04-16,4,L029,FAC03,DST05,1333,TL,CARG,26630,CC-103
SHP02507,45432303,2025-04-12,2025-04-14,2,L050,FAC04,DST18,202,LTL,CARD,2038,CC-104
SHP02508,09322625,2025-04-12,2025-04-15,3,L058,FAC05,DST13,581,TL,CARG,35516,CC-105
SHP02509,79594820,2025-04-12,2025-04-13,1,L050,FAC04,DST18,202,LTL,CARD,5035,CC-104
SHP02510,35111376,2025-04-12,2025-04-15,3,L058,FAC05,DST13,581,LTL,CARA,2507,CC-105
SHP02511,17215600,2025-04-13,2025-04-17,4,L007,FAC01,DST12,1102,LTL,CARB,621,CC-101
SHP02512,65853902,2025-04-13,2025-04-16,3,L001,FAC01,DST04,705,LTL,CARC,971,CC-101
SHP02513,32894230,2025-04-13,2025-04-14,1,L042,FAC04,DST08,197,TL,CARF,36622,CC-104
SHP02514,04576005,2025-04-13,2025-04-15,2,L016,FAC02,DST08,717,LTL,CARC,331,CC-102
SHP02515,72481442,2025-04-13,2025-04-17,4,L008,FAC01,DST14,1742,TL,CARH,21350,CC-101
SHP02516,54393860,2025-04-13,2025-04-17,4,L036,FAC03,DST19,1283,LTL,CARD,371,CC-103
SHP02517,93271607,2025-04-13,2025-04-15,2,L006,FAC01,DST10,315,LTL,CARE,849,CC-101
SHP02518,79402407,2025-04-13,2025-04-15,2,L023,FAC02,DST18,513,TL,CARF,15572,CC-102
SHP02519,91083777,2025-04-13,2025-04-20,7,L048,FAC04,DST16,2410,LTL,CARC,3204,CC-104
SHP02520,46200897,2025-04-13,2025-04-17,4,L033,FAC03,DST14,1061,LTL,CARD,537,CC-103
SHP02521,47600460,2025-04-13,2025-04-15,2,L032,FAC03,DST11,545,LTL,CARC,782,CC-103
SHP02522,10207540,2025-04-13,2025-04-17,4,L040,FAC04,DST05,1193,LTL,CARC,1840,CC-104
SHP02523,87783531,2025-04-13,2025-04-16,3,L024,FAC02,DST19,626,TL,CARH,38951,CC-102
SHP02524,11114757,2025-04-13,2025-04-16,3,L019,FAC02,DST11,811,LTL,CARC,2225,CC-102
SHP02525,38048573,2025-04-13,2025-04-16,3,L055,FAC05,DST06,820,TL,CARF,32778,CC-105
SHP02526,06643309,2025-04-13,2025-04-15,2,L004,FAC01,DST07,477,LTL,CARA,3159,CC-101
SHP02527,00714377,2025-04-13,2025-04-15,2,L005,FAC01,DST08,284,LTL,CARB,910,CC-101
SHP02528,80194081,2025-04-13,2025-04-15,2,L018,FAC02,DST10,561,LTL,CARB,4652,CC-102
SHP02529,69360571,2025-04-13,2025-04-16,3,L026,FAC03,DST02,1557,TL,CARH,23610,CC-103
SHP02530,87533913,2025-04-13,2025-04-16,3,L045,FAC04,DST11,743,LTL,CARE,3495,CC-104
SHP02531,12875730,2025-04-13,2025-04-15,2,L017,FAC02,DST09,1090,TL,CARF,21563,CC-102
SHP02532,22113841,2025-04-13,2025-04-15,2,L039,FAC04,DST03,771,LTL,CARE,2766,CC-104
SHP02533,11240453,2025-04-13,2025-04-18,5,L048,FAC04,DST16,2410,TL,CARG,34095,CC-104
SHP02534,86113704,2025-04-13,2025-04-15,2,L013,FAC02,DST02,798,LTL,CARB,785,CC-102
SHP02535,43035209,2025-04-13,2025-04-16,3,L018,FAC02,DST10,561,LTL,CARB,466,CC-102
SHP02536,98457364,2025-04-13,2025-04-16,3,L029,FAC03,DST05,1333,LTL,CARA,598,CC-103
SHP02537,22584762,2025-04-13,2025-04-16,3,L024,FAC02,DST19,626,LTL,CARD,671,CC-102
SHP02538,86616771,2025-04-13,2025-04-15,2,L044,FAC04,DST10,475,LTL,CARB,2470,CC-104
SHP02539,13371818,2025-04-13,2025-04-16,3,L043,FAC04,DST09,753,LTL,CARE,1131,CC-104
SHP02540,33838226,2025-04-13,2025-04-16,3,L033,FAC03,DST14,1061,LTL,CARB,1798,CC-103
SHP02541,48460129,2025-04-13,2025-04-15,2,L011,FAC01,DST18,198,LTL,CARD,1852,CC-101
SHP02542,10188974,2025-04-13,2025-04-19,6,L047,FAC04,DST15,2368,LTL,CARC,1595,CC-104
SHP02543,70428940,2025-04-14,2025-04-17,3,L040,FAC04,DST05,1193,LTL,CARB,257,CC-104
SHP02544,59273563,2025-04-14,2025-04-16,2,L006,FAC01,DST10,315,LTL,CARB,549,CC-101
SHP02545,50276168,2025-04-14,2025-04-18,4,L020,FAC02,DST12,1452,LTL,CARA,778,CC-102
SHP02546,19711941,2025-04-14,2025-04-16,2,L054,FAC05,DST04,624,LTL,CARE,2712,CC-105
SHP02547,22157207,2025-04-14,2025-04-17,3,L030,FAC03,DST08,1199,LTL,CARD,1338,CC-103
SHP02548,81411110,2025-04-14,2025-04-18,4,L002,FAC01,DST05,1430,LTL,CARB,1644,CC-101
SHP02549,99772849,2025-04-14,2025-04-19,5,L020,FAC02,DST12,1452,LTL,CARB,166,CC-102
SHP02550,73511987,2025-04-14,2025-04-16,2,L058,FAC05,DST13,581,LTL,CARD,1494,CC-105
SHP02551,49217101,2025-04-14,2025-04-16,2,L042,FAC04,DST08,197,LTL,CARB,1569,CC-104
SHP02552,47298594,2025-04-14,2025-04-15,1,L032,FAC03,DST11,545,TL,CARH,17645,CC-103
SHP02553,39766542,2025-04-14,2025-04-18,4,L033,FAC03,DST14,1061,LTL,CARB,455,CC-103
SHP02554,63936719,2025-04-14,2025-04-17,3,L040,FAC04,DST05,1193,LTL,CARB,1242,CC-104
SHP02555,31893520,2025-04-14,2025-04-17,3,L030,FAC03,DST08,1199,LTL,CARC,574,CC-103
SHP02556,47494934,2025-04-14,2025-04-16,2,L058,FAC05,DST13,581,LTL,CARA,1667,CC-105
SHP02557,09870626,2025-04-14,2025-04-16,2,L052,FAC04,DST20,227,LTL,CARD,2956,CC-104
SHP02558,95793544,2025-04-14,2025-04-16,2,L018,FAC02,DST10,561,LTL,CARE,1863,CC-102
SHP02559,19175699,2025-04-14,2025-04-16,2,L024,FAC02,DST19,626,LTL,CARC,2472,CC-102
SHP02560,23648140,2025-04-14,2025-04-16,2,L016,FAC02,DST08,717,LTL,CARC,2332,CC-102
SHP02561,58308610,2025-04-14,2025-04-20,6,L035,FAC03,DST16,2015,LTL,CARA,1742,CC-103
SHP02562,78729348,2025-04-14,2025-04-19,5,L008,FAC01,DST14,1742,LTL,CARE,892,CC-101
SHP02563,72846520,2025-04-14,2025-04-17,3,L038,FAC04,DST01,571,LTL,CARD,3637,CC-104
SHP02564,47479124,2025-04-14,2025-04-16,2,L050,FAC04,DST18,202,LTL,CARC,563,CC-104
SHP02565,06274846,2025-04-14,2025-04-16,2,L045,FAC04,DST11,743,LTL,CARE,727,CC-104
SHP02566,27984392,2025-04-14,2025-04-18,4,L049,FAC04,DST17,1818,TL,CARF,27487,CC-104
SHP02567,16576025,2025-04-14,2025-04-20,6,L059,FAC05,DST16,2236,LTL,CARA,720,CC-105
SHP02568,44364849,2025-04-14,2025-04-18,4,L030,FAC03,DST08,1199,LTL,CARD,294,CC-103
SHP02569,32264982,2025-04-14,2025-04-15,1,L052,FAC04,DST20,227,LTL,CARE,909,CC-104
SHP02570,91427938,2025-04-14,2025-04-15,1,L050,FAC04,DST18,202,LTL,CARC,420,CC-104
SHP02571,59826272,2025-04-14,2025-04-15,1,L056,FAC05,DST07,236,TL,CARG,15715,CC-105
SHP02572,98455267,2025-04-14,2025-04-17,3,L055,FAC05,DST06,820,LTL,CARD,1255,CC-105
SHP02573,75772511,2025-04-15,2025-04-16,1,L041,FAC04,DST07,400,TL,CARH,23847,CC-104
SHP02574,99866776,2025-04-15,2025-04-17,2,L013,FAC02,DST02,798,TL,CARF,28797,CC-102
SHP02575,38142201,2025-04-15,2025-04-19,4,L028,FAC03,DST04,1114,LTL,CARC,1346,CC-103
SHP02576,33906221,2025-04-15,2025-04-16,1,L005,FAC01,DST08,284,LTL,CARB,1713,CC-101
SHP02577,18145111,2025-04-15,2025-04-19,4,L026,FAC03,DST02,1557,LTL,CARA,1279,CC-103
SHP02578,76147609,2025-04-15,2025-04-19,4,L002,FAC01,DST05,1430,LTL,CARB,433,CC-101
SHP02579,08291523,2025-04-15,2025-04-19,4,L028,FAC03,DST04,1114,LTL,CARC,714,CC-103
SHP02580,53911677,2025-04-15,2025-04-18,3,L044,FAC04,DST10,475,LTL,CARE,1752,CC-104
SHP02581,91843125,2025-04-15,2025-04-17,2,L012,FAC01,DST20,323,LTL,CARB,802,CC-101
SHP02582,71442828,2025-04-15,2025-04-20,5,L008,FAC01,DST14,1742,TL,CARH,16717,CC-101
SHP02583,53828855,2025-04-15,2025-04-16,1,L057,FAC05,DST10,289,LTL,CARC,1252,CC-105
SHP02584,16014204,2025-04-15,2025-04-17,2,L052,FAC04,DST20,227,TL,CARF,31704,CC-104
SHP02585,30754025,2025-04-15,2025-04-17,2,L045,FAC04,DST11,743,LTL,CARE,944,CC-104
SHP02586,65999623,2025-04-15,2025-04-18,3,L030,FAC03,DST08,1199,LTL,CARD,2197,CC-103
SHP02587,62147826,2025-04-15,2025-04-19,4,L020,FAC02,DST12,1452,LTL,CARA,1780,CC-102
SHP02588,69799320,2025-04-15,2025-04-21,6,L046,FAC04,DST14,1996,LTL,CARB,684,CC-104
SHP02589,50588452,2025-04-15,2025-04-19,4,L026,FAC03,DST02,1557,LTL,CARA,3585,CC-103
SHP02590,65354219,2025-04-15,2025-04-18,3,L031,FAC03,DST10,657,LTL,CARA,1248,CC-103
SHP02591,88441227,2025-04-15,2025-04-18,3,L055,FAC05,DST06,820,LTL,CARE,620,CC-105
SHP02592,53464772,2025-04-15,2025-04-17,2,L021,FAC02,DST13,841,LTL,CARD,1438,CC-102
SHP02593,65419095,2025-04-15,2025-04-19,4,L036,FAC03,DST19,1283,LTL,CARC,2987,CC-103
SHP02594,94996974,2025-04-15,2025-04-18,3,L060,FAC05,DST19,791,LTL,CARA,465,CC-105
SHP02595,36162083,2025-04-15,2025-04-21,6,L048,FAC04,DST16,2410,TL,CARG,23538,CC-104
SHP02596,50951392,2025-04-15,2025-04-21,6,L049,FAC04,DST17,1818,LTL,CARC,2660,CC-104
SHP02597,63981630,2025-04-16,2025-04-19,3,L017,FAC02,DST09,1090,LTL,CARE,2058,CC-102
SHP02598,78455389,2025-04-16,2025-04-18,2,L038,FAC04,DST01,571,LTL,CARB,872,CC-104
SHP02599,10504790,2025-04-16,2025-04-18,2,L056,FAC05,DST07,236,TL,CARG,41620,CC-105
SHP02600,10489651,2025-04-16,2025-04-18,2,L005,FAC01,DST08,284,LTL,CARB,1289,CC-101
SHP02601,71663465,2025-04-16,2025-04-19,3,L028,FAC03,DST04,1114,LTL,CARC,106,CC-103
SHP02602,42041826,2025-04-16,2025-04-18,2,L057,FAC05,DST10,289,LTL,CARC,2820,CC-105
SHP02603,60239246,2025-04-16,2025-04-19,3,L054,FAC05,DST04,624,LTL,CARE,1514,CC-105
SHP02604,68138239,2025-04-16,2025-04-21,5,L022,FAC02,DST14,1906,TL,CARH,32355,CC-102
SHP02605,23848617,2025-04-16,2025-04-20,4,L017,FAC02,DST09,1090,LTL,CARC,321,CC-102
SHP02606,34491373,2025-04-16,2025-04-20,4,L010,FAC01,DST17,1508,LTL,CARA,440,CC-101
SHP02607,00612864,2025-04-16,2025-04-19,3,L028,FAC03,DST04,1114,TL,CARG,41135,CC-103
SHP02608,96536788,2025-04-16,2025-04-22,6,L048,FAC04,DST16,2410,LTL,CARB,1773,CC-104
SHP02609,57833759,2025-04-16,2025-04-17,1,L032,FAC03,DST11,545,TL,CARH,27987,CC-103
SHP02610,03347310,2025-04-16,2025-04-19,3,L017,FAC02,DST09,1090,TL,CARF,35514,CC-102
SHP02611,52020879,2025-04-16,2025-04-19,3,L024,FAC02,DST19,626,LTL,CARD,886,CC-102
SHP02612,89419336,2025-04-16,2025-04-19,3,L030,FAC03,DST08,1199,LTL,CARC,2932,CC-103
SHP02613,03342372,2025-04-16,2025-04-18,2,L001,FAC01,DST04,705,TL,CARG,19741,CC-101
SHP02614,83522744,2025-04-16,2025-04-19,3,L044,FAC04,DST10,475,LTL,CARE,951,CC-104
SHP02615,93116625,2025-04-16,2025-04-20,4,L008,FAC01,DST14,1742,LTL,CARA,1638,CC-101
SHP02616,24064165,2025-04-16,2025-04-19,3,L043,FAC04,DST09,753,LTL,CARC,899,CC-104
SHP02617,66471513,2025-04-16,2025-04-20,4,L020,FAC02,DST12,1452,LTL,CARA,793,CC-102
SHP02618,43255262,2025-04-16,2025-04-18,2,L039,FAC04,DST03,771,LTL,CARA,945,CC-104
SHP02619,98545547,2025-04-16,2025-04-18,2,L004,FAC01,DST07,477,LTL,CARC,268,CC-101
SHP02620,76708148,2025-04-16,2025-04-19,3,L054,FAC05,DST04,624,TL,CARG,19122,CC-105
SHP02621,99101808,2025-04-16,2025-04-23,7,L048,FAC04,DST16,2410,LTL,CARB,1215,CC-104
SHP02622,96130740,2025-04-16,2025-04-17,1,L005,FAC01,DST08,284,LTL,CARB,1561,CC-101
SHP02623,34646487,2025-04-16,2025-04-20,4,L017,FAC02,DST09,1090,LTL,CARE,843,CC-102
SHP02624,72805334,2025-04-16,2025-04-22,6,L059,FAC05,DST16,2236,LTL,CARA,4323,CC-105
SHP02625,50184006,2025-04-16,2025-04-19,3,L060,FAC05,DST19,791,LTL,CARD,783,CC-105
SHP02626,67717830,2025-04-16,2025-04-18,2,L043,FAC04,DST09,753,TL,CARH,15200,CC-104
SHP02627,31150411,2025-04-16,2025-04-22,6,L027,FAC03,DST03,1859,LTL,CARA,999,CC-103
SHP02628,33808021,2025-04-16,2025-04-18,2,L032,FAC03,DST11,545,TL,CARH,36435,CC-103
SHP02629,03270195,2025-04-16,2025-04-21,5,L035,FAC03,DST16,2015,LTL,CARA,1871,CC-103
SHP02630,75564055,2025-04-16,2025-04-21,5,L046,FAC04,DST14,1996,LTL,CARB,826,CC-104
SHP02631,57391749,2025-04-16,2025-04-18,2,L032,FAC03,DST11,545,LTL,CARC,1101,CC-103
SHP02632,24424981,2025-04-16,2025-04-18,2,L045,FAC04,DST11,743,LTL,CARC,2950,CC-104
SHP02633,13519962,2025-04-17,2025-04-20,3,L023,FAC02,DST18,513,LTL,CARD,672,CC-102
SHP02634,30426165,2025-04-17,2025-04-18,1,L011,FAC01,DST18,198,LTL,CARE,3807,CC-101
SHP02635,03186281,2025-04-17,2025-04-19,2,L001,FAC01,DST04,705,TL,CARG,28263,CC-101
SHP02636,66125995,2025-04-17,2025-04-19,2,L039,FAC04,DST03,771,LTL,CARE,299,CC-104
SHP02637,05113029,2025-04-17,2025-04-21,4,L008,FAC01,DST14,1742,LTL,CARA,2787,CC-101
SHP02638,48839021,2025-04-17,2025-04-20,3,L013,FAC02,DST02,798,LTL,CARA,201,CC-102
SHP02639,52719357,2025-04-17,2025-04-20,3,L014,FAC02,DST03,1123,TL,CARH,22197,CC-102
SHP02640,98330418,2025-04-17,2025-04-21,4,L034,FAC03,DST15,1485,LTL,CARA,1210,CC-103
SHP02641,42771139,2025-04-17,2025-04-20,3,L017,FAC02,DST09,1090,LTL,CARE,3927,CC-102
SHP02642,17182744,2025-04-17,2025-04-19,2,L012,FAC01,DST20,323,LTL,CARC,781,CC-101
SHP02643,94229515,2025-04-17,2025-04-22,5,L008,FAC01,DST14,1742,LTL,CARA,765,CC-101
SHP02644,65127594,2025-04-17,2025-04-22,5,L046,FAC04,DST14,1996,LTL,CARA,5607,CC-104
SHP02645,70947369,2025-04-17,2025-04-20,3,L054,FAC05,DST04,624,LTL,CARB,1659,CC-105
SHP02646,59403125,2025-04-17,2025-04-18,1,L041,FAC04,DST07,400,TL,CARH,25614,CC-104
SHP02647,19309253,2025-04-17,2025-04-21,4,L007,FAC01,DST12,1102,TL,CARF,17102,CC-101
SHP02648,12649245,2025-04-17,2025-04-19,2,L004,FAC01,DST07,477,LTL,CARC,3065,CC-101
SHP02649,69146680,2025-04-17,2025-04-18,1,L015,FAC02,DST07,257,TL,CARH,28738,CC-102
SHP02650,91474405,2025-04-17,2025-04-20,3,L045,FAC04,DST11,743,TL,CARF,22453,CC-104
SHP02651,18844282,2025-04-17,2025-04-21,4,L010,FAC01,DST17,1508,LTL,CARA,764,CC-101
SHP02652,28046990,2025-04-17,2025-04-19,2,L043,FAC04,DST09,753,LTL,CARC,700,CC-104
SHP02653,40593163,2025-04-17,2025-04-20,3,L018,FAC02,DST10,561,LTL,CARB,668,CC-102
SHP02654,77601630,2025-04-17,2025-04-20,3,L045,FAC04,DST11,743,LTL,CARE,1587,CC-104
SHP02655,28917634,2025-04-17,2025-04-22,5,L035,FAC03,DST16,2015,LTL,CARA,4193,CC-103
SHP02656,48827202,2025-04-18,2025-04-22,4,L010,FAC01,DST17,1508,LTL,CARA,418,CC-101
SHP02657,02567796,2025-04-18,2025-04-19,1,L011,FAC01,DST18,198,LTL,CARD,1653,CC-101
SHP02658,49328746,2025-04-18,2025-04-19,1,L052,FAC04,DST20,227,LTL,CARE,972,CC-104
SHP02659,13319185,2025-04-18,2025-04-22,4,L034,FAC03,DST15,1485,TL,CARG,18557,CC-103
SHP02660,89856021,2025-04-18,2025-04-24,6,L027,FAC03,DST03,1859,LTL,CARD,735,CC-103
SHP02661,44196755,2025-04-18,2025-04-19,1,L005,FAC01,DST08,284,LTL,CARB,1133,CC-101
SHP02662,30396562,2025-04-18,2025-04-20,2,L021,FAC02,DST13,841,TL,CARG,15708,CC-102
SHP02663,60965151,2025-04-18,2025-04-24,6,L047,FAC04,DST15,2368,LTL,CARC,1366,CC-104
SHP02664,16977248,2025-04-18,2025-04-25,7,L048,FAC04,DST16,2410,LTL,CARB,1777,CC-104
SHP02665,64412833,2025-04-18,2025-04-20,2,L016,FAC02,DST08,717,LTL,CARC,1299,CC-102
SHP02666,38243445,2025-04-18,2025-04-21,3,L060,FAC05,DST19,791,TL,CARF,23860,CC-105
SHP02667,25353143,2025-04-18,2025-04-22,4,L014,FAC02,DST03,1123,LTL,CARA,1285,CC-102
SHP02668,65854254,2025-04-18,2025-04-22,4,L026,FAC03,DST02,1557,LTL,CARD,2442,CC-103
SHP02669,15556392,2025-04-18,2025-04-23,5,L053,FAC05,DST03,1362,LTL,CARA,406,CC-105
SHP02670,43621509,2025-04-18,2025-04-23,5,L022,FAC02,DST14,1906,TL,CARH,26007,CC-102
SHP02671,25328043,2025-04-18,2025-04-24,6,L035,FAC03,DST16,2015,LTL,CARA,2484,CC-103
SHP02672,79659927,2025-04-18,2025-04-22,4,L017,FAC02,DST09,1090,LTL,CARE,1631,CC-102
SHP02673,02739458,2025-04-18,2025-04-20,2,L057,FAC05,DST10,289,LTL,CARE,1603,CC-105
SHP02674,65726094,2025-04-18,2025-04-25,7,L047,FAC04,DST15,2368,LTL,CARC,615,CC-104
SHP02675,74026437,2025-04-18,2025-04-24,6,L035,FAC03,DST16,2015,LTL,CARD,1484,CC-103
SHP02676,13730001,2025-04-18,2025-04-22,4,L053,FAC05,DST03,1362,LTL,CARA,417,CC-105
SHP02677,65135926,2025-04-18,2025-04-20,2,L060,FAC05,DST19,791,TL,CARF,37788,CC-105
SHP02678,19843534,2025-04-19,2025-04-23,4,L026,FAC03,DST02,1557,LTL,CARD,1265,CC-103
SHP02679,59986606,2025-04-19,2025-04-23,4,L035,FAC03,DST16,2015,TL,CARF,23657,CC-103
SHP02680,31741199,2025-04-19,2025-04-23,4,L033,FAC03,DST14,1061,LTL,CARB,827,CC-103
SHP02681,46802912,2025-04-19,2025-04-21,2,L044,FAC04,DST10,475,TL,CARG,22187,CC-104
SHP02682,29412979,2025-04-19,2025-04-22,3,L020,FAC02,DST12,1452,TL,CARG,17757,CC-102
SHP02683,93348781,2025-04-19,2025-04-23,4,L029,FAC03,DST05,1333,LTL,CARA,211,CC-103
SHP02684,53367936,2025-04-19,2025-04-23,4,L003,FAC01,DST06,1183,LTL,CARD,535,CC-101
SHP02685,01691906,2025-04-19,2025-04-23,4,L036,FAC03,DST19,1283,LTL,CARC,3872,CC-103
SHP02686,31033526,2025-04-19,2025-04-22,3,L038,FAC04,DST01,571,TL,CARF,16602,CC-104
SHP02687,23721255,2025-04-19,2025-04-24,5,L053,FAC05,DST03,1362,LTL,CARE,1164,CC-105
SHP02688,25868664,2025-04-19,2025-04-20,1,L051,FAC04,DST19,195,TL,CARG,32905,CC-104
SHP02689,56210697,2025-04-19,2025-04-24,5,L020,FAC02,DST12,1452,LTL,CARA,946,CC-102
SHP02690,17863304,2025-04-19,2025-04-22,3,L028,FAC03,DST04,1114,LTL,CARE,310,CC-103
SHP02691,13372826,2025-04-19,2025-04-23,4,L010,FAC01,DST17,1508,LTL,CARA,3627,CC-101
SHP02692,37235213,2025-04-19,2025-04-21,2,L025,FAC02,DST20,384,LTL,CARA,3782,CC-102
SHP02693,51511892,2025-04-19,2025-04-23,4,L040,FAC04,DST05,1193,LTL,CARC,549,CC-104
SHP02694,88478090,2025-04-19,2025-04-22,3,L002,FAC01,DST05,1430,TL,CARF,25102,CC-101
SHP02695,78601760,2025-04-19,2025-04-25,6,L046,FAC04,DST14,1996,LTL,CARA,632,CC-104
SHP02696,31460308,2025-04-19,2025-04-24,5,L059,FAC05,DST16,2236,LTL,CARB,2821,CC-105
SHP02697,69227116,2025-04-19,2025-04-23,4,L003,FAC01,DST06,1183,LTL,CARC,464,CC-101
SHP02698,97664352,2025-04-19,2025-04-20,1,L005,FAC01,DST08,284,TL,CARG,37968,CC-101
SHP02699,75027932,2025-04-19,2025-04-23,4,L029,FAC03,DST05,1333,LTL,CARD,852,CC-103
SHP02700,68123075,2025-04-19,2025-04-23,4,L040,FAC04,DST05,1193,LTL,CARB,1016,CC-104
SHP02701,31101141,2025-04-19,2025-04-22,3,L044,FAC04,DST10,475,LTL,CARB,829,CC-104
SHP02702,27240871,2025-04-19,2025-04-22,3,L058,FAC05,DST13,581,LTL,CARD,2022,CC-105
SHP02703,97694678,2025-04-19,2025-04-24,5,L053,FAC05,DST03,1362,LTL,CARE,1737,CC-105
SHP02704,27672880,2025-04-19,2025-04-24,5,L034,FAC03,DST15,1485,LTL,CARA,338,CC-103
SHP02705,73332984,2025-04-19,2025-04-20,1,L056,FAC05,DST07,236,LTL,CARE,1804,CC-105
SHP02706,98559598,2025-04-19,2025-04-22,3,L055,FAC05,DST06,820,LTL,CARE,3035,CC-105
SHP02707,52189257,2025-04-19,2025-04-24,5,L022,FAC02,DST14,1906,LTL,CARC,5818,CC-102
SHP02708,55187911,2025-04-19,2025-04-24,5,L020,FAC02,DST12,1452,LTL,CARB,1850,CC-102
SHP02709,68454716,2025-04-20,2025-04-25,5,L053,FAC05,DST03,1362,LTL,CARE,281,CC-105
SHP02710,48143108,2025-04-20,2025-04-23,3,L030,FAC03,DST08,1199,LTL,CARC,794,CC-103
SHP02711,24009518,2025-04-20,2025-04-22,2,L045,FAC04,DST11,743,LTL,CARC,804,CC-104
SHP02712,07272584,2025-04-20,2025-04-22,2,L054,FAC05,DST04,624,LTL,CARE,6960,CC-105
SHP02713,19399013,2025-04-20,2025-04-24,4,L008,FAC01,DST14,1742,LTL,CARA,969,CC-101
SHP02714,06135153,2025-04-20,2025-04-23,3,L021,FAC02,DST13,841,LTL,CARB,2472,CC-102
SHP02715,31422755,2025-04-20,2025-04-22,2,L038,FAC04,DST01,571,LTL,CARD,585,CC-104
SHP02716,22315741,2025-04-20,2025-04-22,2,L006,FAC01,DST10,315,LTL,CARE,623,CC-101
SHP02717,76550259,2025-04-20,2025-04-23,3,L002,FAC01,DST05,1430,TL,CARF,20505,CC-101
SHP02718,13771278,2025-04-20,2025-04-22,2,L031,FAC03,DST10,657,LTL,CARA,1118,CC-103
SHP02719,37200056,2025-04-20,2025-04-23,3,L043,FAC04,DST09,753,TL,CARH,28910,CC-104
SHP02720,07789429,2025-04-20,2025-04-26,6,L009,FAC01,DST16,2079,LTL,CARE,305,CC-101
SHP02721,96627733,2025-04-20,2025-04-24,4,L028,FAC03,DST04,1114,LTL,CARC,3486,CC-103
SHP02722,42004959,2025-04-20,2025-04-21,1,L015,FAC02,DST07,257,TL,CARH,17904,CC-102
SHP02723,86270563,2025-04-20,2025-04-24,4,L026,FAC03,DST02,1557,TL,CARH,19639,CC-103
SHP02724,72042065,2025-04-20,2025-04-24,4,L020,FAC02,DST12,1452,LTL,CARB,342,CC-102
SHP02725,99059276,2025-04-20,2025-04-23,3,L032,FAC03,DST11,545,LTL,CARD,1425,CC-103
SHP02726,69127767,2025-04-20,2025-04-23,3,L044,FAC04,DST10,475,LTL,CARB,6824,CC-104
SHP02727,67090261,2025-04-20,2025-04-24,4,L040,FAC04,DST05,1193,TL,CARF,39984,CC-104
SHP02728,26075985,2025-04-20,2025-04-21,1,L056,FAC05,DST07,236,LTL,CARD,2752,CC-105
SHP02729,57425574,2025-04-20,2025-04-23,3,L021,FAC02,DST13,841,LTL,CARB,530,CC-102
SHP02730,05736742,2025-04-20,2025-04-21,1,L015,FAC02,DST07,257,LTL,CARB,896,CC-102
SHP02731,78930736,2025-04-20,2025-04-26,6,L047,FAC04,DST15,2368,LTL,CARC,1230,CC-104
SHP02732,97452110,2025-04-20,2025-04-21,1,L041,FAC04,DST07,400,LTL,CARA,1575,CC-104
SHP02733,03746443,2025-04-20,2025-04-23,3,L003,FAC01,DST06,1183,LTL,CARC,817,CC-101
SHP02734,36981936,2025-04-20,2025-04-22,2,L005,FAC01,DST08,284,TL,CARG,19677,CC-101
SHP02735,18642610,2025-04-20,2025-04-22,2,L032,FAC03,DST11,545,LTL,CARD,2344,CC-103
SHP02736,90323245,2025-04-21,2025-04-24,3,L030,FAC03,DST08,1199,LTL,CARC,1137,CC-103
SHP02737,38409630,2025-04-21,2025-04-24,3,L019,FAC02,DST11,811,TL,CARH,33323,CC-102
SHP02738,39094780,2025-04-21,2025-04-26,5,L035,FAC03,DST16,2015,LTL,CARA,160,CC-103
SHP02739,52826646,2025-04-21,2025-04-27,6,L049,FAC04,DST17,1818,LTL,CARC,768,CC-104
SHP02740,34682115,2025-04-21,2025-04-25,4,L028,FAC03,DST04,1114,LTL,CARE,1967,CC-103
SHP02741,36110143,2025-04-21,2025-04-23,2,L054,FAC05,DST04,624,LTL,CARB,760,CC-105
SHP02742,52055624,2025-04-21,2025-04-22,1,L006,FAC01,DST10,315,LTL,CARB,416,CC-101
SHP02743,32080229,2025-04-21,2025-04-24,3,L044,FAC04,DST10,475,LTL,CARB,7391,CC-104
SHP02744,99467561,2025-04-21,2025-04-26,5,L035,FAC03,DST16,2015,LTL,CARA,2645,CC-103
SHP02745,73425492,2025-04-21,2025-04-24,3,L023,FAC02,DST18,513,LTL,CARB,497,CC-102
SHP02746,76250651,2025-04-21,2025-04-24,3,L054,FAC05,DST04,624,TL,CARG,19791,CC-105
SHP02747,57958786,2025-04-21,2025-04-27,6,L047,FAC04,DST15,2368,LTL,CARD,860,CC-104
SHP02748,63985873,2025-04-21,2025-04-23,2,L039,FAC04,DST03,771,LTL,CARA,2528,CC-104
SHP02749,57861206,2025-04-21,2025-04-24,3,L014,FAC02,DST03,1123,LTL,CARA,534,CC-102
SHP02750,06563149,2025-04-21,2025-04-23,2,L041,FAC04,DST07,400,LTL,CARA,2969,CC-104
SHP02751,18402990,2025-04-21,2025-04-23,2,L006,FAC01,DST10,315,TL,CARF,23484,CC-101
SHP02752,65120692,2025-04-21,2025-04-23,2,L052,FAC04,DST20,227,LTL,CARD,3601,CC-104
SHP02753,90238845,2025-04-21,2025-04-25,4,L017,FAC02,DST09,1090,LTL,CARC,889,CC-102
SHP02754,44940550,2025-04-21,2025-04-23,2,L005,FAC01,DST08,284,TL,CARG,19309,CC-101
SHP02755,89422377,2025-04-21,2025-04-24,3,L039,FAC04,DST03,771,LTL,CARE,660,CC-104
SHP02756,19717790,2025-04-21,2025-04-23,2,L004,FAC01,DST07,477,LTL,CARC,1409,CC-101
SHP02757,66869879,2025-04-21,2025-04-23,2,L005,FAC01,DST08,284,LTL,CARB,2146,CC-101
SHP02758,88640051,2025-04-21,2025-04-23,2,L016,FAC02,DST08,717,LTL,CARC,647,CC-102
SHP02759,01266101,2025-04-21,2025-04-22,1,L051,FAC04,DST19,195,TL,CARG,20265,CC-104
SHP02760,11352637,2025-04-22,2025-04-23,1,L015,FAC02,DST07,257,LTL,CARB,483,CC-102
SHP02761,51388373,2025-04-22,2025-04-24,2,L024,FAC02,DST19,626,LTL,CARC,910,CC-102
SHP02762,20130475,2025-04-22,2025-04-28,6,L027,FAC03,DST03,1859,LTL,CARD,6257,CC-103
SHP02763,18133875,2025-04-22,2025-04-26,4,L034,FAC03,DST15,1485,LTL,CARA,7500,CC-103
SHP02764,85645995,2025-04-22,2025-04-26,4,L026,FAC03,DST02,1557,LTL,CARA,1763,CC-103
SHP02765,62435710,2025-04-22,2025-04-24,2,L006,FAC01,DST10,315,TL,CARF,34675,CC-101
SHP02766,67313202,2025-04-22,2025-04-25,3,L024,FAC02,DST19,626,LTL,CARD,2447,CC-102
SHP02767,12706967,2025-04-22,2025-04-25,3,L013,FAC02,DST02,798,LTL,CARB,4386,CC-102
SHP02768,40453506,2025-04-22,2025-04-25,3,L023,FAC02,DST18,513,LTL,CARD,599,CC-102
SHP02769,58918137,2025-04-22,2025-04-24,2,L044,FAC04,DST10,475,LTL,CARE,1940,CC-104
SHP02770,20843156,2025-04-22,2025-04-23,1,L011,FAC01,DST18,198,LTL,CARD,665,CC-101
SHP02771,96300780,2025-04-22,2025-04-25,3,L019,FAC02,DST11,811,LTL,CARC,1373,CC-102
SHP02772,55969046,2025-04-22,2025-04-25,3,L040,FAC04,DST05,1193,LTL,CARB,662,CC-104
SHP02773,88691668,2025-04-22,2025-04-24,2,L055,FAC05,DST06,820,LTL,CARE,1732,CC-105
SHP02774,22158135,2025-04-22,2025-04-24,2,L039,FAC04,DST03,771,TL,CARG,26204,CC-104
SHP02775,50188155,2025-04-22,2025-04-25,3,L054,FAC05,DST04,624,LTL,CARB,1268,CC-105
SHP02776,64495848,2025-04-22,2025-04-23,1,L056,FAC05,DST07,236,LTL,CARE,463,CC-105
SHP02777,33868437,2025-04-22,2025-04-26,4,L014,FAC02,DST03,1123,LTL,CARD,1941,CC-102
SHP02778,95577171,2025-04-22,2025-04-26,4,L033,FAC03,DST14,1061,LTL,CARB,846,CC-103
SHP02779,98740897,2025-04-22,2025-04-28,6,L049,FAC04,DST17,1818,LTL,CARC,982,CC-104
SHP02780,82262084,2025-04-22,2025-04-23,1,L015,FAC02,DST07,257,LTL,CARB,981,CC-102
SHP02781,77341226,2025-04-22,2025-04-25,3,L043,FAC04,DST09,753,LTL,CARC,580,CC-104
SHP02782,64509573,2025-04-22,2025-04-24,2,L032,FAC03,DST11,545,TL,CARH,15284,CC-103
SHP02783,10847812,2025-04-23,2025-04-24,1,L011,FAC01,DST18,198,LTL,CARD,2175,CC-101
SHP02784,29506711,2025-04-23,2025-04-25,2,L055,FAC05,DST06,820,LTL,CARE,1430,CC-105
SHP02785,61761667,2025-04-23,2025-04-25,2,L037,FAC03,DST20,871,LTL,CARD,356,CC-103
SHP02786,31568491,2025-04-23,2025-04-25,2,L039,FAC04,DST03,771,LTL,CARE,2550,CC-104
SHP02787,08570303,2025-04-23,2025-04-27,4,L002,FAC01,DST05,1430,TL,CARF,34921,CC-101
SHP02788,05459823,2025-04-23,2025-04-26,3,L031,FAC03,DST10,657,LTL,CARA,817,CC-103
SHP02789,66465180,2025-04-23,2025-04-27,4,L040,FAC04,DST05,1193,LTL,CARB,507,CC-104
SHP02790,75665626,2025-04-23,2025-04-26,3,L036,FAC03,DST19,1283,TL,CARF,41141,CC-103
SHP02791,91064188,2025-04-23,2025-04-24,1,L050,FAC04,DST18,202,LTL,CARC,611,CC-104
SHP02792,38163434,2025-04-23,2025-04-28,5,L009,FAC01,DST16,2079,LTL,CARE,6119,CC-101
SHP02793,72603407,2025-04-23,2025-04-25,2,L052,FAC04,DST20,227,LTL,CARD,1788,CC-104
SHP02794,79598768,2025-04-23,2025-04-28,5,L059,FAC05,DST16,2236,LTL,CARA,737,CC-105
SHP02795,51470434,2025-04-23,2025-04-29,6,L009,FAC01,DST16,2079,LTL,CARB,925,CC-101
SHP02796,93597466,2025-04-23,2025-04-26,3,L037,FAC03,DST20,871,LTL,CARE,4159,CC-103
SHP02797,53224464,2025-04-23,2025-04-27,4,L003,FAC01,DST06,1183,TL,CARG,27553,CC-101
SHP02798,32385597,2025-04-23,2025-04-28,5,L035,FAC03,DST16,2015,LTL,CARA,831,CC-103
SHP02799,67512040,2025-04-23,2025-04-26,3,L023,FAC02,DST18,513,LTL,CARB,605,CC-102
SHP02800,83500222,2025-04-23,2025-04-24,1,L005,FAC01,DST08,284,LTL,CARD,1414,CC-101
SHP02801,98817062,2025-04-23,2025-04-24,1,L006,FAC01,DST10,315,LTL,CARB,2603,CC-101
SHP02802,06941600,2025-04-23,2025-04-25,2,L021,FAC02,DST13,841,LTL,CARB,1280,CC-102
SHP02803,16678979,2025-04-23,2025-04-26,3,L039,FAC04,DST03,771,TL,CARG,39515,CC-104
SHP02804,85831960,2025-04-23,2025-04-28,5,L035,FAC03,DST16,2015,TL,CARF,35873,CC-103
SHP02805,67406709,2025-04-23,2025-04-26,3,L054,FAC05,DST04,624,TL,CARG,17990,CC-105
SHP02806,95010236,2025-04-23,2025-04-26,3,L058,FAC05,DST13,581,LTL,CARA,993,CC-105
SHP02807,20329227,2025-04-23,2025-04-25,2,L025,FAC02,DST20,384,LTL,CARA,3819,CC-102
SHP02808,98124717,2025-04-23,2025-04-25,2,L050,FAC04,DST18,202,LTL,CARC,1352,CC-104
SHP02809,84706277,2025-04-23,2025-04-28,5,L049,FAC04,DST17,1818,LTL,CARA,6692,CC-104
SHP02810,82940523,2025-04-23,2025-04-27,4,L020,FAC02,DST12,1452,LTL,CARA,976,CC-102
SHP02811,20675550,2025-04-23,2025-04-27,4,L034,FAC03,DST15,1485,TL,CARG,19484,CC-103
SHP02812,66892263,2025-04-23,2025-04-26,3,L014,FAC02,DST03,1123,TL,CARH,24339,CC-102
SHP02813,29475209,2025-04-23,2025-04-27,4,L008,FAC01,DST14,1742,LTL,CARE,1591,CC-101
SHP02814,11223577,2025-04-23,2025-04-25,2,L006,FAC01,DST10,315,LTL,CARB,2724,CC-101
SHP02815,78784100,2025-04-23,2025-04-28,5,L048,FAC04,DST16,2410,TL,CARG,18375,CC-104
SHP02816,14825472,2025-04-23,2025-04-28,5,L010,FAC01,DST17,1508,LTL,CARC,214,CC-101
SHP02817,80849447,2025-04-23,2025-04-25,2,L051,FAC04,DST19,195,TL,CARG,22720,CC-104
SHP02818,76094156,2025-04-24,2025-04-25,1,L025,FAC02,DST20,384,TL,CARG,15302,CC-102
SHP02819,19840440,2025-04-24,2025-04-27,3,L016,FAC02,DST08,717,LTL,CARE,1309,CC-102
SHP02820,17737094,2025-04-24,2025-04-26,2,L031,FAC03,DST10,657,LTL,CARA,2201,CC-103
SHP02821,21272900,2025-04-24,2025-04-27,3,L001,FAC01,DST04,705,LTL,CARA,789,CC-101
SHP02822,70761239,2025-04-24,2025-04-28,4,L002,FAC01,DST05,1430,LTL,CARB,260,CC-101
SHP02823,76701783,2025-04-24,2025-04-27,3,L043,FAC04,DST09,753,LTL,CARE,474,CC-104
SHP02824,75679430,2025-04-24,2025-04-30,6,L009,FAC01,DST16,2079,LTL,CARB,1519,CC-101
SHP02825,53679145,2025-04-24,2025-04-26,2,L041,FAC04,DST07,400,LTL,CARB,1522,CC-104
SHP02826,60328046,2025-04-24,2025-04-27,3,L028,FAC03,DST04,1114,LTL,CARE,810,CC-103
SHP02827,62561442,2025-04-24,2025-04-25,1,L012,FAC01,DST20,323,LTL,CARB,588,CC-101
SHP02828,91863251,2025-04-24,2025-04-28,4,L053,FAC05,DST03,1362,LTL,CARE,576,CC-105
SHP02829,01945691,2025-04-24,2025-04-27,3,L044,FAC04,DST10,475,LTL,CARB,3062,CC-104
SHP02830,29432644,2025-04-24,2025-04-28,4,L008,FAC01,DST14,1742,LTL,CARA,1079,CC-101
SHP02831,36884715,2025-04-24,2025-04-28,4,L010,FAC01,DST17,1508,LTL,CARC,2468,CC-101
SHP02832,64783423,2025-04-24,2025-04-28,4,L003,FAC01,DST06,1183,LTL,CARD,926,CC-101
SHP02833,77847120,2025-04-24,2025-04-26,2,L051,FAC04,DST19,195,LTL,CARD,565,CC-104
SHP02834,54432847,2025-04-24,2025-04-29,5,L020,FAC02,DST12,1452,LTL,CARA,868,CC-102
SHP02835,74238031,2025-04-24,2025-04-27,3,L018,FAC02,DST10,561,LTL,CARE,3737,CC-102
SHP02836,79724088,2025-04-24,2025-04-28,4,L009,FAC01,DST16,2079,TL,CARG,17908,CC-101
SHP02837,65580557,2025-04-24,2025-04-30,6,L035,FAC03,DST16,2015,LTL,CARA,416,CC-103
SHP02838,00663065,2025-04-24,2025-04-27,3,L024,FAC02,DST19,626,LTL,CARD,3065,CC-102
SHP02839,80524822,2025-04-24,2025-04-28,4,L035,FAC03,DST16,2015,TL,CARF,16979,CC-103
SHP02840,03814458,2025-04-24,2025-04-25,1,L006,FAC01,DST10,315,LTL,CARE,1831,CC-101
SHP02841,60611967,2025-04-24,2025-04-27,3,L007,FAC01,DST12,1102,LTL,CARB,2577,CC-101
SHP02842,51769398,2025-04-24,2025-04-26,2,L060,FAC05,DST19,791,LTL,CARD,1502,CC-105
SHP02843,20187007,2025-04-24,2025-04-26,2,L031,FAC03,DST10,657,TL,CARF,21812,CC-103
SHP02844,78438253,2025-04-24,2025-04-27,3,L028,FAC03,DST04,1114,LTL,CARE,468,CC-103
SHP02845,44221573,2025-04-24,2025-04-28,4,L035,FAC03,DST16,2015,TL,CARF,37660,CC-103
SHP02846,16551344,2025-04-24,2025-04-29,5,L059,FAC05,DST16,2236,TL,CARH,19087,CC-105
SHP02847,41936388,2025-04-24,2025-04-26,2,L024,FAC02,DST19,626,LTL,CARC,4157,CC-102
SHP02848,94298449,2025-04-25,2025-04-27,2,L001,FAC01,DST04,705,LTL,CARA,1173,CC-101
SHP02849,70159990,2025-04-25,2025-04-28,3,L019,FAC02,DST11,811,TL,CARH,29392,CC-102
SHP02850,58553573,2025-04-25,2025-04-27,2,L054,FAC05,DST04,624,LTL,CARB,7500,CC-105
SHP02851,96584524,2025-04-25,2025-04-28,3,L036,FAC03,DST19,1283,TL,CARF,34994,CC-103
SHP02852,38575757,2025-04-25,2025-04-28,3,L055,FAC05,DST06,820,LTL,CARE,908,CC-105
SHP02853,14673916,2025-04-25,2025-04-30,5,L027,FAC03,DST03,1859,LTL,CARD,1375,CC-103
SHP02854,11168310,2025-04-25,2025-04-27,2,L016,FAC02,DST08,717,LTL,CARC,1686,CC-102
SHP02855,16939511,2025-04-25,2025-04-27,2,L055,FAC05,DST06,820,LTL,CARE,694,CC-105
SHP02856,92762369,2025-04-25,2025-05-01,6,L059,FAC05,DST16,2236,LTL,CARB,376,CC-105
SHP02857,74797077,2025-04-25,2025-04-28,3,L016,FAC02,DST08,717,LTL,CARC,534,CC-102
SHP02858,03435045,2025-04-25,2025-04-28,3,L024,FAC02,DST19,626,LTL,CARD,1108,CC-102
SHP02859,18695833,2025-04-25,2025-04-27,2,L005,FAC01,DST08,284,LTL,CARD,386,CC-101
SHP02860,94936189,2025-04-25,2025-04-27,2,L031,FAC03,DST10,657,LTL,CARA,3507,CC-103
SHP02861,41907773,2025-04-25,2025-05-01,6,L048,FAC04,DST16,2410,LTL,CARC,4171,CC-104
SHP02862,34180088,2025-04-25,2025-04-30,5,L034,FAC03,DST15,1485,LTL,CARB,506,CC-103
SHP02863,81126483,2025-04-25,2025-04-28,3,L044,FAC04,DST10,475,LTL,CARE,1349,CC-104
SHP02864,79465062,2025-04-25,2025-05-01,6,L047,FAC04,DST15,2368,TL,CARF,41633,CC-104
SHP02865,28443109,2025-04-25,2025-04-28,3,L060,FAC05,DST19,791,LTL,CARD,620,CC-105
SHP02866,57588153,2025-04-25,2025-04-26,1,L056,FAC05,DST07,236,LTL,CARD,785,CC-105
SHP02867,47203444,2025-04-25,2025-04-26,1,L042,FAC04,DST08,197,TL,CARF,25244,CC-104
SHP02868,65011566,2025-04-25,2025-04-28,3,L023,FAC02,DST18,513,LTL,CARD,741,CC-102
SHP02869,44769376,2025-04-25,2025-04-28,3,L031,FAC03,DST10,657,LTL,CARA,2573,CC-103
SHP02870,61333563,2025-04-26,2025-04-29,3,L060,FAC05,DST19,791,TL,CARF,15113,CC-105
SHP02871,86615170,2025-04-26,2025-04-28,2,L044,FAC04,DST10,475,TL,CARG,40172,CC-104
SHP02872,84914414,2025-04-26,2025-04-29,3,L004,FAC01,DST07,477,LTL,CARC,1696,CC-101
SHP02873,26342939,2025-04-26,2025-04-29,3,L058,FAC05,DST13,581,LTL,CARD,993,CC-105
SHP02874,23711216,2025-04-26,2025-04-28,2,L043,FAC04,DST09,753,LTL,CARE,1887,CC-104
SHP02875,25546881,2025-04-26,2025-05-01,5,L049,FAC04,DST17,1818,LTL,CARC,1033,CC-104
SHP02876,55341215,2025-04-26,2025-04-29,3,L054,FAC05,DST04,624,LTL,CARE,576,CC-105
SHP02877,04834462,2025-04-26,2025-04-29,3,L028,FAC03,DST04,1114,LTL,CARE,504,CC-103
SHP02878,20316169,2025-04-26,2025-04-29,3,L017,FAC02,DST09,1090,LTL,CARE,261,CC-102
SHP02879,93663601,2025-04-26,2025-04-27,1,L005,FAC01,DST08,284,LTL,CARD,182,CC-101
SHP02880,94772506,2025-04-26,2025-04-27,1,L006,FAC01,DST10,315,LTL,CARB,925,CC-101
SHP02881,40019364,2025-04-26,2025-04-30,4,L036,FAC03,DST19,1283,LTL,CARC,427,CC-103
SHP02882,54574714,2025-04-26,2025-04-28,2,L031,FAC03,DST10,657,LTL,CARC,2454,CC-103
SHP02883,63365965,2025-04-26,2025-05-02,6,L046,FAC04,DST14,1996,LTL,CARB,1179,CC-104
SHP02884,78032128,2025-04-26,2025-04-27,1,L044,FAC04,DST10,475,TL,CARG,23721,CC-104
SHP02885,76697079,2025-04-26,2025-04-30,4,L009,FAC01,DST16,2079,TL,CARG,27703,CC-101
SHP02886,31970687,2025-04-26,2025-05-01,5,L022,FAC02,DST14,1906,LTL,CARE,436,CC-102
SHP02887,27329946,2025-04-26,2025-04-28,2,L037,FAC03,DST20,871,LTL,CARE,2294,CC-103
SHP02888,02354240,2025-04-26,2025-04-28,2,L042,FAC04,DST08,197,LTL,CARB,727,CC-104
SHP02889,91149465,2025-04-26,2025-04-30,4,L002,FAC01,DST05,1430,LTL,CARE,353,CC-101
SHP02890,13672255,2025-04-26,2025-04-29,3,L016,FAC02,DST08,717,TL,CARG,21419,CC-102
SHP02891,90107617,2025-04-26,2025-05-01,5,L022,FAC02,DST14,1906,TL,CARH,40926,CC-102
SHP02892,18163309,2025-04-26,2025-04-28,2,L011,FAC01,DST18,198,LTL,CARD,5332,CC-101
SHP02893,62968387,2025-04-26,2025-05-02,6,L059,FAC05,DST16,2236,LTL,CARB,677,CC-105
SHP02894,38331239,2025-04-26,2025-04-30,4,L017,FAC02,DST09,1090,LTL,CARE,1501,CC-102
SHP02895,63069744,2025-04-26,2025-05-02,6,L046,FAC04,DST14,1996,LTL,CARA,1017,CC-104
SHP02896,72417083,2025-04-26,2025-04-27,1,L052,FAC04,DST20,227,LTL,CARD,1196,CC-104
SHP02897,38735139,2025-04-26,2025-04-29,3,L045,FAC04,DST11,743,LTL,CARE,1534,CC-104
SHP02898,82903169,2025-04-27,2025-04-30,3,L001,FAC01,DST04,705,LTL,CARA,1129,CC-101
SHP02899,54245479,2025-04-27,2025-04-29,2,L021,FAC02,DST13,841,LTL,CARD,1951,CC-102
SHP02900,55118606,2025-04-27,2025-04-29,2,L051,FAC04,DST19,195,LTL,CARD,4075,CC-104
SHP02901,10872981,2025-04-27,2025-05-01,4,L003,FAC01,DST06,1183,LTL,CARD,299,CC-101
SHP02902,74985903,2025-04-27,2025-04-29,2,L037,FAC03,DST20,871,TL,CARG,21645,CC-103
SHP02903,82502984,2025-04-27,2025-04-30,3,L038,FAC04,DST01,571,LTL,CARB,5809,CC-104
SHP02904,90083316,2025-04-27,2025-05-01,4,L033,FAC03,DST14,1061,LTL,CARD,865,CC-103
SHP02905,50617448,2025-04-27,2025-04-29,2,L001,FAC01,DST04,705,LTL,CARC,1594,CC-101
SHP02906,76177103,2025-04-27,2025-05-03,6,L047,FAC04,DST15,2368,LTL,CARD,1081,CC-104
SHP02907,39868252,2025-04-27,2025-05-02,5,L059,FAC05,DST16,2236,LTL,CARA,756,CC-105
SHP02908,95391812,2025-04-27,2025-04-28,1,L015,FAC02,DST07,257,LTL,CARD,1508,CC-102
SHP02909,73485241,2025-04-27,2025-04-30,3,L021,FAC02,DST13,841,LTL,CARB,2099,CC-102
SHP02910,10888813,2025-04-27,2025-04-30,3,L036,FAC03,DST19,1283,LTL,CARC,894,CC-103
SHP02911,21729497,2025-04-27,2025-04-30,3,L023,FAC02,DST18,513,LTL,CARD,1979,CC-102
SHP02912,65542359,2025-04-27,2025-05-02,5,L049,FAC04,DST17,1818,LTL,CARA,2545,CC-104
SHP02913,32159534,2025-04-27,2025-04-29,2,L037,FAC03,DST20,871,LTL,CARE,535,CC-103
SHP02914,98018077,2025-04-27,2025-04-28,1,L023,FAC02,DST18,513,TL,CARF,16575,CC-102
SHP02915,68428029,2025-04-27,2025-05-01,4,L028,FAC03,DST04,1114,LTL,CARC,374,CC-103
SHP02916,90380758,2025-04-28,2025-05-01,3,L043,FAC04,DST09,753,LTL,CARE,3343,CC-104
SHP02917,42115040,2025-04-28,2025-05-01,3,L055,FAC05,DST06,820,LTL,CARE,5846,CC-105
SHP02918,95656239,2025-04-28,2025-05-02,4,L008,FAC01,DST14,1742,LTL,CARA,1431,CC-101
SHP02919,01166294,2025-04-28,2025-05-01,3,L016,FAC02,DST08,717,LTL,CARE,4594,CC-102
SHP02920,69163592,2025-04-28,2025-05-01,3,L004,FAC01,DST07,477,LTL,CARC,1048,CC-101
SHP02921,97233674,2025-04-28,2025-04-29,1,L015,FAC02,DST07,257,TL,CARH,38430,CC-102
SHP02922,65397658,2025-04-28,2025-05-01,3,L024,FAC02,DST19,626,LTL,CARC,1897,CC-102
SHP02923,17681938,2025-04-28,2025-04-29,1,L006,FAC01,DST10,315,LTL,CARB,681,CC-101
SHP02924,04271505,2025-04-28,2025-04-29,1,L025,FAC02,DST20,384,LTL,CARB,784,CC-102
SHP02925,99859308,2025-04-28,2025-04-30,2,L015,FAC02,DST07,257,LTL,CARB,1359,CC-102
SHP02926,51098374,2025-04-28,2025-05-01,3,L038,FAC04,DST01,571,LTL,CARB,1048,CC-104
SHP02927,36084233,2025-04-28,2025-05-01,3,L018,FAC02,DST10,561,TL,CARH,17666,CC-102
SHP02928,33884831,2025-04-28,2025-05-02,4,L040,FAC04,DST05,1193,LTL,CARC,4682,CC-104
SHP02929,17669408,2025-04-28,2025-05-04,6,L059,FAC05,DST16,2236,TL,CARH,15395,CC-105
SHP02930,30799470,2025-04-28,2025-05-01,3,L038,FAC04,DST01,571,LTL,CARB,1173,CC-104
SHP02931,39912813,2025-04-28,2025-05-01,3,L023,FAC02,DST18,513,LTL,CARB,3300,CC-102
SHP02932,97492726,2025-04-28,2025-05-01,3,L032,FAC03,DST11,545,LTL,CARC,1206,CC-103
SHP02933,59530280,2025-04-28,2025-05-02,4,L009,FAC01,DST16,2079,TL,CARG,17927,CC-101
SHP02934,63147792,2025-04-28,2025-05-02,4,L014,FAC02,DST03,1123,LTL,CARA,100,CC-102
SHP02935,13045281,2025-04-28,2025-04-29,1,L025,FAC02,DST20,384,LTL,CARB,563,CC-102
SHP02936,13627985,2025-04-28,2025-05-02,4,L040,FAC04,DST05,1193,LTL,CARC,5316,CC-104
SHP02937,36337289,2025-04-28,2025-05-02,4,L036,FAC03,DST19,1283,TL,CARF,18254,CC-103
SHP02938,51527736,2025-04-28,2025-05-04,6,L047,FAC04,DST15,2368,TL,CARF,34490,CC-104
SHP02939,67737058,2025-04-28,2025-05-01,3,L043,FAC04,DST09,753,LTL,CARC,783,CC-104
SHP02940,24389005,2025-04-28,2025-04-30,2,L054,FAC05,DST04,624,LTL,CARB,911,CC-105
SHP02941,10502652,2025-04-28,2025-05-01,3,L044,FAC04,DST10,475,LTL,CARE,739,CC-104
SHP02942,51499164,2025-04-28,2025-05-01,3,L054,FAC05,DST04,624,LTL,CARE,1310,CC-105
SHP02943,40995911,2025-04-28,2025-04-30,2,L038,FAC04,DST01,571,LTL,CARD,1611,CC-104
SHP02944,61519033,2025-04-29,2025-05-01,2,L032,FAC03,DST11,545,LTL,CARD,246,CC-103
SHP02945,95768273,2025-04-29,2025-05-05,6,L009,FAC01,DST16,2079,LTL,CARE,772,CC-101
SHP02946,30417002,2025-04-29,2025-05-05,6,L047,FAC04,DST15,2368,LTL,CARC,674,CC-104
SHP02947,56869224,2025-04-29,2025-05-02,3,L044,FAC04,DST10,475,LTL,CARB,850,CC-104
SHP02948,87079834,2025-04-29,2025-05-05,6,L022,FAC02,DST14,1906,LTL,CARC,1469,CC-102
SHP02949,44794189,2025-04-29,2025-05-01,2,L051,FAC04,DST19,195,LTL,CARD,1755,CC-104
SHP02950,21593823,2025-04-29,2025-05-05,6,L049,FAC04,DST17,1818,LTL,CARC,4725,CC-104
SHP02951,68929066,2025-04-29,2025-05-02,3,L001,FAC01,DST04,705,LTL,CARA,520,CC-101
SHP02952,17215379,2025-04-29,2025-05-01,2,L050,FAC04,DST18,202,LTL,CARD,517,CC-104
SHP02953,29592110,2025-04-29,2025-05-01,2,L039,FAC04,DST03,771,LTL,CARA,955,CC-104
SHP02954,12252365,2025-04-29,2025-05-03,4,L036,FAC03,DST19,1283,LTL,CARC,824,CC-103
SHP02955,24102352,2025-04-29,2025-05-03,4,L020,FAC02,DST12,1452,TL,CARG,41154,CC-102
SHP02956,21418588,2025-04-29,2025-05-01,2,L038,FAC04,DST01,571,LTL,CARD,4426,CC-104
SHP02957,45078481,2025-04-29,2025-05-02,3,L021,FAC02,DST13,841,LTL,CARD,1381,CC-102
SHP02958,85584609,2025-04-29,2025-05-04,5,L035,FAC03,DST16,2015,LTL,CARA,607,CC-103
SHP02959,66751392,2025-04-29,2025-05-02,3,L023,FAC02,DST18,513,LTL,CARD,839,CC-102
SHP02960,56760819,2025-04-29,2025-05-01,2,L057,FAC05,DST10,289,LTL,CARC,4321,CC-105
SHP02961,34008389,2025-04-29,2025-05-01,2,L043,FAC04,DST09,753,LTL,CARC,1059,CC-104
SHP02962,40592115,2025-04-29,2025-05-02,3,L036,FAC03,DST19,1283,LTL,CARD,713,CC-103
SHP02963,73870165,2025-04-29,2025-05-03,4,L036,FAC03,DST19,1283,TL,CARF,36183,CC-103
SHP02964,37910911,2025-04-29,2025-05-01,2,L018,FAC02,DST10,561,LTL,CARE,676,CC-102
SHP02965,54904479,2025-04-29,2025-05-01,2,L012,FAC01,DST20,323,TL,CARF,15503,CC-101
SHP02966,36427405,2025-04-29,2025-05-02,3,L038,FAC04,DST01,571,LTL,CARB,775,CC-104
SHP02967,51341901,2025-04-29,2025-05-02,3,L036,FAC03,DST19,1283,LTL,CARC,1137,CC-103
SHP02968,81914482,2025-04-30,2025-05-03,3,L019,FAC02,DST11,811,LTL,CARD,500,CC-102
SHP02969,98115917,2025-04-30,2025-05-02,2,L015,FAC02,DST07,257,LTL,CARD,747,CC-102
SHP02970,07583507,2025-04-30,2025-05-06,6,L048,FAC04,DST16,2410,LTL,CARC,2086,CC-104
SHP02971,43513361,2025-04-30,2025-05-03,3,L004,FAC01,DST07,477,LTL,CARA,1616,CC-101
SHP02972,68069863,2025-04-30,2025-05-03,3,L043,FAC04,DST09,753,LTL,CARE,243,CC-104
SHP02973,09625529,2025-04-30,2025-05-02,2,L060,FAC05,DST19,791,LTL,CARD,574,CC-105
SHP02974,61330737,2025-04-30,2025-05-03,3,L036,FAC03,DST19,1283,TL,CARF,38874,CC-103
SHP02975,42110604,2025-04-30,2025-05-04,4,L020,FAC02,DST12,1452,LTL,CARB,7500,CC-102
SHP02976,54836022,2025-04-30,2025-05-02,2,L038,FAC04,DST01,571,LTL,CARB,3069,CC-104
SHP02977,12542369,2025-04-30,2025-05-03,3,L030,FAC03,DST08,1199,LTL,CARD,173,CC-103
SHP02978,77301644,2025-04-30,2025-05-02,2,L019,FAC02,DST11,811,LTL,CARC,1297,CC-102
SHP02979,02323243,2025-04-30,2025-05-02,2,L051,FAC04,DST19,195,LTL,CARB,4561,CC-104
SHP02980,04819797,2025-04-30,2025-05-02,2,L054,FAC05,DST04,624,LTL,CARB,419,CC-105
SHP02981,80924433,2025-04-30,2025-05-01,1,L050,FAC04,DST18,202,TL,CARH,34229,CC-104
SHP02982,95378391,2025-04-30,2025-05-03,3,L031,FAC03,DST10,657,LTL,CARA,378,CC-103
SHP02983,73415826,2025-04-30,2025-05-05,5,L046,FAC04,DST14,1996,TL,CARF,28565,CC-104
SHP02984,12951236,2025-04-30,2025-05-07,7,L047,FAC04,DST15,2368,LTL,CARD,3071,CC-104
SHP02985,36611055,2025-04-30,2025-05-06,6,L035,FAC03,DST16,2015,LTL,CARD,520,CC-103
SHP02986,40913088,2025-04-30,2025-05-02,2,L006,FAC01,DST10,315,LTL,CARB,3287,CC-101
SHP02987,06731567,2025-04-30,2025-05-02,2,L016,FAC02,DST08,717,LTL,CARE,1680,CC-102
SHP02988,94918359,2025-04-30,2025-05-02,2,L021,FAC02,DST13,841,LTL,CARD,3767,CC-102
SHP02989,47509668,2025-04-30,2025-05-02,2,L055,FAC05,DST06,820,TL,CARF,29567,CC-105
SHP02990,26011016,2025-04-30,2025-05-01,1,L006,FAC01,DST10,315,LTL,CARE,2132,CC-101
SHP02991,03917958,2025-04-30,2025-05-05,5,L027,FAC03,DST03,1859,LTL,CARD,588,CC-103
SHP02992,89501889,2025-04-30,2025-05-05,5,L022,FAC02,DST14,1906,TL,CARH,37716,CC-102
SHP02993,27559874,2025-04-30,2025-05-06,6,L027,FAC03,DST03,1859,LTL,CARA,2485,CC-103
SHP02994,18089729,2025-04-30,2025-05-05,5,L059,FAC05,DST16,2236,LTL,CARB,341,CC-105
SHP02995,51698992,2025-04-30,2025-05-03,3,L014,FAC02,DST03,1123,LTL,CARD,778,CC-102
SHP02996,74552397,2025-04-30,2025-05-02,2,L038,FAC04,DST01,571,LTL,CARB,759,CC-104
SHP02997,23874411,2025-04-30,2025-05-03,3,L029,FAC03,DST05,1333,LTL,CARD,1195,CC-103
SHP02998,16843526,2025-04-30,2025-05-05,5,L022,FAC02,DST14,1906,LTL,CARC,2916,CC-102
SHP02999,74924941,2025-04-30,2025-05-02,2,L018,FAC02,DST10,561,LTL,CARB,4514,CC-102
SHP03000,76060647,2025-04-30,2025-05-02,2,L001,FAC01,DST04,705,LTL,CARC,5480,CC-101
SHP03001,16176367,2025-05-01,2025-05-04,3,L002,FAC01,DST05,1430,TL,CARF,39318,CC-101
SHP03002,89211498,2025-05-01,2025-05-03,2,L021,FAC02,DST13,841,LTL,CARB,773,CC-102
SHP03003,01683936,2025-05-01,2025-05-03,2,L005,FAC01,DST08,284,LTL,CARB,2342,CC-101
SHP03004,48069983,2025-05-01,2025-05-04,3,L001,FAC01,DST04,705,LTL,CARA,788,CC-101
SHP03005,29821896,2025-05-01,2025-05-04,3,L045,FAC04,DST11,743,TL,CARF,22212,CC-104
SHP03006,36238742,2025-05-01,2025-05-05,4,L014,FAC02,DST03,1123,LTL,CARA,1039,CC-102
SHP03007,23452144,2025-05-01,2025-05-03,2,L005,FAC01,DST08,284,LTL,CARD,3876,CC-101
SHP03008,45134523,2025-05-01,2025-05-03,2,L057,FAC05,DST10,289,LTL,CARE,738,CC-105
SHP03009,25308026,2025-05-01,2025-05-05,4,L008,FAC01,DST14,1742,LTL,CARA,994,CC-101
SHP03010,44669852,2025-05-01,2025-05-03,2,L058,FAC05,DST13,581,LTL,CARD,704,CC-105
SHP03011,05220901,2025-05-01,2025-05-06,5,L049,FAC04,DST17,1818,LTL,CARC,748,CC-104
SHP03012,76002671,2025-05-01,2025-05-04,3,L019,FAC02,DST11,811,LTL,CARC,496,CC-102
SHP03013,55689702,2025-05-01,2025-05-07,6,L027,FAC03,DST03,1859,LTL,CARA,806,CC-103
SHP03014,06912493,2025-05-01,2025-05-03,2,L037,FAC03,DST20,871,LTL,CARE,507,CC-103
SHP03015,52766162,2025-05-01,2025-05-03,2,L018,FAC02,DST10,561,LTL,CARB,947,CC-102
SHP03016,76846812,2025-05-01,2025-05-03,2,L013,FAC02,DST02,798,LTL,CARA,2834,CC-102
SHP03017,50683620,2025-05-01,2025-05-05,4,L010,FAC01,DST17,1508,LTL,CARC,666,CC-101
SHP03018,89932227,2025-05-01,2025-05-06,5,L020,FAC02,DST12,1452,LTL,CARA,1187,CC-102
SHP03019,57272254,2025-05-01,2025-05-03,2,L004,FAC01,DST07,477,LTL,CARC,6909,CC-101
SHP03020,38575854,2025-05-01,2025-05-04,3,L055,FAC05,DST06,820,TL,CARF,17115,CC-105
SHP03021,75592433,2025-05-01,2025-05-03,2,L044,FAC04,DST10,475,LTL,CARB,2730,CC-104
SHP03022,24803528,2025-05-01,2025-05-04,3,L030,FAC03,DST08,1199,LTL,CARC,7500,CC-103
SHP03023,33131428,2025-05-01,2025-05-06,5,L022,FAC02,DST14,1906,LTL,CARE,1081,CC-102
SHP03024,22273963,2025-05-01,2025-05-04,3,L044,FAC04,DST10,475,LTL,CARB,490,CC-104
SHP03025,27334377,2025-05-01,2025-05-05,4,L008,FAC01,DST14,1742,LTL,CARA,1511,CC-101
SHP03026,75311750,2025-05-01,2025-05-04,3,L017,FAC02,DST09,1090,LTL,CARC,538,CC-102
SHP03027,75297087,2025-05-01,2025-05-04,3,L004,FAC01,DST07,477,LTL,CARA,1231,CC-101
SHP03028,23194049,2025-05-01,2025-05-03,2,L045,FAC04,DST11,743,LTL,CARC,3185,CC-104
SHP03029,41945981,2025-05-01,2025-05-03,2,L052,FAC04,DST20,227,LTL,CARD,1291,CC-104
SHP03030,66836861,2025-05-01,2025-05-03,2,L031,FAC03,DST10,657,LTL,CARA,856,CC-103
SHP03031,00703901,2025-05-02,2025-05-04,2,L005,FAC01,DST08,284,LTL,CARB,259,CC-101
SHP03032,75790342,2025-05-02,2025-05-05,3,L058,FAC05,DST13,581,LTL,CARA,2412,CC-105
SHP03033,18854175,2025-05-02,2025-05-03,1,L025,FAC02,DST20,384,LTL,CARA,1838,CC-102
SHP03034,26164877,2025-05-02,2025-05-07,5,L009,FAC01,DST16,2079,TL,CARG,22992,CC-101
SHP03035,23838647,2025-05-02,2025-05-06,4,L033,FAC03,DST14,1061,LTL,CARD,165,CC-103
SHP03036,29245222,2025-05-02,2025-05-04,2,L055,FAC05,DST06,820,TL,CARF,29842,CC-105
SHP03037,44419124,2025-05-02,2025-05-05,3,L029,FAC03,DST05,1333,TL,CARG,16274,CC-103
SHP03038,22925630,2025-05-02,2025-05-04,2,L042,FAC04,DST08,197,LTL,CARB,1156,CC-104
SHP03039,03531840,2025-05-02,2025-05-05,3,L001,FAC01,DST04,705,LTL,CARC,2981,CC-101
SHP03040,91174176,2025-05-02,2025-05-06,4,L002,FAC01,DST05,1430,LTL,CARE,577,CC-101
SHP03041,20417157,2025-05-02,2025-05-05,3,L030,FAC03,DST08,1199,LTL,CARC,1524,CC-103
SHP03042,70450784,2025-05-02,2025-05-04,2,L019,FAC02,DST11,811,LTL,CARD,3381,CC-102
SHP03043,47967350,2025-05-02,2025-05-05,3,L045,FAC04,DST11,743,LTL,CARE,1547,CC-104
SHP03044,41384470,2025-05-02,2025-05-07,5,L010,FAC01,DST17,1508,LTL,CARC,3026,CC-101
SHP03045,22449850,2025-05-02,2025-05-06,4,L002,FAC01,DST05,1430,LTL,CARE,643,CC-101
SHP03046,73949583,2025-05-02,2025-05-03,1,L011,FAC01,DST18,198,LTL,CARD,1574,CC-101
SHP03047,71136936,2025-05-02,2025-05-04,2,L012,FAC01,DST20,323,LTL,CARC,1372,CC-101
SHP03048,73483080,2025-05-02,2025-05-06,4,L030,FAC03,DST08,1199,LTL,CARD,288,CC-103
SHP03049,40382411,2025-05-02,2025-05-04,2,L012,FAC01,DST20,323,LTL,CARC,1537,CC-101
SHP03050,23583316,2025-05-02,2025-05-04,2,L018,FAC02,DST10,561,LTL,CARB,2334,CC-102
SHP03051,65889981,2025-05-02,2025-05-04,2,L043,FAC04,DST09,753,LTL,CARE,1311,CC-104
SHP03052,36629397,2025-05-02,2025-05-06,4,L014,FAC02,DST03,1123,LTL,CARD,344,CC-102
SHP03053,03785197,2025-05-02,2025-05-07,5,L046,FAC04,DST14,1996,LTL,CARA,2505,CC-104
SHP03054,81805429,2025-05-02,2025-05-05,3,L060,FAC05,DST19,791,LTL,CARA,3883,CC-105
SHP03055,31765353,2025-05-02,2025-05-03,1,L005,FAC01,DST08,284,TL,CARG,19016,CC-101
SHP03056,65294044,2025-05-02,2025-05-05,3,L003,FAC01,DST06,1183,LTL,CARC,1485,CC-101
SHP03057,40140437,2025-05-02,2025-05-05,3,L003,FAC01,DST06,1183,LTL,CARD,262,CC-101
SHP03058,09350394,2025-05-02,2025-05-09,7,L047,FAC04,DST15,2368,LTL,CARC,568,CC-104
SHP03059,18268029,2025-05-02,2025-05-07,5,L027,FAC03,DST03,1859,LTL,CARA,1113,CC-103
SHP03060,93488883,2025-05-02,2025-05-06,4,L040,FAC04,DST05,1193,LTL,CARB,517,CC-104
SHP03061,79203883,2025-05-02,2025-05-06,4,L008,FAC01,DST14,1742,LTL,CARE,1290,CC-101
SHP03062,98081676,2025-05-02,2025-05-06,4,L008,FAC01,DST14,1742,LTL,CARE,1471,CC-101
SHP03063,53762017,2025-05-02,2025-05-04,2,L033,FAC03,DST14,1061,TL,CARF,31275,CC-103
SHP03064,00820899,2025-05-02,2025-05-03,1,L056,FAC05,DST07,236,LTL,CARE,2248,CC-105
SHP03065,29570220,2025-05-02,2025-05-04,2,L060,FAC05,DST19,791,LTL,CARA,526,CC-105
SHP03066,03481941,2025-05-02,2025-05-06,4,L046,FAC04,DST14,1996,TL,CARF,21760,CC-104
SHP03067,72012490,2025-05-02,2025-05-04,2,L039,FAC04,DST03,771,LTL,CARA,1139,CC-104
SHP03068,61721032,2025-05-03,2025-05-09,6,L059,FAC05,DST16,2236,LTL,CARA,3557,CC-105
SHP03069,52302686,2025-05-03,2025-05-06,3,L032,FAC03,DST11,545,LTL,CARD,623,CC-103
SHP03070,57313327,2025-05-03,2025-05-06,3,L004,FAC01,DST07,477,LTL,CARC,1121,CC-101
SHP03071,23521371,2025-05-03,2025-05-06,3,L036,FAC03,DST19,1283,LTL,CARC,658,CC-103
SHP03072,92839258,2025-05-03,2025-05-05,2,L052,FAC04,DST20,227,LTL,CARE,2260,CC-104
SHP03073,45934083,2025-05-03,2025-05-06,3,L017,FAC02,DST09,1090,LTL,CARC,700,CC-102
SHP03074,82363986,2025-05-03,2025-05-08,5,L034,FAC03,DST15,1485,LTL,CARA,2601,CC-103
SHP03075,90803926,2025-05-03,2025-05-05,2,L021,FAC02,DST13,841,LTL,CARD,453,CC-102
SHP03076,29452120,2025-05-03,2025-05-06,3,L037,FAC03,DST20,871,LTL,CARD,2533,CC-103
SHP03077,50078137,2025-05-03,2025-05-07,4,L008,FAC01,DST14,1742,LTL,CARA,1336,CC-101
SHP03078,41011336,2025-05-03,2025-05-10,7,L048,FAC04,DST16,2410,LTL,CARC,1711,CC-104
SHP03079,15728401,2025-05-03,2025-05-04,1,L005,FAC01,DST08,284,LTL,CARB,330,CC-101
SHP03080,35566739,2025-05-03,2025-05-07,4,L020,FAC02,DST12,1452,TL,CARG,37597,CC-102
SHP03081,03876157,2025-05-03,2025-05-05,2,L012,FAC01,DST20,323,LTL,CARC,377,CC-101
SHP03082,39308476,2025-05-03,2025-05-07,4,L002,FAC01,DST05,1430,LTL,CARB,1200,CC-101
SHP03083,64505051,2025-05-03,2025-05-08,5,L022,FAC02,DST14,1906,LTL,CARC,588,CC-102
SHP03084,37650363,2025-05-03,2025-05-05,2,L055,FAC05,DST06,820,LTL,CARD,2652,CC-105
SHP03085,19515912,2025-05-03,2025-05-07,4,L020,FAC02,DST12,1452,LTL,CARA,425,CC-102
SHP03086,92513424,2025-05-03,2025-05-06,3,L039,FAC04,DST03,771,LTL,CARA,1014,CC-104
SHP03087,09653695,2025-05-03,2025-05-09,6,L049,FAC04,DST17,1818,LTL,CARC,1366,CC-104
SHP03088,83220178,2025-05-03,2025-05-05,2,L017,FAC02,DST09,1090,TL,CARF,39467,CC-102
SHP03089,83214557,2025-05-03,2025-05-07,4,L003,FAC01,DST06,1183,LTL,CARC,386,CC-101
SHP03090,52516987,2025-05-03,2025-05-05,2,L056,FAC05,DST07,236,LTL,CARE,761,CC-105
SHP03091,20684902,2025-05-03,2025-05-04,1,L056,FAC05,DST07,236,LTL,CARD,6753,CC-105
SHP03092,77851140,2025-05-03,2025-05-06,3,L055,FAC05,DST06,820,LTL,CARD,1748,CC-105
SHP03093,23993906,2025-05-03,2025-05-06,3,L018,FAC02,DST10,561,LTL,CARB,1235,CC-102
SHP03094,99157106,2025-05-03,2025-05-07,4,L033,FAC03,DST14,1061,LTL,CARD,779,CC-103
SHP03095,80661274,2025-05-03,2025-05-07,4,L034,FAC03,DST15,1485,LTL,CARB,715,CC-103
SHP03096,25338458,2025-05-03,2025-05-06,3,L016,FAC02,DST08,717,LTL,CARC,1613,CC-102
SHP03097,57006601,2025-05-03,2025-05-06,3,L014,FAC02,DST03,1123,LTL,CARA,2204,CC-102
SHP03098,96020581,2025-05-03,2025-05-06,3,L028,FAC03,DST04,1114,TL,CARG,28266,CC-103
SHP03099,82807128,2025-05-03,2025-05-06,3,L060,FAC05,DST19,791,LTL,CARA,1368,CC-105
SHP03100,54602693,2025-05-04,2025-05-10,6,L059,FAC05,DST16,2236,LTL,CARB,2565,CC-105
SHP03101,04746484,2025-05-04,2025-05-07,3,L010,FAC01,DST17,1508,TL,CARG,15176,CC-101
SHP03102,79486669,2025-05-04,2025-05-06,2,L031,FAC03,DST10,657,LTL,CARA,691,CC-103
SHP03103,15200773,2025-05-04,2025-05-06,2,L060,FAC05,DST19,791,LTL,CARD,1854,CC-105
SHP03104,93065876,2025-05-04,2025-05-06,2,L037,FAC03,DST20,871,TL,CARG,31529,CC-103
SHP03105,01962914,2025-05-04,2025-05-06,2,L043,FAC04,DST09,753,LTL,CARE,4279,CC-104
SHP03106,89829032,2025-05-04,2025-05-06,2,L015,FAC02,DST07,257,LTL,CARD,509,CC-102
SHP03107,83829209,2025-05-04,2025-05-06,2,L056,FAC05,DST07,236,LTL,CARE,5535,CC-105
SHP03108,40004863,2025-05-04,2025-05-08,4,L014,FAC02,DST03,1123,LTL,CARA,599,CC-102
SHP03109,82329476,2025-05-04,2025-05-06,2,L015,FAC02,DST07,257,LTL,CARB,844,CC-102
SHP03110,62985019,2025-05-04,2025-05-06,2,L052,FAC04,DST20,227,TL,CARF,31702,CC-104
SHP03111,21485631,2025-05-04,2025-05-06,2,L032,FAC03,DST11,545,LTL,CARC,2538,CC-103
SHP03112,47570256,2025-05-04,2025-05-07,3,L023,FAC02,DST18,513,LTL,CARB,1225,CC-102
SHP03113,58201184,2025-05-04,2025-05-07,3,L060,FAC05,DST19,791,LTL,CARA,1449,CC-105
SHP03114,18672422,2025-05-04,2025-05-06,2,L038,FAC04,DST01,571,TL,CARF,28768,CC-104
SHP03115,43787869,2025-05-04,2025-05-05,1,L042,FAC04,DST08,197,LTL,CARC,5742,CC-104
SHP03116,16064976,2025-05-04,2025-05-11,7,L047,FAC04,DST15,2368,LTL,CARC,2458,CC-104
SHP03117,60555778,2025-05-04,2025-05-07,3,L058,FAC05,DST13,581,LTL,CARA,1293,CC-105
SHP03118,80716737,2025-05-04,2025-05-06,2,L019,FAC02,DST11,811,TL,CARH,38042,CC-102
SHP03119,87133704,2025-05-04,2025-05-06,2,L004,FAC01,DST07,477,LTL,CARA,406,CC-101
SHP03120,79860030,2025-05-04,2025-05-06,2,L005,FAC01,DST08,284,LTL,CARD,2781,CC-101
SHP03121,10916967,2025-05-04,2025-05-08,4,L002,FAC01,DST05,1430,LTL,CARB,1618,CC-101
SHP03122,32783113,2025-05-04,2025-05-07,3,L024,FAC02,DST19,626,LTL,CARC,675,CC-102
SHP03123,72927073,2025-05-04,2025-05-09,5,L022,FAC02,DST14,1906,LTL,CARC,737,CC-102
SHP03124,08850329,2025-05-04,2025-05-08,4,L026,FAC03,DST02,1557,LTL,CARA,634,CC-103
SHP03125,75045854,2025-05-04,2025-05-06,2,L037,FAC03,DST20,871,LTL,CARE,1902,CC-103
SHP03126,57849835,2025-05-04,2025-05-07,3,L032,FAC03,DST11,545,LTL,CARD,1172,CC-103
SHP03127,79943092,2025-05-04,2025-05-07,3,L030,FAC03,DST08,1199,LTL,CARD,1764,CC-103
SHP03128,66821404,2025-05-04,2025-05-06,2,L060,FAC05,DST19,791,LTL,CARA,1693,CC-105
SHP03129,22294929,2025-05-04,2025-05-05,1,L051,FAC04,DST19,195,LTL,CARB,1888,CC-104
SHP03130,76387361,2025-05-04,2025-05-07,3,L007,FAC01,DST12,1102,TL,CARF,38572,CC-101
SHP03131,96428775,2025-05-04,2025-05-06,2,L032,FAC03,DST11,545,TL,CARH,37845,CC-103
SHP03132,26177736,2025-05-04,2025-05-07,3,L030,FAC03,DST08,1199,LTL,CARD,1445,CC-103
SHP03133,13500978,2025-05-04,2025-05-05,1,L042,FAC04,DST08,197,LTL,CARB,546,CC-104
SHP03134,23817016,2025-05-04,2025-05-09,5,L049,FAC04,DST17,1818,LTL,CARA,1107,CC-104
SHP03135,79254054,2025-05-05,2025-05-07,2,L001,FAC01,DST04,705,LTL,CARC,341,CC-101
SHP03136,17817000,2025-05-05,2025-05-08,3,L033,FAC03,DST14,1061,LTL,CARB,792,CC-103
SHP03137,40090751,2025-05-05,2025-05-07,2,L001,FAC01,DST04,705,TL,CARG,29541,CC-101
SHP03138,45020880,2025-05-05,2025-05-10,5,L049,FAC04,DST17,1818,TL,CARF,15643,CC-104
SHP03139,25813187,2025-05-05,2025-05-07,2,L031,FAC03,DST10,657,LTL,CARA,4054,CC-103
SHP03140,57546428,2025-05-05,2025-05-07,2,L019,FAC02,DST11,811,TL,CARH,27641,CC-102
SHP03141,93020477,2025-05-05,2025-05-08,3,L036,FAC03,DST19,1283,LTL,CARD,2799,CC-103
SHP03142,98742248,2025-05-05,2025-05-07,2,L016,FAC02,DST08,717,LTL,CARE,382,CC-102
SHP03143,70850914,2025-05-05,2025-05-10,5,L022,FAC02,DST14,1906,TL,CARH,24087,CC-102
SHP03144,34804219,2025-05-05,2025-05-06,1,L005,FAC01,DST08,284,LTL,CARB,2941,CC-101
SHP03145,62718924,2025-05-05,2025-05-08,3,L039,FAC04,DST03,771,LTL,CARA,647,CC-104
SHP03146,21777875,2025-05-05,2025-05-11,6,L022,FAC02,DST14,1906,LTL,CARE,1099,CC-102
SHP03147,45034287,2025-05-05,2025-05-06,1,L011,FAC01,DST18,198,LTL,CARE,2852,CC-101
SHP03148,32303555,2025-05-05,2025-05-10,5,L022,FAC02,DST14,1906,LTL,CARE,3586,CC-102
SHP03149,90905635,2025-05-05,2025-05-09,4,L033,FAC03,DST14,1061,LTL,CARB,2394,CC-103
SHP03150,38558141,2025-05-05,2025-05-08,3,L036,FAC03,DST19,1283,LTL,CARC,919,CC-103
SHP03151,37524145,2025-05-05,2025-05-11,6,L009,FAC01,DST16,2079,LTL,CARB,1981,CC-101
SHP03152,38690964,2025-05-05,2025-05-06,1,L005,FAC01,DST08,284,LTL,CARB,7500,CC-101
SHP03153,45857082,2025-05-05,2025-05-08,3,L040,FAC04,DST05,1193,LTL,CARC,990,CC-104
SHP03154,97549876,2025-05-05,2025-05-08,3,L040,FAC04,DST05,1193,LTL,CARC,1138,CC-104
SHP03155,73134202,2025-05-05,2025-05-11,6,L009,FAC01,DST16,2079,LTL,CARB,1195,CC-101
SHP03156,72924344,2025-05-05,2025-05-10,5,L026,FAC03,DST02,1557,LTL,CARA,1611,CC-103
SHP03157,76617392,2025-05-05,2025-05-07,2,L057,FAC05,DST10,289,LTL,CARE,2579,CC-105
SHP03158,18777246,2025-05-05,2025-05-08,3,L043,FAC04,DST09,753,LTL,CARC,5091,CC-104
SHP03159,41013194,2025-05-05,2025-05-10,5,L010,FAC01,DST17,1508,LTL,CARC,1105,CC-101
SHP03160,43985377,2025-05-05,2025-05-06,1,L050,FAC04,DST18,202,LTL,CARC,304,CC-104
SHP03161,46681947,2025-05-06,2025-05-11,5,L035,FAC03,DST16,2015,LTL,CARD,549,CC-103
SHP03162,40333679,2025-05-06,2025-05-11,5,L020,FAC02,DST12,1452,LTL,CARB,1660,CC-102
SHP03163,62049745,2025-05-06,2025-05-12,6,L047,FAC04,DST15,2368,LTL,CARC,1830,CC-104
SHP03164,75438850,2025-05-06,2025-05-09,3,L060,FAC05,DST19,791,LTL,CARD,1104,CC-105
SHP03165,57885554,2025-05-06,2025-05-08,2,L013,FAC02,DST02,798,TL,CARF,34311,CC-102
SHP03166,44520336,2025-05-06,2025-05-11,5,L009,FAC01,DST16,2079,LTL,CARB,423,CC-101
SHP03167,64342485,2025-05-06,2025-05-07,1,L041,FAC04,DST07,400,LTL,CARB,713,CC-104
SHP03168,62018200,2025-05-06,2025-05-10,4,L053,FAC05,DST03,1362,LTL,CARA,2287,CC-105
SHP03169,43177266,2025-05-06,2025-05-09,3,L021,FAC02,DST13,841,LTL,CARB,1875,CC-102
SHP03170,92351867,2025-05-06,2025-05-09,3,L004,FAC01,DST07,477,LTL,CARA,552,CC-101
SHP03171,29227467,2025-05-06,2025-05-08,2,L023,FAC02,DST18,513,LTL,CARD,1492,CC-102
SHP03172,40325599,2025-05-06,2025-05-07,1,L025,FAC02,DST20,384,LTL,CARB,640,CC-102
SHP03173,22337702,2025-05-06,2025-05-10,4,L034,FAC03,DST15,1485,LTL,CARB,2643,CC-103
SHP03174,59804883,2025-05-06,2025-05-09,3,L019,FAC02,DST11,811,LTL,CARC,819,CC-102
SHP03175,38030197,2025-05-06,2025-05-11,5,L059,FAC05,DST16,2236,LTL,CARA,362,CC-105
SHP03176,92511442,2025-05-06,2025-05-11,5,L009,FAC01,DST16,2079,LTL,CARB,356,CC-101
SHP03177,26408801,2025-05-06,2025-05-08,2,L043,FAC04,DST09,753,LTL,CARC,2193,CC-104
SHP03178,53258302,2025-05-06,2025-05-08,2,L006,FAC01,DST10,315,TL,CARF,16600,CC-101
SHP03179,44385508,2025-05-06,2025-05-09,3,L013,FAC02,DST02,798,LTL,CARA,133,CC-102
SHP03180,97439192,2025-05-06,2025-05-09,3,L038,FAC04,DST01,571,LTL,CARD,1475,CC-104
SHP03181,46168312,2025-05-06,2025-05-11,5,L053,FAC05,DST03,1362,LTL,CARA,499,CC-105
SHP03182,65007448,2025-05-06,2025-05-09,3,L033,FAC03,DST14,1061,LTL,CARB,1293,CC-103
SHP03183,32968846,2025-05-06,2025-05-11,5,L026,FAC03,DST02,1557,LTL,CARD,1892,CC-103
SHP03184,25358794,2025-05-06,2025-05-10,4,L020,FAC02,DST12,1452,TL,CARG,21157,CC-102
SHP03185,70594770,2025-05-06,2025-05-11,5,L026,FAC03,DST02,1557,LTL,CARD,1681,CC-103
SHP03186,06623859,2025-05-06,2025-05-09,3,L029,FAC03,DST05,1333,LTL,CARA,1810,CC-103
SHP03187,72395363,2025-05-06,2025-05-09,3,L017,FAC02,DST09,1090,LTL,CARC,510,CC-102
SHP03188,56697883,2025-05-07,2025-05-10,3,L024,FAC02,DST19,626,LTL,CARC,1125,CC-102
SHP03189,08359253,2025-05-07,2025-05-10,3,L060,FAC05,DST19,791,TL,CARF,35138,CC-105
SHP03190,90523405,2025-05-07,2025-05-10,3,L019,FAC02,DST11,811,LTL,CARD,729,CC-102
SHP03191,48366798,2025-05-07,2025-05-09,2,L018,FAC02,DST10,561,LTL,CARB,563,CC-102
SHP03192,09846974,2025-05-07,2025-05-09,2,L051,FAC04,DST19,195,TL,CARG,40996,CC-104
SHP03193,36985654,2025-05-07,2025-05-13,6,L047,FAC04,DST15,2368,TL,CARF,37455,CC-104
SHP03194,02199672,2025-05-07,2025-05-10,3,L028,FAC03,DST04,1114,TL,CARG,26627,CC-103
SHP03195,11845184,2025-05-07,2025-05-10,3,L060,FAC05,DST19,791,LTL,CARD,1736,CC-105
SHP03196,63044481,2025-05-07,2025-05-11,4,L040,FAC04,DST05,1193,LTL,CARB,924,CC-104
SHP03197,34129265,2025-05-07,2025-05-08,1,L056,FAC05,DST07,236,LTL,CARE,315,CC-105
SHP03198,97001286,2025-05-07,2025-05-12,5,L035,FAC03,DST16,2015,LTL,CARD,1067,CC-103
SHP03199,54878877,2025-05-07,2025-05-08,1,L012,FAC01,DST20,323,LTL,CARB,7500,CC-101
SHP03200,64917962,2025-05-07,2025-05-13,6,L048,FAC04,DST16,2410,LTL,CARB,1167,CC-104
SHP03201,86368222,2025-05-07,2025-05-10,3,L007,FAC01,DST12,1102,LTL,CARE,2259,CC-101
SHP03202,29544768,2025-05-07,2025-05-12,5,L059,FAC05,DST16,2236,LTL,CARB,1894,CC-105
SHP03203,91142778,2025-05-07,2025-05-12,5,L026,FAC03,DST02,1557,LTL,CARD,1417,CC-103
SHP03204,08358647,2025-05-07,2025-05-08,1,L012,FAC01,DST20,323,TL,CARF,16127,CC-101
SHP03205,64105903,2025-05-07,2025-05-10,3,L058,FAC05,DST13,581,LTL,CARD,1861,CC-105
SHP03206,51797526,2025-05-07,2025-05-09,2,L058,FAC05,DST13,581,LTL,CARD,325,CC-105
SHP03207,45444854,2025-05-07,2025-05-12,5,L022,FAC02,DST14,1906,LTL,CARE,514,CC-102
SHP03208,50640089,2025-05-07,2025-05-12,5,L049,FAC04,DST17,1818,LTL,CARA,1386,CC-104
SHP03209,28395815,2025-05-07,2025-05-11,4,L010,FAC01,DST17,1508,LTL,CARC,2716,CC-101
SHP03210,79850899,2025-05-07,2025-05-08,1,L012,FAC01,DST20,323,TL,CARF,18408,CC-101
SHP03211,80972981,2025-05-07,2025-05-10,3,L043,FAC04,DST09,753,LTL,CARE,4857,CC-104
SHP03212,27539305,2025-05-08,2025-05-11,3,L029,FAC03,DST05,1333,LTL,CARD,1689,CC-103
SHP03213,60443428,2025-05-08,2025-05-12,4,L014,FAC02,DST03,1123,LTL,CARD,936,CC-102
SHP03214,23515026,2025-05-08,2025-05-12,4,L028,FAC03,DST04,1114,LTL,CARC,2298,CC-103
SHP03215,98304742,2025-05-08,2025-05-11,3,L001,FAC01,DST04,705,LTL,CARC,770,CC-101
SHP03216,62942768,2025-05-08,2025-05-14,6,L048,FAC04,DST16,2410,LTL,CARB,1006,CC-104
SHP03217,83642326,2025-05-08,2025-05-11,3,L040,FAC04,DST05,1193,LTL,CARB,2162,CC-104
SHP03218,35414602,2025-05-08,2025-05-14,6,L059,FAC05,DST16,2236,LTL,CARB,503,CC-105
SHP03219,65991245,2025-05-08,2025-05-12,4,L033,FAC03,DST14,1061,LTL,CARB,1049,CC-103
SHP03220,31722175,2025-05-08,2025-05-09,1,L056,FAC05,DST07,236,LTL,CARD,1361,CC-105
SHP03221,17857099,2025-05-08,2025-05-10,2,L060,FAC05,DST19,791,TL,CARF,32534,CC-105
SHP03222,53410048,2025-05-08,2025-05-13,5,L059,FAC05,DST16,2236,LTL,CARA,1346,CC-105
SHP03223,00539031,2025-05-08,2025-05-11,3,L007,FAC01,DST12,1102,LTL,CARB,757,CC-101
SHP03224,26469054,2025-05-08,2025-05-10,2,L050,FAC04,DST18,202,LTL,CARD,519,CC-104
SHP03225,80604381,2025-05-08,2025-05-14,6,L059,FAC05,DST16,2236,LTL,CARB,1867,CC-105
SHP03226,64110684,2025-05-08,2025-05-10,2,L056,FAC05,DST07,236,LTL,CARE,1100,CC-105
SHP03227,45033383,2025-05-08,2025-05-10,2,L058,FAC05,DST13,581,LTL,CARD,690,CC-105
SHP03228,10630386,2025-05-08,2025-05-10,2,L050,FAC04,DST18,202,TL,CARH,25805,CC-104
SHP03229,86310816,2025-05-08,2025-05-10,2,L023,FAC02,DST18,513,LTL,CARD,520,CC-102
SHP03230,97141183,2025-05-08,2025-05-10,2,L024,FAC02,DST19,626,TL,CARH,27731,CC-102
SHP03231,73508492,2025-05-08,2025-05-10,2,L001,FAC01,DST04,705,LTL,CARA,6374,CC-101
SHP03232,96389565,2025-05-08,2025-05-11,3,L013,FAC02,DST02,798,LTL,CARB,883,CC-102
SHP03233,05261390,2025-05-09,2025-05-11,2,L016,FAC02,DST08,717,LTL,CARC,1267,CC-102
SHP03234,38453903,2025-05-09,2025-05-14,5,L059,FAC05,DST16,2236,LTL,CARA,1154,CC-105
SHP03235,25868784,2025-05-09,2025-05-12,3,L031,FAC03,DST10,657,LTL,CARC,689,CC-103
SHP03236,02055038,2025-05-09,2025-05-10,1,L023,FAC02,DST18,513,TL,CARF,34780,CC-102
SHP03237,77691850,2025-05-09,2025-05-12,3,L040,FAC04,DST05,1193,LTL,CARC,2665,CC-104
SHP03238,79577556,2025-05-09,2025-05-13,4,L028,FAC03,DST04,1114,LTL,CARC,359,CC-103
SHP03239,06019645,2025-05-09,2025-05-11,2,L001,FAC01,DST04,705,TL,CARG,32383,CC-101
SHP03240,63223918,2025-05-09,2025-05-14,5,L026,FAC03,DST02,1557,LTL,CARA,486,CC-103
SHP03241,04466603,2025-05-09,2025-05-11,2,L019,FAC02,DST11,811,LTL,CARD,458,CC-102
SHP03242,51605494,2025-05-09,2025-05-14,5,L046,FAC04,DST14,1996,LTL,CARA,382,CC-104
SHP03243,77745068,2025-05-09,2025-05-13,4,L030,FAC03,DST08,1199,LTL,CARC,612,CC-103
SHP03244,81262633,2025-05-09,2025-05-11,2,L023,FAC02,DST18,513,LTL,CARB,596,CC-102
SHP03245,66390233,2025-05-09,2025-05-14,5,L027,FAC03,DST03,1859,LTL,CARD,1926,CC-103
SHP03246,97415257,2025-05-09,2025-05-11,2,L024,FAC02,DST19,626,LTL,CARC,405,CC-102
SHP03247,51069661,2025-05-09,2025-05-12,3,L058,FAC05,DST13,581,LTL,CARA,2772,CC-105
SHP03248,16441081,2025-05-09,2025-05-15,6,L035,FAC03,DST16,2015,LTL,CARA,1090,CC-103
SHP03249,93476446,2025-05-09,2025-05-11,2,L013,FAC02,DST02,798,LTL,CARB,305,CC-102
SHP03250,85703526,2025-05-09,2025-05-11,2,L058,FAC05,DST13,581,LTL,CARA,2853,CC-105
SHP03251,04931174,2025-05-09,2025-05-14,5,L027,FAC03,DST03,1859,LTL,CARA,1614,CC-103
SHP03252,54339801,2025-05-09,2025-05-13,4,L026,FAC03,DST02,1557,LTL,CARA,2370,CC-103
SHP03253,35551409,2025-05-09,2025-05-13,4,L010,FAC01,DST17,1508,LTL,CARC,1491,CC-101
SHP03254,59626215,2025-05-09,2025-05-11,2,L004,FAC01,DST07,477,LTL,CARC,925,CC-101
SHP03255,62269541,2025-05-09,2025-05-12,3,L043,FAC04,DST09,753,TL,CARH,36342,CC-104
SHP03256,30259022,2025-05-09,2025-05-14,5,L053,FAC05,DST03,1362,LTL,CARE,2470,CC-105
SHP03257,68828540,2025-05-09,2025-05-13,4,L033,FAC03,DST14,1061,LTL,CARB,999,CC-103
SHP03258,72031793,2025-05-09,2025-05-14,5,L053,FAC05,DST03,1362,LTL,CARA,1154,CC-105
SHP03259,31224177,2025-05-09,2025-05-14,5,L053,FAC05,DST03,1362,LTL,CARA,2700,CC-105
SHP03260,06632659,2025-05-09,2025-05-14,5,L022,FAC02,DST14,1906,LTL,CARC,4504,CC-102
SHP03261,40738929,2025-05-09,2025-05-10,1,L041,FAC04,DST07,400,LTL,CARB,2258,CC-104
SHP03262,25978864,2025-05-09,2025-05-11,2,L052,FAC04,DST20,227,LTL,CARE,1150,CC-104
SHP03263,25129457,2025-05-09,2025-05-11,2,L011,FAC01,DST18,198,LTL,CARE,3897,CC-101
SHP03264,95012197,2025-05-09,2025-05-10,1,L051,FAC04,DST19,195,LTL,CARD,727,CC-104
SHP03265,83715583,2025-05-09,2025-05-10,1,L044,FAC04,DST10,475,TL,CARG,37535,CC-104
SHP03266,98860162,2025-05-09,2025-05-11,2,L004,FAC01,DST07,477,TL,CARH,32858,CC-101
SHP03267,46460649,2025-05-09,2025-05-11,2,L054,FAC05,DST04,624,LTL,CARB,1153,CC-105
SHP03268,89666277,2025-05-09,2025-05-10,1,L011,FAC01,DST18,198,LTL,CARE,241,CC-101
SHP03269,38352613,2025-05-09,2025-05-13,4,L030,FAC03,DST08,1199,LTL,CARD,2443,CC-103
SHP03270,14398937,2025-05-09,2025-05-15,6,L047,FAC04,DST15,2368,LTL,CARC,1946,CC-104
SHP03271,49510940,2025-05-09,2025-05-12,3,L060,FAC05,DST19,791,TL,CARF,31919,CC-105
SHP03272,45636093,2025-05-09,2025-05-13,4,L007,FAC01,DST12,1102,TL,CARF,16877,CC-101
SHP03273,71294221,2025-05-10,2025-05-13,3,L003,FAC01,DST06,1183,LTL,CARD,809,CC-101
SHP03274,90879390,2025-05-10,2025-05-12,2,L054,FAC05,DST04,624,TL,CARG,37630,CC-105
SHP03275,66845041,2025-05-10,2025-05-14,4,L007,FAC01,DST12,1102,LTL,CARB,1625,CC-101
SHP03276,99261749,2025-05-10,2025-05-14,4,L007,FAC01,DST12,1102,LTL,CARE,405,CC-101
SHP03277,99157287,2025-05-10,2025-05-11,1,L050,FAC04,DST18,202,TL,CARH,38508,CC-104
SHP03278,97380884,2025-05-10,2025-05-14,4,L026,FAC03,DST02,1557,LTL,CARD,1544,CC-103
SHP03279,23758224,2025-05-10,2025-05-15,5,L009,FAC01,DST16,2079,LTL,CARE,3752,CC-101
SHP03280,13761846,2025-05-10,2025-05-12,2,L052,FAC04,DST20,227,LTL,CARD,541,CC-104
SHP03281,91195897,2025-05-10,2025-05-12,2,L039,FAC04,DST03,771,LTL,CARE,706,CC-104
SHP03282,43747654,2025-05-10,2025-05-13,3,L019,FAC02,DST11,811,TL,CARH,20410,CC-102
SHP03283,94930370,2025-05-10,2025-05-13,3,L016,FAC02,DST08,717,LTL,CARE,3438,CC-102
SHP03284,55288523,2025-05-10,2025-05-12,2,L057,FAC05,DST10,289,TL,CARH,31625,CC-105
SHP03285,98331355,2025-05-10,2025-05-11,1,L012,FAC01,DST20,323,LTL,CARC,1972,CC-101
SHP03286,91359990,2025-05-10,2025-05-16,6,L048,FAC04,DST16,2410,LTL,CARC,2835,CC-104
SHP03287,14598689,2025-05-10,2025-05-12,2,L038,FAC04,DST01,571,LTL,CARD,437,CC-104
SHP03288,09009298,2025-05-10,2025-05-16,6,L035,FAC03,DST16,2015,LTL,CARD,683,CC-103
SHP03289,49043616,2025-05-10,2025-05-12,2,L001,FAC01,DST04,705,TL,CARG,27866,CC-101
SHP03290,57287698,2025-05-10,2025-05-12,2,L037,FAC03,DST20,871,LTL,CARD,434,CC-103
SHP03291,67361103,2025-05-10,2025-05-15,5,L009,FAC01,DST16,2079,TL,CARG,34253,CC-101
SHP03292,13017711,2025-05-10,2025-05-11,1,L012,FAC01,DST20,323,LTL,CARB,2331,CC-101
SHP03293,01851855,2025-05-10,2025-05-15,5,L009,FAC01,DST16,2079,LTL,CARE,654,CC-101
SHP03294,39739792,2025-05-10,2025-05-12,2,L039,FAC04,DST03,771,TL,CARG,40396,CC-104
SHP03295,99861412,2025-05-10,2025-05-14,4,L046,FAC04,DST14,1996,TL,CARF,40916,CC-104
SHP03296,98847655,2025-05-10,2025-05-16,6,L047,FAC04,DST15,2368,LTL,CARD,598,CC-104
SHP03297,31768220,2025-05-10,2025-05-11,1,L050,FAC04,DST18,202,LTL,CARD,6480,CC-104
SHP03298,76463083,2025-05-10,2025-05-15,5,L026,FAC03,DST02,1557,LTL,CARD,160,CC-103
SHP03299,07584818,2025-05-10,2025-05-13,3,L018,FAC02,DST10,561,LTL,CARE,1092,CC-102
SHP03300,75854656,2025-05-10,2025-05-14,4,L020,FAC02,DST12,1452,TL,CARG,19624,CC-102
SHP03301,22454147,2025-05-10,2025-05-12,2,L043,FAC04,DST09,753,LTL,CARC,396,CC-104
SHP03302,52132800,2025-05-10,2025-05-14,4,L033,FAC03,DST14,1061,LTL,CARD,3558,CC-103
SHP03303,15158940,2025-05-10,2025-05-14,4,L014,FAC02,DST03,1123,LTL,CARD,637,CC-102
SHP03304,88376692,2025-05-10,2025-05-12,2,L054,FAC05,DST04,624,LTL,CARB,535,CC-105
SHP03305,06521027,2025-05-10,2025-05-15,5,L035,FAC03,DST16,2015,LTL,CARD,428,CC-103
SHP03306,33212693,2025-05-10,2025-05-16,6,L009,FAC01,DST16,2079,LTL,CARB,1348,CC-101
SHP03307,90799267,2025-05-11,2025-05-13,2,L031,FAC03,DST10,657,LTL,CARA,1733,CC-103
SHP03308,23726369,2025-05-11,2025-05-15,4,L036,FAC03,DST19,1283,TL,CARF,31344,CC-103
SHP03309,87304471,2025-05-11,2025-05-14,3,L013,FAC02,DST02,798,TL,CARF,15731,CC-102
SHP03310,30498729,2025-05-11,2025-05-14,3,L013,FAC02,DST02,798,LTL,CARA,263,CC-102
SHP03311,94381641,2025-05-11,2025-05-16,5,L049,FAC04,DST17,1818,LTL,CARA,1199,CC-104
SHP03312,55746885,2025-05-11,2025-05-14,3,L018,FAC02,DST10,561,LTL,CARE,4237,CC-102
SHP03313,31037653,2025-05-11,2025-05-15,4,L008,FAC01,DST14,1742,TL,CARH,30952,CC-101
SHP03314,33353247,2025-05-11,2025-05-14,3,L024,FAC02,DST19,626,LTL,CARD,459,CC-102
SHP03315,23644105,2025-05-11,2025-05-15,4,L017,FAC02,DST09,1090,LTL,CARE,1278,CC-102
SHP03316,58822340,2025-05-11,2025-05-13,2,L016,FAC02,DST08,717,LTL,CARC,1265,CC-102
SHP03317,25563630,2025-05-11,2025-05-15,4,L049,FAC04,DST17,1818,TL,CARF,24656,CC-104
SHP03318,18443550,2025-05-11,2025-05-14,3,L021,FAC02,DST13,841,TL,CARG,33200,CC-102
SHP03319,21734690,2025-05-11,2025-05-18,7,L047,FAC04,DST15,2368,LTL,CARD,1448,CC-104
SHP03320,11821321,2025-05-11,2025-05-16,5,L046,FAC04,DST14,1996,LTL,CARB,696,CC-104
SHP03321,25026587,2025-05-11,2025-05-13,2,L018,FAC02,DST10,561,LTL,CARE,2483,CC-102
SHP03322,90683031,2025-05-11,2025-05-16,5,L020,FAC02,DST12,1452,LTL,CARB,1877,CC-102
SHP03323,58485933,2025-05-11,2025-05-17,6,L049,FAC04,DST17,1818,LTL,CARA,867,CC-104
SHP03324,86572269,2025-05-11,2025-05-15,4,L028,FAC03,DST04,1114,LTL,CARC,952,CC-103
SHP03325,99598547,2025-05-11,2025-05-12,1,L051,FAC04,DST19,195,TL,CARG,38692,CC-104
SHP03326,56423159,2025-05-11,2025-05-13,2,L060,FAC05,DST19,791,TL,CARF,25021,CC-105
SHP03327,12305211,2025-05-11,2025-05-14,3,L023,FAC02,DST18,513,LTL,CARB,3460,CC-102
SHP03328,32747289,2025-05-11,2025-05-14,3,L033,FAC03,DST14,1061,TL,CARF,28133,CC-103
SHP03329,29853598,2025-05-11,2025-05-17,6,L022,FAC02,DST14,1906,LTL,CARC,1222,CC-102
SHP03330,68499850,2025-05-11,2025-05-14,3,L029,FAC03,DST05,1333,LTL,CARA,311,CC-103
SHP03331,12186209,2025-05-11,2025-05-13,2,L024,FAC02,DST19,626,LTL,CARC,257,CC-102
SHP03332,03558697,2025-05-11,2025-05-14,3,L037,FAC03,DST20,871,LTL,CARD,1029,CC-103
SHP03333,77671151,2025-05-11,2025-05-13,2,L037,FAC03,DST20,871,TL,CARG,28764,CC-103
SHP03334,97051312,2025-05-11,2025-05-13,2,L012,FAC01,DST20,323,LTL,CARC,2433,CC-101
SHP03335,61571621,2025-05-11,2025-05-14,3,L016,FAC02,DST08,717,LTL,CARE,698,CC-102
SHP03336,20764173,2025-05-11,2025-05-13,2,L019,FAC02,DST11,811,LTL,CARD,500,CC-102
SHP03337,27494630,2025-05-11,2025-05-12,1,L051,FAC04,DST19,195,LTL,CARD,793,CC-104
SHP03338,29062689,2025-05-11,2025-05-14,3,L037,FAC03,DST20,871,TL,CARG,40302,CC-103
SHP03339,24792923,2025-05-11,2025-05-13,2,L054,FAC05,DST04,624,LTL,CARB,1240,CC-105
SHP03340,96280917,2025-05-11,2025-05-15,4,L010,FAC01,DST17,1508,LTL,CARA,632,CC-101
SHP03341,86439279,2025-05-11,2025-05-15,4,L028,FAC03,DST04,1114,LTL,CARC,637,CC-103
SHP03342,94634363,2025-05-11,2025-05-13,2,L019,FAC02,DST11,811,LTL,CARC,2710,CC-102
SHP03343,35676124,2025-05-11,2025-05-16,5,L010,FAC01,DST17,1508,LTL,CARA,522,CC-101
SHP03344,76781492,2025-05-11,2025-05-15,4,L008,FAC01,DST14,1742,LTL,CARE,5725,CC-101
SHP03345,92471241,2025-05-11,2025-05-14,3,L055,FAC05,DST06,820,LTL,CARD,1498,CC-105
SHP03346,91019440,2025-05-11,2025-05-13,2,L051,FAC04,DST19,195,LTL,CARB,846,CC-104
SHP03347,46232815,2025-05-11,2025-05-15,4,L029,FAC03,DST05,1333,LTL,CARA,456,CC-103
SHP03348,72245081,2025-05-11,2025-05-13,2,L013,FAC02,DST02,798,LTL,CARB,492,CC-102
SHP03349,02435534,2025-05-11,2025-05-14,3,L036,FAC03,DST19,1283,LTL,CARD,940,CC-103
SHP03350,05103229,2025-05-11,2025-05-13,2,L023,FAC02,DST18,513,LTL,CARD,553,CC-102
SHP03351,47543959,2025-05-11,2025-05-14,3,L044,FAC04,DST10,475,LTL,CARE,940,CC-104
SHP03352,98691005,2025-05-11,2025-05-14,3,L033,FAC03,DST14,1061,LTL,CARB,1744,CC-103
SHP03353,25455969,2025-05-12,2025-05-15,3,L034,FAC03,DST15,1485,TL,CARG,19523,CC-103
SHP03354,77775808,2025-05-12,2025-05-15,3,L016,FAC02,DST08,717,LTL,CARE,2715,CC-102
SHP03355,28817948,2025-05-12,2025-05-17,5,L010,FAC01,DST17,1508,LTL,CARA,1069,CC-101
SHP03356,04986381,2025-05-12,2025-05-14,2,L044,FAC04,DST10,475,LTL,CARE,306,CC-104
SHP03357,50985028,2025-05-12,2025-05-15,3,L045,FAC04,DST11,743,LTL,CARE,1965,CC-104
SHP03358,75851814,2025-05-12,2025-05-16,4,L029,FAC03,DST05,1333,TL,CARG,20787,CC-103
SHP03359,41734773,2025-05-12,2025-05-15,3,L018,FAC02,DST10,561,LTL,CARE,1135,CC-102
SHP03360,80816847,2025-05-12,2025-05-14,2,L060,FAC05,DST19,791,LTL,CARA,550,CC-105
SHP03361,47688089,2025-05-12,2025-05-16,4,L010,FAC01,DST17,1508,LTL,CARA,1000,CC-101
SHP03362,35326319,2025-05-12,2025-05-14,2,L042,FAC04,DST08,197,TL,CARF,40923,CC-104
SHP03363,59085354,2025-05-12,2025-05-14,2,L006,FAC01,DST10,315,LTL,CARB,1058,CC-101
SHP03364,91248471,2025-05-12,2025-05-14,2,L013,FAC02,DST02,798,LTL,CARB,3319,CC-102
SHP03365,71215616,2025-05-12,2025-05-15,3,L029,FAC03,DST05,1333,LTL,CARA,1446,CC-103
SHP03366,24061814,2025-05-12,2025-05-14,2,L043,FAC04,DST09,753,LTL,CARC,2804,CC-104
SHP03367,65871175,2025-05-12,2025-05-15,3,L028,FAC03,DST04,1114,LTL,CARE,838,CC-103
SHP03368,08642299,2025-05-12,2025-05-14,2,L052,FAC04,DST20,227,LTL,CARE,1619,CC-104
SHP03369,50583553,2025-05-12,2025-05-13,1,L025,FAC02,DST20,384,TL,CARG,40081,CC-102
SHP03370,71908796,2025-05-12,2025-05-14,2,L054,FAC05,DST04,624,LTL,CARB,1045,CC-105
SHP03371,90793069,2025-05-12,2025-05-15,3,L030,FAC03,DST08,1199,LTL,CARD,1943,CC-103
SHP03372,68869704,2025-05-12,2025-05-15,3,L055,FAC05,DST06,820,LTL,CARE,1487,CC-105
SHP03373,92755333,2025-05-12,2025-05-15,3,L033,FAC03,DST14,1061,TL,CARF,31912,CC-103
SHP03374,88699162,2025-05-12,2025-05-14,2,L013,FAC02,DST02,798,TL,CARF,15936,CC-102
SHP03375,22133456,2025-05-12,2025-05-15,3,L024,FAC02,DST19,626,LTL,CARC,1083,CC-102
SHP03376,03964446,2025-05-13,2025-05-14,1,L015,FAC02,DST07,257,LTL,CARD,1543,CC-102
SHP03377,65257978,2025-05-13,2025-05-19,6,L049,FAC04,DST17,1818,LTL,CARA,810,CC-104
SHP03378,16160865,2025-05-13,2025-05-16,3,L032,FAC03,DST11,545,LTL,CARD,941,CC-103
SHP03379,87317582,2025-05-13,2025-05-15,2,L024,FAC02,DST19,626,LTL,CARD,756,CC-102
SHP03380,20201568,2025-05-13,2025-05-20,7,L048,FAC04,DST16,2410,LTL,CARC,311,CC-104
SHP03381,39515048,2025-05-13,2025-05-17,4,L046,FAC04,DST14,1996,TL,CARF,16014,CC-104
SHP03382,02286144,2025-05-13,2025-05-18,5,L049,FAC04,DST17,1818,LTL,CARC,3204,CC-104
SHP03383,07421475,2025-05-13,2025-05-15,2,L013,FAC02,DST02,798,LTL,CARB,1012,CC-102
SHP03384,62919280,2025-05-13,2025-05-16,3,L058,FAC05,DST13,581,TL,CARG,33749,CC-105
SHP03385,64985054,2025-05-13,2025-05-19,6,L059,FAC05,DST16,2236,LTL,CARA,901,CC-105
SHP03386,86748770,2025-05-13,2025-05-14,1,L012,FAC01,DST20,323,LTL,CARC,375,CC-101
SHP03387,33460761,2025-05-13,2025-05-18,5,L035,FAC03,DST16,2015,LTL,CARA,1290,CC-103
SHP03388,06342023,2025-05-13,2025-05-15,2,L031,FAC03,DST10,657,LTL,CARA,2325,CC-103
SHP03389,65918376,2025-05-13,2025-05-17,4,L007,FAC01,DST12,1102,TL,CARF,24950,CC-101
SHP03390,07746619,2025-05-13,2025-05-16,3,L021,FAC02,DST13,841,TL,CARG,32786,CC-102
SHP03391,12775602,2025-05-13,2025-05-15,2,L032,FAC03,DST11,545,LTL,CARC,1940,CC-103
SHP03392,03985956,2025-05-13,2025-05-17,4,L036,FAC03,DST19,1283,LTL,CARD,2979,CC-103
SHP03393,63775111,2025-05-13,2025-05-19,6,L048,FAC04,DST16,2410,LTL,CARC,1468,CC-104
SHP03394,94888760,2025-05-13,2025-05-17,4,L008,FAC01,DST14,1742,LTL,CARA,465,CC-101
SHP03395,95358335,2025-05-13,2025-05-15,2,L024,FAC02,DST19,626,LTL,CARD,336,CC-102
SHP03396,30482336,2025-05-13,2025-05-17,4,L033,FAC03,DST14,1061,LTL,CARD,1709,CC-103
SHP03397,35259661,2025-05-13,2025-05-17,4,L020,FAC02,DST12,1452,LTL,CARB,274,CC-102
SHP03398,58795648,2025-05-13,2025-05-19,6,L048,FAC04,DST16,2410,LTL,CARB,4131,CC-104
SHP03399,75365169,2025-05-13,2025-05-16,3,L039,FAC04,DST03,771,LTL,CARA,2769,CC-104
SHP03400,10829782,2025-05-13,2025-05-14,1,L012,FAC01,DST20,323,LTL,CARC,845,CC-101
SHP03401,35853025,2025-05-13,2025-05-16,3,L014,FAC02,DST03,1123,LTL,CARD,2614,CC-102
SHP03402,78453240,2025-05-13,2025-05-14,1,L006,FAC01,DST10,315,LTL,CARB,794,CC-101
SHP03403,47158824,2025-05-13,2025-05-18,5,L027,FAC03,DST03,1859,LTL,CARA,853,CC-103
SHP03404,68994964,2025-05-13,2025-05-15,2,L006,FAC01,DST10,315,LTL,CARE,400,CC-101
SHP03405,71619255,2025-05-13,2025-05-16,3,L023,FAC02,DST18,513,LTL,CARD,753,CC-102
SHP03406,22170642,2025-05-14,2025-05-17,3,L044,FAC04,DST10,475,LTL,CARE,1682,CC-104
SHP03407,43761954,2025-05-14,2025-05-17,3,L032,FAC03,DST11,545,LTL,CARD,772,CC-103
SHP03408,98717549,2025-05-14,2025-05-19,5,L008,FAC01,DST14,1742,LTL,CARA,1247,CC-101
SHP03409,70373699,2025-05-14,2025-05-16,2,L023,FAC02,DST18,513,LTL,CARD,4019,CC-102
SHP03410,53503166,2025-05-14,2025-05-17,3,L023,FAC02,DST18,513,LTL,CARB,2016,CC-102
SHP03411,08090824,2025-05-14,2025-05-17,3,L014,FAC02,DST03,1123,LTL,CARD,312,CC-102
SHP03412,38525819,2025-05-14,2025-05-18,4,L003,FAC01,DST06,1183,TL,CARG,38074,CC-101
SHP03413,19993321,2025-05-14,2025-05-16,2,L004,FAC01,DST07,477,LTL,CARA,6276,CC-101
SHP03414,26927567,2025-05-14,2025-05-16,2,L043,FAC04,DST09,753,LTL,CARC,5922,CC-104
SHP03415,30002101,2025-05-14,2025-05-18,4,L022,FAC02,DST14,1906,TL,CARH,30358,CC-102
SHP03416,96958930,2025-05-14,2025-05-18,4,L036,FAC03,DST19,1283,LTL,CARC,812,CC-103
SHP03417,68247519,2025-05-14,2025-05-20,6,L048,FAC04,DST16,2410,LTL,CARC,810,CC-104
SHP03418,83637206,2025-05-14,2025-05-16,2,L012,FAC01,DST20,323,LTL,CARB,682,CC-101
SHP03419,81914794,2025-05-14,2025-05-17,3,L003,FAC01,DST06,1183,LTL,CARD,481,CC-101
SHP03420,27104327,2025-05-14,2025-05-20,6,L047,FAC04,DST15,2368,LTL,CARC,2946,CC-104
SHP03421,28823308,2025-05-14,2025-05-16,2,L004,FAC01,DST07,477,LTL,CARA,527,CC-101
SHP03422,81364635,2025-05-14,2025-05-19,5,L046,FAC04,DST14,1996,LTL,CARB,777,CC-104
SHP03423,25897015,2025-05-14,2025-05-16,2,L021,FAC02,DST13,841,LTL,CARB,991,CC-102
SHP03424,31423589,2025-05-14,2025-05-16,2,L044,FAC04,DST10,475,LTL,CARB,2822,CC-104
SHP03425,52189061,2025-05-14,2025-05-16,2,L032,FAC03,DST11,545,LTL,CARC,1904,CC-103
SHP03426,59932077,2025-05-14,2025-05-21,7,L048,FAC04,DST16,2410,LTL,CARB,1219,CC-104
SHP03427,66783490,2025-05-14,2025-05-17,3,L039,FAC04,DST03,771,LTL,CARA,437,CC-104
SHP03428,87774488,2025-05-14,2025-05-16,2,L024,FAC02,DST19,626,LTL,CARC,417,CC-102
SHP03429,75256959,2025-05-14,2025-05-18,4,L030,FAC03,DST08,1199,LTL,CARD,773,CC-103
SHP03430,28623164,2025-05-14,2025-05-17,3,L003,FAC01,DST06,1183,TL,CARG,38285,CC-101
SHP03431,18496250,2025-05-14,2025-05-16,2,L038,FAC04,DST01,571,TL,CARF,34162,CC-104
SHP03432,30145862,2025-05-14,2025-05-18,4,L014,FAC02,DST03,1123,LTL,CARD,843,CC-102
SHP03433,32710446,2025-05-15,2025-05-19,4,L036,FAC03,DST19,1283,LTL,CARC,496,CC-103
SHP03434,92231755,2025-05-15,2025-05-16,1,L056,FAC05,DST07,236,LTL,CARE,1667,CC-105
SHP03435,59576252,2025-05-15,2025-05-19,4,L007,FAC01,DST12,1102,LTL,CARB,2062,CC-101
SHP03436,69695666,2025-05-15,2025-05-18,3,L023,FAC02,DST18,513,LTL,CARB,1932,CC-102
SHP03437,19199561,2025-05-15,2025-05-18,3,L023,FAC02,DST18,513,LTL,CARB,2144,CC-102
SHP03438,61553157,2025-05-15,2025-05-21,6,L009,FAC01,DST16,2079,LTL,CARB,3674,CC-101
SHP03439,06295975,2025-05-15,2025-05-19,4,L053,FAC05,DST03,1362,LTL,CARA,1249,CC-105
SHP03440,13774436,2025-05-15,2025-05-21,6,L059,FAC05,DST16,2236,LTL,CARA,374,CC-105
SHP03441,39711562,2025-05-15,2025-05-20,5,L020,FAC02,DST12,1452,LTL,CARA,948,CC-102
SHP03442,11365265,2025-05-15,2025-05-17,2,L037,FAC03,DST20,871,LTL,CARD,753,CC-103
SHP03443,46585701,2025-05-15,2025-05-21,6,L022,FAC02,DST14,1906,LTL,CARE,1392,CC-102
SHP03444,85690080,2025-05-15,2025-05-18,3,L016,FAC02,DST08,717,LTL,CARE,3317,CC-102
SHP03445,43350266,2025-05-15,2025-05-20,5,L053,FAC05,DST03,1362,LTL,CARA,1194,CC-105
SHP03446,68417157,2025-05-15,2025-05-17,2,L054,FAC05,DST04,624,LTL,CARB,723,CC-105
SHP03447,07785210,2025-05-15,2025-05-21,6,L048,FAC04,DST16,2410,LTL,CARC,291,CC-104
SHP03448,52003503,2025-05-15,2025-05-18,3,L037,FAC03,DST20,871,LTL,CARD,659,CC-103
SHP03449,38997560,2025-05-15,2025-05-16,1,L012,FAC01,DST20,323,LTL,CARB,840,CC-101
SHP03450,02138891,2025-05-15,2025-05-17,2,L045,FAC04,DST11,743,TL,CARF,41302,CC-104
SHP03451,55687227,2025-05-15,2025-05-17,2,L058,FAC05,DST13,581,TL,CARG,21594,CC-105
SHP03452,62076478,2025-05-15,2025-05-18,3,L028,FAC03,DST04,1114,LTL,CARE,1404,CC-103
SHP03453,88909428,2025-05-15,2025-05-19,4,L033,FAC03,DST14,1061,LTL,CARB,861,CC-103
SHP03454,45685490,2025-05-15,2025-05-20,5,L053,FAC05,DST03,1362,LTL,CARA,3072,CC-105
SHP03455,81879294,2025-05-15,2025-05-16,1,L042,FAC04,DST08,197,LTL,CARB,1855,CC-104
SHP03456,85123144,2025-05-15,2025-05-18,3,L054,FAC05,DST04,624,LTL,CARE,620,CC-105
SHP03457,70293674,2025-05-15,2025-05-18,3,L018,FAC02,DST10,561,LTL,CARE,3236,CC-102
SHP03458,05104234,2025-05-15,2025-05-16,1,L025,FAC02,DST20,384,LTL,CARB,821,CC-102
SHP03459,47821132,2025-05-15,2025-05-18,3,L045,FAC04,DST11,743,TL,CARF,27479,CC-104
SHP03460,93094431,2025-05-15,2025-05-18,3,L039,FAC04,DST03,771,TL,CARG,38897,CC-104
SHP03461,78546494,2025-05-15,2025-05-19,4,L003,FAC01,DST06,1183,LTL,CARC,1915,CC-101
SHP03462,43361198,2025-05-15,2025-05-18,3,L023,FAC02,DST18,513,LTL,CARB,1842,CC-102
SHP03463,46159325,2025-05-16,2025-05-20,4,L014,FAC02,DST03,1123,TL,CARH,31646,CC-102
SHP03464,23699957,2025-05-16,2025-05-18,2,L025,FAC02,DST20,384,LTL,CARA,1076,CC-102
SHP03465,59566597,2025-05-16,2025-05-19,3,L003,FAC01,DST06,1183,LTL,CARD,1123,CC-101
SHP03466,98300063,2025-05-16,2025-05-20,4,L017,FAC02,DST09,1090,LTL,CARE,348,CC-102
SHP03467,42720885,2025-05-16,2025-05-18,2,L044,FAC04,DST10,475,LTL,CARE,2728,CC-104
SHP03468,97784336,2025-05-16,2025-05-18,2,L043,FAC04,DST09,753,LTL,CARE,1671,CC-104
SHP03469,18336466,2025-05-16,2025-05-18,2,L057,FAC05,DST10,289,LTL,CARE,827,CC-105
SHP03470,70525118,2025-05-16,2025-05-17,1,L011,FAC01,DST18,198,LTL,CARD,5127,CC-101
SHP03471,22328039,2025-05-16,2025-05-18,2,L021,FAC02,DST13,841,LTL,CARB,1251,CC-102
SHP03472,76082309,2025-05-16,2025-05-20,4,L010,FAC01,DST17,1508,LTL,CARC,1301,CC-101
SHP03473,39803180,2025-05-16,2025-05-18,2,L019,FAC02,DST11,811,LTL,CARC,588,CC-102
SHP03474,89476499,2025-05-16,2025-05-22,6,L009,FAC01,DST16,2079,LTL,CARE,573,CC-101
SHP03475,16619059,2025-05-16,2025-05-19,3,L002,FAC01,DST05,1430,TL,CARF,35859,CC-101
SHP03476,59887380,2025-05-16,2025-05-18,2,L045,FAC04,DST11,743,LTL,CARE,1333,CC-104
SHP03477,04169680,2025-05-16,2025-05-18,2,L051,FAC04,DST19,195,TL,CARG,41896,CC-104
SHP03478,49382407,2025-05-16,2025-05-18,2,L025,FAC02,DST20,384,LTL,CARB,3401,CC-102
SHP03479,35679996,2025-05-16,2025-05-19,3,L054,FAC05,DST04,624,LTL,CARB,1336,CC-105
SHP03480,35331633,2025-05-16,2025-05-20,4,L003,FAC01,DST06,1183,LTL,CARD,340,CC-101
SHP03481,42054516,2025-05-16,2025-05-18,2,L058,FAC05,DST13,581,LTL,CARD,946,CC-105
SHP03482,62267580,2025-05-16,2025-05-18,2,L038,FAC04,DST01,571,LTL,CARD,140,CC-104
SHP03483,28707130,2025-05-16,2025-05-21,5,L010,FAC01,DST17,1508,LTL,CARA,1163,CC-101
SHP03484,70041024,2025-05-16,2025-05-19,3,L021,FAC02,DST13,841,LTL,CARD,489,CC-102
SHP03485,92774806,2025-05-16,2025-05-20,4,L029,FAC03,DST05,1333,LTL,CARD,2677,CC-103
SHP03486,25631283,2025-05-16,2025-05-20,4,L028,FAC03,DST04,1114,LTL,CARC,2704,CC-103
SHP03487,43988468,2025-05-16,2025-05-20,4,L026,FAC03,DST02,1557,LTL,CARA,1062,CC-103
SHP03488,04070043,2025-05-16,2025-05-19,3,L043,FAC04,DST09,753,TL,CARH,26811,CC-104
SHP03489,69719119,2025-05-16,2025-05-22,6,L009,FAC01,DST16,2079,LTL,CARE,1487,CC-101
SHP03490,09492052,2025-05-16,2025-05-19,3,L037,FAC03,DST20,871,LTL,CARE,2920,CC-103
SHP03491,77193257,2025-05-16,2025-05-18,2,L044,FAC04,DST10,475,LTL,CARE,286,CC-104
SHP03492,50396113,2025-05-16,2025-05-20,4,L040,FAC04,DST05,1193,LTL,CARC,874,CC-104
SHP03493,47851667,2025-05-16,2025-05-19,3,L045,FAC04,DST11,743,TL,CARF,29928,CC-104
SHP03494,97799686,2025-05-17,2025-05-18,1,L056,FAC05,DST07,236,LTL,CARD,4747,CC-105
SHP03495,29934740,2025-05-17,2025-05-19,2,L050,FAC04,DST18,202,LTL,CARC,2553,CC-104
SHP03496,80700945,2025-05-17,2025-05-22,5,L059,FAC05,DST16,2236,LTL,CARB,418,CC-105
SHP03497,46388642,2025-05-17,2025-05-20,3,L037,FAC03,DST20,871,LTL,CARD,307,CC-103
SHP03498,15459791,2025-05-17,2025-05-22,5,L020,FAC02,DST12,1452,LTL,CARB,2361,CC-102
SHP03499,18059599,2025-05-17,2025-05-19,2,L025,FAC02,DST20,384,LTL,CARA,666,CC-102
SHP03500,68216229,2025-05-17,2025-05-20,3,L024,FAC02,DST19,626,LTL,CARC,832,CC-102
SHP03501,25417963,2025-05-17,2025-05-21,4,L028,FAC03,DST04,1114,TL,CARG,31884,CC-103
SHP03502,57226363,2025-05-17,2025-05-23,6,L027,FAC03,DST03,1859,LTL,CARD,516,CC-103
SHP03503,86932204,2025-05-17,2025-05-20,3,L058,FAC05,DST13,581,LTL,CARD,1211,CC-105
SHP03504,96560829,2025-05-17,2025-05-21,4,L036,FAC03,DST19,1283,TL,CARF,31362,CC-103
SHP03505,64518875,2025-05-17,2025-05-18,1,L041,FAC04,DST07,400,LTL,CARA,1164,CC-104
SHP03506,97776449,2025-05-17,2025-05-22,5,L009,FAC01,DST16,2079,TL,CARG,30052,CC-101
SHP03507,98649548,2025-05-17,2025-05-18,1,L005,FAC01,DST08,284,LTL,CARB,4580,CC-101
SHP03508,77932341,2025-05-17,2025-05-19,2,L051,FAC04,DST19,195,LTL,CARB,936,CC-104
SHP03509,98882551,2025-05-17,2025-05-18,1,L041,FAC04,DST07,400,LTL,CARA,2039,CC-104
SHP03510,95084548,2025-05-17,2025-05-20,3,L033,FAC03,DST14,1061,LTL,CARD,1662,CC-103
SHP03511,53686651,2025-05-17,2025-05-21,4,L003,FAC01,DST06,1183,LTL,CARC,455,CC-101
SHP03512,98754551,2025-05-17,2025-05-21,4,L030,FAC03,DST08,1199,LTL,CARD,4282,CC-103
SHP03513,62298659,2025-05-17,2025-05-18,1,L051,FAC04,DST19,195,LTL,CARB,1046,CC-104
SHP03514,68454566,2025-05-17,2025-05-18,1,L005,FAC01,DST08,284,LTL,CARD,1446,CC-101
SHP03515,94445447,2025-05-17,2025-05-20,3,L038,FAC04,DST01,571,LTL,CARB,1762,CC-104
SHP03516,04176317,2025-05-17,2025-05-20,3,L038,FAC04,DST01,571,LTL,CARB,2578,CC-104
SHP03517,78248368,2025-05-17,2025-05-22,5,L035,FAC03,DST16,2015,LTL,CARA,1567,CC-103
SHP03518,54210197,2025-05-17,2025-05-19,2,L056,FAC05,DST07,236,LTL,CARD,189,CC-105
SHP03519,77231167,2025-05-17,2025-05-21,4,L002,FAC01,DST05,1430,LTL,CARB,779,CC-101
SHP03520,95539920,2025-05-17,2025-05-19,2,L032,FAC03,DST11,545,TL,CARH,32880,CC-103
SHP03521,61342736,2025-05-17,2025-05-22,5,L049,FAC04,DST17,1818,LTL,CARA,3253,CC-104
SHP03522,48745751,2025-05-17,2025-05-21,4,L036,FAC03,DST19,1283,LTL,CARC,4447,CC-103
SHP03523,22402839,2025-05-17,2025-05-20,3,L053,FAC05,DST03,1362,TL,CARG,35899,CC-105
SHP03524,52551887,2025-05-17,2025-05-22,5,L010,FAC01,DST17,1508,LTL,CARA,845,CC-101
SHP03525,64760315,2025-05-17,2025-05-21,4,L033,FAC03,DST14,1061,LTL,CARD,5701,CC-103
SHP03526,67235757,2025-05-18,2025-05-20,2,L016,FAC02,DST08,717,LTL,CARE,2320,CC-102
SHP03527,34246679,2025-05-18,2025-05-19,1,L051,FAC04,DST19,195,LTL,CARB,5714,CC-104
SHP03528,54392742,2025-05-18,2025-05-20,2,L018,FAC02,DST10,561,LTL,CARE,2021,CC-102
SHP03529,00663296,2025-05-18,2025-05-19,1,L005,FAC01,DST08,284,LTL,CARD,5237,CC-101
SHP03530,67008287,2025-05-18,2025-05-21,3,L001,FAC01,DST04,705,LTL,CARC,1685,CC-101
SHP03531,58127690,2025-05-18,2025-05-24,6,L022,FAC02,DST14,1906,LTL,CARC,1658,CC-102
SHP03532,70567793,2025-05-18,2025-05-21,3,L024,FAC02,DST19,626,LTL,CARC,1974,CC-102
SHP03533,43874881,2025-05-18,2025-05-22,4,L003,FAC01,DST06,1183,LTL,CARD,2183,CC-101
SHP03534,10741956,2025-05-18,2025-05-22,4,L017,FAC02,DST09,1090,LTL,CARE,704,CC-102
SHP03535,25239013,2025-05-18,2025-05-20,2,L031,FAC03,DST10,657,LTL,CARC,1270,CC-103
SHP03536,60836249,2025-05-18,2025-05-23,5,L034,FAC03,DST15,1485,LTL,CARA,1605,CC-103
SHP03537,26103067,2025-05-18,2025-05-20,2,L024,FAC02,DST19,626,LTL,CARC,1343,CC-102
SHP03538,02367168,2025-05-18,2025-05-23,5,L049,FAC04,DST17,1818,LTL,CARA,748,CC-104
SHP03539,29650769,2025-05-18,2025-05-21,3,L017,FAC02,DST09,1090,LTL,CARE,5516,CC-102
SHP03540,40637182,2025-05-18,2025-05-20,2,L013,FAC02,DST02,798,TL,CARF,26934,CC-102
SHP03541,46939582,2025-05-18,2025-05-23,5,L002,FAC01,DST05,1430,LTL,CARB,442,CC-101
SHP03542,08406526,2025-05-18,2025-05-23,5,L008,FAC01,DST14,1742,LTL,CARE,2188,CC-101
SHP03543,89716222,2025-05-18,2025-05-22,4,L035,FAC03,DST16,2015,TL,CARF,41204,CC-103
SHP03544,63191911,2025-05-18,2025-05-21,3,L026,FAC03,DST02,1557,TL,CARH,17693,CC-103
SHP03545,42015954,2025-05-18,2025-05-20,2,L013,FAC02,DST02,798,LTL,CARA,1775,CC-102
SHP03546,34418080,2025-05-18,2025-05-21,3,L014,FAC02,DST03,1123,LTL,CARD,499,CC-102
SHP03547,02613906,2025-05-18,2025-05-25,7,L047,FAC04,DST15,2368,LTL,CARC,1629,CC-104
SHP03548,36041331,2025-05-18,2025-05-20,2,L058,FAC05,DST13,581,LTL,CARA,1455,CC-105
SHP03549,17803997,2025-05-18,2025-05-21,3,L040,FAC04,DST05,1193,TL,CARF,27203,CC-104
SHP03550,88108784,2025-05-19,2025-05-22,3,L054,FAC05,DST04,624,LTL,CARE,1996,CC-105
SHP03551,62868608,2025-05-19,2025-05-21,2,L054,FAC05,DST04,624,LTL,CARB,1703,CC-105
SHP03552,97929186,2025-05-19,2025-05-22,3,L017,FAC02,DST09,1090,LTL,CARC,938,CC-102
SHP03553,25366372,2025-05-19,2025-05-23,4,L036,FAC03,DST19,1283,LTL,CARD,1259,CC-103
SHP03554,43132245,2025-05-19,2025-05-24,5,L027,FAC03,DST03,1859,LTL,CARD,400,CC-103
SHP03555,77252959,2025-05-19,2025-05-20,1,L057,FAC05,DST10,289,LTL,CARE,2483,CC-105
SHP03556,03500430,2025-05-19,2025-05-24,5,L049,FAC04,DST17,1818,LTL,CARA,693,CC-104
SHP03557,44058565,2025-05-19,2025-05-24,5,L009,FAC01,DST16,2079,LTL,CARE,1841,CC-101
SHP03558,13038027,2025-05-19,2025-05-23,4,L020,FAC02,DST12,1452,LTL,CARA,3471,CC-102
SHP03559,55955478,2025-05-19,2025-05-24,5,L048,FAC04,DST16,2410,TL,CARG,35511,CC-104
SHP03560,06256819,2025-05-19,2025-05-21,2,L025,FAC02,DST20,384,LTL,CARB,1318,CC-102
SHP03561,81756930,2025-05-19,2025-05-22,3,L054,FAC05,DST04,624,LTL,CARE,917,CC-105
SHP03562,71778172,2025-05-19,2025-05-21,2,L015,FAC02,DST07,257,LTL,CARB,6473,CC-102
SHP03563,75148086,2025-05-19,2025-05-21,2,L052,FAC04,DST20,227,LTL,CARD,1339,CC-104
SHP03564,08282097,2025-05-19,2025-05-20,1,L006,FAC01,DST10,315,LTL,CARE,680,CC-101
SHP03565,47371873,2025-05-19,2025-05-21,2,L037,FAC03,DST20,871,LTL,CARD,502,CC-103
SHP03566,68586685,2025-05-19,2025-05-21,2,L016,FAC02,DST08,717,LTL,CARE,1238,CC-102
SHP03567,66873814,2025-05-19,2025-05-21,2,L056,FAC05,DST07,236,LTL,CARD,973,CC-105
SHP03568,54050545,2025-05-19,2025-05-21,2,L054,FAC05,DST04,624,LTL,CARE,3094,CC-105
SHP03569,50886611,2025-05-19,2025-05-24,5,L008,FAC01,DST14,1742,LTL,CARE,773,CC-101
SHP03570,53364566,2025-05-19,2025-05-20,1,L050,FAC04,DST18,202,LTL,CARC,5140,CC-104
SHP03571,43346015,2025-05-19,2025-05-22,3,L033,FAC03,DST14,1061,LTL,CARD,534,CC-103
SHP03572,94048869,2025-05-19,2025-05-24,5,L008,FAC01,DST14,1742,LTL,CARA,476,CC-101
SHP03573,41052814,2025-05-19,2025-05-22,3,L058,FAC05,DST13,581,LTL,CARD,215,CC-105
SHP03574,14097000,2025-05-19,2025-05-22,3,L016,FAC02,DST08,717,LTL,CARC,4268,CC-102
SHP03575,28501771,2025-05-19,2025-05-20,1,L052,FAC04,DST20,227,TL,CARF,15764,CC-104
SHP03576,97876627,2025-05-19,2025-05-21,2,L057,FAC05,DST10,289,LTL,CARC,2437,CC-105
SHP03577,42710280,2025-05-19,2025-05-23,4,L033,FAC03,DST14,1061,LTL,CARB,415,CC-103
SHP03578,55802069,2025-05-19,2025-05-22,3,L043,FAC04,DST09,753,LTL,CARE,663,CC-104
SHP03579,02501070,2025-05-19,2025-05-20,1,L006,FAC01,DST10,315,LTL,CARB,924,CC-101
SHP03580,67031689,2025-05-19,2025-05-23,4,L029,FAC03,DST05,1333,TL,CARG,41163,CC-103
SHP03581,49783085,2025-05-19,2025-05-23,4,L030,FAC03,DST08,1199,LTL,CARC,1115,CC-103
SHP03582,34434275,2025-05-19,2025-05-22,3,L044,FAC04,DST10,475,LTL,CARB,1847,CC-104
SHP03583,20518284,2025-05-20,2025-05-25,5,L002,FAC01,DST05,1430,LTL,CARB,866,CC-101
SHP03584,26330309,2025-05-20,2025-05-23,3,L037,FAC03,DST20,871,LTL,CARE,553,CC-103
SHP03585,58561460,2025-05-20,2025-05-22,2,L006,FAC01,DST10,315,LTL,CARB,793,CC-101
SHP03586,95452278,2025-05-20,2025-05-22,2,L032,FAC03,DST11,545,TL,CARH,15565,CC-103
SHP03587,20522120,2025-05-20,2025-05-21,1,L012,FAC01,DST20,323,LTL,CARB,741,CC-101
SHP03588,09511423,2025-05-20,2025-05-22,2,L052,FAC04,DST20,227,LTL,CARE,2103,CC-104
SHP03589,08697589,2025-05-20,2025-05-23,3,L002,FAC01,DST05,1430,TL,CARF,28147,CC-101
SHP03590,72524118,2025-05-20,2025-05-21,1,L011,FAC01,DST18,198,LTL,CARD,838,CC-101
SHP03591,11532778,2025-05-20,2025-05-24,4,L014,FAC02,DST03,1123,LTL,CARD,631,CC-102
SHP03592,15946761,2025-05-20,2025-05-22,2,L041,FAC04,DST07,400,LTL,CARB,1306,CC-104
SHP03593,76900530,2025-05-20,2025-05-24,4,L036,FAC03,DST19,1283,LTL,CARC,454,CC-103
SHP03594,46413507,2025-05-20,2025-05-22,2,L039,FAC04,DST03,771,LTL,CARA,1533,CC-104
SHP03595,06163620,2025-05-20,2025-05-23,3,L026,FAC03,DST02,1557,TL,CARH,39312,CC-103
SHP03596,80604096,2025-05-20,2025-05-22,2,L058,FAC05,DST13,581,LTL,CARA,1175,CC-105
SHP03597,67470703,2025-05-21,2025-05-24,3,L060,FAC05,DST19,791,LTL,CARD,2807,CC-105
SHP03598,18323048,2025-05-21,2025-05-24,3,L038,FAC04,DST01,571,LTL,CARD,1454,CC-104
SHP03599,14416012,2025-05-21,2025-05-24,3,L024,FAC02,DST19,626,LTL,CARD,2068,CC-102
SHP03600,02950513,2025-05-21,2025-05-25,4,L034,FAC03,DST15,1485,LTL,CARA,438,CC-103
SHP03601,71678796,2025-05-21,2025-05-25,4,L002,FAC01,DST05,1430,TL,CARF,18126,CC-101
SHP03602,10610949,2025-05-21,2025-05-23,2,L060,FAC05,DST19,791,LTL,CARA,1273,CC-105
SHP03603,66503475,2025-05-21,2025-05-24,3,L036,FAC03,DST19,1283,LTL,CARC,895,CC-103
SHP03604,65962854,2025-05-21,2025-05-22,1,L042,FAC04,DST08,197,LTL,CARB,3539,CC-104
SHP03605,62123774,2025-05-21,2025-05-22,1,L056,FAC05,DST07,236,LTL,CARE,884,CC-105
SHP03606,61602186,2025-05-21,2025-05-24,3,L060,FAC05,DST19,791,LTL,CARA,3557,CC-105
SHP03607,32338927,2025-05-21,2025-05-25,4,L014,FAC02,DST03,1123,LTL,CARA,1345,CC-102
SHP03608,78691471,2025-05-21,2025-05-25,4,L002,FAC01,DST05,1430,LTL,CARB,1069,CC-101
SHP03609,62735371,2025-05-21,2025-05-24,3,L045,FAC04,DST11,743,LTL,CARE,1226,CC-104
SHP03610,01871535,2025-05-21,2025-05-22,1,L041,FAC04,DST07,400,LTL,CARA,484,CC-104
SHP03611,38409400,2025-05-21,2025-05-22,1,L012,FAC01,DST20,323,LTL,CARC,216,CC-101
SHP03612,60143670,2025-05-21,2025-05-26,5,L022,FAC02,DST14,1906,LTL,CARE,1194,CC-102
SHP03613,80065288,2025-05-21,2025-05-25,4,L026,FAC03,DST02,1557,LTL,CARA,821,CC-103
SHP03614,85377991,2025-05-21,2025-05-22,1,L015,FAC02,DST07,257,LTL,CARD,464,CC-102
SHP03615,67613907,2025-05-22,2025-05-24,2,L032,FAC03,DST11,545,LTL,CARD,1477,CC-103
SHP03616,31136907,2025-05-22,2025-05-25,3,L045,FAC04,DST11,743,LTL,CARE,914,CC-104
SHP03617,76191254,2025-05-22,2025-05-25,3,L032,FAC03,DST11,545,LTL,CARD,824,CC-103
SHP03618,11759497,2025-05-22,2025-05-24,2,L024,FAC02,DST19,626,TL,CARH,35413,CC-102
SHP03619,24537818,2025-05-22,2025-05-29,7,L048,FAC04,DST16,2410,LTL,CARB,1569,CC-104
SHP03620,35060569,2025-05-22,2025-05-23,1,L051,FAC04,DST19,195,TL,CARG,16090,CC-104
SHP03621,28727734,2025-05-22,2025-05-28,6,L059,FAC05,DST16,2236,TL,CARH,22843,CC-105
SHP03622,66387964,2025-05-22,2025-05-28,6,L027,FAC03,DST03,1859,LTL,CARA,2303,CC-103
SHP03623,38717492,2025-05-22,2025-05-26,4,L002,FAC01,DST05,1430,LTL,CARB,1841,CC-101
SHP03624,67320303,2025-05-22,2025-05-27,5,L009,FAC01,DST16,2079,LTL,CARE,1329,CC-101
SHP03625,79258676,2025-05-22,2025-05-25,3,L037,FAC03,DST20,871,LTL,CARE,419,CC-103
SHP03626,89006987,2025-05-22,2025-05-25,3,L054,FAC05,DST04,624,LTL,CARB,3679,CC-105
SHP03627,75691074,2025-05-22,2025-05-28,6,L059,FAC05,DST16,2236,LTL,CARA,1331,CC-105
SHP03628,33743523,2025-05-22,2025-05-28,6,L022,FAC02,DST14,1906,LTL,CARE,1737,CC-102
SHP03629,55340616,2025-05-22,2025-05-27,5,L047,FAC04,DST15,2368,TL,CARF,23572,CC-104
SHP03630,96187110,2025-05-22,2025-05-26,4,L008,FAC01,DST14,1742,TL,CARH,17822,CC-101
SHP03631,04167917,2025-05-22,2025-05-23,1,L011,FAC01,DST18,198,LTL,CARD,6688,CC-101
SHP03632,28617783,2025-05-22,2025-05-26,4,L017,FAC02,DST09,1090,LTL,CARE,2016,CC-102
SHP03633,61855195,2025-05-22,2025-05-25,3,L038,FAC04,DST01,571,LTL,CARD,963,CC-104
SHP03634,58748641,2025-05-22,2025-05-24,2,L055,FAC05,DST06,820,LTL,CARD,1548,CC-105
SHP03635,01833853,2025-05-22,2025-05-25,3,L030,FAC03,DST08,1199,LTL,CARC,208,CC-103
SHP03636,43925365,2025-05-22,2025-05-25,3,L045,FAC04,DST11,743,LTL,CARE,572,CC-104
SHP03637,59427399,2025-05-22,2025-05-24,2,L006,FAC01,DST10,315,LTL,CARE,1324,CC-101
SHP03638,79084255,2025-05-22,2025-05-26,4,L053,FAC05,DST03,1362,LTL,CARE,484,CC-105
SHP03639,18162147,2025-05-22,2025-05-27,5,L022,FAC02,DST14,1906,LTL,CARE,497,CC-102
SHP03640,33377916,2025-05-22,2025-05-24,2,L011,FAC01,DST18,198,TL,CARG,25030,CC-101
SHP03641,87991348,2025-05-22,2025-05-28,6,L046,FAC04,DST14,1996,LTL,CARB,540,CC-104
SHP03642,47765748,2025-05-22,2025-05-26,4,L010,FAC01,DST17,1508,LTL,CARC,2721,CC-101
SHP03643,66528699,2025-05-22,2025-05-24,2,L001,FAC01,DST04,705,TL,CARG,23722,CC-101
SHP03644,42157964,2025-05-22,2025-05-25,3,L045,FAC04,DST11,743,LTL,CARC,1050,CC-104
SHP03645,77863783,2025-05-23,2025-05-24,1,L032,FAC03,DST11,545,TL,CARH,36750,CC-103
SHP03646,26753976,2025-05-23,2025-05-29,6,L059,FAC05,DST16,2236,LTL,CARA,2152,CC-105
SHP03647,59530739,2025-05-23,2025-05-29,6,L027,FAC03,DST03,1859,LTL,CARD,566,CC-103
SHP03648,75686810,2025-05-23,2025-05-27,4,L053,FAC05,DST03,1362,TL,CARG,23371,CC-105
SHP03649,64486898,2025-05-23,2025-05-25,2,L006,FAC01,DST10,315,LTL,CARE,971,CC-101
SHP03650,74041359,2025-05-23,2025-05-26,3,L024,FAC02,DST19,626,LTL,CARD,1741,CC-102
SHP03651,18290493,2025-05-23,2025-05-24,1,L011,FAC01,DST18,198,LTL,CARD,852,CC-101
SHP03652,03961054,2025-05-23,2025-05-25,2,L038,FAC04,DST01,571,LTL,CARD,417,CC-104
SHP03653,02693059,2025-05-23,2025-05-27,4,L003,FAC01,DST06,1183,LTL,CARC,6454,CC-101
SHP03654,40697358,2025-05-23,2025-05-25,2,L039,FAC04,DST03,771,LTL,CARE,4108,CC-104
SHP03655,64713000,2025-05-23,2025-05-28,5,L049,FAC04,DST17,1818,LTL,CARA,1059,CC-104
SHP03656,48780610,2025-05-23,2025-05-24,1,L025,FAC02,DST20,384,TL,CARG,41106,CC-102
SHP03657,89272038,2025-05-23,2025-05-24,1,L051,FAC04,DST19,195,TL,CARG,24006,CC-104
SHP03658,63180827,2025-05-23,2025-05-27,4,L028,FAC03,DST04,1114,LTL,CARC,702,CC-103
SHP03659,94940873,2025-05-23,2025-05-27,4,L034,FAC03,DST15,1485,LTL,CARB,1860,CC-103
SHP03660,43589153,2025-05-23,2025-05-27,4,L033,FAC03,DST14,1061,LTL,CARB,687,CC-103
SHP03661,88634920,2025-05-23,2025-05-28,5,L022,FAC02,DST14,1906,LTL,CARE,425,CC-102
SHP03662,87527202,2025-05-23,2025-05-29,6,L035,FAC03,DST16,2015,LTL,CARD,1671,CC-103
SHP03663,01290939,2025-05-23,2025-05-28,5,L010,FAC01,DST17,1508,LTL,CARC,1083,CC-101
SHP03664,87202805,2025-05-23,2025-05-29,6,L022,FAC02,DST14,1906,LTL,CARE,941,CC-102
SHP03665,15791514,2025-05-23,2025-05-26,3,L055,FAC05,DST06,820,LTL,CARD,1158,CC-105
SHP03666,19530379,2025-05-23,2025-05-24,1,L057,FAC05,DST10,289,LTL,CARE,571,CC-105
SHP03667,46816656,2025-05-23,2025-05-24,1,L042,FAC04,DST08,197,LTL,CARC,3721,CC-104
SHP03668,36964063,2025-05-23,2025-05-26,3,L039,FAC04,DST03,771,LTL,CARE,534,CC-104
SHP03669,66738822,2025-05-23,2025-05-28,5,L034,FAC03,DST15,1485,LTL,CARA,675,CC-103
SHP03670,04743628,2025-05-23,2025-05-28,5,L053,FAC05,DST03,1362,LTL,CARE,2467,CC-105
SHP03671,81227432,2025-05-23,2025-05-26,3,L019,FAC02,DST11,811,LTL,CARD,708,CC-102
SHP03672,68917728,2025-05-23,2025-05-28,5,L035,FAC03,DST16,2015,TL,CARF,22609,CC-103
SHP03673,39816157,2025-05-23,2025-05-25,2,L012,FAC01,DST20,323,LTL,CARC,588,CC-101
SHP03674,68156064,2025-05-23,2025-05-26,3,L039,FAC04,DST03,771,LTL,CARA,1427,CC-104
SHP03675,23919276,2025-05-23,2025-05-26,3,L019,FAC02,DST11,811,LTL,CARD,502,CC-102
SHP03676,38601382,2025-05-24,2025-05-27,3,L031,FAC03,DST10,657,LTL,CARC,1042,CC-103
SHP03677,36407317,2025-05-24,2025-05-27,3,L017,FAC02,DST09,1090,TL,CARF,38953,CC-102
SHP03678,49947549,2025-05-24,2025-05-27,3,L017,FAC02,DST09,1090,LTL,CARE,777,CC-102
SHP03679,66193890,2025-05-24,2025-05-25,1,L056,FAC05,DST07,236,TL,CARG,41223,CC-105
SHP03680,23991728,2025-05-24,2025-05-28,4,L002,FAC01,DST05,1430,LTL,CARB,295,CC-101
SHP03681,15267851,2025-05-24,2025-05-27,3,L021,FAC02,DST13,841,LTL,CARB,1685,CC-102
SHP03682,81334806,2025-05-24,2025-05-26,2,L018,FAC02,DST10,561,LTL,CARB,3769,CC-102
SHP03683,25834444,2025-05-24,2025-05-27,3,L040,FAC04,DST05,1193,LTL,CARC,510,CC-104
SHP03684,85767064,2025-05-24,2025-05-27,3,L014,FAC02,DST03,1123,LTL,CARA,2104,CC-102
SHP03685,03140609,2025-05-24,2025-05-27,3,L043,FAC04,DST09,753,LTL,CARE,4601,CC-104
SHP03686,13356691,2025-05-24,2025-05-29,5,L046,FAC04,DST14,1996,LTL,CARB,1411,CC-104
SHP03687,61309264,2025-05-24,2025-05-30,6,L048,FAC04,DST16,2410,LTL,CARC,211,CC-104
SHP03688,28173884,2025-05-24,2025-05-27,3,L044,FAC04,DST10,475,LTL,CARB,3856,CC-104
SHP03689,55199282,2025-05-24,2025-05-27,3,L060,FAC05,DST19,791,LTL,CARD,911,CC-105
SHP03690,20584310,2025-05-24,2025-05-25,1,L052,FAC04,DST20,227,TL,CARF,20655,CC-104
SHP03691,63712798,2025-05-24,2025-05-27,3,L030,FAC03,DST08,1199,LTL,CARC,3594,CC-103
SHP03692,12615293,2025-05-24,2025-05-25,1,L051,FAC04,DST19,195,TL,CARG,25577,CC-104
SHP03693,29323947,2025-05-24,2025-05-30,6,L059,FAC05,DST16,2236,LTL,CARA,347,CC-105
SHP03694,91275530,2025-05-24,2025-05-27,3,L033,FAC03,DST14,1061,LTL,CARB,2168,CC-103
SHP03695,13959060,2025-05-24,2025-05-26,2,L037,FAC03,DST20,871,LTL,CARD,488,CC-103
SHP03696,08626701,2025-05-24,2025-05-26,2,L031,FAC03,DST10,657,LTL,CARA,371,CC-103
SHP03697,16530370,2025-05-24,2025-05-28,4,L020,FAC02,DST12,1452,LTL,CARA,794,CC-102
SHP03698,81111199,2025-05-24,2025-05-28,4,L002,FAC01,DST05,1430,LTL,CARE,344,CC-101
SHP03699,65238745,2025-05-24,2025-05-27,3,L029,FAC03,DST05,1333,LTL,CARA,1169,CC-103
SHP03700,36901116,2025-05-24,2025-05-29,5,L008,FAC01,DST14,1742,LTL,CARA,933,CC-101
SHP03701,61961704,2025-05-24,2025-05-28,4,L040,FAC04,DST05,1193,LTL,CARC,514,CC-104
SHP03702,36837493,2025-05-24,2025-05-29,5,L020,FAC02,DST12,1452,LTL,CARA,2085,CC-102
SHP03703,11934944,2025-05-24,2025-05-30,6,L059,FAC05,DST16,2236,LTL,CARA,1347,CC-105
SHP03704,58276360,2025-05-24,2025-05-29,5,L059,FAC05,DST16,2236,LTL,CARA,779,CC-105
SHP03705,11561670,2025-05-24,2025-05-29,5,L008,FAC01,DST14,1742,LTL,CARE,1852,CC-101
SHP03706,36267013,2025-05-24,2025-05-27,3,L058,FAC05,DST13,581,LTL,CARD,486,CC-105
SHP03707,96285472,2025-05-24,2025-05-25,1,L005,FAC01,DST08,284,LTL,CARD,1789,CC-101
SHP03708,48500331,2025-05-24,2025-05-30,6,L048,FAC04,DST16,2410,TL,CARG,39391,CC-104
SHP03709,51566625,2025-05-24,2025-05-28,4,L003,FAC01,DST06,1183,LTL,CARD,2421,CC-101
SHP03710,78965698,2025-05-24,2025-05-27,3,L001,FAC01,DST04,705,LTL,CARC,428,CC-101
SHP03711,71577526,2025-05-24,2025-05-29,5,L020,FAC02,DST12,1452,LTL,CARB,446,CC-102
SHP03712,28962866,2025-05-24,2025-05-27,3,L045,FAC04,DST11,743,LTL,CARC,749,CC-104
SHP03713,40847462,2025-05-24,2025-05-27,3,L010,FAC01,DST17,1508,TL,CARG,20021,CC-101
SHP03714,70563374,2025-05-24,2025-05-28,4,L008,FAC01,DST14,1742,LTL,CARA,811,CC-101
SHP03715,14227935,2025-05-24,2025-05-28,4,L017,FAC02,DST09,1090,LTL,CARE,1582,CC-102
SHP03716,71615081,2025-05-24,2025-05-25,1,L056,FAC05,DST07,236,LTL,CARD,596,CC-105
SHP03717,25283711,2025-05-24,2025-05-27,3,L055,FAC05,DST06,820,LTL,CARD,1047,CC-105
SHP03718,09294489,2025-05-24,2025-05-26,2,L021,FAC02,DST13,841,LTL,CARB,644,CC-102
SHP03719,24049337,2025-05-25,2025-05-28,3,L038,FAC04,DST01,571,LTL,CARB,759,CC-104
SHP03720,37466367,2025-05-25,2025-05-27,2,L012,FAC01,DST20,323,LTL,CARC,530,CC-101
SHP03721,87387733,2025-05-25,2025-05-29,4,L030,FAC03,DST08,1199,TL,CARF,33343,CC-103
SHP03722,31572761,2025-05-25,2025-05-27,2,L005,FAC01,DST08,284,TL,CARG,35884,CC-101
SHP03723,75531404,2025-05-25,2025-05-27,2,L043,FAC04,DST09,753,LTL,CARC,818,CC-104
SHP03724,17239898,2025-05-25,2025-05-29,4,L028,FAC03,DST04,1114,LTL,CARE,1811,CC-103
SHP03725,28278264,2025-05-25,2025-05-27,2,L006,FAC01,DST10,315,LTL,CARB,387,CC-101
SHP03726,39093812,2025-05-25,2025-05-30,5,L035,FAC03,DST16,2015,LTL,CARA,4073,CC-103
SHP03727,23944318,2025-05-25,2025-05-28,3,L055,FAC05,DST06,820,LTL,CARE,1194,CC-105
SHP03728,59608857,2025-05-25,2025-05-28,3,L016,FAC02,DST08,717,LTL,CARC,1127,CC-102
SHP03729,41990192,2025-05-25,2025-05-28,3,L039,FAC04,DST03,771,LTL,CARE,471,CC-104
SHP03730,21031782,2025-05-25,2025-05-27,2,L055,FAC05,DST06,820,LTL,CARE,1731,CC-105
SHP03731,28029208,2025-05-25,2025-05-27,2,L056,FAC05,DST07,236,LTL,CARE,695,CC-105
SHP03732,87961033,2025-05-25,2025-05-29,4,L002,FAC01,DST05,1430,LTL,CARE,6201,CC-101
SHP03733,19698602,2025-05-25,2025-05-28,3,L024,FAC02,DST19,626,LTL,CARC,1675,CC-102
SHP03734,79194353,2025-05-25,2025-05-27,2,L004,FAC01,DST07,477,LTL,CARA,908,CC-101
SHP03735,04347563,2025-05-25,2025-05-28,3,L016,FAC02,DST08,717,LTL,CARE,1070,CC-102
SHP03736,40553020,2025-05-25,2025-05-28,3,L033,FAC03,DST14,1061,LTL,CARB,1551,CC-103
SHP03737,03572925,2025-05-25,2025-05-28,3,L037,FAC03,DST20,871,LTL,CARE,304,CC-103
SHP03738,80680370,2025-05-25,2025-05-28,3,L045,FAC04,DST11,743,TL,CARF,28716,CC-104
SHP03739,27354962,2025-05-25,2025-05-28,3,L038,FAC04,DST01,571,LTL,CARB,1113,CC-104
SHP03740,04346925,2025-05-26,2025-05-30,4,L036,FAC03,DST19,1283,LTL,CARD,2591,CC-103
SHP03741,86372854,2025-05-26,2025-05-27,1,L011,FAC01,DST18,198,LTL,CARE,770,CC-101
SHP03742,62908264,2025-05-26,2025-06-01,6,L035,FAC03,DST16,2015,LTL,CARD,981,CC-103
SHP03743,75989720,2025-05-26,2025-05-30,4,L034,FAC03,DST15,1485,LTL,CARA,480,CC-103
SHP03744,45247271,2025-05-26,2025-05-29,3,L039,FAC04,DST03,771,LTL,CARA,265,CC-104
SHP03745,89483841,2025-05-26,2025-05-31,5,L059,FAC05,DST16,2236,LTL,CARA,7440,CC-105
SHP03746,79736454,2025-05-26,2025-05-27,1,L042,FAC04,DST08,197,LTL,CARB,539,CC-104
SHP03747,63305143,2025-05-26,2025-05-29,3,L016,FAC02,DST08,717,TL,CARG,40828,CC-102
SHP03748,85411423,2025-05-26,2025-05-29,3,L058,FAC05,DST13,581,LTL,CARA,579,CC-105
SHP03749,87023388,2025-05-26,2025-05-30,4,L007,FAC01,DST12,1102,TL,CARF,17172,CC-101
SHP03750,05096248,2025-05-26,2025-05-28,2,L041,FAC04,DST07,400,LTL,CARB,357,CC-104
SHP03751,74024898,2025-05-26,2025-05-30,4,L034,FAC03,DST15,1485,LTL,CARA,650,CC-103
SHP03752,51346527,2025-05-26,2025-05-31,5,L002,FAC01,DST05,1430,LTL,CARB,1345,CC-101
SHP03753,62306237,2025-05-26,2025-05-29,3,L036,FAC03,DST19,1283,LTL,CARD,1098,CC-103
SHP03754,55529221,2025-05-26,2025-06-01,6,L022,FAC02,DST14,1906,LTL,CARC,1024,CC-102
SHP03755,99097544,2025-05-26,2025-05-31,5,L059,FAC05,DST16,2236,LTL,CARB,599,CC-105
SHP03756,07724105,2025-05-26,2025-05-30,4,L029,FAC03,DST05,1333,LTL,CARD,1882,CC-103
SHP03757,49346038,2025-05-26,2025-05-29,3,L029,FAC03,DST05,1333,LTL,CARA,948,CC-103
SHP03758,16865387,2025-05-26,2025-05-28,2,L051,FAC04,DST19,195,TL,CARG,28952,CC-104
SHP03759,01313083,2025-05-26,2025-05-28,2,L042,FAC04,DST08,197,LTL,CARC,3022,CC-104
SHP03760,31301321,2025-05-26,2025-05-27,1,L050,FAC04,DST18,202,TL,CARH,17957,CC-104
SHP03761,23337822,2025-05-26,2025-05-28,2,L045,FAC04,DST11,743,LTL,CARE,937,CC-104
SHP03762,22672368,2025-05-27,2025-05-31,4,L040,FAC04,DST05,1193,LTL,CARC,891,CC-104
SHP03763,30477206,2025-05-27,2025-05-30,3,L028,FAC03,DST04,1114,LTL,CARC,787,CC-103
SHP03764,13697595,2025-05-27,2025-06-01,5,L026,FAC03,DST02,1557,LTL,CARA,329,CC-103
SHP03765,92776659,2025-05-27,2025-05-31,4,L040,FAC04,DST05,1193,TL,CARF,41119,CC-104
SHP03766,62227779,2025-05-27,2025-05-28,1,L032,FAC03,DST11,545,TL,CARH,29198,CC-103
SHP03767,89013550,2025-05-27,2025-05-29,2,L015,FAC02,DST07,257,TL,CARH,27791,CC-102
SHP03768,86153630,2025-05-27,2025-06-01,5,L035,FAC03,DST16,2015,LTL,CARD,1519,CC-103
SHP03769,34004021,2025-05-27,2025-06-01,5,L010,FAC01,DST17,1508,LTL,CARA,2712,CC-101
SHP03770,51703716,2025-05-27,2025-05-29,2,L045,FAC04,DST11,743,LTL,CARE,3514,CC-104
SHP03771,34456507,2025-05-27,2025-06-01,5,L008,FAC01,DST14,1742,TL,CARH,18592,CC-101
SHP03772,88576976,2025-05-27,2025-05-31,4,L026,FAC03,DST02,1557,LTL,CARD,1610,CC-103
SHP03773,01742889,2025-05-27,2025-05-29,2,L021,FAC02,DST13,841,TL,CARG,39366,CC-102
SHP03774,69090955,2025-05-27,2025-05-29,2,L043,FAC04,DST09,753,LTL,CARC,760,CC-104
SHP03775,60168694,2025-05-27,2025-05-30,3,L032,FAC03,DST11,545,LTL,CARC,513,CC-103
SHP03776,83989202,2025-05-27,2025-05-29,2,L023,FAC02,DST18,513,LTL,CARD,2067,CC-102
SHP03777,86921154,2025-05-27,2025-06-01,5,L022,FAC02,DST14,1906,LTL,CARC,367,CC-102
SHP03778,67401979,2025-05-27,2025-05-29,2,L015,FAC02,DST07,257,LTL,CARB,1037,CC-102
SHP03779,68506687,2025-05-27,2025-05-29,2,L043,FAC04,DST09,753,LTL,CARC,1617,CC-104
SHP03780,85413942,2025-05-27,2025-05-29,2,L037,FAC03,DST20,871,TL,CARG,21404,CC-103
SHP03781,47096523,2025-05-27,2025-05-29,2,L013,FAC02,DST02,798,LTL,CARB,3561,CC-102
SHP03782,60421699,2025-05-27,2025-05-29,2,L039,FAC04,DST03,771,LTL,CARA,6583,CC-104
SHP03783,80319600,2025-05-27,2025-05-29,2,L021,FAC02,DST13,841,TL,CARG,41622,CC-102
SHP03784,57929101,2025-05-27,2025-05-31,4,L010,FAC01,DST17,1508,LTL,CARC,688,CC-101
SHP03785,40046608,2025-05-27,2025-05-29,2,L018,FAC02,DST10,561,TL,CARH,24943,CC-102
SHP03786,98005003,2025-05-27,2025-06-01,5,L022,FAC02,DST14,1906,TL,CARH,30776,CC-102
SHP03787,31329058,2025-05-27,2025-05-29,2,L055,FAC05,DST06,820,LTL,CARD,2744,CC-105
SHP03788,49459641,2025-05-27,2025-05-31,4,L008,FAC01,DST14,1742,LTL,CARE,1351,CC-101
SHP03789,53043265,2025-05-27,2025-05-30,3,L013,FAC02,DST02,798,LTL,CARA,1209,CC-102
SHP03790,40246122,2025-05-27,2025-05-29,2,L019,FAC02,DST11,811,LTL,CARC,2796,CC-102
SHP03791,79692720,2025-05-27,2025-05-31,4,L036,FAC03,DST19,1283,LTL,CARC,947,CC-103
SHP03792,81061672,2025-05-28,2025-05-31,3,L001,FAC01,DST04,705,TL,CARG,23018,CC-101
SHP03793,02778957,2025-05-28,2025-05-29,1,L041,FAC04,DST07,400,TL,CARH,39968,CC-104
SHP03794,15481754,2025-05-28,2025-06-01,4,L026,FAC03,DST02,1557,LTL,CARA,1373,CC-103
SHP03795,35504662,2025-05-28,2025-05-29,1,L056,FAC05,DST07,236,LTL,CARD,780,CC-105
SHP03796,05431259,2025-05-28,2025-05-31,3,L044,FAC04,DST10,475,LTL,CARE,1396,CC-104
SHP03797,21395997,2025-05-28,2025-05-30,2,L001,FAC01,DST04,705,LTL,CARC,1589,CC-101
SHP03798,38251416,2025-05-28,2025-05-31,3,L040,FAC04,DST05,1193,LTL,CARB,2030,CC-104
SHP03799,38997266,2025-05-28,2025-05-30,2,L055,FAC05,DST06,820,LTL,CARD,648,CC-105
SHP03800,58528271,2025-05-28,2025-06-01,4,L040,FAC04,DST05,1193,LTL,CARC,1170,CC-104
SHP03801,63235933,2025-05-28,2025-06-03,6,L047,FAC04,DST15,2368,LTL,CARC,426,CC-104
SHP03802,99990596,2025-05-28,2025-06-03,6,L047,FAC04,DST15,2368,LTL,CARD,1005,CC-104
SHP03803,72852615,2025-05-28,2025-05-31,3,L044,FAC04,DST10,475,LTL,CARB,1748,CC-104
SHP03804,40923882,2025-05-28,2025-06-03,6,L048,FAC04,DST16,2410,LTL,CARC,7500,CC-104
SHP03805,29431054,2025-05-28,2025-05-30,2,L038,FAC04,DST01,571,LTL,CARB,2330,CC-104
SHP03806,46930693,2025-05-28,2025-05-30,2,L021,FAC02,DST13,841,TL,CARG,28224,CC-102
SHP03807,27213916,2025-05-28,2025-05-31,3,L024,FAC02,DST19,626,LTL,CARC,884,CC-102
SHP03808,14968880,2025-05-28,2025-05-30,2,L005,FAC01,DST08,284,LTL,CARB,647,CC-101
SHP03809,86676601,2025-05-28,2025-05-30,2,L050,FAC04,DST18,202,LTL,CARC,4131,CC-104
SHP03810,81728830,2025-05-28,2025-05-31,3,L002,FAC01,DST05,1430,TL,CARF,31921,CC-101
SHP03811,16599164,2025-05-28,2025-05-30,2,L050,FAC04,DST18,202,TL,CARH,20509,CC-104
SHP03812,20742123,2025-05-28,2025-05-30,2,L005,FAC01,DST08,284,LTL,CARD,7500,CC-101
SHP03813,21618373,2025-05-28,2025-05-31,3,L031,FAC03,DST10,657,LTL,CARC,2654,CC-103
SHP03814,40179166,2025-05-28,2025-05-31,3,L055,FAC05,DST06,820,LTL,CARE,3096,CC-105
SHP03815,94964564,2025-05-28,2025-05-30,2,L045,FAC04,DST11,743,LTL,CARC,692,CC-104
SHP03816,39962198,2025-05-28,2025-06-03,6,L035,FAC03,DST16,2015,LTL,CARD,891,CC-103
SHP03817,83071084,2025-05-28,2025-05-30,2,L045,FAC04,DST11,743,TL,CARF,38245,CC-104
SHP03818,23002867,2025-05-29,2025-06-01,3,L007,FAC01,DST12,1102,LTL,CARE,4188,CC-101
SHP03819,91500296,2025-05-29,2025-06-01,3,L014,FAC02,DST03,1123,LTL,CARD,1316,CC-102
SHP03820,29459706,2025-05-29,2025-06-04,6,L049,FAC04,DST17,1818,LTL,CARC,3050,CC-104
SHP03821,59049703,2025-05-29,2025-06-04,6,L049,FAC04,DST17,1818,LTL,CARA,1083,CC-104
SHP03822,75585992,2025-05-29,2025-05-31,2,L052,FAC04,DST20,227,LTL,CARE,5951,CC-104
SHP03823,66898375,2025-05-29,2025-06-01,3,L054,FAC05,DST04,624,LTL,CARE,372,CC-105
SHP03824,67551979,2025-05-29,2025-06-01,3,L014,FAC02,DST03,1123,LTL,CARD,2729,CC-102
SHP03825,87947912,2025-05-29,2025-06-03,5,L026,FAC03,DST02,1557,LTL,CARD,2946,CC-103
SHP03826,11341619,2025-05-29,2025-06-02,4,L034,FAC03,DST15,1485,LTL,CARA,587,CC-103
SHP03827,44041907,2025-05-29,2025-05-30,1,L044,FAC04,DST10,475,TL,CARG,40447,CC-104
SHP03828,73465917,2025-05-29,2025-06-01,3,L021,FAC02,DST13,841,LTL,CARD,4096,CC-102
SHP03829,88782558,2025-05-29,2025-06-02,4,L040,FAC04,DST05,1193,LTL,CARC,890,CC-104
SHP03830,44340996,2025-05-29,2025-06-02,4,L014,FAC02,DST03,1123,LTL,CARA,592,CC-102
SHP03831,93429525,2025-05-29,2025-06-02,4,L040,FAC04,DST05,1193,LTL,CARC,1957,CC-104
SHP03832,88429724,2025-05-29,2025-06-03,5,L049,FAC04,DST17,1818,LTL,CARC,1325,CC-104
SHP03833,04036081,2025-05-29,2025-06-03,5,L053,FAC05,DST03,1362,LTL,CARE,1101,CC-105
SHP03834,63802890,2025-05-29,2025-05-31,2,L043,FAC04,DST09,753,LTL,CARE,558,CC-104
SHP03835,44171965,2025-05-29,2025-06-03,5,L027,FAC03,DST03,1859,LTL,CARA,1331,CC-103
SHP03836,37712373,2025-05-29,2025-05-31,2,L024,FAC02,DST19,626,LTL,CARC,933,CC-102
SHP03837,34458091,2025-05-29,2025-06-02,4,L036,FAC03,DST19,1283,LTL,CARD,588,CC-103
SHP03838,89651057,2025-05-29,2025-06-02,4,L020,FAC02,DST12,1452,LTL,CARA,1542,CC-102
SHP03839,13295436,2025-05-29,2025-06-04,6,L009,FAC01,DST16,2079,LTL,CARE,154,CC-101
SHP03840,32579840,2025-05-29,2025-06-01,3,L013,FAC02,DST02,798,TL,CARF,29864,CC-102
SHP03841,30898478,2025-05-29,2025-05-31,2,L018,FAC02,DST10,561,LTL,CARE,3045,CC-102
SHP03842,41515687,2025-05-29,2025-06-01,3,L038,FAC04,DST01,571,LTL,CARB,2127,CC-104
SHP03843,85044448,2025-05-29,2025-05-30,1,L006,FAC01,DST10,315,LTL,CARE,584,CC-101
SHP03844,62918453,2025-05-29,2025-06-02,4,L030,FAC03,DST08,1199,LTL,CARD,7500,CC-103
SHP03845,41020736,2025-05-29,2025-06-01,3,L053,FAC05,DST03,1362,TL,CARG,27304,CC-105
SHP03846,54108052,2025-05-30,2025-06-02,3,L007,FAC01,DST12,1102,LTL,CARB,2110,CC-101
SHP03847,96335731,2025-05-30,2025-06-03,4,L020,FAC02,DST12,1452,LTL,CARA,1565,CC-102
SHP03848,26266922,2025-05-30,2025-06-01,2,L011,FAC01,DST18,198,LTL,CARE,1028,CC-101
SHP03849,31288911,2025-05-30,2025-06-05,6,L047,FAC04,DST15,2368,TL,CARF,22419,CC-104
SHP03850,27348136,2025-05-30,2025-05-31,1,L004,FAC01,DST07,477,TL,CARH,30547,CC-101
SHP03851,55125477,2025-05-30,2025-06-01,2,L054,FAC05,DST04,624,TL,CARG,36970,CC-105
SHP03852,08821943,2025-05-30,2025-06-04,5,L059,FAC05,DST16,2236,LTL,CARA,4272,CC-105
SHP03853,79551056,2025-05-30,2025-06-05,6,L027,FAC03,DST03,1859,LTL,CARA,984,CC-103
SHP03854,75264369,2025-05-30,2025-06-05,6,L022,FAC02,DST14,1906,LTL,CARE,970,CC-102
SHP03855,90429792,2025-05-30,2025-06-01,2,L021,FAC02,DST13,841,LTL,CARD,1928,CC-102
SHP03856,90407393,2025-05-30,2025-06-02,3,L017,FAC02,DST09,1090,LTL,CARC,1320,CC-102
SHP03857,02424964,2025-05-30,2025-05-31,1,L023,FAC02,DST18,513,TL,CARF,15336,CC-102
SHP03858,05676861,2025-05-30,2025-05-31,1,L050,FAC04,DST18,202,LTL,CARD,4418,CC-104
SHP03859,51865303,2025-05-30,2025-06-02,3,L033,FAC03,DST14,1061,LTL,CARD,507,CC-103
SHP03860,17522205,2025-05-30,2025-06-02,3,L024,FAC02,DST19,626,LTL,CARC,972,CC-102
SHP03861,58106921,2025-05-30,2025-06-02,3,L028,FAC03,DST04,1114,LTL,CARE,1995,CC-103
SHP03862,26483888,2025-05-30,2025-06-01,2,L044,FAC04,DST10,475,LTL,CARE,1782,CC-104
SHP03863,06795231,2025-05-30,2025-05-31,1,L015,FAC02,DST07,257,LTL,CARD,3901,CC-102
SHP03864,05039655,2025-05-30,2025-06-01,2,L044,FAC04,DST10,475,LTL,CARE,2434,CC-104
SHP03865,71078228,2025-05-30,2025-06-03,4,L033,FAC03,DST14,1061,LTL,CARD,2035,CC-103
SHP03866,65848943,2025-05-30,2025-06-05,6,L027,FAC03,DST03,1859,LTL,CARA,2796,CC-103
SHP03867,14360749,2025-05-30,2025-06-01,2,L018,FAC02,DST10,561,LTL,CARB,3053,CC-102
SHP03868,47344893,2025-05-31,2025-06-03,3,L016,FAC02,DST08,717,LTL,CARC,920,CC-102
SHP03869,80170307,2025-05-31,2025-06-01,1,L006,FAC01,DST10,315,LTL,CARB,267,CC-101
SHP03870,63895177,2025-05-31,2025-06-02,2,L058,FAC05,DST13,581,LTL,CARA,1328,CC-105
SHP03871,14980744,2025-05-31,2025-06-05,5,L059,FAC05,DST16,2236,TL,CARH,39093,CC-105
SHP03872,01750045,2025-05-31,2025-06-01,1,L052,FAC04,DST20,227,LTL,CARD,516,CC-104
SHP03873,49030520,2025-05-31,2025-06-04,4,L053,FAC05,DST03,1362,LTL,CARE,485,CC-105
SHP03874,78790069,2025-05-31,2025-06-02,2,L032,FAC03,DST11,545,LTL,CARC,560,CC-103
SHP03875,75148084,2025-05-31,2025-06-01,1,L057,FAC05,DST10,289,LTL,CARC,360,CC-105
SHP03876,52742561,2025-05-31,2025-06-05,5,L022,FAC02,DST14,1906,LTL,CARC,621,CC-102
SHP03877,52519776,2025-05-31,2025-06-04,4,L014,FAC02,DST03,1123,LTL,CARA,1056,CC-102
SHP03878,87050735,2025-05-31,2025-06-05,5,L035,FAC03,DST16,2015,LTL,CARA,3140,CC-103
SHP03879,55010729,2025-05-31,2025-06-05,5,L053,FAC05,DST03,1362,LTL,CARE,1687,CC-105
SHP03880,54034691,2025-05-31,2025-06-04,4,L008,FAC01,DST14,1742,LTL,CARA,3867,CC-101
SHP03881,89893678,2025-05-31,2025-06-06,6,L046,FAC04,DST14,1996,LTL,CARB,763,CC-104
SHP03882,93093887,2025-05-31,2025-06-03,3,L028,FAC03,DST04,1114,LTL,CARC,4396,CC-103
SHP03883,59936258,2025-05-31,2025-06-01,1,L011,FAC01,DST18,198,LTL,CARE,487,CC-101
SHP03884,88531093,2025-05-31,2025-06-05,5,L020,FAC02,DST12,1452,LTL,CARA,204,CC-102
SHP03885,71468367,2025-05-31,2025-06-03,3,L031,FAC03,DST10,657,TL,CARF,16036,CC-103
SHP03886,02066020,2025-05-31,2025-06-03,3,L031,FAC03,DST10,657,LTL,CARC,1329,CC-103
SHP03887,70245866,2025-05-31,2025-06-06,6,L046,FAC04,DST14,1996,LTL,CARB,4643,CC-104
SHP03888,35809113,2025-05-31,2025-06-02,2,L050,FAC04,DST18,202,LTL,CARD,779,CC-104
SHP03889,71983065,2025-05-31,2025-06-02,2,L023,FAC02,DST18,513,LTL,CARD,796,CC-102
SHP03890,37775696,2025-05-31,2025-06-03,3,L013,FAC02,DST02,798,LTL,CARB,504,CC-102
SHP03891,22422467,2025-05-31,2025-06-03,3,L024,FAC02,DST19,626,LTL,CARC,3265,CC-102
SHP03892,17333841,2025-05-31,2025-06-03,3,L021,FAC02,DST13,841,LTL,CARB,765,CC-102
SHP03893,48667859,2025-05-31,2025-06-05,5,L002,FAC01,DST05,1430,LTL,CARB,1757,CC-101
SHP03894,20854753,2025-05-31,2025-06-03,3,L017,FAC02,DST09,1090,LTL,CARC,243,CC-102
SHP03895,78562586,2025-05-31,2025-06-04,4,L033,FAC03,DST14,1061,LTL,CARB,4081,CC-103
SHP03896,60886117,2025-05-31,2025-06-03,3,L054,FAC05,DST04,624,LTL,CARB,1262,CC-105
SHP03897,20075844,2025-05-31,2025-06-04,4,L028,FAC03,DST04,1114,LTL,CARC,3091,CC-103
SHP03898,66123073,2025-05-31,2025-06-03,3,L045,FAC04,DST11,743,TL,CARF,20823,CC-104
SHP03899,86083287,2025-05-31,2025-06-03,3,L007,FAC01,DST12,1102,LTL,CARB,1003,CC-101
SHP03900,15577896,2025-05-31,2025-06-04,4,L053,FAC05,DST03,1362,TL,CARG,27254,CC-105
SHP03901,24295575,2025-06-01,2025-06-06,5,L022,FAC02,DST14,1906,LTL,CARC,1147,CC-102
SHP03902,27050845,2025-06-01,2025-06-04,3,L029,FAC03,DST05,1333,LTL,CARA,1896,CC-103
SHP03903,25982258,2025-06-01,2025-06-05,4,L003,FAC01,DST06,1183,LTL,CARC,7500,CC-101
SHP03904,51108776,2025-06-01,2025-06-06,5,L008,FAC01,DST14,1742,LTL,CARE,2956,CC-101
SHP03905,93857736,2025-06-01,2025-06-05,4,L040,FAC04,DST05,1193,LTL,CARB,1158,CC-104
SHP03906,24059256,2025-06-01,2025-06-03,2,L018,FAC02,DST10,561,LTL,CARB,998,CC-102
SHP03907,76277596,2025-06-01,2025-06-04,3,L054,FAC05,DST04,624,LTL,CARE,620,CC-105
SHP03908,75185108,2025-06-01,2025-06-04,3,L040,FAC04,DST05,1193,LTL,CARC,1666,CC-104
SHP03909,44198041,2025-06-01,2025-06-03,2,L016,FAC02,DST08,717,LTL,CARC,1070,CC-102
SHP03910,40518307,2025-06-01,2025-06-06,5,L034,FAC03,DST15,1485,LTL,CARB,4879,CC-103
SHP03911,06742172,2025-06-01,2025-06-04,3,L054,FAC05,DST04,624,LTL,CARB,1601,CC-105
SHP03912,87474499,2025-06-01,2025-06-07,6,L059,FAC05,DST16,2236,LTL,CARA,1487,CC-105
SHP03913,23483147,2025-06-01,2025-06-03,2,L050,FAC04,DST18,202,LTL,CARD,539,CC-104
SHP03914,57866349,2025-06-01,2025-06-04,3,L060,FAC05,DST19,791,TL,CARF,35110,CC-105
SHP03915,63369901,2025-06-01,2025-06-07,6,L047,FAC04,DST15,2368,TL,CARF,33537,CC-104
SHP03916,53950527,2025-06-01,2025-06-04,3,L013,FAC02,DST02,798,LTL,CARA,579,CC-102
SHP03917,10773731,2025-06-01,2025-06-08,7,L047,FAC04,DST15,2368,LTL,CARC,378,CC-104
SHP03918,13621169,2025-06-01,2025-06-05,4,L040,FAC04,DST05,1193,LTL,CARC,2723,CC-104
SHP03919,35850606,2025-06-01,2025-06-05,4,L049,FAC04,DST17,1818,TL,CARF,18428,CC-104
SHP03920,25589814,2025-06-01,2025-06-05,4,L029,FAC03,DST05,1333,LTL,CARD,1272,CC-103
SHP03921,73497899,2025-06-01,2025-06-04,3,L039,FAC04,DST03,771,LTL,CARE,2581,CC-104
SHP03922,73062583,2025-06-01,2025-06-07,6,L048,FAC04,DST16,2410,LTL,CARC,1312,CC-104
SHP03923,24475420,2025-06-01,2025-06-05,4,L034,FAC03,DST15,1485,LTL,CARB,542,CC-103
SHP03924,14395404,2025-06-01,2025-06-04,3,L003,FAC01,DST06,1183,LTL,CARC,1671,CC-101
SHP03925,38007209,2025-06-01,2025-06-03,2,L060,FAC05,DST19,791,LTL,CARD,2054,CC-105
SHP03926,01874597,2025-06-01,2025-06-03,2,L016,FAC02,DST08,717,LTL,CARC,1770,CC-102
SHP03927,68240867,2025-06-01,2025-06-02,1,L057,FAC05,DST10,289,TL,CARH,20792,CC-105
SHP03928,69155184,2025-06-01,2025-06-03,2,L018,FAC02,DST10,561,TL,CARH,17719,CC-102
SHP03929,23075699,2025-06-02,2025-06-07,5,L022,FAC02,DST14,1906,TL,CARH,15538,CC-102
SHP03930,75324759,2025-06-02,2025-06-03,1,L032,FAC03,DST11,545,TL,CARH,26440,CC-103
SHP03931,91377578,2025-06-02,2025-06-04,2,L023,FAC02,DST18,513,LTL,CARD,1363,CC-102
SHP03932,67219297,2025-06-02,2025-06-07,5,L046,FAC04,DST14,1996,LTL,CARB,961,CC-104
SHP03933,43177129,2025-06-02,2025-06-04,2,L031,FAC03,DST10,657,LTL,CARA,1151,CC-103
SHP03934,89894103,2025-06-02,2025-06-05,3,L045,FAC04,DST11,743,LTL,CARE,1300,CC-104
SHP03935,84579105,2025-06-02,2025-06-05,3,L045,FAC04,DST11,743,LTL,CARE,1039,CC-104
SHP03936,90149314,2025-06-02,2025-06-03,1,L042,FAC04,DST08,197,LTL,CARB,828,CC-104
SHP03937,67257965,2025-06-02,2025-06-04,2,L016,FAC02,DST08,717,LTL,CARE,465,CC-102
SHP03938,92360542,2025-06-02,2025-06-06,4,L029,FAC03,DST05,1333,LTL,CARD,1294,CC-103
SHP03939,59025696,2025-06-02,2025-06-05,3,L003,FAC01,DST06,1183,TL,CARG,20146,CC-101
SHP03940,00450587,2025-06-02,2025-06-08,6,L047,FAC04,DST15,2368,TL,CARF,29931,CC-104
SHP03941,32388419,2025-06-02,2025-06-04,2,L058,FAC05,DST13,581,LTL,CARD,1246,CC-105
SHP03942,52984318,2025-06-02,2025-06-04,2,L032,FAC03,DST11,545,LTL,CARD,1393,CC-103
SHP03943,20568279,2025-06-02,2025-06-04,2,L031,FAC03,DST10,657,LTL,CARA,928,CC-103
SHP03944,26270379,2025-06-02,2025-06-05,3,L038,FAC04,DST01,571,LTL,CARD,3308,CC-104
SHP03945,65839211,2025-06-02,2025-06-04,2,L001,FAC01,DST04,705,LTL,CARA,142,CC-101
SHP03946,38800722,2025-06-02,2025-06-08,6,L048,FAC04,DST16,2410,LTL,CARB,5056,CC-104
SHP03947,65917953,2025-06-02,2025-06-05,3,L016,FAC02,DST08,717,LTL,CARC,652,CC-102
SHP03948,81405833,2025-06-02,2025-06-05,3,L058,FAC05,DST13,581,LTL,CARA,911,CC-105
SHP03949,62115288,2025-06-02,2025-06-07,5,L022,FAC02,DST14,1906,LTL,CARC,739,CC-102
SHP03950,33299627,2025-06-02,2025-06-06,4,L008,FAC01,DST14,1742,LTL,CARE,873,CC-101
SHP03951,51599838,2025-06-02,2025-06-04,2,L016,FAC02,DST08,717,LTL,CARC,923,CC-102
SHP03952,49776464,2025-06-02,2025-06-06,4,L020,FAC02,DST12,1452,LTL,CARB,1495,CC-102
SHP03953,74621048,2025-06-02,2025-06-04,2,L056,FAC05,DST07,236,LTL,CARE,2298,CC-105
SHP03954,13849579,2025-06-02,2025-06-06,4,L020,FAC02,DST12,1452,LTL,CARA,1038,CC-102
SHP03955,08426191,2025-06-02,2025-06-05,3,L018,FAC02,DST10,561,LTL,CARE,495,CC-102
SHP03956,76445067,2025-06-02,2025-06-03,1,L042,FAC04,DST08,197,LTL,CARB,884,CC-104
SHP03957,20684213,2025-06-02,2025-06-03,1,L050,FAC04,DST18,202,LTL,CARD,2451,CC-104
SHP03958,38215549,2025-06-03,2025-06-07,4,L003,FAC01,DST06,1183,LTL,CARC,1007,CC-101
SHP03959,64980153,2025-06-03,2025-06-05,2,L042,FAC04,DST08,197,LTL,CARC,317,CC-104
SHP03960,64141193,2025-06-03,2025-06-05,2,L039,FAC04,DST03,771,LTL,CARA,625,CC-104
SHP03961,28017099,2025-06-03,2025-06-04,1,L025,FAC02,DST20,384,LTL,CARB,2250,CC-102
SHP03962,62041739,2025-06-03,2025-06-08,5,L010,FAC01,DST17,1508,LTL,CARC,1974,CC-101
SHP03963,81509836,2025-06-03,2025-06-07,4,L020,FAC02,DST12,1452,LTL,CARB,2771,CC-102
SHP03964,37430583,2025-06-03,2025-06-05,2,L018,FAC02,DST10,561,LTL,CARE,4091,CC-102
SHP03965,90490092,2025-06-03,2025-06-07,4,L017,FAC02,DST09,1090,LTL,CARE,1277,CC-102
SHP03966,77767991,2025-06-03,2025-06-05,2,L031,FAC03,DST10,657,LTL,CARC,3374,CC-103
SHP03967,87559248,2025-06-03,2025-06-05,2,L042,FAC04,DST08,197,LTL,CARC,861,CC-104
SHP03968,88623225,2025-06-03,2025-06-06,3,L029,FAC03,DST05,1333,TL,CARG,24845,CC-103
SHP03969,50118023,2025-06-03,2025-06-04,1,L023,FAC02,DST18,513,TL,CARF,23698,CC-102
SHP03970,95462210,2025-06-03,2025-06-05,2,L032,FAC03,DST11,545,LTL,CARD,4011,CC-103
SHP03971,80436221,2025-06-03,2025-06-04,1,L023,FAC02,DST18,513,TL,CARF,36738,CC-102
SHP03972,42091087,2025-06-03,2025-06-06,3,L003,FAC01,DST06,1183,LTL,CARC,730,CC-101
SHP03973,80277166,2025-06-03,2025-06-05,2,L031,FAC03,DST10,657,LTL,CARA,632,CC-103
SHP03974,38651918,2025-06-03,2025-06-04,1,L051,FAC04,DST19,195,LTL,CARD,1673,CC-104
SHP03975,35771521,2025-06-03,2025-06-06,3,L039,FAC04,DST03,771,LTL,CARA,3733,CC-104
SHP03976,08068042,2025-06-03,2025-06-08,5,L008,FAC01,DST14,1742,LTL,CARE,6305,CC-101
SHP03977,44752858,2025-06-03,2025-06-04,1,L025,FAC02,DST20,384,LTL,CARA,441,CC-102
SHP03978,70059103,2025-06-03,2025-06-05,2,L031,FAC03,DST10,657,LTL,CARC,2194,CC-103
SHP03979,16777062,2025-06-03,2025-06-07,4,L010,FAC01,DST17,1508,LTL,CARC,799,CC-101
SHP03980,41976162,2025-06-03,2025-06-07,4,L028,FAC03,DST04,1114,LTL,CARE,1156,CC-103
SHP03981,17613952,2025-06-03,2025-06-07,4,L002,FAC01,DST05,1430,TL,CARF,16734,CC-101
SHP03982,12680583,2025-06-03,2025-06-06,3,L040,FAC04,DST05,1193,LTL,CARB,7500,CC-104
SHP03983,87178906,2025-06-04,2025-06-06,2,L052,FAC04,DST20,227,LTL,CARE,1493,CC-104
SHP03984,79667799,2025-06-04,2025-06-09,5,L034,FAC03,DST15,1485,LTL,CARB,2505,CC-103
SHP03985,42553166,2025-06-04,2025-06-08,4,L010,FAC01,DST17,1508,LTL,CARC,2107,CC-101
SHP03986,21185018,2025-06-04,2025-06-05,1,L004,FAC01,DST07,477,TL,CARH,25634,CC-101
SHP03987,66782217,2025-06-04,2025-06-06,2,L041,FAC04,DST07,400,TL,CARH,22429,CC-104
SHP03988,08498890,2025-06-04,2025-06-08,4,L008,FAC01,DST14,1742,LTL,CARE,1648,CC-101
SHP03989,35212034,2025-06-04,2025-06-08,4,L002,FAC01,DST05,1430,LTL,CARE,604,CC-101
SHP03990,85624580,2025-06-04,2025-06-10,6,L049,FAC04,DST17,1818,LTL,CARC,887,CC-104
SHP03991,64525426,2025-06-04,2025-06-06,2,L001,FAC01,DST04,705,LTL,CARA,1561,CC-101
SHP03992,44609279,2025-06-04,2025-06-09,5,L009,FAC01,DST16,2079,TL,CARG,24829,CC-101
SHP03993,18418823,2025-06-04,2025-06-07,3,L017,FAC02,DST09,1090,TL,CARF,16893,CC-102
SHP03994,93325106,2025-06-04,2025-06-07,3,L036,FAC03,DST19,1283,LTL,CARC,884,CC-103
SHP03995,09328879,2025-06-04,2025-06-07,3,L016,FAC02,DST08,717,LTL,CARC,1196,CC-102
SHP03996,19105236,2025-06-04,2025-06-07,3,L040,FAC04,DST05,1193,LTL,CARC,391,CC-104
SHP03997,00193492,2025-06-04,2025-06-10,6,L046,FAC04,DST14,1996,LTL,CARA,470,CC-104
SHP03998,89056518,2025-06-04,2025-06-07,3,L018,FAC02,DST10,561,LTL,CARE,1210,CC-102
SHP03999,65779721,2025-06-04,2025-06-08,4,L014,FAC02,DST03,1123,LTL,CARA,2440,CC-102
SHP04000,54762997,2025-06-04,2025-06-06,2,L041,FAC04,DST07,400,LTL,CARA,845,CC-104
SHP04001,43639604,2025-06-04,2025-06-09,5,L010,FAC01,DST17,1508,LTL,CARA,596,CC-101
SHP04002,03497055,2025-06-04,2025-06-07,3,L030,FAC03,DST08,1199,LTL,CARC,3451,CC-103
SHP04003,69562373,2025-06-04,2025-06-07,3,L028,FAC03,DST04,1114,LTL,CARC,2373,CC-103
SHP04004,19662202,2025-06-04,2025-06-08,4,L033,FAC03,DST14,1061,LTL,CARD,1214,CC-103
SHP04005,07515457,2025-06-04,2025-06-07,3,L003,FAC01,DST06,1183,LTL,CARC,225,CC-101
SHP04006,51781390,2025-06-04,2025-06-09,5,L008,FAC01,DST14,1742,LTL,CARE,1173,CC-101
SHP04007,77659278,2025-06-04,2025-06-06,2,L043,FAC04,DST09,753,TL,CARH,29095,CC-104
SHP04008,03584938,2025-06-04,2025-06-08,4,L040,FAC04,DST05,1193,LTL,CARB,747,CC-104
SHP04009,02064921,2025-06-04,2025-06-10,6,L022,FAC02,DST14,1906,LTL,CARC,1149,CC-102
SHP04010,48600265,2025-06-05,2025-06-08,3,L029,FAC03,DST05,1333,LTL,CARA,1105,CC-103
SHP04011,34964989,2025-06-05,2025-06-11,6,L022,FAC02,DST14,1906,LTL,CARE,567,CC-102
SHP04012,55442621,2025-06-05,2025-06-10,5,L053,FAC05,DST03,1362,LTL,CARA,813,CC-105
SHP04013,21216521,2025-06-05,2025-06-07,2,L004,FAC01,DST07,477,LTL,CARC,560,CC-101
SHP04014,68306728,2025-06-05,2025-06-08,3,L014,FAC02,DST03,1123,LTL,CARA,4391,CC-102
SHP04015,90862378,2025-06-05,2025-06-07,2,L021,FAC02,DST13,841,LTL,CARD,1562,CC-102
SHP04016,95446296,2025-06-05,2025-06-09,4,L029,FAC03,DST05,1333,LTL,CARD,6412,CC-103
SHP04017,20170218,2025-06-05,2025-06-07,2,L056,FAC05,DST07,236,LTL,CARD,1601,CC-105
SHP04018,72260273,2025-06-05,2025-06-11,6,L049,FAC04,DST17,1818,LTL,CARC,502,CC-104
SHP04019,52067202,2025-06-05,2025-06-08,3,L060,FAC05,DST19,791,LTL,CARA,1537,CC-105
SHP04020,39606942,2025-06-05,2025-06-07,2,L060,FAC05,DST19,791,TL,CARF,16923,CC-105
SHP04021,92251971,2025-06-05,2025-06-09,4,L053,FAC05,DST03,1362,LTL,CARA,2781,CC-105
SHP04022,16176281,2025-06-05,2025-06-08,3,L021,FAC02,DST13,841,LTL,CARD,3852,CC-102
SHP04023,05361481,2025-06-05,2025-06-09,4,L028,FAC03,DST04,1114,LTL,CARC,876,CC-103
SHP04024,86560126,2025-06-05,2025-06-09,4,L003,FAC01,DST06,1183,LTL,CARD,526,CC-101
SHP04025,35421693,2025-06-05,2025-06-09,4,L036,FAC03,DST19,1283,TL,CARF,35158,CC-103
SHP04026,48406062,2025-06-05,2025-06-07,2,L015,FAC02,DST07,257,LTL,CARB,2893,CC-102
SHP04027,08715109,2025-06-05,2025-06-07,2,L016,FAC02,DST08,717,LTL,CARC,1575,CC-102
SHP04028,13569414,2025-06-05,2025-06-06,1,L056,FAC05,DST07,236,LTL,CARE,2061,CC-105
SHP04029,15421828,2025-06-05,2025-06-08,3,L004,FAC01,DST07,477,LTL,CARA,1642,CC-101
SHP04030,22446831,2025-06-05,2025-06-06,1,L041,FAC04,DST07,400,LTL,CARA,4824,CC-104
SHP04031,00547373,2025-06-05,2025-06-08,3,L043,FAC04,DST09,753,LTL,CARE,1569,CC-104
SHP04032,42994990,2025-06-05,2025-06-09,4,L002,FAC01,DST05,1430,LTL,CARB,1097,CC-101
SHP04033,21672275,2025-06-05,2025-06-08,3,L003,FAC01,DST06,1183,LTL,CARD,1426,CC-101
SHP04034,04790248,2025-06-05,2025-06-09,4,L017,FAC02,DST09,1090,LTL,CARC,1143,CC-102
SHP04035,14311490,2025-06-05,2025-06-08,3,L033,FAC03,DST14,1061,LTL,CARB,1350,CC-103
SHP04036,17203190,2025-06-05,2025-06-07,2,L057,FAC05,DST10,289,TL,CARH,24014,CC-105
SHP04037,38935408,2025-06-06,2025-06-12,6,L035,FAC03,DST16,2015,LTL,CARD,1640,CC-103
SHP04038,31017451,2025-06-06,2025-06-10,4,L017,FAC02,DST09,1090,LTL,CARE,732,CC-102
SHP04039,12106755,2025-06-06,2025-06-11,5,L027,FAC03,DST03,1859,LTL,CARD,2721,CC-103
SHP04040,93058955,2025-06-06,2025-06-10,4,L017,FAC02,DST09,1090,LTL,CARE,853,CC-102
SHP04041,38979700,2025-06-06,2025-06-07,1,L005,FAC01,DST08,284,LTL,CARB,2588,CC-101
SHP04042,56167469,2025-06-06,2025-06-09,3,L037,FAC03,DST20,871,LTL,CARE,1392,CC-103
SHP04043,02649691,2025-06-06,2025-06-08,2,L004,FAC01,DST07,477,LTL,CARA,704,CC-101
SHP04044,24456210,2025-06-06,2025-06-13,7,L048,FAC04,DST16,2410,LTL,CARB,2406,CC-104
SHP04045,06506673,2025-06-06,2025-06-08,2,L018,FAC02,DST10,561,LTL,CARB,1446,CC-102
SHP04046,29377214,2025-06-06,2025-06-09,3,L043,FAC04,DST09,753,LTL,CARC,5047,CC-104
SHP04047,60593311,2025-06-06,2025-06-08,2,L023,FAC02,DST18,513,LTL,CARB,350,CC-102
SHP04048,46499487,2025-06-06,2025-06-12,6,L059,FAC05,DST16,2236,LTL,CARB,1614,CC-105
SHP04049,00235138,2025-06-06,2025-06-07,1,L051,FAC04,DST19,195,LTL,CARD,1157,CC-104
SHP04050,41955725,2025-06-06,2025-06-09,3,L029,FAC03,DST05,1333,TL,CARG,31517,CC-103
SHP04051,89253864,2025-06-06,2025-06-10,4,L040,FAC04,DST05,1193,LTL,CARB,328,CC-104
SHP04052,57547939,2025-06-06,2025-06-09,3,L018,FAC02,DST10,561,TL,CARH,21438,CC-102
SHP04053,44058398,2025-06-06,2025-06-09,3,L023,FAC02,DST18,513,LTL,CARB,4474,CC-102
SHP04054,66154492,2025-06-06,2025-06-08,2,L052,FAC04,DST20,227,LTL,CARE,4194,CC-104
SHP04055,76798334,2025-06-06,2025-06-11,5,L009,FAC01,DST16,2079,TL,CARG,17679,CC-101
SHP04056,14919587,2025-06-06,2025-06-08,2,L045,FAC04,DST11,743,LTL,CARE,775,CC-104
SHP04057,48969978,2025-06-06,2025-06-11,5,L049,FAC04,DST17,1818,LTL,CARA,1382,CC-104
SHP04058,44769944,2025-06-06,2025-06-08,2,L001,FAC01,DST04,705,LTL,CARC,1227,CC-101
SHP04059,34407601,2025-06-06,2025-06-08,2,L039,FAC04,DST03,771,LTL,CARE,5438,CC-104
SHP04060,70772279,2025-06-06,2025-06-08,2,L057,FAC05,DST10,289,LTL,CARC,293,CC-105
SHP04061,83688455,2025-06-06,2025-06-07,1,L056,FAC05,DST07,236,LTL,CARD,1995,CC-105
SHP04062,34132689,2025-06-06,2025-06-09,3,L045,FAC04,DST11,743,LTL,CARE,417,CC-104
SHP04063,37781220,2025-06-06,2025-06-10,4,L028,FAC03,DST04,1114,TL,CARG,31892,CC-103
SHP04064,37489929,2025-06-06,2025-06-07,1,L005,FAC01,DST08,284,TL,CARG,40327,CC-101
SHP04065,89017237,2025-06-07,2025-06-09,2,L058,FAC05,DST13,581,LTL,CARD,2521,CC-105
SHP04066,20649480,2025-06-07,2025-06-09,2,L011,FAC01,DST18,198,LTL,CARE,776,CC-101
SHP04067,43901430,2025-06-07,2025-06-10,3,L031,FAC03,DST10,657,LTL,CARC,534,CC-103
SHP04068,83140746,2025-06-07,2025-06-09,2,L043,FAC04,DST09,753,LTL,CARC,852,CC-104
SHP04069,72875430,2025-06-07,2025-06-08,1,L041,FAC04,DST07,400,LTL,CARB,950,CC-104
SHP04070,16181217,2025-06-07,2025-06-11,4,L002,FAC01,DST05,1430,TL,CARF,18293,CC-101
SHP04071,22678211,2025-06-07,2025-06-10,3,L037,FAC03,DST20,871,TL,CARG,25604,CC-103
SHP04072,83136825,2025-06-07,2025-06-09,2,L045,FAC04,DST11,743,TL,CARF,17994,CC-104
SHP04073,25204925,2025-06-07,2025-06-10,3,L004,FAC01,DST07,477,LTL,CARA,743,CC-101
SHP04074,61318313,2025-06-07,2025-06-10,3,L007,FAC01,DST12,1102,LTL,CARB,464,CC-101
SHP04075,10871229,2025-06-07,2025-06-08,1,L057,FAC05,DST10,289,LTL,CARE,1211,CC-105
SHP04076,26406868,2025-06-07,2025-06-09,2,L013,FAC02,DST02,798,LTL,CARA,851,CC-102
SHP04077,16466562,2025-06-07,2025-06-12,5,L034,FAC03,DST15,1485,LTL,CARA,1040,CC-103
SHP04078,14378064,2025-06-07,2025-06-09,2,L004,FAC01,DST07,477,LTL,CARC,4044,CC-101
SHP04079,90752134,2025-06-07,2025-06-11,4,L028,FAC03,DST04,1114,TL,CARG,28437,CC-103
SHP04080,96529611,2025-06-07,2025-06-11,4,L003,FAC01,DST06,1183,LTL,CARC,588,CC-101
SHP04081,11401555,2025-06-07,2025-06-10,3,L040,FAC04,DST05,1193,LTL,CARC,1671,CC-104
SHP04082,69613667,2025-06-07,2025-06-10,3,L033,FAC03,DST14,1061,LTL,CARD,2194,CC-103
SHP04083,90217202,2025-06-07,2025-06-09,2,L052,FAC04,DST20,227,LTL,CARD,1094,CC-104
SHP04084,51772660,2025-06-07,2025-06-14,7,L048,FAC04,DST16,2410,LTL,CARB,771,CC-104
SHP04085,07427014,2025-06-07,2025-06-10,3,L019,FAC02,DST11,811,LTL,CARC,911,CC-102
SHP04086,75407086,2025-06-07,2025-06-09,2,L055,FAC05,DST06,820,LTL,CARD,1417,CC-105
SHP04087,65439718,2025-06-07,2025-06-10,3,L023,FAC02,DST18,513,LTL,CARD,3504,CC-102
SHP04088,78090687,2025-06-07,2025-06-13,6,L049,FAC04,DST17,1818,LTL,CARC,1189,CC-104
SHP04089,91163094,2025-06-07,2025-06-08,1,L052,FAC04,DST20,227,TL,CARF,39226,CC-104
SHP04090,31971719,2025-06-07,2025-06-09,2,L042,FAC04,DST08,197,TL,CARF,38881,CC-104
SHP04091,71854078,2025-06-07,2025-06-13,6,L009,FAC01,DST16,2079,LTL,CARB,741,CC-101
SHP04092,18510471,2025-06-07,2025-06-12,5,L059,FAC05,DST16,2236,LTL,CARA,785,CC-105
SHP04093,26817557,2025-06-07,2025-06-08,1,L025,FAC02,DST20,384,LTL,CARA,783,CC-102
SHP04094,13269198,2025-06-07,2025-06-11,4,L007,FAC01,DST12,1102,LTL,CARB,2424,CC-101
SHP04095,37776848,2025-06-07,2025-06-09,2,L031,FAC03,DST10,657,LTL,CARC,389,CC-103
SHP04096,81481442,2025-06-07,2025-06-08,1,L042,FAC04,DST08,197,LTL,CARC,977,CC-104
SHP04097,90662289,2025-06-07,2025-06-09,2,L042,FAC04,DST08,197,LTL,CARC,2957,CC-104
SHP04098,73335666,2025-06-07,2025-06-12,5,L008,FAC01,DST14,1742,LTL,CARA,498,CC-101
SHP04099,86706243,2025-06-07,2025-06-12,5,L022,FAC02,DST14,1906,LTL,CARE,238,CC-102
SHP04100,39115391,2025-06-07,2025-06-09,2,L005,FAC01,DST08,284,TL,CARG,30506,CC-101
SHP04101,24450463,2025-06-08,2025-06-10,2,L023,FAC02,DST18,513,LTL,CARB,1766,CC-102
SHP04102,03144415,2025-06-08,2025-06-10,2,L055,FAC05,DST06,820,LTL,CARE,2139,CC-105
SHP04103,84302820,2025-06-08,2025-06-10,2,L041,FAC04,DST07,400,TL,CARH,31045,CC-104
SHP04104,73456532,2025-06-08,2025-06-10,2,L055,FAC05,DST06,820,LTL,CARD,846,CC-105
SHP04105,80081658,2025-06-08,2025-06-14,6,L059,FAC05,DST16,2236,LTL,CARB,1308,CC-105
SHP04106,18510760,2025-06-08,2025-06-13,5,L035,FAC03,DST16,2015,TL,CARF,17276,CC-103
SHP04107,19171383,2025-06-08,2025-06-12,4,L033,FAC03,DST14,1061,LTL,CARD,874,CC-103
SHP04108,91375655,2025-06-08,2025-06-12,4,L020,FAC02,DST12,1452,LTL,CARA,350,CC-102
SHP04109,69805215,2025-06-08,2025-06-10,2,L038,FAC04,DST01,571,LTL,CARB,511,CC-104
SHP04110,31132935,2025-06-08,2025-06-10,2,L004,FAC01,DST07,477,LTL,CARA,407,CC-101
SHP04111,51064896,2025-06-08,2025-06-10,2,L033,FAC03,DST14,1061,TL,CARF,24009,CC-103
SHP04112,36035508,2025-06-08,2025-06-10,2,L051,FAC04,DST19,195,LTL,CARB,785,CC-104
SHP04113,73668201,2025-06-08,2025-06-10,2,L042,FAC04,DST08,197,LTL,CARB,2826,CC-104
SHP04114,90233509,2025-06-08,2025-06-12,4,L034,FAC03,DST15,1485,TL,CARG,31861,CC-103
SHP04115,17090623,2025-06-08,2025-06-11,3,L045,FAC04,DST11,743,LTL,CARE,644,CC-104
SHP04116,99282999,2025-06-08,2025-06-12,4,L026,FAC03,DST02,1557,LTL,CARA,3324,CC-103
SHP04117,54831312,2025-06-08,2025-06-10,2,L057,FAC05,DST10,289,LTL,CARE,1024,CC-105
SHP04118,80552616,2025-06-08,2025-06-11,3,L030,FAC03,DST08,1199,TL,CARF,31878,CC-103
SHP04119,98556149,2025-06-08,2025-06-11,3,L023,FAC02,DST18,513,LTL,CARB,4722,CC-102
SHP04120,88820871,2025-06-08,2025-06-11,3,L058,FAC05,DST13,581,TL,CARG,26098,CC-105
SHP04121,79381991,2025-06-08,2025-06-15,7,L047,FAC04,DST15,2368,LTL,CARD,595,CC-104
SHP04122,78239436,2025-06-08,2025-06-12,4,L026,FAC03,DST02,1557,LTL,CARA,1105,CC-103
SHP04123,74256178,2025-06-08,2025-06-10,2,L016,FAC02,DST08,717,LTL,CARE,6767,CC-102
SHP04124,37234554,2025-06-08,2025-06-11,3,L058,FAC05,DST13,581,LTL,CARA,6754,CC-105
SHP04125,78831223,2025-06-08,2025-06-10,2,L016,FAC02,DST08,717,LTL,CARE,1434,CC-102
SHP04126,45551204,2025-06-08,2025-06-11,3,L013,FAC02,DST02,798,LTL,CARB,1026,CC-102
SHP04127,66152871,2025-06-08,2025-06-12,4,L028,FAC03,DST04,1114,LTL,CARE,1495,CC-103
SHP04128,70016680,2025-06-08,2025-06-10,2,L042,FAC04,DST08,197,TL,CARF,41575,CC-104
SHP04129,49563140,2025-06-08,2025-06-13,5,L022,FAC02,DST14,1906,TL,CARH,20764,CC-102
SHP04130,97147501,2025-06-08,2025-06-14,6,L027,FAC03,DST03,1859,LTL,CARA,2574,CC-103
SHP04131,24862582,2025-06-08,2025-06-11,3,L036,FAC03,DST19,1283,LTL,CARC,649,CC-103
SHP04132,52678236,2025-06-08,2025-06-10,2,L006,FAC01,DST10,315,LTL,CARE,916,CC-101
SHP04133,92334282,2025-06-09,2025-06-13,4,L007,FAC01,DST12,1102,LTL,CARE,338,CC-101
SHP04134,93657746,2025-06-09,2025-06-12,3,L017,FAC02,DST09,1090,LTL,CARC,316,CC-102
SHP04135,95857351,2025-06-09,2025-06-11,2,L032,FAC03,DST11,545,LTL,CARD,864,CC-103
SHP04136,52914116,2025-06-09,2025-06-12,3,L018,FAC02,DST10,561,LTL,CARB,3585,CC-102
SHP04137,61302003,2025-06-09,2025-06-12,3,L001,FAC01,DST04,705,LTL,CARA,1134,CC-101
SHP04138,38362644,2025-06-09,2025-06-11,2,L041,FAC04,DST07,400,LTL,CARA,1861,CC-104
SHP04139,82336731,2025-06-09,2025-06-11,2,L042,FAC04,DST08,197,TL,CARF,18552,CC-104
SHP04140,52507979,2025-06-09,2025-06-12,3,L037,FAC03,DST20,871,LTL,CARE,2623,CC-103
SHP04141,08297909,2025-06-09,2025-06-11,2,L025,FAC02,DST20,384,LTL,CARA,707,CC-102
SHP04142,53006401,2025-06-09,2025-06-11,2,L021,FAC02,DST13,841,TL,CARG,35821,CC-102
SHP04143,61132475,2025-06-09,2025-06-12,3,L003,FAC01,DST06,1183,LTL,CARC,893,CC-101
SHP04144,90932335,2025-06-09,2025-06-11,2,L037,FAC03,DST20,871,LTL,CARE,821,CC-103
SHP04145,50707964,2025-06-09,2025-06-10,1,L042,FAC04,DST08,197,LTL,CARB,1903,CC-104
SHP04146,85546299,2025-06-09,2025-06-15,6,L048,FAC04,DST16,2410,LTL,CARB,604,CC-104
SHP04147,64496538,2025-06-09,2025-06-13,4,L034,FAC03,DST15,1485,LTL,CARB,605,CC-103
SHP04148,12777757,2025-06-09,2025-06-13,4,L002,FAC01,DST05,1430,LTL,CARB,505,CC-101
SHP04149,13073241,2025-06-09,2025-06-15,6,L027,FAC03,DST03,1859,LTL,CARD,2799,CC-103
SHP04150,83318606,2025-06-09,2025-06-11,2,L050,FAC04,DST18,202,TL,CARH,17648,CC-104
SHP04151,73279125,2025-06-09,2025-06-14,5,L027,FAC03,DST03,1859,TL,CARH,20514,CC-103
SHP04152,95533914,2025-06-09,2025-06-10,1,L015,FAC02,DST07,257,LTL,CARB,257,CC-102
SHP04153,69410239,2025-06-09,2025-06-12,3,L045,FAC04,DST11,743,LTL,CARC,1311,CC-104
SHP04154,58204530,2025-06-09,2025-06-14,5,L034,FAC03,DST15,1485,LTL,CARA,462,CC-103
SHP04155,80287529,2025-06-09,2025-06-12,3,L039,FAC04,DST03,771,LTL,CARE,1732,CC-104
SHP04156,53798413,2025-06-09,2025-06-11,2,L044,FAC04,DST10,475,LTL,CARE,1558,CC-104
SHP04157,39190251,2025-06-09,2025-06-10,1,L041,FAC04,DST07,400,LTL,CARB,704,CC-104
SHP04158,40563677,2025-06-09,2025-06-15,6,L048,FAC04,DST16,2410,LTL,CARC,2854,CC-104
SHP04159,11129103,2025-06-09,2025-06-10,1,L051,FAC04,DST19,195,TL,CARG,21053,CC-104
SHP04160,75909118,2025-06-09,2025-06-12,3,L039,FAC04,DST03,771,LTL,CARE,343,CC-104
SHP04161,41603893,2025-06-09,2025-06-12,3,L023,FAC02,DST18,513,LTL,CARB,383,CC-102
SHP04162,86714667,2025-06-10,2025-06-12,2,L045,FAC04,DST11,743,LTL,CARE,3512,CC-104
SHP04163,48742535,2025-06-10,2025-06-14,4,L027,FAC03,DST03,1859,TL,CARH,17992,CC-103
SHP04164,72917986,2025-06-10,2025-06-16,6,L047,FAC04,DST15,2368,TL,CARF,16811,CC-104
SHP04165,96260487,2025-06-10,2025-06-14,4,L007,FAC01,DST12,1102,LTL,CARB,1720,CC-101
SHP04166,31290143,2025-06-10,2025-06-14,4,L028,FAC03,DST04,1114,LTL,CARE,1095,CC-103
SHP04167,23076594,2025-06-10,2025-06-14,4,L007,FAC01,DST12,1102,LTL,CARB,1474,CC-101
SHP04168,26457855,2025-06-10,2025-06-12,2,L039,FAC04,DST03,771,LTL,CARA,2055,CC-104
SHP04169,77702995,2025-06-10,2025-06-16,6,L059,FAC05,DST16,2236,LTL,CARA,366,CC-105
SHP04170,59577080,2025-06-10,2025-06-14,4,L026,FAC03,DST02,1557,LTL,CARA,549,CC-103
SHP04171,00333845,2025-06-10,2025-06-12,2,L023,FAC02,DST18,513,TL,CARF,32624,CC-102
SHP04172,27374770,2025-06-10,2025-06-17,7,L047,FAC04,DST15,2368,LTL,CARD,1321,CC-104
SHP04173,22278957,2025-06-10,2025-06-12,2,L032,FAC03,DST11,545,LTL,CARD,2512,CC-103
SHP04174,34976385,2025-06-10,2025-06-13,3,L021,FAC02,DST13,841,TL,CARG,40428,CC-102
SHP04175,83690913,2025-06-10,2025-06-13,3,L040,FAC04,DST05,1193,LTL,CARB,3223,CC-104
SHP04176,47521205,2025-06-10,2025-06-12,2,L044,FAC04,DST10,475,LTL,CARE,1404,CC-104
SHP04177,30754016,2025-06-10,2025-06-13,3,L002,FAC01,DST05,1430,TL,CARF,31834,CC-101
SHP04178,78091658,2025-06-10,2025-06-11,1,L023,FAC02,DST18,513,TL,CARF,31704,CC-102
SHP04179,09262724,2025-06-10,2025-06-15,5,L047,FAC04,DST15,2368,TL,CARF,39993,CC-104
SHP04180,31673186,2025-06-10,2025-06-13,3,L017,FAC02,DST09,1090,LTL,CARE,851,CC-102
SHP04181,04247150,2025-06-10,2025-06-12,2,L016,FAC02,DST08,717,LTL,CARE,1440,CC-102
SHP04182,76130291,2025-06-10,2025-06-17,7,L047,FAC04,DST15,2368,LTL,CARD,3531,CC-104
SHP04183,93723074,2025-06-10,2025-06-12,2,L012,FAC01,DST20,323,LTL,CARB,2108,CC-101
SHP04184,53708899,2025-06-10,2025-06-14,4,L030,FAC03,DST08,1199,LTL,CARC,1282,CC-103
SHP04185,29701847,2025-06-10,2025-06-15,5,L008,FAC01,DST14,1742,LTL,CARE,1774,CC-101
SHP04186,53597186,2025-06-10,2025-06-14,4,L003,FAC01,DST06,1183,LTL,CARC,322,CC-101
SHP04187,32775211,2025-06-10,2025-06-14,4,L007,FAC01,DST12,1102,LTL,CARB,1042,CC-101
SHP04188,50447580,2025-06-10,2025-06-12,2,L045,FAC04,DST11,743,TL,CARF,17180,CC-104
SHP04189,93647031,2025-06-10,2025-06-12,2,L043,FAC04,DST09,753,TL,CARH,25044,CC-104
SHP04190,45186681,2025-06-10,2025-06-14,4,L040,FAC04,DST05,1193,LTL,CARC,918,CC-104
SHP04191,21969064,2025-06-10,2025-06-16,6,L048,FAC04,DST16,2410,TL,CARG,28337,CC-104
SHP04192,69477892,2025-06-11,2025-06-14,3,L036,FAC03,DST19,1283,LTL,CARC,1444,CC-103
SHP04193,99072582,2025-06-11,2025-06-18,7,L047,FAC04,DST15,2368,LTL,CARD,3610,CC-104
SHP04194,38824550,2025-06-11,2025-06-15,4,L003,FAC01,DST06,1183,LTL,CARD,560,CC-101
SHP04195,84567530,2025-06-11,2025-06-14,3,L054,FAC05,DST04,624,LTL,CARB,779,CC-105
SHP04196,17216300,2025-06-11,2025-06-14,3,L039,FAC04,DST03,771,TL,CARG,21324,CC-104
SHP04197,35674330,2025-06-11,2025-06-17,6,L035,FAC03,DST16,2015,LTL,CARD,1656,CC-103
SHP04198,63558042,2025-06-11,2025-06-12,1,L025,FAC02,DST20,384,LTL,CARA,1007,CC-102
SHP04199,52591359,2025-06-11,2025-06-17,6,L009,FAC01,DST16,2079,LTL,CARB,1687,CC-101
SHP04200,83843904,2025-06-11,2025-06-14,3,L054,FAC05,DST04,624,LTL,CARE,1083,CC-105
SHP04201,09847143,2025-06-11,2025-06-13,2,L033,FAC03,DST14,1061,TL,CARF,25019,CC-103
SHP04202,63969961,2025-06-11,2025-06-14,3,L028,FAC03,DST04,1114,LTL,CARE,1091,CC-103
SHP04203,12827261,2025-06-11,2025-06-15,4,L033,FAC03,DST14,1061,LTL,CARB,1190,CC-103
SHP04204,63512512,2025-06-11,2025-06-14,3,L055,FAC05,DST06,820,LTL,CARE,792,CC-105
SHP04205,41952043,2025-06-11,2025-06-15,4,L029,FAC03,DST05,1333,TL,CARG,38829,CC-103
SHP04206,92921393,2025-06-11,2025-06-16,5,L059,FAC05,DST16,2236,LTL,CARA,4316,CC-105
SHP04207,01814920,2025-06-11,2025-06-14,3,L045,FAC04,DST11,743,TL,CARF,33765,CC-104
SHP04208,73953154,2025-06-11,2025-06-16,5,L035,FAC03,DST16,2015,LTL,CARA,1097,CC-103
SHP04209,89140242,2025-06-11,2025-06-12,1,L004,FAC01,DST07,477,TL,CARH,22949,CC-101
SHP04210,20733460,2025-06-11,2025-06-12,1,L015,FAC02,DST07,257,LTL,CARB,7500,CC-102
SHP04211,17869231,2025-06-11,2025-06-18,7,L048,FAC04,DST16,2410,LTL,CARC,585,CC-104
SHP04212,26821402,2025-06-11,2025-06-15,4,L026,FAC03,DST02,1557,LTL,CARA,410,CC-103
SHP04213,33241991,2025-06-11,2025-06-15,4,L014,FAC02,DST03,1123,TL,CARH,28990,CC-102
SHP04214,68441807,2025-06-11,2025-06-15,4,L053,FAC05,DST03,1362,LTL,CARE,401,CC-105
SHP04215,45314747,2025-06-11,2025-06-16,5,L059,FAC05,DST16,2236,LTL,CARA,2104,CC-105
SHP04216,48703076,2025-06-11,2025-06-16,5,L027,FAC03,DST03,1859,LTL,CARD,316,CC-103
SHP04217,14736326,2025-06-12,2025-06-15,3,L036,FAC03,DST19,1283,LTL,CARD,549,CC-103
SHP04218,20245812,2025-06-12,2025-06-14,2,L001,FAC01,DST04,705,TL,CARG,17989,CC-101
SHP04219,90990062,2025-06-12,2025-06-18,6,L049,FAC04,DST17,1818,LTL,CARC,1249,CC-104
SHP04220,73602995,2025-06-12,2025-06-15,3,L024,FAC02,DST19,626,LTL,CARC,753,CC-102
SHP04221,58261726,2025-06-12,2025-06-18,6,L027,FAC03,DST03,1859,LTL,CARD,994,CC-103
SHP04222,15350136,2025-06-12,2025-06-17,5,L026,FAC03,DST02,1557,LTL,CARD,945,CC-103
SHP04223,53139979,2025-06-12,2025-06-14,2,L032,FAC03,DST11,545,TL,CARH,19282,CC-103
SHP04224,62092043,2025-06-12,2025-06-18,6,L048,FAC04,DST16,2410,LTL,CARB,870,CC-104
SHP04225,19164457,2025-06-12,2025-06-16,4,L033,FAC03,DST14,1061,LTL,CARD,2578,CC-103
SHP04226,21358279,2025-06-12,2025-06-15,3,L028,FAC03,DST04,1114,LTL,CARC,1230,CC-103
SHP04227,22306728,2025-06-12,2025-06-14,2,L050,FAC04,DST18,202,TL,CARH,25627,CC-104
SHP04228,00446058,2025-06-12,2025-06-15,3,L019,FAC02,DST11,811,LTL,CARD,1326,CC-102
SHP04229,58113688,2025-06-12,2025-06-14,2,L054,FAC05,DST04,624,LTL,CARE,1255,CC-105
SHP04230,62419156,2025-06-12,2025-06-16,4,L007,FAC01,DST12,1102,LTL,CARE,920,CC-101
SHP04231,29979757,2025-06-12,2025-06-14,2,L001,FAC01,DST04,705,LTL,CARA,607,CC-101
SHP04232,52118764,2025-06-12,2025-06-17,5,L009,FAC01,DST16,2079,LTL,CARB,405,CC-101
SHP04233,34440531,2025-06-12,2025-06-15,3,L032,FAC03,DST11,545,LTL,CARD,715,CC-103
SHP04234,75608262,2025-06-12,2025-06-14,2,L031,FAC03,DST10,657,LTL,CARA,1129,CC-103
SHP04235,04416418,2025-06-12,2025-06-16,4,L030,FAC03,DST08,1199,LTL,CARD,1643,CC-103
SHP04236,93040724,2025-06-12,2025-06-18,6,L059,FAC05,DST16,2236,LTL,CARA,555,CC-105
SHP04237,12635096,2025-06-12,2025-06-19,7,L048,FAC04,DST16,2410,LTL,CARC,628,CC-104
SHP04238,53980948,2025-06-12,2025-06-14,2,L060,FAC05,DST19,791,LTL,CARA,273,CC-105
SHP04239,00587505,2025-06-12,2025-06-15,3,L040,FAC04,DST05,1193,LTL,CARB,938,CC-104
SHP04240,25341029,2025-06-12,2025-06-18,6,L048,FAC04,DST16,2410,LTL,CARC,259,CC-104
SHP04241,92549136,2025-06-12,2025-06-14,2,L039,FAC04,DST03,771,LTL,CARA,1330,CC-104
SHP04242,58791788,2025-06-12,2025-06-13,1,L057,FAC05,DST10,289,LTL,CARE,524,CC-105
SHP04243,06784908,2025-06-12,2025-06-13,1,L005,FAC01,DST08,284,LTL,CARD,398,CC-101
SHP04244,14768745,2025-06-12,2025-06-16,4,L026,FAC03,DST02,1557,LTL,CARD,458,CC-103
SHP04245,28721275,2025-06-12,2025-06-15,3,L007,FAC01,DST12,1102,LTL,CARB,527,CC-101
SHP04246,72094240,2025-06-12,2025-06-15,3,L034,FAC03,DST15,1485,TL,CARG,40998,CC-103
SHP04247,08880488,2025-06-12,2025-06-15,3,L037,FAC03,DST20,871,LTL,CARD,4540,CC-103
SHP04248,04182429,2025-06-12,2025-06-13,1,L015,FAC02,DST07,257,LTL,CARB,465,CC-102
SHP04249,42908935,2025-06-12,2025-06-14,2,L045,FAC04,DST11,743,LTL,CARC,2798,CC-104
SHP04250,72770059,2025-06-12,2025-06-14,2,L025,FAC02,DST20,384,TL,CARG,19257,CC-102
SHP04251,39445872,2025-06-12,2025-06-14,2,L001,FAC01,DST04,705,LTL,CARA,1224,CC-101
SHP04252,91993659,2025-06-12,2025-06-14,2,L043,FAC04,DST09,753,LTL,CARC,2970,CC-104
SHP04253,71135816,2025-06-12,2025-06-15,3,L033,FAC03,DST14,1061,LTL,CARD,443,CC-103
SHP04254,64098615,2025-06-12,2025-06-14,2,L016,FAC02,DST08,717,TL,CARG,21079,CC-102
SHP04255,70933463,2025-06-12,2025-06-16,4,L028,FAC03,DST04,1114,LTL,CARC,1527,CC-103
SHP04256,90928545,2025-06-12,2025-06-17,5,L022,FAC02,DST14,1906,LTL,CARE,326,CC-102
SHP04257,52320283,2025-06-12,2025-06-15,3,L058,FAC05,DST13,581,LTL,CARD,1433,CC-105
SHP04258,85851679,2025-06-13,2025-06-16,3,L060,FAC05,DST19,791,LTL,CARD,1479,CC-105
SHP04259,14823046,2025-06-13,2025-06-17,4,L033,FAC03,DST14,1061,LTL,CARB,1101,CC-103
SHP04260,61682515,2025-06-13,2025-06-18,5,L027,FAC03,DST03,1859,TL,CARH,41008,CC-103
SHP04261,81835512,2025-06-13,2025-06-15,2,L043,FAC04,DST09,753,LTL,CARC,1081,CC-104
SHP04262,42065539,2025-06-13,2025-06-15,2,L060,FAC05,DST19,791,LTL,CARA,303,CC-105
SHP04263,72738256,2025-06-13,2025-06-15,2,L004,FAC01,DST07,477,LTL,CARC,558,CC-101
SHP04264,92506246,2025-06-13,2025-06-16,3,L001,FAC01,DST04,705,LTL,CARC,2120,CC-101
SHP04265,04152135,2025-06-13,2025-06-16,3,L014,FAC02,DST03,1123,LTL,CARD,790,CC-102
SHP04266,34741128,2025-06-13,2025-06-16,3,L060,FAC05,DST19,791,LTL,CARD,1801,CC-105
SHP04267,73216546,2025-06-13,2025-06-18,5,L046,FAC04,DST14,1996,LTL,CARA,1306,CC-104
SHP04268,12210477,2025-06-13,2025-06-16,3,L028,FAC03,DST04,1114,LTL,CARE,578,CC-103
SHP04269,65724189,2025-06-13,2025-06-16,3,L024,FAC02,DST19,626,LTL,CARC,764,CC-102
SHP04270,76543737,2025-06-13,2025-06-19,6,L048,FAC04,DST16,2410,LTL,CARC,417,CC-104
SHP04271,09848561,2025-06-13,2025-06-17,4,L003,FAC01,DST06,1183,LTL,CARD,2277,CC-101
SHP04272,85994232,2025-06-13,2025-06-16,3,L037,FAC03,DST20,871,LTL,CARD,808,CC-103
SHP04273,54317900,2025-06-13,2025-06-17,4,L017,FAC02,DST09,1090,LTL,CARE,1221,CC-102
SHP04274,55757359,2025-06-13,2025-06-14,1,L051,FAC04,DST19,195,LTL,CARD,2374,CC-104
SHP04275,63100111,2025-06-13,2025-06-15,2,L055,FAC05,DST06,820,TL,CARF,34180,CC-105
SHP04276,16246053,2025-06-13,2025-06-14,1,L015,FAC02,DST07,257,LTL,CARD,2116,CC-102
SHP04277,78380379,2025-06-13,2025-06-16,3,L037,FAC03,DST20,871,LTL,CARD,1106,CC-103
SHP04278,59023441,2025-06-13,2025-06-15,2,L006,FAC01,DST10,315,TL,CARF,21635,CC-101
SHP04279,23829286,2025-06-13,2025-06-16,3,L045,FAC04,DST11,743,LTL,CARC,3380,CC-104
SHP04280,85719946,2025-06-13,2025-06-17,4,L002,FAC01,DST05,1430,LTL,CARE,642,CC-101
SHP04281,15246959,2025-06-13,2025-06-14,1,L051,FAC04,DST19,195,LTL,CARD,2339,CC-104
SHP04282,85349313,2025-06-13,2025-06-19,6,L047,FAC04,DST15,2368,LTL,CARD,581,CC-104
SHP04283,37328190,2025-06-13,2025-06-18,5,L048,FAC04,DST16,2410,TL,CARG,30878,CC-104
SHP04284,74376176,2025-06-13,2025-06-15,2,L011,FAC01,DST18,198,LTL,CARE,2417,CC-101
SHP04285,30626814,2025-06-13,2025-06-16,3,L019,FAC02,DST11,811,TL,CARH,15723,CC-102
SHP04286,89190807,2025-06-13,2025-06-15,2,L024,FAC02,DST19,626,TL,CARH,36709,CC-102
SHP04287,95044113,2025-06-14,2025-06-16,2,L011,FAC01,DST18,198,LTL,CARD,792,CC-101
SHP04288,63765963,2025-06-14,2025-06-16,2,L037,FAC03,DST20,871,LTL,CARE,342,CC-103
SHP04289,56079806,2025-06-14,2025-06-19,5,L008,FAC01,DST14,1742,LTL,CARA,1331,CC-101
SHP04290,19478211,2025-06-14,2025-06-17,3,L024,FAC02,DST19,626,LTL,CARC,807,CC-102
SHP04291,97381224,2025-06-14,2025-06-17,3,L017,FAC02,DST09,1090,LTL,CARC,493,CC-102
SHP04292,38980994,2025-06-14,2025-06-16,2,L052,FAC04,DST20,227,LTL,CARD,1490,CC-104
SHP04293,43349818,2025-06-14,2025-06-18,4,L008,FAC01,DST14,1742,LTL,CARE,661,CC-101
SHP04294,36614874,2025-06-14,2025-06-16,2,L023,FAC02,DST18,513,LTL,CARB,331,CC-102
SHP04295,21052340,2025-06-14,2025-06-17,3,L038,FAC04,DST01,571,LTL,CARB,1032,CC-104
SHP04296,81645483,2025-06-14,2025-06-17,3,L003,FAC01,DST06,1183,LTL,CARC,332,CC-101
SHP04297,00971993,2025-06-14,2025-06-17,3,L031,FAC03,DST10,657,LTL,CARC,549,CC-103
SHP04298,54673306,2025-06-14,2025-06-15,1,L042,FAC04,DST08,197,TL,CARF,32403,CC-104
SHP04299,43351871,2025-06-14,2025-06-17,3,L030,FAC03,DST08,1199,LTL,CARC,1183,CC-103
SHP04300,04181298,2025-06-14,2025-06-16,2,L013,FAC02,DST02,798,LTL,CARA,3067,CC-102
SHP04301,95795386,2025-06-14,2025-06-15,1,L011,FAC01,DST18,198,LTL,CARE,1415,CC-101
SHP04302,56265317,2025-06-14,2025-06-17,3,L024,FAC02,DST19,626,LTL,CARD,2569,CC-102
SHP04303,02524862,2025-06-14,2025-06-16,2,L051,FAC04,DST19,195,LTL,CARD,2502,CC-104
SHP04304,39693803,2025-06-14,2025-06-16,2,L044,FAC04,DST10,475,LTL,CARE,902,CC-104
SHP04305,08855255,2025-06-14,2025-06-16,2,L060,FAC05,DST19,791,TL,CARF,20945,CC-105
SHP04306,71582387,2025-06-14,2025-06-16,2,L052,FAC04,DST20,227,LTL,CARD,1305,CC-104
SHP04307,03497834,2025-06-14,2025-06-15,1,L042,FAC04,DST08,197,LTL,CARB,1531,CC-104
SHP04308,82116499,2025-06-14,2025-06-19,5,L049,FAC04,DST17,1818,LTL,CARA,687,CC-104
SHP04309,41901489,2025-06-14,2025-06-20,6,L059,FAC05,DST16,2236,LTL,CARB,3307,CC-105
SHP04310,17976554,2025-06-14,2025-06-19,5,L048,FAC04,DST16,2410,TL,CARG,26172,CC-104
SHP04311,32346931,2025-06-14,2025-06-16,2,L042,FAC04,DST08,197,LTL,CARB,252,CC-104
SHP04312,94628261,2025-06-14,2025-06-16,2,L006,FAC01,DST10,315,LTL,CARB,2090,CC-101
SHP04313,35312869,2025-06-14,2025-06-16,2,L005,FAC01,DST08,284,TL,CARG,25312,CC-101
SHP04314,96253670,2025-06-14,2025-06-16,2,L019,FAC02,DST11,811,LTL,CARD,386,CC-102
SHP04315,69576059,2025-06-14,2025-06-17,3,L045,FAC04,DST11,743,LTL,CARE,2730,CC-104
SHP04316,31802243,2025-06-14,2025-06-18,4,L003,FAC01,DST06,1183,LTL,CARD,756,CC-101
SHP04317,86351363,2025-06-14,2025-06-17,3,L043,FAC04,DST09,753,LTL,CARE,859,CC-104
SHP04318,16789653,2025-06-15,2025-06-20,5,L002,FAC01,DST05,1430,LTL,CARB,1538,CC-101
SHP04319,38633751,2025-06-15,2025-06-18,3,L023,FAC02,DST18,513,LTL,CARB,1024,CC-102
SHP04320,00710565,2025-06-15,2025-06-16,1,L041,FAC04,DST07,400,LTL,CARB,1451,CC-104
SHP04321,26049156,2025-06-15,2025-06-17,2,L057,FAC05,DST10,289,LTL,CARC,2947,CC-105
SHP04322,59723555,2025-06-15,2025-06-17,2,L013,FAC02,DST02,798,LTL,CARB,2516,CC-102
SHP04323,57966455,2025-06-15,2025-06-19,4,L040,FAC04,DST05,1193,LTL,CARB,371,CC-104
SHP04324,02469985,2025-06-15,2025-06-21,6,L027,FAC03,DST03,1859,LTL,CARA,1134,CC-103
SHP04325,66267422,2025-06-15,2025-06-16,1,L041,FAC04,DST07,400,LTL,CARA,504,CC-104
SHP04326,56670056,2025-06-15,2025-06-20,5,L049,FAC04,DST17,1818,LTL,CARA,897,CC-104
SHP04327,60683716,2025-06-15,2025-06-17,2,L043,FAC04,DST09,753,LTL,CARC,2884,CC-104
SHP04328,65408147,2025-06-15,2025-06-20,5,L009,FAC01,DST16,2079,LTL,CARB,2411,CC-101
SHP04329,24569078,2025-06-15,2025-06-18,3,L031,FAC03,DST10,657,LTL,CARA,917,CC-103
SHP04330,05979375,2025-06-15,2025-06-17,2,L037,FAC03,DST20,871,LTL,CARE,785,CC-103
SHP04331,02145428,2025-06-15,2025-06-17,2,L025,FAC02,DST20,384,TL,CARG,37917,CC-102
SHP04332,38587147,2025-06-15,2025-06-17,2,L016,FAC02,DST08,717,TL,CARG,32920,CC-102
SHP04333,94350950,2025-06-15,2025-06-17,2,L025,FAC02,DST20,384,LTL,CARA,798,CC-102
SHP04334,67962947,2025-06-15,2025-06-17,2,L024,FAC02,DST19,626,TL,CARH,23816,CC-102
SHP04335,24674837,2025-06-15,2025-06-17,2,L031,FAC03,DST10,657,LTL,CARC,924,CC-103
SHP04336,24434262,2025-06-15,2025-06-16,1,L042,FAC04,DST08,197,LTL,CARC,3755,CC-104
SHP04337,05811006,2025-06-15,2025-06-17,2,L018,FAC02,DST10,561,LTL,CARB,1076,CC-102
SHP04338,75022219,2025-06-15,2025-06-17,2,L005,FAC01,DST08,284,LTL,CARD,771,CC-101
SHP04339,06396240,2025-06-15,2025-06-20,5,L049,FAC04,DST17,1818,LTL,CARC,1157,CC-104
SHP04340,58648809,2025-06-15,2025-06-18,3,L033,FAC03,DST14,1061,TL,CARF,35409,CC-103
SHP04341,02136644,2025-06-15,2025-06-18,3,L016,FAC02,DST08,717,TL,CARG,37727,CC-102
SHP04342,22108485,2025-06-15,2025-06-17,2,L006,FAC01,DST10,315,LTL,CARB,1035,CC-101
SHP04343,09291493,2025-06-15,2025-06-20,5,L022,FAC02,DST14,1906,LTL,CARE,2377,CC-102
SHP04344,31871270,2025-06-15,2025-06-17,2,L031,FAC03,DST10,657,TL,CARF,15254,CC-103
SHP04345,99622322,2025-06-16,2025-06-19,3,L040,FAC04,DST05,1193,TL,CARF,36172,CC-104
SHP04346,12317800,2025-06-16,2025-06-19,3,L028,FAC03,DST04,1114,LTL,CARC,1372,CC-103
SHP04347,40097456,2025-06-16,2025-06-18,2,L031,FAC03,DST10,657,LTL,CARA,1030,CC-103
SHP04348,31667017,2025-06-16,2025-06-19,3,L045,FAC04,DST11,743,LTL,CARC,1755,CC-104
SHP04349,34687799,2025-06-16,2025-06-19,3,L038,FAC04,DST01,571,LTL,CARB,1615,CC-104
SHP04350,69960036,2025-06-16,2025-06-18,2,L013,FAC02,DST02,798,TL,CARF,33115,CC-102
SHP04351,26381869,2025-06-16,2025-06-18,2,L042,FAC04,DST08,197,TL,CARF,25591,CC-104
SHP04352,61414271,2025-06-16,2025-06-20,4,L017,FAC02,DST09,1090,LTL,CARC,228,CC-102
SHP04353,48107558,2025-06-16,2025-06-17,1,L057,FAC05,DST10,289,LTL,CARC,1298,CC-105
SHP04354,51186066,2025-06-16,2025-06-19,3,L013,FAC02,DST02,798,LTL,CARA,3458,CC-102
SHP04355,42131048,2025-06-16,2025-06-21,5,L034,FAC03,DST15,1485,LTL,CARA,1186,CC-103
SHP04356,68801346,2025-06-16,2025-06-20,4,L027,FAC03,DST03,1859,TL,CARH,25700,CC-103
SHP04357,77990967,2025-06-16,2025-06-20,4,L003,FAC01,DST06,1183,TL,CARG,27094,CC-101
SHP04358,71490088,2025-06-16,2025-06-18,2,L006,FAC01,DST10,315,LTL,CARE,1482,CC-101
SHP04359,62727120,2025-06-16,2025-06-19,3,L007,FAC01,DST12,1102,LTL,CARE,2172,CC-101
SHP04360,22668089,2025-06-16,2025-06-18,2,L032,FAC03,DST11,545,LTL,CARD,1471,CC-103
SHP04361,84329522,2025-06-16,2025-06-18,2,L023,FAC02,DST18,513,LTL,CARD,811,CC-102
SHP04362,31181597,2025-06-16,2025-06-19,3,L032,FAC03,DST11,545,LTL,CARD,413,CC-103
SHP04363,26039680,2025-06-16,2025-06-18,2,L012,FAC01,DST20,323,LTL,CARB,2563,CC-101
SHP04364,42884423,2025-06-16,2025-06-19,3,L033,FAC03,DST14,1061,LTL,CARD,444,CC-103
SHP04365,21210833,2025-06-16,2025-06-19,3,L014,FAC02,DST03,1123,LTL,CARA,1717,CC-102
SHP04366,55488490,2025-06-16,2025-06-20,4,L026,FAC03,DST02,1557,LTL,CARA,249,CC-103
SHP04367,73851886,2025-06-16,2025-06-17,1,L012,FAC01,DST20,323,TL,CARF,18047,CC-101
SHP04368,87965496,2025-06-16,2025-06-22,6,L022,FAC02,DST14,1906,LTL,CARC,790,CC-102
SHP04369,38388481,2025-06-16,2025-06-21,5,L027,FAC03,DST03,1859,LTL,CARD,1186,CC-103
SHP04370,60693016,2025-06-16,2025-06-18,2,L012,FAC01,DST20,323,LTL,CARB,6233,CC-101
SHP04371,63833580,2025-06-16,2025-06-19,3,L032,FAC03,DST11,545,LTL,CARC,2832,CC-103
SHP04372,99879965,2025-06-16,2025-06-18,2,L018,FAC02,DST10,561,LTL,CARE,275,CC-102
SHP04373,26380244,2025-06-16,2025-06-20,4,L034,FAC03,DST15,1485,LTL,CARA,600,CC-103
SHP04374,29460551,2025-06-16,2025-06-18,2,L051,FAC04,DST19,195,LTL,CARD,390,CC-104
SHP04375,80139546,2025-06-16,2025-06-20,4,L053,FAC05,DST03,1362,LTL,CARA,7153,CC-105
SHP04376,08626515,2025-06-16,2025-06-18,2,L032,FAC03,DST11,545,LTL,CARC,446,CC-103
SHP04377,69868969,2025-06-16,2025-06-18,2,L004,FAC01,DST07,477,LTL,CARC,1801,CC-101
SHP04378,08796859,2025-06-16,2025-06-18,2,L001,FAC01,DST04,705,LTL,CARC,3281,CC-101
SHP04379,68294422,2025-06-16,2025-06-20,4,L035,FAC03,DST16,2015,TL,CARF,37077,CC-103
SHP04380,85144026,2025-06-16,2025-06-18,2,L021,FAC02,DST13,841,TL,CARG,19965,CC-102
SHP04381,05975208,2025-06-16,2025-06-20,4,L003,FAC01,DST06,1183,LTL,CARC,685,CC-101
SHP04382,99692077,2025-06-16,2025-06-18,2,L054,FAC05,DST04,624,TL,CARG,41904,CC-105
SHP04383,82946228,2025-06-16,2025-06-22,6,L059,FAC05,DST16,2236,TL,CARH,39789,CC-105
SHP04384,26580493,2025-06-17,2025-06-19,2,L011,FAC01,DST18,198,TL,CARG,32675,CC-101
SHP04385,72237243,2025-06-17,2025-06-22,5,L020,FAC02,DST12,1452,LTL,CARA,2198,CC-102
SHP04386,50106215,2025-06-17,2025-06-22,5,L022,FAC02,DST14,1906,TL,CARH,30059,CC-102
SHP04387,09352182,2025-06-17,2025-06-22,5,L022,FAC02,DST14,1906,LTL,CARC,626,CC-102
SHP04388,29923889,2025-06-17,2025-06-19,2,L042,FAC04,DST08,197,LTL,CARC,1162,CC-104
SHP04389,09284055,2025-06-17,2025-06-19,2,L019,FAC02,DST11,811,LTL,CARD,2493,CC-102
SHP04390,67578836,2025-06-17,2025-06-19,2,L054,FAC05,DST04,624,LTL,CARE,1769,CC-105
SHP04391,74423958,2025-06-17,2025-06-22,5,L053,FAC05,DST03,1362,LTL,CARE,3723,CC-105
SHP04392,95920163,2025-06-17,2025-06-19,2,L057,FAC05,DST10,289,LTL,CARC,1707,CC-105
SHP04393,59280251,2025-06-17,2025-06-19,2,L001,FAC01,DST04,705,LTL,CARC,3541,CC-101
SHP04394,79663734,2025-06-17,2025-06-18,1,L011,FAC01,DST18,198,LTL,CARE,1530,CC-101
SHP04395,28511308,2025-06-17,2025-06-19,2,L057,FAC05,DST10,289,LTL,CARE,4038,CC-105
SHP04396,53881945,2025-06-17,2025-06-19,2,L038,FAC04,DST01,571,TL,CARF,26885,CC-104
SHP04397,87618598,2025-06-17,2025-06-22,5,L047,FAC04,DST15,2368,TL,CARF,16375,CC-104
SHP04398,50060270,2025-06-17,2025-06-18,1,L011,FAC01,DST18,198,LTL,CARD,388,CC-101
SHP04399,19508298,2025-06-17,2025-06-18,1,L042,FAC04,DST08,197,LTL,CARB,1858,CC-104
SHP04400,97828313,2025-06-17,2025-06-20,3,L037,FAC03,DST20,871,LTL,CARE,927,CC-103
SHP04401,83603697,2025-06-17,2025-06-18,1,L041,FAC04,DST07,400,LTL,CARB,2188,CC-104
SHP04402,93175040,2025-06-17,2025-06-21,4,L002,FAC01,DST05,1430,LTL,CARB,1266,CC-101
SHP04403,23521374,2025-06-17,2025-06-20,3,L021,FAC02,DST13,841,LTL,CARD,478,CC-102
SHP04404,45298959,2025-06-17,2025-06-21,4,L027,FAC03,DST03,1859,TL,CARH,26080,CC-103
SHP04405,21494963,2025-06-17,2025-06-19,2,L021,FAC02,DST13,841,LTL,CARB,2481,CC-102
SHP04406,77032777,2025-06-17,2025-06-19,2,L005,FAC01,DST08,284,LTL,CARB,312,CC-101
SHP04407,10098433,2025-06-17,2025-06-21,4,L036,FAC03,DST19,1283,LTL,CARD,302,CC-103
SHP04408,63012521,2025-06-17,2025-06-20,3,L026,FAC03,DST02,1557,TL,CARH,36148,CC-103
SHP04409,03351888,2025-06-17,2025-06-18,1,L051,FAC04,DST19,195,LTL,CARB,924,CC-104
SHP04410,31685267,2025-06-17,2025-06-21,4,L022,FAC02,DST14,1906,TL,CARH,22689,CC-102
SHP04411,11380502,2025-06-17,2025-06-20,3,L003,FAC01,DST06,1183,TL,CARG,33721,CC-101
SHP04412,04193025,2025-06-17,2025-06-21,4,L020,FAC02,DST12,1452,LTL,CARB,1579,CC-102
SHP04413,36819483,2025-06-17,2025-06-23,6,L022,FAC02,DST14,1906,LTL,CARC,185,CC-102
SHP04414,49610893,2025-06-17,2025-06-20,3,L043,FAC04,DST09,753,LTL,CARE,459,CC-104
SHP04415,08238292,2025-06-17,2025-06-21,4,L003,FAC01,DST06,1183,TL,CARG,24012,CC-101
SHP04416,79290197,2025-06-17,2025-06-19,2,L012,FAC01,DST20,323,LTL,CARC,543,CC-101
SHP04417,53512940,2025-06-17,2025-06-19,2,L032,FAC03,DST11,545,LTL,CARD,1501,CC-103
SHP04418,68694525,2025-06-17,2025-06-21,4,L020,FAC02,DST12,1452,TL,CARG,23079,CC-102
SHP04419,04609319,2025-06-17,2025-06-19,2,L004,FAC01,DST07,477,LTL,CARA,924,CC-101
SHP04420,06815364,2025-06-17,2025-06-19,2,L055,FAC05,DST06,820,LTL,CARE,1054,CC-105
SHP04421,56909488,2025-06-17,2025-06-18,1,L052,FAC04,DST20,227,LTL,CARE,452,CC-104
SHP04422,67570748,2025-06-18,2025-06-20,2,L055,FAC05,DST06,820,LTL,CARE,384,CC-105
SHP04423,09929530,2025-06-18,2025-06-19,1,L011,FAC01,DST18,198,TL,CARG,31576,CC-101
SHP04424,49086757,2025-06-18,2025-06-24,6,L047,FAC04,DST15,2368,LTL,CARD,284,CC-104
SHP04425,68737359,2025-06-18,2025-06-21,3,L029,FAC03,DST05,1333,LTL,CARA,396,CC-103
SHP04426,45488704,2025-06-18,2025-06-23,5,L022,FAC02,DST14,1906,LTL,CARC,793,CC-102
SHP04427,06059263,2025-06-18,2025-06-20,2,L058,FAC05,DST13,581,LTL,CARD,2313,CC-105
SHP04428,34395566,2025-06-18,2025-06-19,1,L025,FAC02,DST20,384,LTL,CARB,962,CC-102
SHP04429,87524212,2025-06-18,2025-06-20,2,L041,FAC04,DST07,400,LTL,CARB,3620,CC-104
SHP04430,87032623,2025-06-18,2025-06-23,5,L026,FAC03,DST02,1557,LTL,CARA,2251,CC-103
SHP04431,79388046,2025-06-18,2025-06-24,6,L035,FAC03,DST16,2015,LTL,CARA,3361,CC-103
SHP04432,90626069,2025-06-18,2025-06-22,4,L020,FAC02,DST12,1452,LTL,CARB,3397,CC-102
SHP04433,73481866,2025-06-18,2025-06-20,2,L038,FAC04,DST01,571,LTL,CARD,365,CC-104
SHP04434,44337397,2025-06-18,2025-06-21,3,L016,FAC02,DST08,717,LTL,CARC,2901,CC-102
SHP04435,30393194,2025-06-18,2025-06-22,4,L029,FAC03,DST05,1333,LTL,CARA,1365,CC-103
SHP04436,52338747,2025-06-18,2025-06-22,4,L040,FAC04,DST05,1193,LTL,CARC,748,CC-104
SHP04437,94061973,2025-06-18,2025-06-19,1,L052,FAC04,DST20,227,LTL,CARD,4154,CC-104
SHP04438,08491972,2025-06-18,2025-06-20,2,L032,FAC03,DST11,545,TL,CARH,25058,CC-103
SHP04439,47511329,2025-06-18,2025-06-23,5,L027,FAC03,DST03,1859,LTL,CARA,586,CC-103
SHP04440,98343901,2025-06-18,2025-06-20,2,L056,FAC05,DST07,236,LTL,CARE,2173,CC-105
SHP04441,67420929,2025-06-18,2025-06-22,4,L028,FAC03,DST04,1114,TL,CARG,36532,CC-103
SHP04442,87470349,2025-06-18,2025-06-20,2,L041,FAC04,DST07,400,TL,CARH,21939,CC-104
SHP04443,57185869,2025-06-18,2025-06-20,2,L018,FAC02,DST10,561,LTL,CARE,2087,CC-102
SHP04444,73815150,2025-06-18,2025-06-19,1,L041,FAC04,DST07,400,TL,CARH,41152,CC-104
SHP04445,93319334,2025-06-18,2025-06-21,3,L045,FAC04,DST11,743,LTL,CARE,1794,CC-104
SHP04446,49039670,2025-06-18,2025-06-22,4,L030,FAC03,DST08,1199,LTL,CARD,734,CC-103
SHP04447,07870841,2025-06-18,2025-06-19,1,L042,FAC04,DST08,197,LTL,CARC,2620,CC-104
SHP04448,57956693,2025-06-18,2025-06-21,3,L040,FAC04,DST05,1193,TL,CARF,33752,CC-104
SHP04449,73322568,2025-06-18,2025-06-21,3,L017,FAC02,DST09,1090,LTL,CARC,601,CC-102
SHP04450,53980184,2025-06-18,2025-06-19,1,L056,FAC05,DST07,236,TL,CARG,32567,CC-105
SHP04451,18813930,2025-06-18,2025-06-21,3,L026,FAC03,DST02,1557,TL,CARH,34747,CC-103
SHP04452,17956648,2025-06-18,2025-06-20,2,L058,FAC05,DST13,581,LTL,CARD,1564,CC-105
SHP04453,36035997,2025-06-19,2025-06-23,4,L002,FAC01,DST05,1430,TL,CARF,28543,CC-101
SHP04454,40923694,2025-06-19,2025-06-25,6,L035,FAC03,DST16,2015,LTL,CARD,839,CC-103
SHP04455,72855850,2025-06-19,2025-06-21,2,L011,FAC01,DST18,198,LTL,CARE,1692,CC-101
SHP04456,42986416,2025-06-19,2025-06-20,1,L011,FAC01,DST18,198,TL,CARG,30677,CC-101
SHP04457,39544180,2025-06-19,2025-06-22,3,L007,FAC01,DST12,1102,LTL,CARB,2469,CC-101
SHP04458,08988138,2025-06-19,2025-06-25,6,L046,FAC04,DST14,1996,LTL,CARB,2619,CC-104
SHP04459,71419070,2025-06-19,2025-06-22,3,L018,FAC02,DST10,561,LTL,CARB,2194,CC-102
SHP04460,03773184,2025-06-19,2025-06-21,2,L055,FAC05,DST06,820,LTL,CARD,7500,CC-105
SHP04461,29739626,2025-06-19,2025-06-21,2,L005,FAC01,DST08,284,LTL,CARD,1147,CC-101
SHP04462,52822594,2025-06-19,2025-06-21,2,L018,FAC02,DST10,561,LTL,CARB,947,CC-102
SHP04463,35201360,2025-06-19,2025-06-25,6,L059,FAC05,DST16,2236,LTL,CARB,1647,CC-105
SHP04464,08046725,2025-06-19,2025-06-22,3,L058,FAC05,DST13,581,LTL,CARA,751,CC-105
SHP04465,82989535,2025-06-19,2025-06-24,5,L047,FAC04,DST15,2368,TL,CARF,33164,CC-104
SHP04466,37587517,2025-06-19,2025-06-25,6,L035,FAC03,DST16,2015,LTL,CARD,1131,CC-103
SHP04467,77784107,2025-06-19,2025-06-25,6,L048,FAC04,DST16,2410,TL,CARG,32309,CC-104
SHP04468,87573901,2025-06-19,2025-06-23,4,L029,FAC03,DST05,1333,LTL,CARA,565,CC-103
SHP04469,33260841,2025-06-19,2025-06-21,2,L060,FAC05,DST19,791,LTL,CARA,2344,CC-105
SHP04470,35626449,2025-06-19,2025-06-22,3,L045,FAC04,DST11,743,LTL,CARE,1400,CC-104
SHP04471,24896484,2025-06-19,2025-06-22,3,L053,FAC05,DST03,1362,TL,CARG,31566,CC-105
SHP04472,02284426,2025-06-19,2025-06-20,1,L015,FAC02,DST07,257,LTL,CARD,2157,CC-102
SHP04473,77080752,2025-06-19,2025-06-23,4,L053,FAC05,DST03,1362,LTL,CARE,849,CC-105
SHP04474,74638494,2025-06-19,2025-06-23,4,L007,FAC01,DST12,1102,LTL,CARE,1359,CC-101
SHP04475,85060714,2025-06-19,2025-06-21,2,L056,FAC05,DST07,236,TL,CARG,38772,CC-105
SHP04476,77208052,2025-06-19,2025-06-21,2,L019,FAC02,DST11,811,LTL,CARC,2052,CC-102
SHP04477,80526779,2025-06-19,2025-06-21,2,L016,FAC02,DST08,717,LTL,CARC,3123,CC-102
SHP04478,55833899,2025-06-19,2025-06-23,4,L003,FAC01,DST06,1183,LTL,CARD,1272,CC-101
SHP04479,73912705,2025-06-19,2025-06-23,4,L007,FAC01,DST12,1102,LTL,CARE,613,CC-101
SHP04480,42551917,2025-06-19,2025-06-25,6,L009,FAC01,DST16,2079,LTL,CARE,1834,CC-101
SHP04481,39618013,2025-06-19,2025-06-21,2,L058,FAC05,DST13,581,LTL,CARD,386,CC-105
SHP04482,52222088,2025-06-20,2025-06-21,1,L041,FAC04,DST07,400,LTL,CARA,1767,CC-104
SHP04483,89512662,2025-06-20,2025-06-21,1,L044,FAC04,DST10,475,TL,CARG,29518,CC-104
SHP04484,34028730,2025-06-20,2025-06-21,1,L041,FAC04,DST07,400,LTL,CARB,1101,CC-104
SHP04485,09723160,2025-06-20,2025-06-24,4,L036,FAC03,DST19,1283,LTL,CARD,522,CC-103
SHP04486,90918622,2025-06-20,2025-06-21,1,L006,FAC01,DST10,315,LTL,CARE,1487,CC-101
SHP04487,20900347,2025-06-20,2025-06-22,2,L018,FAC02,DST10,561,LTL,CARE,1748,CC-102
SHP04488,08843655,2025-06-20,2025-06-22,2,L055,FAC05,DST06,820,LTL,CARD,617,CC-105
SHP04489,09548964,2025-06-20,2025-06-24,4,L008,FAC01,DST14,1742,TL,CARH,27536,CC-101
SHP04490,75903363,2025-06-20,2025-06-23,3,L037,FAC03,DST20,871,LTL,CARD,1132,CC-103
SHP04491,21061180,2025-06-20,2025-06-23,3,L038,FAC04,DST01,571,LTL,CARB,2336,CC-104
SHP04492,59692354,2025-06-20,2025-06-21,1,L050,FAC04,DST18,202,LTL,CARD,1136,CC-104
SHP04493,03785996,2025-06-20,2025-06-25,5,L020,FAC02,DST12,1452,LTL,CARA,2981,CC-102
SHP04494,45211016,2025-06-20,2025-06-24,4,L020,FAC02,DST12,1452,LTL,CARB,258,CC-102
SHP04495,45360744,2025-06-20,2025-06-22,2,L023,FAC02,DST18,513,LTL,CARB,727,CC-102
SHP04496,31447932,2025-06-20,2025-06-26,6,L048,FAC04,DST16,2410,LTL,CARC,2310,CC-104
SHP04497,32187694,2025-06-20,2025-06-23,3,L040,FAC04,DST05,1193,LTL,CARB,1491,CC-104
SHP04498,52432437,2025-06-20,2025-06-26,6,L022,FAC02,DST14,1906,LTL,CARC,2151,CC-102
SHP04499,91051266,2025-06-20,2025-06-25,5,L027,FAC03,DST03,1859,LTL,CARA,3612,CC-103
SHP04500,32364940,2025-06-20,2025-06-23,3,L013,FAC02,DST02,798,LTL,CARB,1152,CC-102
SHP04501,12712453,2025-06-20,2025-06-22,2,L031,FAC03,DST10,657,LTL,CARC,463,CC-103
SHP04502,70419192,2025-06-20,2025-06-23,3,L032,FAC03,DST11,545,LTL,CARC,1213,CC-103
SHP04503,25720045,2025-06-20,2025-06-23,3,L021,FAC02,DST13,841,LTL,CARB,962,CC-102
SHP04504,97654681,2025-06-20,2025-06-22,2,L016,FAC02,DST08,717,TL,CARG,25835,CC-102
SHP04505,11221347,2025-06-20,2025-06-21,1,L012,FAC01,DST20,323,LTL,CARB,3715,CC-101
SHP04506,23249119,2025-06-20,2025-06-22,2,L055,FAC05,DST06,820,LTL,CARD,1337,CC-105
SHP04507,73043977,2025-06-20,2025-06-21,1,L042,FAC04,DST08,197,LTL,CARC,1933,CC-104
SHP04508,52535830,2025-06-20,2025-06-21,1,L012,FAC01,DST20,323,LTL,CARB,699,CC-101
SHP04509,98129712,2025-06-21,2025-06-26,5,L035,FAC03,DST16,2015,LTL,CARD,1293,CC-103
SHP04510,50193512,2025-06-21,2025-06-24,3,L029,FAC03,DST05,1333,LTL,CARD,1068,CC-103
SHP04511,43766742,2025-06-21,2025-06-23,2,L044,FAC04,DST10,475,LTL,CARE,680,CC-104
SHP04512,45367658,2025-06-21,2025-06-24,3,L043,FAC04,DST09,753,LTL,CARE,3193,CC-104
SHP04513,17858844,2025-06-21,2025-06-23,2,L024,FAC02,DST19,626,LTL,CARC,1112,CC-102
SHP04514,12704371,2025-06-21,2025-06-22,1,L056,FAC05,DST07,236,LTL,CARD,419,CC-105
SHP04515,51097396,2025-06-21,2025-06-24,3,L018,FAC02,DST10,561,TL,CARH,38917,CC-102
SHP04516,18893106,2025-06-21,2025-06-22,1,L006,FAC01,DST10,315,LTL,CARB,397,CC-101
SHP04517,64354056,2025-06-21,2025-06-23,2,L055,FAC05,DST06,820,LTL,CARE,1112,CC-105
SHP04518,92792443,2025-06-21,2025-06-23,2,L060,FAC05,DST19,791,LTL,CARA,839,CC-105
SHP04519,90443849,2025-06-21,2025-06-22,1,L023,FAC02,DST18,513,TL,CARF,19305,CC-102
SHP04520,40751624,2025-06-21,2025-06-26,5,L022,FAC02,DST14,1906,LTL,CARC,1232,CC-102
SHP04521,71023577,2025-06-21,2025-06-23,2,L011,FAC01,DST18,198,TL,CARG,41185,CC-101
SHP04522,33240967,2025-06-21,2025-06-24,3,L013,FAC02,DST02,798,LTL,CARB,1808,CC-102
SHP04523,43408549,2025-06-21,2025-06-23,2,L041,FAC04,DST07,400,TL,CARH,41974,CC-104
SHP04524,40158865,2025-06-21,2025-06-25,4,L010,FAC01,DST17,1508,LTL,CARC,3312,CC-101
SHP04525,35556702,2025-06-21,2025-06-25,4,L003,FAC01,DST06,1183,LTL,CARC,370,CC-101
SHP04526,43860447,2025-06-21,2025-06-25,4,L034,FAC03,DST15,1485,LTL,CARB,2306,CC-103
SHP04527,55367488,2025-06-21,2025-06-26,5,L002,FAC01,DST05,1430,LTL,CARE,1521,CC-101
SHP04528,52059541,2025-06-21,2025-06-23,2,L021,FAC02,DST13,841,LTL,CARD,962,CC-102
SHP04529,54896152,2025-06-21,2025-06-24,3,L023,FAC02,DST18,513,LTL,CARD,662,CC-102
SHP04530,55404527,2025-06-21,2025-06-23,2,L058,FAC05,DST13,581,TL,CARG,18018,CC-105
SHP04531,58196909,2025-06-21,2025-06-22,1,L042,FAC04,DST08,197,LTL,CARC,441,CC-104
SHP04532,57244493,2025-06-21,2025-06-24,3,L023,FAC02,DST18,513,LTL,CARB,1140,CC-102
SHP04533,75141283,2025-06-21,2025-06-23,2,L043,FAC04,DST09,753,LTL,CARE,2533,CC-104
SHP04534,68287406,2025-06-21,2025-06-24,3,L038,FAC04,DST01,571,LTL,CARD,4347,CC-104
SHP04535,91401853,2025-06-21,2025-06-26,5,L035,FAC03,DST16,2015,LTL,CARD,1089,CC-103
SHP04536,79324429,2025-06-21,2025-06-24,3,L037,FAC03,DST20,871,LTL,CARE,534,CC-103
SHP04537,37642143,2025-06-21,2025-06-26,5,L053,FAC05,DST03,1362,LTL,CARA,337,CC-105
SHP04538,70365663,2025-06-21,2025-06-27,6,L022,FAC02,DST14,1906,LTL,CARE,552,CC-102
SHP04539,16872793,2025-06-22,2025-06-25,3,L021,FAC02,DST13,841,LTL,CARB,882,CC-102
SHP04540,98279337,2025-06-22,2025-06-28,6,L022,FAC02,DST14,1906,LTL,CARC,747,CC-102
SHP04541,96697483,2025-06-22,2025-06-24,2,L060,FAC05,DST19,791,TL,CARF,36792,CC-105
SHP04542,82726215,2025-06-22,2025-06-26,4,L029,FAC03,DST05,1333,LTL,CARA,1499,CC-103
SHP04543,73351309,2025-06-22,2025-06-25,3,L040,FAC04,DST05,1193,LTL,CARC,1182,CC-104
SHP04544,20147131,2025-06-22,2025-06-25,3,L055,FAC05,DST06,820,LTL,CARD,679,CC-105
SHP04545,41890679,2025-06-22,2025-06-23,1,L057,FAC05,DST10,289,LTL,CARC,1411,CC-105
SHP04546,53781611,2025-06-22,2025-06-26,4,L026,FAC03,DST02,1557,LTL,CARA,1698,CC-103
SHP04547,56665758,2025-06-22,2025-06-24,2,L011,FAC01,DST18,198,LTL,CARD,213,CC-101
SHP04548,25066906,2025-06-22,2025-06-24,2,L006,FAC01,DST10,315,LTL,CARB,2878,CC-101
SHP04549,31548836,2025-06-22,2025-06-26,4,L002,FAC01,DST05,1430,LTL,CARB,1624,CC-101
SHP04550,17171450,2025-06-22,2025-06-25,3,L004,FAC01,DST07,477,LTL,CARC,761,CC-101
SHP04551,80776675,2025-06-22,2025-06-23,1,L056,FAC05,DST07,236,TL,CARG,27020,CC-105
SHP04552,28462996,2025-06-22,2025-06-26,4,L026,FAC03,DST02,1557,LTL,CARA,1893,CC-103
SHP04553,45577044,2025-06-22,2025-06-24,2,L052,FAC04,DST20,227,LTL,CARE,7500,CC-104
SHP04554,69324695,2025-06-22,2025-06-24,2,L006,FAC01,DST10,315,LTL,CARB,1141,CC-101
SHP04555,28706455,2025-06-22,2025-06-25,3,L017,FAC02,DST09,1090,LTL,CARC,2012,CC-102
SHP04556,37135010,2025-06-22,2025-06-24,2,L056,FAC05,DST07,236,LTL,CARD,1338,CC-105
SHP04557,52911552,2025-06-22,2025-06-26,4,L002,FAC01,DST05,1430,LTL,CARB,3393,CC-101
SHP04558,52159864,2025-06-22,2025-06-24,2,L021,FAC02,DST13,841,LTL,CARD,4066,CC-102
SHP04559,58253351,2025-06-22,2025-06-25,3,L003,FAC01,DST06,1183,TL,CARG,25615,CC-101
SHP04560,11578517,2025-06-22,2025-06-26,4,L029,FAC03,DST05,1333,LTL,CARD,2489,CC-103
SHP04561,82381425,2025-06-22,2025-06-28,6,L048,FAC04,DST16,2410,LTL,CARB,779,CC-104
SHP04562,88735047,2025-06-23,2025-06-26,3,L001,FAC01,DST04,705,LTL,CARC,828,CC-101
SHP04563,62498850,2025-06-23,2025-06-27,4,L033,FAC03,DST14,1061,LTL,CARD,1764,CC-103
SHP04564,69711041,2025-06-23,2025-06-26,3,L038,FAC04,DST01,571,LTL,CARB,928,CC-104
SHP04565,92716252,2025-06-23,2025-06-28,5,L008,FAC01,DST14,1742,LTL,CARE,226,CC-101
SHP04566,98305310,2025-06-23,2025-06-25,2,L005,FAC01,DST08,284,LTL,CARB,761,CC-101
SHP04567,31522308,2025-06-23,2025-06-28,5,L035,FAC03,DST16,2015,LTL,CARD,214,CC-103
SHP04568,12661228,2025-06-23,2025-06-25,2,L055,FAC05,DST06,820,TL,CARF,16081,CC-105
SHP04569,13350568,2025-06-23,2025-06-27,4,L003,FAC01,DST06,1183,LTL,CARC,526,CC-101
SHP04570,12774318,2025-06-23,2025-06-28,5,L027,FAC03,DST03,1859,LTL,CARD,3297,CC-103
SHP04571,40417121,2025-06-23,2025-06-27,4,L026,FAC03,DST02,1557,LTL,CARA,1331,CC-103
SHP04572,16657365,2025-06-23,2025-06-26,3,L055,FAC05,DST06,820,TL,CARF,32789,CC-105
SHP04573,09876945,2025-06-23,2025-06-25,2,L051,FAC04,DST19,195,TL,CARG,18280,CC-104
SHP04574,01969900,2025-06-23,2025-06-25,2,L021,FAC02,DST13,841,LTL,CARB,645,CC-102
SHP04575,41523672,2025-06-23,2025-06-25,2,L024,FAC02,DST19,626,TL,CARH,16724,CC-102
SHP04576,63716964,2025-06-23,2025-06-26,3,L055,FAC05,DST06,820,LTL,CARE,4379,CC-105
SHP04577,02768081,2025-06-23,2025-06-25,2,L045,FAC04,DST11,743,LTL,CARC,1336,CC-104
SHP04578,03032887,2025-06-23,2025-06-25,2,L042,FAC04,DST08,197,LTL,CARB,7500,CC-104
SHP04579,52184065,2025-06-23,2025-06-25,2,L052,FAC04,DST20,227,LTL,CARD,2046,CC-104
SHP04580,42237321,2025-06-23,2025-06-25,2,L011,FAC01,DST18,198,LTL,CARD,1257,CC-101
SHP04581,76172917,2025-06-23,2025-06-25,2,L006,FAC01,DST10,315,LTL,CARE,830,CC-101
SHP04582,16653217,2025-06-23,2025-06-26,3,L021,FAC02,DST13,841,LTL,CARB,1171,CC-102
SHP04583,37941118,2025-06-23,2025-06-25,2,L043,FAC04,DST09,753,LTL,CARC,1008,CC-104
SHP04584,30509615,2025-06-23,2025-06-25,2,L013,FAC02,DST02,798,LTL,CARB,2031,CC-102
SHP04585,56255053,2025-06-23,2025-06-24,1,L012,FAC01,DST20,323,LTL,CARB,1183,CC-101
SHP04586,01646198,2025-06-23,2025-06-26,3,L021,FAC02,DST13,841,TL,CARG,34177,CC-102
SHP04587,58809212,2025-06-23,2025-06-27,4,L028,FAC03,DST04,1114,LTL,CARC,2752,CC-103
SHP04588,86403927,2025-06-23,2025-06-24,1,L041,FAC04,DST07,400,LTL,CARA,1667,CC-104
SHP04589,49594500,2025-06-23,2025-06-25,2,L016,FAC02,DST08,717,LTL,CARE,1827,CC-102
SHP04590,90552426,2025-06-23,2025-06-25,2,L051,FAC04,DST19,195,LTL,CARD,418,CC-104
SHP04591,23586847,2025-06-23,2025-06-25,2,L052,FAC04,DST20,227,LTL,CARE,458,CC-104
SHP04592,85828088,2025-06-24,2025-06-28,4,L003,FAC01,DST06,1183,LTL,CARD,1246,CC-101
SHP04593,09366133,2025-06-24,2025-06-27,3,L016,FAC02,DST08,717,LTL,CARE,984,CC-102
SHP04594,65576170,2025-06-24,2025-06-30,6,L035,FAC03,DST16,2015,LTL,CARA,980,CC-103
SHP04595,35387454,2025-06-24,2025-06-29,5,L002,FAC01,DST05,1430,LTL,CARE,3955,CC-101
SHP04596,74188870,2025-06-24,2025-06-26,2,L057,FAC05,DST10,289,LTL,CARC,829,CC-105
SHP04597,93981525,2025-06-24,2025-06-27,3,L031,FAC03,DST10,657,LTL,CARA,3690,CC-103
SHP04598,29045939,2025-06-24,2025-06-27,3,L023,FAC02,DST18,513,LTL,CARD,2064,CC-102
SHP04599,62188821,2025-06-24,2025-06-25,1,L056,FAC05,DST07,236,LTL,CARD,100,CC-105
SHP04600,66721185,2025-06-24,2025-06-26,2,L024,FAC02,DST19,626,LTL,CARD,2624,CC-102
SHP04601,06835306,2025-06-24,2025-06-26,2,L025,FAC02,DST20,384,LTL,CARA,421,CC-102
SHP04602,70959598,2025-06-24,2025-06-27,3,L024,FAC02,DST19,626,LTL,CARC,1594,CC-102
SHP04603,46302372,2025-06-24,2025-06-28,4,L034,FAC03,DST15,1485,LTL,CARB,852,CC-103
SHP04604,22154403,2025-06-24,2025-06-26,2,L042,FAC04,DST08,197,LTL,CARC,1282,CC-104
SHP04605,82290847,2025-06-24,2025-06-28,4,L008,FAC01,DST14,1742,LTL,CARA,1261,CC-101
SHP04606,77229412,2025-06-24,2025-06-28,4,L034,FAC03,DST15,1485,LTL,CARB,1865,CC-103
SHP04607,68759924,2025-06-24,2025-06-30,6,L035,FAC03,DST16,2015,LTL,CARD,396,CC-103
SHP04608,10214301,2025-06-24,2025-06-25,1,L052,FAC04,DST20,227,LTL,CARE,3855,CC-104
SHP04609,24807273,2025-06-24,2025-06-26,2,L001,FAC01,DST04,705,LTL,CARA,3327,CC-101
SHP04610,72839018,2025-06-24,2025-06-27,3,L055,FAC05,DST06,820,LTL,CARD,2263,CC-105
SHP04611,63765158,2025-06-24,2025-06-25,1,L006,FAC01,DST10,315,TL,CARF,30509,CC-101
SHP04612,85354413,2025-06-24,2025-06-26,2,L013,FAC02,DST02,798,LTL,CARA,2156,CC-102
SHP04613,21373720,2025-06-24,2025-06-27,3,L017,FAC02,DST09,1090,LTL,CARC,6106,CC-102
SHP04614,16129745,2025-06-24,2025-06-27,3,L018,FAC02,DST10,561,LTL,CARB,5812,CC-102
SHP04615,95069361,2025-06-24,2025-06-29,5,L053,FAC05,DST03,1362,LTL,CARE,348,CC-105
SHP04616,38057684,2025-06-24,2025-06-26,2,L013,FAC02,DST02,798,TL,CARF,15568,CC-102
SHP04617,46047298,2025-06-25,2025-06-27,2,L013,FAC02,DST02,798,LTL,CARB,1325,CC-102
SHP04618,88009697,2025-06-25,2025-06-28,3,L018,FAC02,DST10,561,LTL,CARB,1158,CC-102
SHP04619,20242456,2025-06-25,2025-06-26,1,L051,FAC04,DST19,195,TL,CARG,37439,CC-104
SHP04620,22567999,2025-06-25,2025-06-29,4,L002,FAC01,DST05,1430,LTL,CARE,873,CC-101
SHP04621,99502259,2025-06-25,2025-06-29,4,L040,FAC04,DST05,1193,TL,CARF,34819,CC-104
SHP04622,67414282,2025-06-25,2025-07-01,6,L027,FAC03,DST03,1859,LTL,CARA,1600,CC-103
SHP04623,39303243,2025-06-25,2025-06-29,4,L003,FAC01,DST06,1183,LTL,CARD,1791,CC-101
SHP04624,64686786,2025-06-25,2025-06-26,1,L023,FAC02,DST18,513,TL,CARF,30314,CC-102
SHP04625,62152830,2025-06-25,2025-06-27,2,L013,FAC02,DST02,798,LTL,CARB,1200,CC-102
SHP04626,72551785,2025-06-25,2025-06-27,2,L016,FAC02,DST08,717,TL,CARG,27412,CC-102
SHP04627,17368814,2025-06-25,2025-06-29,4,L053,FAC05,DST03,1362,LTL,CARA,3768,CC-105
SHP04628,77077120,2025-06-25,2025-06-30,5,L022,FAC02,DST14,1906,LTL,CARC,600,CC-102
SHP04629,21339987,2025-06-25,2025-06-28,3,L040,FAC04,DST05,1193,LTL,CARB,380,CC-104
SHP04630,67265148,2025-06-25,2025-06-29,4,L014,FAC02,DST03,1123,LTL,CARD,957,CC-102
SHP04631,60497471,2025-06-25,2025-07-01,6,L009,FAC01,DST16,2079,LTL,CARB,3220,CC-101
SHP04632,70562629,2025-06-25,2025-06-27,2,L045,FAC04,DST11,743,TL,CARF,28362,CC-104
SHP04633,75187582,2025-06-25,2025-06-27,2,L044,FAC04,DST10,475,LTL,CARB,586,CC-104
SHP04634,40770829,2025-06-25,2025-06-26,1,L057,FAC05,DST10,289,LTL,CARE,854,CC-105
SHP04635,45397475,2025-06-25,2025-06-30,5,L035,FAC03,DST16,2015,LTL,CARA,2284,CC-103
SHP04636,13796555,2025-06-25,2025-06-27,2,L044,FAC04,DST10,475,LTL,CARE,2105,CC-104
SHP04637,38528190,2025-06-25,2025-06-26,1,L006,FAC01,DST10,315,LTL,CARB,1467,CC-101
SHP04638,95827864,2025-06-25,2025-06-27,2,L032,FAC03,DST11,545,TL,CARH,32751,CC-103
SHP04639,13914575,2025-06-25,2025-06-29,4,L028,FAC03,DST04,1114,LTL,CARC,538,CC-103
SHP04640,13306486,2025-06-25,2025-06-28,3,L058,FAC05,DST13,581,LTL,CARA,1512,CC-105
SHP04641,39780608,2025-06-25,2025-06-27,2,L060,FAC05,DST19,791,LTL,CARA,3441,CC-105
SHP04642,36798454,2025-06-25,2025-06-27,2,L019,FAC02,DST11,811,LTL,CARD,646,CC-102
SHP04643,97077472,2025-06-25,2025-06-30,5,L020,FAC02,DST12,1452,LTL,CARA,471,CC-102
SHP04644,85576306,2025-06-25,2025-06-27,2,L039,FAC04,DST03,771,LTL,CARE,2852,CC-104
SHP04645,28610832,2025-06-25,2025-06-27,2,L001,FAC01,DST04,705,LTL,CARA,1916,CC-101
SHP04646,25667498,2025-06-25,2025-06-27,2,L016,FAC02,DST08,717,LTL,CARC,380,CC-102
SHP04647,81202669,2025-06-25,2025-06-26,1,L052,FAC04,DST20,227,TL,CARF,15676,CC-104
SHP04648,57324235,2025-06-25,2025-06-26,1,L057,FAC05,DST10,289,LTL,CARE,6030,CC-105
SHP04649,55411501,2025-06-25,2025-06-26,1,L052,FAC04,DST20,227,LTL,CARD,281,CC-104
SHP04650,75424284,2025-06-25,2025-06-27,2,L025,FAC02,DST20,384,LTL,CARB,878,CC-102
SHP04651,36034549,2025-06-25,2025-07-01,6,L049,FAC04,DST17,1818,LTL,CARA,2347,CC-104
SHP04652,92221191,2025-06-25,2025-06-27,2,L042,FAC04,DST08,197,TL,CARF,18659,CC-104
SHP04653,51531166,2025-06-25,2025-06-29,4,L035,FAC03,DST16,2015,TL,CARF,21941,CC-103
SHP04654,65823152,2025-06-26,2025-07-01,5,L022,FAC02,DST14,1906,LTL,CARE,1155,CC-102
SHP04655,19705838,2025-06-26,2025-06-29,3,L060,FAC05,DST19,791,TL,CARF,36342,CC-105
SHP04656,53293931,2025-06-26,2025-07-02,6,L049,FAC04,DST17,1818,LTL,CARC,1473,CC-104
SHP04657,41971105,2025-06-26,2025-06-29,3,L004,FAC01,DST07,477,LTL,CARA,454,CC-101
SHP04658,53721974,2025-06-26,2025-06-28,2,L024,FAC02,DST19,626,LTL,CARC,292,CC-102
SHP04659,73946188,2025-06-26,2025-06-29,3,L039,FAC04,DST03,771,LTL,CARE,594,CC-104
SHP04660,09559001,2025-06-26,2025-06-28,2,L031,FAC03,DST10,657,LTL,CARC,700,CC-103
SHP04661,13021841,2025-06-26,2025-06-30,4,L002,FAC01,DST05,1430,LTL,CARE,1467,CC-101
SHP04662,53618437,2025-06-26,2025-06-28,2,L051,FAC04,DST19,195,TL,CARG,27946,CC-104
SHP04663,26928612,2025-06-26,2025-06-30,4,L003,FAC01,DST06,1183,LTL,CARD,1778,CC-101
SHP04664,58210037,2025-06-26,2025-06-30,4,L002,FAC01,DST05,1430,TL,CARF,40922,CC-101
SHP04665,88495848,2025-06-26,2025-06-30,4,L007,FAC01,DST12,1102,LTL,CARE,816,CC-101
SHP04666,86684380,2025-06-26,2025-06-28,2,L042,FAC04,DST08,197,TL,CARF,26529,CC-104
SHP04667,87951331,2025-06-26,2025-06-29,3,L043,FAC04,DST09,753,TL,CARH,18605,CC-104
SHP04668,03220433,2025-06-26,2025-06-28,2,L043,FAC04,DST09,753,LTL,CARE,941,CC-104
SHP04669,55901485,2025-06-26,2025-06-30,4,L026,FAC03,DST02,1557,TL,CARH,21053,CC-103
SHP04670,59528711,2025-06-26,2025-06-28,2,L041,FAC04,DST07,400,LTL,CARB,5073,CC-104
SHP04671,90467258,2025-06-26,2025-06-29,3,L058,FAC05,DST13,581,TL,CARG,41655,CC-105
SHP04672,84361437,2025-06-26,2025-06-29,3,L017,FAC02,DST09,1090,LTL,CARC,388,CC-102
SHP04673,46112090,2025-06-26,2025-06-28,2,L055,FAC05,DST06,820,LTL,CARD,1604,CC-105
SHP04674,60519374,2025-06-26,2025-06-29,3,L028,FAC03,DST04,1114,LTL,CARE,1127,CC-103
SHP04675,65056020,2025-06-26,2025-06-29,3,L014,FAC02,DST03,1123,TL,CARH,39228,CC-102
SHP04676,31880482,2025-06-26,2025-06-28,2,L055,FAC05,DST06,820,TL,CARF,36525,CC-105
SHP04677,17546894,2025-06-26,2025-07-02,6,L059,FAC05,DST16,2236,LTL,CARA,966,CC-105
SHP04678,36702858,2025-06-26,2025-06-29,3,L043,FAC04,DST09,753,LTL,CARE,801,CC-104
SHP04679,51843827,2025-06-26,2025-06-29,3,L039,FAC04,DST03,771,LTL,CARA,2225,CC-104
SHP04680,70978657,2025-06-26,2025-06-29,3,L054,FAC05,DST04,624,TL,CARG,30348,CC-105
SHP04681,56668749,2025-06-26,2025-07-02,6,L027,FAC03,DST03,1859,LTL,CARD,1913,CC-103
SHP04682,38602014,2025-06-26,2025-06-28,2,L045,FAC04,DST11,743,LTL,CARC,2099,CC-104
SHP04683,05226773,2025-06-26,2025-06-28,2,L019,FAC02,DST11,811,LTL,CARD,6041,CC-102
SHP04684,19528003,2025-06-27,2025-06-30,3,L029,FAC03,DST05,1333,LTL,CARD,1730,CC-103
SHP04685,26863844,2025-06-27,2025-06-28,1,L041,FAC04,DST07,400,LTL,CARA,256,CC-104
SHP04686,04971685,2025-06-27,2025-06-30,3,L054,FAC05,DST04,624,LTL,CARB,1461,CC-105
SHP04687,34522172,2025-06-27,2025-07-02,5,L008,FAC01,DST14,1742,LTL,CARE,1499,CC-101
SHP04688,17020796,2025-06-27,2025-06-30,3,L019,FAC02,DST11,811,LTL,CARD,363,CC-102
SHP04689,75085996,2025-06-27,2025-06-29,2,L055,FAC05,DST06,820,LTL,CARE,1714,CC-105
SHP04690,51652730,2025-06-27,2025-06-29,2,L016,FAC02,DST08,717,TL,CARG,20668,CC-102
SHP04691,46542853,2025-06-27,2025-06-30,3,L002,FAC01,DST05,1430,TL,CARF,15838,CC-101
SHP04692,13628147,2025-06-27,2025-06-29,2,L055,FAC05,DST06,820,TL,CARF,26140,CC-105
SHP04693,31430172,2025-06-27,2025-07-03,6,L047,FAC04,DST15,2368,TL,CARF,19806,CC-104
SHP04694,85788179,2025-06-27,2025-07-01,4,L020,FAC02,DST12,1452,LTL,CARB,904,CC-102
SHP04695,58857636,2025-06-27,2025-06-29,2,L054,FAC05,DST04,624,LTL,CARB,1063,CC-105
SHP04696,54972369,2025-06-27,2025-06-30,3,L016,FAC02,DST08,717,LTL,CARC,724,CC-102
SHP04697,35690391,2025-06-27,2025-07-03,6,L047,FAC04,DST15,2368,LTL,CARC,3778,CC-104
SHP04698,86603074,2025-06-27,2025-06-29,2,L025,FAC02,DST20,384,LTL,CARA,1179,CC-102
SHP04699,37802597,2025-06-27,2025-06-29,2,L015,FAC02,DST07,257,LTL,CARD,703,CC-102
SHP04700,08200597,2025-06-27,2025-07-03,6,L035,FAC03,DST16,2015,LTL,CARD,2908,CC-103
SHP04701,01868492,2025-06-27,2025-06-29,2,L011,FAC01,DST18,198,LTL,CARE,719,CC-101
SHP04702,91191208,2025-06-27,2025-07-01,4,L010,FAC01,DST17,1508,LTL,CARC,1329,CC-101
SHP04703,72794666,2025-06-27,2025-07-03,6,L047,FAC04,DST15,2368,LTL,CARC,1118,CC-104
SHP04704,19983484,2025-06-27,2025-06-30,3,L026,FAC03,DST02,1557,TL,CARH,30741,CC-103
SHP04705,22653184,2025-06-27,2025-07-02,5,L008,FAC01,DST14,1742,TL,CARH,15778,CC-101
SHP04706,21988127,2025-06-27,2025-06-28,1,L006,FAC01,DST10,315,TL,CARF,34667,CC-101
SHP04707,15390860,2025-06-27,2025-06-30,3,L036,FAC03,DST19,1283,LTL,CARC,498,CC-103
SHP04708,54723983,2025-06-27,2025-07-01,4,L026,FAC03,DST02,1557,LTL,CARD,640,CC-103
SHP04709,59522271,2025-06-27,2025-07-02,5,L008,FAC01,DST14,1742,LTL,CARE,1140,CC-101
SHP04710,99422692,2025-06-27,2025-06-29,2,L060,FAC05,DST19,791,TL,CARF,23812,CC-105
SHP04711,36370712,2025-06-27,2025-06-29,2,L058,FAC05,DST13,581,TL,CARG,17753,CC-105
SHP04712,96652967,2025-06-27,2025-07-01,4,L028,FAC03,DST04,1114,LTL,CARC,259,CC-103
SHP04713,14948872,2025-06-27,2025-07-02,5,L046,FAC04,DST14,1996,LTL,CARA,646,CC-104
SHP04714,79617449,2025-06-28,2025-07-04,6,L022,FAC02,DST14,1906,LTL,CARE,1721,CC-102
SHP04715,08360432,2025-06-28,2025-07-02,4,L008,FAC01,DST14,1742,LTL,CARA,1928,CC-101
SHP04716,43217059,2025-06-28,2025-06-29,1,L012,FAC01,DST20,323,TL,CARF,30323,CC-101
SHP04717,49461767,2025-06-28,2025-07-01,3,L007,FAC01,DST12,1102,LTL,CARB,7500,CC-101
SHP04718,87428479,2025-06-28,2025-07-01,3,L001,FAC01,DST04,705,LTL,CARC,3052,CC-101
SHP04719,64938647,2025-06-28,2025-07-01,3,L055,FAC05,DST06,820,LTL,CARD,1681,CC-105
SHP04720,84976899,2025-06-28,2025-06-29,1,L012,FAC01,DST20,323,LTL,CARB,1979,CC-101
SHP04721,78455978,2025-06-28,2025-07-04,6,L047,FAC04,DST15,2368,LTL,CARD,493,CC-104
SHP04722,23010483,2025-06-28,2025-07-03,5,L047,FAC04,DST15,2368,TL,CARF,39628,CC-104
SHP04723,99126523,2025-06-28,2025-07-01,3,L044,FAC04,DST10,475,LTL,CARE,1459,CC-104
SHP04724,49673134,2025-06-28,2025-06-30,2,L043,FAC04,DST09,753,LTL,CARE,1183,CC-104
SHP04725,79440080,2025-06-28,2025-06-29,1,L023,FAC02,DST18,513,TL,CARF,25980,CC-102
SHP04726,64857530,2025-06-28,2025-06-30,2,L054,FAC05,DST04,624,LTL,CARE,800,CC-105
SHP04727,28151305,2025-06-28,2025-06-30,2,L004,FAC01,DST07,477,LTL,CARC,2261,CC-101
SHP04728,13829195,2025-06-28,2025-06-29,1,L057,FAC05,DST10,289,LTL,CARE,1656,CC-105
SHP04729,93360287,2025-06-28,2025-06-29,1,L051,FAC04,DST19,195,LTL,CARD,2395,CC-104
SHP04730,37691111,2025-06-28,2025-07-03,5,L020,FAC02,DST12,1452,LTL,CARA,1380,CC-102
SHP04731,67949523,2025-06-28,2025-07-03,5,L009,FAC01,DST16,2079,LTL,CARB,5645,CC-101
SHP04732,38558180,2025-06-28,2025-06-30,2,L060,FAC05,DST19,791,LTL,CARD,683,CC-105
SHP04733,23813131,2025-06-28,2025-06-30,2,L021,FAC02,DST13,841,LTL,CARB,887,CC-102
SHP04734,41542268,2025-06-28,2025-07-01,3,L013,FAC02,DST02,798,LTL,CARB,1795,CC-102
SHP04735,11335790,2025-06-28,2025-07-02,4,L046,FAC04,DST14,1996,TL,CARF,41670,CC-104
SHP04736,38548558,2025-06-28,2025-06-30,2,L055,FAC05,DST06,820,LTL,CARD,1158,CC-105
SHP04737,69334900,2025-06-28,2025-07-03,5,L035,FAC03,DST16,2015,LTL,CARD,321,CC-103
SHP04738,87086812,2025-06-28,2025-07-01,3,L036,FAC03,DST19,1283,LTL,CARD,395,CC-103
SHP04739,72162797,2025-06-28,2025-06-30,2,L057,FAC05,DST10,289,LTL,CARE,1217,CC-105
SHP04740,58861849,2025-06-28,2025-07-04,6,L059,FAC05,DST16,2236,LTL,CARB,1484,CC-105
SHP04741,98465323,2025-06-28,2025-07-02,4,L028,FAC03,DST04,1114,TL,CARG,38931,CC-103
SHP04742,15565664,2025-06-28,2025-07-01,3,L037,FAC03,DST20,871,TL,CARG,21198,CC-103
SHP04743,25750641,2025-06-28,2025-07-02,4,L036,FAC03,DST19,1283,LTL,CARC,2135,CC-103
SHP04744,86689926,2025-06-28,2025-07-01,3,L028,FAC03,DST04,1114,LTL,CARE,2690,CC-103
SHP04745,06003683,2025-06-28,2025-06-30,2,L038,FAC04,DST01,571,TL,CARF,34484,CC-104
SHP04746,36733970,2025-06-29,2025-07-01,2,L057,FAC05,DST10,289,LTL,CARE,4373,CC-105
SHP04747,95242271,2025-06-29,2025-07-02,3,L055,FAC05,DST06,820,LTL,CARE,589,CC-105
SHP04748,54914381,2025-06-29,2025-07-03,4,L002,FAC01,DST05,1430,LTL,CARE,2112,CC-101
SHP04749,35746274,2025-06-29,2025-07-01,2,L057,FAC05,DST10,289,TL,CARH,26025,CC-105
SHP04750,55223762,2025-06-29,2025-07-01,2,L006,FAC01,DST10,315,TL,CARF,25941,CC-101
SHP04751,71833760,2025-06-29,2025-07-01,2,L012,FAC01,DST20,323,LTL,CARB,4097,CC-101
SHP04752,91898046,2025-06-29,2025-07-01,2,L058,FAC05,DST13,581,LTL,CARD,3324,CC-105
SHP04753,93849632,2025-06-29,2025-07-01,2,L051,FAC04,DST19,195,TL,CARG,18283,CC-104
SHP04754,19853642,2025-06-29,2025-07-03,4,L035,FAC03,DST16,2015,TL,CARF,34092,CC-103
SHP04755,48943534,2025-06-29,2025-07-01,2,L043,FAC04,DST09,753,TL,CARH,20632,CC-104
SHP04756,07427127,2025-06-29,2025-07-01,2,L021,FAC02,DST13,841,LTL,CARB,4278,CC-102
SHP04757,73358001,2025-06-29,2025-07-01,2,L041,FAC04,DST07,400,LTL,CARA,957,CC-104
SHP04758,85609944,2025-06-29,2025-07-02,3,L014,FAC02,DST03,1123,LTL,CARA,456,CC-102
SHP04759,23681392,2025-06-29,2025-07-01,2,L031,FAC03,DST10,657,LTL,CARC,6642,CC-103
SHP04760,41281964,2025-06-29,2025-06-30,1,L025,FAC02,DST20,384,LTL,CARB,731,CC-102
SHP04761,84919215,2025-06-29,2025-07-02,3,L036,FAC03,DST19,1283,TL,CARF,30623,CC-103
SHP04762,95239401,2025-06-29,2025-07-01,2,L045,FAC04,DST11,743,LTL,CARE,897,CC-104
SHP04763,93399334,2025-06-29,2025-07-03,4,L002,FAC01,DST05,1430,LTL,CARB,3585,CC-101
SHP04764,95851356,2025-06-29,2025-07-01,2,L013,FAC02,DST02,798,LTL,CARA,1079,CC-102
SHP04765,58961283,2025-06-29,2025-06-30,1,L015,FAC02,DST07,257,LTL,CARB,469,CC-102
SHP04766,90699349,2025-06-29,2025-07-04,5,L046,FAC04,DST14,1996,LTL,CARB,745,CC-104
SHP04767,44718541,2025-06-29,2025-07-03,4,L027,FAC03,DST03,1859,TL,CARH,16841,CC-103
SHP04768,90400468,2025-06-29,2025-07-01,2,L001,FAC01,DST04,705,LTL,CARA,3897,CC-101
SHP04769,49394764,2025-06-29,2025-07-03,4,L033,FAC03,DST14,1061,LTL,CARB,1976,CC-103
SHP04770,52811778,2025-06-29,2025-07-01,2,L016,FAC02,DST08,717,LTL,CARE,1068,CC-102
SHP04771,06021474,2025-06-29,2025-07-02,3,L016,FAC02,DST08,717,LTL,CARE,694,CC-102
SHP04772,56315370,2025-06-29,2025-07-05,6,L048,FAC04,DST16,2410,LTL,CARC,879,CC-104
SHP04773,75885538,2025-06-29,2025-07-01,2,L018,FAC02,DST10,561,LTL,CARB,1430,CC-102
SHP04774,54051814,2025-06-29,2025-07-03,4,L014,FAC02,DST03,1123,TL,CARH,16451,CC-102
SHP04775,29141507,2025-06-30,2025-07-02,2,L033,FAC03,DST14,1061,TL,CARF,26563,CC-103
SHP04776,94057965,2025-06-30,2025-07-02,2,L016,FAC02,DST08,717,LTL,CARE,4976,CC-102
SHP04777,76924098,2025-06-30,2025-07-02,2,L056,FAC05,DST07,236,LTL,CARD,1116,CC-105
SHP04778,70944460,2025-06-30,2025-07-03,3,L038,FAC04,DST01,571,LTL,CARD,1957,CC-104
SHP04779,20406199,2025-06-30,2025-07-02,2,L032,FAC03,DST11,545,LTL,CARD,4917,CC-103
SHP04780,65012611,2025-06-30,2025-07-05,5,L002,FAC01,DST05,1430,LTL,CARB,1134,CC-101
SHP04781,98536667,2025-06-30,2025-07-05,5,L059,FAC05,DST16,2236,TL,CARH,30655,CC-105
SHP04782,82487558,2025-06-30,2025-07-04,4,L030,FAC03,DST08,1199,LTL,CARD,1559,CC-103
SHP04783,97707827,2025-06-30,2025-07-03,3,L004,FAC01,DST07,477,LTL,CARA,1770,CC-101
SHP04784,36787618,2025-06-30,2025-07-01,1,L050,FAC04,DST18,202,LTL,CARD,487,CC-104
SHP04785,28828337,2025-06-30,2025-07-04,4,L014,FAC02,DST03,1123,LTL,CARA,699,CC-102
SHP04786,15021482,2025-06-30,2025-07-06,6,L027,FAC03,DST03,1859,LTL,CARD,1291,CC-103
SHP04787,54868851,2025-06-30,2025-07-02,2,L050,FAC04,DST18,202,LTL,CARD,3622,CC-104
SHP04788,69349923,2025-06-30,2025-07-04,4,L033,FAC03,DST14,1061,LTL,CARD,1151,CC-103
SHP04789,76095149,2025-06-30,2025-07-05,5,L035,FAC03,DST16,2015,LTL,CARD,1908,CC-103
SHP04790,84812488,2025-06-30,2025-07-01,1,L042,FAC04,DST08,197,LTL,CARB,701,CC-104
SHP04791,08752709,2025-06-30,2025-07-01,1,L025,FAC02,DST20,384,TL,CARG,39108,CC-102
SHP04792,66482462,2025-06-30,2025-07-02,2,L012,FAC01,DST20,323,LTL,CARB,859,CC-101
SHP04793,31003973,2025-06-30,2025-07-05,5,L035,FAC03,DST16,2015,LTL,CARA,1016,CC-103
SHP04794,55559197,2025-06-30,2025-07-02,2,L060,FAC05,DST19,791,LTL,CARA,388,CC-105
SHP04795,35741841,2025-06-30,2025-07-05,5,L046,FAC04,DST14,1996,LTL,CARA,486,CC-104
SHP04796,24962898,2025-06-30,2025-07-03,3,L055,FAC05,DST06,820,LTL,CARE,825,CC-105
SHP04797,06845041,2025-06-30,2025-07-03,3,L024,FAC02,DST19,626,TL,CARH,37061,CC-102
SHP04798,86517876,2025-06-30,2025-07-03,3,L036,FAC03,DST19,1283,TL,CARF,23647,CC-103
SHP04799,38252339,2025-06-30,2025-07-04,4,L040,FAC04,DST05,1193,LTL,CARB,5033,CC-104
SHP04800,39243850,2025-06-30,2025-07-02,2,L038,FAC04,DST01,571,LTL,CARD,1357,CC-104
SHP04801,20052655,2025-07-01,2025-07-03,2,L024,FAC02,DST19,626,TL,CARH,38878,CC-102
SHP04802,66286191,2025-07-01,2025-07-03,2,L038,FAC04,DST01,571,TL,CARF,17777,CC-104
SHP04803,40606736,2025-07-01,2025-07-05,4,L053,FAC05,DST03,1362,LTL,CARE,1708,CC-105
SHP04804,63689959,2025-07-01,2025-07-03,2,L016,FAC02,DST08,717,TL,CARG,28567,CC-102
SHP04805,01584132,2025-07-01,2025-07-06,5,L020,FAC02,DST12,1452,LTL,CARA,463,CC-102
SHP04806,06339979,2025-07-01,2025-07-05,4,L030,FAC03,DST08,1199,LTL,CARC,1705,CC-103
SHP04807,68597252,2025-07-01,2025-07-07,6,L046,FAC04,DST14,1996,LTL,CARB,634,CC-104
SHP04808,15379702,2025-07-01,2025-07-06,5,L026,FAC03,DST02,1557,LTL,CARD,722,CC-103
SHP04809,40453512,2025-07-01,2025-07-03,2,L006,FAC01,DST10,315,LTL,CARB,1917,CC-101
SHP04810,06677690,2025-07-01,2025-07-07,6,L049,FAC04,DST17,1818,LTL,CARC,538,CC-104
SHP04811,77093858,2025-07-01,2025-07-06,5,L022,FAC02,DST14,1906,LTL,CARE,1147,CC-102
SHP04812,17186376,2025-07-01,2025-07-03,2,L056,FAC05,DST07,236,LTL,CARD,2049,CC-105
SHP04813,82410709,2025-07-01,2025-07-05,4,L010,FAC01,DST17,1508,LTL,CARA,1113,CC-101
SHP04814,34891621,2025-07-01,2025-07-04,3,L031,FAC03,DST10,657,TL,CARF,24155,CC-103
SHP04815,97757317,2025-07-01,2025-07-04,3,L033,FAC03,DST14,1061,LTL,CARD,186,CC-103
SHP04816,72829344,2025-07-01,2025-07-04,3,L033,FAC03,DST14,1061,LTL,CARB,780,CC-103
SHP04817,03695263,2025-07-01,2025-07-03,2,L052,FAC04,DST20,227,LTL,CARD,6590,CC-104
SHP04818,30835264,2025-07-01,2025-07-03,2,L024,FAC02,DST19,626,TL,CARH,28222,CC-102
SHP04819,18267405,2025-07-01,2025-07-06,5,L035,FAC03,DST16,2015,LTL,CARA,1903,CC-103
SHP04820,85391935,2025-07-01,2025-07-03,2,L001,FAC01,DST04,705,LTL,CARC,789,CC-101
SHP04821,99111270,2025-07-01,2025-07-03,2,L031,FAC03,DST10,657,LTL,CARC,1171,CC-103
SHP04822,38075056,2025-07-01,2025-07-05,4,L026,FAC03,DST02,1557,LTL,CARA,325,CC-103
SHP04823,35707260,2025-07-01,2025-07-06,5,L009,FAC01,DST16,2079,LTL,CARB,4767,CC-101
SHP04824,07001844,2025-07-01,2025-07-08,7,L048,FAC04,DST16,2410,LTL,CARB,1050,CC-104
SHP04825,69764328,2025-07-01,2025-07-04,3,L021,FAC02,DST13,841,LTL,CARD,2224,CC-102
SHP04826,46293898,2025-07-01,2025-07-03,2,L041,FAC04,DST07,400,LTL,CARA,662,CC-104
SHP04827,86584594,2025-07-02,2025-07-04,2,L056,FAC05,DST07,236,LTL,CARE,1748,CC-105
SHP04828,91500068,2025-07-02,2025-07-03,1,L051,FAC04,DST19,195,LTL,CARB,745,CC-104
SHP04829,71716209,2025-07-02,2025-07-04,2,L057,FAC05,DST10,289,TL,CARH,33238,CC-105
SHP04830,14001712,2025-07-02,2025-07-06,4,L008,FAC01,DST14,1742,LTL,CARA,797,CC-101
SHP04831,92198388,2025-07-02,2025-07-08,6,L022,FAC02,DST14,1906,LTL,CARE,1794,CC-102
SHP04832,73579081,2025-07-02,2025-07-04,2,L052,FAC04,DST20,227,LTL,CARD,1540,CC-104
SHP04833,67594931,2025-07-02,2025-07-05,3,L028,FAC03,DST04,1114,LTL,CARE,2015,CC-103
SHP04834,52768877,2025-07-02,2025-07-06,4,L030,FAC03,DST08,1199,LTL,CARD,611,CC-103
SHP04835,24001274,2025-07-02,2025-07-03,1,L057,FAC05,DST10,289,LTL,CARC,4183,CC-105
SHP04836,73421754,2025-07-02,2025-07-03,1,L050,FAC04,DST18,202,LTL,CARD,1033,CC-104
SHP04837,66150396,2025-07-02,2025-07-06,4,L003,FAC01,DST06,1183,LTL,CARC,816,CC-101
SHP04838,07145341,2025-07-02,2025-07-05,3,L019,FAC02,DST11,811,LTL,CARD,1498,CC-102
SHP04839,91962647,2025-07-02,2025-07-04,2,L021,FAC02,DST13,841,LTL,CARD,310,CC-102
SHP04840,96239680,2025-07-02,2025-07-03,1,L056,FAC05,DST07,236,LTL,CARE,5245,CC-105
SHP04841,73782371,2025-07-02,2025-07-04,2,L016,FAC02,DST08,717,LTL,CARE,485,CC-102
SHP04842,64601328,2025-07-02,2025-07-04,2,L013,FAC02,DST02,798,TL,CARF,29880,CC-102
SHP04843,27929835,2025-07-02,2025-07-05,3,L019,FAC02,DST11,811,TL,CARH,24381,CC-102
SHP04844,68559999,2025-07-02,2025-07-05,3,L054,FAC05,DST04,624,TL,CARG,28843,CC-105
SHP04845,27498219,2025-07-02,2025-07-06,4,L017,FAC02,DST09,1090,LTL,CARC,880,CC-102
SHP04846,48683044,2025-07-02,2025-07-04,2,L024,FAC02,DST19,626,LTL,CARD,2593,CC-102
SHP04847,62523468,2025-07-02,2025-07-04,2,L021,FAC02,DST13,841,TL,CARG,36305,CC-102
SHP04848,36911816,2025-07-02,2025-07-05,3,L021,FAC02,DST13,841,LTL,CARB,501,CC-102
SHP04849,08460443,2025-07-02,2025-07-03,1,L042,FAC04,DST08,197,LTL,CARC,3794,CC-104
SHP04850,27060771,2025-07-02,2025-07-07,5,L035,FAC03,DST16,2015,LTL,CARA,564,CC-103
SHP04851,40966905,2025-07-02,2025-07-07,5,L035,FAC03,DST16,2015,LTL,CARA,7500,CC-103
SHP04852,16620885,2025-07-02,2025-07-05,3,L036,FAC03,DST19,1283,LTL,CARC,767,CC-103
SHP04853,62442003,2025-07-02,2025-07-07,5,L027,FAC03,DST03,1859,LTL,CARD,1480,CC-103
SHP04854,23991379,2025-07-02,2025-07-03,1,L005,FAC01,DST08,284,LTL,CARB,927,CC-101
SHP04855,36818326,2025-07-02,2025-07-07,5,L008,FAC01,DST14,1742,LTL,CARA,524,CC-101
SHP04856,16258915,2025-07-02,2025-07-03,1,L042,FAC04,DST08,197,LTL,CARC,907,CC-104
SHP04857,08686651,2025-07-03,2025-07-06,3,L014,FAC02,DST03,1123,LTL,CARD,623,CC-102
SHP04858,68248112,2025-07-03,2025-07-05,2,L042,FAC04,DST08,197,LTL,CARB,546,CC-104
SHP04859,71983693,2025-07-03,2025-07-10,7,L047,FAC04,DST15,2368,LTL,CARD,1330,CC-104
SHP04860,29250984,2025-07-03,2025-07-09,6,L049,FAC04,DST17,1818,LTL,CARC,585,CC-104
SHP04861,81352118,2025-07-03,2025-07-10,7,L047,FAC04,DST15,2368,LTL,CARD,2641,CC-104
SHP04862,65272014,2025-07-03,2025-07-05,2,L051,FAC04,DST19,195,LTL,CARB,1823,CC-104
SHP04863,37973082,2025-07-03,2025-07-06,3,L043,FAC04,DST09,753,LTL,CARE,2654,CC-104
SHP04864,61289542,2025-07-03,2025-07-06,3,L023,FAC02,DST18,513,LTL,CARB,1965,CC-102
SHP04865,50751458,2025-07-03,2025-07-05,2,L016,FAC02,DST08,717,LTL,CARC,160,CC-102
SHP04866,74907933,2025-07-03,2025-07-08,5,L059,FAC05,DST16,2236,LTL,CARB,2237,CC-105
SHP04867,17539555,2025-07-03,2025-07-09,6,L048,FAC04,DST16,2410,TL,CARG,21860,CC-104
SHP04868,26900850,2025-07-03,2025-07-06,3,L032,FAC03,DST11,545,LTL,CARD,345,CC-103
SHP04869,92054955,2025-07-03,2025-07-05,2,L005,FAC01,DST08,284,LTL,CARB,544,CC-101
SHP04870,92094760,2025-07-03,2025-07-08,5,L027,FAC03,DST03,1859,LTL,CARD,699,CC-103
SHP04871,95721150,2025-07-03,2025-07-05,2,L041,FAC04,DST07,400,LTL,CARB,531,CC-104
SHP04872,85852073,2025-07-03,2025-07-09,6,L059,FAC05,DST16,2236,LTL,CARB,883,CC-105
SHP04873,30914017,2025-07-03,2025-07-07,4,L053,FAC05,DST03,1362,LTL,CARA,895,CC-105
SHP04874,55152448,2025-07-03,2025-07-04,1,L056,FAC05,DST07,236,LTL,CARE,4594,CC-105
SHP04875,48104418,2025-07-03,2025-07-04,1,L025,FAC02,DST20,384,LTL,CARB,916,CC-102
SHP04876,88408627,2025-07-03,2025-07-05,2,L042,FAC04,DST08,197,LTL,CARB,1041,CC-104
SHP04877,22882783,2025-07-03,2025-07-08,5,L034,FAC03,DST15,1485,LTL,CARA,485,CC-103
SHP04878,32497803,2025-07-03,2025-07-06,3,L013,FAC02,DST02,798,TL,CARF,30083,CC-102
SHP04879,42403630,2025-07-03,2025-07-04,1,L056,FAC05,DST07,236,LTL,CARD,4014,CC-105
SHP04880,01440207,2025-07-03,2025-07-06,3,L013,FAC02,DST02,798,TL,CARF,16761,CC-102
SHP04881,22309107,2025-07-03,2025-07-06,3,L044,FAC04,DST10,475,LTL,CARB,6610,CC-104
SHP04882,14045014,2025-07-03,2025-07-05,2,L058,FAC05,DST13,581,LTL,CARD,2108,CC-105
SHP04883,60802533,2025-07-03,2025-07-09,6,L048,FAC04,DST16,2410,LTL,CARB,687,CC-104
SHP04884,72287004,2025-07-03,2025-07-06,3,L033,FAC03,DST14,1061,TL,CARF,41024,CC-103
SHP04885,26441775,2025-07-03,2025-07-05,2,L023,FAC02,DST18,513,LTL,CARD,780,CC-102
SHP04886,90863192,2025-07-03,2025-07-05,2,L050,FAC04,DST18,202,LTL,CARC,1568,CC-104
SHP04887,10744559,2025-07-03,2025-07-05,2,L031,FAC03,DST10,657,LTL,CARA,1459,CC-103
SHP04888,74438552,2025-07-03,2025-07-05,2,L021,FAC02,DST13,841,TL,CARG,16678,CC-102
SHP04889,88961501,2025-07-03,2025-07-08,5,L046,FAC04,DST14,1996,LTL,CARA,1191,CC-104
SHP04890,35487451,2025-07-04,2025-07-06,2,L056,FAC05,DST07,236,LTL,CARE,1799,CC-105
SHP04891,42508253,2025-07-04,2025-07-06,2,L057,FAC05,DST10,289,LTL,CARE,347,CC-105
SHP04892,92463253,2025-07-04,2025-07-06,2,L045,FAC04,DST11,743,TL,CARF,22902,CC-104
SHP04893,81436805,2025-07-04,2025-07-05,1,L042,FAC04,DST08,197,LTL,CARC,589,CC-104
SHP04894,12824091,2025-07-04,2025-07-07,3,L030,FAC03,DST08,1199,LTL,CARC,947,CC-103
SHP04895,04609574,2025-07-04,2025-07-07,3,L032,FAC03,DST11,545,LTL,CARC,1420,CC-103
SHP04896,68013458,2025-07-04,2025-07-06,2,L056,FAC05,DST07,236,LTL,CARD,2960,CC-105
SHP04897,52334965,2025-07-04,2025-07-06,2,L058,FAC05,DST13,581,TL,CARG,37653,CC-105
SHP04898,46359894,2025-07-04,2025-07-10,6,L049,FAC04,DST17,1818,LTL,CARC,1093,CC-104
SHP04899,02607616,2025-07-04,2025-07-08,4,L007,FAC01,DST12,1102,LTL,CARB,694,CC-101
SHP04900,08271161,2025-07-04,2025-07-06,2,L043,FAC04,DST09,753,LTL,CARC,1341,CC-104
SHP04901,68392239,2025-07-04,2025-07-09,5,L046,FAC04,DST14,1996,TL,CARF,22160,CC-104
SHP04902,10683106,2025-07-04,2025-07-07,3,L037,FAC03,DST20,871,LTL,CARE,1606,CC-103
SHP04903,40263791,2025-07-04,2025-07-06,2,L042,FAC04,DST08,197,LTL,CARC,642,CC-104
SHP04904,42157992,2025-07-04,2025-07-05,1,L056,FAC05,DST07,236,LTL,CARE,505,CC-105
SHP04905,24655109,2025-07-04,2025-07-09,5,L049,FAC04,DST17,1818,TL,CARF,41962,CC-104
SHP04906,40915406,2025-07-04,2025-07-06,2,L054,FAC05,DST04,624,LTL,CARB,2339,CC-105
SHP04907,25289203,2025-07-04,2025-07-08,4,L035,FAC03,DST16,2015,TL,CARF,20930,CC-103
SHP04908,66774388,2025-07-04,2025-07-05,1,L042,FAC04,DST08,197,LTL,CARC,1087,CC-104
SHP04909,73072097,2025-07-04,2025-07-06,2,L039,FAC04,DST03,771,LTL,CARE,638,CC-104
SHP04910,92690944,2025-07-04,2025-07-07,3,L013,FAC02,DST02,798,LTL,CARB,373,CC-102
SHP04911,17324129,2025-07-04,2025-07-07,3,L037,FAC03,DST20,871,TL,CARG,27322,CC-103
SHP04912,27649063,2025-07-04,2025-07-05,1,L057,FAC05,DST10,289,LTL,CARE,1622,CC-105
SHP04913,20818371,2025-07-04,2025-07-06,2,L032,FAC03,DST11,545,TL,CARH,19731,CC-103
SHP04914,25187684,2025-07-04,2025-07-11,7,L047,FAC04,DST15,2368,LTL,CARC,1506,CC-104
SHP04915,32731996,2025-07-04,2025-07-08,4,L020,FAC02,DST12,1452,LTL,CARA,457,CC-102
SHP04916,48402975,2025-07-04,2025-07-08,4,L007,FAC01,DST12,1102,LTL,CARE,912,CC-101
SHP04917,59267250,2025-07-05,2025-07-11,6,L009,FAC01,DST16,2079,LTL,CARB,988,CC-101
SHP04918,99750859,2025-07-05,2025-07-09,4,L026,FAC03,DST02,1557,LTL,CARD,1200,CC-103
SHP04919,71330498,2025-07-05,2025-07-10,5,L059,FAC05,DST16,2236,TL,CARH,38783,CC-105
SHP04920,65869400,2025-07-05,2025-07-11,6,L049,FAC04,DST17,1818,LTL,CARC,3117,CC-104
SHP04921,09651827,2025-07-05,2025-07-10,5,L059,FAC05,DST16,2236,LTL,CARA,700,CC-105
SHP04922,43893161,2025-07-05,2025-07-06,1,L005,FAC01,DST08,284,LTL,CARB,3124,CC-101
SHP04923,58734429,2025-07-05,2025-07-08,3,L040,FAC04,DST05,1193,LTL,CARB,372,CC-104
SHP04924,18051656,2025-07-05,2025-07-08,3,L054,FAC05,DST04,624,LTL,CARE,7500,CC-105
SHP04925,76504266,2025-07-05,2025-07-11,6,L022,FAC02,DST14,1906,LTL,CARC,2186,CC-102
SHP04926,26583250,2025-07-05,2025-07-08,3,L043,FAC04,DST09,753,LTL,CARE,452,CC-104
SHP04927,54205891,2025-07-05,2025-07-09,4,L049,FAC04,DST17,1818,TL,CARF,17408,CC-104
SHP04928,28115028,2025-07-05,2025-07-09,4,L040,FAC04,DST05,1193,TL,CARF,16135,CC-104
SHP04929,39009309,2025-07-05,2025-07-09,4,L017,FAC02,DST09,1090,LTL,CARC,917,CC-102
SHP04930,40764389,2025-07-05,2025-07-09,4,L030,FAC03,DST08,1199,TL,CARF,20221,CC-103
SHP04931,53801498,2025-07-05,2025-07-09,4,L030,FAC03,DST08,1199,LTL,CARC,229,CC-103
SHP04932,61774049,2025-07-05,2025-07-08,3,L028,FAC03,DST04,1114,TL,CARG,40879,CC-103
SHP04933,22307854,2025-07-05,2025-07-08,3,L019,FAC02,DST11,811,LTL,CARD,1073,CC-102
SHP04934,85264854,2025-07-05,2025-07-06,1,L012,FAC01,DST20,323,LTL,CARB,681,CC-101
SHP04935,01637831,2025-07-05,2025-07-06,1,L052,FAC04,DST20,227,LTL,CARD,6342,CC-104
SHP04936,30175248,2025-07-05,2025-07-10,5,L027,FAC03,DST03,1859,LTL,CARA,1025,CC-103
SHP04937,55402252,2025-07-05,2025-07-09,4,L014,FAC02,DST03,1123,TL,CARH,41362,CC-102
SHP04938,26266339,2025-07-05,2025-07-08,3,L014,FAC02,DST03,1123,LTL,CARD,926,CC-102
SHP04939,62923071,2025-07-05,2025-07-11,6,L035,FAC03,DST16,2015,LTL,CARA,450,CC-103
SHP04940,26952111,2025-07-05,2025-07-11,6,L009,FAC01,DST16,2079,LTL,CARE,2036,CC-101
SHP04941,26421562,2025-07-05,2025-07-09,4,L014,FAC02,DST03,1123,LTL,CARD,627,CC-102
SHP04942,82461864,2025-07-05,2025-07-07,2,L041,FAC04,DST07,400,LTL,CARB,2508,CC-104
SHP04943,12072512,2025-07-05,2025-07-08,3,L030,FAC03,DST08,1199,LTL,CARC,1984,CC-103
SHP04944,42157644,2025-07-05,2025-07-08,3,L038,FAC04,DST01,571,LTL,CARD,662,CC-104
SHP04945,56852113,2025-07-05,2025-07-10,5,L027,FAC03,DST03,1859,TL,CARH,15578,CC-103
SHP04946,93514861,2025-07-05,2025-07-06,1,L015,FAC02,DST07,257,LTL,CARB,1125,CC-102
SHP04947,10259283,2025-07-05,2025-07-09,4,L017,FAC02,DST09,1090,LTL,CARE,7500,CC-102
SHP04948,74907405,2025-07-05,2025-07-07,2,L037,FAC03,DST20,871,LTL,CARE,785,CC-103
SHP04949,23422763,2025-07-05,2025-07-08,3,L007,FAC01,DST12,1102,LTL,CARB,616,CC-101
SHP04950,16845736,2025-07-05,2025-07-08,3,L002,FAC01,DST05,1430,TL,CARF,36329,CC-101
SHP04951,71418084,2025-07-05,2025-07-08,3,L003,FAC01,DST06,1183,LTL,CARC,259,CC-101
SHP04952,74919096,2025-07-05,2025-07-07,2,L021,FAC02,DST13,841,LTL,CARB,312,CC-102
SHP04953,04673423,2025-07-05,2025-07-11,6,L047,FAC04,DST15,2368,LTL,CARD,316,CC-104
SHP04954,21335712,2025-07-05,2025-07-11,6,L035,FAC03,DST16,2015,LTL,CARA,1244,CC-103
SHP04955,00689730,2025-07-05,2025-07-07,2,L024,FAC02,DST19,626,TL,CARH,22195,CC-102
SHP04956,05620365,2025-07-05,2025-07-07,2,L045,FAC04,DST11,743,TL,CARF,33975,CC-104
SHP04957,11942788,2025-07-05,2025-07-08,3,L007,FAC01,DST12,1102,LTL,CARB,1237,CC-101
SHP04958,66987165,2025-07-05,2025-07-08,3,L060,FAC05,DST19,791,TL,CARF,36409,CC-105
SHP04959,95716661,2025-07-06,2025-07-08,2,L005,FAC01,DST08,284,LTL,CARB,677,CC-101
SHP04960,22627813,2025-07-06,2025-07-08,2,L031,FAC03,DST10,657,LTL,CARA,1515,CC-103
SHP04961,00312460,2025-07-06,2025-07-09,3,L018,FAC02,DST10,561,LTL,CARB,1616,CC-102
SHP04962,56393265,2025-07-06,2025-07-10,4,L003,FAC01,DST06,1183,LTL,CARC,192,CC-101
SHP04963,56728231,2025-07-06,2025-07-08,2,L042,FAC04,DST08,197,LTL,CARB,917,CC-104
SHP04964,47087379,2025-07-06,2025-07-08,2,L037,FAC03,DST20,871,LTL,CARD,1876,CC-103
SHP04965,80957595,2025-07-06,2025-07-11,5,L027,FAC03,DST03,1859,LTL,CARA,3343,CC-103
SHP04966,48640682,2025-07-06,2025-07-08,2,L006,FAC01,DST10,315,TL,CARF,21608,CC-101
SHP04967,13576979,2025-07-06,2025-07-08,2,L041,FAC04,DST07,400,LTL,CARB,1446,CC-104
SHP04968,37312425,2025-07-06,2025-07-08,2,L038,FAC04,DST01,571,LTL,CARD,284,CC-104
SHP04969,75783533,2025-07-06,2025-07-07,1,L025,FAC02,DST20,384,LTL,CARB,1531,CC-102
SHP04970,10222098,2025-07-06,2025-07-08,2,L045,FAC04,DST11,743,TL,CARF,27290,CC-104
SHP04971,13199899,2025-07-06,2025-07-09,3,L007,FAC01,DST12,1102,LTL,CARE,1351,CC-101
SHP04972,20781653,2025-07-06,2025-07-07,1,L056,FAC05,DST07,236,TL,CARG,19644,CC-105
SHP04973,65039337,2025-07-06,2025-07-09,3,L037,FAC03,DST20,871,TL,CARG,23201,CC-103
SHP04974,54676636,2025-07-06,2025-07-09,3,L023,FAC02,DST18,513,LTL,CARB,175,CC-102
SHP04975,02166141,2025-07-06,2025-07-08,2,L057,FAC05,DST10,289,LTL,CARC,3986,CC-105
SHP04976,24389614,2025-07-06,2025-07-12,6,L022,FAC02,DST14,1906,LTL,CARC,357,CC-102
SHP04977,12283682,2025-07-06,2025-07-09,3,L016,FAC02,DST08,717,LTL,CARE,210,CC-102
SHP04978,42506942,2025-07-06,2025-07-08,2,L006,FAC01,DST10,315,LTL,CARE,3007,CC-101
SHP04979,71091643,2025-07-06,2025-07-09,3,L014,FAC02,DST03,1123,LTL,CARD,194,CC-102
SHP04980,82613809,2025-07-06,2025-07-09,3,L038,FAC04,DST01,571,LTL,CARD,994,CC-104
SHP04981,07304623,2025-07-06,2025-07-11,5,L059,FAC05,DST16,2236,LTL,CARB,1620,CC-105
SHP04982,37443625,2025-07-06,2025-07-07,1,L015,FAC02,DST07,257,TL,CARH,38926,CC-102
SHP04983,64031821,2025-07-06,2025-07-09,3,L003,FAC01,DST06,1183,LTL,CARD,633,CC-101
SHP04984,16291322,2025-07-06,2025-07-12,6,L009,FAC01,DST16,2079,LTL,CARB,296,CC-101
SHP04985,08177854,2025-07-06,2025-07-08,2,L013,FAC02,DST02,798,LTL,CARB,228,CC-102
SHP04986,49121858,2025-07-06,2025-07-11,5,L009,FAC01,DST16,2079,LTL,CARE,977,CC-101
SHP04987,72255811,2025-07-06,2025-07-09,3,L054,FAC05,DST04,624,LTL,CARE,1122,CC-105
SHP04988,11569320,2025-07-06,2025-07-07,1,L057,FAC05,DST10,289,LTL,CARE,697,CC-105
SHP04989,40367473,2025-07-06,2025-07-11,5,L020,FAC02,DST12,1452,LTL,CARA,338,CC-102
SHP04990,51519677,2025-07-06,2025-07-08,2,L051,FAC04,DST19,195,LTL,CARB,715,CC-104
SHP04991,96233717,2025-07-06,2025-07-09,3,L007,FAC01,DST12,1102,TL,CARF,26223,CC-101
SHP04992,90102382,2025-07-07,2025-07-11,4,L034,FAC03,DST15,1485,LTL,CARB,2070,CC-103
SHP04993,97387547,2025-07-07,2025-07-12,5,L022,FAC02,DST14,1906,LTL,CARC,854,CC-102
SHP04994,04124781,2025-07-07,2025-07-11,4,L049,FAC04,DST17,1818,TL,CARF,39677,CC-104
SHP04995,30639992,2025-07-07,2025-07-10,3,L013,FAC02,DST02,798,LTL,CARB,1178,CC-102
SHP04996,79292716,2025-07-07,2025-07-13,6,L049,FAC04,DST17,1818,LTL,CARC,458,CC-104
SHP04997,10520548,2025-07-07,2025-07-09,2,L025,FAC02,DST20,384,LTL,CARA,1851,CC-102
SHP04998,01823242,2025-07-07,2025-07-11,4,L029,FAC03,DST05,1333,LTL,CARD,2860,CC-103
SHP04999,68748040,2025-07-07,2025-07-10,3,L029,FAC03,DST05,1333,LTL,CARA,766,CC-103
SHP05000,13034027,2025-07-07,2025-07-13,6,L047,FAC04,DST15,2368,LTL,CARC,7500,CC-104
SHP05001,45592092,2025-07-07,2025-07-09,2,L055,FAC05,DST06,820,LTL,CARD,1066,CC-105
SHP05002,08542865,2025-07-07,2025-07-10,3,L024,FAC02,DST19,626,LTL,CARD,1269,CC-102
SHP05003,74695214,2025-07-07,2025-07-09,2,L043,FAC04,DST09,753,LTL,CARC,6082,CC-104
SHP05004,38172532,2025-07-07,2025-07-09,2,L013,FAC02,DST02,798,LTL,CARA,976,CC-102
SHP05005,75320920,2025-07-07,2025-07-09,2,L042,FAC04,DST08,197,TL,CARF,21424,CC-104
SHP05006,03724192,2025-07-07,2025-07-09,2,L057,FAC05,DST10,289,LTL,CARC,1250,CC-105
SHP05007,37998281,2025-07-07,2025-07-10,3,L045,FAC04,DST11,743,LTL,CARC,1111,CC-104
SHP05008,71235271,2025-07-07,2025-07-08,1,L011,FAC01,DST18,198,LTL,CARD,1579,CC-101
SHP05009,40908890,2025-07-07,2025-07-08,1,L041,FAC04,DST07,400,LTL,CARB,938,CC-104
SHP05010,94767958,2025-07-07,2025-07-08,1,L051,FAC04,DST19,195,TL,CARG,30602,CC-104
SHP05011,58265446,2025-07-07,2025-07-09,2,L051,FAC04,DST19,195,LTL,CARB,1109,CC-104
SHP05012,47233961,2025-07-07,2025-07-11,4,L010,FAC01,DST17,1508,LTL,CARC,3550,CC-101
SHP05013,01895735,2025-07-07,2025-07-10,3,L001,FAC01,DST04,705,LTL,CARC,3197,CC-101
SHP05014,78791473,2025-07-07,2025-07-11,4,L026,FAC03,DST02,1557,TL,CARH,27111,CC-103
SHP05015,29774742,2025-07-08,2025-07-11,3,L054,FAC05,DST04,624,LTL,CARE,4859,CC-105
SHP05016,33101884,2025-07-08,2025-07-12,4,L033,FAC03,DST14,1061,LTL,CARB,1448,CC-103
SHP05017,84588650,2025-07-08,2025-07-11,3,L018,FAC02,DST10,561,LTL,CARB,1302,CC-102
SHP05018,17603262,2025-07-08,2025-07-11,3,L013,FAC02,DST02,798,LTL,CARB,529,CC-102
SHP05019,68648788,2025-07-08,2025-07-11,3,L007,FAC01,DST12,1102,TL,CARF,40038,CC-101
SHP05020,03458175,2025-07-08,2025-07-13,5,L010,FAC01,DST17,1508,LTL,CARC,2380,CC-101
SHP05021,03009141,2025-07-08,2025-07-11,3,L024,FAC02,DST19,626,LTL,CARC,1747,CC-102
SHP05022,85848888,2025-07-08,2025-07-11,3,L030,FAC03,DST08,1199,LTL,CARC,2181,CC-103
SHP05023,12637100,2025-07-08,2025-07-10,2,L013,FAC02,DST02,798,TL,CARF,39961,CC-102
SHP05024,03254694,2025-07-08,2025-07-12,4,L017,FAC02,DST09,1090,LTL,CARE,1136,CC-102
SHP05025,07564040,2025-07-08,2025-07-09,1,L011,FAC01,DST18,198,LTL,CARE,1327,CC-101
SHP05026,86712976,2025-07-08,2025-07-11,3,L038,FAC04,DST01,571,LTL,CARB,2534,CC-104
SHP05027,84763965,2025-07-08,2025-07-12,4,L034,FAC03,DST15,1485,LTL,CARB,914,CC-103
SHP05028,06982432,2025-07-08,2025-07-12,4,L020,FAC02,DST12,1452,LTL,CARA,1031,CC-102
SHP05029,66736000,2025-07-08,2025-07-13,5,L002,FAC01,DST05,1430,LTL,CARB,2429,CC-101
SHP05030,55559749,2025-07-08,2025-07-09,1,L042,FAC04,DST08,197,TL,CARF,18262,CC-104
SHP05031,21035269,2025-07-08,2025-07-09,1,L006,FAC01,DST10,315,LTL,CARE,1573,CC-101
SHP05032,53906559,2025-07-08,2025-07-11,3,L033,FAC03,DST14,1061,LTL,CARD,773,CC-103
SHP05033,97240737,2025-07-08,2025-07-10,2,L037,FAC03,DST20,871,LTL,CARD,2993,CC-103
SHP05034,60665226,2025-07-08,2025-07-10,2,L019,FAC02,DST11,811,LTL,CARC,621,CC-102
SHP05035,55759145,2025-07-08,2025-07-12,4,L028,FAC03,DST04,1114,LTL,CARE,791,CC-103
SHP05036,33521359,2025-07-08,2025-07-11,3,L016,FAC02,DST08,717,LTL,CARC,709,CC-102
SHP05037,95704262,2025-07-08,2025-07-14,6,L047,FAC04,DST15,2368,LTL,CARD,1337,CC-104
SHP05038,99843540,2025-07-08,2025-07-09,1,L056,FAC05,DST07,236,LTL,CARE,870,CC-105
SHP05039,26066265,2025-07-08,2025-07-15,7,L048,FAC04,DST16,2410,LTL,CARB,746,CC-104
SHP05040,44195779,2025-07-08,2025-07-14,6,L046,FAC04,DST14,1996,LTL,CARA,278,CC-104
SHP05041,12380206,2025-07-08,2025-07-11,3,L003,FAC01,DST06,1183,LTL,CARD,2263,CC-101
SHP05042,15204177,2025-07-08,2025-07-11,3,L044,FAC04,DST10,475,LTL,CARE,395,CC-104
SHP05043,98231493,2025-07-08,2025-07-10,2,L041,FAC04,DST07,400,LTL,CARA,1564,CC-104
SHP05044,68262099,2025-07-08,2025-07-10,2,L044,FAC04,DST10,475,LTL,CARB,2546,CC-104
SHP05045,12547127,2025-07-08,2025-07-11,3,L033,FAC03,DST14,1061,LTL,CARB,2284,CC-103
SHP05046,68525152,2025-07-08,2025-07-12,4,L020,FAC02,DST12,1452,LTL,CARB,2113,CC-102
SHP05047,74026561,2025-07-08,2025-07-13,5,L035,FAC03,DST16,2015,TL,CARF,20137,CC-103
SHP05048,41366155,2025-07-08,2025-07-10,2,L058,FAC05,DST13,581,LTL,CARA,1529,CC-105
SHP05049,05677562,2025-07-08,2025-07-11,3,L028,FAC03,DST04,1114,LTL,CARC,3742,CC-103
SHP05050,65956482,2025-07-08,2025-07-11,3,L014,FAC02,DST03,1123,TL,CARH,15034,CC-102
SHP05051,35491950,2025-07-09,2025-07-11,2,L019,FAC02,DST11,811,LTL,CARD,1014,CC-102
SHP05052,10802054,2025-07-09,2025-07-13,4,L036,FAC03,DST19,1283,LTL,CARD,1456,CC-103
SHP05053,79399842,2025-07-09,2025-07-11,2,L051,FAC04,DST19,195,LTL,CARB,965,CC-104
SHP05054,55043374,2025-07-09,2025-07-11,2,L043,FAC04,DST09,753,LTL,CARC,3601,CC-104
SHP05055,94035754,2025-07-09,2025-07-12,3,L054,FAC05,DST04,624,LTL,CARE,2099,CC-105
SHP05056,19641444,2025-07-09,2025-07-11,2,L025,FAC02,DST20,384,LTL,CARB,1470,CC-102
SHP05057,34463339,2025-07-09,2025-07-12,3,L019,FAC02,DST11,811,LTL,CARD,733,CC-102
SHP05058,63609682,2025-07-09,2025-07-11,2,L001,FAC01,DST04,705,LTL,CARC,3736,CC-101
SHP05059,16187657,2025-07-09,2025-07-11,2,L024,FAC02,DST19,626,LTL,CARD,1228,CC-102
SHP05060,41647045,2025-07-09,2025-07-13,4,L053,FAC05,DST03,1362,LTL,CARA,1386,CC-105
SHP05061,64624408,2025-07-09,2025-07-12,3,L060,FAC05,DST19,791,LTL,CARD,333,CC-105
SHP05062,33112392,2025-07-09,2025-07-14,5,L027,FAC03,DST03,1859,TL,CARH,40073,CC-103
SHP05063,55889276,2025-07-09,2025-07-13,4,L034,FAC03,DST15,1485,LTL,CARA,1871,CC-103
SHP05064,88053003,2025-07-09,2025-07-12,3,L024,FAC02,DST19,626,LTL,CARD,2668,CC-102
SHP05065,03400324,2025-07-09,2025-07-12,3,L044,FAC04,DST10,475,LTL,CARE,2509,CC-104
SHP05066,47126086,2025-07-09,2025-07-10,1,L025,FAC02,DST20,384,TL,CARG,28825,CC-102
SHP05067,05466189,2025-07-09,2025-07-15,6,L049,FAC04,DST17,1818,LTL,CARC,761,CC-104
SHP05068,44784301,2025-07-09,2025-07-13,4,L046,FAC04,DST14,1996,TL,CARF,19011,CC-104
SHP05069,41105982,2025-07-09,2025-07-15,6,L049,FAC04,DST17,1818,LTL,CARA,1842,CC-104
SHP05070,97175728,2025-07-09,2025-07-11,2,L025,FAC02,DST20,384,TL,CARG,24032,CC-102
SHP05071,04319341,2025-07-09,2025-07-11,2,L019,FAC02,DST11,811,LTL,CARC,1359,CC-102
SHP05072,49470362,2025-07-09,2025-07-12,3,L007,FAC01,DST12,1102,LTL,CARE,2211,CC-101
SHP05073,19883761,2025-07-09,2025-07-11,2,L032,FAC03,DST11,545,LTL,CARC,1858,CC-103
SHP05074,04351404,2025-07-09,2025-07-16,7,L048,FAC04,DST16,2410,LTL,CARC,438,CC-104
SHP05075,57682544,2025-07-09,2025-07-12,3,L044,FAC04,DST10,475,LTL,CARB,1189,CC-104
SHP05076,56397597,2025-07-09,2025-07-15,6,L046,FAC04,DST14,1996,LTL,CARA,403,CC-104
SHP05077,70635839,2025-07-09,2025-07-12,3,L040,FAC04,DST05,1193,LTL,CARC,2203,CC-104
SHP05078,37238032,2025-07-09,2025-07-12,3,L024,FAC02,DST19,626,LTL,CARC,731,CC-102
SHP05079,91579014,2025-07-10,2025-07-13,3,L013,FAC02,DST02,798,LTL,CARB,1102,CC-102
SHP05080,78212193,2025-07-10,2025-07-12,2,L031,FAC03,DST10,657,LTL,CARA,1665,CC-103
SHP05081,66065768,2025-07-10,2025-07-12,2,L006,FAC01,DST10,315,LTL,CARB,346,CC-101
SHP05082,44333770,2025-07-10,2025-07-13,3,L058,FAC05,DST13,581,LTL,CARA,1268,CC-105
SHP05083,57858413,2025-07-10,2025-07-14,4,L034,FAC03,DST15,1485,TL,CARG,20419,CC-103
SHP05084,63799270,2025-07-10,2025-07-11,1,L015,FAC02,DST07,257,LTL,CARD,1212,CC-102
SHP05085,78215400,2025-07-10,2025-07-12,2,L057,FAC05,DST10,289,LTL,CARC,814,CC-105
SHP05086,98068729,2025-07-10,2025-07-11,1,L015,FAC02,DST07,257,TL,CARH,22493,CC-102
SHP05087,72936911,2025-07-10,2025-07-16,6,L027,FAC03,DST03,1859,LTL,CARA,2038,CC-103
SHP05088,85907051,2025-07-10,2025-07-14,4,L002,FAC01,DST05,1430,TL,CARF,40616,CC-101
SHP05089,81782092,2025-07-10,2025-07-13,3,L039,FAC04,DST03,771,LTL,CARA,801,CC-104
SHP05090,25894846,2025-07-10,2025-07-12,2,L050,FAC04,DST18,202,LTL,CARD,1478,CC-104
SHP05091,53995825,2025-07-10,2025-07-11,1,L051,FAC04,DST19,195,LTL,CARD,492,CC-104
SHP05092,56355719,2025-07-10,2025-07-13,3,L014,FAC02,DST03,1123,LTL,CARD,543,CC-102
SHP05093,64195238,2025-07-10,2025-07-12,2,L018,FAC02,DST10,561,LTL,CARE,839,CC-102
SHP05094,18725317,2025-07-10,2025-07-13,3,L017,FAC02,DST09,1090,TL,CARF,36639,CC-102
SHP05095,39521503,2025-07-10,2025-07-13,3,L054,FAC05,DST04,624,LTL,CARE,820,CC-105
SHP05096,71976926,2025-07-10,2025-07-11,1,L042,FAC04,DST08,197,TL,CARF,36109,CC-104
SHP05097,70176308,2025-07-10,2025-07-13,3,L021,FAC02,DST13,841,LTL,CARB,2239,CC-102
SHP05098,05636470,2025-07-10,2025-07-12,2,L051,FAC04,DST19,195,LTL,CARB,1082,CC-104
SHP05099,91801099,2025-07-10,2025-07-11,1,L012,FAC01,DST20,323,TL,CARF,39443,CC-101
SHP05100,77234186,2025-07-10,2025-07-15,5,L010,FAC01,DST17,1508,LTL,CARC,633,CC-101
SHP05101,27270019,2025-07-10,2025-07-15,5,L002,FAC01,DST05,1430,LTL,CARB,3531,CC-101
SHP05102,13969333,2025-07-10,2025-07-12,2,L023,FAC02,DST18,513,LTL,CARB,1372,CC-102
SHP05103,31925306,2025-07-10,2025-07-15,5,L022,FAC02,DST14,1906,LTL,CARE,1082,CC-102
SHP05104,07855435,2025-07-10,2025-07-14,4,L030,FAC03,DST08,1199,LTL,CARC,1002,CC-103
SHP05105,13183024,2025-07-10,2025-07-13,3,L003,FAC01,DST06,1183,LTL,CARD,2548,CC-101
SHP05106,74328218,2025-07-10,2025-07-11,1,L015,FAC02,DST07,257,LTL,CARB,201,CC-102
SHP05107,90614005,2025-07-10,2025-07-14,4,L046,FAC04,DST14,1996,TL,CARF,19560,CC-104
SHP05108,73003281,2025-07-10,2025-07-12,2,L024,FAC02,DST19,626,LTL,CARC,1357,CC-102
SHP05109,49484838,2025-07-10,2025-07-13,3,L024,FAC02,DST19,626,LTL,CARD,2143,CC-102
SHP05110,74582603,2025-07-11,2025-07-18,7,L047,FAC04,DST15,2368,LTL,CARD,652,CC-104
SHP05111,45351102,2025-07-11,2025-07-13,2,L013,FAC02,DST02,798,TL,CARF,23428,CC-102
SHP05112,90343408,2025-07-11,2025-07-13,2,L056,FAC05,DST07,236,LTL,CARD,7500,CC-105
SHP05113,53950060,2025-07-11,2025-07-12,1,L041,FAC04,DST07,400,LTL,CARB,827,CC-104
SHP05114,31195031,2025-07-11,2025-07-16,5,L026,FAC03,DST02,1557,LTL,CARD,1474,CC-103
SHP05115,72226650,2025-07-11,2025-07-13,2,L041,FAC04,DST07,400,LTL,CARA,2197,CC-104
SHP05116,02304722,2025-07-11,2025-07-12,1,L025,FAC02,DST20,384,TL,CARG,23376,CC-102
SHP05117,27124769,2025-07-11,2025-07-16,5,L020,FAC02,DST12,1452,LTL,CARA,5001,CC-102
SHP05118,35532453,2025-07-11,2025-07-17,6,L035,FAC03,DST16,2015,LTL,CARA,265,CC-103
SHP05119,41892468,2025-07-11,2025-07-13,2,L001,FAC01,DST04,705,TL,CARG,19969,CC-101
SHP05120,75628746,2025-07-11,2025-07-14,3,L016,FAC02,DST08,717,TL,CARG,39125,CC-102
SHP05121,30485649,2025-07-11,2025-07-17,6,L035,FAC03,DST16,2015,LTL,CARD,1334,CC-103
SHP05122,59912723,2025-07-11,2025-07-14,3,L043,FAC04,DST09,753,LTL,CARC,1061,CC-104
SHP05123,30954280,2025-07-11,2025-07-15,4,L036,FAC03,DST19,1283,LTL,CARC,415,CC-103
SHP05124,06494737,2025-07-11,2025-07-17,6,L035,FAC03,DST16,2015,LTL,CARD,949,CC-103
SHP05125,42622991,2025-07-11,2025-07-17,6,L059,FAC05,DST16,2236,LTL,CARB,3240,CC-105
SHP05126,11744139,2025-07-11,2025-07-17,6,L059,FAC05,DST16,2236,LTL,CARB,482,CC-105
SHP05127,81983833,2025-07-11,2025-07-15,4,L026,FAC03,DST02,1557,LTL,CARD,417,CC-103
SHP05128,58009020,2025-07-11,2025-07-13,2,L052,FAC04,DST20,227,LTL,CARD,1398,CC-104
SHP05129,80553253,2025-07-11,2025-07-16,5,L049,FAC04,DST17,1818,LTL,CARA,1922,CC-104
SHP05130,44712939,2025-07-11,2025-07-17,6,L027,FAC03,DST03,1859,LTL,CARA,2431,CC-103
SHP05131,24783357,2025-07-11,2025-07-15,4,L010,FAC01,DST17,1508,TL,CARG,31783,CC-101
SHP05132,70483995,2025-07-11,2025-07-15,4,L040,FAC04,DST05,1193,LTL,CARB,2222,CC-104
SHP05133,94849697,2025-07-11,2025-07-15,4,L040,FAC04,DST05,1193,LTL,CARB,2885,CC-104
SHP05134,99998460,2025-07-11,2025-07-12,1,L050,FAC04,DST18,202,LTL,CARD,1086,CC-104
SHP05135,20752683,2025-07-11,2025-07-12,1,L056,FAC05,DST07,236,LTL,CARD,1275,CC-105
SHP05136,12864262,2025-07-11,2025-07-14,3,L045,FAC04,DST11,743,LTL,CARE,2173,CC-104
SHP05137,99434152,2025-07-11,2025-07-13,2,L050,FAC04,DST18,202,LTL,CARC,530,CC-104
SHP05138,57685458,2025-07-12,2025-07-14,2,L001,FAC01,DST04,705,LTL,CARC,1433,CC-101
SHP05139,16648310,2025-07-12,2025-07-16,4,L036,FAC03,DST19,1283,LTL,CARC,765,CC-103
SHP05140,69242112,2025-07-12,2025-07-14,2,L042,FAC04,DST08,197,LTL,CARB,2782,CC-104
SHP05141,99614241,2025-07-12,2025-07-18,6,L009,FAC01,DST16,2079,LTL,CARE,1094,CC-101
SHP05142,02588378,2025-07-12,2025-07-17,5,L049,FAC04,DST17,1818,TL,CARF,27282,CC-104
SHP05143,76811845,2025-07-12,2025-07-13,1,L011,FAC01,DST18,198,LTL,CARE,1033,CC-101
SHP05144,39591964,2025-07-12,2025-07-14,2,L057,FAC05,DST10,289,LTL,CARE,1992,CC-105
SHP05145,97985113,2025-07-12,2025-07-15,3,L055,FAC05,DST06,820,TL,CARF,24322,CC-105
SHP05146,31687083,2025-07-12,2025-07-15,3,L020,FAC02,DST12,1452,TL,CARG,25208,CC-102
SHP05147,88312885,2025-07-12,2025-07-17,5,L035,FAC03,DST16,2015,TL,CARF,25748,CC-103
SHP05148,42307434,2025-07-12,2025-07-14,2,L019,FAC02,DST11,811,LTL,CARC,1727,CC-102
SHP05149,19895289,2025-07-12,2025-07-13,1,L041,FAC04,DST07,400,LTL,CARB,1726,CC-104
SHP05150,17967165,2025-07-12,2025-07-13,1,L052,FAC04,DST20,227,LTL,CARE,841,CC-104
SHP05151,35047628,2025-07-13,2025-07-18,5,L002,FAC01,DST05,1430,LTL,CARE,1486,CC-101
SHP05152,56788875,2025-07-13,2025-07-18,5,L010,FAC01,DST17,1508,LTL,CARC,2835,CC-101
SHP05153,62734796,2025-07-13,2025-07-15,2,L044,FAC04,DST10,475,LTL,CARB,1906,CC-104
SHP05154,24644643,2025-07-13,2025-07-15,2,L016,FAC02,DST08,717,LTL,CARC,1840,CC-102
SHP05155,08276618,2025-07-13,2025-07-15,2,L041,FAC04,DST07,400,LTL,CARB,934,CC-104
SHP05156,82511299,2025-07-13,2025-07-17,4,L002,FAC01,DST05,1430,LTL,CARB,1068,CC-101
SHP05157,00401533,2025-07-13,2025-07-16,3,L040,FAC04,DST05,1193,TL,CARF,31317,CC-104
SHP05158,93136003,2025-07-13,2025-07-15,2,L012,FAC01,DST20,323,LTL,CARC,501,CC-101
SHP05159,44879923,2025-07-13,2025-07-19,6,L048,FAC04,DST16,2410,LTL,CARB,780,CC-104
SHP05160,22200143,2025-07-13,2025-07-15,2,L044,FAC04,DST10,475,LTL,CARB,1732,CC-104
SHP05161,29907289,2025-07-13,2025-07-16,3,L026,FAC03,DST02,1557,TL,CARH,28713,CC-103
SHP05162,00837860,2025-07-13,2025-07-17,4,L008,FAC01,DST14,1742,LTL,CARA,2320,CC-101
SHP05163,73458034,2025-07-13,2025-07-18,5,L009,FAC01,DST16,2079,LTL,CARB,308,CC-101
SHP05164,38875722,2025-07-13,2025-07-18,5,L053,FAC05,DST03,1362,LTL,CARE,523,CC-105
SHP05165,92219999,2025-07-13,2025-07-16,3,L032,FAC03,DST11,545,LTL,CARD,601,CC-103
SHP05166,14229599,2025-07-13,2025-07-16,3,L039,FAC04,DST03,771,LTL,CARA,830,CC-104
SHP05167,50112906,2025-07-13,2025-07-17,4,L014,FAC02,DST03,1123,LTL,CARD,7500,CC-102
SHP05168,56518401,2025-07-13,2025-07-16,3,L032,FAC03,DST11,545,LTL,CARD,1287,CC-103
SHP05169,64839915,2025-07-13,2025-07-15,2,L023,FAC02,DST18,513,LTL,CARB,3041,CC-102
SHP05170,73682665,2025-07-13,2025-07-19,6,L049,FAC04,DST17,1818,LTL,CARC,2812,CC-104
SHP05171,01000339,2025-07-13,2025-07-15,2,L052,FAC04,DST20,227,LTL,CARD,217,CC-104
SHP05172,42664356,2025-07-14,2025-07-18,4,L007,FAC01,DST12,1102,LTL,CARB,763,CC-101
SHP05173,26435272,2025-07-14,2025-07-20,6,L035,FAC03,DST16,2015,LTL,CARA,842,CC-103
SHP05174,81652769,2025-07-14,2025-07-16,2,L054,FAC05,DST04,624,LTL,CARE,1219,CC-105
SHP05175,10010434,2025-07-14,2025-07-18,4,L028,FAC03,DST04,1114,LTL,CARE,1152,CC-103
SHP05176,18720890,2025-07-14,2025-07-17,3,L014,FAC02,DST03,1123,LTL,CARD,1586,CC-102
SHP05177,64962177,2025-07-14,2025-07-19,5,L010,FAC01,DST17,1508,LTL,CARA,795,CC-101
SHP05178,12657581,2025-07-14,2025-07-19,5,L059,FAC05,DST16,2236,LTL,CARB,626,CC-105
SHP05179,82043181,2025-07-14,2025-07-16,2,L012,FAC01,DST20,323,LTL,CARB,547,CC-101
SHP05180,03428645,2025-07-14,2025-07-19,5,L008,FAC01,DST14,1742,TL,CARH,31155,CC-101
SHP05181,93908605,2025-07-14,2025-07-16,2,L039,FAC04,DST03,771,LTL,CARA,895,CC-104
SHP05182,64485416,2025-07-14,2025-07-18,4,L014,FAC02,DST03,1123,LTL,CARA,4690,CC-102
SHP05183,07254169,2025-07-14,2025-07-17,3,L060,FAC05,DST19,791,LTL,CARD,2693,CC-105
SHP05184,56557859,2025-07-14,2025-07-17,3,L055,FAC05,DST06,820,LTL,CARE,1477,CC-105
SHP05185,82540740,2025-07-14,2025-07-16,2,L015,FAC02,DST07,257,LTL,CARD,1745,CC-102
SHP05186,60943797,2025-07-14,2025-07-16,2,L057,FAC05,DST10,289,LTL,CARE,243,CC-105
SHP05187,58287233,2025-07-15,2025-07-17,2,L055,FAC05,DST06,820,LTL,CARE,1697,CC-105
SHP05188,90530835,2025-07-15,2025-07-19,4,L014,FAC02,DST03,1123,LTL,CARA,1192,CC-102
SHP05189,38179921,2025-07-15,2025-07-17,2,L019,FAC02,DST11,811,LTL,CARC,1633,CC-102
SHP05190,46682192,2025-07-15,2025-07-18,3,L003,FAC01,DST06,1183,LTL,CARC,628,CC-101
SHP05191,55797842,2025-07-15,2025-07-17,2,L039,FAC04,DST03,771,LTL,CARE,351,CC-104
SHP05192,64768396,2025-07-15,2025-07-17,2,L021,FAC02,DST13,841,TL,CARG,32837,CC-102
SHP05193,21604532,2025-07-15,2025-07-17,2,L058,FAC05,DST13,581,LTL,CARA,1205,CC-105
SHP05194,93591594,2025-07-15,2025-07-16,1,L057,FAC05,DST10,289,TL,CARH,24932,CC-105
SHP05195,38939105,2025-07-15,2025-07-17,2,L001,FAC01,DST04,705,LTL,CARC,1864,CC-101
SHP05196,83860597,2025-07-15,2025-07-17,2,L043,FAC04,DST09,753,LTL,CARE,1511,CC-104
SHP05197,09568614,2025-07-15,2025-07-19,4,L003,FAC01,DST06,1183,LTL,CARC,1700,CC-101
SHP05198,64673827,2025-07-15,2025-07-17,2,L013,FAC02,DST02,798,LTL,CARB,666,CC-102
SHP05199,71596584,2025-07-15,2025-07-16,1,L011,FAC01,DST18,198,LTL,CARE,657,CC-101
SHP05200,80353053,2025-07-15,2025-07-19,4,L003,FAC01,DST06,1183,LTL,CARC,1519,CC-101
SHP05201,70171414,2025-07-15,2025-07-18,3,L045,FAC04,DST11,743,LTL,CARE,2443,CC-104
SHP05202,60132883,2025-07-15,2025-07-17,2,L012,FAC01,DST20,323,LTL,CARB,750,CC-101
SHP05203,60544460,2025-07-15,2025-07-18,3,L021,FAC02,DST13,841,TL,CARG,27336,CC-102
SHP05204,27298667,2025-07-15,2025-07-17,2,L019,FAC02,DST11,811,LTL,CARD,458,CC-102
SHP05205,33825899,2025-07-15,2025-07-17,2,L016,FAC02,DST08,717,LTL,CARC,550,CC-102
SHP05206,40575453,2025-07-15,2025-07-16,1,L012,FAC01,DST20,323,LTL,CARC,1237,CC-101
SHP05207,41734535,2025-07-15,2025-07-19,4,L010,FAC01,DST17,1508,TL,CARG,35507,CC-101
SHP05208,18691151,2025-07-15,2025-07-18,3,L040,FAC04,DST05,1193,TL,CARF,24703,CC-104
SHP05209,06420544,2025-07-15,2025-07-18,3,L004,FAC01,DST07,477,LTL,CARC,1293,CC-101
SHP05210,24429653,2025-07-15,2025-07-17,2,L057,FAC05,DST10,289,LTL,CARC,548,CC-105
SHP05211,86038089,2025-07-15,2025-07-19,4,L026,FAC03,DST02,1557,LTL,CARD,705,CC-103
SHP05212,41068090,2025-07-15,2025-07-18,3,L004,FAC01,DST07,477,LTL,CARC,266,CC-101
SHP05213,02212752,2025-07-15,2025-07-20,5,L059,FAC05,DST16,2236,LTL,CARA,6350,CC-105
SHP05214,51793137,2025-07-15,2025-07-18,3,L001,FAC01,DST04,705,LTL,CARC,307,CC-101
SHP05215,44132548,2025-07-15,2025-07-20,5,L009,FAC01,DST16,2079,LTL,CARE,402,CC-101
SHP05216,48224258,2025-07-16,2025-07-23,7,L048,FAC04,DST16,2410,LTL,CARC,1277,CC-104
SHP05217,54973306,2025-07-16,2025-07-22,6,L047,FAC04,DST15,2368,LTL,CARC,2880,CC-104
SHP05218,37179172,2025-07-16,2025-07-21,5,L049,FAC04,DST17,1818,LTL,CARA,1257,CC-104
SHP05219,92827710,2025-07-16,2025-07-18,2,L006,FAC01,DST10,315,LTL,CARE,1092,CC-101
SHP05220,71629436,2025-07-16,2025-07-18,2,L024,FAC02,DST19,626,LTL,CARC,633,CC-102
SHP05221,26787097,2025-07-16,2025-07-20,4,L036,FAC03,DST19,1283,TL,CARF,23263,CC-103
SHP05222,02822304,2025-07-16,2025-07-20,4,L035,FAC03,DST16,2015,TL,CARF,30658,CC-103
SHP05223,70808858,2025-07-16,2025-07-19,3,L004,FAC01,DST07,477,LTL,CARA,1182,CC-101
SHP05224,48132506,2025-07-16,2025-07-19,3,L024,FAC02,DST19,626,LTL,CARC,695,CC-102
SHP05225,80030121,2025-07-16,2025-07-18,2,L031,FAC03,DST10,657,TL,CARF,37419,CC-103
SHP05226,95600620,2025-07-16,2025-07-18,2,L038,FAC04,DST01,571,LTL,CARD,673,CC-104
SHP05227,83952010,2025-07-16,2025-07-19,3,L055,FAC05,DST06,820,LTL,CARD,1422,CC-105
SHP05228,36714116,2025-07-16,2025-07-20,4,L008,FAC01,DST14,1742,LTL,CARE,1459,CC-101
SHP05229,95018131,2025-07-16,2025-07-18,2,L051,FAC04,DST19,195,LTL,CARB,624,CC-104
SHP05230,27516803,2025-07-16,2025-07-18,2,L037,FAC03,DST20,871,LTL,CARD,526,CC-103
SHP05231,80839414,2025-07-16,2025-07-19,3,L001,FAC01,DST04,705,TL,CARG,29039,CC-101
SHP05232,89612154,2025-07-16,2025-07-18,2,L042,FAC04,DST08,197,LTL,CARC,2159,CC-104
SHP05233,10163755,2025-07-16,2025-07-19,3,L017,FAC02,DST09,1090,TL,CARF,17229,CC-102
SHP05234,03229702,2025-07-17,2025-07-18,1,L042,FAC04,DST08,197,LTL,CARB,1527,CC-104
SHP05235,54534631,2025-07-17,2025-07-18,1,L025,FAC02,DST20,384,TL,CARG,28705,CC-102
SHP05236,84606564,2025-07-17,2025-07-20,3,L001,FAC01,DST04,705,LTL,CARC,1738,CC-101
SHP05237,49808409,2025-07-17,2025-07-18,1,L051,FAC04,DST19,195,LTL,CARD,943,CC-104
SHP05238,66759594,2025-07-17,2025-07-21,4,L026,FAC03,DST02,1557,LTL,CARD,833,CC-103
SHP05239,34793721,2025-07-17,2025-07-21,4,L049,FAC04,DST17,1818,TL,CARF,32193,CC-104
SHP05240,70685180,2025-07-17,2025-07-21,4,L014,FAC02,DST03,1123,LTL,CARD,401,CC-102
SHP05241,21582074,2025-07-17,2025-07-21,4,L014,FAC02,DST03,1123,TL,CARH,21712,CC-102
SHP05242,49706113,2025-07-17,2025-07-18,1,L012,FAC01,DST20,323,LTL,CARC,451,CC-101
SHP05243,64664786,2025-07-17,2025-07-19,2,L023,FAC02,DST18,513,LTL,CARB,3200,CC-102
SHP05244,82018652,2025-07-17,2025-07-21,4,L033,FAC03,DST14,1061,LTL,CARD,1556,CC-103
SHP05245,87652579,2025-07-17,2025-07-21,4,L028,FAC03,DST04,1114,LTL,CARE,2435,CC-103
SHP05246,46924512,2025-07-17,2025-07-20,3,L026,FAC03,DST02,1557,TL,CARH,17938,CC-103
SHP05247,83931326,2025-07-17,2025-07-22,5,L002,FAC01,DST05,1430,LTL,CARB,3050,CC-101
SHP05248,61682049,2025-07-17,2025-07-20,3,L054,FAC05,DST04,624,LTL,CARE,1127,CC-105
SHP05249,72611664,2025-07-17,2025-07-21,4,L020,FAC02,DST12,1452,LTL,CARB,1728,CC-102
SHP05250,25999917,2025-07-17,2025-07-19,2,L055,FAC05,DST06,820,TL,CARF,32026,CC-105
SHP05251,27610544,2025-07-17,2025-07-19,2,L057,FAC05,DST10,289,LTL,CARE,616,CC-105
SHP05252,40613935,2025-07-17,2025-07-19,2,L056,FAC05,DST07,236,LTL,CARE,4117,CC-105
SHP05253,46594926,2025-07-17,2025-07-19,2,L045,FAC04,DST11,743,LTL,CARE,1272,CC-104
SHP05254,82577305,2025-07-17,2025-07-20,3,L045,FAC04,DST11,743,TL,CARF,20033,CC-104
SHP05255,88867779,2025-07-18,2025-07-24,6,L022,FAC02,DST14,1906,LTL,CARE,527,CC-102
SHP05256,74883255,2025-07-18,2025-07-19,1,L041,FAC04,DST07,400,LTL,CARB,1605,CC-104
SHP05257,67060851,2025-07-18,2025-07-19,1,L005,FAC01,DST08,284,TL,CARG,41158,CC-101
SHP05258,38182515,2025-07-18,2025-07-19,1,L005,FAC01,DST08,284,LTL,CARB,1927,CC-101
SHP05259,12879636,2025-07-18,2025-07-20,2,L006,FAC01,DST10,315,LTL,CARB,1602,CC-101
SHP05260,67761178,2025-07-18,2025-07-19,1,L057,FAC05,DST10,289,TL,CARH,20621,CC-105
SHP05261,63222351,2025-07-18,2025-07-19,1,L052,FAC04,DST20,227,LTL,CARE,1203,CC-104
SHP05262,42592485,2025-07-18,2025-07-20,2,L004,FAC01,DST07,477,LTL,CARA,311,CC-101
SHP05263,69571675,2025-07-18,2025-07-20,2,L025,FAC02,DST20,384,LTL,CARB,1429,CC-102
SHP05264,26548068,2025-07-18,2025-07-20,2,L013,FAC02,DST02,798,LTL,CARB,2433,CC-102
SHP05265,03454927,2025-07-18,2025-07-24,6,L046,FAC04,DST14,1996,LTL,CARA,1400,CC-104
SHP05266,02503405,2025-07-18,2025-07-21,3,L019,FAC02,DST11,811,LTL,CARD,3180,CC-102
SHP05267,49970857,2025-07-18,2025-07-19,1,L005,FAC01,DST08,284,TL,CARG,36004,CC-101
SHP05268,68981907,2025-07-18,2025-07-20,2,L012,FAC01,DST20,323,LTL,CARB,756,CC-101
SHP05269,62741241,2025-07-18,2025-07-20,2,L025,FAC02,DST20,384,LTL,CARB,510,CC-102
SHP05270,70745806,2025-07-18,2025-07-22,4,L007,FAC01,DST12,1102,LTL,CARB,706,CC-101
SHP05271,56162310,2025-07-18,2025-07-21,3,L038,FAC04,DST01,571,LTL,CARB,405,CC-104
SHP05272,62377378,2025-07-18,2025-07-24,6,L047,FAC04,DST15,2368,LTL,CARC,468,CC-104
SHP05273,62440408,2025-07-18,2025-07-21,3,L028,FAC03,DST04,1114,LTL,CARC,1492,CC-103
SHP05274,83690245,2025-07-18,2025-07-19,1,L057,FAC05,DST10,289,LTL,CARE,299,CC-105
SHP05275,34944586,2025-07-18,2025-07-20,2,L058,FAC05,DST13,581,LTL,CARD,2064,CC-105
SHP05276,90344689,2025-07-18,2025-07-20,2,L011,FAC01,DST18,198,TL,CARG,25166,CC-101
SHP05277,74792179,2025-07-18,2025-07-24,6,L009,FAC01,DST16,2079,LTL,CARB,885,CC-101
SHP05278,81452807,2025-07-18,2025-07-24,6,L046,FAC04,DST14,1996,LTL,CARB,2922,CC-104
SHP05279,50308878,2025-07-18,2025-07-20,2,L054,FAC05,DST04,624,LTL,CARB,1696,CC-105
SHP05280,90326730,2025-07-18,2025-07-22,4,L040,FAC04,DST05,1193,TL,CARF,17531,CC-104
SHP05281,87697325,2025-07-18,2025-07-22,4,L028,FAC03,DST04,1114,LTL,CARC,439,CC-103
SHP05282,56551930,2025-07-19,2025-07-20,1,L057,FAC05,DST10,289,LTL,CARC,793,CC-105
SHP05283,71301401,2025-07-19,2025-07-21,2,L005,FAC01,DST08,284,LTL,CARD,5491,CC-101
SHP05284,16259735,2025-07-19,2025-07-21,2,L012,FAC01,DST20,323,TL,CARF,36216,CC-101
SHP05285,34386956,2025-07-19,2025-07-24,5,L027,FAC03,DST03,1859,LTL,CARD,523,CC-103
SHP05286,48298766,2025-07-19,2025-07-21,2,L018,FAC02,DST10,561,LTL,CARB,625,CC-102
SHP05287,26212176,2025-07-19,2025-07-21,2,L043,FAC04,DST09,753,TL,CARH,25837,CC-104
SHP05288,98688907,2025-07-19,2025-07-21,2,L024,FAC02,DST19,626,LTL,CARC,945,CC-102
SHP05289,20896237,2025-07-19,2025-07-24,5,L059,FAC05,DST16,2236,LTL,CARB,2305,CC-105
SHP05290,34598550,2025-07-19,2025-07-21,2,L052,FAC04,DST20,227,LTL,CARD,497,CC-104
SHP05291,11980698,2025-07-19,2025-07-20,1,L012,FAC01,DST20,323,LTL,CARB,1706,CC-101
SHP05292,72913737,2025-07-19,2025-07-22,3,L054,FAC05,DST04,624,LTL,CARB,1419,CC-105
SHP05293,90787779,2025-07-19,2025-07-23,4,L033,FAC03,DST14,1061,LTL,CARB,2361,CC-103
SHP05294,67977128,2025-07-19,2025-07-21,2,L018,FAC02,DST10,561,LTL,CARB,4789,CC-102
SHP05295,53498753,2025-07-19,2025-07-22,3,L017,FAC02,DST09,1090,LTL,CARE,363,CC-102
SHP05296,03511713,2025-07-19,2025-07-22,3,L058,FAC05,DST13,581,LTL,CARD,694,CC-105
SHP05297,89649211,2025-07-19,2025-07-25,6,L047,FAC04,DST15,2368,LTL,CARD,1531,CC-104
SHP05298,62955301,2025-07-19,2025-07-21,2,L039,FAC04,DST03,771,TL,CARG,36144,CC-104
SHP05299,59219855,2025-07-19,2025-07-21,2,L015,FAC02,DST07,257,LTL,CARB,4605,CC-102
SHP05300,53508354,2025-07-19,2025-07-24,5,L059,FAC05,DST16,2236,TL,CARH,31844,CC-105
SHP05301,81042013,2025-07-19,2025-07-24,5,L010,FAC01,DST17,1508,LTL,CARA,445,CC-101
SHP05302,15934862,2025-07-19,2025-07-21,2,L018,FAC02,DST10,561,LTL,CARE,2010,CC-102
SHP05303,14334027,2025-07-19,2025-07-22,3,L032,FAC03,DST11,545,LTL,CARD,3316,CC-103
SHP05304,33949816,2025-07-19,2025-07-21,2,L023,FAC02,DST18,513,LTL,CARB,1333,CC-102
SHP05305,60318845,2025-07-19,2025-07-21,2,L024,FAC02,DST19,626,LTL,CARD,631,CC-102
SHP05306,17436138,2025-07-19,2025-07-24,5,L059,FAC05,DST16,2236,LTL,CARA,7500,CC-105
SHP05307,20722852,2025-07-19,2025-07-22,3,L037,FAC03,DST20,871,LTL,CARD,393,CC-103
SHP05308,23211090,2025-07-19,2025-07-24,5,L010,FAC01,DST17,1508,LTL,CARC,4331,CC-101
SHP05309,76733963,2025-07-19,2025-07-23,4,L030,FAC03,DST08,1199,TL,CARF,17490,CC-103
SHP05310,58099270,2025-07-19,2025-07-24,5,L010,FAC01,DST17,1508,LTL,CARA,1058,CC-101
SHP05311,93215860,2025-07-20,2025-07-23,3,L024,FAC02,DST19,626,TL,CARH,34775,CC-102
SHP05312,46358404,2025-07-20,2025-07-23,3,L060,FAC05,DST19,791,LTL,CARD,2775,CC-105
SHP05313,16179066,2025-07-20,2025-07-24,4,L003,FAC01,DST06,1183,LTL,CARC,579,CC-101
SHP05314,39610589,2025-07-20,2025-07-22,2,L052,FAC04,DST20,227,LTL,CARD,986,CC-104
SHP05315,02622332,2025-07-20,2025-07-25,5,L026,FAC03,DST02,1557,LTL,CARD,3533,CC-103
SHP05316,08101590,2025-07-20,2025-07-22,2,L051,FAC04,DST19,195,LTL,CARB,1198,CC-104
SHP05317,51224824,2025-07-20,2025-07-25,5,L059,FAC05,DST16,2236,LTL,CARB,795,CC-105
SHP05318,96786033,2025-07-20,2025-07-21,1,L057,FAC05,DST10,289,LTL,CARC,1221,CC-105
SHP05319,09394249,2025-07-20,2025-07-25,5,L035,FAC03,DST16,2015,LTL,CARA,706,CC-103
SHP05320,33725424,2025-07-20,2025-07-23,3,L021,FAC02,DST13,841,LTL,CARB,919,CC-102
SHP05321,91509531,2025-07-20,2025-07-21,1,L042,FAC04,DST08,197,LTL,CARB,2169,CC-104
SHP05322,12536519,2025-07-20,2025-07-22,2,L057,FAC05,DST10,289,LTL,CARE,1537,CC-105
SHP05323,25468888,2025-07-20,2025-07-22,2,L013,FAC02,DST02,798,LTL,CARA,1492,CC-102
SHP05324,89251789,2025-07-20,2025-07-23,3,L036,FAC03,DST19,1283,LTL,CARD,3376,CC-103
SHP05325,92579375,2025-07-20,2025-07-22,2,L051,FAC04,DST19,195,LTL,CARD,481,CC-104
SHP05326,77679835,2025-07-20,2025-07-23,3,L043,FAC04,DST09,753,LTL,CARE,7500,CC-104
SHP05327,15328006,2025-07-20,2025-07-25,5,L059,FAC05,DST16,2236,LTL,CARA,998,CC-105
SHP05328,88267447,2025-07-20,2025-07-23,3,L032,FAC03,DST11,545,LTL,CARD,2049,CC-103
SHP05329,20843723,2025-07-20,2025-07-21,1,L011,FAC01,DST18,198,LTL,CARD,954,CC-101
SHP05330,87956115,2025-07-20,2025-07-21,1,L025,FAC02,DST20,384,LTL,CARA,1105,CC-102
SHP05331,80973592,2025-07-20,2025-07-22,2,L057,FAC05,DST10,289,LTL,CARE,2203,CC-105
SHP05332,95033837,2025-07-21,2025-07-24,3,L053,FAC05,DST03,1362,TL,CARG,24754,CC-105
SHP05333,92793257,2025-07-21,2025-07-27,6,L035,FAC03,DST16,2015,LTL,CARA,1238,CC-103
SHP05334,18886535,2025-07-21,2025-07-24,3,L038,FAC04,DST01,571,LTL,CARB,4882,CC-104
SHP05335,73849255,2025-07-21,2025-07-22,1,L006,FAC01,DST10,315,LTL,CARE,184,CC-101
SHP05336,15753499,2025-07-21,2025-07-23,2,L031,FAC03,DST10,657,LTL,CARC,675,CC-103
SHP05337,05246988,2025-07-21,2025-07-26,5,L027,FAC03,DST03,1859,LTL,CARD,337,CC-103
SHP05338,11847294,2025-07-21,2025-07-24,3,L018,FAC02,DST10,561,LTL,CARE,1614,CC-102
SHP05339,64798761,2025-07-21,2025-07-25,4,L010,FAC01,DST17,1508,LTL,CARC,1279,CC-101
SHP05340,59512404,2025-07-21,2025-07-22,1,L051,FAC04,DST19,195,LTL,CARD,3428,CC-104
SHP05341,95441117,2025-07-21,2025-07-27,6,L009,FAC01,DST16,2079,LTL,CARB,610,CC-101
SHP05342,52613771,2025-07-21,2025-07-22,1,L025,FAC02,DST20,384,TL,CARG,28048,CC-102
SHP05343,25586709,2025-07-21,2025-07-24,3,L036,FAC03,DST19,1283,LTL,CARD,1659,CC-103
SHP05344,19684558,2025-07-21,2025-07-23,2,L055,FAC05,DST06,820,LTL,CARE,701,CC-105
SHP05345,66585922,2025-07-21,2025-07-27,6,L027,FAC03,DST03,1859,LTL,CARA,202,CC-103
SHP05346,30134663,2025-07-21,2025-07-27,6,L046,FAC04,DST14,1996,LTL,CARA,649,CC-104
SHP05347,57467116,2025-07-21,2025-07-23,2,L005,FAC01,DST08,284,LTL,CARB,1019,CC-101
SHP05348,71574482,2025-07-21,2025-07-25,4,L002,FAC01,DST05,1430,LTL,CARB,596,CC-101
SHP05349,92114437,2025-07-21,2025-07-22,1,L051,FAC04,DST19,195,LTL,CARB,1165,CC-104
SHP05350,54142078,2025-07-21,2025-07-24,3,L044,FAC04,DST10,475,LTL,CARE,2612,CC-104
SHP05351,65942354,2025-07-21,2025-07-23,2,L021,FAC02,DST13,841,LTL,CARD,5337,CC-102
SHP05352,65213820,2025-07-21,2025-07-22,1,L023,FAC02,DST18,513,TL,CARF,35246,CC-102
SHP05353,76643514,2025-07-21,2025-07-23,2,L043,FAC04,DST09,753,TL,CARH,31694,CC-104
SHP05354,36683310,2025-07-21,2025-07-23,2,L042,FAC04,DST08,197,LTL,CARC,1183,CC-104
SHP05355,19432838,2025-07-21,2025-07-23,2,L055,FAC05,DST06,820,LTL,CARD,797,CC-105
SHP05356,59386245,2025-07-21,2025-07-24,3,L036,FAC03,DST19,1283,LTL,CARC,1031,CC-103
SHP05357,54377959,2025-07-21,2025-07-24,3,L014,FAC02,DST03,1123,TL,CARH,17075,CC-102
SHP05358,88274678,2025-07-21,2025-07-23,2,L042,FAC04,DST08,197,LTL,CARB,1292,CC-104
SHP05359,54076711,2025-07-21,2025-07-22,1,L057,FAC05,DST10,289,LTL,CARC,1963,CC-105
SHP05360,00207396,2025-07-21,2025-07-24,3,L054,FAC05,DST04,624,LTL,CARB,562,CC-105
SHP05361,84803471,2025-07-21,2025-07-23,2,L005,FAC01,DST08,284,LTL,CARB,2813,CC-101
SHP05362,61618352,2025-07-21,2025-07-24,3,L029,FAC03,DST05,1333,LTL,CARA,1224,CC-103
SHP05363,05404151,2025-07-22,2025-07-25,3,L060,FAC05,DST19,791,LTL,CARA,1189,CC-105
SHP05364,36026629,2025-07-22,2025-07-26,4,L026,FAC03,DST02,1557,LTL,CARD,2603,CC-103
SHP05365,27452309,2025-07-22,2025-07-24,2,L012,FAC01,DST20,323,LTL,CARB,1909,CC-101
SHP05366,40917760,2025-07-22,2025-07-23,1,L042,FAC04,DST08,197,LTL,CARB,500,CC-104
SHP05367,80668468,2025-07-22,2025-07-24,2,L023,FAC02,DST18,513,LTL,CARD,7500,CC-102
SHP05368,46461165,2025-07-22,2025-07-26,4,L020,FAC02,DST12,1452,LTL,CARA,1037,CC-102
SHP05369,32232823,2025-07-22,2025-07-25,3,L031,FAC03,DST10,657,LTL,CARC,944,CC-103
SHP05370,25766290,2025-07-22,2025-07-28,6,L022,FAC02,DST14,1906,LTL,CARC,954,CC-102
SHP05371,41975912,2025-07-22,2025-07-24,2,L015,FAC02,DST07,257,TL,CARH,24920,CC-102
SHP05372,69912377,2025-07-22,2025-07-23,1,L052,FAC04,DST20,227,LTL,CARD,1536,CC-104
SHP05373,84969753,2025-07-22,2025-07-24,2,L018,FAC02,DST10,561,TL,CARH,35131,CC-102
SHP05374,20867424,2025-07-22,2025-07-26,4,L003,FAC01,DST06,1183,LTL,CARD,1454,CC-101
SHP05375,73801076,2025-07-22,2025-07-26,4,L040,FAC04,DST05,1193,LTL,CARC,657,CC-104
SHP05376,30372913,2025-07-22,2025-07-26,4,L003,FAC01,DST06,1183,LTL,CARC,699,CC-101
SHP05377,32355543,2025-07-22,2025-07-25,3,L037,FAC03,DST20,871,LTL,CARE,448,CC-103
SHP05378,34432946,2025-07-22,2025-07-24,2,L012,FAC01,DST20,323,LTL,CARB,1363,CC-101
SHP05379,50972493,2025-07-22,2025-07-24,2,L041,FAC04,DST07,400,LTL,CARB,1485,CC-104
SHP05380,06393281,2025-07-22,2025-07-23,1,L005,FAC01,DST08,284,LTL,CARD,1521,CC-101
SHP05381,81100358,2025-07-22,2025-07-25,3,L045,FAC04,DST11,743,LTL,CARE,698,CC-104
SHP05382,84191254,2025-07-22,2025-07-24,2,L056,FAC05,DST07,236,LTL,CARE,2128,CC-105
SHP05383,15975079,2025-07-22,2025-07-28,6,L059,FAC05,DST16,2236,TL,CARH,18278,CC-105
SHP05384,14825258,2025-07-22,2025-07-23,1,L056,FAC05,DST07,236,TL,CARG,29463,CC-105
SHP05385,69790470,2025-07-22,2025-07-24,2,L006,FAC01,DST10,315,LTL,CARE,730,CC-101
SHP05386,91456561,2025-07-22,2025-07-24,2,L043,FAC04,DST09,753,LTL,CARC,456,CC-104
SHP05387,77875568,2025-07-22,2025-07-26,4,L017,FAC02,DST09,1090,LTL,CARC,2105,CC-102
SHP05388,50036480,2025-07-23,2025-07-29,6,L048,FAC04,DST16,2410,LTL,CARC,783,CC-104
SHP05389,04977608,2025-07-23,2025-07-29,6,L009,FAC01,DST16,2079,LTL,CARB,398,CC-101
SHP05390,29229825,2025-07-23,2025-07-30,7,L047,FAC04,DST15,2368,LTL,CARD,385,CC-104
SHP05391,35624713,2025-07-23,2025-07-26,3,L058,FAC05,DST13,581,LTL,CARA,173,CC-105
SHP05392,15946567,2025-07-23,2025-07-26,3,L055,FAC05,DST06,820,LTL,CARE,848,CC-105
SHP05393,64610266,2025-07-23,2025-07-26,3,L024,FAC02,DST19,626,LTL,CARD,1458,CC-102
SHP05394,05513039,2025-07-23,2025-07-29,6,L047,FAC04,DST15,2368,LTL,CARC,637,CC-104
SHP05395,93135889,2025-07-23,2025-07-28,5,L008,FAC01,DST14,1742,LTL,CARE,950,CC-101
SHP05396,94479629,2025-07-23,2025-07-28,5,L027,FAC03,DST03,1859,LTL,CARD,763,CC-103
SHP05397,90557993,2025-07-23,2025-07-25,2,L058,FAC05,DST13,581,LTL,CARA,2146,CC-105
SHP05398,54260607,2025-07-23,2025-07-24,1,L057,FAC05,DST10,289,LTL,CARE,487,CC-105
SHP05399,47988648,2025-07-23,2025-07-29,6,L059,FAC05,DST16,2236,TL,CARH,37478,CC-105
SHP05400,04651168,2025-07-23,2025-07-25,2,L016,FAC02,DST08,717,LTL,CARC,292,CC-102
SHP05401,84302297,2025-07-23,2025-07-25,2,L016,FAC02,DST08,717,TL,CARG,25851,CC-102
SHP05402,14841354,2025-07-23,2025-07-25,2,L013,FAC02,DST02,798,LTL,CARA,193,CC-102
SHP05403,63659117,2025-07-23,2025-07-26,3,L014,FAC02,DST03,1123,LTL,CARD,262,CC-102
SHP05404,24866254,2025-07-23,2025-07-27,4,L036,FAC03,DST19,1283,LTL,CARD,1058,CC-103
SHP05405,41209571,2025-07-23,2025-07-24,1,L015,FAC02,DST07,257,LTL,CARB,2470,CC-102
SHP05406,26923340,2025-07-23,2025-07-25,2,L023,FAC02,DST18,513,TL,CARF,39792,CC-102
SHP05407,87628781,2025-07-23,2025-07-26,3,L043,FAC04,DST09,753,TL,CARH,35717,CC-104
SHP05408,77272931,2025-07-23,2025-07-29,6,L046,FAC04,DST14,1996,LTL,CARA,2319,CC-104
SHP05409,97839897,2025-07-23,2025-07-24,1,L011,FAC01,DST18,198,LTL,CARE,3831,CC-101
SHP05410,65875964,2025-07-23,2025-07-25,2,L044,FAC04,DST10,475,TL,CARG,40895,CC-104
SHP05411,89402297,2025-07-23,2025-07-25,2,L057,FAC05,DST10,289,LTL,CARC,2131,CC-105
SHP05412,73271433,2025-07-23,2025-07-27,4,L007,FAC01,DST12,1102,TL,CARF,29556,CC-101
SHP05413,23734030,2025-07-23,2025-07-28,5,L046,FAC04,DST14,1996,LTL,CARB,7500,CC-104
SHP05414,63879961,2025-07-24,2025-07-29,5,L009,FAC01,DST16,2079,LTL,CARB,1215,CC-101
SHP05415,28626506,2025-07-24,2025-07-26,2,L054,FAC05,DST04,624,LTL,CARB,499,CC-105
SHP05416,25578127,2025-07-24,2025-07-27,3,L028,FAC03,DST04,1114,LTL,CARE,1456,CC-103
SHP05417,21026646,2025-07-24,2025-07-30,6,L046,FAC04,DST14,1996,LTL,CARA,2546,CC-104
SHP05418,27085731,2025-07-24,2025-07-28,4,L040,FAC04,DST05,1193,LTL,CARC,520,CC-104
SHP05419,46303624,2025-07-24,2025-07-28,4,L002,FAC01,DST05,1430,TL,CARF,26811,CC-101
SHP05420,71441581,2025-07-24,2025-07-29,5,L009,FAC01,DST16,2079,TL,CARG,32211,CC-101
SHP05421,27088815,2025-07-24,2025-07-27,3,L036,FAC03,DST19,1283,LTL,CARC,323,CC-103
SHP05422,68676615,2025-07-24,2025-07-26,2,L041,FAC04,DST07,400,LTL,CARB,246,CC-104
SHP05423,96299954,2025-07-24,2025-07-27,3,L031,FAC03,DST10,657,LTL,CARA,364,CC-103
SHP05424,27126890,2025-07-24,2025-07-27,3,L016,FAC02,DST08,717,TL,CARG,23745,CC-102
SHP05425,85843556,2025-07-24,2025-07-26,2,L051,FAC04,DST19,195,TL,CARG,27231,CC-104
SHP05426,16923136,2025-07-24,2025-07-25,1,L056,FAC05,DST07,236,LTL,CARD,702,CC-105
SHP05427,06682126,2025-07-24,2025-07-26,2,L039,FAC04,DST03,771,LTL,CARE,1910,CC-104
SHP05428,43125436,2025-07-24,2025-07-29,5,L008,FAC01,DST14,1742,LTL,CARE,2270,CC-101
SHP05429,16638536,2025-07-24,2025-07-29,5,L035,FAC03,DST16,2015,LTL,CARD,4714,CC-103
SHP05430,35999051,2025-07-24,2025-07-25,1,L044,FAC04,DST10,475,TL,CARG,15850,CC-104
SHP05431,11068304,2025-07-24,2025-07-30,6,L048,FAC04,DST16,2410,LTL,CARB,1577,CC-104
SHP05432,51677817,2025-07-24,2025-07-29,5,L026,FAC03,DST02,1557,LTL,CARA,607,CC-103
SHP05433,52315048,2025-07-24,2025-07-27,3,L058,FAC05,DST13,581,LTL,CARD,2634,CC-105
SHP05434,63322075,2025-07-24,2025-07-29,5,L009,FAC01,DST16,2079,LTL,CARB,833,CC-101
SHP05435,58973200,2025-07-24,2025-07-28,4,L002,FAC01,DST05,1430,LTL,CARE,597,CC-101
SHP05436,87725711,2025-07-24,2025-07-27,3,L004,FAC01,DST07,477,LTL,CARC,2382,CC-101
SHP05437,42946661,2025-07-24,2025-07-28,4,L020,FAC02,DST12,1452,LTL,CARB,1177,CC-102
SHP05438,55740367,2025-07-24,2025-07-25,1,L012,FAC01,DST20,323,LTL,CARB,409,CC-101
SHP05439,72102644,2025-07-24,2025-07-26,2,L041,FAC04,DST07,400,LTL,CARA,479,CC-104
SHP05440,59253543,2025-07-25,2025-07-30,5,L035,FAC03,DST16,2015,TL,CARF,17194,CC-103
SHP05441,03906184,2025-07-25,2025-07-28,3,L004,FAC01,DST07,477,LTL,CARA,2301,CC-101
SHP05442,41586994,2025-07-25,2025-07-26,1,L025,FAC02,DST20,384,LTL,CARB,1099,CC-102
SHP05443,02654007,2025-07-25,2025-07-28,3,L037,FAC03,DST20,871,LTL,CARE,753,CC-103
SHP05444,42130609,2025-07-25,2025-07-28,3,L037,FAC03,DST20,871,LTL,CARD,1206,CC-103
SHP05445,84375672,2025-07-25,2025-07-31,6,L009,FAC01,DST16,2079,LTL,CARE,315,CC-101
SHP05446,05763010,2025-07-25,2025-07-29,4,L034,FAC03,DST15,1485,LTL,CARA,1199,CC-103
SHP05447,90113211,2025-07-25,2025-07-28,3,L043,FAC04,DST09,753,LTL,CARE,1934,CC-104
SHP05448,71485207,2025-07-25,2025-07-28,3,L036,FAC03,DST19,1283,LTL,CARC,1739,CC-103
SHP05449,87766413,2025-07-25,2025-07-29,4,L030,FAC03,DST08,1199,LTL,CARD,5370,CC-103
SHP05450,42484425,2025-07-25,2025-07-28,3,L043,FAC04,DST09,753,LTL,CARE,555,CC-104
SHP05451,49229299,2025-07-25,2025-07-29,4,L010,FAC01,DST17,1508,LTL,CARC,2980,CC-101
SHP05452,53228514,2025-07-25,2025-07-30,5,L035,FAC03,DST16,2015,LTL,CARD,594,CC-103
SHP05453,74531138,2025-07-25,2025-07-27,2,L015,FAC02,DST07,257,LTL,CARB,766,CC-102
SHP05454,37832873,2025-07-25,2025-07-27,2,L056,FAC05,DST07,236,LTL,CARE,2853,CC-105
SHP05455,10860443,2025-07-25,2025-07-27,2,L054,FAC05,DST04,624,TL,CARG,17931,CC-105
SHP05456,40275306,2025-07-25,2025-07-31,6,L047,FAC04,DST15,2368,LTL,CARC,1947,CC-104
SHP05457,65949239,2025-07-25,2025-07-29,4,L046,FAC04,DST14,1996,TL,CARF,35116,CC-104
SHP05458,89269502,2025-07-25,2025-07-26,1,L041,FAC04,DST07,400,LTL,CARB,1103,CC-104
SHP05459,48454668,2025-07-25,2025-07-30,5,L010,FAC01,DST17,1508,LTL,CARC,3931,CC-101
SHP05460,12071699,2025-07-25,2025-07-26,1,L041,FAC04,DST07,400,LTL,CARA,833,CC-104
SHP05461,25429789,2025-07-25,2025-07-27,2,L025,FAC02,DST20,384,LTL,CARA,2935,CC-102
SHP05462,35509255,2025-07-25,2025-07-28,3,L018,FAC02,DST10,561,TL,CARH,39669,CC-102
SHP05463,94053933,2025-07-25,2025-07-27,2,L005,FAC01,DST08,284,LTL,CARD,1385,CC-101
SHP05464,19893623,2025-07-25,2025-07-28,3,L013,FAC02,DST02,798,TL,CARF,30511,CC-102
SHP05465,28591834,2025-07-26,2025-07-29,3,L044,FAC04,DST10,475,LTL,CARE,3211,CC-104
SHP05466,66694540,2025-07-26,2025-07-29,3,L044,FAC04,DST10,475,LTL,CARB,471,CC-104
SHP05467,62331927,2025-07-26,2025-07-28,2,L042,FAC04,DST08,197,TL,CARF,26743,CC-104
SHP05468,77782288,2025-07-26,2025-08-01,6,L035,FAC03,DST16,2015,LTL,CARD,2276,CC-103
SHP05469,51667240,2025-07-26,2025-07-28,2,L054,FAC05,DST04,624,LTL,CARB,814,CC-105
SHP05470,67093728,2025-07-26,2025-07-31,5,L009,FAC01,DST16,2079,LTL,CARB,4538,CC-101
SHP05471,82174665,2025-07-26,2025-07-28,2,L057,FAC05,DST10,289,LTL,CARC,713,CC-105
SHP05472,75212574,2025-07-26,2025-07-28,2,L021,FAC02,DST13,841,TL,CARG,21843,CC-102
SHP05473,69586007,2025-07-26,2025-07-31,5,L034,FAC03,DST15,1485,LTL,CARA,656,CC-103
SHP05474,28883462,2025-07-26,2025-07-28,2,L058,FAC05,DST13,581,TL,CARG,20233,CC-105
SHP05475,18875248,2025-07-26,2025-07-29,3,L014,FAC02,DST03,1123,LTL,CARA,1579,CC-102
SHP05476,25194414,2025-07-26,2025-08-02,7,L047,FAC04,DST15,2368,LTL,CARC,464,CC-104
SHP05477,41878822,2025-07-26,2025-07-28,2,L015,FAC02,DST07,257,LTL,CARD,1214,CC-102
SHP05478,96263607,2025-07-26,2025-07-29,3,L037,FAC03,DST20,871,LTL,CARD,1820,CC-103
SHP05479,29393584,2025-07-26,2025-07-27,1,L032,FAC03,DST11,545,TL,CARH,23029,CC-103
SHP05480,91432518,2025-07-26,2025-07-28,2,L054,FAC05,DST04,624,LTL,CARE,1357,CC-105
SHP05481,25080739,2025-07-26,2025-07-30,4,L014,FAC02,DST03,1123,LTL,CARA,1609,CC-102
SHP05482,33344186,2025-07-26,2025-07-28,2,L051,FAC04,DST19,195,TL,CARG,38937,CC-104
SHP05483,52899368,2025-07-26,2025-07-31,5,L008,FAC01,DST14,1742,LTL,CARA,783,CC-101
SHP05484,57876461,2025-07-26,2025-07-27,1,L057,FAC05,DST10,289,TL,CARH,31965,CC-105
SHP05485,26708739,2025-07-26,2025-07-31,5,L048,FAC04,DST16,2410,TL,CARG,27489,CC-104
SHP05486,81027820,2025-07-26,2025-07-31,5,L009,FAC01,DST16,2079,LTL,CARB,2530,CC-101
SHP05487,33290912,2025-07-26,2025-07-28,2,L037,FAC03,DST20,871,LTL,CARE,1723,CC-103
SHP05488,51584825,2025-07-26,2025-07-29,3,L023,FAC02,DST18,513,LTL,CARD,592,CC-102
SHP05489,27353137,2025-07-26,2025-07-28,2,L039,FAC04,DST03,771,LTL,CARE,1222,CC-104
SHP05490,15408930,2025-07-27,2025-07-28,1,L004,FAC01,DST07,477,TL,CARH,26962,CC-101
SHP05491,64969150,2025-07-27,2025-07-28,1,L032,FAC03,DST11,545,TL,CARH,30189,CC-103
SHP05492,88891685,2025-07-27,2025-07-29,2,L012,FAC01,DST20,323,LTL,CARB,840,CC-101
SHP05493,66274275,2025-07-27,2025-07-30,3,L054,FAC05,DST04,624,LTL,CARB,773,CC-105
SHP05494,96234262,2025-07-27,2025-07-29,2,L044,FAC04,DST10,475,LTL,CARE,3050,CC-104
SHP05495,98874724,2025-07-27,2025-07-29,2,L001,FAC01,DST04,705,LTL,CARC,1225,CC-101
SHP05496,95463803,2025-07-27,2025-07-29,2,L054,FAC05,DST04,624,LTL,CARE,311,CC-105
SHP05497,62497550,2025-07-27,2025-07-30,3,L060,FAC05,DST19,791,LTL,CARD,6944,CC-105
SHP05498,74968212,2025-07-27,2025-07-30,3,L016,FAC02,DST08,717,TL,CARG,37947,CC-102
SHP05499,81968414,2025-07-27,2025-07-31,4,L034,FAC03,DST15,1485,LTL,CARA,1022,CC-103
SHP05500,44657198,2025-07-27,2025-07-28,1,L050,FAC04,DST18,202,LTL,CARD,697,CC-104
SHP05501,97783104,2025-07-27,2025-07-30,3,L038,FAC04,DST01,571,LTL,CARD,145,CC-104
SHP05502,49118947,2025-07-27,2025-07-30,3,L038,FAC04,DST01,571,LTL,CARB,1714,CC-104
SHP05503,24493344,2025-07-27,2025-07-28,1,L025,FAC02,DST20,384,TL,CARG,21362,CC-102
SHP05504,82478077,2025-07-27,2025-07-29,2,L060,FAC05,DST19,791,LTL,CARD,1032,CC-105
SHP05505,46979990,2025-07-27,2025-07-29,2,L005,FAC01,DST08,284,TL,CARG,27964,CC-101
SHP05506,45083501,2025-07-27,2025-07-29,2,L056,FAC05,DST07,236,TL,CARG,37972,CC-105
SHP05507,03465381,2025-07-27,2025-07-28,1,L057,FAC05,DST10,289,LTL,CARC,611,CC-105
SHP05508,75406764,2025-07-27,2025-08-01,5,L035,FAC03,DST16,2015,LTL,CARD,1969,CC-103
SHP05509,02144503,2025-07-28,2025-08-02,5,L010,FAC01,DST17,1508,LTL,CARC,682,CC-101
SHP05510,31441955,2025-07-28,2025-08-03,6,L049,FAC04,DST17,1818,LTL,CARA,2771,CC-104
SHP05511,95904915,2025-07-28,2025-07-30,2,L052,FAC04,DST20,227,LTL,CARD,1998,CC-104
SHP05512,35290354,2025-07-28,2025-07-30,2,L011,FAC01,DST18,198,LTL,CARD,1981,CC-101
SHP05513,98514386,2025-07-28,2025-07-30,2,L055,FAC05,DST06,820,LTL,CARE,1156,CC-105
SHP05514,60443269,2025-07-28,2025-08-02,5,L027,FAC03,DST03,1859,LTL,CARA,995,CC-103
SHP05515,99839856,2025-07-28,2025-07-31,3,L044,FAC04,DST10,475,LTL,CARB,2264,CC-104
SHP05516,96857040,2025-07-28,2025-07-31,3,L036,FAC03,DST19,1283,LTL,CARD,1906,CC-103
SHP05517,71646334,2025-07-28,2025-08-03,6,L035,FAC03,DST16,2015,LTL,CARA,4162,CC-103
SHP05518,98660331,2025-07-28,2025-07-31,3,L024,FAC02,DST19,626,LTL,CARC,706,CC-102
SHP05519,17401463,2025-07-28,2025-08-02,5,L046,FAC04,DST14,1996,LTL,CARA,894,CC-104
SHP05520,02074378,2025-07-28,2025-07-31,3,L021,FAC02,DST13,841,LTL,CARD,723,CC-102
SHP05521,01024161,2025-07-28,2025-07-31,3,L001,FAC01,DST04,705,TL,CARG,24217,CC-101
SHP05522,83371542,2025-07-28,2025-07-30,2,L055,FAC05,DST06,820,LTL,CARE,1607,CC-105
SHP05523,18202272,2025-07-28,2025-07-31,3,L004,FAC01,DST07,477,LTL,CARC,1002,CC-101
SHP05524,48702839,2025-07-28,2025-08-03,6,L022,FAC02,DST14,1906,LTL,CARE,1647,CC-102
SHP05525,43948233,2025-07-28,2025-07-31,3,L024,FAC02,DST19,626,LTL,CARC,1391,CC-102
SHP05526,71411960,2025-07-29,2025-08-01,3,L031,FAC03,DST10,657,LTL,CARC,2789,CC-103
SHP05527,55238487,2025-07-29,2025-08-03,5,L047,FAC04,DST15,2368,TL,CARF,36147,CC-104
SHP05528,46644619,2025-07-29,2025-07-31,2,L016,FAC02,DST08,717,LTL,CARE,2718,CC-102
SHP05529,01355611,2025-07-29,2025-08-02,4,L003,FAC01,DST06,1183,LTL,CARC,5734,CC-101
SHP05530,27309603,2025-07-29,2025-08-04,6,L059,FAC05,DST16,2236,LTL,CARA,2852,CC-105
SHP05531,13206954,2025-07-29,2025-08-01,3,L004,FAC01,DST07,477,LTL,CARC,1291,CC-101
SHP05532,97385690,2025-07-29,2025-07-30,1,L057,FAC05,DST10,289,LTL,CARE,982,CC-105
SHP05533,99321233,2025-07-29,2025-08-01,3,L017,FAC02,DST09,1090,LTL,CARE,2421,CC-102
SHP05534,20055960,2025-07-29,2025-08-04,6,L009,FAC01,DST16,2079,LTL,CARE,1233,CC-101
SHP05535,58294658,2025-07-29,2025-08-01,3,L001,FAC01,DST04,705,LTL,CARC,3051,CC-101
SHP05536,11788086,2025-07-29,2025-07-30,1,L015,FAC02,DST07,257,LTL,CARB,1025,CC-102
SHP05537,78025568,2025-07-29,2025-07-31,2,L051,FAC04,DST19,195,TL,CARG,27624,CC-104
SHP05538,93901079,2025-07-29,2025-08-04,6,L049,FAC04,DST17,1818,LTL,CARC,2165,CC-104
SHP05539,38831783,2025-07-29,2025-08-01,3,L021,FAC02,DST13,841,TL,CARG,26835,CC-102
SHP05540,04815154,2025-07-29,2025-08-01,3,L003,FAC01,DST06,1183,LTL,CARC,495,CC-101
SHP05541,30778580,2025-07-29,2025-07-31,2,L025,FAC02,DST20,384,LTL,CARA,671,CC-102
SHP05542,29097639,2025-07-29,2025-08-02,4,L033,FAC03,DST14,1061,LTL,CARB,764,CC-103
SHP05543,10509254,2025-07-29,2025-08-01,3,L003,FAC01,DST06,1183,TL,CARG,41719,CC-101
SHP05544,59785605,2025-07-29,2025-08-02,4,L030,FAC03,DST08,1199,TL,CARF,37684,CC-103
SHP05545,89770099,2025-07-29,2025-07-31,2,L054,FAC05,DST04,624,TL,CARG,25411,CC-105
SHP05546,64423716,2025-07-29,2025-08-01,3,L007,FAC01,DST12,1102,TL,CARF,18147,CC-101
SHP05547,80935561,2025-07-29,2025-07-30,1,L004,FAC01,DST07,477,TL,CARH,26520,CC-101
SHP05548,85677477,2025-07-29,2025-07-30,1,L057,FAC05,DST10,289,LTL,CARC,674,CC-105
SHP05549,56903140,2025-07-29,2025-07-30,1,L015,FAC02,DST07,257,TL,CARH,39332,CC-102
SHP05550,30047454,2025-07-29,2025-07-31,2,L013,FAC02,DST02,798,LTL,CARA,357,CC-102
SHP05551,72598555,2025-07-29,2025-08-04,6,L059,FAC05,DST16,2236,LTL,CARB,2698,CC-105
SHP05552,07534650,2025-07-29,2025-08-01,3,L016,FAC02,DST08,717,TL,CARG,19889,CC-102
SHP05553,54753593,2025-07-29,2025-07-31,2,L019,FAC02,DST11,811,LTL,CARC,456,CC-102
SHP05554,81033516,2025-07-29,2025-07-31,2,L060,FAC05,DST19,791,LTL,CARD,831,CC-105
SHP05555,48212985,2025-07-29,2025-08-02,4,L028,FAC03,DST04,1114,LTL,CARC,942,CC-103
SHP05556,50373114,2025-07-30,2025-08-01,2,L018,FAC02,DST10,561,TL,CARH,24620,CC-102
SHP05557,67669155,2025-07-30,2025-08-03,4,L040,FAC04,DST05,1193,LTL,CARC,601,CC-104
SHP05558,65267349,2025-07-30,2025-08-04,5,L046,FAC04,DST14,1996,LTL,CARA,969,CC-104
SHP05559,51657755,2025-07-30,2025-08-02,3,L033,FAC03,DST14,1061,LTL,CARD,2527,CC-103
SHP05560,51684679,2025-07-30,2025-08-02,3,L060,FAC05,DST19,791,LTL,CARA,4009,CC-105
SHP05561,51687206,2025-07-30,2025-08-06,7,L048,FAC04,DST16,2410,LTL,CARB,4184,CC-104
SHP05562,22406780,2025-07-30,2025-08-01,2,L012,FAC01,DST20,323,LTL,CARC,1064,CC-101
SHP05563,49657645,2025-07-30,2025-08-02,3,L045,FAC04,DST11,743,TL,CARF,24423,CC-104
SHP05564,19714442,2025-07-30,2025-08-01,2,L037,FAC03,DST20,871,LTL,CARD,951,CC-103
SHP05565,44617538,2025-07-30,2025-08-05,6,L027,FAC03,DST03,1859,LTL,CARA,884,CC-103
SHP05566,24351621,2025-07-30,2025-08-04,5,L034,FAC03,DST15,1485,LTL,CARA,1150,CC-103
SHP05567,50027010,2025-07-30,2025-08-01,2,L012,FAC01,DST20,323,LTL,CARB,715,CC-101
SHP05568,15786459,2025-07-30,2025-08-01,2,L016,FAC02,DST08,717,LTL,CARE,3837,CC-102
SHP05569,32334513,2025-07-30,2025-08-04,5,L059,FAC05,DST16,2236,LTL,CARA,1009,CC-105
SHP05570,43606507,2025-07-30,2025-08-01,2,L056,FAC05,DST07,236,LTL,CARE,1451,CC-105
SHP05571,01913731,2025-07-30,2025-08-04,5,L002,FAC01,DST05,1430,LTL,CARB,1924,CC-101
SHP05572,24642137,2025-07-30,2025-08-01,2,L037,FAC03,DST20,871,LTL,CARD,1468,CC-103
SHP05573,57495624,2025-07-30,2025-08-02,3,L044,FAC04,DST10,475,LTL,CARB,1493,CC-104
SHP05574,11042990,2025-07-30,2025-07-31,1,L052,FAC04,DST20,227,TL,CARF,37991,CC-104
SHP05575,98292837,2025-07-30,2025-08-02,3,L030,FAC03,DST08,1199,LTL,CARD,652,CC-103
SHP05576,70872368,2025-07-30,2025-08-05,6,L048,FAC04,DST16,2410,LTL,CARB,373,CC-104
SHP05577,33889603,2025-07-30,2025-08-01,2,L025,FAC02,DST20,384,LTL,CARA,4589,CC-102
SHP05578,79294946,2025-07-30,2025-08-02,3,L003,FAC01,DST06,1183,LTL,CARC,1469,CC-101
SHP05579,81816054,2025-07-30,2025-08-01,2,L043,FAC04,DST09,753,TL,CARH,40719,CC-104
SHP05580,71480196,2025-07-31,2025-08-04,4,L040,FAC04,DST05,1193,LTL,CARB,691,CC-104
SHP05581,20724724,2025-07-31,2025-08-01,1,L011,FAC01,DST18,198,LTL,CARD,2218,CC-101
SHP05582,43735189,2025-07-31,2025-08-02,2,L013,FAC02,DST02,798,LTL,CARA,1048,CC-102
SHP05583,67533135,2025-07-31,2025-08-02,2,L016,FAC02,DST08,717,TL,CARG,16179,CC-102
SHP05584,39514246,2025-07-31,2025-08-03,3,L024,FAC02,DST19,626,LTL,CARC,5672,CC-102
SHP05585,11979405,2025-07-31,2025-08-03,3,L014,FAC02,DST03,1123,LTL,CARD,595,CC-102
SHP05586,05046068,2025-07-31,2025-08-02,2,L001,FAC01,DST04,705,LTL,CARA,1804,CC-101
SHP05587,33135135,2025-07-31,2025-08-02,2,L013,FAC02,DST02,798,TL,CARF,40610,CC-102
SHP05588,38842576,2025-07-31,2025-08-03,3,L021,FAC02,DST13,841,LTL,CARB,1013,CC-102
SHP05589,03116050,2025-07-31,2025-08-03,3,L018,FAC02,DST10,561,LTL,CARB,2702,CC-102
SHP05590,54849134,2025-07-31,2025-08-03,3,L024,FAC02,DST19,626,LTL,CARD,1327,CC-102
SHP05591,92974785,2025-07-31,2025-08-03,3,L058,FAC05,DST13,581,LTL,CARA,320,CC-105
SHP05592,75773390,2025-07-31,2025-08-03,3,L033,FAC03,DST14,1061,LTL,CARB,7500,CC-103
SHP05593,48735365,2025-07-31,2025-08-04,4,L007,FAC01,DST12,1102,LTL,CARE,2311,CC-101
SHP05594,66196611,2025-07-31,2025-08-03,3,L018,FAC02,DST10,561,LTL,CARE,2197,CC-102
SHP05595,86556641,2025-07-31,2025-08-05,5,L046,FAC04,DST14,1996,LTL,CARB,1151,CC-104
SHP05596,73034754,2025-07-31,2025-08-02,2,L050,FAC04,DST18,202,TL,CARH,31850,CC-104
SHP05597,03012896,2025-07-31,2025-08-05,5,L049,FAC04,DST17,1818,LTL,CARC,4413,CC-104
SHP05598,66495743,2025-07-31,2025-08-03,3,L024,FAC02,DST19,626,LTL,CARD,1014,CC-102
SHP05599,52831258,2025-07-31,2025-08-06,6,L059,FAC05,DST16,2236,LTL,CARB,2031,CC-105
SHP05600,94480207,2025-07-31,2025-08-03,3,L028,FAC03,DST04,1114,LTL,CARC,3174,CC-103
SHP05601,55824510,2025-08-01,2025-08-04,3,L003,FAC01,DST06,1183,TL,CARG,34813,CC-101
SHP05602,08141613,2025-08-01,2025-08-02,1,L005,FAC01,DST08,284,LTL,CARD,2354,CC-101
SHP05603,86883741,2025-08-01,2025-08-03,2,L045,FAC04,DST11,743,TL,CARF,29567,CC-104
SHP05604,20611119,2025-08-01,2025-08-05,4,L020,FAC02,DST12,1452,TL,CARG,22656,CC-102
SHP05605,36700389,2025-08-01,2025-08-04,3,L054,FAC05,DST04,624,TL,CARG,22642,CC-105
SHP05606,23562577,2025-08-01,2025-08-03,2,L044,FAC04,DST10,475,LTL,CARB,678,CC-104
SHP05607,81733242,2025-08-01,2025-08-04,3,L043,FAC04,DST09,753,TL,CARH,40279,CC-104
SHP05608,34166019,2025-08-01,2025-08-02,1,L057,FAC05,DST10,289,LTL,CARC,489,CC-105
SHP05609,35012033,2025-08-01,2025-08-05,4,L008,FAC01,DST14,1742,LTL,CARE,411,CC-101
SHP05610,37985907,2025-08-01,2025-08-05,4,L010,FAC01,DST17,1508,LTL,CARC,2684,CC-101
SHP05611,92911678,2025-08-01,2025-08-04,3,L017,FAC02,DST09,1090,LTL,CARE,1896,CC-102
SHP05612,54651209,2025-08-01,2025-08-05,4,L033,FAC03,DST14,1061,LTL,CARD,2093,CC-103
SHP05613,17724827,2025-08-01,2025-08-04,3,L040,FAC04,DST05,1193,LTL,CARC,469,CC-104
SHP05614,74766513,2025-08-01,2025-08-04,3,L040,FAC04,DST05,1193,LTL,CARB,1767,CC-104
SHP05615,56501390,2025-08-01,2025-08-02,1,L056,FAC05,DST07,236,LTL,CARE,2894,CC-105
SHP05616,44773510,2025-08-01,2025-08-05,4,L010,FAC01,DST17,1508,LTL,CARC,6935,CC-101
SHP05617,50962862,2025-08-01,2025-08-03,2,L021,FAC02,DST13,841,TL,CARG,29203,CC-102
SHP05618,62580967,2025-08-01,2025-08-04,3,L003,FAC01,DST06,1183,TL,CARG,22156,CC-101
SHP05619,60776493,2025-08-01,2025-08-03,2,L055,FAC05,DST06,820,LTL,CARD,559,CC-105
SHP05620,84546924,2025-08-01,2025-08-06,5,L059,FAC05,DST16,2236,LTL,CARB,934,CC-105
SHP05621,83937813,2025-08-01,2025-08-03,2,L056,FAC05,DST07,236,LTL,CARD,1417,CC-105
SHP05622,96885404,2025-08-01,2025-08-04,3,L013,FAC02,DST02,798,TL,CARF,32359,CC-102
SHP05623,02992121,2025-08-01,2025-08-06,5,L026,FAC03,DST02,1557,LTL,CARA,529,CC-103
SHP05624,63867033,2025-08-01,2025-08-03,2,L052,FAC04,DST20,227,LTL,CARE,508,CC-104
SHP05625,74464063,2025-08-01,2025-08-04,3,L060,FAC05,DST19,791,LTL,CARA,1618,CC-105
SHP05626,75446155,2025-08-01,2025-08-03,2,L023,FAC02,DST18,513,LTL,CARB,790,CC-102
SHP05627,10738012,2025-08-01,2025-08-06,5,L010,FAC01,DST17,1508,LTL,CARC,1771,CC-101
SHP05628,28857620,2025-08-02,2025-08-04,2,L033,FAC03,DST14,1061,TL,CARF,33923,CC-103
SHP05629,62925964,2025-08-02,2025-08-05,3,L055,FAC05,DST06,820,LTL,CARD,2747,CC-105
SHP05630,35671334,2025-08-02,2025-08-07,5,L049,FAC04,DST17,1818,LTL,CARA,693,CC-104
SHP05631,65940013,2025-08-02,2025-08-05,3,L033,FAC03,DST14,1061,TL,CARF,36688,CC-103
SHP05632,06258702,2025-08-02,2025-08-05,3,L040,FAC04,DST05,1193,LTL,CARB,832,CC-104
SHP05633,06112771,2025-08-02,2025-08-03,1,L042,FAC04,DST08,197,TL,CARF,37309,CC-104
SHP05634,23138646,2025-08-02,2025-08-05,3,L018,FAC02,DST10,561,LTL,CARB,892,CC-102
SHP05635,09242813,2025-08-02,2025-08-04,2,L056,FAC05,DST07,236,LTL,CARD,1140,CC-105
SHP05636,59465829,2025-08-02,2025-08-04,2,L021,FAC02,DST13,841,TL,CARG,21374,CC-102
SHP05637,32772157,2025-08-02,2025-08-04,2,L001,FAC01,DST04,705,TL,CARG,21069,CC-101
SHP05638,90190894,2025-08-02,2025-08-06,4,L020,FAC02,DST12,1452,LTL,CARB,313,CC-102
SHP05639,17882187,2025-08-02,2025-08-04,2,L060,FAC05,DST19,791,LTL,CARD,879,CC-105
SHP05640,21157585,2025-08-02,2025-08-08,6,L059,FAC05,DST16,2236,LTL,CARA,730,CC-105
SHP05641,47419832,2025-08-02,2025-08-04,2,L039,FAC04,DST03,771,LTL,CARA,3661,CC-104
SHP05642,08433149,2025-08-02,2025-08-06,4,L049,FAC04,DST17,1818,TL,CARF,32759,CC-104
SHP05643,42408259,2025-08-02,2025-08-05,3,L028,FAC03,DST04,1114,LTL,CARE,348,CC-103
SHP05644,65095941,2025-08-02,2025-08-08,6,L035,FAC03,DST16,2015,LTL,CARD,1919,CC-103
SHP05645,36778854,2025-08-02,2025-08-04,2,L005,FAC01,DST08,284,LTL,CARB,813,CC-101
SHP05646,52366137,2025-08-02,2025-08-05,3,L029,FAC03,DST05,1333,TL,CARG,40685,CC-103
SHP05647,34301577,2025-08-02,2025-08-06,4,L020,FAC02,DST12,1452,LTL,CARA,1493,CC-102
SHP05648,76662153,2025-08-02,2025-08-06,4,L026,FAC03,DST02,1557,LTL,CARD,223,CC-103
SHP05649,86259307,2025-08-02,2025-08-05,3,L028,FAC03,DST04,1114,LTL,CARC,3900,CC-103
SHP05650,60226089,2025-08-02,2025-08-04,2,L042,FAC04,DST08,197,LTL,CARB,2638,CC-104
SHP05651,93158058,2025-08-02,2025-08-03,1,L012,FAC01,DST20,323,TL,CARF,15790,CC-101
SHP05652,05546193,2025-08-02,2025-08-04,2,L031,FAC03,DST10,657,LTL,CARC,575,CC-103
SHP05653,64799749,2025-08-02,2025-08-07,5,L022,FAC02,DST14,1906,LTL,CARE,1053,CC-102
SHP05654,70364215,2025-08-02,2025-08-06,4,L014,FAC02,DST03,1123,TL,CARH,16737,CC-102
SHP05655,00137812,2025-08-02,2025-08-06,4,L029,FAC03,DST05,1333,TL,CARG,40458,CC-103
SHP05656,17880218,2025-08-03,2025-08-08,5,L059,FAC05,DST16,2236,LTL,CARB,811,CC-105
SHP05657,51429060,2025-08-03,2025-08-06,3,L019,FAC02,DST11,811,LTL,CARC,3233,CC-102
SHP05658,16267603,2025-08-03,2025-08-06,3,L001,FAC01,DST04,705,TL,CARG,37662,CC-101
SHP05659,84564395,2025-08-03,2025-08-05,2,L018,FAC02,DST10,561,LTL,CARB,327,CC-102
SHP05660,63570809,2025-08-03,2025-08-06,3,L043,FAC04,DST09,753,LTL,CARC,745,CC-104
SHP05661,37303981,2025-08-03,2025-08-07,4,L033,FAC03,DST14,1061,LTL,CARB,1287,CC-103
SHP05662,60657236,2025-08-03,2025-08-06,3,L053,FAC05,DST03,1362,TL,CARG,33126,CC-105
SHP05663,30164871,2025-08-03,2025-08-06,3,L031,FAC03,DST10,657,LTL,CARA,1800,CC-103
SHP05664,80232614,2025-08-03,2025-08-06,3,L004,FAC01,DST07,477,LTL,CARC,1428,CC-101
SHP05665,44238160,2025-08-03,2025-08-09,6,L048,FAC04,DST16,2410,TL,CARG,28268,CC-104
SHP05666,50228680,2025-08-03,2025-08-09,6,L046,FAC04,DST14,1996,LTL,CARA,2046,CC-104
SHP05667,65245384,2025-08-03,2025-08-05,2,L043,FAC04,DST09,753,TL,CARH,28280,CC-104
SHP05668,93011479,2025-08-03,2025-08-08,5,L035,FAC03,DST16,2015,LTL,CARD,152,CC-103
SHP05669,23114538,2025-08-03,2025-08-08,5,L002,FAC01,DST05,1430,LTL,CARB,1543,CC-101
SHP05670,44705840,2025-08-03,2025-08-09,6,L035,FAC03,DST16,2015,LTL,CARD,5400,CC-103
SHP05671,15153063,2025-08-03,2025-08-06,3,L060,FAC05,DST19,791,TL,CARF,16574,CC-105
SHP05672,44143624,2025-08-03,2025-08-06,3,L058,FAC05,DST13,581,LTL,CARD,1802,CC-105
SHP05673,85741625,2025-08-03,2025-08-08,5,L010,FAC01,DST17,1508,LTL,CARA,6546,CC-101
SHP05674,10244913,2025-08-03,2025-08-07,4,L028,FAC03,DST04,1114,LTL,CARE,4144,CC-103
SHP05675,91859459,2025-08-03,2025-08-05,2,L045,FAC04,DST11,743,TL,CARF,38668,CC-104
SHP05676,73702079,2025-08-03,2025-08-06,3,L013,FAC02,DST02,798,LTL,CARB,489,CC-102
SHP05677,94316588,2025-08-03,2025-08-08,5,L027,FAC03,DST03,1859,LTL,CARD,731,CC-103
SHP05678,69308960,2025-08-03,2025-08-07,4,L008,FAC01,DST14,1742,TL,CARH,25660,CC-101
SHP05679,27395460,2025-08-03,2025-08-05,2,L001,FAC01,DST04,705,TL,CARG,17240,CC-101
SHP05680,58618148,2025-08-03,2025-08-06,3,L014,FAC02,DST03,1123,TL,CARH,41489,CC-102
SHP05681,02409279,2025-08-03,2025-08-08,5,L009,FAC01,DST16,2079,LTL,CARB,687,CC-101
SHP05682,34622983,2025-08-04,2025-08-05,1,L050,FAC04,DST18,202,LTL,CARD,1571,CC-104
SHP05683,59348775,2025-08-04,2025-08-09,5,L053,FAC05,DST03,1362,LTL,CARA,417,CC-105
SHP05684,92431450,2025-08-04,2025-08-07,3,L045,FAC04,DST11,743,LTL,CARC,2725,CC-104
SHP05685,60357088,2025-08-04,2025-08-09,5,L022,FAC02,DST14,1906,LTL,CARE,381,CC-102
SHP05686,27696578,2025-08-04,2025-08-09,5,L053,FAC05,DST03,1362,LTL,CARA,1183,CC-105
SHP05687,37599359,2025-08-04,2025-08-06,2,L023,FAC02,DST18,513,LTL,CARD,4543,CC-102
SHP05688,63413415,2025-08-04,2025-08-10,6,L046,FAC04,DST14,1996,LTL,CARA,1176,CC-104
SHP05689,44087751,2025-08-04,2025-08-06,2,L041,FAC04,DST07,400,LTL,CARA,845,CC-104
SHP05690,43526058,2025-08-04,2025-08-08,4,L040,FAC04,DST05,1193,LTL,CARC,867,CC-104
SHP05691,38312255,2025-08-04,2025-08-06,2,L056,FAC05,DST07,236,LTL,CARD,749,CC-105
SHP05692,04585366,2025-08-04,2025-08-10,6,L047,FAC04,DST15,2368,LTL,CARD,3175,CC-104
SHP05693,92814664,2025-08-04,2025-08-10,6,L059,FAC05,DST16,2236,LTL,CARB,1318,CC-105
SHP05694,15648063,2025-08-04,2025-08-05,1,L050,FAC04,DST18,202,LTL,CARC,213,CC-104
SHP05695,63356193,2025-08-04,2025-08-07,3,L045,FAC04,DST11,743,LTL,CARE,305,CC-104
SHP05696,31275708,2025-08-04,2025-08-06,2,L015,FAC02,DST07,257,LTL,CARB,2549,CC-102
SHP05697,24280570,2025-08-04,2025-08-07,3,L031,FAC03,DST10,657,LTL,CARA,1036,CC-103
SHP05698,14511601,2025-08-04,2025-08-08,4,L014,FAC02,DST03,1123,LTL,CARD,1496,CC-102
SHP05699,19438248,2025-08-04,2025-08-06,2,L042,FAC04,DST08,197,TL,CARF,19959,CC-104
SHP05700,50538531,2025-08-04,2025-08-06,2,L015,FAC02,DST07,257,LTL,CARD,632,CC-102
SHP05701,73651060,2025-08-05,2025-08-11,6,L047,FAC04,DST15,2368,TL,CARF,29817,CC-104
SHP05702,54570376,2025-08-05,2025-08-07,2,L041,FAC04,DST07,400,LTL,CARA,476,CC-104
SHP05703,57609510,2025-08-05,2025-08-08,3,L045,FAC04,DST11,743,LTL,CARE,1335,CC-104
SHP05704,69082848,2025-08-05,2025-08-08,3,L021,FAC02,DST13,841,LTL,CARD,1233,CC-102
SHP05705,18052466,2025-08-05,2025-08-09,4,L008,FAC01,DST14,1742,TL,CARH,32020,CC-101
SHP05706,52412557,2025-08-05,2025-08-09,4,L036,FAC03,DST19,1283,LTL,CARD,717,CC-103
SHP05707,07354062,2025-08-05,2025-08-07,2,L041,FAC04,DST07,400,LTL,CARB,1399,CC-104
SHP05708,46912876,2025-08-05,2025-08-07,2,L031,FAC03,DST10,657,LTL,CARC,1426,CC-103
SHP05709,58490333,2025-08-05,2025-08-07,2,L021,FAC02,DST13,841,LTL,CARD,352,CC-102
SHP05710,39028384,2025-08-05,2025-08-08,3,L040,FAC04,DST05,1193,LTL,CARB,483,CC-104
SHP05711,38481491,2025-08-05,2025-08-11,6,L047,FAC04,DST15,2368,LTL,CARC,357,CC-104
SHP05712,21895892,2025-08-05,2025-08-08,3,L031,FAC03,DST10,657,LTL,CARC,2760,CC-103
SHP05713,05322730,2025-08-05,2025-08-08,3,L037,FAC03,DST20,871,LTL,CARE,3673,CC-103
SHP05714,10336491,2025-08-05,2025-08-06,1,L042,FAC04,DST08,197,LTL,CARC,1532,CC-104
SHP05715,93911852,2025-08-05,2025-08-08,3,L007,FAC01,DST12,1102,TL,CARF,31157,CC-101
SHP05716,43647829,2025-08-05,2025-08-06,1,L051,FAC04,DST19,195,LTL,CARD,718,CC-104
SHP05717,31138308,2025-08-05,2025-08-10,5,L035,FAC03,DST16,2015,LTL,CARD,1434,CC-103
SHP05718,88117058,2025-08-05,2025-08-06,1,L057,FAC05,DST10,289,LTL,CARC,1696,CC-105
SHP05719,80122637,2025-08-05,2025-08-06,1,L041,FAC04,DST07,400,LTL,CARB,1638,CC-104
SHP05720,83589118,2025-08-05,2025-08-07,2,L001,FAC01,DST04,705,LTL,CARA,356,CC-101
SHP05721,63269244,2025-08-05,2025-08-08,3,L004,FAC01,DST07,477,LTL,CARC,1066,CC-101
SHP05722,70181485,2025-08-05,2025-08-08,3,L014,FAC02,DST03,1123,LTL,CARD,366,CC-102
SHP05723,62891702,2025-08-05,2025-08-07,2,L042,FAC04,DST08,197,TL,CARF,25962,CC-104
SHP05724,38847550,2025-08-05,2025-08-07,2,L039,FAC04,DST03,771,LTL,CARE,1460,CC-104
SHP05725,94213488,2025-08-05,2025-08-07,2,L050,FAC04,DST18,202,TL,CARH,33254,CC-104
SHP05726,86997229,2025-08-05,2025-08-06,1,L012,FAC01,DST20,323,LTL,CARB,561,CC-101
SHP05727,52342781,2025-08-05,2025-08-10,5,L026,FAC03,DST02,1557,LTL,CARA,1132,CC-103
SHP05728,42965748,2025-08-06,2025-08-12,6,L022,FAC02,DST14,1906,LTL,CARE,3648,CC-102
SHP05729,15771939,2025-08-06,2025-08-08,2,L018,FAC02,DST10,561,LTL,CARB,2559,CC-102
SHP05730,27477734,2025-08-06,2025-08-10,4,L029,FAC03,DST05,1333,LTL,CARD,1438,CC-103
SHP05731,04420817,2025-08-06,2025-08-07,1,L056,FAC05,DST07,236,LTL,CARE,532,CC-105
SHP05732,70699056,2025-08-06,2025-08-10,4,L002,FAC01,DST05,1430,LTL,CARE,2302,CC-101
SHP05733,33999441,2025-08-06,2025-08-08,2,L043,FAC04,DST09,753,LTL,CARE,1688,CC-104
SHP05734,49168644,2025-08-06,2025-08-08,2,L025,FAC02,DST20,384,LTL,CARB,699,CC-102
SHP05735,11282849,2025-08-06,2025-08-09,3,L013,FAC02,DST02,798,LTL,CARA,1227,CC-102
SHP05736,38199508,2025-08-06,2025-08-09,3,L019,FAC02,DST11,811,LTL,CARC,825,CC-102
SHP05737,25018078,2025-08-06,2025-08-08,2,L004,FAC01,DST07,477,TL,CARH,21942,CC-101
SHP05738,77989764,2025-08-06,2025-08-10,4,L010,FAC01,DST17,1508,TL,CARG,29812,CC-101
SHP05739,77123451,2025-08-06,2025-08-07,1,L056,FAC05,DST07,236,TL,CARG,28694,CC-105
SHP05740,86174671,2025-08-06,2025-08-08,2,L056,FAC05,DST07,236,LTL,CARD,890,CC-105
SHP05741,12776506,2025-08-06,2025-08-08,2,L015,FAC02,DST07,257,LTL,CARD,310,CC-102
SHP05742,27473475,2025-08-06,2025-08-11,5,L022,FAC02,DST14,1906,TL,CARH,28200,CC-102
SHP05743,90378498,2025-08-06,2025-08-07,1,L052,FAC04,DST20,227,LTL,CARE,983,CC-104
SHP05744,20745714,2025-08-06,2025-08-10,4,L020,FAC02,DST12,1452,TL,CARG,22737,CC-102
SHP05745,75488002,2025-08-06,2025-08-08,2,L037,FAC03,DST20,871,LTL,CARD,681,CC-103
SHP05746,00402779,2025-08-06,2025-08-08,2,L015,FAC02,DST07,257,LTL,CARD,1081,CC-102
SHP05747,07820048,2025-08-07,2025-08-12,5,L046,FAC04,DST14,1996,TL,CARF,38616,CC-104
SHP05748,50411425,2025-08-07,2025-08-11,4,L029,FAC03,DST05,1333,TL,CARG,32672,CC-103
SHP05749,29978797,2025-08-07,2025-08-10,3,L032,FAC03,DST11,545,LTL,CARD,1584,CC-103
SHP05750,91163437,2025-08-07,2025-08-09,2,L011,FAC01,DST18,198,LTL,CARE,3246,CC-101
SHP05751,44890336,2025-08-07,2025-08-10,3,L018,FAC02,DST10,561,LTL,CARB,361,CC-102
SHP05752,23936998,2025-08-07,2025-08-08,1,L042,FAC04,DST08,197,TL,CARF,36625,CC-104
SHP05753,26475319,2025-08-07,2025-08-10,3,L031,FAC03,DST10,657,LTL,CARC,4937,CC-103
SHP05754,71064753,2025-08-07,2025-08-13,6,L048,FAC04,DST16,2410,LTL,CARC,928,CC-104
SHP05755,32681647,2025-08-07,2025-08-12,5,L059,FAC05,DST16,2236,TL,CARH,37232,CC-105
SHP05756,77355586,2025-08-07,2025-08-09,2,L012,FAC01,DST20,323,TL,CARF,25610,CC-101
SHP05757,38203169,2025-08-07,2025-08-10,3,L060,FAC05,DST19,791,LTL,CARD,1435,CC-105
SHP05758,38440390,2025-08-07,2025-08-09,2,L016,FAC02,DST08,717,LTL,CARE,855,CC-102
SHP05759,77113741,2025-08-07,2025-08-12,5,L010,FAC01,DST17,1508,LTL,CARC,550,CC-101
SHP05760,40792898,2025-08-07,2025-08-10,3,L038,FAC04,DST01,571,TL,CARF,23462,CC-104
SHP05761,65319083,2025-08-07,2025-08-08,1,L015,FAC02,DST07,257,LTL,CARD,1614,CC-102
SHP05762,66600584,2025-08-07,2025-08-10,3,L024,FAC02,DST19,626,LTL,CARD,3068,CC-102
SHP05763,30688209,2025-08-07,2025-08-08,1,L057,FAC05,DST10,289,LTL,CARE,3555,CC-105
SHP05764,98602966,2025-08-07,2025-08-11,4,L008,FAC01,DST14,1742,LTL,CARE,1250,CC-101
SHP05765,10406955,2025-08-07,2025-08-11,4,L020,FAC02,DST12,1452,LTL,CARA,1010,CC-102
SHP05766,12073966,2025-08-07,2025-08-11,4,L017,FAC02,DST09,1090,LTL,CARC,684,CC-102
SHP05767,59299090,2025-08-07,2025-08-10,3,L028,FAC03,DST04,1114,LTL,CARC,2357,CC-103
SHP05768,16023030,2025-08-08,2025-08-12,4,L036,FAC03,DST19,1283,LTL,CARC,659,CC-103
SHP05769,67980363,2025-08-08,2025-08-13,5,L022,FAC02,DST14,1906,TL,CARH,34509,CC-102
SHP05770,60975694,2025-08-08,2025-08-12,4,L026,FAC03,DST02,1557,LTL,CARD,1366,CC-103
SHP05771,53459281,2025-08-08,2025-08-10,2,L043,FAC04,DST09,753,LTL,CARE,1283,CC-104
SHP05772,86205777,2025-08-08,2025-08-09,1,L050,FAC04,DST18,202,LTL,CARC,187,CC-104
SHP05773,22365073,2025-08-08,2025-08-10,2,L039,FAC04,DST03,771,LTL,CARE,515,CC-104
SHP05774,85943366,2025-08-08,2025-08-12,4,L003,FAC01,DST06,1183,LTL,CARD,1618,CC-101
SHP05775,15461118,2025-08-08,2025-08-11,3,L001,FAC01,DST04,705,LTL,CARA,1582,CC-101
SHP05776,08151245,2025-08-08,2025-08-10,2,L018,FAC02,DST10,561,LTL,CARE,1600,CC-102
SHP05777,13447183,2025-08-08,2025-08-12,4,L007,FAC01,DST12,1102,LTL,CARB,1670,CC-101
SHP05778,34814342,2025-08-08,2025-08-14,6,L009,FAC01,DST16,2079,LTL,CARB,1556,CC-101
SHP05779,18428413,2025-08-08,2025-08-11,3,L045,FAC04,DST11,743,LTL,CARE,280,CC-104
SHP05780,74886173,2025-08-08,2025-08-09,1,L057,FAC05,DST10,289,LTL,CARE,1086,CC-105
SHP05781,25739261,2025-08-08,2025-08-11,3,L016,FAC02,DST08,717,LTL,CARE,431,CC-102
SHP05782,47585951,2025-08-08,2025-08-11,3,L024,FAC02,DST19,626,LTL,CARC,1037,CC-102
SHP05783,05286550,2025-08-08,2025-08-09,1,L004,FAC01,DST07,477,TL,CARH,22551,CC-101
SHP05784,47122210,2025-08-08,2025-08-11,3,L003,FAC01,DST06,1183,LTL,CARC,611,CC-101
SHP05785,93715299,2025-08-08,2025-08-10,2,L045,FAC04,DST11,743,LTL,CARE,326,CC-104
SHP05786,59519021,2025-08-08,2025-08-11,3,L053,FAC05,DST03,1362,TL,CARG,41111,CC-105
SHP05787,15018242,2025-08-08,2025-08-09,1,L011,FAC01,DST18,198,LTL,CARE,1018,CC-101
SHP05788,19987483,2025-08-08,2025-08-13,5,L008,FAC01,DST14,1742,LTL,CARA,1932,CC-101
SHP05789,42109344,2025-08-08,2025-08-12,4,L028,FAC03,DST04,1114,LTL,CARC,2084,CC-103
SHP05790,85327036,2025-08-08,2025-08-10,2,L021,FAC02,DST13,841,LTL,CARB,855,CC-102
SHP05791,35328270,2025-08-08,2025-08-09,1,L005,FAC01,DST08,284,LTL,CARD,2230,CC-101
SHP05792,73789950,2025-08-08,2025-08-11,3,L030,FAC03,DST08,1199,LTL,CARC,3008,CC-103
SHP05793,75059466,2025-08-08,2025-08-13,5,L035,FAC03,DST16,2015,LTL,CARD,7500,CC-103
SHP05794,62183602,2025-08-08,2025-08-12,4,L007,FAC01,DST12,1102,LTL,CARB,1316,CC-101
SHP05795,36605098,2025-08-08,2025-08-11,3,L033,FAC03,DST14,1061,LTL,CARD,1911,CC-103
SHP05796,97207782,2025-08-08,2025-08-12,4,L034,FAC03,DST15,1485,LTL,CARB,978,CC-103
SHP05797,40632276,2025-08-09,2025-08-11,2,L039,FAC04,DST03,771,LTL,CARE,3570,CC-104
SHP05798,86593210,2025-08-09,2025-08-13,4,L030,FAC03,DST08,1199,LTL,CARC,169,CC-103
SHP05799,09766315,2025-08-09,2025-08-13,4,L030,FAC03,DST08,1199,TL,CARF,35091,CC-103
SHP05800,99312902,2025-08-09,2025-08-13,4,L034,FAC03,DST15,1485,LTL,CARA,574,CC-103
SHP05801,69548786,2025-08-09,2025-08-13,4,L014,FAC02,DST03,1123,LTL,CARD,1656,CC-102
SHP05802,85491473,2025-08-09,2025-08-11,2,L032,FAC03,DST11,545,TL,CARH,21765,CC-103
SHP05803,28816290,2025-08-09,2025-08-15,6,L046,FAC04,DST14,1996,LTL,CARB,1052,CC-104
SHP05804,45480499,2025-08-09,2025-08-11,2,L018,FAC02,DST10,561,LTL,CARE,2105,CC-102
SHP05805,36300950,2025-08-09,2025-08-11,2,L051,FAC04,DST19,195,TL,CARG,38291,CC-104
SHP05806,31604978,2025-08-09,2025-08-13,4,L007,FAC01,DST12,1102,LTL,CARB,1857,CC-101
SHP05807,04519688,2025-08-09,2025-08-11,2,L052,FAC04,DST20,227,TL,CARF,27375,CC-104
SHP05808,71664188,2025-08-09,2025-08-12,3,L016,FAC02,DST08,717,LTL,CARE,2128,CC-102
SHP05809,03027791,2025-08-09,2025-08-12,3,L014,FAC02,DST03,1123,LTL,CARD,957,CC-102
SHP05810,59576548,2025-08-09,2025-08-15,6,L027,FAC03,DST03,1859,LTL,CARD,3088,CC-103
SHP05811,20683073,2025-08-09,2025-08-13,4,L014,FAC02,DST03,1123,LTL,CARD,1490,CC-102
SHP05812,51564314,2025-08-09,2025-08-11,2,L033,FAC03,DST14,1061,TL,CARF,26537,CC-103
SHP05813,30958017,2025-08-09,2025-08-15,6,L046,FAC04,DST14,1996,LTL,CARB,1176,CC-104
SHP05814,64448626,2025-08-09,2025-08-13,4,L053,FAC05,DST03,1362,TL,CARG,23074,CC-105
SHP05815,16954395,2025-08-09,2025-08-11,2,L037,FAC03,DST20,871,LTL,CARE,717,CC-103
SHP05816,77223757,2025-08-09,2025-08-11,2,L001,FAC01,DST04,705,LTL,CARA,557,CC-101
SHP05817,40205549,2025-08-09,2025-08-12,3,L018,FAC02,DST10,561,TL,CARH,17808,CC-102
SHP05818,50694413,2025-08-09,2025-08-12,3,L039,FAC04,DST03,771,LTL,CARA,886,CC-104
SHP05819,07040296,2025-08-09,2025-08-10,1,L025,FAC02,DST20,384,LTL,CARA,862,CC-102
SHP05820,24734965,2025-08-09,2025-08-16,7,L047,FAC04,DST15,2368,LTL,CARC,7258,CC-104
SHP05821,99858792,2025-08-09,2025-08-13,4,L014,FAC02,DST03,1123,LTL,CARA,4114,CC-102
SHP05822,48336858,2025-08-10,2025-08-13,3,L007,FAC01,DST12,1102,LTL,CARB,4362,CC-101
SHP05823,48558893,2025-08-10,2025-08-12,2,L013,FAC02,DST02,798,LTL,CARA,313,CC-102
SHP05824,21986422,2025-08-10,2025-08-14,4,L026,FAC03,DST02,1557,LTL,CARD,1821,CC-103
SHP05825,26102569,2025-08-10,2025-08-12,2,L025,FAC02,DST20,384,LTL,CARB,1544,CC-102
SHP05826,63384815,2025-08-10,2025-08-13,3,L039,FAC04,DST03,771,LTL,CARE,362,CC-104
SHP05827,18092448,2025-08-10,2025-08-12,2,L011,FAC01,DST18,198,TL,CARG,22068,CC-101
SHP05828,18118788,2025-08-10,2025-08-15,5,L034,FAC03,DST15,1485,LTL,CARA,940,CC-103
SHP05829,30941944,2025-08-10,2025-08-12,2,L024,FAC02,DST19,626,TL,CARH,32270,CC-102
SHP05830,71792626,2025-08-10,2025-08-12,2,L006,FAC01,DST10,315,LTL,CARB,1452,CC-101
SHP05831,50927207,2025-08-10,2025-08-17,7,L048,FAC04,DST16,2410,LTL,CARB,913,CC-104
SHP05832,24012282,2025-08-10,2025-08-12,2,L043,FAC04,DST09,753,LTL,CARE,361,CC-104
SHP05833,96630123,2025-08-10,2025-08-12,2,L019,FAC02,DST11,811,LTL,CARD,2672,CC-102
SHP05834,19218445,2025-08-10,2025-08-13,3,L031,FAC03,DST10,657,TL,CARF,19792,CC-103
SHP05835,23101115,2025-08-10,2025-08-12,2,L032,FAC03,DST11,545,TL,CARH,17070,CC-103
SHP05836,48107186,2025-08-10,2025-08-16,6,L049,FAC04,DST17,1818,LTL,CARC,325,CC-104
SHP05837,26855109,2025-08-10,2025-08-16,6,L047,FAC04,DST15,2368,LTL,CARD,279,CC-104
SHP05838,23437241,2025-08-10,2025-08-13,3,L021,FAC02,DST13,841,LTL,CARB,618,CC-102
SHP05839,36634144,2025-08-10,2025-08-13,3,L039,FAC04,DST03,771,TL,CARG,20298,CC-104
SHP05840,77117412,2025-08-10,2025-08-13,3,L016,FAC02,DST08,717,LTL,CARC,1106,CC-102
SHP05841,70293460,2025-08-10,2025-08-16,6,L048,FAC04,DST16,2410,LTL,CARC,2988,CC-104
SHP05842,68501933,2025-08-10,2025-08-15,5,L034,FAC03,DST15,1485,LTL,CARA,1052,CC-103
SHP05843,48897796,2025-08-10,2025-08-14,4,L028,FAC03,DST04,1114,LTL,CARE,1417,CC-103
SHP05844,67424634,2025-08-10,2025-08-15,5,L048,FAC04,DST16,2410,TL,CARG,19020,CC-104
SHP05845,55344071,2025-08-10,2025-08-16,6,L049,FAC04,DST17,1818,LTL,CARC,258,CC-104
SHP05846,88621613,2025-08-10,2025-08-13,3,L058,FAC05,DST13,581,LTL,CARD,2610,CC-105
SHP05847,13463552,2025-08-10,2025-08-12,2,L039,FAC04,DST03,771,LTL,CARE,769,CC-104
SHP05848,18864218,2025-08-10,2025-08-14,4,L040,FAC04,DST05,1193,LTL,CARB,312,CC-104
SHP05849,29396804,2025-08-10,2025-08-11,1,L011,FAC01,DST18,198,LTL,CARD,6329,CC-101
SHP05850,83526365,2025-08-10,2025-08-12,2,L005,FAC01,DST08,284,LTL,CARD,1391,CC-101
SHP05851,50938079,2025-08-10,2025-08-15,5,L020,FAC02,DST12,1452,LTL,CARA,1590,CC-102
SHP05852,14747332,2025-08-10,2025-08-16,6,L059,FAC05,DST16,2236,LTL,CARA,846,CC-105
SHP05853,18355293,2025-08-10,2025-08-13,3,L021,FAC02,DST13,841,LTL,CARB,4756,CC-102
SHP05854,01569537,2025-08-10,2025-08-13,3,L060,FAC05,DST19,791,LTL,CARD,5012,CC-105
SHP05855,81083406,2025-08-10,2025-08-15,5,L047,FAC04,DST15,2368,TL,CARF,34502,CC-104
SHP05856,63604011,2025-08-10,2025-08-14,4,L049,FAC04,DST17,1818,TL,CARF,27276,CC-104
SHP05857,21853082,2025-08-10,2025-08-16,6,L009,FAC01,DST16,2079,LTL,CARE,970,CC-101
SHP05858,27843298,2025-08-11,2025-08-16,5,L059,FAC05,DST16,2236,LTL,CARB,2256,CC-105
SHP05859,60239935,2025-08-11,2025-08-13,2,L042,FAC04,DST08,197,TL,CARF,31077,CC-104
SHP05860,35549544,2025-08-11,2025-08-14,3,L018,FAC02,DST10,561,TL,CARH,32654,CC-102
SHP05861,22090889,2025-08-11,2025-08-14,3,L010,FAC01,DST17,1508,TL,CARG,39779,CC-101
SHP05862,28809716,2025-08-11,2025-08-14,3,L001,FAC01,DST04,705,LTL,CARA,991,CC-101
SHP05863,04580932,2025-08-11,2025-08-12,1,L012,FAC01,DST20,323,LTL,CARB,262,CC-101
SHP05864,29841225,2025-08-11,2025-08-14,3,L055,FAC05,DST06,820,LTL,CARD,2889,CC-105
SHP05865,77893007,2025-08-11,2025-08-16,5,L059,FAC05,DST16,2236,LTL,CARA,1149,CC-105
SHP05866,13719481,2025-08-11,2025-08-14,3,L019,FAC02,DST11,811,LTL,CARD,1160,CC-102
SHP05867,00734126,2025-08-11,2025-08-13,2,L051,FAC04,DST19,195,LTL,CARB,1149,CC-104
SHP05868,99481404,2025-08-11,2025-08-17,6,L009,FAC01,DST16,2079,LTL,CARE,3088,CC-101
SHP05869,85011259,2025-08-11,2025-08-14,3,L019,FAC02,DST11,811,LTL,CARC,714,CC-102
SHP05870,05300399,2025-08-11,2025-08-15,4,L026,FAC03,DST02,1557,TL,CARH,15468,CC-103
SHP05871,27031979,2025-08-11,2025-08-14,3,L002,FAC01,DST05,1430,TL,CARF,39201,CC-101
SHP05872,12605144,2025-08-11,2025-08-15,4,L007,FAC01,DST12,1102,LTL,CARE,546,CC-101
SHP05873,85797892,2025-08-11,2025-08-16,5,L034,FAC03,DST15,1485,LTL,CARA,1299,CC-103
SHP05874,56744982,2025-08-11,2025-08-13,2,L050,FAC04,DST18,202,TL,CARH,41838,CC-104
SHP05875,52651005,2025-08-11,2025-08-15,4,L003,FAC01,DST06,1183,LTL,CARC,666,CC-101
SHP05876,92256019,2025-08-11,2025-08-12,1,L005,FAC01,DST08,284,LTL,CARB,943,CC-101
SHP05877,71353447,2025-08-11,2025-08-14,3,L021,FAC02,DST13,841,LTL,CARB,1259,CC-102
SHP05878,57693525,2025-08-11,2025-08-17,6,L048,FAC04,DST16,2410,TL,CARG,35129,CC-104
SHP05879,40184182,2025-08-11,2025-08-14,3,L003,FAC01,DST06,1183,LTL,CARC,1216,CC-101
SHP05880,63383811,2025-08-11,2025-08-12,1,L044,FAC04,DST10,475,TL,CARG,24175,CC-104
SHP05881,31541900,2025-08-11,2025-08-13,2,L024,FAC02,DST19,626,LTL,CARD,1238,CC-102
SHP05882,69695995,2025-08-11,2025-08-13,2,L050,FAC04,DST18,202,LTL,CARC,782,CC-104
SHP05883,00708577,2025-08-11,2025-08-13,2,L042,FAC04,DST08,197,LTL,CARC,658,CC-104
SHP05884,46719102,2025-08-11,2025-08-14,3,L026,FAC03,DST02,1557,TL,CARH,23863,CC-103
SHP05885,52107192,2025-08-11,2025-08-14,3,L030,FAC03,DST08,1199,LTL,CARD,169,CC-103
SHP05886,50385624,2025-08-11,2025-08-12,1,L011,FAC01,DST18,198,LTL,CARD,764,CC-101
SHP05887,30754706,2025-08-11,2025-08-17,6,L047,FAC04,DST15,2368,LTL,CARD,635,CC-104
SHP05888,19196012,2025-08-11,2025-08-12,1,L006,FAC01,DST10,315,LTL,CARB,7500,CC-101
SHP05889,17077920,2025-08-11,2025-08-15,4,L008,FAC01,DST14,1742,TL,CARH,18050,CC-101
SHP05890,68579041,2025-08-12,2025-08-15,3,L013,FAC02,DST02,798,LTL,CARA,483,CC-102
SHP05891,87253247,2025-08-12,2025-08-15,3,L021,FAC02,DST13,841,LTL,CARD,377,CC-102
SHP05892,91587002,2025-08-12,2025-08-19,7,L048,FAC04,DST16,2410,LTL,CARB,2035,CC-104
SHP05893,04418329,2025-08-12,2025-08-15,3,L019,FAC02,DST11,811,TL,CARH,18879,CC-102
SHP05894,84161124,2025-08-12,2025-08-15,3,L016,FAC02,DST08,717,LTL,CARC,755,CC-102
SHP05895,58621770,2025-08-12,2025-08-15,3,L018,FAC02,DST10,561,LTL,CARE,1043,CC-102
SHP05896,84017290,2025-08-12,2025-08-14,2,L025,FAC02,DST20,384,LTL,CARB,1532,CC-102
SHP05897,81178679,2025-08-12,2025-08-18,6,L022,FAC02,DST14,1906,LTL,CARE,633,CC-102
SHP05898,59733748,2025-08-12,2025-08-17,5,L010,FAC01,DST17,1508,LTL,CARA,313,CC-101
SHP05899,16364280,2025-08-12,2025-08-14,2,L054,FAC05,DST04,624,LTL,CARB,1805,CC-105
SHP05900,18311889,2025-08-12,2025-08-18,6,L048,FAC04,DST16,2410,LTL,CARC,4068,CC-104
SHP05901,87433359,2025-08-12,2025-08-13,1,L025,FAC02,DST20,384,TL,CARG,16365,CC-102
SHP05902,78540328,2025-08-12,2025-08-15,3,L058,FAC05,DST13,581,LTL,CARA,1218,CC-105
SHP05903,69611629,2025-08-12,2025-08-15,3,L032,FAC03,DST11,545,LTL,CARC,2279,CC-103
SHP05904,85230437,2025-08-12,2025-08-15,3,L016,FAC02,DST08,717,LTL,CARE,1836,CC-102
SHP05905,68283496,2025-08-12,2025-08-17,5,L035,FAC03,DST16,2015,LTL,CARA,926,CC-103
SHP05906,68942369,2025-08-12,2025-08-16,4,L036,FAC03,DST19,1283,LTL,CARD,1619,CC-103
SHP05907,44715389,2025-08-12,2025-08-13,1,L005,FAC01,DST08,284,LTL,CARB,831,CC-101
SHP05908,85404710,2025-08-12,2025-08-15,3,L003,FAC01,DST06,1183,LTL,CARC,6937,CC-101
SHP05909,86143855,2025-08-12,2025-08-19,7,L047,FAC04,DST15,2368,LTL,CARD,2192,CC-104
SHP05910,26284369,2025-08-12,2025-08-13,1,L050,FAC04,DST18,202,LTL,CARD,949,CC-104
SHP05911,10157917,2025-08-13,2025-08-14,1,L042,FAC04,DST08,197,LTL,CARB,2766,CC-104
SHP05912,37322659,2025-08-13,2025-08-14,1,L004,FAC01,DST07,477,TL,CARH,19231,CC-101
SHP05913,59354070,2025-08-13,2025-08-17,4,L033,FAC03,DST14,1061,LTL,CARB,919,CC-103
SHP05914,33377458,2025-08-13,2025-08-16,3,L007,FAC01,DST12,1102,LTL,CARE,674,CC-101
SHP05915,81611937,2025-08-13,2025-08-15,2,L018,FAC02,DST10,561,LTL,CARB,2032,CC-102
SHP05916,80347836,2025-08-13,2025-08-18,5,L059,FAC05,DST16,2236,TL,CARH,37943,CC-105
SHP05917,67481713,2025-08-13,2025-08-17,4,L003,FAC01,DST06,1183,LTL,CARD,4477,CC-101
SHP05918,17048368,2025-08-13,2025-08-17,4,L002,FAC01,DST05,1430,LTL,CARB,466,CC-101
SHP05919,29921871,2025-08-13,2025-08-17,4,L034,FAC03,DST15,1485,LTL,CARA,1478,CC-103
SHP05920,25553097,2025-08-13,2025-08-19,6,L022,FAC02,DST14,1906,LTL,CARC,807,CC-102
SHP05921,30912237,2025-08-13,2025-08-18,5,L002,FAC01,DST05,1430,LTL,CARE,1450,CC-101
SHP05922,18585028,2025-08-13,2025-08-17,4,L033,FAC03,DST14,1061,LTL,CARD,1257,CC-103
SHP05923,80086425,2025-08-13,2025-08-14,1,L032,FAC03,DST11,545,TL,CARH,39081,CC-103
SHP05924,32438736,2025-08-13,2025-08-18,5,L009,FAC01,DST16,2079,TL,CARG,21296,CC-101
SHP05925,77541943,2025-08-13,2025-08-15,2,L058,FAC05,DST13,581,LTL,CARD,1545,CC-105
SHP05926,26483043,2025-08-13,2025-08-14,1,L012,FAC01,DST20,323,TL,CARF,38379,CC-101
SHP05927,30733142,2025-08-13,2025-08-14,1,L042,FAC04,DST08,197,LTL,CARB,1341,CC-104
SHP05928,84097101,2025-08-13,2025-08-16,3,L039,FAC04,DST03,771,LTL,CARA,1543,CC-104
SHP05929,20840066,2025-08-13,2025-08-14,1,L015,FAC02,DST07,257,TL,CARH,25849,CC-102
SHP05930,72908948,2025-08-13,2025-08-16,3,L030,FAC03,DST08,1199,TL,CARF,22362,CC-103
SHP05931,01094158,2025-08-13,2025-08-14,1,L052,FAC04,DST20,227,LTL,CARD,1440,CC-104
SHP05932,89119710,2025-08-14,2025-08-17,3,L060,FAC05,DST19,791,LTL,CARD,642,CC-105
SHP05933,60502232,2025-08-14,2025-08-18,4,L033,FAC03,DST14,1061,LTL,CARB,1248,CC-103
SHP05934,80542446,2025-08-14,2025-08-16,2,L011,FAC01,DST18,198,TL,CARG,30426,CC-101
SHP05935,98740893,2025-08-14,2025-08-16,2,L013,FAC02,DST02,798,LTL,CARB,270,CC-102
SHP05936,30208045,2025-08-14,2025-08-19,5,L008,FAC01,DST14,1742,LTL,CARA,497,CC-101
SHP05937,71131992,2025-08-14,2025-08-19,5,L035,FAC03,DST16,2015,TL,CARF,34668,CC-103
SHP05938,39570822,2025-08-14,2025-08-18,4,L026,FAC03,DST02,1557,LTL,CARA,1084,CC-103
SHP05939,06955285,2025-08-14,2025-08-16,2,L041,FAC04,DST07,400,TL,CARH,16106,CC-104
SHP05940,59458080,2025-08-14,2025-08-17,3,L040,FAC04,DST05,1193,TL,CARF,16623,CC-104
SHP05941,09782277,2025-08-14,2025-08-19,5,L035,FAC03,DST16,2015,TL,CARF,22167,CC-103
SHP05942,41294681,2025-08-14,2025-08-19,5,L027,FAC03,DST03,1859,LTL,CARD,2775,CC-103
SHP05943,17952090,2025-08-14,2025-08-17,3,L024,FAC02,DST19,626,LTL,CARC,4974,CC-102
SHP05944,64720709,2025-08-14,2025-08-16,2,L025,FAC02,DST20,384,LTL,CARA,1825,CC-102
SHP05945,76265759,2025-08-14,2025-08-15,1,L056,FAC05,DST07,236,LTL,CARE,573,CC-105
SHP05946,75756816,2025-08-14,2025-08-20,6,L027,FAC03,DST03,1859,LTL,CARD,669,CC-103
SHP05947,04387875,2025-08-14,2025-08-19,5,L049,FAC04,DST17,1818,LTL,CARA,177,CC-104
SHP05948,03293153,2025-08-14,2025-08-18,4,L014,FAC02,DST03,1123,LTL,CARA,1431,CC-102
SHP05949,12854969,2025-08-14,2025-08-18,4,L028,FAC03,DST04,1114,LTL,CARE,1565,CC-103
SHP05950,27175885,2025-08-14,2025-08-19,5,L002,FAC01,DST05,1430,LTL,CARB,5499,CC-101
SHP05951,36970318,2025-08-14,2025-08-16,2,L037,FAC03,DST20,871,LTL,CARE,4185,CC-103
SHP05952,85697923,2025-08-14,2025-08-19,5,L035,FAC03,DST16,2015,LTL,CARD,1098,CC-103
SHP05953,27160770,2025-08-14,2025-08-15,1,L051,FAC04,DST19,195,LTL,CARB,7500,CC-104
SHP05954,81342846,2025-08-14,2025-08-20,6,L059,FAC05,DST16,2236,LTL,CARB,1924,CC-105
SHP05955,38307081,2025-08-14,2025-08-15,1,L052,FAC04,DST20,227,LTL,CARD,1957,CC-104
SHP05956,67360914,2025-08-14,2025-08-17,3,L055,FAC05,DST06,820,LTL,CARD,2593,CC-105
SHP05957,57914647,2025-08-14,2025-08-16,2,L025,FAC02,DST20,384,LTL,CARA,632,CC-102
SHP05958,37654604,2025-08-14,2025-08-17,3,L039,FAC04,DST03,771,LTL,CARA,2423,CC-104
SHP05959,24238116,2025-08-14,2025-08-17,3,L002,FAC01,DST05,1430,TL,CARF,40934,CC-101
SHP05960,01434204,2025-08-14,2025-08-16,2,L025,FAC02,DST20,384,LTL,CARA,2090,CC-102
SHP05961,72188964,2025-08-14,2025-08-18,4,L028,FAC03,DST04,1114,LTL,CARC,1462,CC-103
SHP05962,87510011,2025-08-14,2025-08-19,5,L046,FAC04,DST14,1996,LTL,CARA,742,CC-104
SHP05963,03786379,2025-08-14,2025-08-16,2,L012,FAC01,DST20,323,LTL,CARC,1146,CC-101
SHP05964,72781757,2025-08-14,2025-08-17,3,L013,FAC02,DST02,798,LTL,CARA,516,CC-102
SHP05965,72224850,2025-08-14,2025-08-16,2,L001,FAC01,DST04,705,LTL,CARC,4006,CC-101
SHP05966,85808611,2025-08-14,2025-08-17,3,L040,FAC04,DST05,1193,LTL,CARC,949,CC-104
SHP05967,43482247,2025-08-14,2025-08-20,6,L047,FAC04,DST15,2368,LTL,CARC,135,CC-104
SHP05968,51516718,2025-08-14,2025-08-18,4,L030,FAC03,DST08,1199,LTL,CARD,562,CC-103
SHP05969,53996679,2025-08-14,2025-08-18,4,L007,FAC01,DST12,1102,LTL,CARB,388,CC-101
SHP05970,00205654,2025-08-14,2025-08-17,3,L030,FAC03,DST08,1199,LTL,CARD,3086,CC-103
SHP05971,86924965,2025-08-15,2025-08-17,2,L039,FAC04,DST03,771,LTL,CARE,1890,CC-104
SHP05972,13724085,2025-08-15,2025-08-16,1,L006,FAC01,DST10,315,LTL,CARE,5924,CC-101
SHP05973,50567238,2025-08-15,2025-08-18,3,L007,FAC01,DST12,1102,LTL,CARE,2924,CC-101
SHP05974,02421818,2025-08-15,2025-08-17,2,L025,FAC02,DST20,384,LTL,CARA,816,CC-102
SHP05975,39461288,2025-08-15,2025-08-19,4,L017,FAC02,DST09,1090,LTL,CARE,3609,CC-102
SHP05976,49943619,2025-08-15,2025-08-18,3,L054,FAC05,DST04,624,LTL,CARB,2862,CC-105
SHP05977,22715766,2025-08-15,2025-08-17,2,L018,FAC02,DST10,561,LTL,CARE,1224,CC-102
SHP05978,00702756,2025-08-15,2025-08-19,4,L029,FAC03,DST05,1333,LTL,CARA,1382,CC-103
SHP05979,83031539,2025-08-15,2025-08-16,1,L042,FAC04,DST08,197,TL,CARF,37280,CC-104
SHP05980,19313170,2025-08-15,2025-08-22,7,L048,FAC04,DST16,2410,LTL,CARC,1615,CC-104
SHP05981,69132719,2025-08-15,2025-08-17,2,L031,FAC03,DST10,657,LTL,CARC,1104,CC-103
SHP05982,99702261,2025-08-15,2025-08-17,2,L012,FAC01,DST20,323,LTL,CARC,1181,CC-101
SHP05983,60556765,2025-08-15,2025-08-17,2,L031,FAC03,DST10,657,LTL,CARA,121,CC-103
SHP05984,45758095,2025-08-15,2025-08-17,2,L045,FAC04,DST11,743,TL,CARF,39690,CC-104
SHP05985,28158680,2025-08-15,2025-08-18,3,L021,FAC02,DST13,841,LTL,CARD,2813,CC-102
SHP05986,00909341,2025-08-15,2025-08-18,3,L028,FAC03,DST04,1114,LTL,CARC,932,CC-103
SHP05987,48550492,2025-08-15,2025-08-21,6,L022,FAC02,DST14,1906,LTL,CARC,954,CC-102
SHP05988,65042809,2025-08-15,2025-08-20,5,L020,FAC02,DST12,1452,LTL,CARB,282,CC-102
SHP05989,05265450,2025-08-15,2025-08-19,4,L028,FAC03,DST04,1114,LTL,CARE,3208,CC-103
SHP05990,48887018,2025-08-15,2025-08-17,2,L056,FAC05,DST07,236,LTL,CARD,2578,CC-105
SHP05991,83512570,2025-08-15,2025-08-18,3,L033,FAC03,DST14,1061,TL,CARF,37506,CC-103
SHP05992,85710756,2025-08-16,2025-08-18,2,L031,FAC03,DST10,657,TL,CARF,26308,CC-103
SHP05993,56246394,2025-08-16,2025-08-21,5,L049,FAC04,DST17,1818,TL,CARF,32556,CC-104
SHP05994,33295854,2025-08-16,2025-08-18,2,L050,FAC04,DST18,202,LTL,CARC,584,CC-104
SHP05995,29833500,2025-08-16,2025-08-19,3,L032,FAC03,DST11,545,LTL,CARC,1316,CC-103
SHP05996,09219210,2025-08-16,2025-08-19,3,L039,FAC04,DST03,771,LTL,CARE,823,CC-104
SHP05997,71935656,2025-08-16,2025-08-19,3,L032,FAC03,DST11,545,LTL,CARC,2294,CC-103
SHP05998,19590970,2025-08-16,2025-08-17,1,L012,FAC01,DST20,323,LTL,CARC,3404,CC-101
SHP05999,09134855,2025-08-16,2025-08-21,5,L053,FAC05,DST03,1362,LTL,CARE,851,CC-105
SHP06000,37733480,2025-08-16,2025-08-19,3,L039,FAC04,DST03,771,LTL,CARA,1200,CC-104
SHP06001,41099130,2025-08-16,2025-08-19,3,L001,FAC01,DST04,705,LTL,CARC,2089,CC-101
SHP06002,94948102,2025-08-16,2025-08-19,3,L014,FAC02,DST03,1123,TL,CARH,30506,CC-102
SHP06003,13670417,2025-08-16,2025-08-18,2,L043,FAC04,DST09,753,LTL,CARE,529,CC-104
SHP06004,47040091,2025-08-16,2025-08-22,6,L035,FAC03,DST16,2015,LTL,CARD,2369,CC-103
SHP06005,21786150,2025-08-16,2025-08-21,5,L009,FAC01,DST16,2079,LTL,CARE,1954,CC-101
SHP06006,88565887,2025-08-16,2025-08-19,3,L016,FAC02,DST08,717,LTL,CARE,641,CC-102
SHP06007,91633398,2025-08-16,2025-08-20,4,L036,FAC03,DST19,1283,LTL,CARD,1618,CC-103
SHP06008,42376952,2025-08-16,2025-08-18,2,L041,FAC04,DST07,400,TL,CARH,28008,CC-104
SHP06009,12900393,2025-08-16,2025-08-19,3,L029,FAC03,DST05,1333,TL,CARG,32433,CC-103
SHP06010,40796484,2025-08-16,2025-08-20,4,L053,FAC05,DST03,1362,LTL,CARE,288,CC-105
SHP06011,08645353,2025-08-16,2025-08-18,2,L015,FAC02,DST07,257,LTL,CARB,1301,CC-102
SHP06012,29717353,2025-08-16,2025-08-22,6,L027,FAC03,DST03,1859,LTL,CARD,2621,CC-103
SHP06013,60319053,2025-08-16,2025-08-19,3,L018,FAC02,DST10,561,TL,CARH,29661,CC-102
SHP06014,88020221,2025-08-16,2025-08-19,3,L058,FAC05,DST13,581,LTL,CARD,3011,CC-105
SHP06015,14607332,2025-08-16,2025-08-18,2,L006,FAC01,DST10,315,LTL,CARB,1165,CC-101
SHP06016,25095423,2025-08-16,2025-08-17,1,L011,FAC01,DST18,198,LTL,CARE,1067,CC-101
SHP06017,30762558,2025-08-16,2025-08-20,4,L010,FAC01,DST17,1508,TL,CARG,26880,CC-101
SHP06018,16561565,2025-08-16,2025-08-17,1,L052,FAC04,DST20,227,LTL,CARE,1454,CC-104
SHP06019,12294172,2025-08-17,2025-08-22,5,L020,FAC02,DST12,1452,LTL,CARB,230,CC-102
SHP06020,74716819,2025-08-17,2025-08-22,5,L002,FAC01,DST05,1430,LTL,CARB,1283,CC-101
SHP06021,93388910,2025-08-17,2025-08-18,1,L050,FAC04,DST18,202,TL,CARH,31667,CC-104
SHP06022,02259996,2025-08-17,2025-08-19,2,L045,FAC04,DST11,743,TL,CARF,35632,CC-104
SHP06023,76689824,2025-08-17,2025-08-18,1,L025,FAC02,DST20,384,LTL,CARB,865,CC-102
SHP06024,33357702,2025-08-17,2025-08-19,2,L025,FAC02,DST20,384,LTL,CARA,1012,CC-102
SHP06025,60868256,2025-08-17,2025-08-21,4,L026,FAC03,DST02,1557,LTL,CARA,2307,CC-103
SHP06026,35434616,2025-08-17,2025-08-20,3,L036,FAC03,DST19,1283,TL,CARF,36727,CC-103
SHP06027,97139319,2025-08-17,2025-08-21,4,L034,FAC03,DST15,1485,LTL,CARB,427,CC-103
SHP06028,08906235,2025-08-17,2025-08-20,3,L037,FAC03,DST20,871,LTL,CARE,892,CC-103
SHP06029,08200203,2025-08-17,2025-08-21,4,L036,FAC03,DST19,1283,LTL,CARC,3663,CC-103
SHP06030,35803471,2025-08-17,2025-08-23,6,L022,FAC02,DST14,1906,LTL,CARE,707,CC-102
SHP06031,17192664,2025-08-17,2025-08-20,3,L039,FAC04,DST03,771,LTL,CARA,457,CC-104
SHP06032,73237912,2025-08-17,2025-08-21,4,L034,FAC03,DST15,1485,TL,CARG,27721,CC-103
SHP06033,77906651,2025-08-17,2025-08-19,2,L023,FAC02,DST18,513,LTL,CARD,1345,CC-102
SHP06034,01996118,2025-08-17,2025-08-19,2,L001,FAC01,DST04,705,LTL,CARC,479,CC-101
SHP06035,33240614,2025-08-17,2025-08-21,4,L020,FAC02,DST12,1452,LTL,CARA,906,CC-102
SHP06036,24645953,2025-08-17,2025-08-20,3,L034,FAC03,DST15,1485,TL,CARG,36154,CC-103
SHP06037,43570261,2025-08-17,2025-08-21,4,L029,FAC03,DST05,1333,LTL,CARA,551,CC-103
SHP06038,00426109,2025-08-17,2025-08-20,3,L038,FAC04,DST01,571,LTL,CARB,680,CC-104
SHP06039,49423889,2025-08-17,2025-08-20,3,L001,FAC01,DST04,705,LTL,CARC,747,CC-101
SHP06040,48831114,2025-08-17,2025-08-20,3,L018,FAC02,DST10,561,TL,CARH,34018,CC-102
SHP06041,63306095,2025-08-17,2025-08-19,2,L043,FAC04,DST09,753,LTL,CARE,947,CC-104
SHP06042,61480082,2025-08-17,2025-08-22,5,L053,FAC05,DST03,1362,LTL,CARA,3039,CC-105
SHP06043,46613220,2025-08-17,2025-08-19,2,L054,FAC05,DST04,624,TL,CARG,25990,CC-105
SHP06044,97408034,2025-08-17,2025-08-20,3,L043,FAC04,DST09,753,LTL,CARE,1339,CC-104
SHP06045,85586842,2025-08-17,2025-08-20,3,L023,FAC02,DST18,513,LTL,CARB,974,CC-102
SHP06046,55167774,2025-08-17,2025-08-19,2,L001,FAC01,DST04,705,LTL,CARA,1351,CC-101
SHP06047,11047859,2025-08-17,2025-08-19,2,L025,FAC02,DST20,384,LTL,CARA,1478,CC-102
SHP06048,90214976,2025-08-17,2025-08-19,2,L051,FAC04,DST19,195,LTL,CARD,404,CC-104
SHP06049,93141339,2025-08-17,2025-08-21,4,L003,FAC01,DST06,1183,LTL,CARC,508,CC-101
SHP06050,57516730,2025-08-17,2025-08-19,2,L021,FAC02,DST13,841,TL,CARG,32736,CC-102
SHP06051,29495120,2025-08-18,2025-08-22,4,L030,FAC03,DST08,1199,LTL,CARC,1406,CC-103
SHP06052,45619372,2025-08-18,2025-08-24,6,L047,FAC04,DST15,2368,LTL,CARC,1408,CC-104
SHP06053,12211352,2025-08-18,2025-08-20,2,L023,FAC02,DST18,513,LTL,CARD,1518,CC-102
SHP06054,45044562,2025-08-18,2025-08-22,4,L007,FAC01,DST12,1102,LTL,CARE,3850,CC-101
SHP06055,79285832,2025-08-18,2025-08-20,2,L041,FAC04,DST07,400,LTL,CARA,705,CC-104
SHP06056,91832175,2025-08-18,2025-08-19,1,L025,FAC02,DST20,384,LTL,CARA,1657,CC-102
SHP06057,52445827,2025-08-18,2025-08-20,2,L019,FAC02,DST11,811,LTL,CARD,7500,CC-102
SHP06058,15811922,2025-08-18,2025-08-20,2,L021,FAC02,DST13,841,LTL,CARB,316,CC-102
SHP06059,20756317,2025-08-18,2025-08-24,6,L059,FAC05,DST16,2236,LTL,CARB,2317,CC-105
SHP06060,75910715,2025-08-18,2025-08-20,2,L001,FAC01,DST04,705,LTL,CARC,1649,CC-101
SHP06061,66056075,2025-08-18,2025-08-23,5,L002,FAC01,DST05,1430,LTL,CARB,844,CC-101
SHP06062,85043402,2025-08-18,2025-08-24,6,L048,FAC04,DST16,2410,LTL,CARB,1607,CC-104
SHP06063,22524650,2025-08-18,2025-08-20,2,L006,FAC01,DST10,315,LTL,CARE,692,CC-101
SHP06064,17458371,2025-08-18,2025-08-20,2,L025,FAC02,DST20,384,LTL,CARB,1550,CC-102
SHP06065,06366234,2025-08-18,2025-08-22,4,L017,FAC02,DST09,1090,LTL,CARE,1948,CC-102
SHP06066,47365159,2025-08-18,2025-08-23,5,L049,FAC04,DST17,1818,LTL,CARC,735,CC-104
SHP06067,83379970,2025-08-18,2025-08-22,4,L034,FAC03,DST15,1485,LTL,CARB,918,CC-103
SHP06068,35813799,2025-08-18,2025-08-20,2,L038,FAC04,DST01,571,LTL,CARD,3532,CC-104
SHP06069,93894332,2025-08-18,2025-08-25,7,L047,FAC04,DST15,2368,LTL,CARD,1062,CC-104
SHP06070,48665906,2025-08-18,2025-08-21,3,L017,FAC02,DST09,1090,LTL,CARC,2224,CC-102
SHP06071,83998003,2025-08-18,2025-08-20,2,L039,FAC04,DST03,771,LTL,CARA,2245,CC-104
SHP06072,82342385,2025-08-18,2025-08-19,1,L050,FAC04,DST18,202,TL,CARH,36691,CC-104
SHP06073,88899234,2025-08-18,2025-08-24,6,L059,FAC05,DST16,2236,LTL,CARA,756,CC-105
SHP06074,95775879,2025-08-18,2025-08-20,2,L058,FAC05,DST13,581,LTL,CARA,4150,CC-105
SHP06075,86564506,2025-08-18,2025-08-22,4,L003,FAC01,DST06,1183,LTL,CARD,2806,CC-101
SHP06076,17945667,2025-08-18,2025-08-21,3,L039,FAC04,DST03,771,LTL,CARA,801,CC-104
SHP06077,89303338,2025-08-18,2025-08-20,2,L054,FAC05,DST04,624,LTL,CARE,2883,CC-105
SHP06078,66442607,2025-08-18,2025-08-20,2,L041,FAC04,DST07,400,TL,CARH,19680,CC-104
SHP06079,35110049,2025-08-18,2025-08-20,2,L013,FAC02,DST02,798,LTL,CARA,3921,CC-102
SHP06080,23455581,2025-08-19,2025-08-22,3,L023,FAC02,DST18,513,LTL,CARB,1854,CC-102
SHP06081,68109111,2025-08-19,2025-08-23,4,L053,FAC05,DST03,1362,LTL,CARA,1065,CC-105
SHP06082,46770535,2025-08-19,2025-08-25,6,L009,FAC01,DST16,2079,LTL,CARB,370,CC-101
SHP06083,74853959,2025-08-19,2025-08-22,3,L030,FAC03,DST08,1199,LTL,CARD,2973,CC-103
SHP06084,65002666,2025-08-19,2025-08-21,2,L023,FAC02,DST18,513,LTL,CARD,1790,CC-102
SHP06085,63737147,2025-08-19,2025-08-21,2,L052,FAC04,DST20,227,LTL,CARE,375,CC-104
SHP06086,61572808,2025-08-19,2025-08-22,3,L014,FAC02,DST03,1123,LTL,CARA,482,CC-102
SHP06087,84775733,2025-08-19,2025-08-21,2,L012,FAC01,DST20,323,LTL,CARC,4155,CC-101
SHP06088,97602251,2025-08-19,2025-08-21,2,L011,FAC01,DST18,198,LTL,CARD,5699,CC-101
SHP06089,68435793,2025-08-19,2025-08-21,2,L013,FAC02,DST02,798,LTL,CARA,1126,CC-102
SHP06090,10572044,2025-08-19,2025-08-21,2,L054,FAC05,DST04,624,LTL,CARE,696,CC-105
SHP06091,71483459,2025-08-19,2025-08-24,5,L053,FAC05,DST03,1362,LTL,CARE,3270,CC-105
SHP06092,48712393,2025-08-19,2025-08-21,2,L015,FAC02,DST07,257,LTL,CARD,2075,CC-102
SHP06093,83176409,2025-08-19,2025-08-22,3,L017,FAC02,DST09,1090,TL,CARF,39736,CC-102
SHP06094,43152913,2025-08-19,2025-08-20,1,L056,FAC05,DST07,236,LTL,CARD,1358,CC-105
SHP06095,29193663,2025-08-19,2025-08-21,2,L015,FAC02,DST07,257,LTL,CARD,337,CC-102
SHP06096,53043260,2025-08-19,2025-08-22,3,L030,FAC03,DST08,1199,LTL,CARD,399,CC-103
SHP06097,94361204,2025-08-19,2025-08-25,6,L049,FAC04,DST17,1818,LTL,CARC,1325,CC-104
SHP06098,87835756,2025-08-19,2025-08-20,1,L057,FAC05,DST10,289,LTL,CARE,2071,CC-105
SHP06099,81154760,2025-08-19,2025-08-25,6,L027,FAC03,DST03,1859,LTL,CARA,507,CC-103
SHP06100,37170900,2025-08-19,2025-08-21,2,L013,FAC02,DST02,798,LTL,CARA,193,CC-102
SHP06101,12982790,2025-08-19,2025-08-22,3,L019,FAC02,DST11,811,LTL,CARD,2680,CC-102
SHP06102,51982106,2025-08-19,2025-08-23,4,L040,FAC04,DST05,1193,LTL,CARC,1679,CC-104
SHP06103,42938266,2025-08-19,2025-08-22,3,L007,FAC01,DST12,1102,LTL,CARB,1725,CC-101
SHP06104,32997841,2025-08-19,2025-08-21,2,L001,FAC01,DST04,705,LTL,CARC,1315,CC-101
SHP06105,64673610,2025-08-19,2025-08-23,4,L007,FAC01,DST12,1102,LTL,CARE,1350,CC-101
SHP06106,67157323,2025-08-19,2025-08-22,3,L021,FAC02,DST13,841,LTL,CARB,3210,CC-102
SHP06107,03791546,2025-08-19,2025-08-20,1,L025,FAC02,DST20,384,LTL,CARB,460,CC-102
SHP06108,50418183,2025-08-19,2025-08-22,3,L010,FAC01,DST17,1508,TL,CARG,31682,CC-101
SHP06109,23019518,2025-08-19,2025-08-22,3,L020,FAC02,DST12,1452,TL,CARG,25112,CC-102
SHP06110,13145872,2025-08-19,2025-08-23,4,L028,FAC03,DST04,1114,LTL,CARC,960,CC-103
SHP06111,88687115,2025-08-20,2025-08-23,3,L019,FAC02,DST11,811,LTL,CARC,1146,CC-102
SHP06112,30820891,2025-08-20,2025-08-22,2,L018,FAC02,DST10,561,LTL,CARB,2457,CC-102
SHP06113,22154734,2025-08-20,2025-08-21,1,L057,FAC05,DST10,289,LTL,CARC,1043,CC-105
SHP06114,26711108,2025-08-20,2025-08-25,5,L059,FAC05,DST16,2236,LTL,CARB,1095,CC-105
SHP06115,61371816,2025-08-20,2025-08-23,3,L031,FAC03,DST10,657,LTL,CARC,682,CC-103
SHP06116,86404833,2025-08-20,2025-08-23,3,L024,FAC02,DST19,626,TL,CARH,41826,CC-102
SHP06117,17776199,2025-08-20,2025-08-24,4,L007,FAC01,DST12,1102,LTL,CARB,2784,CC-101
SHP06118,69913442,2025-08-20,2025-08-24,4,L036,FAC03,DST19,1283,LTL,CARD,1498,CC-103
SHP06119,63870758,2025-08-20,2025-08-25,5,L002,FAC01,DST05,1430,LTL,CARE,1123,CC-101
SHP06120,99669898,2025-08-20,2025-08-23,3,L018,FAC02,DST10,561,LTL,CARB,2314,CC-102
SHP06121,91478236,2025-08-20,2025-08-24,4,L007,FAC01,DST12,1102,TL,CARF,41729,CC-101
SHP06122,30447675,2025-08-20,2025-08-23,3,L019,FAC02,DST11,811,LTL,CARD,2099,CC-102
SHP06123,76486455,2025-08-20,2025-08-23,3,L039,FAC04,DST03,771,LTL,CARA,579,CC-104
SHP06124,78682079,2025-08-20,2025-08-22,2,L057,FAC05,DST10,289,LTL,CARE,2696,CC-105
SHP06125,07129910,2025-08-20,2025-08-21,1,L025,FAC02,DST20,384,LTL,CARA,1135,CC-102
SHP06126,67157100,2025-08-20,2025-08-25,5,L002,FAC01,DST05,1430,LTL,CARE,3403,CC-101
SHP06127,33577525,2025-08-20,2025-08-21,1,L012,FAC01,DST20,323,LTL,CARC,1851,CC-101
SHP06128,64752105,2025-08-21,2025-08-23,2,L031,FAC03,DST10,657,TL,CARF,34512,CC-103
SHP06129,61771104,2025-08-21,2025-08-25,4,L010,FAC01,DST17,1508,LTL,CARA,1494,CC-101
SHP06130,41984730,2025-08-21,2025-08-27,6,L046,FAC04,DST14,1996,LTL,CARA,4476,CC-104
SHP06131,24396753,2025-08-21,2025-08-22,1,L012,FAC01,DST20,323,LTL,CARB,567,CC-101
SHP06132,73243135,2025-08-21,2025-08-23,2,L051,FAC04,DST19,195,LTL,CARD,4134,CC-104
SHP06133,14721288,2025-08-21,2025-08-22,1,L005,FAC01,DST08,284,LTL,CARD,1455,CC-101
SHP06134,00985068,2025-08-21,2025-08-27,6,L048,FAC04,DST16,2410,LTL,CARB,874,CC-104
SHP06135,57888529,2025-08-21,2025-08-22,1,L042,FAC04,DST08,197,LTL,CARB,5559,CC-104
SHP06136,55676827,2025-08-21,2025-08-24,3,L040,FAC04,DST05,1193,LTL,CARC,985,CC-104
SHP06137,89787996,2025-08-21,2025-08-22,1,L057,FAC05,DST10,289,LTL,CARE,639,CC-105
SHP06138,12754275,2025-08-21,2025-08-23,2,L032,FAC03,DST11,545,TL,CARH,25439,CC-103
SHP06139,77023543,2025-08-21,2025-08-26,5,L022,FAC02,DST14,1906,LTL,CARC,1625,CC-102
SHP06140,78603564,2025-08-21,2025-08-26,5,L010,FAC01,DST17,1508,LTL,CARC,1908,CC-101
SHP06141,89514637,2025-08-21,2025-08-23,2,L021,FAC02,DST13,841,LTL,CARD,1065,CC-102
SHP06142,75387917,2025-08-21,2025-08-24,3,L055,FAC05,DST06,820,LTL,CARE,1505,CC-105
SHP06143,15408509,2025-08-21,2025-08-26,5,L008,FAC01,DST14,1742,LTL,CARA,512,CC-101
SHP06144,31607136,2025-08-21,2025-08-23,2,L012,FAC01,DST20,323,LTL,CARB,230,CC-101
SHP06145,42072319,2025-08-21,2025-08-26,5,L059,FAC05,DST16,2236,TL,CARH,32499,CC-105
SHP06146,48235333,2025-08-21,2025-08-25,4,L003,FAC01,DST06,1183,LTL,CARC,4172,CC-101
SHP06147,30553085,2025-08-21,2025-08-26,5,L035,FAC03,DST16,2015,LTL,CARA,1767,CC-103
SHP06148,50917752,2025-08-21,2025-08-24,3,L003,FAC01,DST06,1183,LTL,CARC,2448,CC-101
SHP06149,78579181,2025-08-22,2025-08-25,3,L004,FAC01,DST07,477,LTL,CARA,6648,CC-101
SHP06150,48680810,2025-08-22,2025-08-24,2,L058,FAC05,DST13,581,LTL,CARD,3258,CC-105
SHP06151,38284929,2025-08-22,2025-08-26,4,L034,FAC03,DST15,1485,LTL,CARB,1832,CC-103
SHP06152,11223463,2025-08-22,2025-08-24,2,L054,FAC05,DST04,624,TL,CARG,21625,CC-105
SHP06153,89543986,2025-08-22,2025-08-25,3,L054,FAC05,DST04,624,LTL,CARB,834,CC-105
SHP06154,42564749,2025-08-22,2025-08-26,4,L008,FAC01,DST14,1742,LTL,CARA,6970,CC-101
SHP06155,58818783,2025-08-22,2025-08-24,2,L024,FAC02,DST19,626,TL,CARH,16679,CC-102
SHP06156,05285968,2025-08-22,2025-08-26,4,L027,FAC03,DST03,1859,TL,CARH,30008,CC-103
SHP06157,08512878,2025-08-22,2025-08-27,5,L059,FAC05,DST16,2236,LTL,CARA,2310,CC-105
SHP06158,50016734,2025-08-22,2025-08-24,2,L032,FAC03,DST11,545,LTL,CARD,2312,CC-103
SHP06159,36528687,2025-08-22,2025-08-27,5,L034,FAC03,DST15,1485,LTL,CARA,495,CC-103
SHP06160,23801239,2025-08-22,2025-08-28,6,L027,FAC03,DST03,1859,LTL,CARD,4116,CC-103
SHP06161,94398967,2025-08-22,2025-08-24,2,L038,FAC04,DST01,571,LTL,CARD,695,CC-104
SHP06162,44918534,2025-08-22,2025-08-24,2,L057,FAC05,DST10,289,LTL,CARE,425,CC-105
SHP06163,33464032,2025-08-22,2025-08-24,2,L024,FAC02,DST19,626,LTL,CARD,3508,CC-102
SHP06164,29625047,2025-08-22,2025-08-23,1,L011,FAC01,DST18,198,LTL,CARD,525,CC-101
SHP06165,40139284,2025-08-22,2025-08-28,6,L047,FAC04,DST15,2368,LTL,CARD,765,CC-104
SHP06166,86387263,2025-08-22,2025-08-24,2,L057,FAC05,DST10,289,TL,CARH,29953,CC-105
SHP06167,01904221,2025-08-22,2025-08-24,2,L032,FAC03,DST11,545,LTL,CARC,2446,CC-103
SHP06168,67017845,2025-08-22,2025-08-26,4,L003,FAC01,DST06,1183,LTL,CARC,1560,CC-101
SHP06169,24529972,2025-08-22,2025-08-24,2,L045,FAC04,DST11,743,LTL,CARC,1002,CC-104
SHP06170,17533630,2025-08-22,2025-08-24,2,L052,FAC04,DST20,227,LTL,CARE,821,CC-104
SHP06171,43448496,2025-08-22,2025-08-25,3,L039,FAC04,DST03,771,TL,CARG,28790,CC-104
SHP06172,43198217,2025-08-22,2025-08-23,1,L056,FAC05,DST07,236,LTL,CARD,2614,CC-105
SHP06173,33576307,2025-08-22,2025-08-29,7,L048,FAC04,DST16,2410,LTL,CARC,4243,CC-104
SHP06174,94951752,2025-08-22,2025-08-25,3,L021,FAC02,DST13,841,LTL,CARD,283,CC-102
SHP06175,42667501,2025-08-23,2025-08-24,1,L056,FAC05,DST07,236,LTL,CARD,376,CC-105
SHP06176,73601968,2025-08-23,2025-08-26,3,L013,FAC02,DST02,798,LTL,CARB,508,CC-102
SHP06177,74225330,2025-08-23,2025-08-27,4,L033,FAC03,DST14,1061,LTL,CARD,2132,CC-103
SHP06178,72814262,2025-08-23,2025-08-26,3,L004,FAC01,DST07,477,LTL,CARA,2534,CC-101
SHP06179,19209036,2025-08-23,2025-08-25,2,L044,FAC04,DST10,475,LTL,CARB,976,CC-104
SHP06180,70332236,2025-08-23,2025-08-25,2,L042,FAC04,DST08,197,LTL,CARB,4672,CC-104
SHP06181,58353409,2025-08-23,2025-08-25,2,L011,FAC01,DST18,198,TL,CARG,27521,CC-101
SHP06182,72010340,2025-08-23,2025-08-24,1,L011,FAC01,DST18,198,LTL,CARD,920,CC-101
SHP06183,67266142,2025-08-23,2025-08-26,3,L014,FAC02,DST03,1123,LTL,CARA,2477,CC-102
SHP06184,32900358,2025-08-23,2025-08-28,5,L010,FAC01,DST17,1508,LTL,CARA,3523,CC-101
SHP06185,32931618,2025-08-23,2025-08-24,1,L041,FAC04,DST07,400,TL,CARH,22358,CC-104
SHP06186,07570436,2025-08-23,2025-08-24,1,L015,FAC02,DST07,257,TL,CARH,37315,CC-102
SHP06187,37995787,2025-08-23,2025-08-28,5,L035,FAC03,DST16,2015,LTL,CARA,3386,CC-103
SHP06188,62322668,2025-08-23,2025-08-26,3,L019,FAC02,DST11,811,LTL,CARC,4082,CC-102
SHP06189,24293329,2025-08-23,2025-08-27,4,L017,FAC02,DST09,1090,LTL,CARE,3000,CC-102
SHP06190,36309028,2025-08-23,2025-08-26,3,L001,FAC01,DST04,705,LTL,CARC,1616,CC-101
SHP06191,03798235,2025-08-23,2025-08-28,5,L008,FAC01,DST14,1742,LTL,CARE,2476,CC-101
SHP06192,01160217,2025-08-23,2025-08-26,3,L031,FAC03,DST10,657,LTL,CARA,557,CC-103
SHP06193,66611286,2025-08-23,2025-08-26,3,L037,FAC03,DST20,871,LTL,CARD,226,CC-103
SHP06194,74879201,2025-08-23,2025-08-29,6,L009,FAC01,DST16,2079,LTL,CARE,1721,CC-101
SHP06195,29418305,2025-08-23,2025-08-25,2,L019,FAC02,DST11,811,TL,CARH,15565,CC-102
SHP06196,91864991,2025-08-24,2025-08-28,4,L002,FAC01,DST05,1430,TL,CARF,38334,CC-101
SHP06197,49220680,2025-08-24,2025-08-26,2,L052,FAC04,DST20,227,LTL,CARD,870,CC-104
SHP06198,81422155,2025-08-24,2025-08-25,1,L041,FAC04,DST07,400,LTL,CARB,3472,CC-104
SHP06199,61307159,2025-08-24,2025-08-26,2,L041,FAC04,DST07,400,LTL,CARB,2277,CC-104
SHP06200,44609440,2025-08-24,2025-08-27,3,L040,FAC04,DST05,1193,LTL,CARC,679,CC-104
SHP06201,14551972,2025-08-24,2025-08-26,2,L051,FAC04,DST19,195,TL,CARG,25236,CC-104
SHP06202,70589264,2025-08-24,2025-08-26,2,L004,FAC01,DST07,477,LTL,CARC,949,CC-101
SHP06203,73052674,2025-08-24,2025-08-30,6,L009,FAC01,DST16,2079,LTL,CARE,340,CC-101
SHP06204,48135749,2025-08-24,2025-08-27,3,L055,FAC05,DST06,820,LTL,CARE,5177,CC-105
SHP06205,52439192,2025-08-24,2025-08-26,2,L018,FAC02,DST10,561,LTL,CARE,482,CC-102
SHP06206,80199641,2025-08-24,2025-08-27,3,L034,FAC03,DST15,1485,TL,CARG,39040,CC-103
SHP06207,93051469,2025-08-24,2025-08-27,3,L007,FAC01,DST12,1102,TL,CARF,15585,CC-101
SHP06208,94189560,2025-08-24,2025-08-26,2,L038,FAC04,DST01,571,TL,CARF,17195,CC-104
SHP06209,10377005,2025-08-24,2025-08-27,3,L038,FAC04,DST01,571,LTL,CARB,716,CC-104
SHP06210,29547496,2025-08-24,2025-08-28,4,L036,FAC03,DST19,1283,LTL,CARC,630,CC-103
SHP06211,68904985,2025-08-24,2025-08-28,4,L036,FAC03,DST19,1283,LTL,CARC,858,CC-103
SHP06212,21866780,2025-08-24,2025-08-26,2,L050,FAC04,DST18,202,LTL,CARD,2551,CC-104
SHP06213,96514895,2025-08-24,2025-08-26,2,L039,FAC04,DST03,771,TL,CARG,33055,CC-104
SHP06214,17118067,2025-08-24,2025-08-29,5,L020,FAC02,DST12,1452,LTL,CARA,6403,CC-102
SHP06215,62959241,2025-08-24,2025-08-25,1,L056,FAC05,DST07,236,LTL,CARE,969,CC-105
SHP06216,64808964,2025-08-24,2025-08-25,1,L023,FAC02,DST18,513,TL,CARF,21615,CC-102
SHP06217,19377399,2025-08-24,2025-08-27,3,L019,FAC02,DST11,811,LTL,CARD,736,CC-102
SHP06218,10905977,2025-08-24,2025-08-26,2,L013,FAC02,DST02,798,LTL,CARB,555,CC-102
SHP06219,61133856,2025-08-24,2025-08-26,2,L045,FAC04,DST11,743,TL,CARF,28591,CC-104
SHP06220,31959799,2025-08-24,2025-08-30,6,L048,FAC04,DST16,2410,TL,CARG,34556,CC-104
SHP06221,54612922,2025-08-24,2025-08-28,4,L026,FAC03,DST02,1557,LTL,CARA,969,CC-103
SHP06222,68007227,2025-08-25,2025-08-28,3,L018,FAC02,DST10,561,TL,CARH,34043,CC-102
SHP06223,87138418,2025-08-25,2025-08-27,2,L011,FAC01,DST18,198,LTL,CARE,1932,CC-101
SHP06224,15713400,2025-08-25,2025-08-30,5,L047,FAC04,DST15,2368,TL,CARF,38489,CC-104
SHP06225,95338516,2025-08-25,2025-08-27,2,L056,FAC05,DST07,236,LTL,CARD,1969,CC-105
SHP06226,71043318,2025-08-25,2025-08-26,1,L057,FAC05,DST10,289,LTL,CARE,1223,CC-105
SHP06227,09857257,2025-08-25,2025-08-28,3,L038,FAC04,DST01,571,TL,CARF,30585,CC-104
SHP06228,34320162,2025-08-25,2025-08-27,2,L058,FAC05,DST13,581,LTL,CARA,1260,CC-105
SHP06229,89650705,2025-08-25,2025-08-27,2,L052,FAC04,DST20,227,LTL,CARD,1231,CC-104
SHP06230,79446286,2025-08-25,2025-08-27,2,L005,FAC01,DST08,284,LTL,CARB,795,CC-101
SHP06231,69579998,2025-08-25,2025-08-30,5,L034,FAC03,DST15,1485,LTL,CARA,5646,CC-103
SHP06232,38721314,2025-08-25,2025-08-28,3,L040,FAC04,DST05,1193,LTL,CARC,2746,CC-104
SHP06233,76139270,2025-08-25,2025-08-27,2,L031,FAC03,DST10,657,LTL,CARA,939,CC-103
SHP06234,57723487,2025-08-25,2025-08-30,5,L046,FAC04,DST14,1996,LTL,CARB,1593,CC-104
SHP06235,82339175,2025-08-25,2025-08-30,5,L049,FAC04,DST17,1818,LTL,CARA,1895,CC-104
SHP06236,74847061,2025-08-25,2025-08-27,2,L018,FAC02,DST10,561,LTL,CARB,7500,CC-102
SHP06237,84277889,2025-08-25,2025-08-31,6,L022,FAC02,DST14,1906,LTL,CARE,3620,CC-102
SHP06238,41347909,2025-08-25,2025-08-29,4,L014,FAC02,DST03,1123,LTL,CARA,1298,CC-102
SHP06239,59640691,2025-08-25,2025-08-29,4,L009,FAC01,DST16,2079,TL,CARG,17573,CC-101
SHP06240,12805593,2025-08-25,2025-08-27,2,L041,FAC04,DST07,400,TL,CARH,34320,CC-104
SHP06241,57209790,2025-08-25,2025-08-30,5,L022,FAC02,DST14,1906,LTL,CARE,833,CC-102
SHP06242,19824927,2025-08-25,2025-08-31,6,L022,FAC02,DST14,1906,LTL,CARE,728,CC-102
SHP06243,47620529,2025-08-25,2025-08-29,4,L030,FAC03,DST08,1199,LTL,CARC,1992,CC-103
SHP06244,19741830,2025-08-25,2025-08-28,3,L032,FAC03,DST11,545,LTL,CARD,1223,CC-103
SHP06245,17082903,2025-08-25,2025-08-29,4,L053,FAC05,DST03,1362,LTL,CARE,1227,CC-105
SHP06246,68080174,2025-08-25,2025-08-27,2,L052,FAC04,DST20,227,TL,CARF,28005,CC-104
SHP06247,28133256,2025-08-25,2025-08-28,3,L033,FAC03,DST14,1061,TL,CARF,22745,CC-103
SHP06248,46570935,2025-08-25,2025-08-29,4,L008,FAC01,DST14,1742,LTL,CARA,1332,CC-101
SHP06249,71626764,2025-08-25,2025-08-29,4,L029,FAC03,DST05,1333,LTL,CARD,4503,CC-103
SHP06250,24199290,2025-08-25,2025-08-26,1,L041,FAC04,DST07,400,LTL,CARA,406,CC-104
SHP06251,29177865,2025-08-26,2025-08-27,1,L006,FAC01,DST10,315,LTL,CARE,221,CC-101
SHP06252,13301746,2025-08-26,2025-08-31,5,L034,FAC03,DST15,1485,LTL,CARA,661,CC-103
SHP06253,72894436,2025-08-26,2025-08-29,3,L019,FAC02,DST11,811,TL,CARH,39748,CC-102
SHP06254,27626550,2025-08-26,2025-08-28,2,L011,FAC01,DST18,198,LTL,CARE,1318,CC-101
SHP06255,62688300,2025-08-26,2025-09-01,6,L059,FAC05,DST16,2236,LTL,CARA,3505,CC-105
SHP06256,42631182,2025-08-26,2025-08-27,1,L050,FAC04,DST18,202,LTL,CARD,1545,CC-104
SHP06257,27958797,2025-08-26,2025-08-30,4,L036,FAC03,DST19,1283,LTL,CARC,979,CC-103
SHP06258,07931325,2025-08-26,2025-09-02,7,L048,FAC04,DST16,2410,LTL,CARC,832,CC-104
SHP06259,03846923,2025-08-26,2025-08-30,4,L036,FAC03,DST19,1283,TL,CARF,36778,CC-103
SHP06260,64960974,2025-08-26,2025-08-29,3,L019,FAC02,DST11,811,LTL,CARC,1635,CC-102
SHP06261,84481835,2025-08-26,2025-08-29,3,L031,FAC03,DST10,657,TL,CARF,38485,CC-103
SHP06262,56572992,2025-08-26,2025-09-01,6,L048,FAC04,DST16,2410,LTL,CARB,832,CC-104
SHP06263,17998151,2025-08-26,2025-08-27,1,L050,FAC04,DST18,202,LTL,CARD,1085,CC-104
SHP06264,45450121,2025-08-26,2025-08-29,3,L032,FAC03,DST11,545,LTL,CARC,1565,CC-103
SHP06265,58605940,2025-08-26,2025-08-28,2,L015,FAC02,DST07,257,LTL,CARB,547,CC-102
SHP06266,77850910,2025-08-26,2025-08-31,5,L002,FAC01,DST05,1430,LTL,CARE,3624,CC-101
SHP06267,20788039,2025-08-26,2025-08-29,3,L045,FAC04,DST11,743,LTL,CARE,1046,CC-104
SHP06268,16565774,2025-08-26,2025-08-29,3,L045,FAC04,DST11,743,LTL,CARC,4154,CC-104
SHP06269,24273177,2025-08-26,2025-08-29,3,L023,FAC02,DST18,513,LTL,CARD,1994,CC-102
SHP06270,15315929,2025-08-26,2025-08-28,2,L042,FAC04,DST08,197,TL,CARF,18394,CC-104
SHP06271,95348433,2025-08-26,2025-08-31,5,L002,FAC01,DST05,1430,LTL,CARE,366,CC-101
SHP06272,15761026,2025-08-26,2025-08-28,2,L041,FAC04,DST07,400,LTL,CARA,2632,CC-104
SHP06273,80616569,2025-08-26,2025-08-29,3,L016,FAC02,DST08,717,LTL,CARE,1296,CC-102
SHP06274,80140332,2025-08-26,2025-08-29,3,L004,FAC01,DST07,477,LTL,CARA,925,CC-101
SHP06275,64489676,2025-08-27,2025-08-28,1,L006,FAC01,DST10,315,LTL,CARE,824,CC-101
SHP06276,60556442,2025-08-27,2025-08-29,2,L013,FAC02,DST02,798,LTL,CARA,1037,CC-102
SHP06277,87611462,2025-08-27,2025-09-01,5,L035,FAC03,DST16,2015,TL,CARF,20749,CC-103
SHP06278,64512303,2025-08-27,2025-09-02,6,L049,FAC04,DST17,1818,LTL,CARC,3763,CC-104
SHP06279,98742828,2025-08-27,2025-08-31,4,L026,FAC03,DST02,1557,LTL,CARD,801,CC-103
SHP06280,89270913,2025-08-27,2025-08-31,4,L017,FAC02,DST09,1090,LTL,CARC,2929,CC-102
SHP06281,40248459,2025-08-27,2025-08-29,2,L013,FAC02,DST02,798,LTL,CARB,3681,CC-102
SHP06282,78378130,2025-08-27,2025-08-30,3,L034,FAC03,DST15,1485,TL,CARG,15805,CC-103
SHP06283,60370151,2025-08-27,2025-08-29,2,L001,FAC01,DST04,705,LTL,CARC,377,CC-101
SHP06284,33993133,2025-08-27,2025-08-31,4,L040,FAC04,DST05,1193,LTL,CARB,422,CC-104
SHP06285,99822803,2025-08-27,2025-08-31,4,L026,FAC03,DST02,1557,LTL,CARA,2106,CC-103
SHP06286,69173219,2025-08-27,2025-08-28,1,L006,FAC01,DST10,315,LTL,CARE,542,CC-101
SHP06287,78401692,2025-08-27,2025-08-30,3,L017,FAC02,DST09,1090,LTL,CARE,567,CC-102
SHP06288,91583004,2025-08-27,2025-08-28,1,L025,FAC02,DST20,384,LTL,CARB,2046,CC-102
SHP06289,46320974,2025-08-27,2025-08-29,2,L001,FAC01,DST04,705,TL,CARG,38603,CC-101
SHP06290,79626289,2025-08-27,2025-08-30,3,L014,FAC02,DST03,1123,TL,CARH,37128,CC-102
SHP06291,10987136,2025-08-27,2025-08-31,4,L022,FAC02,DST14,1906,TL,CARH,23747,CC-102
SHP06292,68300832,2025-08-27,2025-08-29,2,L045,FAC04,DST11,743,LTL,CARE,2183,CC-104
SHP06293,81513069,2025-08-27,2025-08-30,3,L040,FAC04,DST05,1193,LTL,CARB,2282,CC-104
SHP06294,93753035,2025-08-27,2025-08-30,3,L037,FAC03,DST20,871,LTL,CARE,1934,CC-103
SHP06295,38042449,2025-08-27,2025-08-29,2,L054,FAC05,DST04,624,LTL,CARB,7500,CC-105
SHP06296,90858863,2025-08-27,2025-08-31,4,L040,FAC04,DST05,1193,LTL,CARB,734,CC-104
SHP06297,93064480,2025-08-27,2025-08-29,2,L051,FAC04,DST19,195,LTL,CARD,1173,CC-104
SHP06298,93249717,2025-08-27,2025-08-29,2,L039,FAC04,DST03,771,LTL,CARE,556,CC-104
SHP06299,03003764,2025-08-27,2025-08-30,3,L003,FAC01,DST06,1183,LTL,CARC,705,CC-101
SHP06300,39471557,2025-08-28,2025-08-31,3,L040,FAC04,DST05,1193,LTL,CARC,1512,CC-104
SHP06301,92329266,2025-08-28,2025-08-31,3,L007,FAC01,DST12,1102,LTL,CARE,1891,CC-101
SHP06302,60442626,2025-08-28,2025-08-30,2,L025,FAC02,DST20,384,LTL,CARA,854,CC-102
SHP06303,91491790,2025-08-28,2025-08-29,1,L012,FAC01,DST20,323,LTL,CARB,1891,CC-101
SHP06304,97971441,2025-08-28,2025-08-30,2,L043,FAC04,DST09,753,LTL,CARC,550,CC-104
SHP06305,05675636,2025-08-28,2025-08-31,3,L044,FAC04,DST10,475,LTL,CARE,659,CC-104
SHP06306,46248977,2025-08-28,2025-09-02,5,L026,FAC03,DST02,1557,LTL,CARD,2479,CC-103
SHP06307,90783688,2025-08-28,2025-08-30,2,L005,FAC01,DST08,284,TL,CARG,29666,CC-101
SHP06308,13820593,2025-08-28,2025-08-30,2,L056,FAC05,DST07,236,LTL,CARD,2582,CC-105
SHP06309,06110824,2025-08-28,2025-08-29,1,L052,FAC04,DST20,227,LTL,CARD,1771,CC-104
SHP06310,02848498,2025-08-28,2025-09-02,5,L034,FAC03,DST15,1485,LTL,CARA,1144,CC-103
SHP06311,34227010,2025-08-28,2025-08-30,2,L015,FAC02,DST07,257,LTL,CARB,418,CC-102
SHP06312,85277178,2025-08-28,2025-09-01,4,L028,FAC03,DST04,1114,LTL,CARE,539,CC-103
SHP06313,28700755,2025-08-28,2025-09-01,4,L028,FAC03,DST04,1114,TL,CARG,29746,CC-103
SHP06314,51267652,2025-08-28,2025-08-30,2,L052,FAC04,DST20,227,LTL,CARD,899,CC-104
SHP06315,66660642,2025-08-28,2025-08-30,2,L054,FAC05,DST04,624,LTL,CARE,537,CC-105
SHP06316,14882040,2025-08-28,2025-08-30,2,L056,FAC05,DST07,236,LTL,CARD,1736,CC-105
SHP06317,92916059,2025-08-28,2025-08-30,2,L001,FAC01,DST04,705,LTL,CARC,574,CC-101
SHP06318,05427496,2025-08-28,2025-08-29,1,L011,FAC01,DST18,198,TL,CARG,19406,CC-101
SHP06319,51520693,2025-08-28,2025-08-30,2,L019,FAC02,DST11,811,TL,CARH,39793,CC-102
SHP06320,90939689,2025-08-28,2025-08-30,2,L011,FAC01,DST18,198,LTL,CARE,764,CC-101
SHP06321,65987079,2025-08-28,2025-08-31,3,L031,FAC03,DST10,657,TL,CARF,23454,CC-103
SHP06322,71662932,2025-08-28,2025-08-31,3,L036,FAC03,DST19,1283,LTL,CARC,1447,CC-103
SHP06323,49358234,2025-08-28,2025-08-31,3,L039,FAC04,DST03,771,LTL,CARE,1279,CC-104
SHP06324,67080603,2025-08-28,2025-08-30,2,L005,FAC01,DST08,284,LTL,CARD,1854,CC-101
SHP06325,62010553,2025-08-28,2025-08-30,2,L019,FAC02,DST11,811,LTL,CARC,1152,CC-102
SHP06326,83847036,2025-08-28,2025-08-31,3,L019,FAC02,DST11,811,LTL,CARC,153,CC-102
SHP06327,70927664,2025-08-28,2025-08-31,3,L040,FAC04,DST05,1193,LTL,CARB,3183,CC-104
SHP06328,48178718,2025-08-28,2025-09-02,5,L034,FAC03,DST15,1485,LTL,CARB,961,CC-103
SHP06329,35980722,2025-08-28,2025-08-31,3,L060,FAC05,DST19,791,TL,CARF,29718,CC-105
SHP06330,94817575,2025-08-28,2025-08-30,2,L006,FAC01,DST10,315,TL,CARF,41781,CC-101
SHP06331,61986014,2025-08-28,2025-08-30,2,L044,FAC04,DST10,475,LTL,CARE,2567,CC-104
SHP06332,44920541,2025-08-28,2025-08-30,2,L041,FAC04,DST07,400,LTL,CARA,1745,CC-104
SHP06333,82244470,2025-08-28,2025-09-01,4,L017,FAC02,DST09,1090,LTL,CARE,1729,CC-102
SHP06334,37088971,2025-08-29,2025-09-01,3,L054,FAC05,DST04,624,LTL,CARE,1948,CC-105
SHP06335,08456442,2025-08-29,2025-08-30,1,L052,FAC04,DST20,227,LTL,CARD,2997,CC-104
SHP06336,66989204,2025-08-29,2025-08-30,1,L050,FAC04,DST18,202,LTL,CARC,641,CC-104
SHP06337,69269430,2025-08-29,2025-08-31,2,L051,FAC04,DST19,195,TL,CARG,34231,CC-104
SHP06338,81107791,2025-08-29,2025-09-01,3,L007,FAC01,DST12,1102,TL,CARF,19582,CC-101
SHP06339,41277024,2025-08-29,2025-09-02,4,L033,FAC03,DST14,1061,LTL,CARD,1266,CC-103
SHP06340,13087944,2025-08-29,2025-08-31,2,L051,FAC04,DST19,195,LTL,CARB,917,CC-104
SHP06341,24214245,2025-08-29,2025-08-31,2,L058,FAC05,DST13,581,LTL,CARA,945,CC-105
SHP06342,46052085,2025-08-29,2025-09-02,4,L027,FAC03,DST03,1859,TL,CARH,38329,CC-103
SHP06343,10646983,2025-08-29,2025-09-01,3,L017,FAC02,DST09,1090,LTL,CARE,3098,CC-102
SHP06344,71788430,2025-08-29,2025-09-05,7,L048,FAC04,DST16,2410,LTL,CARB,2042,CC-104
SHP06345,93624261,2025-08-29,2025-09-01,3,L024,FAC02,DST19,626,TL,CARH,37488,CC-102
SHP06346,67862376,2025-08-29,2025-08-31,2,L038,FAC04,DST01,571,LTL,CARB,1059,CC-104
SHP06347,58231685,2025-08-29,2025-08-30,1,L015,FAC02,DST07,257,LTL,CARB,497,CC-102
SHP06348,86758293,2025-08-29,2025-08-31,2,L045,FAC04,DST11,743,LTL,CARE,376,CC-104
SHP06349,96056571,2025-08-29,2025-09-02,4,L053,FAC05,DST03,1362,LTL,CARE,383,CC-105
SHP06350,34110351,2025-08-29,2025-08-30,1,L051,FAC04,DST19,195,LTL,CARB,1863,CC-104
SHP06351,47414600,2025-08-29,2025-09-01,3,L038,FAC04,DST01,571,LTL,CARD,893,CC-104
SHP06352,84867951,2025-08-29,2025-08-31,2,L016,FAC02,DST08,717,LTL,CARC,2700,CC-102
SHP06353,36842796,2025-08-29,2025-08-30,1,L052,FAC04,DST20,227,LTL,CARD,539,CC-104
SHP06354,74333060,2025-08-29,2025-09-01,3,L023,FAC02,DST18,513,LTL,CARD,1450,CC-102
SHP06355,24945165,2025-08-29,2025-09-02,4,L017,FAC02,DST09,1090,LTL,CARC,837,CC-102
SHP06356,46946130,2025-08-29,2025-08-31,2,L023,FAC02,DST18,513,LTL,CARB,2729,CC-102
SHP06357,32655576,2025-08-29,2025-09-02,4,L014,FAC02,DST03,1123,LTL,CARA,1398,CC-102
SHP06358,65621218,2025-08-30,2025-09-01,2,L019,FAC02,DST11,811,LTL,CARC,1013,CC-102
SHP06359,19350598,2025-08-30,2025-09-01,2,L012,FAC01,DST20,323,LTL,CARC,1735,CC-101
SHP06360,96115411,2025-08-30,2025-09-03,4,L026,FAC03,DST02,1557,LTL,CARA,157,CC-103
SHP06361,06975626,2025-08-30,2025-09-05,6,L009,FAC01,DST16,2079,LTL,CARB,634,CC-101
SHP06362,44066531,2025-08-30,2025-09-01,2,L019,FAC02,DST11,811,LTL,CARD,1202,CC-102
SHP06363,49476818,2025-08-30,2025-09-03,4,L035,FAC03,DST16,2015,TL,CARF,40709,CC-103
SHP06364,77732847,2025-08-30,2025-09-04,5,L020,FAC02,DST12,1452,LTL,CARB,757,CC-102
SHP06365,93070690,2025-08-30,2025-09-02,3,L058,FAC05,DST13,581,LTL,CARD,2237,CC-105
SHP06366,13284323,2025-08-30,2025-09-04,5,L022,FAC02,DST14,1906,LTL,CARE,1033,CC-102
SHP06367,10603381,2025-08-30,2025-09-01,2,L054,FAC05,DST04,624,LTL,CARE,232,CC-105
SHP06368,31953799,2025-08-30,2025-09-01,2,L018,FAC02,DST10,561,LTL,CARB,912,CC-102
SHP06369,45944183,2025-08-30,2025-09-02,3,L044,FAC04,DST10,475,LTL,CARB,1061,CC-104
SHP06370,07878431,2025-08-30,2025-09-05,6,L022,FAC02,DST14,1906,LTL,CARC,978,CC-102
SHP06371,45221341,2025-08-30,2025-09-04,5,L026,FAC03,DST02,1557,LTL,CARD,1969,CC-103
SHP06372,73447721,2025-08-30,2025-09-02,3,L040,FAC04,DST05,1193,TL,CARF,18633,CC-104
SHP06373,42691944,2025-08-30,2025-09-01,2,L044,FAC04,DST10,475,LTL,CARE,2241,CC-104
SHP06374,79803016,2025-08-30,2025-09-02,3,L032,FAC03,DST11,545,LTL,CARD,906,CC-103
SHP06375,51241291,2025-08-30,2025-09-02,3,L037,FAC03,DST20,871,LTL,CARD,243,CC-103
SHP06376,93254203,2025-08-30,2025-09-01,2,L016,FAC02,DST08,717,LTL,CARE,1922,CC-102
SHP06377,49946250,2025-08-31,2025-09-04,4,L002,FAC01,DST05,1430,LTL,CARB,1898,CC-101
SHP06378,15623663,2025-08-31,2025-09-06,6,L027,FAC03,DST03,1859,LTL,CARA,1795,CC-103
SHP06379,19400607,2025-08-31,2025-09-05,5,L009,FAC01,DST16,2079,TL,CARG,39413,CC-101
SHP06380,75505892,2025-08-31,2025-09-05,5,L053,FAC05,DST03,1362,LTL,CARA,2560,CC-105
SHP06381,28830523,2025-08-31,2025-09-03,3,L017,FAC02,DST09,1090,LTL,CARE,924,CC-102
SHP06382,66905937,2025-08-31,2025-09-01,1,L012,FAC01,DST20,323,LTL,CARC,2044,CC-101
SHP06383,74627120,2025-08-31,2025-09-03,3,L033,FAC03,DST14,1061,LTL,CARD,6489,CC-103
SHP06384,80836442,2025-08-31,2025-09-01,1,L052,FAC04,DST20,227,TL,CARF,40584,CC-104
SHP06385,11166575,2025-08-31,2025-09-01,1,L025,FAC02,DST20,384,LTL,CARB,324,CC-102
SHP06386,72909046,2025-08-31,2025-09-02,2,L031,FAC03,DST10,657,LTL,CARA,712,CC-103
SHP06387,61662761,2025-08-31,2025-09-02,2,L058,FAC05,DST13,581,LTL,CARA,498,CC-105
SHP06388,18317933,2025-08-31,2025-09-03,3,L004,FAC01,DST07,477,LTL,CARC,2245,CC-101
SHP06389,79345100,2025-08-31,2025-09-04,4,L026,FAC03,DST02,1557,LTL,CARA,4798,CC-103
SHP06390,67507951,2025-08-31,2025-09-02,2,L055,FAC05,DST06,820,LTL,CARE,1055,CC-105
SHP06391,87302601,2025-08-31,2025-09-05,5,L034,FAC03,DST15,1485,LTL,CARA,991,CC-103
SHP06392,49762795,2025-08-31,2025-09-01,1,L025,FAC02,DST20,384,LTL,CARB,637,CC-102
SHP06393,41672778,2025-08-31,2025-09-03,3,L044,FAC04,DST10,475,LTL,CARB,827,CC-104
SHP06394,83495928,2025-08-31,2025-09-04,4,L029,FAC03,DST05,1333,LTL,CARA,6305,CC-103
SHP06395,40485613,2025-08-31,2025-09-07,7,L047,FAC04,DST15,2368,LTL,CARC,1025,CC-104
SHP06396,54668720,2025-08-31,2025-09-06,6,L022,FAC02,DST14,1906,LTL,CARC,5355,CC-102
SHP06397,61766172,2025-08-31,2025-09-02,2,L018,FAC02,DST10,561,LTL,CARB,1002,CC-102
SHP06398,42137642,2025-08-31,2025-09-03,3,L038,FAC04,DST01,571,LTL,CARB,773,CC-104
SHP06399,53196533,2025-08-31,2025-09-05,5,L035,FAC03,DST16,2015,LTL,CARD,6349,CC-103
SHP06400,96288380,2025-08-31,2025-09-02,2,L042,FAC04,DST08,197,LTL,CARC,1572,CC-104
SHP06401,54005275,2025-09-01,2025-09-02,1,L041,FAC04,DST07,400,TL,CARH,19210,CC-104
SHP06402,99529582,2025-09-01,2025-09-03,2,L052,FAC04,DST20,227,LTL,CARD,1254,CC-104
SHP06403,85619264,2025-09-01,2025-09-06,5,L010,FAC01,DST17,1508,LTL,CARC,2121,CC-101
SHP06404,85307954,2025-09-01,2025-09-05,4,L049,FAC04,DST17,1818,TL,CARF,24988,CC-104
SHP06405,15218683,2025-09-01,2025-09-03,2,L011,FAC01,DST18,198,TL,CARG,27200,CC-101
SHP06406,89293028,2025-09-01,2025-09-05,4,L020,FAC02,DST12,1452,LTL,CARB,1300,CC-102
SHP06407,85022199,2025-09-01,2025-09-03,2,L018,FAC02,DST10,561,TL,CARH,24174,CC-102
SHP06408,16051971,2025-09-01,2025-09-03,2,L011,FAC01,DST18,198,TL,CARG,27631,CC-101
SHP06409,34055746,2025-09-01,2025-09-07,6,L047,FAC04,DST15,2368,LTL,CARC,3192,CC-104
SHP06410,44764890,2025-09-01,2025-09-03,2,L045,FAC04,DST11,743,TL,CARF,22576,CC-104
SHP06411,08155882,2025-09-01,2025-09-06,5,L034,FAC03,DST15,1485,LTL,CARA,2031,CC-103
SHP06412,22057816,2025-09-01,2025-09-04,3,L024,FAC02,DST19,626,LTL,CARC,3439,CC-102
SHP06413,83094567,2025-09-01,2025-09-03,2,L025,FAC02,DST20,384,TL,CARG,41497,CC-102
SHP06414,45287821,2025-09-01,2025-09-03,2,L051,FAC04,DST19,195,LTL,CARB,465,CC-104
SHP06415,62969937,2025-09-01,2025-09-05,4,L053,FAC05,DST03,1362,LTL,CARE,1045,CC-105
SHP06416,97420701,2025-09-01,2025-09-02,1,L011,FAC01,DST18,198,LTL,CARE,1024,CC-101
SHP06417,05207630,2025-09-01,2025-09-05,4,L017,FAC02,DST09,1090,LTL,CARE,1984,CC-102
SHP06418,83527285,2025-09-01,2025-09-04,3,L030,FAC03,DST08,1199,LTL,CARD,2926,CC-103
SHP06419,88396056,2025-09-01,2025-09-05,4,L003,FAC01,DST06,1183,LTL,CARD,1891,CC-101
SHP06420,03975748,2025-09-01,2025-09-03,2,L057,FAC05,DST10,289,LTL,CARC,532,CC-105
SHP06421,60081018,2025-09-01,2025-09-03,2,L045,FAC04,DST11,743,LTL,CARE,779,CC-104
SHP06422,36709162,2025-09-01,2025-09-05,4,L036,FAC03,DST19,1283,LTL,CARD,2585,CC-103
SHP06423,87027004,2025-09-01,2025-09-02,1,L042,FAC04,DST08,197,LTL,CARC,1046,CC-104
SHP06424,40054702,2025-09-01,2025-09-05,4,L002,FAC01,DST05,1430,LTL,CARB,1419,CC-101
SHP06425,13656312,2025-09-01,2025-09-03,2,L015,FAC02,DST07,257,LTL,CARD,380,CC-102
SHP06426,82731186,2025-09-01,2025-09-04,3,L055,FAC05,DST06,820,LTL,CARD,182,CC-105
SHP06427,48157729,2025-09-02,2025-09-05,3,L024,FAC02,DST19,626,TL,CARH,18644,CC-102
SHP06428,24006373,2025-09-02,2025-09-05,3,L013,FAC02,DST02,798,LTL,CARB,1072,CC-102
SHP06429,96812063,2025-09-02,2025-09-04,2,L058,FAC05,DST13,581,LTL,CARD,1850,CC-105
SHP06430,68646718,2025-09-02,2025-09-05,3,L044,FAC04,DST10,475,LTL,CARE,710,CC-104
SHP06431,20231600,2025-09-02,2025-09-07,5,L020,FAC02,DST12,1452,LTL,CARA,5582,CC-102
SHP06432,23604771,2025-09-02,2025-09-06,4,L010,FAC01,DST17,1508,LTL,CARA,2613,CC-101
SHP06433,44307804,2025-09-02,2025-09-06,4,L034,FAC03,DST15,1485,LTL,CARA,841,CC-103
SHP06434,34837284,2025-09-02,2025-09-04,2,L041,FAC04,DST07,400,LTL,CARB,2633,CC-104
SHP06435,89433301,2025-09-02,2025-09-04,2,L058,FAC05,DST13,581,LTL,CARA,603,CC-105
SHP06436,79921010,2025-09-02,2025-09-04,2,L044,FAC04,DST10,475,LTL,CARE,305,CC-104
SHP06437,67385682,2025-09-02,2025-09-05,3,L039,FAC04,DST03,771,LTL,CARA,667,CC-104
SHP06438,64256244,2025-09-02,2025-09-06,4,L002,FAC01,DST05,1430,LTL,CARE,1439,CC-101
SHP06439,37800598,2025-09-02,2025-09-07,5,L020,FAC02,DST12,1452,LTL,CARA,971,CC-102
SHP06440,72135026,2025-09-02,2025-09-04,2,L005,FAC01,DST08,284,LTL,CARB,671,CC-101
SHP06441,38928016,2025-09-02,2025-09-08,6,L049,FAC04,DST17,1818,LTL,CARC,2733,CC-104
SHP06442,65897361,2025-09-02,2025-09-04,2,L018,FAC02,DST10,561,LTL,CARE,1211,CC-102
SHP06443,19244324,2025-09-02,2025-09-03,1,L006,FAC01,DST10,315,LTL,CARE,1047,CC-101
SHP06444,83370225,2025-09-02,2025-09-04,2,L018,FAC02,DST10,561,LTL,CARE,1050,CC-102
SHP06445,66034896,2025-09-02,2025-09-05,3,L045,FAC04,DST11,743,LTL,CARE,1654,CC-104
SHP06446,15255340,2025-09-02,2025-09-04,2,L032,FAC03,DST11,545,LTL,CARD,2094,CC-103
SHP06447,02264459,2025-09-02,2025-09-03,1,L042,FAC04,DST08,197,LTL,CARC,606,CC-104
SHP06448,06829145,2025-09-02,2025-09-07,5,L002,FAC01,DST05,1430,LTL,CARB,828,CC-101
SHP06449,24237470,2025-09-02,2025-09-06,4,L014,FAC02,DST03,1123,LTL,CARA,1571,CC-102
SHP06450,88935674,2025-09-02,2025-09-04,2,L004,FAC01,DST07,477,TL,CARH,17048,CC-101
SHP06451,01523664,2025-09-02,2025-09-06,4,L028,FAC03,DST04,1114,LTL,CARC,1041,CC-103
SHP06452,99959960,2025-09-02,2025-09-05,3,L003,FAC01,DST06,1183,LTL,CARC,2373,CC-101
SHP06453,57233322,2025-09-02,2025-09-06,4,L010,FAC01,DST17,1508,TL,CARG,25677,CC-101
SHP06454,29588802,2025-09-03,2025-09-09,6,L035,FAC03,DST16,2015,LTL,CARA,1749,CC-103
SHP06455,95934218,2025-09-03,2025-09-05,2,L044,FAC04,DST10,475,LTL,CARE,1989,CC-104
SHP06456,49450261,2025-09-03,2025-09-07,4,L017,FAC02,DST09,1090,LTL,CARE,1337,CC-102
SHP06457,94324697,2025-09-03,2025-09-09,6,L048,FAC04,DST16,2410,LTL,CARC,960,CC-104
SHP06458,87024016,2025-09-03,2025-09-06,3,L036,FAC03,DST19,1283,LTL,CARD,1798,CC-103
SHP06459,97155752,2025-09-03,2025-09-05,2,L045,FAC04,DST11,743,LTL,CARE,1125,CC-104
SHP06460,07290015,2025-09-03,2025-09-07,4,L033,FAC03,DST14,1061,LTL,CARD,747,CC-103
SHP06461,94774125,2025-09-03,2025-09-05,2,L021,FAC02,DST13,841,LTL,CARB,761,CC-102
SHP06462,22209420,2025-09-03,2025-09-05,2,L054,FAC05,DST04,624,LTL,CARE,1006,CC-105
SHP06463,66602499,2025-09-03,2025-09-05,2,L011,FAC01,DST18,198,LTL,CARD,3104,CC-101
SHP06464,66525972,2025-09-03,2025-09-05,2,L013,FAC02,DST02,798,LTL,CARA,2329,CC-102
SHP06465,49453269,2025-09-03,2025-09-05,2,L016,FAC02,DST08,717,TL,CARG,30540,CC-102
SHP06466,81161325,2025-09-03,2025-09-06,3,L055,FAC05,DST06,820,LTL,CARD,1844,CC-105
SHP06467,08243966,2025-09-03,2025-09-04,1,L050,FAC04,DST18,202,TL,CARH,23880,CC-104
SHP06468,94445099,2025-09-03,2025-09-05,2,L043,FAC04,DST09,753,LTL,CARE,221,CC-104
SHP06469,73833387,2025-09-03,2025-09-07,4,L029,FAC03,DST05,1333,LTL,CARD,3228,CC-103
SHP06470,38978387,2025-09-03,2025-09-05,2,L057,FAC05,DST10,289,LTL,CARC,2156,CC-105
SHP06471,55722082,2025-09-03,2025-09-08,5,L009,FAC01,DST16,2079,LTL,CARE,1713,CC-101
SHP06472,43157968,2025-09-03,2025-09-05,2,L044,FAC04,DST10,475,LTL,CARB,1455,CC-104
SHP06473,73630089,2025-09-03,2025-09-07,4,L029,FAC03,DST05,1333,LTL,CARA,5233,CC-103
SHP06474,65643727,2025-09-03,2025-09-05,2,L011,FAC01,DST18,198,TL,CARG,35905,CC-101
SHP06475,33137114,2025-09-03,2025-09-09,6,L047,FAC04,DST15,2368,TL,CARF,23145,CC-104
SHP06476,84918782,2025-09-03,2025-09-05,2,L018,FAC02,DST10,561,LTL,CARE,682,CC-102
SHP06477,11483881,2025-09-03,2025-09-04,1,L032,FAC03,DST11,545,TL,CARH,21451,CC-103
SHP06478,80104789,2025-09-03,2025-09-06,3,L045,FAC04,DST11,743,LTL,CARE,1832,CC-104
SHP06479,22659354,2025-09-03,2025-09-08,5,L009,FAC01,DST16,2079,LTL,CARB,1344,CC-101
SHP06480,04408739,2025-09-03,2025-09-05,2,L051,FAC04,DST19,195,TL,CARG,16452,CC-104
SHP06481,59469726,2025-09-03,2025-09-05,2,L043,FAC04,DST09,753,LTL,CARE,1669,CC-104
SHP06482,80082855,2025-09-03,2025-09-06,3,L040,FAC04,DST05,1193,LTL,CARC,2909,CC-104
SHP06483,04134626,2025-09-03,2025-09-05,2,L012,FAC01,DST20,323,LTL,CARB,3031,CC-101
SHP06484,69820761,2025-09-03,2025-09-05,2,L032,FAC03,DST11,545,LTL,CARC,1320,CC-103
SHP06485,26175409,2025-09-03,2025-09-04,1,L044,FAC04,DST10,475,TL,CARG,27365,CC-104
SHP06486,27390530,2025-09-03,2025-09-08,5,L049,FAC04,DST17,1818,LTL,CARA,4188,CC-104
SHP06487,59945468,2025-09-03,2025-09-06,3,L017,FAC02,DST09,1090,LTL,CARE,1295,CC-102
SHP06488,71301967,2025-09-03,2025-09-06,3,L014,FAC02,DST03,1123,LTL,CARD,286,CC-102
SHP06489,02384789,2025-09-03,2025-09-07,4,L007,FAC01,DST12,1102,LTL,CARB,1630,CC-101
SHP06490,21728560,2025-09-04,2025-09-07,3,L058,FAC05,DST13,581,LTL,CARD,610,CC-105
SHP06491,52304865,2025-09-04,2025-09-06,2,L044,FAC04,DST10,475,TL,CARG,19626,CC-104
SHP06492,82903757,2025-09-04,2025-09-06,2,L001,FAC01,DST04,705,LTL,CARC,703,CC-101
SHP06493,59442385,2025-09-04,2025-09-08,4,L040,FAC04,DST05,1193,LTL,CARC,1591,CC-104
SHP06494,64136062,2025-09-04,2025-09-09,5,L035,FAC03,DST16,2015,LTL,CARA,2129,CC-103
SHP06495,70223044,2025-09-04,2025-09-07,3,L023,FAC02,DST18,513,LTL,CARB,857,CC-102
SHP06496,25388982,2025-09-04,2025-09-08,4,L010,FAC01,DST17,1508,LTL,CARC,1801,CC-101
SHP06497,03991488,2025-09-04,2025-09-09,5,L046,FAC04,DST14,1996,LTL,CARA,1627,CC-104
SHP06498,54800826,2025-09-04,2025-09-07,3,L032,FAC03,DST11,545,LTL,CARD,591,CC-103
SHP06499,32969017,2025-09-04,2025-09-06,2,L001,FAC01,DST04,705,LTL,CARA,5620,CC-101
SHP06500,72249655,2025-09-04,2025-09-10,6,L047,FAC04,DST15,2368,TL,CARF,22758,CC-104
SHP06501,47968346,2025-09-04,2025-09-06,2,L021,FAC02,DST13,841,LTL,CARB,954,CC-102
SHP06502,72813924,2025-09-04,2025-09-08,4,L014,FAC02,DST03,1123,LTL,CARA,1411,CC-102
SHP06503,07730267,2025-09-04,2025-09-05,1,L041,FAC04,DST07,400,LTL,CARA,281,CC-104
SHP06504,84414269,2025-09-04,2025-09-11,7,L047,FAC04,DST15,2368,LTL,CARC,505,CC-104
SHP06505,32877620,2025-09-04,2025-09-07,3,L001,FAC01,DST04,705,LTL,CARC,6031,CC-101
SHP06506,31813579,2025-09-04,2025-09-07,3,L023,FAC02,DST18,513,LTL,CARD,7500,CC-102
SHP06507,60549455,2025-09-04,2025-09-06,2,L017,FAC02,DST09,1090,TL,CARF,22646,CC-102
SHP06508,36435242,2025-09-04,2025-09-10,6,L048,FAC04,DST16,2410,LTL,CARC,455,CC-104
SHP06509,62975823,2025-09-04,2025-09-07,3,L028,FAC03,DST04,1114,LTL,CARC,907,CC-103
SHP06510,22108969,2025-09-04,2025-09-05,1,L012,FAC01,DST20,323,LTL,CARB,674,CC-101
SHP06511,88168514,2025-09-04,2025-09-05,1,L012,FAC01,DST20,323,TL,CARF,25176,CC-101
SHP06512,32407487,2025-09-04,2025-09-07,3,L054,FAC05,DST04,624,LTL,CARE,738,CC-105
SHP06513,83301385,2025-09-04,2025-09-07,3,L040,FAC04,DST05,1193,LTL,CARC,1274,CC-104
SHP06514,24767114,2025-09-04,2025-09-07,3,L007,FAC01,DST12,1102,TL,CARF,15016,CC-101
SHP06515,28678425,2025-09-05,2025-09-09,4,L028,FAC03,DST04,1114,LTL,CARE,2371,CC-103
SHP06516,63102274,2025-09-05,2025-09-08,3,L018,FAC02,DST10,561,LTL,CARE,3313,CC-102
SHP06517,56639430,2025-09-05,2025-09-07,2,L013,FAC02,DST02,798,LTL,CARA,671,CC-102
SHP06518,01228529,2025-09-05,2025-09-07,2,L012,FAC01,DST20,323,TL,CARF,32912,CC-101
SHP06519,51392489,2025-09-05,2025-09-07,2,L055,FAC05,DST06,820,LTL,CARD,586,CC-105
SHP06520,33294245,2025-09-05,2025-09-08,3,L045,FAC04,DST11,743,LTL,CARC,3133,CC-104
SHP06521,13814966,2025-09-05,2025-09-09,4,L033,FAC03,DST14,1061,LTL,CARD,2020,CC-103
SHP06522,07898048,2025-09-05,2025-09-08,3,L060,FAC05,DST19,791,LTL,CARA,517,CC-105
SHP06523,51354856,2025-09-05,2025-09-07,2,L013,FAC02,DST02,798,LTL,CARB,3302,CC-102
SHP06524,83844035,2025-09-05,2025-09-07,2,L001,FAC01,DST04,705,LTL,CARA,1715,CC-101
SHP06525,97115863,2025-09-05,2025-09-09,4,L029,FAC03,DST05,1333,LTL,CARA,4792,CC-103
SHP06526,21533681,2025-09-05,2025-09-10,5,L046,FAC04,DST14,1996,LTL,CARB,389,CC-104
SHP06527,90304706,2025-09-05,2025-09-07,2,L018,FAC02,DST10,561,LTL,CARB,576,CC-102
SHP06528,48820634,2025-09-05,2025-09-09,4,L003,FAC01,DST06,1183,TL,CARG,39421,CC-101
SHP06529,19571880,2025-09-05,2025-09-08,3,L037,FAC03,DST20,871,LTL,CARD,1041,CC-103
SHP06530,30937919,2025-09-05,2025-09-11,6,L048,FAC04,DST16,2410,LTL,CARB,440,CC-104
SHP06531,71858334,2025-09-05,2025-09-10,5,L020,FAC02,DST12,1452,LTL,CARA,1428,CC-102
SHP06532,07491566,2025-09-05,2025-09-07,2,L012,FAC01,DST20,323,LTL,CARB,2427,CC-101
SHP06533,51705386,2025-09-05,2025-09-06,1,L052,FAC04,DST20,227,TL,CARF,36816,CC-104
SHP06534,22100530,2025-09-05,2025-09-06,1,L023,FAC02,DST18,513,TL,CARF,26249,CC-102
SHP06535,65750986,2025-09-05,2025-09-09,4,L020,FAC02,DST12,1452,TL,CARG,34801,CC-102
SHP06536,04459316,2025-09-05,2025-09-07,2,L033,FAC03,DST14,1061,TL,CARF,27967,CC-103
SHP06537,64505933,2025-09-05,2025-09-07,2,L024,FAC02,DST19,626,LTL,CARD,521,CC-102
SHP06538,88615034,2025-09-05,2025-09-07,2,L056,FAC05,DST07,236,LTL,CARD,1675,CC-105
SHP06539,19849750,2025-09-05,2025-09-08,3,L055,FAC05,DST06,820,TL,CARF,21881,CC-105
SHP06540,42184874,2025-09-05,2025-09-08,3,L033,FAC03,DST14,1061,LTL,CARD,735,CC-103
SHP06541,40634461,2025-09-05,2025-09-07,2,L042,FAC04,DST08,197,TL,CARF,19179,CC-104
SHP06542,27255662,2025-09-05,2025-09-09,4,L022,FAC02,DST14,1906,TL,CARH,33082,CC-102
SHP06543,94225452,2025-09-05,2025-09-08,3,L029,FAC03,DST05,1333,LTL,CARA,969,CC-103
SHP06544,40912974,2025-09-05,2025-09-07,2,L023,FAC02,DST18,513,LTL,CARD,1620,CC-102
SHP06545,80438863,2025-09-05,2025-09-09,4,L002,FAC01,DST05,1430,LTL,CARE,1933,CC-101
SHP06546,45904779,2025-09-05,2025-09-10,5,L002,FAC01,DST05,1430,LTL,CARE,1279,CC-101
SHP06547,40974295,2025-09-05,2025-09-06,1,L006,FAC01,DST10,315,LTL,CARB,577,CC-101
SHP06548,34974337,2025-09-05,2025-09-10,5,L008,FAC01,DST14,1742,LTL,CARE,733,CC-101
SHP06549,45469862,2025-09-05,2025-09-08,3,L058,FAC05,DST13,581,LTL,CARD,2216,CC-105
SHP06550,22433798,2025-09-05,2025-09-09,4,L008,FAC01,DST14,1742,LTL,CARE,2235,CC-101
SHP06551,67920227,2025-09-05,2025-09-08,3,L003,FAC01,DST06,1183,LTL,CARC,250,CC-101
SHP06552,56047559,2025-09-06,2025-09-10,4,L029,FAC03,DST05,1333,LTL,CARD,359,CC-103
SHP06553,25128827,2025-09-06,2025-09-11,5,L046,FAC04,DST14,1996,LTL,CARA,2339,CC-104
SHP06554,48260574,2025-09-06,2025-09-09,3,L040,FAC04,DST05,1193,TL,CARF,38259,CC-104
SHP06555,61953388,2025-09-06,2025-09-08,2,L015,FAC02,DST07,257,LTL,CARD,6306,CC-102
SHP06556,13733919,2025-09-06,2025-09-09,3,L013,FAC02,DST02,798,LTL,CARA,899,CC-102
SHP06557,48250432,2025-09-06,2025-09-08,2,L011,FAC01,DST18,198,TL,CARG,24356,CC-101
SHP06558,73024598,2025-09-06,2025-09-12,6,L059,FAC05,DST16,2236,LTL,CARB,1068,CC-105
SHP06559,72706069,2025-09-06,2025-09-09,3,L017,FAC02,DST09,1090,LTL,CARE,863,CC-102
SHP06560,94230144,2025-09-06,2025-09-11,5,L008,FAC01,DST14,1742,LTL,CARA,1958,CC-101
SHP06561,19205355,2025-09-06,2025-09-08,2,L005,FAC01,DST08,284,LTL,CARD,1502,CC-101
SHP06562,41115632,2025-09-06,2025-09-13,7,L048,FAC04,DST16,2410,LTL,CARC,1473,CC-104
SHP06563,29330320,2025-09-06,2025-09-09,3,L044,FAC04,DST10,475,LTL,CARE,5521,CC-104
SHP06564,70788715,2025-09-06,2025-09-09,3,L004,FAC01,DST07,477,LTL,CARA,829,CC-101
SHP06565,04099175,2025-09-06,2025-09-09,3,L039,FAC04,DST03,771,LTL,CARA,458,CC-104
SHP06566,91930471,2025-09-06,2025-09-09,3,L043,FAC04,DST09,753,LTL,CARE,1277,CC-104
SHP06567,54204019,2025-09-06,2025-09-07,1,L042,FAC04,DST08,197,LTL,CARB,1299,CC-104
SHP06568,27766999,2025-09-06,2025-09-08,2,L005,FAC01,DST08,284,LTL,CARB,2934,CC-101
SHP06569,53910930,2025-09-06,2025-09-09,3,L060,FAC05,DST19,791,LTL,CARA,2512,CC-105
SHP06570,93258067,2025-09-06,2025-09-07,1,L032,FAC03,DST11,545,TL,CARH,20225,CC-103
SHP06571,12869199,2025-09-06,2025-09-09,3,L024,FAC02,DST19,626,LTL,CARD,1436,CC-102
SHP06572,40766256,2025-09-06,2025-09-09,3,L002,FAC01,DST05,1430,TL,CARF,38232,CC-101
SHP06573,10669493,2025-09-06,2025-09-07,1,L032,FAC03,DST11,545,TL,CARH,26187,CC-103
SHP06574,91815496,2025-09-06,2025-09-08,2,L021,FAC02,DST13,841,LTL,CARB,1575,CC-102
SHP06575,96277082,2025-09-06,2025-09-08,2,L041,FAC04,DST07,400,LTL,CARB,692,CC-104
SHP06576,51279029,2025-09-06,2025-09-12,6,L048,FAC04,DST16,2410,TL,CARG,36583,CC-104
SHP06577,54483127,2025-09-06,2025-09-10,4,L026,FAC03,DST02,1557,LTL,CARD,1316,CC-103
SHP06578,28274979,2025-09-06,2025-09-09,3,L014,FAC02,DST03,1123,LTL,CARA,1561,CC-102
SHP06579,14367266,2025-09-06,2025-09-07,1,L057,FAC05,DST10,289,LTL,CARE,852,CC-105
SHP06580,93414257,2025-09-07,2025-09-12,5,L002,FAC01,DST05,1430,LTL,CARB,254,CC-101
SHP06581,88583153,2025-09-07,2025-09-13,6,L046,FAC04,DST14,1996,LTL,CARB,2061,CC-104
SHP06582,06643157,2025-09-07,2025-09-10,3,L001,FAC01,DST04,705,TL,CARG,29464,CC-101
SHP06583,38047176,2025-09-07,2025-09-09,2,L042,FAC04,DST08,197,LTL,CARC,2480,CC-104
SHP06584,63195369,2025-09-07,2025-09-11,4,L033,FAC03,DST14,1061,LTL,CARB,3044,CC-103
SHP06585,14485965,2025-09-07,2025-09-09,2,L056,FAC05,DST07,236,LTL,CARE,1848,CC-105
SHP06586,21636250,2025-09-07,2025-09-10,3,L007,FAC01,DST12,1102,LTL,CARE,1600,CC-101
SHP06587,39887535,2025-09-07,2025-09-10,3,L016,FAC02,DST08,717,LTL,CARE,773,CC-102
SHP06588,88386070,2025-09-07,2025-09-09,2,L054,FAC05,DST04,624,LTL,CARE,1622,CC-105
SHP06589,61375719,2025-09-07,2025-09-11,4,L017,FAC02,DST09,1090,LTL,CARE,438,CC-102
SHP06590,35025093,2025-09-07,2025-09-10,3,L001,FAC01,DST04,705,LTL,CARC,591,CC-101
SHP06591,01283562,2025-09-07,2025-09-08,1,L012,FAC01,DST20,323,TL,CARF,15509,CC-101
SHP06592,03062710,2025-09-07,2025-09-11,4,L002,FAC01,DST05,1430,LTL,CARB,3960,CC-101
SHP06593,50770885,2025-09-07,2025-09-11,4,L053,FAC05,DST03,1362,TL,CARG,31163,CC-105
SHP06594,24458796,2025-09-07,2025-09-12,5,L059,FAC05,DST16,2236,LTL,CARA,1676,CC-105
SHP06595,35067975,2025-09-07,2025-09-13,6,L047,FAC04,DST15,2368,TL,CARF,18777,CC-104
SHP06596,37719028,2025-09-07,2025-09-08,1,L025,FAC02,DST20,384,LTL,CARB,1566,CC-102
SHP06597,74710072,2025-09-07,2025-09-13,6,L027,FAC03,DST03,1859,LTL,CARD,2342,CC-103
SHP06598,35148306,2025-09-07,2025-09-10,3,L030,FAC03,DST08,1199,LTL,CARD,370,CC-103
SHP06599,30359902,2025-09-07,2025-09-09,2,L004,FAC01,DST07,477,TL,CARH,23967,CC-101
SHP06600,99711437,2025-09-07,2025-09-10,3,L013,FAC02,DST02,798,LTL,CARA,2432,CC-102
SHP06601,86487138,2025-09-07,2025-09-08,1,L005,FAC01,DST08,284,LTL,CARD,2723,CC-101
SHP06602,97137557,2025-09-07,2025-09-09,2,L057,FAC05,DST10,289,LTL,CARE,1718,CC-105
SHP06603,34461071,2025-09-07,2025-09-12,5,L059,FAC05,DST16,2236,LTL,CARA,929,CC-105
SHP06604,17414776,2025-09-07,2025-09-11,4,L017,FAC02,DST09,1090,LTL,CARE,700,CC-102
SHP06605,86637808,2025-09-07,2025-09-09,2,L019,FAC02,DST11,811,LTL,CARC,1107,CC-102
SHP06606,15265107,2025-09-07,2025-09-09,2,L006,FAC01,DST10,315,TL,CARF,26650,CC-101
SHP06607,94118983,2025-09-07,2025-09-10,3,L019,FAC02,DST11,811,TL,CARH,27575,CC-102
SHP06608,51799779,2025-09-07,2025-09-10,3,L014,FAC02,DST03,1123,LTL,CARA,171,CC-102
SHP06609,15404211,2025-09-07,2025-09-09,2,L050,FAC04,DST18,202,LTL,CARD,984,CC-104
SHP06610,93989676,2025-09-07,2025-09-08,1,L050,FAC04,DST18,202,LTL,CARC,1391,CC-104
SHP06611,03980561,2025-09-08,2025-09-14,6,L022,FAC02,DST14,1906,LTL,CARE,2035,CC-102
SHP06612,60044619,2025-09-08,2025-09-11,3,L033,FAC03,DST14,1061,LTL,CARB,1066,CC-103
SHP06613,39621984,2025-09-08,2025-09-09,1,L042,FAC04,DST08,197,LTL,CARB,7500,CC-104
SHP06614,60009158,2025-09-08,2025-09-10,2,L017,FAC02,DST09,1090,TL,CARF,36248,CC-102
SHP06615,94848146,2025-09-08,2025-09-12,4,L014,FAC02,DST03,1123,TL,CARH,15026,CC-102
SHP06616,46444813,2025-09-08,2025-09-12,4,L040,FAC04,DST05,1193,LTL,CARC,3261,CC-104
SHP06617,92620303,2025-09-08,2025-09-10,2,L056,FAC05,DST07,236,LTL,CARE,3303,CC-105
SHP06618,41475324,2025-09-08,2025-09-14,6,L048,FAC04,DST16,2410,TL,CARG,39000,CC-104
SHP06619,30382329,2025-09-08,2025-09-10,2,L037,FAC03,DST20,871,LTL,CARD,990,CC-103
SHP06620,33953496,2025-09-08,2025-09-10,2,L025,FAC02,DST20,384,LTL,CARA,723,CC-102
SHP06621,35610326,2025-09-08,2025-09-11,3,L003,FAC01,DST06,1183,LTL,CARC,1051,CC-101
SHP06622,69272023,2025-09-08,2025-09-10,2,L042,FAC04,DST08,197,LTL,CARB,2857,CC-104
SHP06623,18702999,2025-09-08,2025-09-11,3,L016,FAC02,DST08,717,TL,CARG,25892,CC-102
SHP06624,89738007,2025-09-08,2025-09-10,2,L001,FAC01,DST04,705,LTL,CARC,848,CC-101
SHP06625,82796312,2025-09-08,2025-09-11,3,L058,FAC05,DST13,581,TL,CARG,20225,CC-105
SHP06626,94666065,2025-09-08,2025-09-10,2,L050,FAC04,DST18,202,TL,CARH,38214,CC-104
SHP06627,98938961,2025-09-08,2025-09-11,3,L026,FAC03,DST02,1557,TL,CARH,20683,CC-103
SHP06628,18736597,2025-09-08,2025-09-10,2,L050,FAC04,DST18,202,TL,CARH,34252,CC-104
SHP06629,19366793,2025-09-08,2025-09-13,5,L002,FAC01,DST05,1430,LTL,CARB,4148,CC-101
SHP06630,02443964,2025-09-08,2025-09-11,3,L040,FAC04,DST05,1193,LTL,CARC,2665,CC-104
SHP06631,01870691,2025-09-08,2025-09-14,6,L027,FAC03,DST03,1859,LTL,CARD,1524,CC-103
SHP06632,19573438,2025-09-08,2025-09-12,4,L010,FAC01,DST17,1508,LTL,CARA,5198,CC-101
SHP06633,63137481,2025-09-08,2025-09-11,3,L040,FAC04,DST05,1193,LTL,CARC,4419,CC-104
SHP06634,64565856,2025-09-08,2025-09-10,2,L013,FAC02,DST02,798,LTL,CARB,1206,CC-102
SHP06635,50982910,2025-09-08,2025-09-11,3,L004,FAC01,DST07,477,LTL,CARA,207,CC-101
SHP06636,95405925,2025-09-08,2025-09-10,2,L016,FAC02,DST08,717,LTL,CARE,363,CC-102
SHP06637,92410438,2025-09-08,2025-09-09,1,L025,FAC02,DST20,384,TL,CARG,32168,CC-102
SHP06638,91090197,2025-09-08,2025-09-10,2,L044,FAC04,DST10,475,LTL,CARE,2112,CC-104
SHP06639,66011367,2025-09-08,2025-09-10,2,L021,FAC02,DST13,841,TL,CARG,17625,CC-102
SHP06640,81613396,2025-09-09,2025-09-13,4,L030,FAC03,DST08,1199,LTL,CARC,2152,CC-103
SHP06641,67963742,2025-09-09,2025-09-13,4,L010,FAC01,DST17,1508,LTL,CARA,1339,CC-101
SHP06642,98899641,2025-09-09,2025-09-12,3,L038,FAC04,DST01,571,LTL,CARD,2777,CC-104
SHP06643,66710266,2025-09-09,2025-09-15,6,L035,FAC03,DST16,2015,LTL,CARA,3201,CC-103
SHP06644,80763641,2025-09-09,2025-09-11,2,L025,FAC02,DST20,384,LTL,CARB,820,CC-102
SHP06645,46619613,2025-09-09,2025-09-12,3,L058,FAC05,DST13,581,LTL,CARA,450,CC-105
SHP06646,68787185,2025-09-09,2025-09-12,3,L024,FAC02,DST19,626,LTL,CARC,842,CC-102
SHP06647,02141787,2025-09-09,2025-09-15,6,L048,FAC04,DST16,2410,LTL,CARB,1744,CC-104
SHP06648,55532603,2025-09-09,2025-09-12,3,L003,FAC01,DST06,1183,LTL,CARD,443,CC-101
SHP06649,43232643,2025-09-09,2025-09-12,3,L044,FAC04,DST10,475,LTL,CARB,1030,CC-104
SHP06650,76529077,2025-09-09,2025-09-10,1,L051,FAC04,DST19,195,LTL,CARB,427,CC-104
SHP06651,42748537,2025-09-09,2025-09-11,2,L024,FAC02,DST19,626,LTL,CARC,537,CC-102
SHP06652,89359097,2025-09-09,2025-09-10,1,L042,FAC04,DST08,197,LTL,CARB,1708,CC-104
SHP06653,88018579,2025-09-09,2025-09-14,5,L059,FAC05,DST16,2236,LTL,CARB,238,CC-105
SHP06654,05308902,2025-09-09,2025-09-14,5,L009,FAC01,DST16,2079,LTL,CARE,1457,CC-101
SHP06655,90821989,2025-09-09,2025-09-12,3,L024,FAC02,DST19,626,LTL,CARC,1437,CC-102
SHP06656,68129228,2025-09-09,2025-09-15,6,L009,FAC01,DST16,2079,LTL,CARE,1003,CC-101
SHP06657,59992245,2025-09-09,2025-09-11,2,L045,FAC04,DST11,743,LTL,CARE,2276,CC-104
SHP06658,82086490,2025-09-09,2025-09-10,1,L005,FAC01,DST08,284,LTL,CARD,520,CC-101
SHP06659,13584316,2025-09-09,2025-09-10,1,L052,FAC04,DST20,227,LTL,CARE,675,CC-104
SHP06660,14798742,2025-09-09,2025-09-13,4,L010,FAC01,DST17,1508,LTL,CARA,449,CC-101
SHP06661,44972127,2025-09-09,2025-09-14,5,L034,FAC03,DST15,1485,LTL,CARA,2688,CC-103
SHP06662,83557809,2025-09-09,2025-09-14,5,L009,FAC01,DST16,2079,LTL,CARE,1277,CC-101
SHP06663,27659872,2025-09-09,2025-09-10,1,L042,FAC04,DST08,197,LTL,CARC,1190,CC-104
SHP06664,39078258,2025-09-09,2025-09-11,2,L039,FAC04,DST03,771,LTL,CARA,2713,CC-104
SHP06665,40831881,2025-09-09,2025-09-15,6,L022,FAC02,DST14,1906,LTL,CARE,5599,CC-102
SHP06666,79248485,2025-09-09,2025-09-14,5,L022,FAC02,DST14,1906,LTL,CARC,1565,CC-102
SHP06667,36257310,2025-09-09,2025-09-10,1,L052,FAC04,DST20,227,LTL,CARD,4421,CC-104
SHP06668,42509402,2025-09-09,2025-09-13,4,L033,FAC03,DST14,1061,LTL,CARB,468,CC-103
SHP06669,43490603,2025-09-09,2025-09-12,3,L019,FAC02,DST11,811,LTL,CARD,7500,CC-102
SHP06670,42420191,2025-09-09,2025-09-11,2,L051,FAC04,DST19,195,LTL,CARB,1797,CC-104
SHP06671,65021765,2025-09-10,2025-09-17,7,L047,FAC04,DST15,2368,LTL,CARD,3889,CC-104
SHP06672,82339268,2025-09-10,2025-09-14,4,L007,FAC01,DST12,1102,TL,CARF,33836,CC-101
SHP06673,15315318,2025-09-10,2025-09-14,4,L010,FAC01,DST17,1508,LTL,CARC,587,CC-101
SHP06674,33518359,2025-09-10,2025-09-11,1,L052,FAC04,DST20,227,LTL,CARD,1067,CC-104
SHP06675,62445675,2025-09-10,2025-09-15,5,L008,FAC01,DST14,1742,LTL,CARE,252,CC-101
SHP06676,07392762,2025-09-10,2025-09-16,6,L022,FAC02,DST14,1906,LTL,CARE,426,CC-102
SHP06677,84426493,2025-09-10,2025-09-13,3,L058,FAC05,DST13,581,LTL,CARD,2247,CC-105
SHP06678,46079862,2025-09-10,2025-09-14,4,L029,FAC03,DST05,1333,LTL,CARD,3414,CC-103
SHP06679,34808975,2025-09-10,2025-09-12,2,L015,FAC02,DST07,257,TL,CARH,17167,CC-102
SHP06680,27528065,2025-09-10,2025-09-13,3,L016,FAC02,DST08,717,TL,CARG,24658,CC-102
SHP06681,29977422,2025-09-10,2025-09-13,3,L038,FAC04,DST01,571,LTL,CARB,6944,CC-104
SHP06682,98601199,2025-09-10,2025-09-13,3,L016,FAC02,DST08,717,LTL,CARE,1321,CC-102
SHP06683,99891095,2025-09-10,2025-09-11,1,L057,FAC05,DST10,289,TL,CARH,39354,CC-105
SHP06684,59003337,2025-09-10,2025-09-12,2,L015,FAC02,DST07,257,LTL,CARB,959,CC-102
SHP06685,68293156,2025-09-10,2025-09-15,5,L022,FAC02,DST14,1906,LTL,CARC,1051,CC-102
SHP06686,63241142,2025-09-10,2025-09-14,4,L040,FAC04,DST05,1193,LTL,CARB,285,CC-104
SHP06687,57480978,2025-09-10,2025-09-14,4,L053,FAC05,DST03,1362,LTL,CARE,1125,CC-105
SHP06688,86044404,2025-09-10,2025-09-12,2,L055,FAC05,DST06,820,TL,CARF,38624,CC-105
SHP06689,11443882,2025-09-10,2025-09-13,3,L055,FAC05,DST06,820,LTL,CARE,592,CC-105
SHP06690,50325359,2025-09-10,2025-09-11,1,L023,FAC02,DST18,513,TL,CARF,37025,CC-102
SHP06691,77638499,2025-09-10,2025-09-13,3,L013,FAC02,DST02,798,LTL,CARA,1241,CC-102
SHP06692,62055493,2025-09-10,2025-09-13,3,L013,FAC02,DST02,798,TL,CARF,38391,CC-102
SHP06693,81078675,2025-09-10,2025-09-14,4,L036,FAC03,DST19,1283,LTL,CARC,263,CC-103
SHP06694,70074896,2025-09-10,2025-09-13,3,L043,FAC04,DST09,753,LTL,CARE,2583,CC-104
SHP06695,95486365,2025-09-10,2025-09-15,5,L035,FAC03,DST16,2015,LTL,CARD,2674,CC-103
SHP06696,19891459,2025-09-10,2025-09-11,1,L041,FAC04,DST07,400,LTL,CARB,491,CC-104
SHP06697,87769483,2025-09-10,2025-09-12,2,L060,FAC05,DST19,791,LTL,CARD,345,CC-105
SHP06698,39456703,2025-09-10,2025-09-12,2,L025,FAC02,DST20,384,LTL,CARA,664,CC-102
SHP06699,84770091,2025-09-10,2025-09-12,2,L038,FAC04,DST01,571,LTL,CARB,707,CC-104
SHP06700,31826172,2025-09-10,2025-09-12,2,L042,FAC04,DST08,197,LTL,CARC,6069,CC-104
SHP06701,39378978,2025-09-11,2025-09-12,1,L015,FAC02,DST07,257,LTL,CARB,2746,CC-102
SHP06702,60208652,2025-09-11,2025-09-14,3,L060,FAC05,DST19,791,LTL,CARA,968,CC-105
SHP06703,43459600,2025-09-11,2025-09-13,2,L004,FAC01,DST07,477,TL,CARH,31141,CC-101
SHP06704,02852815,2025-09-11,2025-09-14,3,L029,FAC03,DST05,1333,LTL,CARD,982,CC-103
SHP06705,39633817,2025-09-11,2025-09-15,4,L020,FAC02,DST12,1452,TL,CARG,38357,CC-102
SHP06706,96065858,2025-09-11,2025-09-16,5,L002,FAC01,DST05,1430,LTL,CARE,1371,CC-101
SHP06707,56771796,2025-09-11,2025-09-14,3,L036,FAC03,DST19,1283,LTL,CARD,757,CC-103
SHP06708,11838868,2025-09-11,2025-09-16,5,L009,FAC01,DST16,2079,LTL,CARE,527,CC-101
SHP06709,92816373,2025-09-11,2025-09-14,3,L001,FAC01,DST04,705,LTL,CARC,367,CC-101
SHP06710,13768898,2025-09-11,2025-09-15,4,L014,FAC02,DST03,1123,TL,CARH,40580,CC-102
SHP06711,65627832,2025-09-11,2025-09-15,4,L040,FAC04,DST05,1193,LTL,CARC,679,CC-104
SHP06712,80188500,2025-09-11,2025-09-14,3,L001,FAC01,DST04,705,LTL,CARA,3294,CC-101
SHP06713,29373116,2025-09-11,2025-09-12,1,L025,FAC02,DST20,384,TL,CARG,36940,CC-102
SHP06714,71925881,2025-09-11,2025-09-13,2,L023,FAC02,DST18,513,LTL,CARB,548,CC-102
SHP06715,37733518,2025-09-11,2025-09-15,4,L010,FAC01,DST17,1508,LTL,CARA,638,CC-101
SHP06716,42784337,2025-09-11,2025-09-16,5,L059,FAC05,DST16,2236,LTL,CARB,1730,CC-105
SHP06717,56726627,2025-09-11,2025-09-12,1,L015,FAC02,DST07,257,LTL,CARB,487,CC-102
SHP06718,41812690,2025-09-11,2025-09-12,1,L056,FAC05,DST07,236,TL,CARG,29891,CC-105
SHP06719,93160647,2025-09-11,2025-09-12,1,L006,FAC01,DST10,315,LTL,CARB,274,CC-101
SHP06720,76087643,2025-09-11,2025-09-14,3,L028,FAC03,DST04,1114,LTL,CARE,1036,CC-103
SHP06721,85023508,2025-09-11,2025-09-16,5,L035,FAC03,DST16,2015,LTL,CARD,328,CC-103
SHP06722,54537121,2025-09-11,2025-09-12,1,L012,FAC01,DST20,323,LTL,CARC,537,CC-101
SHP06723,57673974,2025-09-11,2025-09-14,3,L004,FAC01,DST07,477,LTL,CARC,3339,CC-101
SHP06724,40990909,2025-09-11,2025-09-16,5,L009,FAC01,DST16,2079,LTL,CARE,4774,CC-101
SHP06725,92757316,2025-09-11,2025-09-13,2,L025,FAC02,DST20,384,LTL,CARB,842,CC-102
SHP06726,63629490,2025-09-12,2025-09-14,2,L023,FAC02,DST18,513,LTL,CARB,1188,CC-102
SHP06727,02346897,2025-09-12,2025-09-15,3,L053,FAC05,DST03,1362,TL,CARG,27264,CC-105
SHP06728,40244388,2025-09-12,2025-09-15,3,L017,FAC02,DST09,1090,LTL,CARC,407,CC-102
SHP06729,85337398,2025-09-12,2025-09-15,3,L019,FAC02,DST11,811,LTL,CARC,1164,CC-102
SHP06730,80811522,2025-09-12,2025-09-16,4,L036,FAC03,DST19,1283,LTL,CARD,452,CC-103
SHP06731,39459984,2025-09-12,2025-09-13,1,L042,FAC04,DST08,197,LTL,CARB,2417,CC-104
SHP06732,43899674,2025-09-12,2025-09-17,5,L009,FAC01,DST16,2079,LTL,CARE,2983,CC-101
SHP06733,09621342,2025-09-12,2025-09-15,3,L036,FAC03,DST19,1283,LTL,CARC,1802,CC-103
SHP06734,83035922,2025-09-12,2025-09-14,2,L018,FAC02,DST10,561,LTL,CARE,6994,CC-102
SHP06735,88168271,2025-09-12,2025-09-16,4,L033,FAC03,DST14,1061,LTL,CARD,1177,CC-103
SHP06736,32781945,2025-09-12,2025-09-13,1,L057,FAC05,DST10,289,LTL,CARE,918,CC-105
SHP06737,45347088,2025-09-12,2025-09-13,1,L025,FAC02,DST20,384,LTL,CARA,3638,CC-102
SHP06738,48748200,2025-09-12,2025-09-17,5,L026,FAC03,DST02,1557,LTL,CARD,866,CC-103
SHP06739,07655142,2025-09-12,2025-09-14,2,L012,FAC01,DST20,323,TL,CARF,34971,CC-101
SHP06740,91742662,2025-09-12,2025-09-15,3,L038,FAC04,DST01,571,LTL,CARB,1908,CC-104
SHP06741,76719164,2025-09-12,2025-09-19,7,L047,FAC04,DST15,2368,LTL,CARC,491,CC-104
SHP06742,63759363,2025-09-12,2025-09-16,4,L036,FAC03,DST19,1283,LTL,CARC,713,CC-103
SHP06743,00854220,2025-09-12,2025-09-17,5,L022,FAC02,DST14,1906,LTL,CARE,100,CC-102
SHP06744,56899448,2025-09-12,2025-09-14,2,L018,FAC02,DST10,561,LTL,CARE,4969,CC-102
SHP06745,60709920,2025-09-12,2025-09-17,5,L022,FAC02,DST14,1906,LTL,CARC,4343,CC-102
SHP06746,38699508,2025-09-12,2025-09-15,3,L060,FAC05,DST19,791,TL,CARF,31749,CC-105
SHP06747,66983332,2025-09-12,2025-09-16,4,L002,FAC01,DST05,1430,LTL,CARB,189,CC-101
SHP06748,00410091,2025-09-12,2025-09-14,2,L013,FAC02,DST02,798,LTL,CARB,339,CC-102
SHP06749,37677178,2025-09-12,2025-09-15,3,L029,FAC03,DST05,1333,LTL,CARD,829,CC-103
SHP06750,42115076,2025-09-12,2025-09-15,3,L021,FAC02,DST13,841,LTL,CARD,419,CC-102
SHP06751,99256041,2025-09-12,2025-09-18,6,L027,FAC03,DST03,1859,LTL,CARA,1362,CC-103
SHP06752,60980781,2025-09-12,2025-09-14,2,L041,FAC04,DST07,400,LTL,CARB,3894,CC-104
SHP06753,58988405,2025-09-13,2025-09-17,4,L036,FAC03,DST19,1283,LTL,CARD,1567,CC-103
SHP06754,36041456,2025-09-13,2025-09-18,5,L046,FAC04,DST14,1996,TL,CARF,27251,CC-104
SHP06755,97716456,2025-09-13,2025-09-18,5,L049,FAC04,DST17,1818,LTL,CARC,689,CC-104
SHP06756,28774319,2025-09-13,2025-09-16,3,L045,FAC04,DST11,743,TL,CARF,37129,CC-104
SHP06757,83452055,2025-09-13,2025-09-17,4,L034,FAC03,DST15,1485,LTL,CARB,396,CC-103
SHP06758,73212069,2025-09-13,2025-09-19,6,L009,FAC01,DST16,2079,LTL,CARE,779,CC-101
SHP06759,96072707,2025-09-13,2025-09-19,6,L009,FAC01,DST16,2079,LTL,CARE,965,CC-101
SHP06760,06422616,2025-09-13,2025-09-15,2,L057,FAC05,DST10,289,LTL,CARE,887,CC-105
SHP06761,38449645,2025-09-13,2025-09-15,2,L052,FAC04,DST20,227,LTL,CARD,1145,CC-104
SHP06762,07469304,2025-09-13,2025-09-15,2,L006,FAC01,DST10,315,LTL,CARE,819,CC-101
SHP06763,40947853,2025-09-13,2025-09-17,4,L040,FAC04,DST05,1193,LTL,CARB,608,CC-104
SHP06764,50353549,2025-09-13,2025-09-15,2,L006,FAC01,DST10,315,LTL,CARB,2809,CC-101
SHP06765,13787228,2025-09-13,2025-09-15,2,L024,FAC02,DST19,626,LTL,CARC,779,CC-102
SHP06766,60937726,2025-09-13,2025-09-16,3,L019,FAC02,DST11,811,LTL,CARC,2390,CC-102
SHP06767,86671157,2025-09-13,2025-09-16,3,L030,FAC03,DST08,1199,LTL,CARD,389,CC-103
SHP06768,59286532,2025-09-13,2025-09-15,2,L032,FAC03,DST11,545,TL,CARH,18389,CC-103
SHP06769,13541028,2025-09-13,2025-09-15,2,L019,FAC02,DST11,811,LTL,CARD,1580,CC-102
SHP06770,70109762,2025-09-13,2025-09-14,1,L006,FAC01,DST10,315,LTL,CARB,1137,CC-101
SHP06771,29967038,2025-09-13,2025-09-15,2,L043,FAC04,DST09,753,LTL,CARE,1160,CC-104
SHP06772,97275149,2025-09-13,2025-09-16,3,L045,FAC04,DST11,743,LTL,CARE,1136,CC-104
SHP06773,17330931,2025-09-13,2025-09-17,4,L036,FAC03,DST19,1283,LTL,CARD,453,CC-103
SHP06774,18847274,2025-09-13,2025-09-16,3,L018,FAC02,DST10,561,TL,CARH,33899,CC-102
SHP06775,60458125,2025-09-13,2025-09-14,1,L057,FAC05,DST10,289,LTL,CARC,1402,CC-105
SHP06776,12507625,2025-09-13,2025-09-15,2,L055,FAC05,DST06,820,LTL,CARE,2538,CC-105
SHP06777,94868187,2025-09-13,2025-09-14,1,L011,FAC01,DST18,198,LTL,CARE,1683,CC-101
SHP06778,40813576,2025-09-13,2025-09-17,4,L030,FAC03,DST08,1199,TL,CARF,19974,CC-103
SHP06779,69191573,2025-09-13,2025-09-14,1,L052,FAC04,DST20,227,LTL,CARD,895,CC-104
SHP06780,53228952,2025-09-13,2025-09-16,3,L014,FAC02,DST03,1123,LTL,CARD,678,CC-102
SHP06781,88591950,2025-09-13,2025-09-15,2,L037,FAC03,DST20,871,LTL,CARD,365,CC-103
SHP06782,02602892,2025-09-13,2025-09-18,5,L027,FAC03,DST03,1859,LTL,CARA,979,CC-103
SHP06783,16952876,2025-09-13,2025-09-18,5,L027,FAC03,DST03,1859,TL,CARH,38603,CC-103
SHP06784,37135796,2025-09-13,2025-09-14,1,L005,FAC01,DST08,284,LTL,CARB,1321,CC-101
SHP06785,38337634,2025-09-13,2025-09-17,4,L040,FAC04,DST05,1193,TL,CARF,36183,CC-104
SHP06786,77140691,2025-09-13,2025-09-18,5,L008,FAC01,DST14,1742,LTL,CARE,330,CC-101
SHP06787,64466414,2025-09-13,2025-09-15,2,L060,FAC05,DST19,791,LTL,CARD,3887,CC-105
SHP06788,73003629,2025-09-13,2025-09-17,4,L009,FAC01,DST16,2079,TL,CARG,33920,CC-101
SHP06789,98937988,2025-09-13,2025-09-17,4,L026,FAC03,DST02,1557,LTL,CARD,632,CC-103
SHP06790,75681834,2025-09-13,2025-09-16,3,L060,FAC05,DST19,791,LTL,CARA,235,CC-105
SHP06791,54803300,2025-09-13,2025-09-16,3,L007,FAC01,DST12,1102,TL,CARF,39866,CC-101
SHP06792,21998596,2025-09-13,2025-09-16,3,L045,FAC04,DST11,743,TL,CARF,24006,CC-104
SHP06793,66426804,2025-09-14,2025-09-18,4,L003,FAC01,DST06,1183,LTL,CARD,1408,CC-101
SHP06794,42355440,2025-09-14,2025-09-17,3,L036,FAC03,DST19,1283,TL,CARF,19067,CC-103
SHP06795,02682816,2025-09-14,2025-09-16,2,L039,FAC04,DST03,771,LTL,CARE,2480,CC-104
SHP06796,81389617,2025-09-14,2025-09-16,2,L044,FAC04,DST10,475,LTL,CARB,1127,CC-104
SHP06797,64895194,2025-09-14,2025-09-21,7,L048,FAC04,DST16,2410,LTL,CARC,2606,CC-104
SHP06798,88325959,2025-09-14,2025-09-19,5,L009,FAC01,DST16,2079,TL,CARG,29351,CC-101
SHP06799,90226204,2025-09-14,2025-09-19,5,L048,FAC04,DST16,2410,TL,CARG,19799,CC-104
SHP06800,70387494,2025-09-14,2025-09-16,2,L005,FAC01,DST08,284,TL,CARG,39789,CC-101
SHP06801,84431605,2025-09-14,2025-09-20,6,L035,FAC03,DST16,2015,LTL,CARD,1145,CC-103
SHP06802,51105673,2025-09-14,2025-09-16,2,L024,FAC02,DST19,626,LTL,CARD,437,CC-102
SHP06803,04144591,2025-09-14,2025-09-16,2,L058,FAC05,DST13,581,TL,CARG,36671,CC-105
SHP06804,16045043,2025-09-14,2025-09-19,5,L020,FAC02,DST12,1452,LTL,CARA,1449,CC-102
SHP06805,67721177,2025-09-14,2025-09-19,5,L002,FAC01,DST05,1430,LTL,CARE,923,CC-101
SHP06806,70959684,2025-09-14,2025-09-16,2,L005,FAC01,DST08,284,LTL,CARD,598,CC-101
SHP06807,53720145,2025-09-14,2025-09-16,2,L057,FAC05,DST10,289,LTL,CARC,582,CC-105
SHP06808,46080467,2025-09-14,2025-09-19,5,L035,FAC03,DST16,2015,LTL,CARD,2781,CC-103
SHP06809,86174570,2025-09-14,2025-09-16,2,L031,FAC03,DST10,657,LTL,CARC,1439,CC-103
SHP06810,35453230,2025-09-14,2025-09-17,3,L028,FAC03,DST04,1114,LTL,CARE,1019,CC-103
SHP06811,19364008,2025-09-14,2025-09-17,3,L024,FAC02,DST19,626,LTL,CARD,833,CC-102
SHP06812,17557985,2025-09-14,2025-09-17,3,L013,FAC02,DST02,798,LTL,CARA,796,CC-102
SHP06813,94531425,2025-09-14,2025-09-17,3,L007,FAC01,DST12,1102,LTL,CARE,877,CC-101
SHP06814,22692914,2025-09-14,2025-09-18,4,L029,FAC03,DST05,1333,TL,CARG,41353,CC-103
SHP06815,80270388,2025-09-14,2025-09-20,6,L048,FAC04,DST16,2410,LTL,CARC,3095,CC-104
SHP06816,46787529,2025-09-14,2025-09-15,1,L011,FAC01,DST18,198,LTL,CARD,2719,CC-101
SHP06817,19698112,2025-09-14,2025-09-19,5,L022,FAC02,DST14,1906,TL,CARH,32135,CC-102
SHP06818,82696566,2025-09-14,2025-09-18,4,L026,FAC03,DST02,1557,LTL,CARD,2545,CC-103
SHP06819,88598223,2025-09-14,2025-09-16,2,L021,FAC02,DST13,841,LTL,CARD,2480,CC-102
SHP06820,42388823,2025-09-14,2025-09-16,2,L058,FAC05,DST13,581,LTL,CARA,1572,CC-105
SHP06821,50661317,2025-09-14,2025-09-16,2,L023,FAC02,DST18,513,LTL,CARB,2490,CC-102
SHP06822,37224125,2025-09-14,2025-09-16,2,L011,FAC01,DST18,198,LTL,CARD,1088,CC-101
SHP06823,45962862,2025-09-14,2025-09-16,2,L023,FAC02,DST18,513,TL,CARF,39959,CC-102
SHP06824,24212912,2025-09-14,2025-09-17,3,L032,FAC03,DST11,545,LTL,CARC,1785,CC-103
SHP06825,46930539,2025-09-15,2025-09-18,3,L003,FAC01,DST06,1183,TL,CARG,28699,CC-101
SHP06826,75851307,2025-09-15,2025-09-21,6,L046,FAC04,DST14,1996,LTL,CARA,492,CC-104
SHP06827,05042589,2025-09-15,2025-09-17,2,L013,FAC02,DST02,798,LTL,CARA,2345,CC-102
SHP06828,60270635,2025-09-15,2025-09-17,2,L001,FAC01,DST04,705,LTL,CARC,7500,CC-101
SHP06829,33737831,2025-09-15,2025-09-16,1,L005,FAC01,DST08,284,LTL,CARD,1590,CC-101
SHP06830,64038588,2025-09-15,2025-09-17,2,L011,FAC01,DST18,198,TL,CARG,40827,CC-101
SHP06831,76498413,2025-09-15,2025-09-17,2,L031,FAC03,DST10,657,LTL,CARC,866,CC-103
SHP06832,21026230,2025-09-15,2025-09-16,1,L025,FAC02,DST20,384,LTL,CARA,627,CC-102
SHP06833,65008754,2025-09-15,2025-09-18,3,L036,FAC03,DST19,1283,LTL,CARD,935,CC-103
SHP06834,46922394,2025-09-15,2025-09-18,3,L004,FAC01,DST07,477,LTL,CARA,5912,CC-101
SHP06835,96228981,2025-09-15,2025-09-20,5,L035,FAC03,DST16,2015,LTL,CARA,3074,CC-103
SHP06836,14959614,2025-09-15,2025-09-18,3,L013,FAC02,DST02,798,LTL,CARB,901,CC-102
SHP06837,68142878,2025-09-15,2025-09-17,2,L039,FAC04,DST03,771,LTL,CARA,1395,CC-104
SHP06838,80104954,2025-09-15,2025-09-21,6,L049,FAC04,DST17,1818,LTL,CARA,767,CC-104
SHP06839,10862687,2025-09-15,2025-09-17,2,L043,FAC04,DST09,753,LTL,CARC,379,CC-104
SHP06840,47975000,2025-09-15,2025-09-18,3,L031,FAC03,DST10,657,LTL,CARA,1247,CC-103
SHP06841,46439183,2025-09-15,2025-09-19,4,L029,FAC03,DST05,1333,LTL,CARD,249,CC-103
SHP06842,92616600,2025-09-15,2025-09-19,4,L049,FAC04,DST17,1818,TL,CARF,39340,CC-104
SHP06843,57293605,2025-09-15,2025-09-20,5,L027,FAC03,DST03,1859,LTL,CARD,389,CC-103
SHP06844,80292702,2025-09-15,2025-09-18,3,L031,FAC03,DST10,657,LTL,CARA,2119,CC-103
SHP06845,16755838,2025-09-15,2025-09-18,3,L044,FAC04,DST10,475,LTL,CARE,512,CC-104
SHP06846,65760515,2025-09-15,2025-09-20,5,L059,FAC05,DST16,2236,LTL,CARA,1182,CC-105
SHP06847,90902481,2025-09-15,2025-09-18,3,L007,FAC01,DST12,1102,LTL,CARB,857,CC-101
SHP06848,54513073,2025-09-15,2025-09-19,4,L008,FAC01,DST14,1742,LTL,CARE,2107,CC-101
SHP06849,08592778,2025-09-15,2025-09-19,4,L002,FAC01,DST05,1430,TL,CARF,16054,CC-101
SHP06850,89553422,2025-09-15,2025-09-18,3,L019,FAC02,DST11,811,LTL,CARD,1046,CC-102
SHP06851,98683833,2025-09-15,2025-09-17,2,L031,FAC03,DST10,657,TL,CARF,26409,CC-103
SHP06852,35600554,2025-09-15,2025-09-16,1,L056,FAC05,DST07,236,LTL,CARD,2237,CC-105
SHP06853,09840213,2025-09-15,2025-09-20,5,L053,FAC05,DST03,1362,LTL,CARE,1586,CC-105
SHP06854,71846515,2025-09-15,2025-09-17,2,L056,FAC05,DST07,236,LTL,CARD,1424,CC-105
SHP06855,62239117,2025-09-15,2025-09-17,2,L016,FAC02,DST08,717,LTL,CARE,783,CC-102
SHP06856,89132210,2025-09-15,2025-09-18,3,L055,FAC05,DST06,820,LTL,CARE,1638,CC-105
SHP06857,65153626,2025-09-15,2025-09-16,1,L052,FAC04,DST20,227,TL,CARF,34189,CC-104
SHP06858,31644034,2025-09-15,2025-09-17,2,L037,FAC03,DST20,871,LTL,CARD,1494,CC-103
SHP06859,64280971,2025-09-15,2025-09-18,3,L003,FAC01,DST06,1183,LTL,CARD,2089,CC-101
SHP06860,36780549,2025-09-15,2025-09-18,3,L023,FAC02,DST18,513,LTL,CARB,2498,CC-102
SHP06861,08932048,2025-09-15,2025-09-17,2,L012,FAC01,DST20,323,TL,CARF,27331,CC-101
SHP06862,79100466,2025-09-15,2025-09-21,6,L059,FAC05,DST16,2236,LTL,CARB,1811,CC-105
SHP06863,95135076,2025-09-16,2025-09-19,3,L030,FAC03,DST08,1199,LTL,CARD,1505,CC-103
SHP06864,92848324,2025-09-16,2025-09-18,2,L044,FAC04,DST10,475,LTL,CARE,594,CC-104
SHP06865,76508019,2025-09-16,2025-09-17,1,L025,FAC02,DST20,384,TL,CARG,16040,CC-102
SHP06866,30903514,2025-09-16,2025-09-22,6,L048,FAC04,DST16,2410,TL,CARG,38015,CC-104
SHP06867,26391155,2025-09-16,2025-09-17,1,L044,FAC04,DST10,475,TL,CARG,41095,CC-104
SHP06868,76967965,2025-09-16,2025-09-18,2,L005,FAC01,DST08,284,LTL,CARD,2720,CC-101
SHP06869,92426433,2025-09-16,2025-09-21,5,L059,FAC05,DST16,2236,LTL,CARB,5190,CC-105
SHP06870,03969693,2025-09-16,2025-09-21,5,L022,FAC02,DST14,1906,LTL,CARC,1607,CC-102
SHP06871,64193284,2025-09-16,2025-09-19,3,L036,FAC03,DST19,1283,TL,CARF,24765,CC-103
SHP06872,39342047,2025-09-16,2025-09-21,5,L047,FAC04,DST15,2368,TL,CARF,36844,CC-104
SHP06873,98981363,2025-09-16,2025-09-20,4,L017,FAC02,DST09,1090,LTL,CARE,1312,CC-102
SHP06874,21268096,2025-09-16,2025-09-17,1,L012,FAC01,DST20,323,TL,CARF,40004,CC-101
SHP06875,04765109,2025-09-16,2025-09-20,4,L017,FAC02,DST09,1090,LTL,CARC,198,CC-102
SHP06876,77518189,2025-09-16,2025-09-19,3,L018,FAC02,DST10,561,LTL,CARB,804,CC-102
SHP06877,81171113,2025-09-16,2025-09-21,5,L046,FAC04,DST14,1996,LTL,CARA,1388,CC-104
SHP06878,71585815,2025-09-16,2025-09-18,2,L015,FAC02,DST07,257,TL,CARH,19958,CC-102
SHP06879,92939023,2025-09-16,2025-09-19,3,L021,FAC02,DST13,841,TL,CARG,17529,CC-102
SHP06880,21113937,2025-09-16,2025-09-19,3,L043,FAC04,DST09,753,LTL,CARE,1462,CC-104
SHP06881,44842828,2025-09-16,2025-09-21,5,L053,FAC05,DST03,1362,LTL,CARA,1463,CC-105
SHP06882,28514051,2025-09-16,2025-09-19,3,L023,FAC02,DST18,513,LTL,CARD,2377,CC-102
SHP06883,00378523,2025-09-16,2025-09-19,3,L033,FAC03,DST14,1061,LTL,CARD,460,CC-103
SHP06884,03921429,2025-09-16,2025-09-19,3,L037,FAC03,DST20,871,TL,CARG,40452,CC-103
SHP06885,78318230,2025-09-16,2025-09-22,6,L009,FAC01,DST16,2079,LTL,CARE,1306,CC-101
SHP06886,59583887,2025-09-16,2025-09-21,5,L059,FAC05,DST16,2236,LTL,CARB,327,CC-105
SHP06887,78286942,2025-09-16,2025-09-17,1,L050,FAC04,DST18,202,LTL,CARC,410,CC-104
SHP06888,94052824,2025-09-16,2025-09-18,2,L021,FAC02,DST13,841,LTL,CARD,1124,CC-102
SHP06889,25684331,2025-09-16,2025-09-20,4,L053,FAC05,DST03,1362,TL,CARG,18383,CC-105
SHP06890,58418131,2025-09-16,2025-09-18,2,L013,FAC02,DST02,798,LTL,CARB,1880,CC-102
SHP06891,19181674,2025-09-16,2025-09-18,2,L001,FAC01,DST04,705,LTL,CARA,2277,CC-101
SHP06892,33159348,2025-09-16,2025-09-19,3,L017,FAC02,DST09,1090,TL,CARF,33999,CC-102
SHP06893,99100357,2025-09-16,2025-09-18,2,L023,FAC02,DST18,513,LTL,CARB,961,CC-102
SHP06894,40612834,2025-09-16,2025-09-19,3,L029,FAC03,DST05,1333,LTL,CARD,1278,CC-103
SHP06895,98359893,2025-09-16,2025-09-21,5,L049,FAC04,DST17,1818,LTL,CARC,629,CC-104
SHP06896,24218918,2025-09-16,2025-09-19,3,L016,FAC02,DST08,717,LTL,CARC,2317,CC-102
SHP06897,02656861,2025-09-16,2025-09-19,3,L013,FAC02,DST02,798,LTL,CARB,1376,CC-102
SHP06898,46584827,2025-09-16,2025-09-19,3,L036,FAC03,DST19,1283,TL,CARF,16798,CC-103
SHP06899,11710521,2025-09-16,2025-09-20,4,L002,FAC01,DST05,1430,LTL,CARB,795,CC-101
SHP06900,44129542,2025-09-16,2025-09-19,3,L030,FAC03,DST08,1199,LTL,CARD,626,CC-103
SHP06901,83999476,2025-09-16,2025-09-18,2,L057,FAC05,DST10,289,LTL,CARE,1997,CC-105
SHP06902,10602361,2025-09-16,2025-09-20,4,L033,FAC03,DST14,1061,LTL,CARB,1677,CC-103
SHP06903,61496474,2025-09-17,2025-09-20,3,L018,FAC02,DST10,561,LTL,CARB,1130,CC-102
SHP06904,24377908,2025-09-17,2025-09-21,4,L007,FAC01,DST12,1102,LTL,CARB,1818,CC-101
SHP06905,16186855,2025-09-17,2025-09-20,3,L007,FAC01,DST12,1102,LTL,CARE,1341,CC-101
SHP06906,73841062,2025-09-17,2025-09-22,5,L034,FAC03,DST15,1485,LTL,CARA,663,CC-103
SHP06907,98305567,2025-09-17,2025-09-20,3,L029,FAC03,DST05,1333,LTL,CARA,2452,CC-103
SHP06908,20908539,2025-09-17,2025-09-20,3,L036,FAC03,DST19,1283,TL,CARF,40336,CC-103
SHP06909,32897479,2025-09-17,2025-09-19,2,L039,FAC04,DST03,771,TL,CARG,41302,CC-104
SHP06910,17248096,2025-09-17,2025-09-23,6,L046,FAC04,DST14,1996,LTL,CARA,721,CC-104
SHP06911,97040400,2025-09-17,2025-09-20,3,L060,FAC05,DST19,791,LTL,CARD,1285,CC-105
SHP06912,07666257,2025-09-17,2025-09-21,4,L053,FAC05,DST03,1362,TL,CARG,30431,CC-105
SHP06913,21246017,2025-09-17,2025-09-22,5,L035,FAC03,DST16,2015,LTL,CARD,1311,CC-103
SHP06914,77391169,2025-09-17,2025-09-19,2,L031,FAC03,DST10,657,LTL,CARC,4055,CC-103
SHP06915,76878060,2025-09-17,2025-09-19,2,L006,FAC01,DST10,315,LTL,CARB,156,CC-101
SHP06916,28362100,2025-09-17,2025-09-21,4,L053,FAC05,DST03,1362,LTL,CARA,4392,CC-105
SHP06917,94326089,2025-09-17,2025-09-22,5,L027,FAC03,DST03,1859,LTL,CARA,3836,CC-103
SHP06918,24109542,2025-09-17,2025-09-23,6,L048,FAC04,DST16,2410,TL,CARG,32993,CC-104
SHP06919,19101180,2025-09-17,2025-09-20,3,L014,FAC02,DST03,1123,LTL,CARD,547,CC-102
SHP06920,82539519,2025-09-17,2025-09-20,3,L029,FAC03,DST05,1333,LTL,CARD,797,CC-103
SHP06921,58569475,2025-09-17,2025-09-20,3,L045,FAC04,DST11,743,LTL,CARE,1337,CC-104
SHP06922,44559518,2025-09-17,2025-09-20,3,L055,FAC05,DST06,820,LTL,CARD,2092,CC-105
SHP06923,47221763,2025-09-17,2025-09-20,3,L001,FAC01,DST04,705,LTL,CARA,4578,CC-101
SHP06924,63936895,2025-09-17,2025-09-20,3,L004,FAC01,DST07,477,LTL,CARC,1770,CC-101
SHP06925,58426670,2025-09-17,2025-09-23,6,L059,FAC05,DST16,2236,LTL,CARA,802,CC-105
SHP06926,66576618,2025-09-17,2025-09-18,1,L051,FAC04,DST19,195,LTL,CARB,415,CC-104
SHP06927,15624835,2025-09-17,2025-09-19,2,L054,FAC05,DST04,624,LTL,CARB,3514,CC-105
SHP06928,15853376,2025-09-17,2025-09-19,2,L056,FAC05,DST07,236,LTL,CARE,751,CC-105
SHP06929,06344721,2025-09-17,2025-09-21,4,L002,FAC01,DST05,1430,LTL,CARB,1446,CC-101
SHP06930,15868212,2025-09-17,2025-09-19,2,L016,FAC02,DST08,717,LTL,CARE,895,CC-102
SHP06931,12708739,2025-09-17,2025-09-20,3,L029,FAC03,DST05,1333,LTL,CARA,796,CC-103
SHP06932,06347853,2025-09-17,2025-09-19,2,L015,FAC02,DST07,257,LTL,CARD,1787,CC-102
SHP06933,82754146,2025-09-17,2025-09-19,2,L024,FAC02,DST19,626,LTL,CARC,2094,CC-102
SHP06934,82843601,2025-09-17,2025-09-22,5,L022,FAC02,DST14,1906,LTL,CARE,1980,CC-102
SHP06935,39657585,2025-09-18,2025-09-19,1,L006,FAC01,DST10,315,TL,CARF,30101,CC-101
SHP06936,16354884,2025-09-18,2025-09-21,3,L060,FAC05,DST19,791,LTL,CARA,5664,CC-105
SHP06937,07096630,2025-09-18,2025-09-20,2,L023,FAC02,DST18,513,LTL,CARD,3232,CC-102
SHP06938,71280944,2025-09-18,2025-09-21,3,L029,FAC03,DST05,1333,TL,CARG,18014,CC-103
SHP06939,27892913,2025-09-18,2025-09-25,7,L048,FAC04,DST16,2410,LTL,CARB,888,CC-104
SHP06940,36082259,2025-09-18,2025-09-19,1,L050,FAC04,DST18,202,LTL,CARD,1110,CC-104
SHP06941,21672676,2025-09-18,2025-09-20,2,L024,FAC02,DST19,626,LTL,CARD,1791,CC-102
SHP06942,69041110,2025-09-18,2025-09-20,2,L043,FAC04,DST09,753,LTL,CARE,2997,CC-104
SHP06943,65141681,2025-09-18,2025-09-21,3,L017,FAC02,DST09,1090,LTL,CARE,2933,CC-102
SHP06944,44361772,2025-09-18,2025-09-21,3,L023,FAC02,DST18,513,LTL,CARD,1050,CC-102
SHP06945,21937505,2025-09-18,2025-09-20,2,L052,FAC04,DST20,227,LTL,CARD,441,CC-104
SHP06946,45374270,2025-09-18,2025-09-23,5,L008,FAC01,DST14,1742,TL,CARH,36245,CC-101
SHP06947,53597546,2025-09-18,2025-09-19,1,L052,FAC04,DST20,227,LTL,CARE,664,CC-104
SHP06948,02319027,2025-09-18,2025-09-21,3,L039,FAC04,DST03,771,LTL,CARE,3085,CC-104
SHP06949,40878882,2025-09-18,2025-09-23,5,L048,FAC04,DST16,2410,TL,CARG,18752,CC-104
SHP06950,20915982,2025-09-18,2025-09-24,6,L048,FAC04,DST16,2410,LTL,CARB,1718,CC-104
SHP06951,46277022,2025-09-18,2025-09-20,2,L042,FAC04,DST08,197,LTL,CARC,2027,CC-104
SHP06952,90513137,2025-09-18,2025-09-20,2,L024,FAC02,DST19,626,LTL,CARD,2667,CC-102
SHP06953,91697584,2025-09-18,2025-09-22,4,L028,FAC03,DST04,1114,LTL,CARE,3407,CC-103
SHP06954,79439245,2025-09-18,2025-09-20,2,L060,FAC05,DST19,791,LTL,CARD,3109,CC-105
SHP06955,44239212,2025-09-18,2025-09-21,3,L019,FAC02,DST11,811,LTL,CARC,1691,CC-102
SHP06956,07708208,2025-09-18,2025-09-23,5,L010,FAC01,DST17,1508,LTL,CARA,148,CC-101
SHP06957,68188133,2025-09-18,2025-09-24,6,L048,FAC04,DST16,2410,TL,CARG,41364,CC-104
SHP06958,26045718,2025-09-18,2025-09-22,4,L029,FAC03,DST05,1333,LTL,CARD,827,CC-103
SHP06959,42200526,2025-09-19,2025-09-21,2,L041,FAC04,DST07,400,LTL,CARA,6077,CC-104
SHP06960,98376350,2025-09-19,2025-09-23,4,L020,FAC02,DST12,1452,LTL,CARB,3884,CC-102
SHP06961,81663910,2025-09-19,2025-09-21,2,L005,FAC01,DST08,284,TL,CARG,27531,CC-101
SHP06962,09101949,2025-09-19,2025-09-22,3,L010,FAC01,DST17,1508,TL,CARG,41877,CC-101
SHP06963,66841353,2025-09-19,2025-09-21,2,L052,FAC04,DST20,227,LTL,CARD,1064,CC-104
SHP06964,79763779,2025-09-19,2025-09-25,6,L048,FAC04,DST16,2410,TL,CARG,38465,CC-104
SHP06965,02096364,2025-09-19,2025-09-21,2,L016,FAC02,DST08,717,LTL,CARE,1830,CC-102
SHP06966,28354072,2025-09-19,2025-09-21,2,L004,FAC01,DST07,477,LTL,CARC,1514,CC-101
SHP06967,08174518,2025-09-19,2025-09-21,2,L025,FAC02,DST20,384,LTL,CARB,655,CC-102
SHP06968,63373726,2025-09-19,2025-09-21,2,L058,FAC05,DST13,581,TL,CARG,37672,CC-105
SHP06969,26640825,2025-09-19,2025-09-22,3,L001,FAC01,DST04,705,LTL,CARA,2459,CC-101
SHP06970,27075183,2025-09-19,2025-09-23,4,L034,FAC03,DST15,1485,LTL,CARB,2361,CC-103
SHP06971,68089207,2025-09-19,2025-09-22,3,L036,FAC03,DST19,1283,TL,CARF,28500,CC-103
SHP06972,06499200,2025-09-19,2025-09-21,2,L033,FAC03,DST14,1061,TL,CARF,28299,CC-103
SHP06973,08285963,2025-09-19,2025-09-21,2,L025,FAC02,DST20,384,LTL,CARA,761,CC-102
SHP06974,06040704,2025-09-19,2025-09-24,5,L008,FAC01,DST14,1742,TL,CARH,20369,CC-101
SHP06975,36235731,2025-09-19,2025-09-21,2,L038,FAC04,DST01,571,LTL,CARD,1416,CC-104
SHP06976,48526053,2025-09-19,2025-09-25,6,L046,FAC04,DST14,1996,LTL,CARB,3569,CC-104
SHP06977,50948809,2025-09-19,2025-09-23,4,L029,FAC03,DST05,1333,TL,CARG,15713,CC-103
SHP06978,89824164,2025-09-19,2025-09-22,3,L029,FAC03,DST05,1333,TL,CARG,26567,CC-103
SHP06979,21083380,2025-09-19,2025-09-25,6,L046,FAC04,DST14,1996,LTL,CARA,839,CC-104
SHP06980,41917654,2025-09-19,2025-09-24,5,L002,FAC01,DST05,1430,LTL,CARE,3794,CC-101
SHP06981,99741643,2025-09-19,2025-09-21,2,L056,FAC05,DST07,236,LTL,CARD,2275,CC-105
SHP06982,55268087,2025-09-19,2025-09-21,2,L041,FAC04,DST07,400,TL,CARH,36084,CC-104
SHP06983,58089538,2025-09-19,2025-09-20,1,L050,FAC04,DST18,202,LTL,CARD,890,CC-104
SHP06984,27174798,2025-09-19,2025-09-21,2,L024,FAC02,DST19,626,LTL,CARC,767,CC-102
SHP06985,52487388,2025-09-19,2025-09-21,2,L001,FAC01,DST04,705,LTL,CARA,1932,CC-101
SHP06986,74865089,2025-09-19,2025-09-26,7,L048,FAC04,DST16,2410,LTL,CARB,1303,CC-104
SHP06987,22155555,2025-09-19,2025-09-22,3,L029,FAC03,DST05,1333,TL,CARG,26883,CC-103
SHP06988,62426473,2025-09-19,2025-09-21,2,L045,FAC04,DST11,743,LTL,CARC,802,CC-104
SHP06989,40192632,2025-09-20,2025-09-26,6,L049,FAC04,DST17,1818,LTL,CARA,2716,CC-104
SHP06990,48985540,2025-09-20,2025-09-23,3,L045,FAC04,DST11,743,LTL,CARE,682,CC-104
SHP06991,13171105,2025-09-20,2025-09-22,2,L025,FAC02,DST20,384,LTL,CARB,625,CC-102
SHP06992,62426728,2025-09-20,2025-09-24,4,L034,FAC03,DST15,1485,LTL,CARB,1578,CC-103
SHP06993,58626616,2025-09-20,2025-09-23,3,L058,FAC05,DST13,581,LTL,CARD,1643,CC-105
SHP06994,95344231,2025-09-20,2025-09-24,4,L030,FAC03,DST08,1199,TL,CARF,37339,CC-103
SHP06995,93305662,2025-09-20,2025-09-23,3,L018,FAC02,DST10,561,LTL,CARB,380,CC-102
SHP06996,24399248,2025-09-20,2025-09-23,3,L036,FAC03,DST19,1283,LTL,CARC,2190,CC-103
SHP06997,17131368,2025-09-20,2025-09-24,4,L029,FAC03,DST05,1333,LTL,CARD,1362,CC-103
SHP06998,43877436,2025-09-20,2025-09-25,5,L020,FAC02,DST12,1452,LTL,CARA,960,CC-102
SHP06999,87823937,2025-09-20,2025-09-25,5,L002,FAC01,DST05,1430,LTL,CARB,1244,CC-101
SHP07000,76473535,2025-09-20,2025-09-22,2,L044,FAC04,DST10,475,LTL,CARB,1778,CC-104
SHP07001,16686954,2025-09-20,2025-09-26,6,L009,FAC01,DST16,2079,LTL,CARB,2164,CC-101
SHP07002,14381833,2025-09-20,2025-09-26,6,L009,FAC01,DST16,2079,LTL,CARB,1842,CC-101
SHP07003,32498998,2025-09-20,2025-09-23,3,L014,FAC02,DST03,1123,LTL,CARD,267,CC-102
SHP07004,66075550,2025-09-20,2025-09-25,5,L049,FAC04,DST17,1818,TL,CARF,35793,CC-104
SHP07005,28203314,2025-09-20,2025-09-22,2,L043,FAC04,DST09,753,LTL,CARC,1359,CC-104
SHP07006,23831883,2025-09-20,2025-09-24,4,L053,FAC05,DST03,1362,TL,CARG,39133,CC-105
SHP07007,21256641,2025-09-20,2025-09-24,4,L053,FAC05,DST03,1362,LTL,CARA,391,CC-105
SHP07008,54242098,2025-09-20,2025-09-24,4,L002,FAC01,DST05,1430,TL,CARF,40541,CC-101
SHP07009,19696623,2025-09-20,2025-09-25,5,L026,FAC03,DST02,1557,LTL,CARA,843,CC-103
SHP07010,29867488,2025-09-20,2025-09-21,1,L012,FAC01,DST20,323,LTL,CARB,1639,CC-101
SHP07011,52461876,2025-09-20,2025-09-22,2,L038,FAC04,DST01,571,TL,CARF,37839,CC-104
SHP07012,71283767,2025-09-20,2025-09-22,2,L044,FAC04,DST10,475,LTL,CARB,448,CC-104
SHP07013,22269998,2025-09-20,2025-09-23,3,L014,FAC02,DST03,1123,LTL,CARD,1049,CC-102
SHP07014,54049093,2025-09-20,2025-09-25,5,L046,FAC04,DST14,1996,TL,CARF,33178,CC-104
SHP07015,91802909,2025-09-20,2025-09-22,2,L050,FAC04,DST18,202,LTL,CARC,497,CC-104
SHP07016,73053806,2025-09-20,2025-09-23,3,L038,FAC04,DST01,571,LTL,CARB,293,CC-104
SHP07017,59901896,2025-09-20,2025-09-23,3,L024,FAC02,DST19,626,LTL,CARC,702,CC-102
SHP07018,22934355,2025-09-20,2025-09-24,4,L034,FAC03,DST15,1485,LTL,CARA,1659,CC-103
SHP07019,88441194,2025-09-20,2025-09-23,3,L029,FAC03,DST05,1333,TL,CARG,33512,CC-103
SHP07020,36660890,2025-09-20,2025-09-24,4,L017,FAC02,DST09,1090,LTL,CARC,2519,CC-102
SHP07021,43737302,2025-09-20,2025-09-23,3,L017,FAC02,DST09,1090,LTL,CARC,1065,CC-102
SHP07022,54885853,2025-09-20,2025-09-24,4,L020,FAC02,DST12,1452,LTL,CARB,234,CC-102
SHP07023,53327688,2025-09-20,2025-09-21,1,L050,FAC04,DST18,202,TL,CARH,15889,CC-104
SHP07024,82300512,2025-09-20,2025-09-23,3,L032,FAC03,DST11,545,LTL,CARD,1098,CC-103
SHP07025,56162931,2025-09-20,2025-09-24,4,L003,FAC01,DST06,1183,LTL,CARC,3807,CC-101
SHP07026,07094447,2025-09-20,2025-09-23,3,L037,FAC03,DST20,871,LTL,CARD,3374,CC-103
SHP07027,61978722,2025-09-21,2025-09-22,1,L051,FAC04,DST19,195,LTL,CARD,973,CC-104
SHP07028,09814252,2025-09-21,2025-09-22,1,L041,FAC04,DST07,400,TL,CARH,26459,CC-104
SHP07029,35912925,2025-09-21,2025-09-27,6,L009,FAC01,DST16,2079,LTL,CARB,723,CC-101
SHP07030,26488960,2025-09-21,2025-09-23,2,L050,FAC04,DST18,202,LTL,CARD,3873,CC-104
SHP07031,15717254,2025-09-21,2025-09-23,2,L015,FAC02,DST07,257,LTL,CARD,3170,CC-102
SHP07032,82765185,2025-09-21,2025-09-27,6,L047,FAC04,DST15,2368,TL,CARF,26686,CC-104
SHP07033,68224752,2025-09-21,2025-09-23,2,L039,FAC04,DST03,771,LTL,CARA,664,CC-104
SHP07034,35450219,2025-09-21,2025-09-23,2,L011,FAC01,DST18,198,LTL,CARD,5038,CC-101
SHP07035,25898293,2025-09-21,2025-09-23,2,L058,FAC05,DST13,581,LTL,CARD,759,CC-105
SHP07036,87421761,2025-09-21,2025-09-22,1,L052,FAC04,DST20,227,LTL,CARE,259,CC-104
SHP07037,43590866,2025-09-21,2025-09-24,3,L030,FAC03,DST08,1199,TL,CARF,16600,CC-103
SHP07038,47646361,2025-09-21,2025-09-22,1,L015,FAC02,DST07,257,LTL,CARB,1481,CC-102
SHP07039,31209103,2025-09-21,2025-09-23,2,L043,FAC04,DST09,753,LTL,CARE,372,CC-104
SHP07040,93521381,2025-09-21,2025-09-26,5,L034,FAC03,DST15,1485,LTL,CARA,5069,CC-103
SHP07041,86944942,2025-09-21,2025-09-24,3,L043,FAC04,DST09,753,LTL,CARC,1422,CC-104
SHP07042,89371176,2025-09-21,2025-09-24,3,L044,FAC04,DST10,475,LTL,CARB,804,CC-104
SHP07043,11226147,2025-09-21,2025-09-26,5,L008,FAC01,DST14,1742,LTL,CARA,3343,CC-101
SHP07044,87096291,2025-09-21,2025-09-25,4,L002,FAC01,DST05,1430,TL,CARF,41669,CC-101
SHP07045,03568843,2025-09-21,2025-09-24,3,L043,FAC04,DST09,753,LTL,CARC,3813,CC-104
SHP07046,46425755,2025-09-21,2025-09-24,3,L043,FAC04,DST09,753,LTL,CARE,472,CC-104
SHP07047,91874684,2025-09-21,2025-09-26,5,L035,FAC03,DST16,2015,LTL,CARA,6230,CC-103
SHP07048,60963431,2025-09-21,2025-09-25,4,L036,FAC03,DST19,1283,LTL,CARD,5331,CC-103
SHP07049,43076634,2025-09-21,2025-09-24,3,L045,FAC04,DST11,743,LTL,CARC,1265,CC-104
SHP07050,24159096,2025-09-21,2025-09-25,4,L034,FAC03,DST15,1485,LTL,CARA,1243,CC-103
SHP07051,94199766,2025-09-21,2025-09-22,1,L057,FAC05,DST10,289,LTL,CARE,1609,CC-105
SHP07052,23926064,2025-09-21,2025-09-24,3,L028,FAC03,DST04,1114,TL,CARG,18018,CC-103
SHP07053,16156689,2025-09-22,2025-09-24,2,L037,FAC03,DST20,871,LTL,CARE,1443,CC-103
SHP07054,85368079,2025-09-22,2025-09-24,2,L012,FAC01,DST20,323,LTL,CARC,569,CC-101
SHP07055,54739428,2025-09-22,2025-09-23,1,L041,FAC04,DST07,400,LTL,CARA,1485,CC-104
SHP07056,46693115,2025-09-22,2025-09-27,5,L008,FAC01,DST14,1742,TL,CARH,39904,CC-101
SHP07057,18981456,2025-09-22,2025-09-23,1,L005,FAC01,DST08,284,LTL,CARB,968,CC-101
SHP07058,53327569,2025-09-22,2025-09-25,3,L021,FAC02,DST13,841,LTL,CARB,728,CC-102
SHP07059,10907485,2025-09-22,2025-09-24,2,L025,FAC02,DST20,384,TL,CARG,38289,CC-102
SHP07060,28771144,2025-09-22,2025-09-27,5,L027,FAC03,DST03,1859,LTL,CARA,184,CC-103
SHP07061,66373862,2025-09-22,2025-09-26,4,L036,FAC03,DST19,1283,LTL,CARC,1875,CC-103
SHP07062,23052537,2025-09-22,2025-09-25,3,L053,FAC05,DST03,1362,TL,CARG,40557,CC-105
SHP07063,97438531,2025-09-22,2025-09-28,6,L035,FAC03,DST16,2015,LTL,CARA,1245,CC-103
SHP07064,56193244,2025-09-22,2025-09-27,5,L049,FAC04,DST17,1818,LTL,CARC,1358,CC-104
SHP07065,59151705,2025-09-22,2025-09-25,3,L036,FAC03,DST19,1283,LTL,CARD,3359,CC-103
SHP07066,48743257,2025-09-22,2025-09-24,2,L016,FAC02,DST08,717,LTL,CARC,722,CC-102
SHP07067,66592914,2025-09-22,2025-09-24,2,L044,FAC04,DST10,475,LTL,CARE,2334,CC-104
SHP07068,03482872,2025-09-22,2025-09-24,2,L039,FAC04,DST03,771,LTL,CARA,4563,CC-104
SHP07069,09591659,2025-09-22,2025-09-26,4,L014,FAC02,DST03,1123,LTL,CARA,4053,CC-102
SHP07070,84456777,2025-09-22,2025-09-28,6,L048,FAC04,DST16,2410,LTL,CARB,1286,CC-104
SHP07071,32551297,2025-09-22,2025-09-25,3,L032,FAC03,DST11,545,LTL,CARC,312,CC-103
SHP07072,39455514,2025-09-22,2025-09-28,6,L059,FAC05,DST16,2236,TL,CARH,35354,CC-105
SHP07073,22309845,2025-09-22,2025-09-24,2,L051,FAC04,DST19,195,TL,CARG,22515,CC-104
SHP07074,91708128,2025-09-22,2025-09-23,1,L050,FAC04,DST18,202,LTL,CARC,6410,CC-104
SHP07075,86374492,2025-09-22,2025-09-25,3,L007,FAC01,DST12,1102,LTL,CARB,3161,CC-101
SHP07076,05300434,2025-09-22,2025-09-26,4,L053,FAC05,DST03,1362,TL,CARG,30366,CC-105
SHP07077,82941958,2025-09-22,2025-09-27,5,L049,FAC04,DST17,1818,LTL,CARA,586,CC-104
SHP07078,18687556,2025-09-22,2025-09-24,2,L050,FAC04,DST18,202,LTL,CARD,1781,CC-104
SHP07079,30511427,2025-09-22,2025-09-24,2,L024,FAC02,DST19,626,LTL,CARD,1282,CC-102
SHP07080,71012920,2025-09-22,2025-09-24,2,L056,FAC05,DST07,236,LTL,CARD,1358,CC-105
SHP07081,70268957,2025-09-22,2025-09-27,5,L008,FAC01,DST14,1742,LTL,CARA,2458,CC-101
SHP07082,67061662,2025-09-22,2025-09-24,2,L013,FAC02,DST02,798,LTL,CARB,1013,CC-102
SHP07083,65127909,2025-09-22,2025-09-28,6,L027,FAC03,DST03,1859,LTL,CARD,2142,CC-103
SHP07084,03381362,2025-09-22,2025-09-24,2,L037,FAC03,DST20,871,LTL,CARD,1469,CC-103
SHP07085,98190262,2025-09-22,2025-09-24,2,L006,FAC01,DST10,315,LTL,CARB,839,CC-101
SHP07086,85573384,2025-09-22,2025-09-24,2,L019,FAC02,DST11,811,LTL,CARC,936,CC-102
SHP07087,43551125,2025-09-22,2025-09-24,2,L044,FAC04,DST10,475,LTL,CARB,3354,CC-104
SHP07088,94819266,2025-09-23,2025-09-28,5,L022,FAC02,DST14,1906,LTL,CARE,617,CC-102
SHP07089,62779368,2025-09-23,2025-09-28,5,L008,FAC01,DST14,1742,LTL,CARA,3217,CC-101
SHP07090,58182839,2025-09-23,2025-09-25,2,L043,FAC04,DST09,753,TL,CARH,15682,CC-104
SHP07091,67596688,2025-09-23,2025-09-28,5,L022,FAC02,DST14,1906,LTL,CARC,658,CC-102
SHP07092,85251968,2025-09-23,2025-09-26,3,L001,FAC01,DST04,705,LTL,CARC,592,CC-101
SHP07093,57417520,2025-09-23,2025-09-26,3,L028,FAC03,DST04,1114,LTL,CARC,1929,CC-103
SHP07094,97063136,2025-09-23,2025-09-29,6,L049,FAC04,DST17,1818,LTL,CARC,1505,CC-104
SHP07095,48815541,2025-09-23,2025-09-24,1,L050,FAC04,DST18,202,LTL,CARD,991,CC-104
SHP07096,78893683,2025-09-23,2025-09-24,1,L052,FAC04,DST20,227,TL,CARF,38609,CC-104
SHP07097,65807835,2025-09-23,2025-09-24,1,L057,FAC05,DST10,289,LTL,CARE,306,CC-105
SHP07098,71520274,2025-09-23,2025-09-29,6,L035,FAC03,DST16,2015,LTL,CARA,707,CC-103
SHP07099,35555713,2025-09-23,2025-09-27,4,L026,FAC03,DST02,1557,TL,CARH,31381,CC-103
SHP07100,44833720,2025-09-23,2025-09-24,1,L011,FAC01,DST18,198,LTL,CARE,491,CC-101
SHP07101,41692913,2025-09-23,2025-09-25,2,L044,FAC04,DST10,475,LTL,CARE,903,CC-104
SHP07102,58091675,2025-09-23,2025-09-25,2,L055,FAC05,DST06,820,LTL,CARE,1215,CC-105
SHP07103,19306096,2025-09-23,2025-09-25,2,L011,FAC01,DST18,198,LTL,CARE,1384,CC-101
SHP07104,33697000,2025-09-23,2025-09-28,5,L009,FAC01,DST16,2079,LTL,CARE,988,CC-101
SHP07105,34241121,2025-09-23,2025-09-25,2,L001,FAC01,DST04,705,TL,CARG,19976,CC-101
SHP07106,50908047,2025-09-23,2025-09-27,4,L034,FAC03,DST15,1485,LTL,CARB,403,CC-103
SHP07107,86756535,2025-09-23,2025-09-27,4,L030,FAC03,DST08,1199,LTL,CARD,244,CC-103
SHP07108,22747773,2025-09-23,2025-09-27,4,L020,FAC02,DST12,1452,LTL,CARA,937,CC-102
SHP07109,37177482,2025-09-23,2025-09-26,3,L003,FAC01,DST06,1183,LTL,CARC,586,CC-101
SHP07110,90380138,2025-09-23,2025-09-27,4,L033,FAC03,DST14,1061,LTL,CARB,347,CC-103
SHP07111,65032537,2025-09-23,2025-09-29,6,L046,FAC04,DST14,1996,LTL,CARA,4219,CC-104
SHP07112,76370390,2025-09-24,2025-09-29,5,L027,FAC03,DST03,1859,LTL,CARA,1129,CC-103
SHP07113,44482884,2025-09-24,2025-09-25,1,L056,FAC05,DST07,236,LTL,CARD,6171,CC-105
SHP07114,53791567,2025-09-24,2025-09-30,6,L048,FAC04,DST16,2410,LTL,CARB,1225,CC-104
SHP07115,52317230,2025-09-24,2025-09-30,6,L048,FAC04,DST16,2410,LTL,CARC,4290,CC-104
SHP07116,03653401,2025-09-24,2025-09-29,5,L026,FAC03,DST02,1557,LTL,CARD,2992,CC-103
SHP07117,91964777,2025-09-24,2025-09-26,2,L041,FAC04,DST07,400,LTL,CARA,724,CC-104
SHP07118,13451914,2025-09-24,2025-09-27,3,L037,FAC03,DST20,871,LTL,CARD,1399,CC-103
SHP07119,72349195,2025-09-24,2025-09-28,4,L002,FAC01,DST05,1430,LTL,CARE,2604,CC-101
SHP07120,23131179,2025-09-24,2025-09-28,4,L053,FAC05,DST03,1362,LTL,CARE,769,CC-105
SHP07121,83661707,2025-09-24,2025-09-26,2,L024,FAC02,DST19,626,TL,CARH,21949,CC-102
SHP07122,96624454,2025-09-24,2025-09-28,4,L033,FAC03,DST14,1061,LTL,CARD,1650,CC-103
SHP07123,79059501,2025-09-24,2025-09-25,1,L011,FAC01,DST18,198,TL,CARG,29596,CC-101
SHP07124,95868546,2025-09-24,2025-09-26,2,L055,FAC05,DST06,820,LTL,CARD,1308,CC-105
SHP07125,90186577,2025-09-24,2025-09-26,2,L051,FAC04,DST19,195,LTL,CARD,1696,CC-104
SHP07126,57369902,2025-09-24,2025-09-27,3,L019,FAC02,DST11,811,LTL,CARD,998,CC-102
SHP07127,73239162,2025-09-24,2025-09-28,4,L053,FAC05,DST03,1362,LTL,CARE,269,CC-105
SHP07128,32320472,2025-09-24,2025-09-26,2,L044,FAC04,DST10,475,TL,CARG,19225,CC-104
SHP07129,62723503,2025-09-24,2025-09-28,4,L028,FAC03,DST04,1114,LTL,CARC,1708,CC-103
SHP07130,27093708,2025-09-24,2025-09-27,3,L037,FAC03,DST20,871,LTL,CARD,262,CC-103
SHP07131,13852397,2025-09-24,2025-09-27,3,L039,FAC04,DST03,771,TL,CARG,15128,CC-104
SHP07132,16758899,2025-09-24,2025-09-28,4,L030,FAC03,DST08,1199,LTL,CARD,618,CC-103
SHP07133,03744410,2025-09-24,2025-09-28,4,L027,FAC03,DST03,1859,TL,CARH,16891,CC-103
SHP07134,26724799,2025-09-24,2025-09-26,2,L058,FAC05,DST13,581,LTL,CARD,807,CC-105
SHP07135,20528288,2025-09-24,2025-09-28,4,L017,FAC02,DST09,1090,LTL,CARE,1257,CC-102
SHP07136,27185302,2025-09-24,2025-09-28,4,L003,FAC01,DST06,1183,LTL,CARD,446,CC-101
SHP07137,73226231,2025-09-24,2025-09-29,5,L009,FAC01,DST16,2079,LTL,CARB,1178,CC-101
SHP07138,90295081,2025-09-24,2025-09-27,3,L043,FAC04,DST09,753,LTL,CARE,594,CC-104
SHP07139,75725444,2025-09-24,2025-09-27,3,L004,FAC01,DST07,477,LTL,CARA,1956,CC-101
SHP07140,45586417,2025-09-25,2025-09-28,3,L037,FAC03,DST20,871,LTL,CARE,1546,CC-103
SHP07141,05849720,2025-09-25,2025-09-29,4,L002,FAC01,DST05,1430,LTL,CARE,793,CC-101
SHP07142,78177608,2025-09-25,2025-09-28,3,L004,FAC01,DST07,477,LTL,CARA,636,CC-101
SHP07143,30494765,2025-09-25,2025-09-27,2,L006,FAC01,DST10,315,TL,CARF,35050,CC-101
SHP07144,14145341,2025-09-25,2025-09-28,3,L031,FAC03,DST10,657,LTL,CARA,6798,CC-103
SHP07145,44043263,2025-09-25,2025-09-27,2,L044,FAC04,DST10,475,LTL,CARB,2753,CC-104
SHP07146,94293640,2025-09-25,2025-09-26,1,L051,FAC04,DST19,195,LTL,CARB,1247,CC-104
SHP07147,80149058,2025-09-25,2025-10-01,6,L046,FAC04,DST14,1996,LTL,CARB,3635,CC-104
SHP07148,24730200,2025-09-25,2025-09-28,3,L019,FAC02,DST11,811,LTL,CARD,1080,CC-102
SHP07149,83061676,2025-09-25,2025-09-30,5,L034,FAC03,DST15,1485,LTL,CARB,2888,CC-103
SHP07150,33989924,2025-09-25,2025-09-27,2,L044,FAC04,DST10,475,LTL,CARE,945,CC-104
SHP07151,81197340,2025-09-25,2025-09-27,2,L031,FAC03,DST10,657,LTL,CARC,752,CC-103
SHP07152,87341979,2025-09-25,2025-09-29,4,L053,FAC05,DST03,1362,LTL,CARA,289,CC-105
SHP07153,92557282,2025-09-25,2025-10-01,6,L048,FAC04,DST16,2410,LTL,CARC,631,CC-104
SHP07154,04426257,2025-09-25,2025-09-28,3,L003,FAC01,DST06,1183,LTL,CARD,482,CC-101
SHP07155,64177400,2025-09-25,2025-09-28,3,L021,FAC02,DST13,841,LTL,CARD,1275,CC-102
SHP07156,95118114,2025-09-25,2025-09-26,1,L050,FAC04,DST18,202,LTL,CARD,492,CC-104
SHP07157,93793210,2025-09-25,2025-09-28,3,L055,FAC05,DST06,820,LTL,CARE,812,CC-105
SHP07158,04068651,2025-09-25,2025-09-26,1,L025,FAC02,DST20,384,LTL,CARB,5473,CC-102
SHP07159,78009912,2025-09-25,2025-09-27,2,L015,FAC02,DST07,257,TL,CARH,36931,CC-102
SHP07160,82481320,2025-09-25,2025-09-29,4,L017,FAC02,DST09,1090,LTL,CARC,1772,CC-102
SHP07161,94169240,2025-09-25,2025-09-28,3,L058,FAC05,DST13,581,LTL,CARA,753,CC-105
SHP07162,20316853,2025-09-25,2025-09-28,3,L019,FAC02,DST11,811,LTL,CARC,640,CC-102
SHP07163,01367873,2025-09-25,2025-09-29,4,L053,FAC05,DST03,1362,LTL,CARA,1876,CC-105
SHP07164,86017961,2025-09-25,2025-09-26,1,L006,FAC01,DST10,315,LTL,CARE,434,CC-101
SHP07165,21223230,2025-09-25,2025-09-28,3,L019,FAC02,DST11,811,TL,CARH,26597,CC-102
SHP07166,76522858,2025-09-25,2025-09-30,5,L020,FAC02,DST12,1452,LTL,CARB,812,CC-102
SHP07167,16031078,2025-09-25,2025-09-28,3,L003,FAC01,DST06,1183,TL,CARG,19688,CC-101
SHP07168,79211210,2025-09-25,2025-09-26,1,L051,FAC04,DST19,195,LTL,CARD,840,CC-104
SHP07169,25745220,2025-09-25,2025-09-26,1,L051,FAC04,DST19,195,LTL,CARB,1425,CC-104
SHP07170,45223899,2025-09-25,2025-09-28,3,L043,FAC04,DST09,753,LTL,CARE,2722,CC-104
SHP07171,83781966,2025-09-25,2025-09-30,5,L034,FAC03,DST15,1485,LTL,CARA,724,CC-103
SHP07172,99519873,2025-09-25,2025-09-30,5,L022,FAC02,DST14,1906,LTL,CARE,1308,CC-102
SHP07173,55817214,2025-09-25,2025-10-01,6,L022,FAC02,DST14,1906,LTL,CARC,1813,CC-102
SHP07174,81940556,2025-09-26,2025-09-28,2,L001,FAC01,DST04,705,LTL,CARC,1252,CC-101
SHP07175,16619575,2025-09-26,2025-09-28,2,L044,FAC04,DST10,475,LTL,CARE,3277,CC-104
SHP07176,16384740,2025-09-26,2025-10-01,5,L053,FAC05,DST03,1362,LTL,CARE,828,CC-105
SHP07177,08559878,2025-09-26,2025-09-28,2,L011,FAC01,DST18,198,LTL,CARE,836,CC-101
SHP07178,49750629,2025-09-26,2025-10-02,6,L047,FAC04,DST15,2368,TL,CARF,37407,CC-104
SHP07179,94377851,2025-09-26,2025-09-29,3,L032,FAC03,DST11,545,LTL,CARD,1951,CC-103
SHP07180,47586491,2025-09-26,2025-09-29,3,L007,FAC01,DST12,1102,TL,CARF,24833,CC-101
SHP07181,22330752,2025-09-26,2025-09-30,4,L010,FAC01,DST17,1508,LTL,CARA,313,CC-101
SHP07182,41926557,2025-09-26,2025-09-29,3,L024,FAC02,DST19,626,LTL,CARD,550,CC-102
SHP07183,97990789,2025-09-26,2025-09-28,2,L054,FAC05,DST04,624,TL,CARG,30360,CC-105
SHP07184,61618272,2025-09-26,2025-09-29,3,L024,FAC02,DST19,626,LTL,CARC,2298,CC-102
SHP07185,86076584,2025-09-26,2025-09-29,3,L044,FAC04,DST10,475,LTL,CARE,168,CC-104
SHP07186,90559694,2025-09-26,2025-09-30,4,L010,FAC01,DST17,1508,LTL,CARA,633,CC-101
SHP07187,55271382,2025-09-26,2025-09-30,4,L036,FAC03,DST19,1283,LTL,CARC,648,CC-103
SHP07188,09948801,2025-09-26,2025-09-28,2,L005,FAC01,DST08,284,TL,CARG,18971,CC-101
SHP07189,05416130,2025-09-26,2025-09-28,2,L012,FAC01,DST20,323,TL,CARF,39604,CC-101
SHP07190,21064897,2025-09-26,2025-09-29,3,L038,FAC04,DST01,571,LTL,CARD,709,CC-104
SHP07191,63853640,2025-09-26,2025-09-29,3,L040,FAC04,DST05,1193,TL,CARF,33983,CC-104
SHP07192,16564745,2025-09-26,2025-10-01,5,L027,FAC03,DST03,1859,LTL,CARD,1767,CC-103
SHP07193,99646628,2025-09-26,2025-10-02,6,L048,FAC04,DST16,2410,LTL,CARB,700,CC-104
SHP07194,53803562,2025-09-26,2025-09-29,3,L018,FAC02,DST10,561,LTL,CARE,572,CC-102
SHP07195,00375151,2025-09-26,2025-09-30,4,L030,FAC03,DST08,1199,LTL,CARD,3684,CC-103
SHP07196,50475921,2025-09-26,2025-10-01,5,L034,FAC03,DST15,1485,LTL,CARA,463,CC-103
SHP07197,76663582,2025-09-26,2025-09-28,2,L056,FAC05,DST07,236,TL,CARG,36261,CC-105
SHP07198,45537467,2025-09-26,2025-10-01,5,L008,FAC01,DST14,1742,LTL,CARE,2766,CC-101
SHP07199,03303925,2025-09-26,2025-10-01,5,L035,FAC03,DST16,2015,LTL,CARA,889,CC-103
SHP07200,01294260,2025-09-26,2025-09-28,2,L038,FAC04,DST01,571,LTL,CARD,1068,CC-104
SHP07201,19889730,2025-09-27,2025-09-28,1,L011,FAC01,DST18,198,LTL,CARE,3479,CC-101
SHP07202,91808657,2025-09-27,2025-09-30,3,L044,FAC04,DST10,475,LTL,CARB,1226,CC-104
SHP07203,90658911,2025-09-27,2025-09-29,2,L024,FAC02,DST19,626,TL,CARH,25601,CC-102
SHP07204,98780387,2025-09-27,2025-09-29,2,L042,FAC04,DST08,197,LTL,CARB,704,CC-104
SHP07205,39915994,2025-09-27,2025-09-29,2,L052,FAC04,DST20,227,LTL,CARE,2020,CC-104
SHP07206,21862049,2025-09-27,2025-09-30,3,L021,FAC02,DST13,841,LTL,CARB,1821,CC-102
SHP07207,56321530,2025-09-27,2025-10-01,4,L002,FAC01,DST05,1430,LTL,CARE,413,CC-101
SHP07208,23902864,2025-09-27,2025-10-03,6,L059,FAC05,DST16,2236,LTL,CARB,646,CC-105
SHP07209,88721060,2025-09-27,2025-10-01,4,L008,FAC01,DST14,1742,LTL,CARE,3200,CC-101
SHP07210,47529097,2025-09-27,2025-09-29,2,L058,FAC05,DST13,581,LTL,CARD,862,CC-105
SHP07211,79045299,2025-09-27,2025-10-02,5,L049,FAC04,DST17,1818,LTL,CARA,572,CC-104
SHP07212,86476184,2025-09-27,2025-09-30,3,L045,FAC04,DST11,743,LTL,CARC,1284,CC-104
SHP07213,94409421,2025-09-27,2025-09-28,1,L042,FAC04,DST08,197,LTL,CARC,788,CC-104
SHP07214,00428421,2025-09-27,2025-09-30,3,L024,FAC02,DST19,626,LTL,CARD,1501,CC-102
SHP07215,27311275,2025-09-27,2025-10-02,5,L027,FAC03,DST03,1859,LTL,CARA,3292,CC-103
SHP07216,44418484,2025-09-27,2025-10-01,4,L010,FAC01,DST17,1508,LTL,CARC,968,CC-101
SHP07217,75267999,2025-09-27,2025-09-29,2,L032,FAC03,DST11,545,TL,CARH,39874,CC-103
SHP07218,40482315,2025-09-27,2025-09-29,2,L055,FAC05,DST06,820,LTL,CARD,1694,CC-105
SHP07219,46251339,2025-09-27,2025-10-03,6,L009,FAC01,DST16,2079,LTL,CARB,506,CC-101
SHP07220,38732150,2025-09-27,2025-09-29,2,L001,FAC01,DST04,705,TL,CARG,28827,CC-101
SHP07221,91779454,2025-09-27,2025-09-29,2,L045,FAC04,DST11,743,LTL,CARE,1728,CC-104
SHP07222,27839738,2025-09-27,2025-10-02,5,L009,FAC01,DST16,2079,LTL,CARE,660,CC-101
SHP07223,88271198,2025-09-27,2025-10-01,4,L053,FAC05,DST03,1362,LTL,CARA,611,CC-105
SHP07224,65975664,2025-09-28,2025-09-29,1,L032,FAC03,DST11,545,TL,CARH,20758,CC-103
SHP07225,21038538,2025-09-28,2025-10-01,3,L058,FAC05,DST13,581,LTL,CARD,2612,CC-105
SHP07226,57247865,2025-09-28,2025-09-30,2,L024,FAC02,DST19,626,LTL,CARD,1210,CC-102
SHP07227,15569709,2025-09-28,2025-10-01,3,L058,FAC05,DST13,581,LTL,CARA,3475,CC-105
SHP07228,06783592,2025-09-28,2025-10-01,3,L014,FAC02,DST03,1123,LTL,CARD,1720,CC-102
SHP07229,92434480,2025-09-28,2025-10-01,3,L026,FAC03,DST02,1557,TL,CARH,23337,CC-103
SHP07230,39414147,2025-09-28,2025-09-29,1,L057,FAC05,DST10,289,LTL,CARE,3127,CC-105
SHP07231,37561865,2025-09-28,2025-10-04,6,L047,FAC04,DST15,2368,LTL,CARC,1368,CC-104
SHP07232,07994152,2025-09-28,2025-10-01,3,L024,FAC02,DST19,626,LTL,CARD,808,CC-102
SHP07233,82446310,2025-09-28,2025-09-30,2,L057,FAC05,DST10,289,LTL,CARC,2570,CC-105
SHP07234,99501218,2025-09-28,2025-10-01,3,L021,FAC02,DST13,841,TL,CARG,28338,CC-102
SHP07235,91392078,2025-09-28,2025-10-04,6,L022,FAC02,DST14,1906,LTL,CARC,759,CC-102
SHP07236,67516458,2025-09-28,2025-10-04,6,L009,FAC01,DST16,2079,LTL,CARE,923,CC-101
SHP07237,19259396,2025-09-28,2025-10-01,3,L039,FAC04,DST03,771,LTL,CARA,2361,CC-104
SHP07238,93563628,2025-09-28,2025-09-30,2,L005,FAC01,DST08,284,LTL,CARB,293,CC-101
SHP07239,99222881,2025-09-28,2025-09-30,2,L054,FAC05,DST04,624,TL,CARG,28072,CC-105
SHP07240,40160404,2025-09-28,2025-10-01,3,L030,FAC03,DST08,1199,LTL,CARC,2322,CC-103
SHP07241,80990738,2025-09-28,2025-09-30,2,L005,FAC01,DST08,284,TL,CARG,24268,CC-101
SHP07242,28460216,2025-09-28,2025-09-30,2,L037,FAC03,DST20,871,LTL,CARE,2541,CC-103
SHP07243,76120924,2025-09-28,2025-09-29,1,L041,FAC04,DST07,400,LTL,CARA,865,CC-104
SHP07244,54677749,2025-09-28,2025-09-29,1,L056,FAC05,DST07,236,TL,CARG,27212,CC-105
SHP07245,23562215,2025-09-28,2025-09-30,2,L006,FAC01,DST10,315,LTL,CARB,3436,CC-101
SHP07246,22126191,2025-09-28,2025-10-04,6,L059,FAC05,DST16,2236,TL,CARH,21924,CC-105
SHP07247,28809587,2025-09-28,2025-10-01,3,L044,FAC04,DST10,475,LTL,CARB,471,CC-104
SHP07248,68050195,2025-09-28,2025-10-03,5,L049,FAC04,DST17,1818,LTL,CARC,1471,CC-104
SHP07249,34508048,2025-09-28,2025-09-30,2,L039,FAC04,DST03,771,LTL,CARA,346,CC-104
SHP07250,90785410,2025-09-28,2025-10-02,4,L028,FAC03,DST04,1114,LTL,CARE,2276,CC-103
SHP07251,50615637,2025-09-29,2025-10-01,2,L024,FAC02,DST19,626,LTL,CARC,2329,CC-102
SHP07252,87181134,2025-09-29,2025-10-01,2,L032,FAC03,DST11,545,TL,CARH,41667,CC-103
SHP07253,58178818,2025-09-29,2025-10-01,2,L060,FAC05,DST19,791,LTL,CARD,425,CC-105
SHP07254,82477090,2025-09-29,2025-10-03,4,L014,FAC02,DST03,1123,LTL,CARA,1064,CC-102
SHP07255,17499037,2025-09-29,2025-10-02,3,L003,FAC01,DST06,1183,TL,CARG,27454,CC-101
SHP07256,96684473,2025-09-29,2025-10-02,3,L007,FAC01,DST12,1102,LTL,CARE,2425,CC-101
SHP07257,97360373,2025-09-29,2025-10-04,5,L059,FAC05,DST16,2236,LTL,CARA,657,CC-105
SHP07258,81546281,2025-09-29,2025-09-30,1,L015,FAC02,DST07,257,LTL,CARD,2088,CC-102
SHP07259,51405281,2025-09-29,2025-10-02,3,L037,FAC03,DST20,871,LTL,CARD,904,CC-103
SHP07260,41335845,2025-09-29,2025-10-01,2,L055,FAC05,DST06,820,LTL,CARD,174,CC-105
SHP07261,04364068,2025-09-29,2025-10-01,2,L060,FAC05,DST19,791,TL,CARF,33941,CC-105
SHP07262,73788789,2025-09-29,2025-09-30,1,L011,FAC01,DST18,198,TL,CARG,41610,CC-101
SHP07263,86110778,2025-09-29,2025-10-06,7,L047,FAC04,DST15,2368,LTL,CARD,1135,CC-104
SHP07264,18197095,2025-09-29,2025-10-01,2,L016,FAC02,DST08,717,LTL,CARC,601,CC-102
SHP07265,24470169,2025-09-29,2025-09-30,1,L005,FAC01,DST08,284,LTL,CARD,464,CC-101
SHP07266,02166753,2025-09-29,2025-09-30,1,L042,FAC04,DST08,197,TL,CARF,31363,CC-104
SHP07267,54985114,2025-09-29,2025-10-02,3,L032,FAC03,DST11,545,LTL,CARC,558,CC-103
SHP07268,63347185,2025-09-29,2025-10-02,3,L031,FAC03,DST10,657,LTL,CARA,1061,CC-103
SHP07269,76754485,2025-09-29,2025-10-04,5,L020,FAC02,DST12,1452,LTL,CARA,2845,CC-102
SHP07270,29952240,2025-09-29,2025-10-02,3,L040,FAC04,DST05,1193,LTL,CARB,443,CC-104
SHP07271,17316524,2025-09-29,2025-09-30,1,L052,FAC04,DST20,227,LTL,CARE,1467,CC-104
SHP07272,68845950,2025-09-29,2025-10-02,3,L003,FAC01,DST06,1183,LTL,CARC,852,CC-101
SHP07273,51642262,2025-09-29,2025-10-01,2,L038,FAC04,DST01,571,LTL,CARB,1241,CC-104
SHP07274,72395898,2025-09-29,2025-10-02,3,L032,FAC03,DST11,545,LTL,CARD,869,CC-103
SHP07275,59912488,2025-09-29,2025-09-30,1,L006,FAC01,DST10,315,LTL,CARE,421,CC-101
SHP07276,54396343,2025-09-29,2025-10-02,3,L060,FAC05,DST19,791,TL,CARF,15022,CC-105
SHP07277,31063977,2025-09-29,2025-10-02,3,L021,FAC02,DST13,841,LTL,CARB,907,CC-102
SHP07278,79849421,2025-09-29,2025-10-02,3,L060,FAC05,DST19,791,LTL,CARD,2756,CC-105
SHP07279,68322690,2025-09-29,2025-10-02,3,L037,FAC03,DST20,871,TL,CARG,32836,CC-103
SHP07280,35721410,2025-09-30,2025-10-05,5,L048,FAC04,DST16,2410,TL,CARG,27291,CC-104
SHP07281,27284112,2025-09-30,2025-10-03,3,L017,FAC02,DST09,1090,LTL,CARE,1804,CC-102
SHP07282,74990426,2025-09-30,2025-10-03,3,L036,FAC03,DST19,1283,LTL,CARD,2169,CC-103
SHP07283,81189501,2025-09-30,2025-10-03,3,L032,FAC03,DST11,545,LTL,CARC,1607,CC-103
SHP07284,59700069,2025-09-30,2025-10-02,2,L017,FAC02,DST09,1090,TL,CARF,18072,CC-102
SHP07285,79895994,2025-09-30,2025-10-04,4,L002,FAC01,DST05,1430,LTL,CARB,1344,CC-101
SHP07286,93271539,2025-09-30,2025-10-04,4,L030,FAC03,DST08,1199,LTL,CARC,4293,CC-103
SHP07287,42354419,2025-09-30,2025-10-03,3,L003,FAC01,DST06,1183,LTL,CARC,503,CC-101
SHP07288,43085182,2025-09-30,2025-10-02,2,L041,FAC04,DST07,400,LTL,CARB,292,CC-104
SHP07289,39328778,2025-09-30,2025-10-04,4,L029,FAC03,DST05,1333,TL,CARG,24750,CC-103
SHP07290,40143023,2025-09-30,2025-10-02,2,L058,FAC05,DST13,581,LTL,CARA,1008,CC-105
SHP07291,86669819,2025-09-30,2025-10-03,3,L018,FAC02,DST10,561,LTL,CARE,4047,CC-102
SHP07292,03830448,2025-09-30,2025-10-04,4,L002,FAC01,DST05,1430,LTL,CARE,1229,CC-101
SHP07293,59516200,2025-09-30,2025-10-02,2,L024,FAC02,DST19,626,LTL,CARC,676,CC-102
SHP07294,29105811,2025-09-30,2025-10-04,4,L053,FAC05,DST03,1362,LTL,CARA,1132,CC-105
SHP07295,66522127,2025-09-30,2025-10-01,1,L051,FAC04,DST19,195,LTL,CARB,1189,CC-104
SHP07296,01447209,2025-09-30,2025-10-03,3,L016,FAC02,DST08,717,TL,CARG,41963,CC-102
SHP07297,89813273,2025-09-30,2025-10-01,1,L052,FAC04,DST20,227,LTL,CARD,639,CC-104
SHP07298,49912361,2025-09-30,2025-10-04,4,L008,FAC01,DST14,1742,LTL,CARE,1882,CC-101
SHP07299,36526660,2025-09-30,2025-10-01,1,L052,FAC04,DST20,227,LTL,CARD,855,CC-104
SHP07300,41079175,2025-09-30,2025-10-04,4,L008,FAC01,DST14,1742,LTL,CARA,1052,CC-101
SHP07301,17314190,2025-10-01,2025-10-04,3,L037,FAC03,DST20,871,LTL,CARD,3933,CC-103
SHP07302,93441331,2025-10-01,2025-10-05,4,L002,FAC01,DST05,1430,LTL,CARE,451,CC-101
SHP07303,58605278,2025-10-01,2025-10-06,5,L020,FAC02,DST12,1452,LTL,CARA,2695,CC-102
SHP07304,41732090,2025-10-01,2025-10-06,5,L022,FAC02,DST14,1906,LTL,CARE,651,CC-102
SHP07305,24864233,2025-10-01,2025-10-04,3,L020,FAC02,DST12,1452,TL,CARG,15670,CC-102
SHP07306,23360072,2025-10-01,2025-10-05,4,L033,FAC03,DST14,1061,LTL,CARD,1261,CC-103
SHP07307,03477258,2025-10-01,2025-10-04,3,L019,FAC02,DST11,811,LTL,CARC,1450,CC-102
SHP07308,07899459,2025-10-01,2025-10-02,1,L057,FAC05,DST10,289,TL,CARH,24999,CC-105
SHP07309,44810757,2025-10-01,2025-10-03,2,L001,FAC01,DST04,705,LTL,CARC,361,CC-101
SHP07310,00475475,2025-10-01,2025-10-02,1,L056,FAC05,DST07,236,LTL,CARD,720,CC-105
SHP07311,78502326,2025-10-01,2025-10-07,6,L046,FAC04,DST14,1996,LTL,CARA,870,CC-104
SHP07312,21854747,2025-10-01,2025-10-02,1,L011,FAC01,DST18,198,LTL,CARD,1172,CC-101
SHP07313,45626812,2025-10-01,2025-10-02,1,L057,FAC05,DST10,289,LTL,CARC,973,CC-105
SHP07314,87184316,2025-10-01,2025-10-04,3,L058,FAC05,DST13,581,LTL,CARD,332,CC-105
SHP07315,14310284,2025-10-01,2025-10-03,2,L023,FAC02,DST18,513,LTL,CARB,1449,CC-102
SHP07316,23034375,2025-10-01,2025-10-04,3,L026,FAC03,DST02,1557,TL,CARH,19742,CC-103
SHP07317,84262805,2025-10-01,2025-10-04,3,L033,FAC03,DST14,1061,LTL,CARB,383,CC-103
SHP07318,25091834,2025-10-01,2025-10-03,2,L051,FAC04,DST19,195,LTL,CARB,6518,CC-104
SHP07319,29035429,2025-10-01,2025-10-02,1,L011,FAC01,DST18,198,TL,CARG,15160,CC-101
SHP07320,64202407,2025-10-01,2025-10-04,3,L032,FAC03,DST11,545,LTL,CARD,1190,CC-103
SHP07321,24743269,2025-10-01,2025-10-04,3,L045,FAC04,DST11,743,LTL,CARE,836,CC-104
SHP07322,72295987,2025-10-01,2025-10-03,2,L032,FAC03,DST11,545,LTL,CARD,600,CC-103
SHP07323,60882625,2025-10-01,2025-10-02,1,L051,FAC04,DST19,195,LTL,CARB,606,CC-104
SHP07324,30491686,2025-10-01,2025-10-03,2,L012,FAC01,DST20,323,TL,CARF,39853,CC-101
SHP07325,97360303,2025-10-01,2025-10-03,2,L021,FAC02,DST13,841,LTL,CARB,1000,CC-102
SHP07326,25312340,2025-10-01,2025-10-04,3,L010,FAC01,DST17,1508,TL,CARG,32776,CC-101
SHP07327,07265864,2025-10-01,2025-10-02,1,L041,FAC04,DST07,400,LTL,CARA,1590,CC-104
SHP07328,02541358,2025-10-01,2025-10-06,5,L009,FAC01,DST16,2079,LTL,CARE,3479,CC-101
SHP07329,17772659,2025-10-01,2025-10-04,3,L037,FAC03,DST20,871,LTL,CARD,912,CC-103
SHP07330,19894183,2025-10-01,2025-10-02,1,L042,FAC04,DST08,197,LTL,CARC,2798,CC-104
SHP07331,71369964,2025-10-01,2025-10-03,2,L056,FAC05,DST07,236,LTL,CARD,1469,CC-105
SHP07332,48581597,2025-10-01,2025-10-03,2,L056,FAC05,DST07,236,LTL,CARE,730,CC-105
SHP07333,14092454,2025-10-01,2025-10-05,4,L028,FAC03,DST04,1114,LTL,CARC,1989,CC-103
SHP07334,12533131,2025-10-01,2025-10-03,2,L058,FAC05,DST13,581,LTL,CARD,5132,CC-105
SHP07335,51515249,2025-10-01,2025-10-03,2,L038,FAC04,DST01,571,LTL,CARB,340,CC-104
SHP07336,12179873,2025-10-01,2025-10-04,3,L032,FAC03,DST11,545,LTL,CARD,464,CC-103
SHP07337,83288673,2025-10-01,2025-10-03,2,L033,FAC03,DST14,1061,TL,CARF,33432,CC-103
SHP07338,38776899,2025-10-01,2025-10-05,4,L033,FAC03,DST14,1061,LTL,CARD,3116,CC-103
SHP07339,87853137,2025-10-02,2025-10-05,3,L013,FAC02,DST02,798,LTL,CARB,618,CC-102
SHP07340,24975328,2025-10-02,2025-10-04,2,L025,FAC02,DST20,384,LTL,CARA,616,CC-102
SHP07341,94202730,2025-10-02,2025-10-09,7,L048,FAC04,DST16,2410,LTL,CARC,1571,CC-104
SHP07342,45208897,2025-10-02,2025-10-05,3,L003,FAC01,DST06,1183,LTL,CARC,5724,CC-101
SHP07343,87262040,2025-10-02,2025-10-04,2,L012,FAC01,DST20,323,LTL,CARB,1228,CC-101
SHP07344,26874008,2025-10-02,2025-10-08,6,L027,FAC03,DST03,1859,LTL,CARA,589,CC-103
SHP07345,48219455,2025-10-02,2025-10-04,2,L041,FAC04,DST07,400,LTL,CARB,310,CC-104
SHP07346,55280091,2025-10-02,2025-10-04,2,L032,FAC03,DST11,545,LTL,CARD,1399,CC-103
SHP07347,46869006,2025-10-02,2025-10-04,2,L044,FAC04,DST10,475,TL,CARG,34640,CC-104
SHP07348,85132253,2025-10-02,2025-10-04,2,L013,FAC02,DST02,798,LTL,CARA,434,CC-102
SHP07349,16684983,2025-10-02,2025-10-03,1,L011,FAC01,DST18,198,TL,CARG,15797,CC-101
SHP07350,35521989,2025-10-02,2025-10-08,6,L022,FAC02,DST14,1906,LTL,CARC,1995,CC-102
SHP07351,84361790,2025-10-02,2025-10-07,5,L034,FAC03,DST15,1485,LTL,CARB,846,CC-103
SHP07352,78223902,2025-10-02,2025-10-06,4,L036,FAC03,DST19,1283,LTL,CARD,994,CC-103
SHP07353,44618472,2025-10-02,2025-10-04,2,L005,FAC01,DST08,284,TL,CARG,26896,CC-101
SHP07354,81649553,2025-10-02,2025-10-06,4,L007,FAC01,DST12,1102,LTL,CARE,299,CC-101
SHP07355,60954907,2025-10-02,2025-10-05,3,L060,FAC05,DST19,791,LTL,CARD,1554,CC-105
SHP07356,92656914,2025-10-02,2025-10-07,5,L049,FAC04,DST17,1818,LTL,CARC,1130,CC-104
SHP07357,22177469,2025-10-02,2025-10-05,3,L018,FAC02,DST10,561,LTL,CARE,1013,CC-102
SHP07358,85056243,2025-10-03,2025-10-08,5,L046,FAC04,DST14,1996,LTL,CARA,1609,CC-104
SHP07359,66279742,2025-10-03,2025-10-06,3,L028,FAC03,DST04,1114,LTL,CARC,682,CC-103
SHP07360,81324572,2025-10-03,2025-10-05,2,L033,FAC03,DST14,1061,TL,CARF,17083,CC-103
SHP07361,68148242,2025-10-03,2025-10-05,2,L019,FAC02,DST11,811,LTL,CARD,1226,CC-102
SHP07362,81604255,2025-10-03,2025-10-05,2,L043,FAC04,DST09,753,LTL,CARE,1770,CC-104
SHP07363,41268433,2025-10-03,2025-10-09,6,L048,FAC04,DST16,2410,LTL,CARC,1577,CC-104
SHP07364,76117884,2025-10-03,2025-10-06,3,L054,FAC05,DST04,624,LTL,CARB,1545,CC-105
SHP07365,25326323,2025-10-03,2025-10-06,3,L060,FAC05,DST19,791,LTL,CARA,419,CC-105
SHP07366,91517367,2025-10-03,2025-10-06,3,L007,FAC01,DST12,1102,LTL,CARE,1721,CC-101
SHP07367,50812145,2025-10-03,2025-10-06,3,L013,FAC02,DST02,798,LTL,CARA,974,CC-102
SHP07368,76201889,2025-10-03,2025-10-05,2,L043,FAC04,DST09,753,TL,CARH,22240,CC-104
SHP07369,17544794,2025-10-03,2025-10-04,1,L025,FAC02,DST20,384,LTL,CARA,7500,CC-102
SHP07370,62068035,2025-10-03,2025-10-04,1,L052,FAC04,DST20,227,LTL,CARD,960,CC-104
SHP07371,16542020,2025-10-03,2025-10-05,2,L043,FAC04,DST09,753,LTL,CARC,938,CC-104
SHP07372,91527532,2025-10-03,2025-10-06,3,L023,FAC02,DST18,513,LTL,CARD,1629,CC-102
SHP07373,03208772,2025-10-03,2025-10-05,2,L050,FAC04,DST18,202,LTL,CARD,1514,CC-104
SHP07374,92271205,2025-10-03,2025-10-08,5,L022,FAC02,DST14,1906,LTL,CARC,1035,CC-102
SHP07375,68266392,2025-10-03,2025-10-06,3,L031,FAC03,DST10,657,LTL,CARA,1655,CC-103
SHP07376,75402769,2025-10-03,2025-10-08,5,L009,FAC01,DST16,2079,LTL,CARE,1181,CC-101
SHP07377,06040170,2025-10-03,2025-10-09,6,L035,FAC03,DST16,2015,LTL,CARD,1219,CC-103
SHP07378,22236608,2025-10-03,2025-10-09,6,L048,FAC04,DST16,2410,LTL,CARC,2699,CC-104
SHP07379,05297364,2025-10-03,2025-10-05,2,L025,FAC02,DST20,384,LTL,CARB,2337,CC-102
SHP07380,54665521,2025-10-03,2025-10-05,2,L055,FAC05,DST06,820,LTL,CARE,1515,CC-105
SHP07381,83849326,2025-10-03,2025-10-07,4,L022,FAC02,DST14,1906,TL,CARH,40501,CC-102
SHP07382,64552081,2025-10-03,2025-10-05,2,L056,FAC05,DST07,236,LTL,CARE,453,CC-105
SHP07383,11055813,2025-10-03,2025-10-07,4,L002,FAC01,DST05,1430,LTL,CARE,570,CC-101
SHP07384,48155043,2025-10-03,2025-10-04,1,L041,FAC04,DST07,400,LTL,CARA,1188,CC-104
SHP07385,55430013,2025-10-03,2025-10-05,2,L005,FAC01,DST08,284,LTL,CARD,1043,CC-101
SHP07386,68553245,2025-10-03,2025-10-06,3,L001,FAC01,DST04,705,LTL,CARC,519,CC-101
SHP07387,78645555,2025-10-03,2025-10-05,2,L054,FAC05,DST04,624,LTL,CARB,1054,CC-105
SHP07388,64749250,2025-10-04,2025-10-07,3,L058,FAC05,DST13,581,LTL,CARD,1712,CC-105
SHP07389,39982560,2025-10-04,2025-10-06,2,L006,FAC01,DST10,315,LTL,CARB,595,CC-101
SHP07390,04135685,2025-10-04,2025-10-07,3,L045,FAC04,DST11,743,LTL,CARC,1543,CC-104
SHP07391,53229087,2025-10-04,2025-10-09,5,L034,FAC03,DST15,1485,LTL,CARB,3932,CC-103
SHP07392,66216913,2025-10-04,2025-10-08,4,L017,FAC02,DST09,1090,LTL,CARE,909,CC-102
SHP07393,89066447,2025-10-04,2025-10-07,3,L030,FAC03,DST08,1199,LTL,CARC,2060,CC-103
SHP07394,06809666,2025-10-04,2025-10-09,5,L027,FAC03,DST03,1859,TL,CARH,25579,CC-103
SHP07395,43242728,2025-10-04,2025-10-07,3,L007,FAC01,DST12,1102,LTL,CARB,909,CC-101
SHP07396,65417693,2025-10-04,2025-10-05,1,L056,FAC05,DST07,236,LTL,CARE,100,CC-105
SHP07397,97442742,2025-10-04,2025-10-08,4,L027,FAC03,DST03,1859,TL,CARH,23290,CC-103
SHP07398,75869817,2025-10-04,2025-10-08,4,L028,FAC03,DST04,1114,LTL,CARC,1321,CC-103
SHP07399,66097432,2025-10-04,2025-10-07,3,L038,FAC04,DST01,571,LTL,CARB,1082,CC-104
SHP07400,29910693,2025-10-04,2025-10-06,2,L004,FAC01,DST07,477,LTL,CARA,929,CC-101
SHP07401,95419197,2025-10-04,2025-10-07,3,L001,FAC01,DST04,705,TL,CARG,20140,CC-101
SHP07402,97003393,2025-10-04,2025-10-07,3,L016,FAC02,DST08,717,LTL,CARE,422,CC-102
SHP07403,07821508,2025-10-04,2025-10-05,1,L006,FAC01,DST10,315,LTL,CARB,1204,CC-101
SHP07404,44677008,2025-10-04,2025-10-07,3,L003,FAC01,DST06,1183,LTL,CARC,714,CC-101
SHP07405,62730532,2025-10-04,2025-10-05,1,L025,FAC02,DST20,384,LTL,CARB,1938,CC-102
SHP07406,37154062,2025-10-04,2025-10-06,2,L039,FAC04,DST03,771,TL,CARG,35263,CC-104
SHP07407,31390488,2025-10-04,2025-10-06,2,L043,FAC04,DST09,753,TL,CARH,21451,CC-104
SHP07408,49903538,2025-10-04,2025-10-07,3,L018,FAC02,DST10,561,TL,CARH,27162,CC-102
SHP07409,02855530,2025-10-04,2025-10-07,3,L031,FAC03,DST10,657,TL,CARF,40553,CC-103
SHP07410,88158476,2025-10-04,2025-10-08,4,L036,FAC03,DST19,1283,TL,CARF,36051,CC-103
SHP07411,01897600,2025-10-04,2025-10-06,2,L006,FAC01,DST10,315,LTL,CARE,1577,CC-101
SHP07412,15614589,2025-10-04,2025-10-10,6,L049,FAC04,DST17,1818,LTL,CARA,1738,CC-104
SHP07413,73638734,2025-10-04,2025-10-06,2,L011,FAC01,DST18,198,TL,CARG,37700,CC-101
SHP07414,06522671,2025-10-04,2025-10-05,1,L051,FAC04,DST19,195,LTL,CARD,1118,CC-104
SHP07415,78898636,2025-10-04,2025-10-07,3,L013,FAC02,DST02,798,LTL,CARB,2492,CC-102
SHP07416,51947823,2025-10-04,2025-10-08,4,L027,FAC03,DST03,1859,TL,CARH,19417,CC-103
SHP07417,72050962,2025-10-04,2025-10-05,1,L050,FAC04,DST18,202,TL,CARH,29282,CC-104
SHP07418,60017197,2025-10-05,2025-10-08,3,L037,FAC03,DST20,871,TL,CARG,34553,CC-103
SHP07419,12468714,2025-10-05,2025-10-06,1,L042,FAC04,DST08,197,LTL,CARB,986,CC-104
SHP07420,89568280,2025-10-05,2025-10-10,5,L034,FAC03,DST15,1485,LTL,CARB,788,CC-103
SHP07421,60935562,2025-10-05,2025-10-08,3,L021,FAC02,DST13,841,TL,CARG,31471,CC-102
SHP07422,93752487,2025-10-05,2025-10-11,6,L035,FAC03,DST16,2015,LTL,CARA,1075,CC-103
SHP07423,57591483,2025-10-05,2025-10-06,1,L011,FAC01,DST18,198,LTL,CARD,340,CC-101
SHP07424,12197943,2025-10-05,2025-10-08,3,L007,FAC01,DST12,1102,LTL,CARB,2654,CC-101
SHP07425,18884456,2025-10-05,2025-10-10,5,L046,FAC04,DST14,1996,LTL,CARA,977,CC-104
SHP07426,36607175,2025-10-05,2025-10-06,1,L050,FAC04,DST18,202,LTL,CARC,616,CC-104
SHP07427,27171957,2025-10-05,2025-10-11,6,L059,FAC05,DST16,2236,TL,CARH,22035,CC-105
SHP07428,86479398,2025-10-05,2025-10-12,7,L048,FAC04,DST16,2410,LTL,CARC,882,CC-104
SHP07429,64515097,2025-10-05,2025-10-08,3,L058,FAC05,DST13,581,TL,CARG,30554,CC-105
SHP07430,36753029,2025-10-05,2025-10-11,6,L027,FAC03,DST03,1859,LTL,CARA,1181,CC-103
SHP07431,30706511,2025-10-05,2025-10-06,1,L015,FAC02,DST07,257,TL,CARH,27791,CC-102
SHP07432,42049241,2025-10-05,2025-10-08,3,L032,FAC03,DST11,545,LTL,CARD,1254,CC-103
SHP07433,12545094,2025-10-05,2025-10-07,2,L013,FAC02,DST02,798,LTL,CARB,7500,CC-102
SHP07434,18493438,2025-10-05,2025-10-07,2,L013,FAC02,DST02,798,LTL,CARA,685,CC-102
SHP07435,00965228,2025-10-05,2025-10-07,2,L015,FAC02,DST07,257,LTL,CARD,2207,CC-102
SHP07436,83756044,2025-10-05,2025-10-11,6,L035,FAC03,DST16,2015,LTL,CARD,821,CC-103
SHP07437,19928463,2025-10-05,2025-10-07,2,L043,FAC04,DST09,753,LTL,CARE,1531,CC-104
SHP07438,70668178,2025-10-05,2025-10-10,5,L002,FAC01,DST05,1430,LTL,CARE,1726,CC-101
SHP07439,92397337,2025-10-05,2025-10-07,2,L005,FAC01,DST08,284,TL,CARG,18969,CC-101
SHP07440,68684393,2025-10-05,2025-10-08,3,L040,FAC04,DST05,1193,LTL,CARB,4026,CC-104
SHP07441,36046596,2025-10-05,2025-10-07,2,L013,FAC02,DST02,798,TL,CARF,20406,CC-102
SHP07442,41917843,2025-10-06,2025-10-08,2,L024,FAC02,DST19,626,LTL,CARD,3036,CC-102
SHP07443,36743260,2025-10-06,2025-10-10,4,L028,FAC03,DST04,1114,LTL,CARE,1530,CC-103
SHP07444,76966968,2025-10-06,2025-10-09,3,L024,FAC02,DST19,626,LTL,CARD,942,CC-102
SHP07445,84250878,2025-10-06,2025-10-09,3,L018,FAC02,DST10,561,LTL,CARB,218,CC-102
SHP07446,43572508,2025-10-06,2025-10-08,2,L038,FAC04,DST01,571,TL,CARF,22018,CC-104
SHP07447,90869140,2025-10-06,2025-10-08,2,L045,FAC04,DST11,743,LTL,CARE,624,CC-104
SHP07448,31101728,2025-10-06,2025-10-09,3,L001,FAC01,DST04,705,LTL,CARA,862,CC-101
SHP07449,85476075,2025-10-06,2025-10-11,5,L059,FAC05,DST16,2236,LTL,CARA,767,CC-105
SHP07450,97882521,2025-10-06,2025-10-13,7,L047,FAC04,DST15,2368,LTL,CARC,1102,CC-104
SHP07451,14641086,2025-10-06,2025-10-09,3,L019,FAC02,DST11,811,LTL,CARC,1343,CC-102
SHP07452,91949715,2025-10-06,2025-10-09,3,L043,FAC04,DST09,753,LTL,CARC,780,CC-104
SHP07453,12607844,2025-10-06,2025-10-09,3,L044,FAC04,DST10,475,LTL,CARB,941,CC-104
SHP07454,07976758,2025-10-06,2025-10-09,3,L007,FAC01,DST12,1102,LTL,CARE,1549,CC-101
SHP07455,36594303,2025-10-06,2025-10-10,4,L034,FAC03,DST15,1485,TL,CARG,24933,CC-103
SHP07456,95913071,2025-10-06,2025-10-12,6,L047,FAC04,DST15,2368,LTL,CARC,536,CC-104
SHP07457,68350832,2025-10-06,2025-10-12,6,L059,FAC05,DST16,2236,TL,CARH,29166,CC-105
SHP07458,04408067,2025-10-06,2025-10-10,4,L014,FAC02,DST03,1123,LTL,CARD,2134,CC-102
SHP07459,90658479,2025-10-06,2025-10-10,4,L034,FAC03,DST15,1485,LTL,CARA,2872,CC-103
SHP07460,21895093,2025-10-06,2025-10-09,3,L039,FAC04,DST03,771,LTL,CARE,4587,CC-104
SHP07461,49511190,2025-10-06,2025-10-10,4,L003,FAC01,DST06,1183,LTL,CARD,5445,CC-101
SHP07462,45085525,2025-10-06,2025-10-11,5,L009,FAC01,DST16,2079,LTL,CARB,752,CC-101
SHP07463,53709170,2025-10-06,2025-10-11,5,L059,FAC05,DST16,2236,TL,CARH,22910,CC-105
SHP07464,30209072,2025-10-06,2025-10-09,3,L013,FAC02,DST02,798,TL,CARF,21012,CC-102
SHP07465,97213803,2025-10-06,2025-10-07,1,L005,FAC01,DST08,284,LTL,CARB,7500,CC-101
SHP07466,42896314,2025-10-06,2025-10-08,2,L012,FAC01,DST20,323,LTL,CARB,517,CC-101
SHP07467,64658186,2025-10-06,2025-10-10,4,L053,FAC05,DST03,1362,LTL,CARA,397,CC-105
SHP07468,92541816,2025-10-06,2025-10-10,4,L026,FAC03,DST02,1557,LTL,CARA,2670,CC-103
SHP07469,77037803,2025-10-06,2025-10-11,5,L034,FAC03,DST15,1485,LTL,CARB,1169,CC-103
SHP07470,72090888,2025-10-06,2025-10-09,3,L060,FAC05,DST19,791,LTL,CARA,6099,CC-105
SHP07471,70254484,2025-10-06,2025-10-09,3,L021,FAC02,DST13,841,LTL,CARD,947,CC-102
SHP07472,50512774,2025-10-07,2025-10-08,1,L025,FAC02,DST20,384,LTL,CARA,1076,CC-102
SHP07473,80946622,2025-10-07,2025-10-09,2,L023,FAC02,DST18,513,LTL,CARB,531,CC-102
SHP07474,06490135,2025-10-07,2025-10-12,5,L010,FAC01,DST17,1508,LTL,CARC,2674,CC-101
SHP07475,21970914,2025-10-07,2025-10-09,2,L045,FAC04,DST11,743,LTL,CARE,812,CC-104
SHP07476,26893460,2025-10-07,2025-10-11,4,L003,FAC01,DST06,1183,TL,CARG,17612,CC-101
SHP07477,49313451,2025-10-07,2025-10-10,3,L038,FAC04,DST01,571,LTL,CARD,715,CC-104
SHP07478,22151694,2025-10-07,2025-10-10,3,L037,FAC03,DST20,871,LTL,CARE,1015,CC-103
SHP07479,88512848,2025-10-07,2025-10-11,4,L034,FAC03,DST15,1485,LTL,CARB,2804,CC-103
SHP07480,59446490,2025-10-07,2025-10-09,2,L057,FAC05,DST10,289,LTL,CARC,619,CC-105
SHP07481,29885712,2025-10-07,2025-10-12,5,L049,FAC04,DST17,1818,LTL,CARC,3236,CC-104
SHP07482,34176334,2025-10-07,2025-10-12,5,L046,FAC04,DST14,1996,LTL,CARB,720,CC-104
SHP07483,57052718,2025-10-07,2025-10-12,5,L047,FAC04,DST15,2368,TL,CARF,27810,CC-104
SHP07484,32323586,2025-10-07,2025-10-11,4,L029,FAC03,DST05,1333,LTL,CARA,3326,CC-103
SHP07485,82408296,2025-10-07,2025-10-09,2,L052,FAC04,DST20,227,LTL,CARD,2787,CC-104
SHP07486,60931047,2025-10-07,2025-10-09,2,L011,FAC01,DST18,198,LTL,CARD,1528,CC-101
SHP07487,42591760,2025-10-07,2025-10-11,4,L030,FAC03,DST08,1199,LTL,CARC,531,CC-103
SHP07488,36534416,2025-10-07,2025-10-11,4,L029,FAC03,DST05,1333,LTL,CARA,2277,CC-103
SHP07489,69058684,2025-10-07,2025-10-09,2,L038,FAC04,DST01,571,LTL,CARD,791,CC-104
SHP07490,86733214,2025-10-07,2025-10-09,2,L012,FAC01,DST20,323,LTL,CARC,100,CC-101
SHP07491,82851746,2025-10-07,2025-10-11,4,L010,FAC01,DST17,1508,LTL,CARC,797,CC-101
SHP07492,17689961,2025-10-07,2025-10-14,7,L047,FAC04,DST15,2368,LTL,CARD,918,CC-104
SHP07493,61505556,2025-10-07,2025-10-09,2,L054,FAC05,DST04,624,TL,CARG,21019,CC-105
SHP07494,25450430,2025-10-07,2025-10-10,3,L058,FAC05,DST13,581,LTL,CARD,145,CC-105
SHP07495,59997700,2025-10-07,2025-10-09,2,L041,FAC04,DST07,400,LTL,CARA,1061,CC-104
SHP07496,44405319,2025-10-07,2025-10-09,2,L039,FAC04,DST03,771,LTL,CARA,1080,CC-104
SHP07497,82387540,2025-10-07,2025-10-11,4,L030,FAC03,DST08,1199,LTL,CARC,884,CC-103
SHP07498,23419450,2025-10-07,2025-10-12,5,L049,FAC04,DST17,1818,TL,CARF,25346,CC-104
SHP07499,11390644,2025-10-07,2025-10-09,2,L032,FAC03,DST11,545,LTL,CARC,2086,CC-103
SHP07500,89373805,2025-10-08,2025-10-10,2,L013,FAC02,DST02,798,LTL,CARB,2066,CC-102
SHP07501,57465588,2025-10-08,2025-10-10,2,L024,FAC02,DST19,626,LTL,CARD,513,CC-102
SHP07502,26380938,2025-10-08,2025-10-11,3,L016,FAC02,DST08,717,LTL,CARC,541,CC-102
SHP07503,34018177,2025-10-08,2025-10-10,2,L037,FAC03,DST20,871,LTL,CARD,719,CC-103
SHP07504,93688547,2025-10-08,2025-10-14,6,L059,FAC05,DST16,2236,LTL,CARA,875,CC-105
SHP07505,97501385,2025-10-08,2025-10-14,6,L047,FAC04,DST15,2368,LTL,CARD,894,CC-104
SHP07506,45748376,2025-10-08,2025-10-11,3,L044,FAC04,DST10,475,LTL,CARE,3489,CC-104
SHP07507,81073532,2025-10-08,2025-10-10,2,L024,FAC02,DST19,626,LTL,CARC,1984,CC-102
SHP07508,54266538,2025-10-08,2025-10-12,4,L053,FAC05,DST03,1362,LTL,CARA,2713,CC-105
SHP07509,27487225,2025-10-08,2025-10-11,3,L007,FAC01,DST12,1102,LTL,CARB,804,CC-101
SHP07510,63694230,2025-10-08,2025-10-13,5,L053,FAC05,DST03,1362,LTL,CARE,3923,CC-105
SHP07511,95478795,2025-10-08,2025-10-10,2,L013,FAC02,DST02,798,LTL,CARB,742,CC-102
SHP07512,33517687,2025-10-08,2025-10-09,1,L011,FAC01,DST18,198,LTL,CARE,1063,CC-101
SHP07513,10377250,2025-10-08,2025-10-11,3,L017,FAC02,DST09,1090,LTL,CARC,2474,CC-102
SHP07514,28024868,2025-10-08,2025-10-12,4,L008,FAC01,DST14,1742,LTL,CARA,1643,CC-101
SHP07515,35145597,2025-10-08,2025-10-13,5,L008,FAC01,DST14,1742,TL,CARH,26041,CC-101
SHP07516,72075707,2025-10-08,2025-10-10,2,L037,FAC03,DST20,871,LTL,CARD,454,CC-103
SHP07517,39105548,2025-10-08,2025-10-10,2,L052,FAC04,DST20,227,LTL,CARD,4356,CC-104
SHP07518,60241780,2025-10-08,2025-10-10,2,L025,FAC02,DST20,384,LTL,CARA,1209,CC-102
SHP07519,64406494,2025-10-08,2025-10-11,3,L013,FAC02,DST02,798,LTL,CARB,607,CC-102
SHP07520,68773286,2025-10-08,2025-10-11,3,L058,FAC05,DST13,581,TL,CARG,19712,CC-105
SHP07521,43689189,2025-10-08,2025-10-10,2,L042,FAC04,DST08,197,LTL,CARB,1335,CC-104
SHP07522,50376074,2025-10-08,2025-10-14,6,L046,FAC04,DST14,1996,LTL,CARB,1507,CC-104
SHP07523,51887208,2025-10-08,2025-10-10,2,L004,FAC01,DST07,477,TL,CARH,34407,CC-101
SHP07524,23534513,2025-10-08,2025-10-12,4,L014,FAC02,DST03,1123,LTL,CARD,1088,CC-102
SHP07525,73161153,2025-10-08,2025-10-13,5,L046,FAC04,DST14,1996,TL,CARF,33704,CC-104
SHP07526,77245030,2025-10-08,2025-10-11,3,L039,FAC04,DST03,771,LTL,CARA,1329,CC-104
SHP07527,41188132,2025-10-08,2025-10-10,2,L032,FAC03,DST11,545,LTL,CARC,1390,CC-103
SHP07528,08220678,2025-10-08,2025-10-14,6,L009,FAC01,DST16,2079,LTL,CARE,1316,CC-101
SHP07529,21561967,2025-10-08,2025-10-13,5,L049,FAC04,DST17,1818,LTL,CARC,867,CC-104
SHP07530,85946781,2025-10-08,2025-10-10,2,L042,FAC04,DST08,197,TL,CARF,22763,CC-104
SHP07531,55044214,2025-10-08,2025-10-12,4,L010,FAC01,DST17,1508,TL,CARG,38781,CC-101
SHP07532,10235543,2025-10-08,2025-10-14,6,L009,FAC01,DST16,2079,LTL,CARE,493,CC-101
SHP07533,01904580,2025-10-08,2025-10-14,6,L009,FAC01,DST16,2079,LTL,CARE,822,CC-101
SHP07534,07933759,2025-10-08,2025-10-11,3,L044,FAC04,DST10,475,LTL,CARE,746,CC-104
SHP07535,24963955,2025-10-09,2025-10-11,2,L052,FAC04,DST20,227,LTL,CARD,2890,CC-104
SHP07536,30350075,2025-10-09,2025-10-13,4,L030,FAC03,DST08,1199,LTL,CARC,3241,CC-103
SHP07537,36954818,2025-10-09,2025-10-13,4,L026,FAC03,DST02,1557,LTL,CARD,994,CC-103
SHP07538,60736461,2025-10-09,2025-10-13,4,L036,FAC03,DST19,1283,LTL,CARD,478,CC-103
SHP07539,55608129,2025-10-09,2025-10-13,4,L014,FAC02,DST03,1123,LTL,CARA,2887,CC-102
SHP07540,34240200,2025-10-09,2025-10-11,2,L001,FAC01,DST04,705,TL,CARG,17159,CC-101
SHP07541,13047280,2025-10-09,2025-10-13,4,L026,FAC03,DST02,1557,LTL,CARD,265,CC-103
SHP07542,10713300,2025-10-09,2025-10-12,3,L043,FAC04,DST09,753,LTL,CARC,634,CC-104
SHP07543,23927067,2025-10-09,2025-10-12,3,L019,FAC02,DST11,811,LTL,CARD,521,CC-102
SHP07544,78863684,2025-10-09,2025-10-12,3,L007,FAC01,DST12,1102,LTL,CARE,1931,CC-101
SHP07545,61155990,2025-10-09,2025-10-11,2,L016,FAC02,DST08,717,TL,CARG,33440,CC-102
SHP07546,17848271,2025-10-09,2025-10-16,7,L047,FAC04,DST15,2368,LTL,CARD,555,CC-104
SHP07547,32837741,2025-10-09,2025-10-13,4,L026,FAC03,DST02,1557,LTL,CARD,866,CC-103
SHP07548,85151123,2025-10-09,2025-10-12,3,L054,FAC05,DST04,624,LTL,CARE,1240,CC-105
SHP07549,05933696,2025-10-09,2025-10-12,3,L016,FAC02,DST08,717,LTL,CARE,435,CC-102
SHP07550,42336536,2025-10-09,2025-10-13,4,L028,FAC03,DST04,1114,TL,CARG,25508,CC-103
SHP07551,34920141,2025-10-09,2025-10-11,2,L039,FAC04,DST03,771,LTL,CARE,1754,CC-104
SHP07552,06330511,2025-10-09,2025-10-11,2,L004,FAC01,DST07,477,LTL,CARC,776,CC-101
SHP07553,47488439,2025-10-09,2025-10-15,6,L022,FAC02,DST14,1906,LTL,CARC,704,CC-102
SHP07554,63590129,2025-10-09,2025-10-10,1,L011,FAC01,DST18,198,TL,CARG,26043,CC-101
SHP07555,95578716,2025-10-09,2025-10-12,3,L016,FAC02,DST08,717,LTL,CARE,589,CC-102
SHP07556,87788651,2025-10-09,2025-10-10,1,L006,FAC01,DST10,315,LTL,CARE,4318,CC-101
SHP07557,32371953,2025-10-09,2025-10-12,3,L016,FAC02,DST08,717,LTL,CARE,704,CC-102
SHP07558,08545841,2025-10-09,2025-10-12,3,L058,FAC05,DST13,581,LTL,CARA,5051,CC-105
SHP07559,19633266,2025-10-09,2025-10-11,2,L005,FAC01,DST08,284,LTL,CARD,3168,CC-101
SHP07560,41845296,2025-10-09,2025-10-12,3,L017,FAC02,DST09,1090,LTL,CARC,1267,CC-102
SHP07561,98307223,2025-10-09,2025-10-14,5,L009,FAC01,DST16,2079,LTL,CARE,907,CC-101
SHP07562,80870433,2025-10-09,2025-10-11,2,L004,FAC01,DST07,477,LTL,CARA,2279,CC-101
SHP07563,82475426,2025-10-10,2025-10-13,3,L060,FAC05,DST19,791,LTL,CARA,1307,CC-105
SHP07564,00554821,2025-10-10,2025-10-11,1,L025,FAC02,DST20,384,TL,CARG,35844,CC-102
SHP07565,95882375,2025-10-10,2025-10-15,5,L010,FAC01,DST17,1508,LTL,CARA,849,CC-101
SHP07566,32711281,2025-10-10,2025-10-14,4,L053,FAC05,DST03,1362,LTL,CARE,466,CC-105
SHP07567,40810594,2025-10-10,2025-10-12,2,L057,FAC05,DST10,289,TL,CARH,21216,CC-105
SHP07568,41008752,2025-10-10,2025-10-12,2,L013,FAC02,DST02,798,LTL,CARA,610,CC-102
SHP07569,92091826,2025-10-10,2025-10-13,3,L031,FAC03,DST10,657,LTL,CARC,7280,CC-103
SHP07570,54931473,2025-10-10,2025-10-11,1,L051,FAC04,DST19,195,LTL,CARD,2355,CC-104
SHP07571,60037906,2025-10-10,2025-10-13,3,L028,FAC03,DST04,1114,LTL,CARC,304,CC-103
SHP07572,37729188,2025-10-10,2025-10-13,3,L039,FAC04,DST03,771,LTL,CARE,813,CC-104
SHP07573,65337575,2025-10-10,2025-10-14,4,L026,FAC03,DST02,1557,LTL,CARD,483,CC-103
SHP07574,94263264,2025-10-10,2025-10-15,5,L059,FAC05,DST16,2236,LTL,CARB,2564,CC-105
SHP07575,10875412,2025-10-10,2025-10-13,3,L054,FAC05,DST04,624,LTL,CARE,1616,CC-105
SHP07576,66666089,2025-10-10,2025-10-13,3,L004,FAC01,DST07,477,LTL,CARC,941,CC-101
SHP07577,10299178,2025-10-10,2025-10-14,4,L030,FAC03,DST08,1199,LTL,CARD,1597,CC-103
SHP07578,45002416,2025-10-10,2025-10-12,2,L017,FAC02,DST09,1090,TL,CARF,17958,CC-102
SHP07579,74662284,2025-10-10,2025-10-13,3,L032,FAC03,DST11,545,LTL,CARC,1830,CC-103
SHP07580,91866534,2025-10-10,2025-10-12,2,L011,FAC01,DST18,198,LTL,CARE,445,CC-101
SHP07581,24552500,2025-10-10,2025-10-11,1,L057,FAC05,DST10,289,LTL,CARC,1237,CC-105
SHP07582,97357536,2025-10-10,2025-10-15,5,L047,FAC04,DST15,2368,TL,CARF,23921,CC-104
SHP07583,10900444,2025-10-10,2025-10-12,2,L005,FAC01,DST08,284,LTL,CARB,492,CC-101
SHP07584,32691521,2025-10-10,2025-10-12,2,L056,FAC05,DST07,236,TL,CARG,41587,CC-105
SHP07585,35168205,2025-10-10,2025-10-16,6,L022,FAC02,DST14,1906,LTL,CARE,733,CC-102
SHP07586,82882011,2025-10-10,2025-10-13,3,L039,FAC04,DST03,771,LTL,CARA,1019,CC-104
SHP07587,02857109,2025-10-10,2025-10-14,4,L008,FAC01,DST14,1742,TL,CARH,17180,CC-101
SHP07588,37502522,2025-10-10,2025-10-12,2,L037,FAC03,DST20,871,LTL,CARD,985,CC-103
SHP07589,37057930,2025-10-10,2025-10-12,2,L057,FAC05,DST10,289,LTL,CARE,241,CC-105
SHP07590,93222590,2025-10-11,2025-10-15,4,L007,FAC01,DST12,1102,LTL,CARB,2014,CC-101
SHP07591,33149846,2025-10-11,2025-10-13,2,L045,FAC04,DST11,743,TL,CARF,32731,CC-104
SHP07592,24691611,2025-10-11,2025-10-14,3,L058,FAC05,DST13,581,LTL,CARA,840,CC-105
SHP07593,95551573,2025-10-11,2025-10-13,2,L021,FAC02,DST13,841,LTL,CARB,363,CC-102
SHP07594,04047451,2025-10-11,2025-10-12,1,L015,FAC02,DST07,257,LTL,CARD,310,CC-102
SHP07595,24075624,2025-10-11,2025-10-17,6,L035,FAC03,DST16,2015,LTL,CARD,1130,CC-103
SHP07596,56458658,2025-10-11,2025-10-13,2,L056,FAC05,DST07,236,LTL,CARD,868,CC-105
SHP07597,62988553,2025-10-11,2025-10-17,6,L059,FAC05,DST16,2236,LTL,CARA,663,CC-105
SHP07598,67358718,2025-10-11,2025-10-14,3,L001,FAC01,DST04,705,LTL,CARA,408,CC-101
SHP07599,39819626,2025-10-11,2025-10-13,2,L001,FAC01,DST04,705,TL,CARG,31016,CC-101
SHP07600,22052340,2025-10-11,2025-10-14,3,L018,FAC02,DST10,561,LTL,CARE,324,CC-102
SHP07601,20124664,2025-10-11,2025-10-15,4,L034,FAC03,DST15,1485,LTL,CARB,1130,CC-103
SHP07602,58528484,2025-10-11,2025-10-12,1,L006,FAC01,DST10,315,LTL,CARE,1406,CC-101
SHP07603,67252068,2025-10-11,2025-10-15,4,L009,FAC01,DST16,2079,TL,CARG,28694,CC-101
SHP07604,28311186,2025-10-11,2025-10-15,4,L017,FAC02,DST09,1090,LTL,CARC,1246,CC-102
SHP07605,15585870,2025-10-11,2025-10-16,5,L059,FAC05,DST16,2236,LTL,CARA,1254,CC-105
SHP07606,01744504,2025-10-11,2025-10-14,3,L039,FAC04,DST03,771,LTL,CARA,2097,CC-104
SHP07607,37496548,2025-10-11,2025-10-13,2,L044,FAC04,DST10,475,TL,CARG,35676,CC-104
SHP07608,78072804,2025-10-11,2025-10-17,6,L046,FAC04,DST14,1996,LTL,CARB,914,CC-104
SHP07609,70205969,2025-10-12,2025-10-14,2,L023,FAC02,DST18,513,LTL,CARD,1968,CC-102
SHP07610,03525378,2025-10-12,2025-10-18,6,L022,FAC02,DST14,1906,LTL,CARC,1656,CC-102
SHP07611,42779144,2025-10-12,2025-10-15,3,L060,FAC05,DST19,791,TL,CARF,16245,CC-105
SHP07612,34737642,2025-10-12,2025-10-14,2,L031,FAC03,DST10,657,LTL,CARA,633,CC-103
SHP07613,40143420,2025-10-12,2025-10-15,3,L024,FAC02,DST19,626,LTL,CARC,195,CC-102
SHP07614,51145746,2025-10-12,2025-10-15,3,L045,FAC04,DST11,743,LTL,CARC,4364,CC-104
SHP07615,24897412,2025-10-12,2025-10-17,5,L008,FAC01,DST14,1742,LTL,CARE,296,CC-101
SHP07616,19570691,2025-10-12,2025-10-14,2,L024,FAC02,DST19,626,LTL,CARC,1247,CC-102
SHP07617,50369595,2025-10-12,2025-10-15,3,L021,FAC02,DST13,841,LTL,CARD,236,CC-102
SHP07618,06018990,2025-10-12,2025-10-19,7,L047,FAC04,DST15,2368,LTL,CARD,1384,CC-104
SHP07619,74575225,2025-10-12,2025-10-16,4,L028,FAC03,DST04,1114,TL,CARG,34960,CC-103
SHP07620,75524590,2025-10-12,2025-10-16,4,L033,FAC03,DST14,1061,LTL,CARD,2986,CC-103
SHP07621,92778085,2025-10-12,2025-10-16,4,L033,FAC03,DST14,1061,LTL,CARD,4311,CC-103
SHP07622,40563788,2025-10-12,2025-10-16,4,L007,FAC01,DST12,1102,LTL,CARE,911,CC-101
SHP07623,57980042,2025-10-12,2025-10-13,1,L050,FAC04,DST18,202,LTL,CARD,406,CC-104
SHP07624,54174143,2025-10-12,2025-10-15,3,L044,FAC04,DST10,475,LTL,CARB,2441,CC-104
SHP07625,63032549,2025-10-12,2025-10-16,4,L010,FAC01,DST17,1508,LTL,CARA,975,CC-101
SHP07626,97124381,2025-10-12,2025-10-15,3,L028,FAC03,DST04,1114,LTL,CARE,1384,CC-103
SHP07627,40185249,2025-10-12,2025-10-14,2,L006,FAC01,DST10,315,LTL,CARB,1126,CC-101
SHP07628,77191942,2025-10-12,2025-10-15,3,L036,FAC03,DST19,1283,LTL,CARC,697,CC-103
SHP07629,91974693,2025-10-12,2025-10-16,4,L030,FAC03,DST08,1199,LTL,CARC,1484,CC-103
SHP07630,54006732,2025-10-12,2025-10-15,3,L044,FAC04,DST10,475,LTL,CARB,173,CC-104
SHP07631,95072826,2025-10-12,2025-10-18,6,L059,FAC05,DST16,2236,LTL,CARA,737,CC-105
SHP07632,04391129,2025-10-12,2025-10-13,1,L050,FAC04,DST18,202,LTL,CARC,1120,CC-104
SHP07633,12059648,2025-10-13,2025-10-18,5,L035,FAC03,DST16,2015,LTL,CARA,1137,CC-103
SHP07634,90232751,2025-10-13,2025-10-18,5,L008,FAC01,DST14,1742,LTL,CARA,991,CC-101
SHP07635,99973920,2025-10-13,2025-10-15,2,L055,FAC05,DST06,820,LTL,CARD,4173,CC-105
SHP07636,24983981,2025-10-13,2025-10-17,4,L008,FAC01,DST14,1742,TL,CARH,32956,CC-101
SHP07637,41391743,2025-10-13,2025-10-16,3,L016,FAC02,DST08,717,LTL,CARC,2396,CC-102
SHP07638,50713881,2025-10-13,2025-10-20,7,L047,FAC04,DST15,2368,LTL,CARC,7500,CC-104
SHP07639,23350925,2025-10-13,2025-10-15,2,L052,FAC04,DST20,227,TL,CARF,26775,CC-104
SHP07640,90284370,2025-10-13,2025-10-15,2,L032,FAC03,DST11,545,LTL,CARD,658,CC-103
SHP07641,73210651,2025-10-13,2025-10-15,2,L024,FAC02,DST19,626,LTL,CARD,1457,CC-102
SHP07642,49992208,2025-10-13,2025-10-16,3,L033,FAC03,DST14,1061,LTL,CARB,7500,CC-103
SHP07643,56721155,2025-10-13,2025-10-14,1,L006,FAC01,DST10,315,TL,CARF,32090,CC-101
SHP07644,54702501,2025-10-13,2025-10-15,2,L006,FAC01,DST10,315,LTL,CARE,1855,CC-101
SHP07645,83945754,2025-10-13,2025-10-18,5,L002,FAC01,DST05,1430,LTL,CARB,253,CC-101
SHP07646,86162769,2025-10-13,2025-10-16,3,L037,FAC03,DST20,871,LTL,CARD,1499,CC-103
SHP07647,81240756,2025-10-13,2025-10-16,3,L038,FAC04,DST01,571,TL,CARF,39285,CC-104
SHP07648,58826313,2025-10-13,2025-10-19,6,L035,FAC03,DST16,2015,LTL,CARD,1291,CC-103
SHP07649,19613881,2025-10-13,2025-10-16,3,L038,FAC04,DST01,571,TL,CARF,30927,CC-104
SHP07650,16131888,2025-10-13,2025-10-16,3,L058,FAC05,DST13,581,LTL,CARA,2296,CC-105
SHP07651,00683531,2025-10-13,2025-10-16,3,L018,FAC02,DST10,561,LTL,CARE,3812,CC-102
SHP07652,61674974,2025-10-13,2025-10-16,3,L017,FAC02,DST09,1090,LTL,CARE,898,CC-102
SHP07653,27420007,2025-10-13,2025-10-15,2,L011,FAC01,DST18,198,LTL,CARD,438,CC-101
SHP07654,88189977,2025-10-13,2025-10-15,2,L057,FAC05,DST10,289,LTL,CARE,474,CC-105
SHP07655,00477959,2025-10-13,2025-10-17,4,L033,FAC03,DST14,1061,LTL,CARB,1418,CC-103
SHP07656,48718062,2025-10-14,2025-10-18,4,L014,FAC02,DST03,1123,LTL,CARA,736,CC-102
SHP07657,94735562,2025-10-14,2025-10-16,2,L015,FAC02,DST07,257,LTL,CARB,1826,CC-102
SHP07658,16681932,2025-10-14,2025-10-19,5,L009,FAC01,DST16,2079,LTL,CARB,2873,CC-101
SHP07659,83866629,2025-10-14,2025-10-15,1,L012,FAC01,DST20,323,LTL,CARC,934,CC-101
SHP07660,59723353,2025-10-14,2025-10-16,2,L044,FAC04,DST10,475,LTL,CARE,476,CC-104
SHP07661,91168767,2025-10-14,2025-10-18,4,L029,FAC03,DST05,1333,LTL,CARD,922,CC-103
SHP07662,65420791,2025-10-14,2025-10-17,3,L007,FAC01,DST12,1102,TL,CARF,19208,CC-101
SHP07663,79836375,2025-10-14,2025-10-18,4,L014,FAC02,DST03,1123,LTL,CARA,1078,CC-102
SHP07664,04991208,2025-10-14,2025-10-19,5,L026,FAC03,DST02,1557,LTL,CARA,873,CC-103
SHP07665,55540701,2025-10-14,2025-10-16,2,L045,FAC04,DST11,743,LTL,CARE,1223,CC-104
SHP07666,45639546,2025-10-14,2025-10-16,2,L057,FAC05,DST10,289,TL,CARH,40421,CC-105
SHP07667,77340397,2025-10-14,2025-10-21,7,L047,FAC04,DST15,2368,LTL,CARD,465,CC-104
SHP07668,65889808,2025-10-14,2025-10-18,4,L034,FAC03,DST15,1485,TL,CARG,40519,CC-103
SHP07669,89038988,2025-10-14,2025-10-16,2,L041,FAC04,DST07,400,LTL,CARA,1693,CC-104
SHP07670,34562363,2025-10-14,2025-10-18,4,L053,FAC05,DST03,1362,LTL,CARE,7500,CC-105
SHP07671,81576358,2025-10-14,2025-10-18,4,L053,FAC05,DST03,1362,TL,CARG,33473,CC-105
SHP07672,39019056,2025-10-14,2025-10-17,3,L060,FAC05,DST19,791,TL,CARF,39035,CC-105
SHP07673,07389793,2025-10-14,2025-10-16,2,L057,FAC05,DST10,289,LTL,CARC,1274,CC-105
SHP07674,72015635,2025-10-14,2025-10-18,4,L027,FAC03,DST03,1859,TL,CARH,36564,CC-103
SHP07675,29393028,2025-10-14,2025-10-17,3,L054,FAC05,DST04,624,LTL,CARE,2147,CC-105
SHP07676,82958716,2025-10-14,2025-10-16,2,L045,FAC04,DST11,743,TL,CARF,37782,CC-104
SHP07677,40692807,2025-10-14,2025-10-15,1,L012,FAC01,DST20,323,LTL,CARB,636,CC-101
SHP07678,61448994,2025-10-14,2025-10-15,1,L011,FAC01,DST18,198,LTL,CARD,1824,CC-101
SHP07679,11600197,2025-10-15,2025-10-18,3,L019,FAC02,DST11,811,TL,CARH,16103,CC-102
SHP07680,01313614,2025-10-15,2025-10-19,4,L009,FAC01,DST16,2079,TL,CARG,37898,CC-101
SHP07681,74757220,2025-10-15,2025-10-21,6,L048,FAC04,DST16,2410,LTL,CARB,463,CC-104
SHP07682,96582338,2025-10-15,2025-10-19,4,L007,FAC01,DST12,1102,LTL,CARB,1245,CC-101
SHP07683,28741914,2025-10-15,2025-10-20,5,L002,FAC01,DST05,1430,LTL,CARE,851,CC-101
SHP07684,45812023,2025-10-15,2025-10-21,6,L046,FAC04,DST14,1996,LTL,CARB,1100,CC-104
SHP07685,55133185,2025-10-15,2025-10-19,4,L029,FAC03,DST05,1333,LTL,CARA,520,CC-103
SHP07686,35256262,2025-10-15,2025-10-18,3,L054,FAC05,DST04,624,LTL,CARB,1061,CC-105
SHP07687,49203112,2025-10-15,2025-10-18,3,L055,FAC05,DST06,820,LTL,CARD,1585,CC-105
SHP07688,95658771,2025-10-15,2025-10-17,2,L044,FAC04,DST10,475,LTL,CARB,1942,CC-104
SHP07689,58823594,2025-10-15,2025-10-19,4,L046,FAC04,DST14,1996,TL,CARF,37869,CC-104
SHP07690,50116999,2025-10-15,2025-10-21,6,L048,FAC04,DST16,2410,LTL,CARB,1760,CC-104
SHP07691,04230443,2025-10-15,2025-10-17,2,L037,FAC03,DST20,871,LTL,CARD,399,CC-103
SHP07692,27920638,2025-10-15,2025-10-17,2,L019,FAC02,DST11,811,LTL,CARD,1082,CC-102
SHP07693,51076937,2025-10-15,2025-10-17,2,L043,FAC04,DST09,753,LTL,CARC,435,CC-104
SHP07694,59194176,2025-10-15,2025-10-17,2,L056,FAC05,DST07,236,LTL,CARD,2822,CC-105
SHP07695,48464985,2025-10-15,2025-10-17,2,L043,FAC04,DST09,753,TL,CARH,32429,CC-104
SHP07696,58880986,2025-10-15,2025-10-17,2,L043,FAC04,DST09,753,LTL,CARE,7500,CC-104
SHP07697,03134337,2025-10-15,2025-10-16,1,L011,FAC01,DST18,198,LTL,CARD,5525,CC-101
SHP07698,51783508,2025-10-15,2025-10-19,4,L017,FAC02,DST09,1090,LTL,CARE,3818,CC-102
SHP07699,53596481,2025-10-15,2025-10-17,2,L058,FAC05,DST13,581,LTL,CARA,371,CC-105
SHP07700,64869039,2025-10-15,2025-10-16,1,L005,FAC01,DST08,284,LTL,CARB,696,CC-101
SHP07701,98495533,2025-10-15,2025-10-18,3,L039,FAC04,DST03,771,LTL,CARA,1382,CC-104
SHP07702,41275129,2025-10-15,2025-10-18,3,L013,FAC02,DST02,798,LTL,CARB,1986,CC-102
SHP07703,59121364,2025-10-15,2025-10-16,1,L052,FAC04,DST20,227,LTL,CARE,800,CC-104
SHP07704,63364712,2025-10-15,2025-10-19,4,L030,FAC03,DST08,1199,LTL,CARD,462,CC-103
SHP07705,11977741,2025-10-15,2025-10-18,3,L031,FAC03,DST10,657,LTL,CARC,1525,CC-103
SHP07706,22504590,2025-10-15,2025-10-17,2,L015,FAC02,DST07,257,TL,CARH,37057,CC-102
SHP07707,85305990,2025-10-15,2025-10-18,3,L002,FAC01,DST05,1430,TL,CARF,15905,CC-101
SHP07708,03629121,2025-10-15,2025-10-17,2,L011,FAC01,DST18,198,LTL,CARD,579,CC-101
SHP07709,66136391,2025-10-16,2025-10-19,3,L060,FAC05,DST19,791,LTL,CARA,431,CC-105
SHP07710,98645389,2025-10-16,2025-10-19,3,L014,FAC02,DST03,1123,LTL,CARD,1537,CC-102
SHP07711,34491243,2025-10-16,2025-10-20,4,L040,FAC04,DST05,1193,LTL,CARC,250,CC-104
SHP07712,04168950,2025-10-16,2025-10-18,2,L001,FAC01,DST04,705,LTL,CARA,2765,CC-101
SHP07713,67366254,2025-10-16,2025-10-18,2,L021,FAC02,DST13,841,LTL,CARB,838,CC-102
SHP07714,67082318,2025-10-16,2025-10-19,3,L016,FAC02,DST08,717,TL,CARG,30998,CC-102
SHP07715,76403657,2025-10-16,2025-10-19,3,L017,FAC02,DST09,1090,TL,CARF,21228,CC-102
SHP07716,08722900,2025-10-16,2025-10-20,4,L014,FAC02,DST03,1123,LTL,CARA,566,CC-102
SHP07717,66142662,2025-10-16,2025-10-18,2,L043,FAC04,DST09,753,LTL,CARC,435,CC-104
SHP07718,44783305,2025-10-16,2025-10-19,3,L045,FAC04,DST11,743,LTL,CARC,2222,CC-104
SHP07719,68936670,2025-10-16,2025-10-19,3,L016,FAC02,DST08,717,LTL,CARE,693,CC-102
SHP07720,93504134,2025-10-16,2025-10-18,2,L041,FAC04,DST07,400,LTL,CARA,1020,CC-104
SHP07721,34822935,2025-10-16,2025-10-22,6,L035,FAC03,DST16,2015,LTL,CARA,1507,CC-103
SHP07722,79509584,2025-10-16,2025-10-18,2,L015,FAC02,DST07,257,LTL,CARB,443,CC-102
SHP07723,75815962,2025-10-16,2025-10-18,2,L037,FAC03,DST20,871,TL,CARG,21820,CC-103
SHP07724,88013662,2025-10-16,2025-10-18,2,L042,FAC04,DST08,197,LTL,CARC,4454,CC-104
SHP07725,12376599,2025-10-16,2025-10-18,2,L045,FAC04,DST11,743,LTL,CARC,824,CC-104
SHP07726,26744670,2025-10-16,2025-10-21,5,L053,FAC05,DST03,1362,LTL,CARA,1442,CC-105
SHP07727,97621533,2025-10-16,2025-10-19,3,L021,FAC02,DST13,841,LTL,CARB,2148,CC-102
SHP07728,25473891,2025-10-16,2025-10-21,5,L026,FAC03,DST02,1557,LTL,CARA,1622,CC-103
SHP07729,42318830,2025-10-16,2025-10-19,3,L040,FAC04,DST05,1193,LTL,CARB,1616,CC-104
SHP07730,78076488,2025-10-16,2025-10-22,6,L059,FAC05,DST16,2236,LTL,CARA,892,CC-105
SHP07731,19832872,2025-10-16,2025-10-19,3,L021,FAC02,DST13,841,LTL,CARB,748,CC-102
SHP07732,78626742,2025-10-16,2025-10-17,1,L041,FAC04,DST07,400,LTL,CARA,394,CC-104
SHP07733,31901618,2025-10-16,2025-10-18,2,L032,FAC03,DST11,545,LTL,CARC,2026,CC-103
SHP07734,73676430,2025-10-16,2025-10-22,6,L022,FAC02,DST14,1906,LTL,CARC,399,CC-102
SHP07735,63504238,2025-10-16,2025-10-20,4,L007,FAC01,DST12,1102,LTL,CARE,1651,CC-101
SHP07736,54176806,2025-10-16,2025-10-21,5,L027,FAC03,DST03,1859,LTL,CARD,2555,CC-103
SHP07737,25788404,2025-10-16,2025-10-17,1,L005,FAC01,DST08,284,LTL,CARB,2529,CC-101
SHP07738,75978373,2025-10-16,2025-10-18,2,L056,FAC05,DST07,236,LTL,CARE,693,CC-105
SHP07739,01899937,2025-10-16,2025-10-18,2,L032,FAC03,DST11,545,LTL,CARC,1574,CC-103
SHP07740,73304675,2025-10-16,2025-10-20,4,L040,FAC04,DST05,1193,LTL,CARB,3635,CC-104
SHP07741,75290466,2025-10-16,2025-10-21,5,L008,FAC01,DST14,1742,TL,CARH,22160,CC-101
SHP07742,07886135,2025-10-16,2025-10-21,5,L020,FAC02,DST12,1452,LTL,CARB,1472,CC-102
SHP07743,63569979,2025-10-16,2025-10-17,1,L006,FAC01,DST10,315,TL,CARF,35597,CC-101
SHP07744,94831067,2025-10-17,2025-10-21,4,L020,FAC02,DST12,1452,LTL,CARA,1263,CC-102
SHP07745,42171651,2025-10-17,2025-10-19,2,L001,FAC01,DST04,705,LTL,CARC,916,CC-101
SHP07746,86989611,2025-10-17,2025-10-22,5,L010,FAC01,DST17,1508,LTL,CARC,1071,CC-101
SHP07747,12505018,2025-10-17,2025-10-21,4,L009,FAC01,DST16,2079,TL,CARG,32333,CC-101
SHP07748,94434507,2025-10-17,2025-10-20,3,L016,FAC02,DST08,717,LTL,CARC,936,CC-102
SHP07749,84520156,2025-10-17,2025-10-22,5,L048,FAC04,DST16,2410,TL,CARG,24711,CC-104
SHP07750,42669450,2025-10-17,2025-10-19,2,L058,FAC05,DST13,581,LTL,CARA,540,CC-105
SHP07751,22835169,2025-10-17,2025-10-24,7,L047,FAC04,DST15,2368,LTL,CARC,2173,CC-104
SHP07752,65727835,2025-10-17,2025-10-20,3,L014,FAC02,DST03,1123,LTL,CARA,1184,CC-102
SHP07753,47104721,2025-10-17,2025-10-20,3,L040,FAC04,DST05,1193,LTL,CARB,1999,CC-104
SHP07754,07462635,2025-10-17,2025-10-21,4,L014,FAC02,DST03,1123,LTL,CARD,611,CC-102
SHP07755,49728826,2025-10-17,2025-10-19,2,L043,FAC04,DST09,753,LTL,CARE,1326,CC-104
SHP07756,48768400,2025-10-17,2025-10-19,2,L042,FAC04,DST08,197,LTL,CARC,1145,CC-104
SHP07757,39118219,2025-10-17,2025-10-19,2,L004,FAC01,DST07,477,LTL,CARC,493,CC-101
SHP07758,79339177,2025-10-17,2025-10-23,6,L027,FAC03,DST03,1859,LTL,CARA,1505,CC-103
SHP07759,62315430,2025-10-17,2025-10-21,4,L028,FAC03,DST04,1114,LTL,CARC,2340,CC-103
SHP07760,02249832,2025-10-17,2025-10-21,4,L022,FAC02,DST14,1906,TL,CARH,20947,CC-102
SHP07761,06846692,2025-10-17,2025-10-21,4,L034,FAC03,DST15,1485,LTL,CARB,2341,CC-103
SHP07762,06073297,2025-10-17,2025-10-20,3,L013,FAC02,DST02,798,LTL,CARA,471,CC-102
SHP07763,64225810,2025-10-17,2025-10-18,1,L025,FAC02,DST20,384,LTL,CARA,771,CC-102
SHP07764,08073488,2025-10-17,2025-10-20,3,L033,FAC03,DST14,1061,LTL,CARB,257,CC-103
SHP07765,62010926,2025-10-17,2025-10-20,3,L032,FAC03,DST11,545,LTL,CARC,1278,CC-103
SHP07766,21291384,2025-10-17,2025-10-19,2,L033,FAC03,DST14,1061,TL,CARF,41423,CC-103
SHP07767,48658764,2025-10-17,2025-10-19,2,L055,FAC05,DST06,820,LTL,CARE,1295,CC-105
SHP07768,73288274,2025-10-17,2025-10-19,2,L024,FAC02,DST19,626,LTL,CARC,240,CC-102
SHP07769,42055929,2025-10-17,2025-10-19,2,L051,FAC04,DST19,195,LTL,CARD,2205,CC-104
SHP07770,04893957,2025-10-17,2025-10-21,4,L003,FAC01,DST06,1183,LTL,CARC,1724,CC-101
SHP07771,98745852,2025-10-17,2025-10-20,3,L018,FAC02,DST10,561,LTL,CARE,539,CC-102
SHP07772,23144462,2025-10-17,2025-10-20,3,L021,FAC02,DST13,841,LTL,CARD,1898,CC-102
SHP07773,31276106,2025-10-18,2025-10-20,2,L060,FAC05,DST19,791,LTL,CARD,1448,CC-105
SHP07774,47193817,2025-10-18,2025-10-22,4,L003,FAC01,DST06,1183,LTL,CARD,6297,CC-101
SHP07775,12536441,2025-10-18,2025-10-20,2,L032,FAC03,DST11,545,LTL,CARD,460,CC-103
SHP07776,15515903,2025-10-18,2025-10-21,3,L007,FAC01,DST12,1102,LTL,CARB,494,CC-101
SHP07777,54853026,2025-10-18,2025-10-20,2,L001,FAC01,DST04,705,LTL,CARC,777,CC-101
SHP07778,22688603,2025-10-18,2025-10-24,6,L059,FAC05,DST16,2236,TL,CARH,19332,CC-105
SHP07779,16315834,2025-10-18,2025-10-24,6,L047,FAC04,DST15,2368,LTL,CARC,1043,CC-104
SHP07780,56090027,2025-10-18,2025-10-20,2,L015,FAC02,DST07,257,LTL,CARB,779,CC-102
SHP07781,02770556,2025-10-18,2025-10-20,2,L013,FAC02,DST02,798,LTL,CARB,4523,CC-102
SHP07782,38303960,2025-10-18,2025-10-20,2,L025,FAC02,DST20,384,LTL,CARB,474,CC-102
SHP07783,79089739,2025-10-18,2025-10-21,3,L030,FAC03,DST08,1199,LTL,CARD,1994,CC-103
SHP07784,73948724,2025-10-18,2025-10-20,2,L058,FAC05,DST13,581,LTL,CARD,1147,CC-105
SHP07785,77236411,2025-10-18,2025-10-19,1,L051,FAC04,DST19,195,LTL,CARB,1090,CC-104
SHP07786,07333054,2025-10-18,2025-10-20,2,L017,FAC02,DST09,1090,TL,CARF,35514,CC-102
SHP07787,07788067,2025-10-18,2025-10-20,2,L032,FAC03,DST11,545,TL,CARH,33487,CC-103
SHP07788,74905605,2025-10-18,2025-10-20,2,L051,FAC04,DST19,195,LTL,CARD,1000,CC-104
SHP07789,00397186,2025-10-18,2025-10-20,2,L004,FAC01,DST07,477,LTL,CARC,1534,CC-101
SHP07790,11185304,2025-10-18,2025-10-23,5,L046,FAC04,DST14,1996,LTL,CARB,131,CC-104
SHP07791,78936294,2025-10-18,2025-10-20,2,L015,FAC02,DST07,257,LTL,CARB,387,CC-102
SHP07792,47258747,2025-10-18,2025-10-24,6,L047,FAC04,DST15,2368,LTL,CARC,3226,CC-104
SHP07793,07811923,2025-10-18,2025-10-22,4,L034,FAC03,DST15,1485,LTL,CARA,445,CC-103
SHP07794,49504577,2025-10-18,2025-10-22,4,L030,FAC03,DST08,1199,TL,CARF,34942,CC-103
SHP07795,87936945,2025-10-18,2025-10-20,2,L015,FAC02,DST07,257,LTL,CARB,722,CC-102
SHP07796,73855810,2025-10-18,2025-10-22,4,L020,FAC02,DST12,1452,LTL,CARB,688,CC-102
SHP07797,98479477,2025-10-18,2025-10-24,6,L035,FAC03,DST16,2015,LTL,CARD,1281,CC-103
SHP07798,42177589,2025-10-18,2025-10-21,3,L016,FAC02,DST08,717,LTL,CARC,1008,CC-102
SHP07799,22328660,2025-10-18,2025-10-20,2,L060,FAC05,DST19,791,TL,CARF,33409,CC-105
SHP07800,94727641,2025-10-18,2025-10-19,1,L005,FAC01,DST08,284,LTL,CARD,347,CC-101
SHP07801,70664371,2025-10-18,2025-10-21,3,L038,FAC04,DST01,571,LTL,CARD,2582,CC-104
SHP07802,41864818,2025-10-19,2025-10-23,4,L030,FAC03,DST08,1199,LTL,CARD,965,CC-103
SHP07803,95835391,2025-10-19,2025-10-21,2,L039,FAC04,DST03,771,TL,CARG,30635,CC-104
SHP07804,35834217,2025-10-19,2025-10-21,2,L060,FAC05,DST19,791,LTL,CARD,1260,CC-105
SHP07805,34633909,2025-10-19,2025-10-20,1,L011,FAC01,DST18,198,TL,CARG,29406,CC-101
SHP07806,30389180,2025-10-19,2025-10-24,5,L059,FAC05,DST16,2236,LTL,CARA,4653,CC-105
SHP07807,58529211,2025-10-19,2025-10-20,1,L005,FAC01,DST08,284,LTL,CARD,763,CC-101
SHP07808,34942058,2025-10-19,2025-10-20,1,L005,FAC01,DST08,284,LTL,CARD,762,CC-101
SHP07809,71005055,2025-10-19,2025-10-21,2,L057,FAC05,DST10,289,LTL,CARC,303,CC-105
SHP07810,34749629,2025-10-19,2025-10-23,4,L008,FAC01,DST14,1742,TL,CARH,20967,CC-101
SHP07811,20770824,2025-10-19,2025-10-22,3,L039,FAC04,DST03,771,LTL,CARA,751,CC-104
SHP07812,80574223,2025-10-19,2025-10-21,2,L041,FAC04,DST07,400,LTL,CARB,1452,CC-104
SHP07813,67152289,2025-10-19,2025-10-23,4,L003,FAC01,DST06,1183,TL,CARG,23487,CC-101
SHP07814,91894564,2025-10-19,2025-10-24,5,L049,FAC04,DST17,1818,LTL,CARA,717,CC-104
SHP07815,66396070,2025-10-19,2025-10-24,5,L035,FAC03,DST16,2015,TL,CARF,26886,CC-103
SHP07816,46537348,2025-10-19,2025-10-21,2,L001,FAC01,DST04,705,LTL,CARC,365,CC-101
SHP07817,62847686,2025-10-19,2025-10-21,2,L021,FAC02,DST13,841,LTL,CARB,729,CC-102
SHP07818,62691807,2025-10-19,2025-10-23,4,L040,FAC04,DST05,1193,LTL,CARC,1156,CC-104
SHP07819,14887918,2025-10-19,2025-10-21,2,L037,FAC03,DST20,871,LTL,CARD,4862,CC-103
SHP07820,79243962,2025-10-19,2025-10-21,2,L037,FAC03,DST20,871,LTL,CARE,2812,CC-103
SHP07821,70004590,2025-10-19,2025-10-21,2,L037,FAC03,DST20,871,LTL,CARD,993,CC-103
SHP07822,38195541,2025-10-19,2025-10-21,2,L011,FAC01,DST18,198,LTL,CARE,614,CC-101
SHP07823,26250464,2025-10-19,2025-10-21,2,L060,FAC05,DST19,791,LTL,CARA,2434,CC-105
SHP07824,92887285,2025-10-19,2025-10-23,4,L036,FAC03,DST19,1283,LTL,CARD,1192,CC-103
SHP07825,30354885,2025-10-19,2025-10-22,3,L028,FAC03,DST04,1114,LTL,CARE,666,CC-103
SHP07826,00724040,2025-10-19,2025-10-22,3,L030,FAC03,DST08,1199,LTL,CARD,2312,CC-103
SHP07827,81699430,2025-10-19,2025-10-22,3,L037,FAC03,DST20,871,LTL,CARE,269,CC-103
SHP07828,50225428,2025-10-20,2025-10-24,4,L053,FAC05,DST03,1362,LTL,CARA,1165,CC-105
SHP07829,46848195,2025-10-20,2025-10-24,4,L030,FAC03,DST08,1199,TL,CARF,26706,CC-103
SHP07830,85431729,2025-10-20,2025-10-22,2,L044,FAC04,DST10,475,LTL,CARE,1811,CC-104
SHP07831,72614361,2025-10-20,2025-10-25,5,L022,FAC02,DST14,1906,LTL,CARC,585,CC-102
SHP07832,25724540,2025-10-20,2025-10-24,4,L040,FAC04,DST05,1193,LTL,CARB,2734,CC-104
SHP07833,17018516,2025-10-20,2025-10-22,2,L001,FAC01,DST04,705,LTL,CARC,4645,CC-101
SHP07834,13644392,2025-10-20,2025-10-23,3,L029,FAC03,DST05,1333,LTL,CARD,872,CC-103
SHP07835,26246779,2025-10-20,2025-10-22,2,L039,FAC04,DST03,771,LTL,CARA,534,CC-104
SHP07836,92456741,2025-10-20,2025-10-21,1,L057,FAC05,DST10,289,LTL,CARE,1141,CC-105
SHP07837,90524485,2025-10-20,2025-10-26,6,L009,FAC01,DST16,2079,LTL,CARB,698,CC-101
SHP07838,24990367,2025-10-20,2025-10-25,5,L048,FAC04,DST16,2410,TL,CARG,19091,CC-104
SHP07839,07374702,2025-10-20,2025-10-24,4,L030,FAC03,DST08,1199,LTL,CARD,3486,CC-103
SHP07840,54848751,2025-10-20,2025-10-24,4,L029,FAC03,DST05,1333,LTL,CARD,1828,CC-103
SHP07841,79491370,2025-10-20,2025-10-25,5,L035,FAC03,DST16,2015,LTL,CARD,544,CC-103
SHP07842,75592928,2025-10-20,2025-10-25,5,L022,FAC02,DST14,1906,LTL,CARC,887,CC-102
SHP07843,62534021,2025-10-20,2025-10-26,6,L059,FAC05,DST16,2236,LTL,CARA,2520,CC-105
SHP07844,53497393,2025-10-20,2025-10-23,3,L038,FAC04,DST01,571,LTL,CARD,473,CC-104
SHP07845,34413473,2025-10-20,2025-10-22,2,L019,FAC02,DST11,811,LTL,CARC,2016,CC-102
SHP07846,78239521,2025-10-20,2025-10-22,2,L001,FAC01,DST04,705,LTL,CARA,803,CC-101
SHP07847,36510375,2025-10-20,2025-10-23,3,L020,FAC02,DST12,1452,TL,CARG,19787,CC-102
SHP07848,55151396,2025-10-20,2025-10-26,6,L047,FAC04,DST15,2368,LTL,CARC,1628,CC-104
SHP07849,34838351,2025-10-20,2025-10-22,2,L032,FAC03,DST11,545,LTL,CARC,3558,CC-103
SHP07850,44928074,2025-10-20,2025-10-24,4,L014,FAC02,DST03,1123,LTL,CARA,1088,CC-102
SHP07851,61307290,2025-10-21,2025-10-25,4,L003,FAC01,DST06,1183,LTL,CARD,3279,CC-101
SHP07852,42157305,2025-10-21,2025-10-28,7,L047,FAC04,DST15,2368,LTL,CARD,743,CC-104
SHP07853,49662348,2025-10-21,2025-10-25,4,L029,FAC03,DST05,1333,LTL,CARA,516,CC-103
SHP07854,37332159,2025-10-21,2025-10-24,3,L017,FAC02,DST09,1090,LTL,CARC,988,CC-102
SHP07855,10671641,2025-10-21,2025-10-24,3,L058,FAC05,DST13,581,LTL,CARD,394,CC-105
SHP07856,73118089,2025-10-21,2025-10-22,1,L012,FAC01,DST20,323,LTL,CARC,1548,CC-101
SHP07857,75368917,2025-10-21,2025-10-26,5,L027,FAC03,DST03,1859,LTL,CARA,824,CC-103
SHP07858,60485653,2025-10-21,2025-10-23,2,L021,FAC02,DST13,841,TL,CARG,40482,CC-102
SHP07859,74799457,2025-10-21,2025-10-24,3,L038,FAC04,DST01,571,TL,CARF,40485,CC-104
SHP07860,64833346,2025-10-21,2025-10-24,3,L013,FAC02,DST02,798,LTL,CARB,939,CC-102
SHP07861,52022898,2025-10-21,2025-10-24,3,L043,FAC04,DST09,753,TL,CARH,41588,CC-104
SHP07862,53849716,2025-10-21,2025-10-23,2,L024,FAC02,DST19,626,LTL,CARC,1733,CC-102
SHP07863,10722785,2025-10-21,2025-10-26,5,L049,FAC04,DST17,1818,LTL,CARC,2335,CC-104
SHP07864,51423371,2025-10-21,2025-10-23,2,L041,FAC04,DST07,400,LTL,CARA,1661,CC-104
SHP07865,26477861,2025-10-21,2025-10-25,4,L003,FAC01,DST06,1183,LTL,CARD,408,CC-101
SHP07866,80136948,2025-10-21,2025-10-24,3,L021,FAC02,DST13,841,TL,CARG,24082,CC-102
SHP07867,90924902,2025-10-21,2025-10-24,3,L024,FAC02,DST19,626,LTL,CARD,1109,CC-102
SHP07868,99758308,2025-10-21,2025-10-23,2,L038,FAC04,DST01,571,LTL,CARD,1332,CC-104
SHP07869,28163474,2025-10-21,2025-10-25,4,L002,FAC01,DST05,1430,LTL,CARB,5120,CC-101
SHP07870,19620110,2025-10-21,2025-10-27,6,L059,FAC05,DST16,2236,LTL,CARB,550,CC-105
SHP07871,43415991,2025-10-21,2025-10-23,2,L039,FAC04,DST03,771,LTL,CARE,562,CC-104
SHP07872,85907179,2025-10-21,2025-10-23,2,L044,FAC04,DST10,475,LTL,CARB,1844,CC-104
SHP07873,41970927,2025-10-21,2025-10-23,2,L050,FAC04,DST18,202,LTL,CARC,2713,CC-104
SHP07874,36479355,2025-10-21,2025-10-23,2,L024,FAC02,DST19,626,TL,CARH,33521,CC-102
SHP07875,63275908,2025-10-21,2025-10-24,3,L058,FAC05,DST13,581,LTL,CARA,1113,CC-105
SHP07876,09688391,2025-10-21,2025-10-22,1,L052,FAC04,DST20,227,LTL,CARD,215,CC-104
SHP07877,61852220,2025-10-21,2025-10-24,3,L007,FAC01,DST12,1102,LTL,CARB,961,CC-101
SHP07878,69977613,2025-10-21,2025-10-23,2,L038,FAC04,DST01,571,LTL,CARB,609,CC-104
SHP07879,85122977,2025-10-21,2025-10-25,4,L034,FAC03,DST15,1485,LTL,CARA,507,CC-103
SHP07880,42809516,2025-10-21,2025-10-25,4,L014,FAC02,DST03,1123,LTL,CARD,904,CC-102
SHP07881,58197617,2025-10-21,2025-10-23,2,L060,FAC05,DST19,791,LTL,CARD,475,CC-105
SHP07882,98397301,2025-10-21,2025-10-26,5,L049,FAC04,DST17,1818,TL,CARF,41488,CC-104
SHP07883,34271169,2025-10-21,2025-10-23,2,L024,FAC02,DST19,626,LTL,CARC,2498,CC-102
SHP07884,30558756,2025-10-22,2025-10-25,3,L018,FAC02,DST10,561,LTL,CARE,245,CC-102
SHP07885,61289978,2025-10-22,2025-10-24,2,L041,FAC04,DST07,400,LTL,CARA,531,CC-104
SHP07886,02305176,2025-10-22,2025-10-25,3,L021,FAC02,DST13,841,LTL,CARB,383,CC-102
SHP07887,56402785,2025-10-22,2025-10-24,2,L025,FAC02,DST20,384,LTL,CARA,1198,CC-102
SHP07888,54194088,2025-10-22,2025-10-26,4,L029,FAC03,DST05,1333,LTL,CARD,180,CC-103
SHP07889,96654361,2025-10-22,2025-10-23,1,L056,FAC05,DST07,236,LTL,CARE,2000,CC-105
SHP07890,35799787,2025-10-22,2025-10-24,2,L057,FAC05,DST10,289,LTL,CARE,2539,CC-105
SHP07891,18235389,2025-10-22,2025-10-27,5,L059,FAC05,DST16,2236,LTL,CARA,3881,CC-105
SHP07892,91772441,2025-10-22,2025-10-26,4,L010,FAC01,DST17,1508,LTL,CARA,1284,CC-101
SHP07893,28683542,2025-10-22,2025-10-25,3,L039,FAC04,DST03,771,LTL,CARA,2113,CC-104
SHP07894,02132397,2025-10-22,2025-10-28,6,L046,FAC04,DST14,1996,LTL,CARA,894,CC-104
SHP07895,48998353,2025-10-22,2025-10-27,5,L010,FAC01,DST17,1508,LTL,CARC,2282,CC-101
SHP07896,97712870,2025-10-22,2025-10-24,2,L011,FAC01,DST18,198,TL,CARG,41546,CC-101
SHP07897,36990500,2025-10-22,2025-10-26,4,L007,FAC01,DST12,1102,LTL,CARE,2616,CC-101
SHP07898,74133797,2025-10-22,2025-10-24,2,L056,FAC05,DST07,236,LTL,CARD,2346,CC-105
SHP07899,02057644,2025-10-22,2025-10-24,2,L006,FAC01,DST10,315,LTL,CARE,1217,CC-101
SHP07900,18354477,2025-10-22,2025-10-27,5,L020,FAC02,DST12,1452,LTL,CARA,428,CC-102
SHP07901,62617713,2025-10-22,2025-10-26,4,L010,FAC01,DST17,1508,LTL,CARC,472,CC-101
SHP07902,94620911,2025-10-22,2025-10-25,3,L036,FAC03,DST19,1283,TL,CARF,23072,CC-103
SHP07903,75109695,2025-10-22,2025-10-24,2,L042,FAC04,DST08,197,TL,CARF,37709,CC-104
SHP07904,64789316,2025-10-22,2025-10-25,3,L019,FAC02,DST11,811,TL,CARH,22683,CC-102
SHP07905,63351041,2025-10-22,2025-10-26,4,L035,FAC03,DST16,2015,TL,CARF,32388,CC-103
SHP07906,78434265,2025-10-22,2025-10-23,1,L012,FAC01,DST20,323,LTL,CARC,2476,CC-101
SHP07907,58254947,2025-10-22,2025-10-26,4,L026,FAC03,DST02,1557,TL,CARH,29727,CC-103
SHP07908,77967505,2025-10-22,2025-10-28,6,L009,FAC01,DST16,2079,LTL,CARB,1181,CC-101
SHP07909,59178654,2025-10-22,2025-10-25,3,L036,FAC03,DST19,1283,LTL,CARD,1297,CC-103
SHP07910,20524363,2025-10-22,2025-10-24,2,L023,FAC02,DST18,513,LTL,CARD,1572,CC-102
SHP07911,94149316,2025-10-22,2025-10-23,1,L005,FAC01,DST08,284,LTL,CARD,739,CC-101
SHP07912,68992627,2025-10-22,2025-10-24,2,L015,FAC02,DST07,257,LTL,CARB,1612,CC-102
SHP07913,87862392,2025-10-22,2025-10-26,4,L030,FAC03,DST08,1199,LTL,CARC,699,CC-103
SHP07914,58762926,2025-10-22,2025-10-24,2,L018,FAC02,DST10,561,LTL,CARE,1111,CC-102
SHP07915,94397385,2025-10-22,2025-10-25,3,L007,FAC01,DST12,1102,TL,CARF,27006,CC-101
SHP07916,34738589,2025-10-22,2025-10-24,2,L041,FAC04,DST07,400,LTL,CARB,6365,CC-104
SHP07917,95428203,2025-10-22,2025-10-24,2,L016,FAC02,DST08,717,LTL,CARC,127,CC-102
SHP07918,31418705,2025-10-22,2025-10-26,4,L014,FAC02,DST03,1123,LTL,CARA,2281,CC-102
SHP07919,56381851,2025-10-22,2025-10-25,3,L043,FAC04,DST09,753,LTL,CARC,925,CC-104
SHP07920,61434962,2025-10-22,2025-10-23,1,L011,FAC01,DST18,198,LTL,CARE,1892,CC-101
SHP07921,30262066,2025-10-23,2025-10-25,2,L057,FAC05,DST10,289,LTL,CARE,216,CC-105
SHP07922,60198169,2025-10-23,2025-10-24,1,L025,FAC02,DST20,384,TL,CARG,25403,CC-102
SHP07923,94562506,2025-10-23,2025-10-27,4,L026,FAC03,DST02,1557,LTL,CARA,3040,CC-103
SHP07924,66049840,2025-10-23,2025-10-25,2,L018,FAC02,DST10,561,TL,CARH,17663,CC-102
SHP07925,02110971,2025-10-23,2025-10-26,3,L055,FAC05,DST06,820,LTL,CARD,2033,CC-105
SHP07926,14424011,2025-10-23,2025-10-27,4,L036,FAC03,DST19,1283,LTL,CARC,1012,CC-103
SHP07927,41942405,2025-10-23,2025-10-25,2,L023,FAC02,DST18,513,LTL,CARB,1100,CC-102
SHP07928,46744485,2025-10-23,2025-10-28,5,L027,FAC03,DST03,1859,TL,CARH,41471,CC-103
SHP07929,94783360,2025-10-23,2025-10-24,1,L023,FAC02,DST18,513,TL,CARF,31205,CC-102
SHP07930,09753008,2025-10-23,2025-10-28,5,L026,FAC03,DST02,1557,LTL,CARD,428,CC-103
SHP07931,34572317,2025-10-23,2025-10-26,3,L004,FAC01,DST07,477,LTL,CARC,1120,CC-101
SHP07932,30447553,2025-10-23,2025-10-26,3,L038,FAC04,DST01,571,LTL,CARB,2080,CC-104
SHP07933,76751979,2025-10-23,2025-10-28,5,L059,FAC05,DST16,2236,LTL,CARB,3393,CC-105
SHP07934,07551462,2025-10-23,2025-10-24,1,L005,FAC01,DST08,284,LTL,CARB,1245,CC-101
SHP07935,16854638,2025-10-23,2025-10-25,2,L045,FAC04,DST11,743,LTL,CARC,170,CC-104
SHP07936,83676462,2025-10-23,2025-10-27,4,L003,FAC01,DST06,1183,TL,CARG,15697,CC-101
SHP07937,47396161,2025-10-23,2025-10-25,2,L060,FAC05,DST19,791,LTL,CARD,2854,CC-105
SHP07938,59205329,2025-10-23,2025-10-28,5,L002,FAC01,DST05,1430,LTL,CARE,890,CC-101
SHP07939,30067416,2025-10-23,2025-10-28,5,L009,FAC01,DST16,2079,LTL,CARE,1335,CC-101
SHP07940,19557080,2025-10-23,2025-10-24,1,L015,FAC02,DST07,257,LTL,CARD,545,CC-102
SHP07941,04588988,2025-10-23,2025-10-24,1,L004,FAC01,DST07,477,TL,CARH,25906,CC-101
SHP07942,32781664,2025-10-23,2025-10-25,2,L023,FAC02,DST18,513,TL,CARF,27198,CC-102
SHP07943,53638767,2025-10-23,2025-10-25,2,L024,FAC02,DST19,626,LTL,CARC,865,CC-102
SHP07944,59696295,2025-10-23,2025-10-27,4,L008,FAC01,DST14,1742,LTL,CARE,476,CC-101
SHP07945,09334655,2025-10-23,2025-10-24,1,L052,FAC04,DST20,227,TL,CARF,19326,CC-104
SHP07946,37868977,2025-10-23,2025-10-25,2,L006,FAC01,DST10,315,LTL,CARB,326,CC-101
SHP07947,34592787,2025-10-23,2025-10-26,3,L031,FAC03,DST10,657,LTL,CARC,353,CC-103
SHP07948,84658281,2025-10-23,2025-10-25,2,L032,FAC03,DST11,545,TL,CARH,18823,CC-103
SHP07949,68287523,2025-10-23,2025-10-26,3,L039,FAC04,DST03,771,LTL,CARE,2720,CC-104
SHP07950,29974664,2025-10-23,2025-10-25,2,L055,FAC05,DST06,820,TL,CARF,34688,CC-105
SHP07951,56498206,2025-10-24,2025-10-27,3,L038,FAC04,DST01,571,LTL,CARD,478,CC-104
SHP07952,51842059,2025-10-24,2025-10-29,5,L002,FAC01,DST05,1430,LTL,CARB,2401,CC-101
SHP07953,75852739,2025-10-24,2025-10-25,1,L051,FAC04,DST19,195,TL,CARG,34028,CC-104
SHP07954,93985225,2025-10-24,2025-10-25,1,L015,FAC02,DST07,257,LTL,CARB,1085,CC-102
SHP07955,57539443,2025-10-24,2025-10-26,2,L001,FAC01,DST04,705,LTL,CARC,391,CC-101
SHP07956,86097378,2025-10-24,2025-10-25,1,L005,FAC01,DST08,284,TL,CARG,30418,CC-101
SHP07957,00757155,2025-10-24,2025-10-25,1,L056,FAC05,DST07,236,TL,CARG,37543,CC-105
SHP07958,83144939,2025-10-24,2025-10-27,3,L055,FAC05,DST06,820,LTL,CARD,877,CC-105
SHP07959,04218713,2025-10-24,2025-10-28,4,L053,FAC05,DST03,1362,LTL,CARA,566,CC-105
SHP07960,95803538,2025-10-24,2025-10-26,2,L006,FAC01,DST10,315,LTL,CARE,1557,CC-101
SHP07961,93423497,2025-10-24,2025-10-29,5,L034,FAC03,DST15,1485,LTL,CARB,1969,CC-103
SHP07962,29136986,2025-10-24,2025-10-28,4,L008,FAC01,DST14,1742,LTL,CARE,1135,CC-101
SHP07963,97208244,2025-10-24,2025-10-26,2,L024,FAC02,DST19,626,TL,CARH,23156,CC-102
SHP07964,23021870,2025-10-24,2025-10-29,5,L010,FAC01,DST17,1508,LTL,CARC,1720,CC-101
SHP07965,66944925,2025-10-24,2025-10-30,6,L046,FAC04,DST14,1996,LTL,CARA,1250,CC-104
SHP07966,32468288,2025-10-24,2025-10-26,2,L051,FAC04,DST19,195,LTL,CARB,2065,CC-104
SHP07967,97923490,2025-10-24,2025-10-25,1,L052,FAC04,DST20,227,LTL,CARE,725,CC-104
SHP07968,96745376,2025-10-24,2025-10-28,4,L040,FAC04,DST05,1193,LTL,CARC,208,CC-104
SHP07969,56898941,2025-10-24,2025-10-30,6,L047,FAC04,DST15,2368,LTL,CARD,1257,CC-104
SHP07970,85269339,2025-10-24,2025-10-27,3,L054,FAC05,DST04,624,LTL,CARB,2502,CC-105
SHP07971,12397262,2025-10-24,2025-10-26,2,L015,FAC02,DST07,257,LTL,CARD,352,CC-102
SHP07972,28610368,2025-10-24,2025-10-25,1,L057,FAC05,DST10,289,LTL,CARC,840,CC-105
SHP07973,96753154,2025-10-24,2025-10-29,5,L009,FAC01,DST16,2079,LTL,CARB,2178,CC-101
SHP07974,02106103,2025-10-24,2025-10-29,5,L046,FAC04,DST14,1996,LTL,CARA,576,CC-104
SHP07975,06344302,2025-10-24,2025-10-28,4,L026,FAC03,DST02,1557,LTL,CARD,1206,CC-103
SHP07976,90673777,2025-10-24,2025-10-27,3,L013,FAC02,DST02,798,LTL,CARA,618,CC-102
SHP07977,91342509,2025-10-24,2025-10-28,4,L035,FAC03,DST16,2015,TL,CARF,26246,CC-103
SHP07978,31361671,2025-10-24,2025-10-27,3,L044,FAC04,DST10,475,LTL,CARB,1913,CC-104
SHP07979,43133434,2025-10-24,2025-10-29,5,L010,FAC01,DST17,1508,LTL,CARC,269,CC-101
SHP07980,62263592,2025-10-24,2025-10-26,2,L019,FAC02,DST11,811,TL,CARH,36451,CC-102
SHP07981,60140378,2025-10-24,2025-10-29,5,L002,FAC01,DST05,1430,LTL,CARE,2647,CC-101
SHP07982,48559407,2025-10-24,2025-10-28,4,L033,FAC03,DST14,1061,LTL,CARD,753,CC-103
SHP07983,80415214,2025-10-24,2025-10-28,4,L002,FAC01,DST05,1430,LTL,CARB,2436,CC-101
SHP07984,11051576,2025-10-24,2025-10-29,5,L022,FAC02,DST14,1906,TL,CARH,19914,CC-102
SHP07985,98728367,2025-10-24,2025-10-26,2,L015,FAC02,DST07,257,LTL,CARB,207,CC-102
SHP07986,62670479,2025-10-24,2025-10-26,2,L031,FAC03,DST10,657,LTL,CARC,7301,CC-103
SHP07987,45985326,2025-10-24,2025-10-26,2,L052,FAC04,DST20,227,LTL,CARD,3798,CC-104
SHP07988,83919946,2025-10-24,2025-10-29,5,L035,FAC03,DST16,2015,LTL,CARA,4386,CC-103
SHP07989,91494449,2025-10-25,2025-10-27,2,L055,FAC05,DST06,820,LTL,CARE,1355,CC-105
SHP07990,79265419,2025-10-25,2025-10-27,2,L058,FAC05,DST13,581,LTL,CARD,2646,CC-105
SHP07991,30065585,2025-10-25,2025-10-28,3,L018,FAC02,DST10,561,LTL,CARB,544,CC-102
SHP07992,82206253,2025-10-25,2025-10-27,2,L050,FAC04,DST18,202,LTL,CARD,1105,CC-104
SHP07993,17355798,2025-10-25,2025-10-28,3,L055,FAC05,DST06,820,LTL,CARE,1124,CC-105
SHP07994,82525196,2025-10-25,2025-10-28,3,L004,FAC01,DST07,477,LTL,CARC,504,CC-101
SHP07995,83395069,2025-10-25,2025-10-29,4,L034,FAC03,DST15,1485,TL,CARG,36053,CC-103
SHP07996,60168394,2025-10-25,2025-10-27,2,L055,FAC05,DST06,820,LTL,CARD,3034,CC-105
SHP07997,36426176,2025-10-25,2025-10-28,3,L021,FAC02,DST13,841,LTL,CARB,906,CC-102
SHP07998,44389872,2025-10-25,2025-10-28,3,L001,FAC01,DST04,705,LTL,CARA,2170,CC-101
SHP07999,52049464,2025-10-25,2025-10-26,1,L025,FAC02,DST20,384,TL,CARG,21975,CC-102
SHP08000,73139055,2025-10-25,2025-10-30,5,L022,FAC02,DST14,1906,LTL,CARE,773,CC-102
SHP08001,23180790,2025-10-25,2025-10-26,1,L041,FAC04,DST07,400,LTL,CARA,983,CC-104
SHP08002,45300847,2025-10-25,2025-10-28,3,L040,FAC04,DST05,1193,LTL,CARC,873,CC-104
SHP08003,76563331,2025-10-25,2025-10-27,2,L039,FAC04,DST03,771,LTL,CARA,7223,CC-104
SHP08004,73934336,2025-10-25,2025-10-30,5,L034,FAC03,DST15,1485,LTL,CARB,867,CC-103
SHP08005,09202487,2025-10-25,2025-10-27,2,L043,FAC04,DST09,753,LTL,CARC,755,CC-104
SHP08006,96462617,2025-10-25,2025-10-30,5,L046,FAC04,DST14,1996,TL,CARF,25562,CC-104
SHP08007,10266217,2025-10-25,2025-10-28,3,L055,FAC05,DST06,820,TL,CARF,20808,CC-105
SHP08008,77799172,2025-10-25,2025-10-28,3,L060,FAC05,DST19,791,LTL,CARA,3688,CC-105
SHP08009,77288271,2025-10-25,2025-10-28,3,L039,FAC04,DST03,771,LTL,CARA,892,CC-104
SHP08010,40912629,2025-10-25,2025-10-29,4,L014,FAC02,DST03,1123,LTL,CARA,1649,CC-102
SHP08011,45015724,2025-10-25,2025-10-28,3,L028,FAC03,DST04,1114,LTL,CARC,441,CC-103
SHP08012,59989317,2025-10-25,2025-10-26,1,L015,FAC02,DST07,257,LTL,CARB,263,CC-102
SHP08013,93738736,2025-10-25,2025-10-27,2,L004,FAC01,DST07,477,LTL,CARA,3277,CC-101
SHP08014,01974426,2025-10-26,2025-10-29,3,L060,FAC05,DST19,791,LTL,CARD,1226,CC-105
SHP08015,66350597,2025-10-26,2025-10-28,2,L016,FAC02,DST08,717,LTL,CARC,1210,CC-102
SHP08016,50337856,2025-10-26,2025-10-28,2,L023,FAC02,DST18,513,LTL,CARD,3308,CC-102
SHP08017,85732328,2025-10-26,2025-10-30,4,L014,FAC02,DST03,1123,LTL,CARA,1142,CC-102
SHP08018,75337409,2025-10-26,2025-10-29,3,L030,FAC03,DST08,1199,LTL,CARD,3848,CC-103
SHP08019,64421973,2025-10-26,2025-10-28,2,L052,FAC04,DST20,227,LTL,CARE,152,CC-104
SHP08020,49799716,2025-10-26,2025-10-27,1,L052,FAC04,DST20,227,TL,CARF,16996,CC-104
SHP08021,89519776,2025-10-26,2025-10-27,1,L056,FAC05,DST07,236,LTL,CARD,1763,CC-105
SHP08022,92284944,2025-10-26,2025-10-31,5,L010,FAC01,DST17,1508,LTL,CARC,964,CC-101
SHP08023,20673713,2025-10-26,2025-10-28,2,L018,FAC02,DST10,561,LTL,CARB,1390,CC-102
SHP08024,15944547,2025-10-26,2025-10-31,5,L035,FAC03,DST16,2015,LTL,CARD,999,CC-103
SHP08025,67400382,2025-10-26,2025-10-31,5,L049,FAC04,DST17,1818,LTL,CARC,1234,CC-104
SHP08026,54326046,2025-10-26,2025-10-29,3,L045,FAC04,DST11,743,LTL,CARC,1601,CC-104
SHP08027,51423184,2025-10-26,2025-10-31,5,L059,FAC05,DST16,2236,LTL,CARA,1795,CC-105
SHP08028,63313567,2025-10-26,2025-10-29,3,L019,FAC02,DST11,811,LTL,CARC,1076,CC-102
SHP08029,11452263,2025-10-26,2025-10-30,4,L002,FAC01,DST05,1430,TL,CARF,41067,CC-101
SHP08030,80445930,2025-10-26,2025-10-27,1,L015,FAC02,DST07,257,TL,CARH,20975,CC-102
SHP08031,89851209,2025-10-26,2025-10-30,4,L036,FAC03,DST19,1283,LTL,CARC,709,CC-103
SHP08032,85708489,2025-10-26,2025-10-30,4,L017,FAC02,DST09,1090,LTL,CARE,5214,CC-102
SHP08033,25418979,2025-10-26,2025-10-31,5,L059,FAC05,DST16,2236,LTL,CARB,1852,CC-105
SHP08034,80280052,2025-10-26,2025-10-31,5,L020,FAC02,DST12,1452,LTL,CARB,1596,CC-102
SHP08035,36208491,2025-10-26,2025-10-29,3,L038,FAC04,DST01,571,LTL,CARB,1609,CC-104
SHP08036,78012688,2025-10-26,2025-10-29,3,L024,FAC02,DST19,626,LTL,CARD,2547,CC-102
SHP08037,78842353,2025-10-26,2025-11-01,6,L009,FAC01,DST16,2079,LTL,CARB,1226,CC-101
SHP08038,79191354,2025-10-26,2025-10-29,3,L028,FAC03,DST04,1114,TL,CARG,31455,CC-103
SHP08039,45630248,2025-10-27,2025-10-29,2,L041,FAC04,DST07,400,LTL,CARA,1176,CC-104
SHP08040,52925048,2025-10-27,2025-10-30,3,L045,FAC04,DST11,743,LTL,CARE,1275,CC-104
SHP08041,99213850,2025-10-27,2025-10-29,2,L041,FAC04,DST07,400,LTL,CARA,5720,CC-104
SHP08042,36704542,2025-10-27,2025-10-30,3,L029,FAC03,DST05,1333,LTL,CARD,1330,CC-103
SHP08043,82501906,2025-10-27,2025-10-28,1,L050,FAC04,DST18,202,LTL,CARD,2102,CC-104
SHP08044,62534508,2025-10-27,2025-11-02,6,L022,FAC02,DST14,1906,LTL,CARE,1008,CC-102
SHP08045,73360460,2025-10-27,2025-10-30,3,L038,FAC04,DST01,571,LTL,CARD,627,CC-104
SHP08046,67842270,2025-10-27,2025-10-31,4,L003,FAC01,DST06,1183,LTL,CARC,947,CC-101
SHP08047,85912081,2025-10-27,2025-11-03,7,L047,FAC04,DST15,2368,LTL,CARD,1294,CC-104
SHP08048,45592022,2025-10-27,2025-10-30,3,L004,FAC01,DST07,477,LTL,CARC,194,CC-101
SHP08049,24404102,2025-10-27,2025-10-30,3,L040,FAC04,DST05,1193,LTL,CARB,516,CC-104
SHP08050,05018741,2025-10-27,2025-11-01,5,L047,FAC04,DST15,2368,TL,CARF,32457,CC-104
SHP08051,59248042,2025-10-27,2025-10-31,4,L029,FAC03,DST05,1333,LTL,CARD,664,CC-103
SHP08052,90386339,2025-10-27,2025-10-29,2,L058,FAC05,DST13,581,LTL,CARA,2753,CC-105
SHP08053,72927212,2025-10-27,2025-10-29,2,L057,FAC05,DST10,289,LTL,CARC,1816,CC-105
SHP08054,06014005,2025-10-27,2025-10-30,3,L013,FAC02,DST02,798,LTL,CARA,557,CC-102
SHP08055,90204392,2025-10-27,2025-10-29,2,L057,FAC05,DST10,289,LTL,CARE,2255,CC-105
SHP08056,35828267,2025-10-27,2025-10-30,3,L045,FAC04,DST11,743,LTL,CARC,976,CC-104
SHP08057,32468995,2025-10-27,2025-10-31,4,L026,FAC03,DST02,1557,LTL,CARA,640,CC-103
SHP08058,03185366,2025-10-27,2025-10-29,2,L057,FAC05,DST10,289,LTL,CARC,760,CC-105
SHP08059,45635458,2025-10-27,2025-11-02,6,L059,FAC05,DST16,2236,TL,CARH,41945,CC-105
SHP08060,04866858,2025-10-27,2025-10-29,2,L042,FAC04,DST08,197,LTL,CARB,395,CC-104
SHP08061,98477377,2025-10-27,2025-11-01,5,L009,FAC01,DST16,2079,LTL,CARE,505,CC-101
SHP08062,67326294,2025-10-27,2025-10-29,2,L025,FAC02,DST20,384,TL,CARG,25171,CC-102
SHP08063,80864788,2025-10-27,2025-10-29,2,L031,FAC03,DST10,657,LTL,CARA,1094,CC-103
SHP08064,47623940,2025-10-27,2025-10-30,3,L032,FAC03,DST11,545,LTL,CARD,909,CC-103
SHP08065,03443964,2025-10-27,2025-10-30,3,L019,FAC02,DST11,811,LTL,CARD,257,CC-102
SHP08066,89520513,2025-10-27,2025-10-29,2,L015,FAC02,DST07,257,LTL,CARD,1353,CC-102
SHP08067,18559079,2025-10-27,2025-10-29,2,L043,FAC04,DST09,753,LTL,CARC,5610,CC-104
SHP08068,49012430,2025-10-27,2025-10-29,2,L004,FAC01,DST07,477,TL,CARH,22327,CC-101
SHP08069,12191520,2025-10-27,2025-10-28,1,L006,FAC01,DST10,315,LTL,CARE,819,CC-101
SHP08070,87565079,2025-10-27,2025-10-31,4,L014,FAC02,DST03,1123,TL,CARH,21558,CC-102
SHP08071,31666224,2025-10-27,2025-11-02,6,L046,FAC04,DST14,1996,LTL,CARA,851,CC-104
SHP08072,21750174,2025-10-27,2025-10-30,3,L014,FAC02,DST03,1123,LTL,CARD,783,CC-102
SHP08073,39948626,2025-10-27,2025-10-30,3,L031,FAC03,DST10,657,LTL,CARC,587,CC-103
SHP08074,64487843,2025-10-28,2025-11-01,4,L017,FAC02,DST09,1090,LTL,CARE,3673,CC-102
SHP08075,91243021,2025-10-28,2025-11-01,4,L003,FAC01,DST06,1183,LTL,CARD,316,CC-101
SHP08076,06167507,2025-10-28,2025-10-31,3,L037,FAC03,DST20,871,LTL,CARE,1634,CC-103
SHP08077,20757005,2025-10-28,2025-10-31,3,L043,FAC04,DST09,753,LTL,CARE,2198,CC-104
SHP08078,02524044,2025-10-28,2025-10-30,2,L015,FAC02,DST07,257,LTL,CARB,1253,CC-102
SHP08079,28328592,2025-10-28,2025-10-31,3,L045,FAC04,DST11,743,TL,CARF,38482,CC-104
SHP08080,95464069,2025-10-28,2025-10-29,1,L050,FAC04,DST18,202,LTL,CARC,866,CC-104
SHP08081,09948647,2025-10-28,2025-10-30,2,L001,FAC01,DST04,705,LTL,CARC,1222,CC-101
SHP08082,31920658,2025-10-28,2025-10-31,3,L007,FAC01,DST12,1102,LTL,CARE,2662,CC-101
SHP08083,23470355,2025-10-28,2025-11-01,4,L002,FAC01,DST05,1430,LTL,CARE,220,CC-101
SHP08084,97046860,2025-10-28,2025-10-29,1,L025,FAC02,DST20,384,LTL,CARA,1366,CC-102
SHP08085,78585605,2025-10-28,2025-10-31,3,L030,FAC03,DST08,1199,TL,CARF,39086,CC-103
SHP08086,17364508,2025-10-28,2025-10-30,2,L011,FAC01,DST18,198,LTL,CARE,3076,CC-101
SHP08087,01659645,2025-10-28,2025-10-29,1,L041,FAC04,DST07,400,LTL,CARA,997,CC-104
SHP08088,98284325,2025-10-28,2025-10-31,3,L045,FAC04,DST11,743,LTL,CARE,1875,CC-104
SHP08089,20145190,2025-10-28,2025-11-01,4,L002,FAC01,DST05,1430,LTL,CARB,1548,CC-101
SHP08090,65484521,2025-10-28,2025-10-30,2,L011,FAC01,DST18,198,LTL,CARE,2220,CC-101
SHP08091,06401364,2025-10-28,2025-10-30,2,L051,FAC04,DST19,195,LTL,CARB,1835,CC-104
SHP08092,29959481,2025-10-28,2025-10-29,1,L042,FAC04,DST08,197,LTL,CARB,1118,CC-104
SHP08093,15121359,2025-10-28,2025-11-02,5,L034,FAC03,DST15,1485,LTL,CARA,4050,CC-103
SHP08094,92943333,2025-10-28,2025-11-03,6,L059,FAC05,DST16,2236,LTL,CARB,778,CC-105
SHP08095,80254422,2025-10-28,2025-10-31,3,L021,FAC02,DST13,841,LTL,CARB,2997,CC-102
SHP08096,05468710,2025-10-28,2025-10-31,3,L043,FAC04,DST09,753,LTL,CARE,3594,CC-104
SHP08097,63362414,2025-10-28,2025-10-31,3,L013,FAC02,DST02,798,TL,CARF,39331,CC-102
SHP08098,62522693,2025-10-28,2025-10-30,2,L043,FAC04,DST09,753,LTL,CARC,1900,CC-104
SHP08099,36437850,2025-10-28,2025-11-01,4,L028,FAC03,DST04,1114,LTL,CARE,947,CC-103
SHP08100,34021726,2025-10-28,2025-11-01,4,L036,FAC03,DST19,1283,LTL,CARC,765,CC-103
SHP08101,59626916,2025-10-28,2025-10-31,3,L054,FAC05,DST04,624,LTL,CARB,1733,CC-105
SHP08102,00696029,2025-10-28,2025-10-31,3,L033,FAC03,DST14,1061,LTL,CARB,4962,CC-103
SHP08103,95524201,2025-10-28,2025-10-31,3,L016,FAC02,DST08,717,LTL,CARE,7168,CC-102
SHP08104,47766427,2025-10-28,2025-11-01,4,L028,FAC03,DST04,1114,LTL,CARE,1393,CC-103
SHP08105,39420685,2025-10-28,2025-10-31,3,L040,FAC04,DST05,1193,LTL,CARC,288,CC-104
SHP08106,25641807,2025-10-28,2025-11-02,5,L009,FAC01,DST16,2079,LTL,CARB,1755,CC-101
SHP08107,17328364,2025-10-28,2025-10-31,3,L028,FAC03,DST04,1114,LTL,CARE,1030,CC-103
SHP08108,53509164,2025-10-28,2025-11-02,5,L010,FAC01,DST17,1508,LTL,CARC,1714,CC-101
SHP08109,62891093,2025-10-29,2025-11-02,4,L035,FAC03,DST16,2015,TL,CARF,33044,CC-103
SHP08110,71267384,2025-10-29,2025-11-04,6,L046,FAC04,DST14,1996,LTL,CARA,2023,CC-104
SHP08111,26929926,2025-10-29,2025-11-04,6,L047,FAC04,DST15,2368,LTL,CARC,1454,CC-104
SHP08112,87625041,2025-10-29,2025-10-31,2,L024,FAC02,DST19,626,LTL,CARD,1199,CC-102
SHP08113,16278691,2025-10-29,2025-11-05,7,L047,FAC04,DST15,2368,LTL,CARD,1641,CC-104
SHP08114,55861641,2025-10-29,2025-11-01,3,L037,FAC03,DST20,871,LTL,CARD,480,CC-103
SHP08115,06822784,2025-10-29,2025-10-31,2,L024,FAC02,DST19,626,LTL,CARD,1049,CC-102
SHP08116,63848565,2025-10-29,2025-10-30,1,L012,FAC01,DST20,323,LTL,CARB,3098,CC-101
SHP08117,83072549,2025-10-29,2025-10-31,2,L037,FAC03,DST20,871,LTL,CARE,1238,CC-103
SHP08118,57042698,2025-10-29,2025-11-02,4,L053,FAC05,DST03,1362,LTL,CARE,1125,CC-105
SHP08119,33277363,2025-10-29,2025-11-01,3,L054,FAC05,DST04,624,LTL,CARE,518,CC-105
SHP08120,55141083,2025-10-29,2025-11-03,5,L009,FAC01,DST16,2079,LTL,CARE,676,CC-101
SHP08121,23013221,2025-10-29,2025-10-31,2,L037,FAC03,DST20,871,TL,CARG,36319,CC-103
SHP08122,53273890,2025-10-29,2025-11-02,4,L002,FAC01,DST05,1430,LTL,CARE,443,CC-101
SHP08123,02975134,2025-10-29,2025-10-31,2,L031,FAC03,DST10,657,LTL,CARC,544,CC-103
SHP08124,25714846,2025-10-29,2025-10-31,2,L019,FAC02,DST11,811,LTL,CARC,1663,CC-102
SHP08125,27966509,2025-10-29,2025-11-01,3,L030,FAC03,DST08,1199,LTL,CARD,5259,CC-103
SHP08126,70446127,2025-10-29,2025-11-01,3,L018,FAC02,DST10,561,LTL,CARB,756,CC-102
SHP08127,98503804,2025-10-29,2025-11-01,3,L024,FAC02,DST19,626,LTL,CARD,707,CC-102
SHP08128,65963168,2025-10-29,2025-10-31,2,L041,FAC04,DST07,400,LTL,CARB,2601,CC-104
SHP08129,27029115,2025-10-29,2025-10-31,2,L060,FAC05,DST19,791,LTL,CARA,3476,CC-105
SHP08130,97899222,2025-10-29,2025-10-30,1,L050,FAC04,DST18,202,LTL,CARC,3519,CC-104
SHP08131,86498609,2025-10-29,2025-11-03,5,L010,FAC01,DST17,1508,LTL,CARA,367,CC-101
SHP08132,70798875,2025-10-29,2025-11-01,3,L001,FAC01,DST04,705,LTL,CARA,465,CC-101
SHP08133,98626101,2025-10-29,2025-11-03,5,L010,FAC01,DST17,1508,LTL,CARC,584,CC-101
SHP08134,30491772,2025-10-29,2025-11-01,3,L032,FAC03,DST11,545,LTL,CARD,1067,CC-103
SHP08135,45304265,2025-10-29,2025-10-31,2,L042,FAC04,DST08,197,LTL,CARB,1443,CC-104
SHP08136,13526930,2025-10-29,2025-10-30,1,L012,FAC01,DST20,323,LTL,CARC,1718,CC-101
SHP08137,19245171,2025-10-30,2025-10-31,1,L011,FAC01,DST18,198,TL,CARG,19468,CC-101
SHP08138,27249811,2025-10-30,2025-11-02,3,L029,FAC03,DST05,1333,LTL,CARA,1127,CC-103
SHP08139,79028761,2025-10-30,2025-11-06,7,L048,FAC04,DST16,2410,LTL,CARC,4188,CC-104
SHP08140,32170076,2025-10-30,2025-11-01,2,L024,FAC02,DST19,626,TL,CARH,30904,CC-102
SHP08141,94188572,2025-10-30,2025-11-01,2,L060,FAC05,DST19,791,TL,CARF,39934,CC-105
SHP08142,28121242,2025-10-30,2025-10-31,1,L011,FAC01,DST18,198,TL,CARG,38220,CC-101
SHP08143,27990084,2025-10-30,2025-11-04,5,L034,FAC03,DST15,1485,LTL,CARA,1814,CC-103
SHP08144,06379426,2025-10-30,2025-11-02,3,L021,FAC02,DST13,841,LTL,CARB,1502,CC-102
SHP08145,72097425,2025-10-30,2025-11-02,3,L003,FAC01,DST06,1183,TL,CARG,26663,CC-101
SHP08146,22974530,2025-10-30,2025-11-02,3,L003,FAC01,DST06,1183,LTL,CARD,1740,CC-101
SHP08147,78813441,2025-10-30,2025-11-04,5,L049,FAC04,DST17,1818,LTL,CARA,1629,CC-104
SHP08148,62178275,2025-10-30,2025-11-05,6,L035,FAC03,DST16,2015,LTL,CARD,2007,CC-103
SHP08149,62642077,2025-10-30,2025-11-05,6,L059,FAC05,DST16,2236,LTL,CARA,293,CC-105
SHP08150,64353868,2025-10-30,2025-11-03,4,L033,FAC03,DST14,1061,LTL,CARB,1661,CC-103
SHP08151,38915195,2025-10-30,2025-10-31,1,L052,FAC04,DST20,227,LTL,CARD,6396,CC-104
SHP08152,29698625,2025-10-30,2025-11-06,7,L047,FAC04,DST15,2368,LTL,CARC,671,CC-104
SHP08153,91765658,2025-10-30,2025-11-04,5,L049,FAC04,DST17,1818,LTL,CARC,7500,CC-104
SHP08154,35113850,2025-10-30,2025-11-04,5,L027,FAC03,DST03,1859,LTL,CARD,2060,CC-103
SHP08155,29344661,2025-10-30,2025-11-02,3,L017,FAC02,DST09,1090,LTL,CARC,1028,CC-102
SHP08156,01184025,2025-10-30,2025-11-01,2,L055,FAC05,DST06,820,LTL,CARE,4092,CC-105
SHP08157,64566919,2025-10-30,2025-11-01,2,L052,FAC04,DST20,227,LTL,CARD,341,CC-104
SHP08158,08091793,2025-10-30,2025-11-02,3,L003,FAC01,DST06,1183,TL,CARG,25371,CC-101
SHP08159,07962081,2025-10-30,2025-11-02,3,L058,FAC05,DST13,581,LTL,CARD,2725,CC-105
SHP08160,05476227,2025-10-30,2025-11-04,5,L027,FAC03,DST03,1859,TL,CARH,18782,CC-103
SHP08161,74279535,2025-10-31,2025-11-05,5,L026,FAC03,DST02,1557,LTL,CARA,584,CC-103
SHP08162,64051566,2025-10-31,2025-11-04,4,L002,FAC01,DST05,1430,LTL,CARE,751,CC-101
SHP08163,63691398,2025-10-31,2025-11-04,4,L030,FAC03,DST08,1199,TL,CARF,19154,CC-103
SHP08164,35180598,2025-10-31,2025-11-05,5,L008,FAC01,DST14,1742,TL,CARH,19453,CC-101
SHP08165,85191154,2025-10-31,2025-11-02,2,L057,FAC05,DST10,289,TL,CARH,17808,CC-105
SHP08166,01764185,2025-10-31,2025-11-03,3,L014,FAC02,DST03,1123,LTL,CARA,3651,CC-102
SHP08167,89645583,2025-10-31,2025-11-06,6,L048,FAC04,DST16,2410,LTL,CARC,385,CC-104
SHP08168,07978931,2025-10-31,2025-11-03,3,L004,FAC01,DST07,477,LTL,CARC,533,CC-101
SHP08169,42859571,2025-10-31,2025-11-02,2,L054,FAC05,DST04,624,LTL,CARE,3115,CC-105
SHP08170,19907054,2025-10-31,2025-11-03,3,L024,FAC02,DST19,626,LTL,CARD,1279,CC-102
SHP08171,91802845,2025-10-31,2025-11-02,2,L004,FAC01,DST07,477,LTL,CARC,439,CC-101
SHP08172,85761849,2025-10-31,2025-11-03,3,L014,FAC02,DST03,1123,TL,CARH,39012,CC-102
SHP08173,96234474,2025-10-31,2025-11-01,1,L005,FAC01,DST08,284,TL,CARG,18739,CC-101
SHP08174,28468073,2025-10-31,2025-11-02,2,L025,FAC02,DST20,384,LTL,CARB,1947,CC-102
SHP08175,01616703,2025-10-31,2025-11-05,5,L008,FAC01,DST14,1742,LTL,CARA,1972,CC-101
SHP08176,26738739,2025-10-31,2025-11-01,1,L015,FAC02,DST07,257,LTL,CARB,1169,CC-102
SHP08177,22229603,2025-10-31,2025-11-03,3,L001,FAC01,DST04,705,LTL,CARA,2532,CC-101
SHP08178,06820155,2025-10-31,2025-11-04,4,L026,FAC03,DST02,1557,LTL,CARD,2413,CC-103
SHP08179,56032078,2025-10-31,2025-11-03,3,L031,FAC03,DST10,657,LTL,CARC,1519,CC-103
SHP08180,75334009,2025-10-31,2025-11-05,5,L002,FAC01,DST05,1430,LTL,CARE,2654,CC-101
SHP08181,06635178,2025-10-31,2025-11-03,3,L016,FAC02,DST08,717,LTL,CARE,1819,CC-102
SHP08182,70566676,2025-10-31,2025-11-04,4,L010,FAC01,DST17,1508,TL,CARG,17764,CC-101
SHP08183,62907990,2025-10-31,2025-11-02,2,L056,FAC05,DST07,236,LTL,CARE,1543,CC-105
SHP08184,96735202,2025-10-31,2025-11-04,4,L034,FAC03,DST15,1485,LTL,CARA,1886,CC-103
SHP08185,13284178,2025-10-31,2025-11-03,3,L044,FAC04,DST10,475,LTL,CARB,1040,CC-104
SHP08186,95626531,2025-10-31,2025-11-02,2,L037,FAC03,DST20,871,LTL,CARE,545,CC-103
SHP08187,48774364,2025-10-31,2025-11-02,2,L054,FAC05,DST04,624,LTL,CARB,944,CC-105
SHP08188,04377233,2025-10-31,2025-11-07,7,L047,FAC04,DST15,2368,LTL,CARC,2453,CC-104
SHP08189,86744317,2025-10-31,2025-11-05,5,L002,FAC01,DST05,1430,LTL,CARE,556,CC-101
SHP08190,13489628,2025-10-31,2025-11-01,1,L056,FAC05,DST07,236,LTL,CARE,2641,CC-105
SHP08191,43722192,2025-10-31,2025-11-03,3,L007,FAC01,DST12,1102,LTL,CARB,430,CC-101
SHP08192,51127130,2025-10-31,2025-11-04,4,L027,FAC03,DST03,1859,TL,CARH,34830,CC-103
SHP08193,00630107,2025-10-31,2025-11-01,1,L041,FAC04,DST07,400,LTL,CARA,658,CC-104
SHP08194,46353114,2025-10-31,2025-11-01,1,L041,FAC04,DST07,400,LTL,CARA,893,CC-104
SHP08195,11432239,2025-10-31,2025-11-02,2,L013,FAC02,DST02,798,LTL,CARB,1312,CC-102
SHP08196,77949763,2025-10-31,2025-11-06,6,L027,FAC03,DST03,1859,LTL,CARD,4542,CC-103
SHP08197,35942393,2025-10-31,2025-11-01,1,L050,FAC04,DST18,202,LTL,CARD,1258,CC-104
SHP08198,22481712,2025-10-31,2025-11-04,4,L007,FAC01,DST12,1102,LTL,CARE,1342,CC-101
SHP08199,07057396,2025-10-31,2025-11-04,4,L030,FAC03,DST08,1199,LTL,CARC,3114,CC-103
SHP08200,94724020,2025-10-31,2025-11-01,1,L042,FAC04,DST08,197,LTL,CARC,5907,CC-104
SHP08201,24856940,2025-11-01,2025-11-07,6,L009,FAC01,DST16,2079,LTL,CARB,1877,CC-101
SHP08202,64804904,2025-11-01,2025-11-04,3,L053,FAC05,DST03,1362,TL,CARG,22677,CC-105
SHP08203,36303094,2025-11-01,2025-11-05,4,L029,FAC03,DST05,1333,LTL,CARD,506,CC-103
SHP08204,47548616,2025-11-01,2025-11-04,3,L004,FAC01,DST07,477,LTL,CARC,2239,CC-101
SHP08205,93985641,2025-11-01,2025-11-05,4,L028,FAC03,DST04,1114,LTL,CARC,2438,CC-103
SHP08206,18832620,2025-11-01,2025-11-04,3,L024,FAC02,DST19,626,LTL,CARC,685,CC-102
SHP08207,08221926,2025-11-01,2025-11-03,2,L044,FAC04,DST10,475,TL,CARG,26134,CC-104
SHP08208,99043336,2025-11-01,2025-11-06,5,L022,FAC02,DST14,1906,LTL,CARC,2208,CC-102
SHP08209,74285861,2025-11-01,2025-11-07,6,L047,FAC04,DST15,2368,LTL,CARD,4353,CC-104
SHP08210,11405413,2025-11-01,2025-11-06,5,L008,FAC01,DST14,1742,TL,CARH,39949,CC-101
SHP08211,48569762,2025-11-01,2025-11-03,2,L021,FAC02,DST13,841,LTL,CARD,900,CC-102
SHP08212,52552828,2025-11-01,2025-11-02,1,L011,FAC01,DST18,198,TL,CARG,15088,CC-101
SHP08213,17114637,2025-11-01,2025-11-04,3,L029,FAC03,DST05,1333,LTL,CARD,2252,CC-103
SHP08214,93819921,2025-11-01,2025-11-05,4,L028,FAC03,DST04,1114,LTL,CARC,318,CC-103
SHP08215,42016044,2025-11-01,2025-11-06,5,L035,FAC03,DST16,2015,LTL,CARA,1005,CC-103
SHP08216,27112863,2025-11-01,2025-11-03,2,L032,FAC03,DST11,545,LTL,CARD,1289,CC-103
SHP08217,59110042,2025-11-01,2025-11-03,2,L001,FAC01,DST04,705,LTL,CARC,317,CC-101
SHP08218,57563310,2025-11-01,2025-11-02,1,L005,FAC01,DST08,284,LTL,CARD,2025,CC-101
SHP08219,12029053,2025-11-01,2025-11-04,3,L040,FAC04,DST05,1193,LTL,CARC,420,CC-104
SHP08220,48163171,2025-11-01,2025-11-02,1,L011,FAC01,DST18,198,LTL,CARD,375,CC-101
SHP08221,52462816,2025-11-01,2025-11-03,2,L018,FAC02,DST10,561,TL,CARH,37976,CC-102
SHP08222,33747299,2025-11-01,2025-11-04,3,L040,FAC04,DST05,1193,TL,CARF,22769,CC-104
SHP08223,16642854,2025-11-01,2025-11-06,5,L035,FAC03,DST16,2015,TL,CARF,17187,CC-103
SHP08224,57389417,2025-11-02,2025-11-06,4,L002,FAC01,DST05,1430,LTL,CARE,502,CC-101
SHP08225,14731204,2025-11-02,2025-11-04,2,L041,FAC04,DST07,400,LTL,CARA,2552,CC-104
SHP08226,83469475,2025-11-02,2025-11-05,3,L007,FAC01,DST12,1102,LTL,CARE,1291,CC-101
SHP08227,46445531,2025-11-02,2025-11-04,2,L056,FAC05,DST07,236,LTL,CARD,1161,CC-105
SHP08228,16358121,2025-11-02,2025-11-03,1,L005,FAC01,DST08,284,LTL,CARD,2932,CC-101
SHP08229,14150095,2025-11-02,2025-11-07,5,L010,FAC01,DST17,1508,LTL,CARA,1910,CC-101
SHP08230,12918591,2025-11-02,2025-11-07,5,L002,FAC01,DST05,1430,LTL,CARB,1251,CC-101
SHP08231,51626548,2025-11-02,2025-11-05,3,L040,FAC04,DST05,1193,LTL,CARB,4879,CC-104
SHP08232,64554740,2025-11-02,2025-11-04,2,L037,FAC03,DST20,871,LTL,CARD,704,CC-103
SHP08233,48023217,2025-11-02,2025-11-07,5,L022,FAC02,DST14,1906,LTL,CARE,903,CC-102
SHP08234,70315277,2025-11-02,2025-11-04,2,L011,FAC01,DST18,198,LTL,CARE,725,CC-101
SHP08235,61555035,2025-11-02,2025-11-07,5,L048,FAC04,DST16,2410,TL,CARG,41996,CC-104
SHP08236,78959168,2025-11-02,2025-11-03,1,L005,FAC01,DST08,284,LTL,CARD,478,CC-101
SHP08237,31094142,2025-11-02,2025-11-06,4,L053,FAC05,DST03,1362,LTL,CARE,4588,CC-105
SHP08238,77390345,2025-11-02,2025-11-04,2,L042,FAC04,DST08,197,LTL,CARB,1426,CC-104
SHP08239,26607510,2025-11-02,2025-11-04,2,L042,FAC04,DST08,197,LTL,CARB,2911,CC-104
SHP08240,97385511,2025-11-02,2025-11-07,5,L046,FAC04,DST14,1996,LTL,CARB,1142,CC-104
SHP08241,62168464,2025-11-02,2025-11-05,3,L033,FAC03,DST14,1061,LTL,CARD,398,CC-103
SHP08242,00059665,2025-11-02,2025-11-03,1,L057,FAC05,DST10,289,LTL,CARE,1388,CC-105
SHP08243,53877565,2025-11-02,2025-11-05,3,L028,FAC03,DST04,1114,LTL,CARC,743,CC-103
SHP08244,70124872,2025-11-02,2025-11-06,4,L014,FAC02,DST03,1123,LTL,CARA,1804,CC-102
SHP08245,75806475,2025-11-02,2025-11-04,2,L045,FAC04,DST11,743,TL,CARF,38077,CC-104
SHP08246,86815281,2025-11-02,2025-11-06,4,L034,FAC03,DST15,1485,LTL,CARB,730,CC-103
SHP08247,29023812,2025-11-02,2025-11-04,2,L031,FAC03,DST10,657,TL,CARF,24386,CC-103
SHP08248,74547061,2025-11-02,2025-11-04,2,L019,FAC02,DST11,811,TL,CARH,31519,CC-102
SHP08249,22649333,2025-11-02,2025-11-04,2,L055,FAC05,DST06,820,TL,CARF,41372,CC-105
SHP08250,73533493,2025-11-02,2025-11-04,2,L044,FAC04,DST10,475,LTL,CARB,5631,CC-104
SHP08251,08093568,2025-11-02,2025-11-05,3,L040,FAC04,DST05,1193,TL,CARF,26920,CC-104
SHP08252,61068782,2025-11-03,2025-11-07,4,L053,FAC05,DST03,1362,LTL,CARA,762,CC-105
SHP08253,50960451,2025-11-03,2025-11-05,2,L051,FAC04,DST19,195,LTL,CARD,664,CC-104
SHP08254,35831047,2025-11-03,2025-11-04,1,L025,FAC02,DST20,384,TL,CARG,39143,CC-102
SHP08255,02062177,2025-11-03,2025-11-08,5,L046,FAC04,DST14,1996,LTL,CARB,317,CC-104
SHP08256,70395521,2025-11-03,2025-11-06,3,L026,FAC03,DST02,1557,TL,CARH,25502,CC-103
SHP08257,15596930,2025-11-03,2025-11-06,3,L037,FAC03,DST20,871,TL,CARG,18460,CC-103
SHP08258,22287979,2025-11-03,2025-11-08,5,L049,FAC04,DST17,1818,LTL,CARC,959,CC-104
SHP08259,15731969,2025-11-03,2025-11-05,2,L058,FAC05,DST13,581,TL,CARG,23913,CC-105
SHP08260,73541438,2025-11-03,2025-11-07,4,L007,FAC01,DST12,1102,LTL,CARB,1755,CC-101
SHP08261,84067243,2025-11-03,2025-11-07,4,L040,FAC04,DST05,1193,LTL,CARC,1777,CC-104
SHP08262,06736585,2025-11-03,2025-11-05,2,L031,FAC03,DST10,657,TL,CARF,22187,CC-103
SHP08263,71373255,2025-11-03,2025-11-05,2,L012,FAC01,DST20,323,LTL,CARC,1554,CC-101
SHP08264,41715644,2025-11-03,2025-11-05,2,L011,FAC01,DST18,198,LTL,CARD,1445,CC-101
SHP08265,01243176,2025-11-03,2025-11-06,3,L037,FAC03,DST20,871,TL,CARG,37759,CC-103
SHP08266,22580668,2025-11-03,2025-11-06,3,L007,FAC01,DST12,1102,LTL,CARE,168,CC-101
SHP08267,41720978,2025-11-03,2025-11-04,1,L005,FAC01,DST08,284,LTL,CARB,908,CC-101
SHP08268,16642399,2025-11-03,2025-11-04,1,L006,FAC01,DST10,315,LTL,CARE,3185,CC-101
SHP08269,86530804,2025-11-03,2025-11-07,4,L002,FAC01,DST05,1430,TL,CARF,26234,CC-101
SHP08270,00235258,2025-11-03,2025-11-07,4,L053,FAC05,DST03,1362,TL,CARG,31052,CC-105
SHP08271,46251876,2025-11-04,2025-11-10,6,L059,FAC05,DST16,2236,LTL,CARB,790,CC-105
SHP08272,34409474,2025-11-04,2025-11-07,3,L013,FAC02,DST02,798,LTL,CARA,1413,CC-102
SHP08273,84841372,2025-11-04,2025-11-10,6,L048,FAC04,DST16,2410,TL,CARG,32538,CC-104
SHP08274,75718880,2025-11-04,2025-11-05,1,L011,FAC01,DST18,198,LTL,CARD,684,CC-101
SHP08275,58752947,2025-11-04,2025-11-09,5,L010,FAC01,DST17,1508,LTL,CARA,2024,CC-101
SHP08276,41118924,2025-11-04,2025-11-06,2,L041,FAC04,DST07,400,LTL,CARB,2778,CC-104
SHP08277,31808268,2025-11-04,2025-11-07,3,L028,FAC03,DST04,1114,LTL,CARC,531,CC-103
SHP08278,01071208,2025-11-04,2025-11-07,3,L003,FAC01,DST06,1183,TL,CARG,15149,CC-101
SHP08279,53114454,2025-11-04,2025-11-06,2,L052,FAC04,DST20,227,LTL,CARE,3317,CC-104
SHP08280,65621621,2025-11-04,2025-11-07,3,L036,FAC03,DST19,1283,LTL,CARD,780,CC-103
SHP08281,39427906,2025-11-04,2025-11-07,3,L043,FAC04,DST09,753,LTL,CARE,457,CC-104
SHP08282,81664711,2025-11-04,2025-11-11,7,L048,FAC04,DST16,2410,LTL,CARC,1061,CC-104
SHP08283,29350700,2025-11-04,2025-11-06,2,L038,FAC04,DST01,571,TL,CARF,22494,CC-104
SHP08284,34874118,2025-11-04,2025-11-09,5,L008,FAC01,DST14,1742,LTL,CARA,521,CC-101
SHP08285,14096609,2025-11-04,2025-11-06,2,L052,FAC04,DST20,227,LTL,CARE,319,CC-104
SHP08286,66876450,2025-11-04,2025-11-08,4,L029,FAC03,DST05,1333,LTL,CARA,3816,CC-103
SHP08287,77601684,2025-11-04,2025-11-08,4,L010,FAC01,DST17,1508,LTL,CARC,880,CC-101
SHP08288,85221911,2025-11-04,2025-11-07,3,L032,FAC03,DST11,545,LTL,CARD,5966,CC-103
SHP08289,52630733,2025-11-04,2025-11-08,4,L036,FAC03,DST19,1283,LTL,CARC,621,CC-103
SHP08290,97012921,2025-11-04,2025-11-08,4,L026,FAC03,DST02,1557,LTL,CARD,938,CC-103
SHP08291,11897518,2025-11-04,2025-11-07,3,L036,FAC03,DST19,1283,LTL,CARD,1268,CC-103
SHP08292,64829310,2025-11-04,2025-11-07,3,L045,FAC04,DST11,743,LTL,CARE,706,CC-104
SHP08293,82220284,2025-11-04,2025-11-09,5,L034,FAC03,DST15,1485,LTL,CARA,299,CC-103
SHP08294,10742103,2025-11-04,2025-11-10,6,L048,FAC04,DST16,2410,TL,CARG,36050,CC-104
SHP08295,08320519,2025-11-04,2025-11-07,3,L007,FAC01,DST12,1102,LTL,CARB,7500,CC-101
SHP08296,52979027,2025-11-04,2025-11-07,3,L018,FAC02,DST10,561,LTL,CARE,1233,CC-102
SHP08297,94189498,2025-11-04,2025-11-11,7,L048,FAC04,DST16,2410,LTL,CARB,805,CC-104
SHP08298,40958408,2025-11-04,2025-11-08,4,L026,FAC03,DST02,1557,LTL,CARD,417,CC-103
SHP08299,32851586,2025-11-04,2025-11-07,3,L021,FAC02,DST13,841,LTL,CARB,365,CC-102
SHP08300,59714152,2025-11-04,2025-11-08,4,L033,FAC03,DST14,1061,LTL,CARB,2487,CC-103
SHP08301,14886446,2025-11-04,2025-11-07,3,L058,FAC05,DST13,581,LTL,CARA,1045,CC-105
SHP08302,54823472,2025-11-04,2025-11-06,2,L025,FAC02,DST20,384,LTL,CARB,2860,CC-102
SHP08303,16154579,2025-11-05,2025-11-08,3,L039,FAC04,DST03,771,TL,CARG,17000,CC-104
SHP08304,86963456,2025-11-05,2025-11-08,3,L001,FAC01,DST04,705,LTL,CARC,1222,CC-101
SHP08305,99522091,2025-11-05,2025-11-07,2,L045,FAC04,DST11,743,TL,CARF,23963,CC-104
SHP08306,17121932,2025-11-05,2025-11-08,3,L024,FAC02,DST19,626,LTL,CARC,1509,CC-102
SHP08307,74228149,2025-11-05,2025-11-06,1,L025,FAC02,DST20,384,LTL,CARB,348,CC-102
SHP08308,90428546,2025-11-05,2025-11-08,3,L017,FAC02,DST09,1090,LTL,CARC,2614,CC-102
SHP08309,83495902,2025-11-05,2025-11-09,4,L007,FAC01,DST12,1102,TL,CARF,40886,CC-101
SHP08310,83054625,2025-11-05,2025-11-08,3,L019,FAC02,DST11,811,LTL,CARD,642,CC-102
SHP08311,75656489,2025-11-05,2025-11-07,2,L001,FAC01,DST04,705,LTL,CARC,1113,CC-101
SHP08312,67948717,2025-11-05,2025-11-07,2,L043,FAC04,DST09,753,LTL,CARC,476,CC-104
SHP08313,40649854,2025-11-05,2025-11-07,2,L057,FAC05,DST10,289,LTL,CARE,692,CC-105
SHP08314,23948626,2025-11-05,2025-11-10,5,L027,FAC03,DST03,1859,LTL,CARA,4253,CC-103
SHP08315,35418673,2025-11-05,2025-11-08,3,L013,FAC02,DST02,798,LTL,CARA,305,CC-102
SHP08316,37438566,2025-11-05,2025-11-06,1,L041,FAC04,DST07,400,LTL,CARB,2909,CC-104
SHP08317,61549080,2025-11-05,2025-11-08,3,L033,FAC03,DST14,1061,TL,CARF,21144,CC-103
SHP08318,31667153,2025-11-05,2025-11-08,3,L058,FAC05,DST13,581,LTL,CARA,3054,CC-105
SHP08319,56672601,2025-11-05,2025-11-07,2,L051,FAC04,DST19,195,LTL,CARB,820,CC-104
SHP08320,92350009,2025-11-05,2025-11-07,2,L023,FAC02,DST18,513,LTL,CARD,1693,CC-102
SHP08321,99712051,2025-11-05,2025-11-06,1,L015,FAC02,DST07,257,LTL,CARD,2251,CC-102
SHP08322,74977075,2025-11-05,2025-11-08,3,L038,FAC04,DST01,571,LTL,CARB,680,CC-104
SHP08323,03500204,2025-11-05,2025-11-08,3,L033,FAC03,DST14,1061,TL,CARF,32428,CC-103
SHP08324,85800244,2025-11-05,2025-11-08,3,L018,FAC02,DST10,561,LTL,CARE,1926,CC-102
SHP08325,73383658,2025-11-05,2025-11-08,3,L028,FAC03,DST04,1114,LTL,CARC,2312,CC-103
SHP08326,64726874,2025-11-05,2025-11-08,3,L028,FAC03,DST04,1114,LTL,CARE,1186,CC-103
SHP08327,28364721,2025-11-05,2025-11-08,3,L036,FAC03,DST19,1283,LTL,CARC,2310,CC-103
SHP08328,63310125,2025-11-05,2025-11-08,3,L003,FAC01,DST06,1183,LTL,CARD,910,CC-101
SHP08329,16545799,2025-11-05,2025-11-09,4,L030,FAC03,DST08,1199,TL,CARF,31983,CC-103
SHP08330,02853391,2025-11-05,2025-11-07,2,L042,FAC04,DST08,197,TL,CARF,32337,CC-104
SHP08331,69158736,2025-11-05,2025-11-07,2,L058,FAC05,DST13,581,LTL,CARA,1059,CC-105
SHP08332,88082793,2025-11-06,2025-11-07,1,L057,FAC05,DST10,289,LTL,CARC,2986,CC-105
SHP08333,56148060,2025-11-06,2025-11-11,5,L027,FAC03,DST03,1859,LTL,CARA,2708,CC-103
SHP08334,53635467,2025-11-06,2025-11-09,3,L039,FAC04,DST03,771,LTL,CARE,1051,CC-104
SHP08335,23869889,2025-11-06,2025-11-08,2,L037,FAC03,DST20,871,LTL,CARD,677,CC-103
SHP08336,61180666,2025-11-06,2025-11-11,5,L002,FAC01,DST05,1430,LTL,CARB,413,CC-101
SHP08337,56637605,2025-11-06,2025-11-08,2,L015,FAC02,DST07,257,LTL,CARB,2615,CC-102
SHP08338,58280381,2025-11-06,2025-11-12,6,L048,FAC04,DST16,2410,LTL,CARB,1061,CC-104
SHP08339,26169120,2025-11-06,2025-11-10,4,L030,FAC03,DST08,1199,TL,CARF,15308,CC-103
SHP08340,00060314,2025-11-06,2025-11-07,1,L051,FAC04,DST19,195,LTL,CARD,1951,CC-104
SHP08341,80509334,2025-11-06,2025-11-11,5,L027,FAC03,DST03,1859,LTL,CARA,897,CC-103
SHP08342,77934095,2025-11-06,2025-11-08,2,L058,FAC05,DST13,581,LTL,CARD,311,CC-105
SHP08343,53206728,2025-11-06,2025-11-11,5,L049,FAC04,DST17,1818,LTL,CARC,1550,CC-104
SHP08344,47102612,2025-11-06,2025-11-09,3,L037,FAC03,DST20,871,LTL,CARE,682,CC-103
SHP08345,45608014,2025-11-06,2025-11-11,5,L002,FAC01,DST05,1430,LTL,CARE,288,CC-101
SHP08346,81130552,2025-11-06,2025-11-13,7,L048,FAC04,DST16,2410,LTL,CARC,1144,CC-104
SHP08347,62074971,2025-11-06,2025-11-08,2,L055,FAC05,DST06,820,LTL,CARE,3153,CC-105
SHP08348,90046429,2025-11-06,2025-11-09,3,L017,FAC02,DST09,1090,TL,CARF,17035,CC-102
SHP08349,03329984,2025-11-06,2025-11-10,4,L002,FAC01,DST05,1430,LTL,CARB,1008,CC-101
SHP08350,33823783,2025-11-06,2025-11-08,2,L043,FAC04,DST09,753,LTL,CARC,1087,CC-104
SHP08351,26626074,2025-11-06,2025-11-11,5,L010,FAC01,DST17,1508,LTL,CARA,716,CC-101
SHP08352,62049581,2025-11-06,2025-11-08,2,L043,FAC04,DST09,753,LTL,CARC,516,CC-104
SHP08353,98007698,2025-11-06,2025-11-11,5,L053,FAC05,DST03,1362,LTL,CARA,729,CC-105
SHP08354,95392075,2025-11-06,2025-11-12,6,L046,FAC04,DST14,1996,LTL,CARB,621,CC-104
SHP08355,35252668,2025-11-06,2025-11-12,6,L049,FAC04,DST17,1818,LTL,CARC,5355,CC-104
SHP08356,14503787,2025-11-06,2025-11-09,3,L019,FAC02,DST11,811,LTL,CARD,2084,CC-102
SHP08357,91588410,2025-11-06,2025-11-07,1,L057,FAC05,DST10,289,LTL,CARE,805,CC-105
SHP08358,79187019,2025-11-06,2025-11-08,2,L057,FAC05,DST10,289,LTL,CARC,1053,CC-105
SHP08359,43224306,2025-11-06,2025-11-09,3,L038,FAC04,DST01,571,TL,CARF,35274,CC-104
SHP08360,16430717,2025-11-06,2025-11-08,2,L021,FAC02,DST13,841,LTL,CARD,1249,CC-102
SHP08361,42774127,2025-11-07,2025-11-08,1,L011,FAC01,DST18,198,LTL,CARD,1122,CC-101
SHP08362,42374496,2025-11-07,2025-11-09,2,L018,FAC02,DST10,561,LTL,CARE,5043,CC-102
SHP08363,33703700,2025-11-07,2025-11-10,3,L044,FAC04,DST10,475,LTL,CARE,334,CC-104
SHP08364,11742131,2025-11-07,2025-11-10,3,L031,FAC03,DST10,657,TL,CARF,19072,CC-103
SHP08365,89636679,2025-11-07,2025-11-11,4,L003,FAC01,DST06,1183,LTL,CARC,637,CC-101
SHP08366,10993519,2025-11-07,2025-11-09,2,L031,FAC03,DST10,657,TL,CARF,21234,CC-103
SHP08367,35892247,2025-11-07,2025-11-10,3,L024,FAC02,DST19,626,TL,CARH,35363,CC-102
SHP08368,39693077,2025-11-07,2025-11-10,3,L003,FAC01,DST06,1183,TL,CARG,20214,CC-101
SHP08369,85271426,2025-11-07,2025-11-09,2,L038,FAC04,DST01,571,LTL,CARB,465,CC-104
SHP08370,43946971,2025-11-07,2025-11-08,1,L042,FAC04,DST08,197,LTL,CARB,274,CC-104
SHP08371,99573986,2025-11-07,2025-11-10,3,L044,FAC04,DST10,475,LTL,CARB,1359,CC-104
SHP08372,22513332,2025-11-07,2025-11-09,2,L013,FAC02,DST02,798,LTL,CARA,1394,CC-102
SHP08373,45023166,2025-11-07,2025-11-10,3,L037,FAC03,DST20,871,LTL,CARD,920,CC-103
SHP08374,50895437,2025-11-07,2025-11-11,4,L027,FAC03,DST03,1859,TL,CARH,16476,CC-103
SHP08375,84863977,2025-11-07,2025-11-08,1,L012,FAC01,DST20,323,TL,CARF,21992,CC-101
SHP08376,34693715,2025-11-07,2025-11-09,2,L016,FAC02,DST08,717,LTL,CARE,890,CC-102
SHP08377,07566708,2025-11-07,2025-11-11,4,L020,FAC02,DST12,1452,LTL,CARB,1163,CC-102
SHP08378,56517239,2025-11-07,2025-11-08,1,L050,FAC04,DST18,202,TL,CARH,22610,CC-104
SHP08379,16566299,2025-11-07,2025-11-12,5,L035,FAC03,DST16,2015,LTL,CARD,960,CC-103
SHP08380,14229854,2025-11-07,2025-11-09,2,L057,FAC05,DST10,289,LTL,CARC,1183,CC-105
SHP08381,24819112,2025-11-07,2025-11-10,3,L040,FAC04,DST05,1193,LTL,CARC,3480,CC-104
SHP08382,17964747,2025-11-07,2025-11-09,2,L052,FAC04,DST20,227,LTL,CARD,2566,CC-104
SHP08383,94415955,2025-11-07,2025-11-12,5,L035,FAC03,DST16,2015,LTL,CARD,1170,CC-103
SHP08384,21375420,2025-11-07,2025-11-11,4,L040,FAC04,DST05,1193,LTL,CARC,1482,CC-104
SHP08385,78475361,2025-11-07,2025-11-09,2,L001,FAC01,DST04,705,LTL,CARC,318,CC-101
SHP08386,48910913,2025-11-07,2025-11-08,1,L041,FAC04,DST07,400,LTL,CARA,1325,CC-104
SHP08387,40914032,2025-11-07,2025-11-09,2,L015,FAC02,DST07,257,LTL,CARD,1154,CC-102
SHP08388,24794487,2025-11-07,2025-11-09,2,L038,FAC04,DST01,571,LTL,CARB,7500,CC-104
SHP08389,86097152,2025-11-07,2025-11-08,1,L051,FAC04,DST19,195,LTL,CARD,2242,CC-104
SHP08390,00046294,2025-11-07,2025-11-10,3,L001,FAC01,DST04,705,LTL,CARA,903,CC-101
SHP08391,41317131,2025-11-07,2025-11-10,3,L039,FAC04,DST03,771,LTL,CARE,4380,CC-104
SHP08392,61062556,2025-11-07,2025-11-13,6,L027,FAC03,DST03,1859,LTL,CARD,467,CC-103
SHP08393,78904943,2025-11-07,2025-11-09,2,L044,FAC04,DST10,475,LTL,CARE,381,CC-104
SHP08394,97214449,2025-11-07,2025-11-11,4,L028,FAC03,DST04,1114,LTL,CARC,4982,CC-103
SHP08395,45164851,2025-11-07,2025-11-11,4,L003,FAC01,DST06,1183,TL,CARG,33992,CC-101
SHP08396,44334023,2025-11-07,2025-11-09,2,L013,FAC02,DST02,798,LTL,CARB,4202,CC-102
SHP08397,03556326,2025-11-07,2025-11-10,3,L039,FAC04,DST03,771,LTL,CARA,2019,CC-104
SHP08398,26958991,2025-11-07,2025-11-09,2,L001,FAC01,DST04,705,LTL,CARC,1620,CC-101
SHP08399,01613877,2025-11-08,2025-11-11,3,L040,FAC04,DST05,1193,LTL,CARC,3315,CC-104
SHP08400,78912820,2025-11-08,2025-11-10,2,L012,FAC01,DST20,323,LTL,CARC,473,CC-101
SHP08401,18388147,2025-11-08,2025-11-09,1,L005,FAC01,DST08,284,LTL,CARD,1575,CC-101
SHP08402,21167055,2025-11-08,2025-11-11,3,L031,FAC03,DST10,657,LTL,CARC,1032,CC-103
SHP08403,84428349,2025-11-08,2025-11-09,1,L025,FAC02,DST20,384,TL,CARG,26591,CC-102
SHP08404,12065035,2025-11-08,2025-11-10,2,L005,FAC01,DST08,284,LTL,CARB,715,CC-101
SHP08405,34950441,2025-11-08,2025-11-11,3,L017,FAC02,DST09,1090,LTL,CARC,2212,CC-102
SHP08406,78111969,2025-11-08,2025-11-10,2,L016,FAC02,DST08,717,LTL,CARC,1240,CC-102
SHP08407,54606887,2025-11-08,2025-11-10,2,L011,FAC01,DST18,198,LTL,CARE,3728,CC-101
SHP08408,41103921,2025-11-08,2025-11-11,3,L055,FAC05,DST06,820,LTL,CARD,1519,CC-105
SHP08409,84128016,2025-11-08,2025-11-13,5,L034,FAC03,DST15,1485,LTL,CARB,1945,CC-103
SHP08410,10930048,2025-11-08,2025-11-12,4,L002,FAC01,DST05,1430,LTL,CARB,3726,CC-101
SHP08411,73530779,2025-11-08,2025-11-14,6,L048,FAC04,DST16,2410,LTL,CARB,2279,CC-104
SHP08412,00259804,2025-11-08,2025-11-09,1,L050,FAC04,DST18,202,TL,CARH,38832,CC-104
SHP08413,55216029,2025-11-08,2025-11-10,2,L016,FAC02,DST08,717,LTL,CARC,854,CC-102
SHP08414,62649281,2025-11-08,2025-11-10,2,L031,FAC03,DST10,657,LTL,CARA,1130,CC-103
SHP08415,70477644,2025-11-08,2025-11-11,3,L013,FAC02,DST02,798,LTL,CARB,581,CC-102
SHP08416,46811815,2025-11-08,2025-11-11,3,L036,FAC03,DST19,1283,LTL,CARC,2854,CC-103
SHP08417,62185993,2025-11-08,2025-11-13,5,L049,FAC04,DST17,1818,TL,CARF,27817,CC-104
SHP08418,10691507,2025-11-08,2025-11-11,3,L029,FAC03,DST05,1333,LTL,CARD,245,CC-103
SHP08419,84780407,2025-11-08,2025-11-13,5,L009,FAC01,DST16,2079,TL,CARG,36305,CC-101
SHP08420,43626616,2025-11-08,2025-11-13,5,L059,FAC05,DST16,2236,LTL,CARB,583,CC-105
SHP08421,58330991,2025-11-08,2025-11-10,2,L001,FAC01,DST04,705,LTL,CARA,7500,CC-101
SHP08422,78547326,2025-11-08,2025-11-11,3,L060,FAC05,DST19,791,TL,CARF,19239,CC-105
SHP08423,98861848,2025-11-08,2025-11-12,4,L034,FAC03,DST15,1485,LTL,CARB,1904,CC-103
SHP08424,12438165,2025-11-08,2025-11-11,3,L034,FAC03,DST15,1485,TL,CARG,26842,CC-103
SHP08425,46824002,2025-11-08,2025-11-10,2,L044,FAC04,DST10,475,LTL,CARE,848,CC-104
SHP08426,19276570,2025-11-08,2025-11-10,2,L033,FAC03,DST14,1061,TL,CARF,21999,CC-103
SHP08427,76675861,2025-11-08,2025-11-10,2,L001,FAC01,DST04,705,LTL,CARA,1150,CC-101
SHP08428,67732166,2025-11-08,2025-11-12,4,L020,FAC02,DST12,1452,LTL,CARB,2362,CC-102
SHP08429,22355247,2025-11-09,2025-11-15,6,L027,FAC03,DST03,1859,LTL,CARD,2437,CC-103
SHP08430,93720169,2025-11-09,2025-11-13,4,L002,FAC01,DST05,1430,LTL,CARB,1946,CC-101
SHP08431,47326760,2025-11-09,2025-11-11,2,L057,FAC05,DST10,289,LTL,CARE,379,CC-105
SHP08432,28111989,2025-11-09,2025-11-15,6,L048,FAC04,DST16,2410,TL,CARG,40232,CC-104
SHP08433,43270262,2025-11-09,2025-11-14,5,L020,FAC02,DST12,1452,LTL,CARB,613,CC-102
SHP08434,88285356,2025-11-09,2025-11-11,2,L052,FAC04,DST20,227,LTL,CARD,1167,CC-104
SHP08435,67065501,2025-11-09,2025-11-11,2,L039,FAC04,DST03,771,LTL,CARA,1325,CC-104
SHP08436,58648347,2025-11-09,2025-11-13,4,L053,FAC05,DST03,1362,LTL,CARE,1814,CC-105
SHP08437,89050438,2025-11-09,2025-11-12,3,L033,FAC03,DST14,1061,LTL,CARD,1183,CC-103
SHP08438,62922324,2025-11-09,2025-11-11,2,L052,FAC04,DST20,227,TL,CARF,38353,CC-104
SHP08439,24435167,2025-11-09,2025-11-11,2,L044,FAC04,DST10,475,TL,CARG,16811,CC-104
SHP08440,29191707,2025-11-09,2025-11-14,5,L008,FAC01,DST14,1742,LTL,CARA,2818,CC-101
SHP08441,85203547,2025-11-09,2025-11-13,4,L029,FAC03,DST05,1333,LTL,CARD,3581,CC-103
SHP08442,18354977,2025-11-09,2025-11-12,3,L017,FAC02,DST09,1090,LTL,CARE,2424,CC-102
SHP08443,81200269,2025-11-09,2025-11-11,2,L039,FAC04,DST03,771,LTL,CARA,553,CC-104
SHP08444,43771727,2025-11-09,2025-11-12,3,L032,FAC03,DST11,545,LTL,CARD,1025,CC-103
SHP08445,15498973,2025-11-09,2025-11-11,2,L042,FAC04,DST08,197,LTL,CARC,1071,CC-104
SHP08446,35037403,2025-11-09,2025-11-12,3,L003,FAC01,DST06,1183,LTL,CARD,294,CC-101
SHP08447,31920549,2025-11-09,2025-11-12,3,L055,FAC05,DST06,820,LTL,CARD,1486,CC-105
SHP08448,06077391,2025-11-09,2025-11-12,3,L029,FAC03,DST05,1333,LTL,CARD,2780,CC-103
SHP08449,22648430,2025-11-09,2025-11-12,3,L014,FAC02,DST03,1123,LTL,CARA,1040,CC-102
SHP08450,63259005,2025-11-09,2025-11-10,1,L012,FAC01,DST20,323,TL,CARF,31114,CC-101
SHP08451,89641602,2025-11-09,2025-11-12,3,L032,FAC03,DST11,545,LTL,CARC,431,CC-103
SHP08452,01389482,2025-11-09,2025-11-11,2,L031,FAC03,DST10,657,LTL,CARC,569,CC-103
SHP08453,21370067,2025-11-09,2025-11-12,3,L018,FAC02,DST10,561,LTL,CARE,1649,CC-102
SHP08454,33259036,2025-11-09,2025-11-11,2,L004,FAC01,DST07,477,LTL,CARA,3995,CC-101
SHP08455,89695903,2025-11-09,2025-11-12,3,L001,FAC01,DST04,705,LTL,CARC,1816,CC-101
SHP08456,27297002,2025-11-09,2025-11-14,5,L022,FAC02,DST14,1906,LTL,CARC,1115,CC-102
SHP08457,31185137,2025-11-09,2025-11-11,2,L031,FAC03,DST10,657,TL,CARF,20044,CC-103
SHP08458,64072019,2025-11-09,2025-11-12,3,L054,FAC05,DST04,624,LTL,CARE,3065,CC-105
SHP08459,92773086,2025-11-09,2025-11-11,2,L013,FAC02,DST02,798,LTL,CARA,1816,CC-102
SHP08460,53427384,2025-11-09,2025-11-13,4,L036,FAC03,DST19,1283,LTL,CARC,761,CC-103
SHP08461,04078194,2025-11-09,2025-11-12,3,L031,FAC03,DST10,657,TL,CARF,19315,CC-103
SHP08462,83507975,2025-11-09,2025-11-11,2,L005,FAC01,DST08,284,LTL,CARD,1388,CC-101
SHP08463,74185306,2025-11-09,2025-11-14,5,L035,FAC03,DST16,2015,LTL,CARD,1282,CC-103
SHP08464,39099985,2025-11-09,2025-11-11,2,L038,FAC04,DST01,571,LTL,CARB,3027,CC-104
SHP08465,71834572,2025-11-09,2025-11-12,3,L007,FAC01,DST12,1102,LTL,CARB,984,CC-101
SHP08466,19755688,2025-11-09,2025-11-10,1,L011,FAC01,DST18,198,LTL,CARE,1026,CC-101
SHP08467,52899486,2025-11-10,2025-11-12,2,L042,FAC04,DST08,197,LTL,CARB,418,CC-104
SHP08468,87383772,2025-11-10,2025-11-12,2,L004,FAC01,DST07,477,LTL,CARA,818,CC-101
SHP08469,35818497,2025-11-10,2025-11-16,6,L022,FAC02,DST14,1906,LTL,CARC,666,CC-102
SHP08470,00247535,2025-11-10,2025-11-14,4,L014,FAC02,DST03,1123,LTL,CARA,706,CC-102
SHP08471,60688832,2025-11-10,2025-11-13,3,L013,FAC02,DST02,798,LTL,CARA,1363,CC-102
SHP08472,50447778,2025-11-10,2025-11-12,2,L058,FAC05,DST13,581,LTL,CARA,2040,CC-105
SHP08473,01711769,2025-11-10,2025-11-13,3,L055,FAC05,DST06,820,LTL,CARD,1482,CC-105
SHP08474,36619010,2025-11-10,2025-11-12,2,L018,FAC02,DST10,561,TL,CARH,18352,CC-102
SHP08475,68352399,2025-11-10,2025-11-13,3,L031,FAC03,DST10,657,LTL,CARC,7500,CC-103
SHP08476,45721136,2025-11-10,2025-11-12,2,L011,FAC01,DST18,198,LTL,CARE,425,CC-101
SHP08477,18149445,2025-11-10,2025-11-12,2,L013,FAC02,DST02,798,LTL,CARA,1426,CC-102
SHP08478,19443250,2025-11-10,2025-11-12,2,L012,FAC01,DST20,323,LTL,CARB,1597,CC-101
SHP08479,81199184,2025-11-10,2025-11-11,1,L004,FAC01,DST07,477,TL,CARH,34368,CC-101
SHP08480,56720682,2025-11-10,2025-11-12,2,L051,FAC04,DST19,195,LTL,CARD,1987,CC-104
SHP08481,93677196,2025-11-10,2025-11-14,4,L034,FAC03,DST15,1485,LTL,CARB,1347,CC-103
SHP08482,86253622,2025-11-10,2025-11-15,5,L046,FAC04,DST14,1996,LTL,CARB,2568,CC-104
SHP08483,09962083,2025-11-10,2025-11-13,3,L032,FAC03,DST11,545,LTL,CARD,1192,CC-103
SHP08484,00905451,2025-11-10,2025-11-14,4,L010,FAC01,DST17,1508,LTL,CARA,2230,CC-101
SHP08485,98275592,2025-11-10,2025-11-15,5,L020,FAC02,DST12,1452,LTL,CARB,220,CC-102
SHP08486,67554682,2025-11-10,2025-11-12,2,L013,FAC02,DST02,798,LTL,CARA,1262,CC-102
SHP08487,04183420,2025-11-10,2025-11-12,2,L038,FAC04,DST01,571,LTL,CARD,5478,CC-104
SHP08488,14800363,2025-11-10,2025-11-12,2,L060,FAC05,DST19,791,LTL,CARD,601,CC-105
SHP08489,21502205,2025-11-10,2025-11-17,7,L048,FAC04,DST16,2410,LTL,CARC,1220,CC-104
SHP08490,32733329,2025-11-10,2025-11-12,2,L060,FAC05,DST19,791,LTL,CARD,2867,CC-105
SHP08491,46290064,2025-11-10,2025-11-12,2,L037,FAC03,DST20,871,LTL,CARE,2189,CC-103
SHP08492,14352328,2025-11-10,2025-11-12,2,L058,FAC05,DST13,581,TL,CARG,37569,CC-105
SHP08493,97268536,2025-11-10,2025-11-13,3,L058,FAC05,DST13,581,LTL,CARD,1631,CC-105
SHP08494,43810895,2025-11-10,2025-11-14,4,L036,FAC03,DST19,1283,TL,CARF,25306,CC-103
SHP08495,23292765,2025-11-10,2025-11-12,2,L001,FAC01,DST04,705,LTL,CARC,332,CC-101
SHP08496,86316950,2025-11-10,2025-11-15,5,L010,FAC01,DST17,1508,LTL,CARC,2954,CC-101
SHP08497,24552032,2025-11-10,2025-11-13,3,L040,FAC04,DST05,1193,TL,CARF,32699,CC-104
SHP08498,83723856,2025-11-10,2025-11-12,2,L038,FAC04,DST01,571,LTL,CARD,1848,CC-104
SHP08499,98953888,2025-11-11,2025-11-17,6,L059,FAC05,DST16,2236,LTL,CARA,640,CC-105
SHP08500,24006321,2025-11-11,2025-11-17,6,L035,FAC03,DST16,2015,LTL,CARA,716,CC-103
SHP08501,97061165,2025-11-11,2025-11-13,2,L054,FAC05,DST04,624,LTL,CARB,352,CC-105
SHP08502,84514844,2025-11-11,2025-11-14,3,L060,FAC05,DST19,791,LTL,CARD,3588,CC-105
SHP08503,80732389,2025-11-11,2025-11-12,1,L057,FAC05,DST10,289,LTL,CARC,283,CC-105
SHP08504,53325536,2025-11-11,2025-11-14,3,L055,FAC05,DST06,820,LTL,CARE,644,CC-105
SHP08505,65364601,2025-11-11,2025-11-14,3,L001,FAC01,DST04,705,LTL,CARC,2057,CC-101
SHP08506,71485565,2025-11-11,2025-11-17,6,L059,FAC05,DST16,2236,LTL,CARA,846,CC-105
SHP08507,07842364,2025-11-11,2025-11-13,2,L037,FAC03,DST20,871,LTL,CARD,2251,CC-103
SHP08508,88758100,2025-11-11,2025-11-14,3,L016,FAC02,DST08,717,TL,CARG,29442,CC-102
SHP08509,89229753,2025-11-11,2025-11-12,1,L006,FAC01,DST10,315,LTL,CARB,2509,CC-101
SHP08510,16309443,2025-11-11,2025-11-16,5,L049,FAC04,DST17,1818,LTL,CARA,2149,CC-104
SHP08511,42582769,2025-11-11,2025-11-13,2,L060,FAC05,DST19,791,TL,CARF,22355,CC-105
SHP08512,44638867,2025-11-11,2025-11-13,2,L021,FAC02,DST13,841,LTL,CARD,903,CC-102
SHP08513,02874369,2025-11-11,2025-11-13,2,L060,FAC05,DST19,791,TL,CARF,21814,CC-105
SHP08514,74558128,2025-11-11,2025-11-16,5,L020,FAC02,DST12,1452,LTL,CARB,548,CC-102
SHP08515,21348628,2025-11-11,2025-11-14,3,L024,FAC02,DST19,626,LTL,CARD,653,CC-102
SHP08516,97745235,2025-11-11,2025-11-13,2,L045,FAC04,DST11,743,LTL,CARC,312,CC-104
SHP08517,81326953,2025-11-11,2025-11-16,5,L049,FAC04,DST17,1818,LTL,CARC,384,CC-104
SHP08518,73951326,2025-11-11,2025-11-17,6,L022,FAC02,DST14,1906,LTL,CARC,867,CC-102
SHP08519,57338907,2025-11-11,2025-11-16,5,L026,FAC03,DST02,1557,LTL,CARD,647,CC-103
SHP08520,44206262,2025-11-11,2025-11-14,3,L021,FAC02,DST13,841,LTL,CARB,1636,CC-102
SHP08521,67636792,2025-11-11,2025-11-15,4,L002,FAC01,DST05,1430,LTL,CARB,965,CC-101
SHP08522,14320885,2025-11-11,2025-11-17,6,L059,FAC05,DST16,2236,LTL,CARA,1247,CC-105
SHP08523,05827712,2025-11-11,2025-11-15,4,L028,FAC03,DST04,1114,LTL,CARC,1322,CC-103
SHP08524,11529407,2025-11-11,2025-11-13,2,L018,FAC02,DST10,561,LTL,CARB,361,CC-102
SHP08525,15778204,2025-11-11,2025-11-17,6,L027,FAC03,DST03,1859,LTL,CARD,1243,CC-103
SHP08526,21104529,2025-11-11,2025-11-15,4,L034,FAC03,DST15,1485,LTL,CARA,1012,CC-103
SHP08527,79285666,2025-11-11,2025-11-14,3,L030,FAC03,DST08,1199,LTL,CARC,950,CC-103
SHP08528,04034025,2025-11-11,2025-11-17,6,L009,FAC01,DST16,2079,LTL,CARE,3031,CC-101
SHP08529,72996652,2025-11-11,2025-11-14,3,L023,FAC02,DST18,513,LTL,CARB,2683,CC-102
SHP08530,09669014,2025-11-11,2025-11-14,3,L003,FAC01,DST06,1183,LTL,CARD,403,CC-101
SHP08531,61218087,2025-11-12,2025-11-14,2,L023,FAC02,DST18,513,LTL,CARB,764,CC-102
SHP08532,05891419,2025-11-12,2025-11-16,4,L033,FAC03,DST14,1061,LTL,CARD,875,CC-103
SHP08533,80662601,2025-11-12,2025-11-14,2,L021,FAC02,DST13,841,LTL,CARB,2588,CC-102
SHP08534,08545164,2025-11-12,2025-11-15,3,L017,FAC02,DST09,1090,LTL,CARE,1371,CC-102
SHP08535,91855686,2025-11-12,2025-11-14,2,L039,FAC04,DST03,771,LTL,CARE,3018,CC-104
SHP08536,88195214,2025-11-12,2025-11-14,2,L025,FAC02,DST20,384,LTL,CARA,144,CC-102
SHP08537,90703104,2025-11-12,2025-11-14,2,L045,FAC04,DST11,743,LTL,CARC,662,CC-104
SHP08538,73168669,2025-11-12,2025-11-16,4,L008,FAC01,DST14,1742,LTL,CARE,5977,CC-101
SHP08539,77587683,2025-11-12,2025-11-16,4,L040,FAC04,DST05,1193,LTL,CARC,1285,CC-104
SHP08540,71160312,2025-11-12,2025-11-13,1,L042,FAC04,DST08,197,TL,CARF,35623,CC-104
SHP08541,72990463,2025-11-12,2025-11-14,2,L013,FAC02,DST02,798,LTL,CARB,310,CC-102
SHP08542,81861229,2025-11-12,2025-11-14,2,L025,FAC02,DST20,384,LTL,CARB,1232,CC-102
SHP08543,73471835,2025-11-12,2025-11-15,3,L019,FAC02,DST11,811,TL,CARH,20913,CC-102
SHP08544,15697205,2025-11-12,2025-11-13,1,L011,FAC01,DST18,198,TL,CARG,32459,CC-101
SHP08545,05525277,2025-11-12,2025-11-16,4,L003,FAC01,DST06,1183,TL,CARG,25935,CC-101
SHP08546,34002592,2025-11-12,2025-11-14,2,L054,FAC05,DST04,624,TL,CARG,31378,CC-105
SHP08547,41744422,2025-11-12,2025-11-15,3,L024,FAC02,DST19,626,LTL,CARD,803,CC-102
SHP08548,50774050,2025-11-12,2025-11-14,2,L013,FAC02,DST02,798,LTL,CARB,3015,CC-102
SHP08549,42048095,2025-11-12,2025-11-15,3,L038,FAC04,DST01,571,LTL,CARD,3487,CC-104
SHP08550,61021501,2025-11-12,2025-11-17,5,L049,FAC04,DST17,1818,LTL,CARA,2597,CC-104
SHP08551,50071117,2025-11-12,2025-11-13,1,L023,FAC02,DST18,513,TL,CARF,41706,CC-102
SHP08552,87741853,2025-11-12,2025-11-14,2,L057,FAC05,DST10,289,LTL,CARE,1356,CC-105
SHP08553,70952905,2025-11-12,2025-11-15,3,L021,FAC02,DST13,841,TL,CARG,31398,CC-102
SHP08554,20359863,2025-11-12,2025-11-16,4,L040,FAC04,DST05,1193,LTL,CARC,1242,CC-104
SHP08555,68127055,2025-11-13,2025-11-14,1,L015,FAC02,DST07,257,LTL,CARD,2158,CC-102
SHP08556,31827446,2025-11-13,2025-11-15,2,L052,FAC04,DST20,227,TL,CARF,32097,CC-104
SHP08557,41159459,2025-11-13,2025-11-14,1,L005,FAC01,DST08,284,LTL,CARB,476,CC-101
SHP08558,36103255,2025-11-13,2025-11-17,4,L036,FAC03,DST19,1283,LTL,CARC,5442,CC-103
SHP08559,83631156,2025-11-13,2025-11-16,3,L045,FAC04,DST11,743,LTL,CARE,876,CC-104
SHP08560,16817986,2025-11-13,2025-11-15,2,L015,FAC02,DST07,257,LTL,CARB,2247,CC-102
SHP08561,60858499,2025-11-13,2025-11-17,4,L030,FAC03,DST08,1199,TL,CARF,25581,CC-103
SHP08562,65119958,2025-11-13,2025-11-17,4,L026,FAC03,DST02,1557,TL,CARH,20277,CC-103
SHP08563,02782279,2025-11-13,2025-11-16,3,L055,FAC05,DST06,820,LTL,CARD,419,CC-105
SHP08564,18730989,2025-11-13,2025-11-15,2,L051,FAC04,DST19,195,LTL,CARB,2220,CC-104
SHP08565,00287281,2025-11-13,2025-11-16,3,L028,FAC03,DST04,1114,LTL,CARE,2587,CC-103
SHP08566,18474249,2025-11-13,2025-11-14,1,L056,FAC05,DST07,236,LTL,CARE,734,CC-105
SHP08567,50459009,2025-11-13,2025-11-16,3,L039,FAC04,DST03,771,LTL,CARA,1639,CC-104
SHP08568,91507084,2025-11-13,2025-11-15,2,L004,FAC01,DST07,477,LTL,CARC,2810,CC-101
SHP08569,40272399,2025-11-13,2025-11-15,2,L057,FAC05,DST10,289,LTL,CARC,1133,CC-105
SHP08570,57057644,2025-11-13,2025-11-15,2,L012,FAC01,DST20,323,LTL,CARB,3217,CC-101
SHP08571,07679448,2025-11-13,2025-11-15,2,L045,FAC04,DST11,743,LTL,CARE,831,CC-104
SHP08572,02590387,2025-11-13,2025-11-15,2,L052,FAC04,DST20,227,TL,CARF,28194,CC-104
SHP08573,69611835,2025-11-13,2025-11-17,4,L008,FAC01,DST14,1742,LTL,CARE,1112,CC-101
SHP08574,26360072,2025-11-13,2025-11-14,1,L011,FAC01,DST18,198,LTL,CARD,1205,CC-101
SHP08575,63233266,2025-11-13,2025-11-14,1,L042,FAC04,DST08,197,TL,CARF,28421,CC-104
SHP08576,98692240,2025-11-13,2025-11-16,3,L020,FAC02,DST12,1452,TL,CARG,35703,CC-102
SHP08577,85686033,2025-11-13,2025-11-19,6,L059,FAC05,DST16,2236,LTL,CARB,6416,CC-105
SHP08578,31223100,2025-11-13,2025-11-16,3,L024,FAC02,DST19,626,LTL,CARD,965,CC-102
SHP08579,64502690,2025-11-13,2025-11-16,3,L003,FAC01,DST06,1183,LTL,CARC,1304,CC-101
SHP08580,93595089,2025-11-13,2025-11-17,4,L030,FAC03,DST08,1199,LTL,CARC,959,CC-103
SHP08581,63020136,2025-11-13,2025-11-15,2,L025,FAC02,DST20,384,LTL,CARA,3681,CC-102
SHP08582,46440949,2025-11-13,2025-11-15,2,L013,FAC02,DST02,798,LTL,CARA,968,CC-102
SHP08583,02412525,2025-11-13,2025-11-15,2,L039,FAC04,DST03,771,LTL,CARE,684,CC-104
SHP08584,84108367,2025-11-13,2025-11-16,3,L024,FAC02,DST19,626,LTL,CARC,976,CC-102
SHP08585,85181231,2025-11-13,2025-11-15,2,L054,FAC05,DST04,624,LTL,CARE,1556,CC-105
SHP08586,32317337,2025-11-13,2025-11-14,1,L012,FAC01,DST20,323,LTL,CARC,1316,CC-101
SHP08587,05820019,2025-11-13,2025-11-14,1,L056,FAC05,DST07,236,LTL,CARE,1999,CC-105
SHP08588,12672505,2025-11-13,2025-11-16,3,L007,FAC01,DST12,1102,LTL,CARB,500,CC-101
SHP08589,60032769,2025-11-13,2025-11-17,4,L020,FAC02,DST12,1452,LTL,CARA,1723,CC-102
SHP08590,65689118,2025-11-13,2025-11-15,2,L011,FAC01,DST18,198,LTL,CARE,956,CC-101
SHP08591,35150392,2025-11-13,2025-11-17,4,L007,FAC01,DST12,1102,LTL,CARB,1113,CC-101
SHP08592,74170870,2025-11-13,2025-11-17,4,L002,FAC01,DST05,1430,LTL,CARE,1329,CC-101
SHP08593,04555491,2025-11-14,2025-11-17,3,L036,FAC03,DST19,1283,LTL,CARD,703,CC-103
SHP08594,41724131,2025-11-14,2025-11-20,6,L059,FAC05,DST16,2236,LTL,CARB,656,CC-105
SHP08595,55500951,2025-11-14,2025-11-17,3,L060,FAC05,DST19,791,TL,CARF,27750,CC-105
SHP08596,45107941,2025-11-14,2025-11-18,4,L028,FAC03,DST04,1114,LTL,CARE,484,CC-103
SHP08597,49760847,2025-11-14,2025-11-17,3,L019,FAC02,DST11,811,TL,CARH,31316,CC-102
SHP08598,98818890,2025-11-14,2025-11-18,4,L033,FAC03,DST14,1061,LTL,CARB,5550,CC-103
SHP08599,06963338,2025-11-14,2025-11-16,2,L016,FAC02,DST08,717,TL,CARG,37800,CC-102
SHP08600,03938529,2025-11-14,2025-11-16,2,L032,FAC03,DST11,545,LTL,CARC,1868,CC-103
SHP08601,96242827,2025-11-14,2025-11-18,4,L014,FAC02,DST03,1123,TL,CARH,17209,CC-102
SHP08602,23857253,2025-11-14,2025-11-15,1,L052,FAC04,DST20,227,LTL,CARD,4070,CC-104
SHP08603,13683550,2025-11-14,2025-11-17,3,L007,FAC01,DST12,1102,LTL,CARB,788,CC-101
SHP08604,46677294,2025-11-14,2025-11-16,2,L042,FAC04,DST08,197,TL,CARF,27316,CC-104
SHP08605,84476339,2025-11-14,2025-11-17,3,L031,FAC03,DST10,657,LTL,CARA,896,CC-103
SHP08606,58196103,2025-11-14,2025-11-19,5,L027,FAC03,DST03,1859,TL,CARH,20670,CC-103
SHP08607,59069579,2025-11-14,2025-11-15,1,L041,FAC04,DST07,400,LTL,CARA,982,CC-104
SHP08608,40668380,2025-11-14,2025-11-17,3,L044,FAC04,DST10,475,LTL,CARE,1957,CC-104
SHP08609,67273527,2025-11-14,2025-11-18,4,L008,FAC01,DST14,1742,TL,CARH,39114,CC-101
SHP08610,05963045,2025-11-14,2025-11-17,3,L040,FAC04,DST05,1193,LTL,CARC,761,CC-104
SHP08611,98073726,2025-11-14,2025-11-17,3,L028,FAC03,DST04,1114,LTL,CARE,751,CC-103
SHP08612,78033989,2025-11-14,2025-11-17,3,L033,FAC03,DST14,1061,LTL,CARB,1658,CC-103
SHP08613,37700679,2025-11-14,2025-11-17,3,L038,FAC04,DST01,571,LTL,CARD,858,CC-104
SHP08614,79415828,2025-11-14,2025-11-19,5,L010,FAC01,DST17,1508,LTL,CARC,825,CC-101
SHP08615,85983284,2025-11-14,2025-11-17,3,L003,FAC01,DST06,1183,LTL,CARC,1069,CC-101
SHP08616,03485430,2025-11-14,2025-11-16,2,L044,FAC04,DST10,475,LTL,CARB,316,CC-104
SHP08617,80134507,2025-11-14,2025-11-17,3,L003,FAC01,DST06,1183,LTL,CARC,3127,CC-101
SHP08618,74398240,2025-11-14,2025-11-20,6,L027,FAC03,DST03,1859,LTL,CARA,490,CC-103
SHP08619,30290674,2025-11-14,2025-11-16,2,L057,FAC05,DST10,289,LTL,CARE,1462,CC-105
SHP08620,47752458,2025-11-14,2025-11-19,5,L049,FAC04,DST17,1818,LTL,CARC,7500,CC-104
SHP08621,47871997,2025-11-14,2025-11-17,3,L040,FAC04,DST05,1193,LTL,CARB,562,CC-104
SHP08622,02852626,2025-11-14,2025-11-18,4,L010,FAC01,DST17,1508,TL,CARG,35898,CC-101
SHP08623,59927711,2025-11-14,2025-11-18,4,L003,FAC01,DST06,1183,LTL,CARC,1656,CC-101
SHP08624,26375274,2025-11-14,2025-11-17,3,L001,FAC01,DST04,705,LTL,CARA,182,CC-101
SHP08625,90891261,2025-11-14,2025-11-16,2,L051,FAC04,DST19,195,TL,CARG,26121,CC-104
SHP08626,18750774,2025-11-14,2025-11-17,3,L039,FAC04,DST03,771,TL,CARG,22305,CC-104
SHP08627,57434550,2025-11-14,2025-11-17,3,L043,FAC04,DST09,753,LTL,CARC,1312,CC-104
SHP08628,13923118,2025-11-14,2025-11-17,3,L024,FAC02,DST19,626,LTL,CARC,1283,CC-102
SHP08629,94685672,2025-11-14,2025-11-18,4,L010,FAC01,DST17,1508,LTL,CARA,1043,CC-101
SHP08630,60767657,2025-11-14,2025-11-17,3,L044,FAC04,DST10,475,LTL,CARB,1539,CC-104
SHP08631,67183055,2025-11-14,2025-11-15,1,L056,FAC05,DST07,236,LTL,CARE,2547,CC-105
SHP08632,87854999,2025-11-15,2025-11-16,1,L015,FAC02,DST07,257,TL,CARH,28766,CC-102
SHP08633,40774002,2025-11-15,2025-11-17,2,L042,FAC04,DST08,197,LTL,CARB,739,CC-104
SHP08634,06959595,2025-11-15,2025-11-17,2,L017,FAC02,DST09,1090,TL,CARF,21585,CC-102
SHP08635,62658429,2025-11-15,2025-11-17,2,L054,FAC05,DST04,624,LTL,CARB,604,CC-105
SHP08636,20549510,2025-11-15,2025-11-21,6,L027,FAC03,DST03,1859,LTL,CARA,1337,CC-103
SHP08637,43431698,2025-11-15,2025-11-18,3,L026,FAC03,DST02,1557,TL,CARH,20647,CC-103
SHP08638,09087475,2025-11-15,2025-11-17,2,L021,FAC02,DST13,841,LTL,CARB,379,CC-102
SHP08639,52389342,2025-11-15,2025-11-20,5,L035,FAC03,DST16,2015,LTL,CARA,315,CC-103
SHP08640,64751917,2025-11-15,2025-11-20,5,L002,FAC01,DST05,1430,LTL,CARE,1695,CC-101
SHP08641,08915735,2025-11-15,2025-11-20,5,L059,FAC05,DST16,2236,LTL,CARB,467,CC-105
SHP08642,19241479,2025-11-15,2025-11-19,4,L002,FAC01,DST05,1430,LTL,CARE,250,CC-101
SHP08643,16633194,2025-11-15,2025-11-17,2,L025,FAC02,DST20,384,LTL,CARA,1738,CC-102
SHP08644,95056917,2025-11-15,2025-11-17,2,L015,FAC02,DST07,257,LTL,CARB,2549,CC-102
SHP08645,23452354,2025-11-15,2025-11-17,2,L015,FAC02,DST07,257,LTL,CARB,3205,CC-102
SHP08646,04864273,2025-11-15,2025-11-17,2,L018,FAC02,DST10,561,LTL,CARB,1365,CC-102
SHP08647,24245665,2025-11-15,2025-11-18,3,L016,FAC02,DST08,717,TL,CARG,34755,CC-102
SHP08648,19325299,2025-11-15,2025-11-17,2,L043,FAC04,DST09,753,LTL,CARC,1765,CC-104
SHP08649,15939264,2025-11-15,2025-11-17,2,L001,FAC01,DST04,705,TL,CARG,25463,CC-101
SHP08650,06052818,2025-11-15,2025-11-17,2,L050,FAC04,DST18,202,LTL,CARD,950,CC-104
SHP08651,08922127,2025-11-15,2025-11-19,4,L014,FAC02,DST03,1123,TL,CARH,35505,CC-102
SHP08652,17059557,2025-11-15,2025-11-17,2,L006,FAC01,DST10,315,LTL,CARE,562,CC-101
SHP08653,44483792,2025-11-15,2025-11-19,4,L003,FAC01,DST06,1183,TL,CARG,38626,CC-101
SHP08654,35089610,2025-11-15,2025-11-16,1,L015,FAC02,DST07,257,LTL,CARD,2600,CC-102
SHP08655,17410800,2025-11-15,2025-11-19,4,L040,FAC04,DST05,1193,LTL,CARB,741,CC-104
SHP08656,40159670,2025-11-15,2025-11-20,5,L009,FAC01,DST16,2079,LTL,CARE,380,CC-101
SHP08657,51159144,2025-11-15,2025-11-19,4,L030,FAC03,DST08,1199,LTL,CARC,4642,CC-103
SHP08658,66239066,2025-11-15,2025-11-20,5,L010,FAC01,DST17,1508,LTL,CARC,193,CC-101
SHP08659,82109946,2025-11-15,2025-11-22,7,L048,FAC04,DST16,2410,LTL,CARB,1009,CC-104
SHP08660,42323067,2025-11-15,2025-11-18,3,L030,FAC03,DST08,1199,LTL,CARD,233,CC-103
SHP08661,15731400,2025-11-15,2025-11-16,1,L004,FAC01,DST07,477,TL,CARH,18181,CC-101
SHP08662,64121853,2025-11-15,2025-11-19,4,L020,FAC02,DST12,1452,LTL,CARB,2701,CC-102
SHP08663,44252448,2025-11-16,2025-11-17,1,L044,FAC04,DST10,475,TL,CARG,18536,CC-104
SHP08664,45121997,2025-11-16,2025-11-19,3,L045,FAC04,DST11,743,LTL,CARE,2037,CC-104
SHP08665,54652445,2025-11-16,2025-11-21,5,L010,FAC01,DST17,1508,LTL,CARA,2863,CC-101
SHP08666,91803519,2025-11-16,2025-11-19,3,L036,FAC03,DST19,1283,TL,CARF,22255,CC-103
SHP08667,77840892,2025-11-16,2025-11-18,2,L051,FAC04,DST19,195,LTL,CARB,458,CC-104
SHP08668,27097389,2025-11-16,2025-11-17,1,L015,FAC02,DST07,257,LTL,CARD,848,CC-102
SHP08669,79134232,2025-11-16,2025-11-18,2,L054,FAC05,DST04,624,LTL,CARE,800,CC-105
SHP08670,66256263,2025-11-16,2025-11-21,5,L053,FAC05,DST03,1362,LTL,CARE,2523,CC-105
SHP08671,48024871,2025-11-16,2025-11-19,3,L003,FAC01,DST06,1183,LTL,CARC,291,CC-101
SHP08672,57573881,2025-11-16,2025-11-19,3,L018,FAC02,DST10,561,LTL,CARB,7500,CC-102
SHP08673,37430556,2025-11-16,2025-11-19,3,L033,FAC03,DST14,1061,LTL,CARD,2415,CC-103
SHP08674,39280730,2025-11-16,2025-11-19,3,L019,FAC02,DST11,811,LTL,CARC,908,CC-102
SHP08675,92168681,2025-11-16,2025-11-18,2,L038,FAC04,DST01,571,LTL,CARB,4761,CC-104
SHP08676,85011481,2025-11-16,2025-11-19,3,L001,FAC01,DST04,705,LTL,CARC,3475,CC-101
SHP08677,00280289,2025-11-16,2025-11-17,1,L057,FAC05,DST10,289,LTL,CARE,2209,CC-105
SHP08678,38565236,2025-11-16,2025-11-21,5,L010,FAC01,DST17,1508,LTL,CARA,295,CC-101
SHP08679,44993702,2025-11-16,2025-11-18,2,L056,FAC05,DST07,236,LTL,CARD,340,CC-105
SHP08680,68088840,2025-11-16,2025-11-21,5,L022,FAC02,DST14,1906,LTL,CARC,3809,CC-102
SHP08681,80932769,2025-11-16,2025-11-19,3,L013,FAC02,DST02,798,LTL,CARB,1213,CC-102
SHP08682,81686028,2025-11-16,2025-11-18,2,L041,FAC04,DST07,400,LTL,CARA,2014,CC-104
SHP08683,52338592,2025-11-16,2025-11-22,6,L048,FAC04,DST16,2410,LTL,CARC,252,CC-104
SHP08684,20095714,2025-11-16,2025-11-19,3,L060,FAC05,DST19,791,LTL,CARD,4210,CC-105
SHP08685,70739103,2025-11-16,2025-11-22,6,L046,FAC04,DST14,1996,LTL,CARB,1012,CC-104
SHP08686,35145509,2025-11-16,2025-11-19,3,L023,FAC02,DST18,513,LTL,CARD,448,CC-102
SHP08687,40838708,2025-11-16,2025-11-18,2,L019,FAC02,DST11,811,LTL,CARD,529,CC-102
SHP08688,77096572,2025-11-16,2025-11-18,2,L013,FAC02,DST02,798,LTL,CARB,566,CC-102
SHP08689,36931191,2025-11-16,2025-11-18,2,L021,FAC02,DST13,841,LTL,CARD,1320,CC-102
SHP08690,96507106,2025-11-16,2025-11-18,2,L013,FAC02,DST02,798,LTL,CARB,1358,CC-102
SHP08691,87759838,2025-11-16,2025-11-18,2,L031,FAC03,DST10,657,LTL,CARC,1756,CC-103
SHP08692,21781119,2025-11-16,2025-11-19,3,L039,FAC04,DST03,771,LTL,CARE,2845,CC-104
SHP08693,85287259,2025-11-16,2025-11-19,3,L013,FAC02,DST02,798,LTL,CARB,2169,CC-102
SHP08694,52669732,2025-11-16,2025-11-20,4,L007,FAC01,DST12,1102,TL,CARF,25994,CC-101
SHP08695,67115264,2025-11-17,2025-11-22,5,L010,FAC01,DST17,1508,LTL,CARA,817,CC-101
SHP08696,93645972,2025-11-17,2025-11-18,1,L005,FAC01,DST08,284,LTL,CARB,1046,CC-101
SHP08697,22778707,2025-11-17,2025-11-23,6,L009,FAC01,DST16,2079,LTL,CARE,2292,CC-101
SHP08698,34087888,2025-11-17,2025-11-19,2,L044,FAC04,DST10,475,LTL,CARE,1116,CC-104
SHP08699,85605757,2025-11-17,2025-11-19,2,L050,FAC04,DST18,202,LTL,CARD,1173,CC-104
SHP08700,12838063,2025-11-17,2025-11-20,3,L054,FAC05,DST04,624,LTL,CARB,7500,CC-105
SHP08701,90689655,2025-11-17,2025-11-20,3,L060,FAC05,DST19,791,LTL,CARD,451,CC-105
SHP08702,97839647,2025-11-17,2025-11-19,2,L045,FAC04,DST11,743,LTL,CARC,1982,CC-104
SHP08703,36916402,2025-11-17,2025-11-23,6,L027,FAC03,DST03,1859,LTL,CARA,1638,CC-103
SHP08704,55923177,2025-11-17,2025-11-22,5,L059,FAC05,DST16,2236,LTL,CARA,1046,CC-105
SHP08705,88333379,2025-11-17,2025-11-18,1,L025,FAC02,DST20,384,LTL,CARA,2835,CC-102
SHP08706,77140190,2025-11-17,2025-11-19,2,L025,FAC02,DST20,384,LTL,CARA,1121,CC-102
SHP08707,52808169,2025-11-17,2025-11-19,2,L011,FAC01,DST18,198,LTL,CARE,792,CC-101
SHP08708,37517700,2025-11-17,2025-11-19,2,L024,FAC02,DST19,626,LTL,CARC,1206,CC-102
SHP08709,40923889,2025-11-17,2025-11-19,2,L054,FAC05,DST04,624,LTL,CARE,892,CC-105
SHP08710,12320075,2025-11-17,2025-11-19,2,L011,FAC01,DST18,198,LTL,CARD,574,CC-101
SHP08711,83118573,2025-11-17,2025-11-22,5,L022,FAC02,DST14,1906,LTL,CARC,243,CC-102
SHP08712,43015977,2025-11-17,2025-11-18,1,L012,FAC01,DST20,323,LTL,CARC,3240,CC-101
SHP08713,90497482,2025-11-17,2025-11-20,3,L031,FAC03,DST10,657,LTL,CARC,281,CC-103
SHP08714,25956326,2025-11-17,2025-11-22,5,L022,FAC02,DST14,1906,LTL,CARE,1185,CC-102
SHP08715,13372569,2025-11-17,2025-11-19,2,L050,FAC04,DST18,202,LTL,CARD,157,CC-104
SHP08716,94635037,2025-11-17,2025-11-20,3,L043,FAC04,DST09,753,LTL,CARE,654,CC-104
SHP08717,80160680,2025-11-17,2025-11-21,4,L022,FAC02,DST14,1906,TL,CARH,29773,CC-102
SHP08718,07033964,2025-11-17,2025-11-19,2,L042,FAC04,DST08,197,LTL,CARC,3939,CC-104
SHP08719,30169565,2025-11-17,2025-11-22,5,L049,FAC04,DST17,1818,LTL,CARA,1041,CC-104
SHP08720,94408063,2025-11-17,2025-11-22,5,L027,FAC03,DST03,1859,LTL,CARA,467,CC-103
SHP08721,24306872,2025-11-17,2025-11-20,3,L001,FAC01,DST04,705,LTL,CARC,1028,CC-101
SHP08722,55350916,2025-11-17,2025-11-19,2,L024,FAC02,DST19,626,LTL,CARC,5195,CC-102
SHP08723,62127027,2025-11-18,2025-11-22,4,L009,FAC01,DST16,2079,TL,CARG,30827,CC-101
SHP08724,56565014,2025-11-18,2025-11-24,6,L047,FAC04,DST15,2368,TL,CARF,40889,CC-104
SHP08725,65033942,2025-11-18,2025-11-20,2,L056,FAC05,DST07,236,LTL,CARD,561,CC-105
SHP08726,92315454,2025-11-18,2025-11-19,1,L005,FAC01,DST08,284,LTL,CARB,852,CC-101
SHP08727,47559226,2025-11-18,2025-11-20,2,L001,FAC01,DST04,705,TL,CARG,36663,CC-101
SHP08728,92172688,2025-11-18,2025-11-19,1,L006,FAC01,DST10,315,LTL,CARE,171,CC-101
SHP08729,41248093,2025-11-18,2025-11-20,2,L018,FAC02,DST10,561,TL,CARH,40948,CC-102
SHP08730,21892039,2025-11-18,2025-11-20,2,L060,FAC05,DST19,791,TL,CARF,29918,CC-105
SHP08731,83428144,2025-11-18,2025-11-21,3,L040,FAC04,DST05,1193,TL,CARF,30219,CC-104
SHP08732,56333222,2025-11-18,2025-11-21,3,L014,FAC02,DST03,1123,LTL,CARA,530,CC-102
SHP08733,11099869,2025-11-18,2025-11-21,3,L020,FAC02,DST12,1452,TL,CARG,25844,CC-102
SHP08734,68058560,2025-11-18,2025-11-21,3,L004,FAC01,DST07,477,LTL,CARA,3159,CC-101
SHP08735,77879396,2025-11-18,2025-11-24,6,L047,FAC04,DST15,2368,LTL,CARC,435,CC-104
SHP08736,61806157,2025-11-18,2025-11-24,6,L048,FAC04,DST16,2410,LTL,CARB,1177,CC-104
SHP08737,60322659,2025-11-18,2025-11-20,2,L060,FAC05,DST19,791,LTL,CARD,676,CC-105
SHP08738,83190637,2025-11-18,2025-11-23,5,L035,FAC03,DST16,2015,LTL,CARD,1756,CC-103
SHP08739,16866068,2025-11-18,2025-11-20,2,L015,FAC02,DST07,257,LTL,CARB,1855,CC-102
SHP08740,87525801,2025-11-18,2025-11-19,1,L041,FAC04,DST07,400,TL,CARH,28442,CC-104
SHP08741,78349781,2025-11-18,2025-11-19,1,L057,FAC05,DST10,289,LTL,CARE,193,CC-105
SHP08742,57168155,2025-11-18,2025-11-23,5,L008,FAC01,DST14,1742,TL,CARH,30542,CC-101
SHP08743,31814943,2025-11-18,2025-11-21,3,L043,FAC04,DST09,753,LTL,CARC,1247,CC-104
SHP08744,37533901,2025-11-18,2025-11-23,5,L022,FAC02,DST14,1906,LTL,CARC,1601,CC-102
SHP08745,70533047,2025-11-18,2025-11-21,3,L044,FAC04,DST10,475,LTL,CARB,901,CC-104
SHP08746,22646883,2025-11-18,2025-11-24,6,L048,FAC04,DST16,2410,LTL,CARC,1226,CC-104
SHP08747,14559712,2025-11-18,2025-11-19,1,L050,FAC04,DST18,202,LTL,CARD,390,CC-104
SHP08748,90435120,2025-11-18,2025-11-24,6,L059,FAC05,DST16,2236,LTL,CARB,218,CC-105
SHP08749,80836577,2025-11-18,2025-11-22,4,L007,FAC01,DST12,1102,LTL,CARB,2013,CC-101
SHP08750,05788773,2025-11-18,2025-11-24,6,L048,FAC04,DST16,2410,LTL,CARC,273,CC-104
SHP08751,07992631,2025-11-18,2025-11-22,4,L053,FAC05,DST03,1362,LTL,CARE,1138,CC-105
SHP08752,47496403,2025-11-18,2025-11-20,2,L039,FAC04,DST03,771,TL,CARG,15608,CC-104
SHP08753,59896203,2025-11-18,2025-11-23,5,L022,FAC02,DST14,1906,TL,CARH,40952,CC-102
SHP08754,49471727,2025-11-18,2025-11-20,2,L041,FAC04,DST07,400,LTL,CARA,1101,CC-104
SHP08755,26881168,2025-11-18,2025-11-21,3,L053,FAC05,DST03,1362,TL,CARG,16619,CC-105
SHP08756,78137597,2025-11-18,2025-11-20,2,L043,FAC04,DST09,753,LTL,CARE,1642,CC-104
SHP08757,61574842,2025-11-19,2025-11-21,2,L043,FAC04,DST09,753,LTL,CARC,506,CC-104
SHP08758,73707404,2025-11-19,2025-11-21,2,L042,FAC04,DST08,197,LTL,CARC,686,CC-104
SHP08759,03837695,2025-11-19,2025-11-21,2,L052,FAC04,DST20,227,LTL,CARD,1382,CC-104
SHP08760,48837407,2025-11-19,2025-11-22,3,L023,FAC02,DST18,513,LTL,CARD,931,CC-102
SHP08761,36907787,2025-11-19,2025-11-21,2,L037,FAC03,DST20,871,LTL,CARE,2650,CC-103
SHP08762,08472247,2025-11-19,2025-11-22,3,L054,FAC05,DST04,624,LTL,CARB,969,CC-105
SHP08763,07376990,2025-11-19,2025-11-21,2,L004,FAC01,DST07,477,LTL,CARC,431,CC-101
SHP08764,96972466,2025-11-19,2025-11-22,3,L058,FAC05,DST13,581,TL,CARG,37884,CC-105
SHP08765,84977236,2025-11-19,2025-11-21,2,L037,FAC03,DST20,871,LTL,CARD,978,CC-103
SHP08766,36979034,2025-11-19,2025-11-22,3,L021,FAC02,DST13,841,LTL,CARD,1456,CC-102
SHP08767,80703743,2025-11-19,2025-11-21,2,L039,FAC04,DST03,771,LTL,CARE,3984,CC-104
SHP08768,27551341,2025-11-19,2025-11-21,2,L025,FAC02,DST20,384,LTL,CARA,400,CC-102
SHP08769,22886779,2025-11-19,2025-11-21,2,L021,FAC02,DST13,841,TL,CARG,30271,CC-102
SHP08770,77502761,2025-11-19,2025-11-20,1,L041,FAC04,DST07,400,TL,CARH,29835,CC-104
SHP08771,69599118,2025-11-19,2025-11-24,5,L053,FAC05,DST03,1362,LTL,CARE,2214,CC-105
SHP08772,47673697,2025-11-19,2025-11-25,6,L047,FAC04,DST15,2368,LTL,CARC,515,CC-104
SHP08773,60681032,2025-11-19,2025-11-22,3,L019,FAC02,DST11,811,LTL,CARD,4034,CC-102
SHP08774,58246226,2025-11-19,2025-11-22,3,L021,FAC02,DST13,841,LTL,CARD,204,CC-102
SHP08775,01054715,2025-11-19,2025-11-21,2,L019,FAC02,DST11,811,LTL,CARC,711,CC-102
SHP08776,50771783,2025-11-19,2025-11-20,1,L012,FAC01,DST20,323,LTL,CARB,1536,CC-101
SHP08777,66929952,2025-11-19,2025-11-21,2,L032,FAC03,DST11,545,LTL,CARC,2707,CC-103
SHP08778,74691305,2025-11-19,2025-11-21,2,L044,FAC04,DST10,475,TL,CARG,38234,CC-104
SHP08779,43547425,2025-11-19,2025-11-22,3,L038,FAC04,DST01,571,TL,CARF,37190,CC-104
SHP08780,42485709,2025-11-19,2025-11-21,2,L050,FAC04,DST18,202,LTL,CARC,1486,CC-104
SHP08781,44383029,2025-11-19,2025-11-23,4,L029,FAC03,DST05,1333,LTL,CARA,804,CC-103
SHP08782,59473556,2025-11-19,2025-11-20,1,L005,FAC01,DST08,284,LTL,CARB,1788,CC-101
SHP08783,35061389,2025-11-19,2025-11-21,2,L016,FAC02,DST08,717,LTL,CARE,680,CC-102
SHP08784,09711698,2025-11-19,2025-11-21,2,L060,FAC05,DST19,791,LTL,CARA,992,CC-105
SHP08785,17840288,2025-11-19,2025-11-24,5,L008,FAC01,DST14,1742,LTL,CARE,6775,CC-101
SHP08786,21782697,2025-11-19,2025-11-22,3,L060,FAC05,DST19,791,LTL,CARD,480,CC-105
SHP08787,16994924,2025-11-20,2025-11-22,2,L056,FAC05,DST07,236,LTL,CARD,2616,CC-105
SHP08788,75774888,2025-11-20,2025-11-22,2,L045,FAC04,DST11,743,LTL,CARE,3028,CC-104
SHP08789,27239798,2025-11-20,2025-11-22,2,L057,FAC05,DST10,289,LTL,CARE,657,CC-105
SHP08790,18804872,2025-11-20,2025-11-26,6,L009,FAC01,DST16,2079,LTL,CARB,1012,CC-101
SHP08791,26878595,2025-11-20,2025-11-22,2,L039,FAC04,DST03,771,TL,CARG,31307,CC-104
SHP08792,45398408,2025-11-20,2025-11-25,5,L002,FAC01,DST05,1430,LTL,CARB,269,CC-101
SHP08793,49785602,2025-11-20,2025-11-23,3,L017,FAC02,DST09,1090,TL,CARF,36616,CC-102
SHP08794,95754102,2025-11-20,2025-11-21,1,L025,FAC02,DST20,384,LTL,CARB,1193,CC-102
SHP08795,50269592,2025-11-20,2025-11-23,3,L024,FAC02,DST19,626,LTL,CARC,2837,CC-102
SHP08796,95156088,2025-11-20,2025-11-24,4,L040,FAC04,DST05,1193,TL,CARF,35644,CC-104
SHP08797,68383292,2025-11-20,2025-11-23,3,L016,FAC02,DST08,717,LTL,CARC,1994,CC-102
SHP08798,88737807,2025-11-20,2025-11-22,2,L023,FAC02,DST18,513,LTL,CARB,3554,CC-102
SHP08799,24331172,2025-11-20,2025-11-22,2,L005,FAC01,DST08,284,LTL,CARD,815,CC-101
SHP08800,84326704,2025-11-20,2025-11-25,5,L049,FAC04,DST17,1818,TL,CARF,16595,CC-104
SHP08801,33202099,2025-11-20,2025-11-25,5,L046,FAC04,DST14,1996,TL,CARF,17258,CC-104
SHP08802,09696852,2025-11-20,2025-11-22,2,L021,FAC02,DST13,841,LTL,CARB,282,CC-102
SHP08803,03964827,2025-11-20,2025-11-23,3,L033,FAC03,DST14,1061,LTL,CARD,740,CC-103
SHP08804,47163490,2025-11-20,2025-11-22,2,L055,FAC05,DST06,820,LTL,CARD,7500,CC-105
SHP08805,52732061,2025-11-20,2025-11-22,2,L024,FAC02,DST19,626,LTL,CARC,2611,CC-102
SHP08806,12416081,2025-11-20,2025-11-22,2,L004,FAC01,DST07,477,TL,CARH,39904,CC-101
SHP08807,28118302,2025-11-20,2025-11-21,1,L056,FAC05,DST07,236,LTL,CARE,4337,CC-105
SHP08808,68590377,2025-11-20,2025-11-23,3,L002,FAC01,DST05,1430,TL,CARF,17837,CC-101
SHP08809,63681785,2025-11-20,2025-11-22,2,L039,FAC04,DST03,771,LTL,CARE,669,CC-104
SHP08810,97917774,2025-11-20,2025-11-21,1,L006,FAC01,DST10,315,LTL,CARB,503,CC-101
SHP08811,99183932,2025-11-20,2025-11-22,2,L042,FAC04,DST08,197,LTL,CARB,901,CC-104
SHP08812,69576326,2025-11-20,2025-11-22,2,L025,FAC02,DST20,384,LTL,CARB,936,CC-102
SHP08813,82509889,2025-11-20,2025-11-23,3,L007,FAC01,DST12,1102,LTL,CARB,1332,CC-101
SHP08814,88486430,2025-11-20,2025-11-23,3,L038,FAC04,DST01,571,LTL,CARB,852,CC-104
SHP08815,57144105,2025-11-20,2025-11-22,2,L012,FAC01,DST20,323,LTL,CARC,2196,CC-101
SHP08816,20086616,2025-11-20,2025-11-25,5,L022,FAC02,DST14,1906,LTL,CARE,481,CC-102
SHP08817,28073943,2025-11-20,2025-11-23,3,L024,FAC02,DST19,626,LTL,CARC,1282,CC-102
SHP08818,69139560,2025-11-20,2025-11-23,3,L043,FAC04,DST09,753,LTL,CARC,995,CC-104
SHP08819,99072155,2025-11-20,2025-11-23,3,L029,FAC03,DST05,1333,LTL,CARA,439,CC-103
SHP08820,00970608,2025-11-20,2025-11-23,3,L024,FAC02,DST19,626,LTL,CARD,1265,CC-102
SHP08821,90825334,2025-11-20,2025-11-26,6,L022,FAC02,DST14,1906,LTL,CARC,2111,CC-102
SHP08822,86856656,2025-11-20,2025-11-26,6,L059,FAC05,DST16,2236,LTL,CARA,1253,CC-105
SHP08823,74521472,2025-11-20,2025-11-23,3,L013,FAC02,DST02,798,LTL,CARA,925,CC-102
SHP08824,12811720,2025-11-20,2025-11-23,3,L003,FAC01,DST06,1183,TL,CARG,32201,CC-101
SHP08825,34957997,2025-11-21,2025-11-23,2,L038,FAC04,DST01,571,TL,CARF,33497,CC-104
SHP08826,26493393,2025-11-21,2025-11-27,6,L049,FAC04,DST17,1818,LTL,CARA,1797,CC-104
SHP08827,49250432,2025-11-21,2025-11-23,2,L031,FAC03,DST10,657,LTL,CARA,521,CC-103
SHP08828,03332885,2025-11-21,2025-11-23,2,L031,FAC03,DST10,657,LTL,CARA,1278,CC-103
SHP08829,43795806,2025-11-21,2025-11-25,4,L022,FAC02,DST14,1906,TL,CARH,35104,CC-102
SHP08830,38292949,2025-11-21,2025-11-27,6,L049,FAC04,DST17,1818,LTL,CARC,1487,CC-104
SHP08831,10662898,2025-11-21,2025-11-25,4,L033,FAC03,DST14,1061,LTL,CARB,3353,CC-103
SHP08832,73549135,2025-11-21,2025-11-25,4,L034,FAC03,DST15,1485,LTL,CARA,162,CC-103
SHP08833,93742433,2025-11-21,2025-11-24,3,L023,FAC02,DST18,513,LTL,CARD,2630,CC-102
SHP08834,09299625,2025-11-21,2025-11-25,4,L002,FAC01,DST05,1430,LTL,CARE,2594,CC-101
SHP08835,44753698,2025-11-21,2025-11-24,3,L004,FAC01,DST07,477,LTL,CARC,1854,CC-101
SHP08836,52679954,2025-11-21,2025-11-23,2,L055,FAC05,DST06,820,LTL,CARE,615,CC-105
SHP08837,35649458,2025-11-21,2025-11-22,1,L057,FAC05,DST10,289,LTL,CARE,1200,CC-105
SHP08838,40546424,2025-11-21,2025-11-22,1,L023,FAC02,DST18,513,TL,CARF,27151,CC-102
SHP08839,04908647,2025-11-21,2025-11-23,2,L043,FAC04,DST09,753,LTL,CARE,1958,CC-104
SHP08840,87058324,2025-11-21,2025-11-23,2,L025,FAC02,DST20,384,LTL,CARB,960,CC-102
SHP08841,01244413,2025-11-21,2025-11-23,2,L060,FAC05,DST19,791,LTL,CARD,715,CC-105
SHP08842,81569456,2025-11-21,2025-11-22,1,L015,FAC02,DST07,257,TL,CARH,40755,CC-102
SHP08843,40565287,2025-11-21,2025-11-25,4,L040,FAC04,DST05,1193,LTL,CARC,2624,CC-104
SHP08844,26745454,2025-11-21,2025-11-23,2,L052,FAC04,DST20,227,LTL,CARD,1364,CC-104
SHP08845,71540772,2025-11-21,2025-11-27,6,L047,FAC04,DST15,2368,LTL,CARD,1930,CC-104
SHP08846,71179698,2025-11-21,2025-11-24,3,L021,FAC02,DST13,841,LTL,CARB,252,CC-102
SHP08847,98018080,2025-11-21,2025-11-24,3,L033,FAC03,DST14,1061,LTL,CARB,977,CC-103
SHP08848,70818069,2025-11-21,2025-11-26,5,L020,FAC02,DST12,1452,LTL,CARA,601,CC-102
SHP08849,08292893,2025-11-21,2025-11-22,1,L025,FAC02,DST20,384,TL,CARG,20238,CC-102
SHP08850,35951762,2025-11-21,2025-11-23,2,L033,FAC03,DST14,1061,TL,CARF,34388,CC-103
SHP08851,15746889,2025-11-21,2025-11-25,4,L008,FAC01,DST14,1742,LTL,CARA,984,CC-101
SHP08852,78700123,2025-11-21,2025-11-27,6,L035,FAC03,DST16,2015,LTL,CARD,2788,CC-103
SHP08853,67889941,2025-11-21,2025-11-24,3,L014,FAC02,DST03,1123,LTL,CARA,1020,CC-102
SHP08854,97144994,2025-11-22,2025-11-25,3,L036,FAC03,DST19,1283,LTL,CARC,824,CC-103
SHP08855,17572982,2025-11-22,2025-11-26,4,L026,FAC03,DST02,1557,TL,CARH,17139,CC-103
SHP08856,33757215,2025-11-22,2025-11-27,5,L020,FAC02,DST12,1452,LTL,CARB,1444,CC-102
SHP08857,06352284,2025-11-22,2025-11-26,4,L028,FAC03,DST04,1114,LTL,CARE,1629,CC-103
SHP08858,15803602,2025-11-22,2025-11-25,3,L033,FAC03,DST14,1061,LTL,CARB,2239,CC-103
SHP08859,05200176,2025-11-22,2025-11-26,4,L010,FAC01,DST17,1508,TL,CARG,39185,CC-101
SHP08860,28828446,2025-11-22,2025-11-24,2,L004,FAC01,DST07,477,TL,CARH,31982,CC-101
SHP08861,81933656,2025-11-22,2025-11-25,3,L045,FAC04,DST11,743,TL,CARF,38195,CC-104
SHP08862,61396329,2025-11-22,2025-11-24,2,L004,FAC01,DST07,477,LTL,CARC,1661,CC-101
SHP08863,92407003,2025-11-22,2025-11-23,1,L006,FAC01,DST10,315,LTL,CARB,561,CC-101
SHP08864,66165175,2025-11-22,2025-11-26,4,L036,FAC03,DST19,1283,LTL,CARC,7500,CC-103
SHP08865,81882098,2025-11-22,2025-11-26,4,L053,FAC05,DST03,1362,LTL,CARE,1892,CC-105
SHP08866,00325234,2025-11-22,2025-11-25,3,L013,FAC02,DST02,798,LTL,CARA,4517,CC-102
SHP08867,06794196,2025-11-22,2025-11-27,5,L047,FAC04,DST15,2368,TL,CARF,33372,CC-104
SHP08868,79414569,2025-11-22,2025-11-23,1,L050,FAC04,DST18,202,LTL,CARD,1909,CC-104
SHP08869,12921751,2025-11-22,2025-11-27,5,L027,FAC03,DST03,1859,LTL,CARA,1208,CC-103
SHP08870,91606466,2025-11-22,2025-11-24,2,L042,FAC04,DST08,197,LTL,CARC,1082,CC-104
SHP08871,79648664,2025-11-22,2025-11-24,2,L043,FAC04,DST09,753,LTL,CARC,771,CC-104
SHP08872,25468523,2025-11-22,2025-11-28,6,L022,FAC02,DST14,1906,LTL,CARC,7500,CC-102
SHP08873,86605946,2025-11-22,2025-11-25,3,L020,FAC02,DST12,1452,TL,CARG,26169,CC-102
SHP08874,34377032,2025-11-22,2025-11-23,1,L006,FAC01,DST10,315,LTL,CARE,1830,CC-101
SHP08875,91054593,2025-11-22,2025-11-25,3,L036,FAC03,DST19,1283,LTL,CARC,1051,CC-103
SHP08876,09972614,2025-11-22,2025-11-27,5,L034,FAC03,DST15,1485,LTL,CARA,604,CC-103
SHP08877,48639654,2025-11-22,2025-11-28,6,L048,FAC04,DST16,2410,LTL,CARB,4875,CC-104
SHP08878,52359342,2025-11-22,2025-11-26,4,L017,FAC02,DST09,1090,LTL,CARC,803,CC-102
SHP08879,23034980,2025-11-22,2025-11-24,2,L021,FAC02,DST13,841,TL,CARG,26726,CC-102
SHP08880,42055330,2025-11-22,2025-11-28,6,L047,FAC04,DST15,2368,LTL,CARD,4264,CC-104
SHP08881,41648760,2025-11-22,2025-11-24,2,L023,FAC02,DST18,513,LTL,CARB,4559,CC-102
SHP08882,98142261,2025-11-22,2025-11-24,2,L011,FAC01,DST18,198,LTL,CARD,1580,CC-101
SHP08883,13747145,2025-11-22,2025-11-27,5,L010,FAC01,DST17,1508,LTL,CARC,459,CC-101
SHP08884,26631852,2025-11-22,2025-11-24,2,L051,FAC04,DST19,195,LTL,CARB,401,CC-104
SHP08885,69061724,2025-11-22,2025-11-25,3,L054,FAC05,DST04,624,LTL,CARB,3099,CC-105
SHP08886,68829627,2025-11-23,2025-11-26,3,L024,FAC02,DST19,626,LTL,CARC,4052,CC-102
SHP08887,13729118,2025-11-23,2025-11-25,2,L015,FAC02,DST07,257,LTL,CARB,2148,CC-102
SHP08888,20865857,2025-11-23,2025-11-25,2,L058,FAC05,DST13,581,LTL,CARA,603,CC-105
SHP08889,86965541,2025-11-23,2025-11-25,2,L018,FAC02,DST10,561,LTL,CARE,1138,CC-102
SHP08890,02136877,2025-11-23,2025-11-26,3,L014,FAC02,DST03,1123,LTL,CARA,4024,CC-102
SHP08891,07915587,2025-11-23,2025-11-26,3,L002,FAC01,DST05,1430,TL,CARF,30408,CC-101
SHP08892,43309250,2025-11-23,2025-11-26,3,L036,FAC03,DST19,1283,TL,CARF,18581,CC-103
SHP08893,24717543,2025-11-23,2025-11-25,2,L039,FAC04,DST03,771,LTL,CARE,1248,CC-104
SHP08894,01601793,2025-11-23,2025-11-26,3,L024,FAC02,DST19,626,TL,CARH,37915,CC-102
SHP08895,79248933,2025-11-23,2025-11-24,1,L050,FAC04,DST18,202,LTL,CARD,758,CC-104
SHP08896,35163703,2025-11-23,2025-11-25,2,L023,FAC02,DST18,513,LTL,CARD,1235,CC-102
SHP08897,09418800,2025-11-23,2025-11-25,2,L018,FAC02,DST10,561,LTL,CARB,835,CC-102
SHP08898,01823759,2025-11-23,2025-11-24,1,L025,FAC02,DST20,384,LTL,CARA,1850,CC-102
SHP08899,20910566,2025-11-23,2025-11-26,3,L043,FAC04,DST09,753,LTL,CARE,184,CC-104
SHP08900,54468002,2025-11-23,2025-11-25,2,L001,FAC01,DST04,705,LTL,CARA,324,CC-101
SHP08901,65136515,2025-11-23,2025-11-25,2,L058,FAC05,DST13,581,LTL,CARA,862,CC-105
SHP08902,04126194,2025-11-23,2025-11-27,4,L034,FAC03,DST15,1485,TL,CARG,35943,CC-103
SHP08903,58824150,2025-11-23,2025-11-24,1,L005,FAC01,DST08,284,TL,CARG,26236,CC-101
SHP08904,63725077,2025-11-23,2025-11-25,2,L060,FAC05,DST19,791,LTL,CARD,1742,CC-105
SHP08905,73741553,2025-11-23,2025-11-26,3,L021,FAC02,DST13,841,TL,CARG,34177,CC-102
SHP08906,53168136,2025-11-23,2025-11-27,4,L033,FAC03,DST14,1061,LTL,CARB,5580,CC-103
SHP08907,15727325,2025-11-24,2025-11-29,5,L027,FAC03,DST03,1859,TL,CARH,24053,CC-103
SHP08908,08783583,2025-11-24,2025-11-29,5,L008,FAC01,DST14,1742,LTL,CARA,2257,CC-101
SHP08909,29691037,2025-11-24,2025-11-27,3,L037,FAC03,DST20,871,LTL,CARD,1623,CC-103
SHP08910,77607388,2025-11-24,2025-11-27,3,L001,FAC01,DST04,705,LTL,CARC,7138,CC-101
SHP08911,51543101,2025-11-24,2025-11-26,2,L041,FAC04,DST07,400,LTL,CARB,691,CC-104
SHP08912,51388941,2025-11-24,2025-11-27,3,L014,FAC02,DST03,1123,LTL,CARD,396,CC-102
SHP08913,64191651,2025-11-24,2025-11-29,5,L049,FAC04,DST17,1818,LTL,CARA,1572,CC-104
SHP08914,20598699,2025-11-24,2025-11-26,2,L019,FAC02,DST11,811,LTL,CARC,1593,CC-102
SHP08915,38475211,2025-11-24,2025-11-26,2,L055,FAC05,DST06,820,LTL,CARD,3787,CC-105
SHP08916,59882297,2025-11-24,2025-11-26,2,L045,FAC04,DST11,743,LTL,CARE,662,CC-104
SHP08917,11122398,2025-11-24,2025-11-30,6,L035,FAC03,DST16,2015,LTL,CARA,1421,CC-103
SHP08918,98700969,2025-11-24,2025-11-26,2,L012,FAC01,DST20,323,LTL,CARC,610,CC-101
SHP08919,05445015,2025-11-24,2025-11-28,4,L020,FAC02,DST12,1452,LTL,CARA,908,CC-102
SHP08920,49548322,2025-11-24,2025-11-28,4,L028,FAC03,DST04,1114,TL,CARG,36076,CC-103
SHP08921,66591519,2025-11-24,2025-11-26,2,L042,FAC04,DST08,197,LTL,CARC,1545,CC-104
SHP08922,07266773,2025-11-24,2025-11-27,3,L003,FAC01,DST06,1183,LTL,CARC,1489,CC-101
SHP08923,87072530,2025-11-24,2025-11-25,1,L056,FAC05,DST07,236,LTL,CARE,1235,CC-105
SHP08924,62872833,2025-11-24,2025-11-28,4,L010,FAC01,DST17,1508,LTL,CARC,628,CC-101
SHP08925,28440109,2025-11-24,2025-11-25,1,L056,FAC05,DST07,236,LTL,CARD,648,CC-105
SHP08926,03389968,2025-11-24,2025-11-27,3,L023,FAC02,DST18,513,LTL,CARB,335,CC-102
SHP08927,87589430,2025-11-24,2025-11-28,4,L030,FAC03,DST08,1199,TL,CARF,18425,CC-103
SHP08928,73620437,2025-11-24,2025-11-28,4,L008,FAC01,DST14,1742,TL,CARH,36920,CC-101
SHP08929,25189896,2025-11-24,2025-11-25,1,L015,FAC02,DST07,257,LTL,CARB,288,CC-102
SHP08930,12579903,2025-11-24,2025-11-26,2,L004,FAC01,DST07,477,LTL,CARC,531,CC-101
SHP08931,35537664,2025-11-24,2025-11-26,2,L042,FAC04,DST08,197,LTL,CARB,1135,CC-104
SHP08932,10647735,2025-11-24,2025-11-26,2,L023,FAC02,DST18,513,LTL,CARB,2694,CC-102
SHP08933,03688177,2025-11-24,2025-11-27,3,L013,FAC02,DST02,798,LTL,CARA,4077,CC-102
SHP08934,38445911,2025-11-24,2025-11-26,2,L024,FAC02,DST19,626,LTL,CARD,232,CC-102
SHP08935,22801577,2025-11-24,2025-11-28,4,L034,FAC03,DST15,1485,TL,CARG,41169,CC-103
SHP08936,97134250,2025-11-24,2025-11-26,2,L011,FAC01,DST18,198,TL,CARG,25768,CC-101
SHP08937,26585855,2025-11-24,2025-11-27,3,L055,FAC05,DST06,820,LTL,CARD,1381,CC-105
SHP08938,10677784,2025-11-24,2025-11-25,1,L057,FAC05,DST10,289,LTL,CARE,569,CC-105
SHP08939,12641774,2025-11-24,2025-11-30,6,L049,FAC04,DST17,1818,LTL,CARA,1517,CC-104
SHP08940,98153139,2025-11-25,2025-11-28,3,L018,FAC02,DST10,561,LTL,CARB,2361,CC-102
SHP08941,94120836,2025-11-25,2025-11-30,5,L049,FAC04,DST17,1818,LTL,CARA,1801,CC-104
SHP08942,31356350,2025-11-25,2025-12-01,6,L022,FAC02,DST14,1906,LTL,CARE,2526,CC-102
SHP08943,22957429,2025-11-25,2025-11-27,2,L058,FAC05,DST13,581,LTL,CARD,617,CC-105
SHP08944,25926747,2025-11-25,2025-11-30,5,L026,FAC03,DST02,1557,LTL,CARD,388,CC-103
SHP08945,41904955,2025-11-25,2025-11-27,2,L015,FAC02,DST07,257,LTL,CARB,2308,CC-102
SHP08946,21394666,2025-11-25,2025-11-27,2,L054,FAC05,DST04,624,TL,CARG,23584,CC-105
SHP08947,58348502,2025-11-25,2025-11-26,1,L056,FAC05,DST07,236,TL,CARG,38784,CC-105
SHP08948,30204617,2025-11-25,2025-11-26,1,L051,FAC04,DST19,195,TL,CARG,35553,CC-104
SHP08949,09031327,2025-11-25,2025-11-29,4,L014,FAC02,DST03,1123,LTL,CARA,738,CC-102
SHP08950,87915342,2025-11-25,2025-11-27,2,L001,FAC01,DST04,705,TL,CARG,25082,CC-101
SHP08951,33136238,2025-11-25,2025-11-26,1,L005,FAC01,DST08,284,LTL,CARD,426,CC-101
SHP08952,79651013,2025-11-25,2025-11-28,3,L031,FAC03,DST10,657,LTL,CARC,1710,CC-103
SHP08953,76748596,2025-11-25,2025-12-01,6,L022,FAC02,DST14,1906,LTL,CARC,4600,CC-102
SHP08954,30637798,2025-11-25,2025-11-29,4,L007,FAC01,DST12,1102,LTL,CARB,1124,CC-101
SHP08955,15222436,2025-11-25,2025-11-26,1,L015,FAC02,DST07,257,TL,CARH,35503,CC-102
SHP08956,74739229,2025-11-25,2025-11-27,2,L019,FAC02,DST11,811,LTL,CARC,619,CC-102
SHP08957,26723938,2025-11-25,2025-11-28,3,L003,FAC01,DST06,1183,LTL,CARC,1679,CC-101
SHP08958,39940635,2025-11-25,2025-11-29,4,L002,FAC01,DST05,1430,LTL,CARE,1602,CC-101
SHP08959,89571262,2025-11-25,2025-11-26,1,L041,FAC04,DST07,400,LTL,CARB,2903,CC-104
SHP08960,62718645,2025-11-25,2025-11-29,4,L007,FAC01,DST12,1102,LTL,CARE,2062,CC-101
SHP08961,95254004,2025-11-25,2025-11-28,3,L033,FAC03,DST14,1061,LTL,CARB,2251,CC-103
SHP08962,43564289,2025-11-25,2025-11-29,4,L020,FAC02,DST12,1452,TL,CARG,34850,CC-102
SHP08963,26362868,2025-11-25,2025-11-30,5,L026,FAC03,DST02,1557,LTL,CARA,936,CC-103
SHP08964,96012478,2025-11-25,2025-11-29,4,L030,FAC03,DST08,1199,LTL,CARD,673,CC-103
SHP08965,93457926,2025-11-25,2025-11-27,2,L051,FAC04,DST19,195,LTL,CARB,344,CC-104
SHP08966,73731354,2025-11-26,2025-11-27,1,L057,FAC05,DST10,289,LTL,CARE,624,CC-105
SHP08967,41956682,2025-11-26,2025-11-30,4,L014,FAC02,DST03,1123,LTL,CARA,3148,CC-102
SHP08968,27011698,2025-11-26,2025-11-29,3,L060,FAC05,DST19,791,LTL,CARA,702,CC-105
SHP08969,28746219,2025-11-26,2025-11-28,2,L004,FAC01,DST07,477,LTL,CARC,3213,CC-101
SHP08970,50352033,2025-11-26,2025-11-27,1,L051,FAC04,DST19,195,LTL,CARD,830,CC-104
SHP08971,83761496,2025-11-26,2025-11-30,4,L034,FAC03,DST15,1485,TL,CARG,35007,CC-103
SHP08972,97871159,2025-11-26,2025-11-28,2,L006,FAC01,DST10,315,TL,CARF,28467,CC-101
SHP08973,75313890,2025-11-26,2025-11-29,3,L004,FAC01,DST07,477,LTL,CARC,1136,CC-101
SHP08974,98649886,2025-11-26,2025-12-01,5,L020,FAC02,DST12,1452,LTL,CARB,749,CC-102
SHP08975,34176829,2025-11-26,2025-11-27,1,L015,FAC02,DST07,257,TL,CARH,16268,CC-102
SHP08976,56478465,2025-11-26,2025-11-30,4,L030,FAC03,DST08,1199,TL,CARF,41528,CC-103
SHP08977,48613618,2025-11-26,2025-11-29,3,L004,FAC01,DST07,477,LTL,CARC,1198,CC-101
SHP08978,79439099,2025-11-26,2025-11-28,2,L041,FAC04,DST07,400,LTL,CARB,976,CC-104
SHP08979,80862913,2025-11-26,2025-11-28,2,L051,FAC04,DST19,195,LTL,CARD,1121,CC-104
SHP08980,42504880,2025-11-26,2025-11-28,2,L051,FAC04,DST19,195,LTL,CARB,735,CC-104
SHP08981,64281291,2025-11-26,2025-11-29,3,L029,FAC03,DST05,1333,LTL,CARA,293,CC-103
SHP08982,33168481,2025-11-26,2025-11-28,2,L043,FAC04,DST09,753,LTL,CARC,269,CC-104
SHP08983,47447836,2025-11-26,2025-11-29,3,L014,FAC02,DST03,1123,LTL,CARD,1990,CC-102
SHP08984,10937624,2025-11-26,2025-11-28,2,L052,FAC04,DST20,227,LTL,CARE,2430,CC-104
SHP08985,97315258,2025-11-26,2025-12-03,7,L047,FAC04,DST15,2368,LTL,CARD,2176,CC-104
SHP08986,16695380,2025-11-26,2025-11-29,3,L044,FAC04,DST10,475,LTL,CARE,567,CC-104
SHP08987,82497785,2025-11-26,2025-12-02,6,L048,FAC04,DST16,2410,LTL,CARB,580,CC-104
SHP08988,51424286,2025-11-26,2025-11-28,2,L055,FAC05,DST06,820,LTL,CARE,1807,CC-105
SHP08989,31985884,2025-11-26,2025-11-28,2,L045,FAC04,DST11,743,LTL,CARE,906,CC-104
SHP08990,13792759,2025-11-26,2025-11-29,3,L021,FAC02,DST13,841,LTL,CARB,812,CC-102
SHP08991,85863629,2025-11-26,2025-11-30,4,L017,FAC02,DST09,1090,LTL,CARE,540,CC-102
SHP08992,05862586,2025-11-26,2025-11-28,2,L060,FAC05,DST19,791,LTL,CARD,2161,CC-105
SHP08993,43914464,2025-11-26,2025-11-29,3,L018,FAC02,DST10,561,LTL,CARB,1137,CC-102
SHP08994,32061732,2025-11-26,2025-11-28,2,L019,FAC02,DST11,811,LTL,CARD,1419,CC-102
SHP08995,82621659,2025-11-26,2025-12-02,6,L046,FAC04,DST14,1996,LTL,CARA,675,CC-104
SHP08996,98250244,2025-11-27,2025-11-30,3,L045,FAC04,DST11,743,TL,CARF,23435,CC-104
SHP08997,57717372,2025-11-27,2025-11-29,2,L001,FAC01,DST04,705,LTL,CARC,449,CC-101
SHP08998,42257890,2025-11-27,2025-11-28,1,L050,FAC04,DST18,202,LTL,CARD,2711,CC-104
SHP08999,76460607,2025-11-27,2025-12-02,5,L026,FAC03,DST02,1557,LTL,CARD,505,CC-103
SHP09000,08164362,2025-11-27,2025-11-29,2,L056,FAC05,DST07,236,LTL,CARD,1775,CC-105
SHP09001,08223923,2025-11-27,2025-11-29,2,L025,FAC02,DST20,384,LTL,CARB,710,CC-102
SHP09002,48753363,2025-11-27,2025-11-30,3,L019,FAC02,DST11,811,TL,CARH,38339,CC-102
SHP09003,60392704,2025-11-27,2025-11-30,3,L001,FAC01,DST04,705,LTL,CARA,357,CC-101
SHP09004,36823690,2025-11-27,2025-11-29,2,L001,FAC01,DST04,705,TL,CARG,21461,CC-101
SHP09005,92603134,2025-11-27,2025-11-28,1,L051,FAC04,DST19,195,TL,CARG,23238,CC-104
SHP09006,34308140,2025-11-27,2025-11-29,2,L039,FAC04,DST03,771,LTL,CARA,649,CC-104
SHP09007,71580811,2025-11-27,2025-12-02,5,L035,FAC03,DST16,2015,LTL,CARA,1003,CC-103
SHP09008,25679356,2025-11-27,2025-11-30,3,L036,FAC03,DST19,1283,LTL,CARC,1015,CC-103
SHP09009,72751436,2025-11-27,2025-11-30,3,L031,FAC03,DST10,657,LTL,CARC,1061,CC-103
SHP09010,89789673,2025-11-27,2025-12-01,4,L017,FAC02,DST09,1090,LTL,CARC,1235,CC-102
SHP09011,34291776,2025-11-27,2025-11-29,2,L042,FAC04,DST08,197,TL,CARF,40828,CC-104
SHP09012,03173578,2025-11-27,2025-11-30,3,L036,FAC03,DST19,1283,LTL,CARD,3087,CC-103
SHP09013,49722009,2025-11-27,2025-11-30,3,L054,FAC05,DST04,624,LTL,CARE,994,CC-105
SHP09014,71005786,2025-11-27,2025-11-30,3,L031,FAC03,DST10,657,LTL,CARC,5460,CC-103
SHP09015,27904597,2025-11-27,2025-12-01,4,L033,FAC03,DST14,1061,LTL,CARD,1289,CC-103
SHP09016,99862707,2025-11-27,2025-11-30,3,L060,FAC05,DST19,791,LTL,CARD,991,CC-105
SHP09017,10335654,2025-11-27,2025-12-01,4,L003,FAC01,DST06,1183,LTL,CARC,1724,CC-101
SHP09018,75011819,2025-11-27,2025-11-29,2,L001,FAC01,DST04,705,LTL,CARC,925,CC-101
SHP09019,47121344,2025-11-27,2025-11-29,2,L050,FAC04,DST18,202,LTL,CARD,532,CC-104
SHP09020,34986507,2025-11-27,2025-11-30,3,L021,FAC02,DST13,841,LTL,CARB,1726,CC-102
SHP09021,76934117,2025-11-27,2025-11-30,3,L019,FAC02,DST11,811,LTL,CARC,2911,CC-102
SHP09022,03189911,2025-11-27,2025-11-29,2,L054,FAC05,DST04,624,LTL,CARE,2256,CC-105
SHP09023,31078428,2025-11-27,2025-11-30,3,L032,FAC03,DST11,545,LTL,CARD,6147,CC-103
SHP09024,25243186,2025-11-27,2025-11-29,2,L039,FAC04,DST03,771,LTL,CARA,955,CC-104
SHP09025,35220358,2025-11-28,2025-12-01,3,L054,FAC05,DST04,624,LTL,CARE,6799,CC-105
SHP09026,22195405,2025-11-28,2025-12-01,3,L026,FAC03,DST02,1557,TL,CARH,33744,CC-103
SHP09027,98505543,2025-11-28,2025-12-03,5,L046,FAC04,DST14,1996,LTL,CARB,1639,CC-104
SHP09028,50722347,2025-11-28,2025-12-04,6,L048,FAC04,DST16,2410,LTL,CARC,1670,CC-104
SHP09029,14254159,2025-11-28,2025-11-30,2,L023,FAC02,DST18,513,LTL,CARB,568,CC-102
SHP09030,22329377,2025-11-28,2025-11-29,1,L005,FAC01,DST08,284,TL,CARG,28740,CC-101
SHP09031,14208000,2025-11-28,2025-12-01,3,L038,FAC04,DST01,571,LTL,CARB,375,CC-104
SHP09032,99341584,2025-11-28,2025-11-30,2,L015,FAC02,DST07,257,LTL,CARB,2679,CC-102
SHP09033,00205032,2025-11-28,2025-11-30,2,L037,FAC03,DST20,871,LTL,CARE,3012,CC-103
SHP09034,35392573,2025-11-28,2025-12-01,3,L045,FAC04,DST11,743,TL,CARF,21053,CC-104
SHP09035,95201956,2025-11-28,2025-11-29,1,L015,FAC02,DST07,257,LTL,CARB,1714,CC-102
SHP09036,75218876,2025-11-28,2025-12-01,3,L045,FAC04,DST11,743,LTL,CARE,946,CC-104
SHP09037,35979100,2025-11-28,2025-11-30,2,L023,FAC02,DST18,513,LTL,CARD,1249,CC-102
SHP09038,64691271,2025-11-28,2025-12-02,4,L040,FAC04,DST05,1193,LTL,CARB,2559,CC-104
SHP09039,02485859,2025-11-28,2025-11-29,1,L051,FAC04,DST19,195,TL,CARG,35628,CC-104
SHP09040,53536444,2025-11-28,2025-11-30,2,L006,FAC01,DST10,315,LTL,CARE,1670,CC-101
SHP09041,96832613,2025-11-28,2025-12-01,3,L031,FAC03,DST10,657,LTL,CARC,1189,CC-103
SHP09042,09419283,2025-11-28,2025-11-30,2,L057,FAC05,DST10,289,LTL,CARC,580,CC-105
SHP09043,98332780,2025-11-28,2025-11-29,1,L006,FAC01,DST10,315,LTL,CARE,3864,CC-101
SHP09044,15362415,2025-11-28,2025-11-30,2,L042,FAC04,DST08,197,LTL,CARB,4361,CC-104
SHP09045,53020035,2025-11-28,2025-12-01,3,L014,FAC02,DST03,1123,LTL,CARD,858,CC-102
SHP09046,68016180,2025-11-28,2025-12-02,4,L007,FAC01,DST12,1102,LTL,CARB,3393,CC-101
SHP09047,82166998,2025-11-28,2025-12-02,4,L040,FAC04,DST05,1193,TL,CARF,35290,CC-104
SHP09048,55736857,2025-11-28,2025-12-03,5,L008,FAC01,DST14,1742,TL,CARH,28278,CC-101
SHP09049,70182681,2025-11-28,2025-12-01,3,L017,FAC02,DST09,1090,TL,CARF,32724,CC-102
SHP09050,90357595,2025-11-28,2025-11-30,2,L021,FAC02,DST13,841,LTL,CARB,478,CC-102
SHP09051,52444654,2025-11-28,2025-12-03,5,L002,FAC01,DST05,1430,LTL,CARE,3001,CC-101
SHP09052,52814477,2025-11-28,2025-11-29,1,L011,FAC01,DST18,198,LTL,CARD,580,CC-101
SHP09053,09367074,2025-11-29,2025-11-30,1,L044,FAC04,DST10,475,TL,CARG,37867,CC-104
SHP09054,10441020,2025-11-29,2025-12-02,3,L019,FAC02,DST11,811,LTL,CARD,1440,CC-102
SHP09055,58420506,2025-11-29,2025-12-02,3,L058,FAC05,DST13,581,LTL,CARD,3092,CC-105
SHP09056,70269140,2025-11-29,2025-12-05,6,L035,FAC03,DST16,2015,LTL,CARD,4005,CC-103
SHP09057,93476657,2025-11-29,2025-12-02,3,L017,FAC02,DST09,1090,LTL,CARC,195,CC-102
SHP09058,30865590,2025-11-29,2025-12-03,4,L003,FAC01,DST06,1183,LTL,CARC,377,CC-101
SHP09059,61921383,2025-11-29,2025-12-03,4,L028,FAC03,DST04,1114,LTL,CARE,3737,CC-103
SHP09060,47426156,2025-11-29,2025-12-02,3,L004,FAC01,DST07,477,LTL,CARA,1210,CC-101
SHP09061,28312469,2025-11-29,2025-12-02,3,L003,FAC01,DST06,1183,LTL,CARD,2211,CC-101
SHP09062,48216862,2025-11-29,2025-12-01,2,L004,FAC01,DST07,477,LTL,CARC,156,CC-101
SHP09063,82492962,2025-11-29,2025-12-01,2,L006,FAC01,DST10,315,LTL,CARB,1044,CC-101
SHP09064,50611545,2025-11-29,2025-12-04,5,L026,FAC03,DST02,1557,LTL,CARD,820,CC-103
SHP09065,38536973,2025-11-29,2025-12-02,3,L016,FAC02,DST08,717,LTL,CARC,358,CC-102
SHP09066,19023809,2025-11-29,2025-12-01,2,L025,FAC02,DST20,384,TL,CARG,37862,CC-102
SHP09067,34299088,2025-11-29,2025-12-02,3,L038,FAC04,DST01,571,LTL,CARD,682,CC-104
SHP09068,53395435,2025-11-29,2025-12-01,2,L044,FAC04,DST10,475,LTL,CARB,2163,CC-104
SHP09069,89241096,2025-11-29,2025-12-01,2,L043,FAC04,DST09,753,LTL,CARE,4653,CC-104
SHP09070,79676570,2025-11-29,2025-12-02,3,L032,FAC03,DST11,545,LTL,CARD,563,CC-103
SHP09071,62114058,2025-11-29,2025-12-03,4,L020,FAC02,DST12,1452,LTL,CARA,960,CC-102
SHP09072,19362189,2025-11-30,2025-12-05,5,L022,FAC02,DST14,1906,LTL,CARC,433,CC-102
SHP09073,60683556,2025-11-30,2025-12-07,7,L048,FAC04,DST16,2410,LTL,CARB,2245,CC-104
SHP09074,65155809,2025-11-30,2025-12-03,3,L030,FAC03,DST08,1199,TL,CARF,27759,CC-103
SHP09075,71809652,2025-11-30,2025-12-03,3,L043,FAC04,DST09,753,LTL,CARC,1843,CC-104
SHP09076,92373903,2025-11-30,2025-12-03,3,L031,FAC03,DST10,657,TL,CARF,22357,CC-103
SHP09077,37760320,2025-11-30,2025-12-04,4,L009,FAC01,DST16,2079,TL,CARG,31673,CC-101
SHP09078,72107974,2025-11-30,2025-12-01,1,L004,FAC01,DST07,477,TL,CARH,36737,CC-101
SHP09079,08311999,2025-11-30,2025-12-03,3,L037,FAC03,DST20,871,LTL,CARE,518,CC-103
SHP09080,17557809,2025-11-30,2025-12-03,3,L032,FAC03,DST11,545,LTL,CARD,786,CC-103
SHP09081,37730932,2025-11-30,2025-12-02,2,L032,FAC03,DST11,545,LTL,CARC,3690,CC-103
SHP09082,17380876,2025-11-30,2025-12-03,3,L032,FAC03,DST11,545,LTL,CARC,173,CC-103
SHP09083,37589795,2025-11-30,2025-12-05,5,L049,FAC04,DST17,1818,LTL,CARA,3884,CC-104
SHP09084,22634884,2025-11-30,2025-12-02,2,L012,FAC01,DST20,323,LTL,CARC,774,CC-101
SHP09085,23167269,2025-11-30,2025-12-03,3,L036,FAC03,DST19,1283,LTL,CARD,3289,CC-103
SHP09086,90111615,2025-11-30,2025-12-02,2,L011,FAC01,DST18,198,LTL,CARE,1851,CC-101
SHP09087,69644611,2025-11-30,2025-12-05,5,L026,FAC03,DST02,1557,LTL,CARA,302,CC-103
SHP09088,90193895,2025-11-30,2025-12-03,3,L055,FAC05,DST06,820,TL,CARF,25321,CC-105
SHP09089,20481939,2025-11-30,2025-12-04,4,L046,FAC04,DST14,1996,TL,CARF,27363,CC-104
SHP09090,83656153,2025-11-30,2025-12-03,3,L058,FAC05,DST13,581,LTL,CARD,407,CC-105
SHP09091,50309520,2025-11-30,2025-12-03,3,L001,FAC01,DST04,705,LTL,CARC,1564,CC-101
SHP09092,07684101,2025-11-30,2025-12-04,4,L030,FAC03,DST08,1199,LTL,CARC,1606,CC-103
SHP09093,14021629,2025-11-30,2025-12-02,2,L044,FAC04,DST10,475,LTL,CARE,235,CC-104
SHP09094,93452815,2025-11-30,2025-12-06,6,L035,FAC03,DST16,2015,LTL,CARA,448,CC-103
SHP09095,19004967,2025-11-30,2025-12-04,4,L030,FAC03,DST08,1199,LTL,CARC,494,CC-103
SHP09096,90597878,2025-11-30,2025-12-03,3,L010,FAC01,DST17,1508,TL,CARG,31954,CC-101
SHP09097,00746294,2025-11-30,2025-12-02,2,L006,FAC01,DST10,315,LTL,CARB,1511,CC-101
SHP09098,92565769,2025-11-30,2025-12-04,4,L029,FAC03,DST05,1333,LTL,CARD,2600,CC-103
SHP09099,89504374,2025-11-30,2025-12-02,2,L058,FAC05,DST13,581,LTL,CARD,2908,CC-105
SHP09100,18649120,2025-11-30,2025-12-03,3,L043,FAC04,DST09,753,LTL,CARC,922,CC-104
SHP09101,97777514,2025-12-01,2025-12-08,7,L048,FAC04,DST16,2410,LTL,CARC,3704,CC-104
SHP09102,23254654,2025-12-01,2025-12-03,2,L019,FAC02,DST11,811,LTL,CARC,739,CC-102
SHP09103,75012143,2025-12-01,2025-12-06,5,L046,FAC04,DST14,1996,LTL,CARA,1399,CC-104
SHP09104,93356287,2025-12-01,2025-12-03,2,L057,FAC05,DST10,289,TL,CARH,27910,CC-105
SHP09105,51687257,2025-12-01,2025-12-04,3,L001,FAC01,DST04,705,LTL,CARA,136,CC-101
SHP09106,59972768,2025-12-01,2025-12-03,2,L021,FAC02,DST13,841,LTL,CARD,767,CC-102
SHP09107,04068101,2025-12-01,2025-12-04,3,L044,FAC04,DST10,475,LTL,CARB,415,CC-104
SHP09108,75793091,2025-12-01,2025-12-05,4,L029,FAC03,DST05,1333,LTL,CARA,4266,CC-103
SHP09109,18330931,2025-12-01,2025-12-04,3,L013,FAC02,DST02,798,LTL,CARA,1477,CC-102
SHP09110,45443529,2025-12-01,2025-12-07,6,L035,FAC03,DST16,2015,LTL,CARD,1814,CC-103
SHP09111,68385143,2025-12-01,2025-12-07,6,L035,FAC03,DST16,2015,LTL,CARA,1371,CC-103
SHP09112,57744360,2025-12-01,2025-12-02,1,L005,FAC01,DST08,284,TL,CARG,33975,CC-101
SHP09113,87295016,2025-12-01,2025-12-04,3,L055,FAC05,DST06,820,LTL,CARE,641,CC-105
SHP09114,41349329,2025-12-01,2025-12-05,4,L053,FAC05,DST03,1362,LTL,CARE,1627,CC-105
SHP09115,63512031,2025-12-01,2025-12-04,3,L032,FAC03,DST11,545,LTL,CARD,1686,CC-103
SHP09116,00047063,2025-12-01,2025-12-02,1,L004,FAC01,DST07,477,TL,CARH,17015,CC-101
SHP09117,89471704,2025-12-01,2025-12-04,3,L007,FAC01,DST12,1102,LTL,CARE,547,CC-101
SHP09118,38699881,2025-12-01,2025-12-04,3,L026,FAC03,DST02,1557,TL,CARH,19340,CC-103
SHP09119,55207169,2025-12-01,2025-12-04,3,L029,FAC03,DST05,1333,LTL,CARA,1942,CC-103
SHP09120,68699914,2025-12-01,2025-12-07,6,L035,FAC03,DST16,2015,LTL,CARD,990,CC-103
SHP09121,44696643,2025-12-01,2025-12-04,3,L016,FAC02,DST08,717,TL,CARG,19926,CC-102
SHP09122,34944832,2025-12-01,2025-12-04,3,L018,FAC02,DST10,561,LTL,CARE,621,CC-102
SHP09123,49728265,2025-12-01,2025-12-03,2,L050,FAC04,DST18,202,TL,CARH,23453,CC-104
SHP09124,62812908,2025-12-01,2025-12-03,2,L019,FAC02,DST11,811,LTL,CARC,1892,CC-102
SHP09125,75308215,2025-12-01,2025-12-05,4,L029,FAC03,DST05,1333,LTL,CARD,883,CC-103
SHP09126,25858438,2025-12-01,2025-12-02,1,L025,FAC02,DST20,384,LTL,CARA,786,CC-102
SHP09127,92183876,2025-12-01,2025-12-07,6,L059,FAC05,DST16,2236,LTL,CARA,1562,CC-105
SHP09128,69884310,2025-12-01,2025-12-03,2,L004,FAC01,DST07,477,LTL,CARA,3290,CC-101
SHP09129,46698904,2025-12-01,2025-12-07,6,L049,FAC04,DST17,1818,LTL,CARC,1717,CC-104
SHP09130,08289110,2025-12-01,2025-12-04,3,L040,FAC04,DST05,1193,LTL,CARB,3101,CC-104
SHP09131,61053286,2025-12-01,2025-12-04,3,L021,FAC02,DST13,841,LTL,CARB,919,CC-102
SHP09132,78489516,2025-12-02,2025-12-08,6,L059,FAC05,DST16,2236,LTL,CARA,5267,CC-105
SHP09133,63735908,2025-12-02,2025-12-06,4,L017,FAC02,DST09,1090,LTL,CARE,1062,CC-102
SHP09134,01480362,2025-12-02,2025-12-04,2,L058,FAC05,DST13,581,TL,CARG,31152,CC-105
SHP09135,47952575,2025-12-02,2025-12-06,4,L028,FAC03,DST04,1114,LTL,CARC,1134,CC-103
SHP09136,30286626,2025-12-02,2025-12-05,3,L019,FAC02,DST11,811,LTL,CARD,1280,CC-102
SHP09137,49717777,2025-12-02,2025-12-05,3,L045,FAC04,DST11,743,LTL,CARE,715,CC-104
SHP09138,71321729,2025-12-02,2025-12-03,1,L041,FAC04,DST07,400,LTL,CARB,877,CC-104
SHP09139,18148886,2025-12-02,2025-12-04,2,L023,FAC02,DST18,513,TL,CARF,16014,CC-102
SHP09140,38305015,2025-12-02,2025-12-04,2,L001,FAC01,DST04,705,LTL,CARA,862,CC-101
SHP09141,28944255,2025-12-02,2025-12-07,5,L022,FAC02,DST14,1906,LTL,CARC,254,CC-102
SHP09142,35367868,2025-12-02,2025-12-03,1,L012,FAC01,DST20,323,LTL,CARB,3215,CC-101
SHP09143,36883344,2025-12-02,2025-12-03,1,L042,FAC04,DST08,197,LTL,CARC,721,CC-104
SHP09144,37146712,2025-12-02,2025-12-06,4,L003,FAC01,DST06,1183,LTL,CARD,345,CC-101
SHP09145,98439374,2025-12-02,2025-12-04,2,L031,FAC03,DST10,657,LTL,CARA,3610,CC-103
SHP09146,02909968,2025-12-02,2025-12-04,2,L001,FAC01,DST04,705,LTL,CARC,509,CC-101
SHP09147,51201740,2025-12-02,2025-12-05,3,L037,FAC03,DST20,871,LTL,CARE,472,CC-103
SHP09148,06754076,2025-12-02,2025-12-08,6,L059,FAC05,DST16,2236,LTL,CARB,2985,CC-105
SHP09149,69799845,2025-12-02,2025-12-08,6,L059,FAC05,DST16,2236,LTL,CARB,674,CC-105
SHP09150,09017482,2025-12-02,2025-12-04,2,L054,FAC05,DST04,624,LTL,CARE,549,CC-105
SHP09151,33503989,2025-12-02,2025-12-05,3,L026,FAC03,DST02,1557,TL,CARH,22067,CC-103
SHP09152,73311611,2025-12-02,2025-12-08,6,L009,FAC01,DST16,2079,LTL,CARE,1689,CC-101
SHP09153,94351402,2025-12-02,2025-12-04,2,L021,FAC02,DST13,841,LTL,CARB,1852,CC-102
SHP09154,21300955,2025-12-02,2025-12-04,2,L024,FAC02,DST19,626,TL,CARH,32943,CC-102
SHP09155,54594674,2025-12-02,2025-12-08,6,L035,FAC03,DST16,2015,LTL,CARD,3304,CC-103
SHP09156,26786733,2025-12-02,2025-12-08,6,L059,FAC05,DST16,2236,LTL,CARA,3701,CC-105
SHP09157,32845707,2025-12-02,2025-12-07,5,L002,FAC01,DST05,1430,LTL,CARB,3416,CC-101
SHP09158,09385870,2025-12-02,2025-12-04,2,L004,FAC01,DST07,477,LTL,CARC,1455,CC-101
SHP09159,30101980,2025-12-02,2025-12-07,5,L049,FAC04,DST17,1818,LTL,CARC,580,CC-104
SHP09160,61508712,2025-12-02,2025-12-04,2,L021,FAC02,DST13,841,TL,CARG,16871,CC-102
SHP09161,45614546,2025-12-02,2025-12-04,2,L032,FAC03,DST11,545,LTL,CARD,804,CC-103
SHP09162,60749409,2025-12-02,2025-12-03,1,L032,FAC03,DST11,545,TL,CARH,37721,CC-103
SHP09163,56804639,2025-12-02,2025-12-04,2,L042,FAC04,DST08,197,LTL,CARB,1040,CC-104
SHP09164,96722184,2025-12-02,2025-12-05,3,L038,FAC04,DST01,571,TL,CARF,34098,CC-104
SHP09165,13891160,2025-12-02,2025-12-08,6,L009,FAC01,DST16,2079,LTL,CARE,2449,CC-101
SHP09166,65854132,2025-12-02,2025-12-04,2,L016,FAC02,DST08,717,LTL,CARE,441,CC-102
SHP09167,78533311,2025-12-02,2025-12-07,5,L035,FAC03,DST16,2015,LTL,CARA,1108,CC-103
SHP09168,21144700,2025-12-02,2025-12-05,3,L054,FAC05,DST04,624,LTL,CARB,1943,CC-105
SHP09169,89345707,2025-12-03,2025-12-06,3,L031,FAC03,DST10,657,LTL,CARA,1942,CC-103
SHP09170,23203493,2025-12-03,2025-12-09,6,L027,FAC03,DST03,1859,LTL,CARD,1676,CC-103
SHP09171,95218282,2025-12-03,2025-12-07,4,L046,FAC04,DST14,1996,TL,CARF,24726,CC-104
SHP09172,89714354,2025-12-03,2025-12-05,2,L054,FAC05,DST04,624,TL,CARG,29134,CC-105
SHP09173,87564226,2025-12-03,2025-12-06,3,L055,FAC05,DST06,820,LTL,CARE,1795,CC-105
SHP09174,45315408,2025-12-03,2025-12-05,2,L016,FAC02,DST08,717,LTL,CARE,1459,CC-102
SHP09175,48452050,2025-12-03,2025-12-09,6,L022,FAC02,DST14,1906,LTL,CARE,743,CC-102
SHP09176,40100398,2025-12-03,2025-12-07,4,L003,FAC01,DST06,1183,LTL,CARD,924,CC-101
SHP09177,47361588,2025-12-03,2025-12-07,4,L007,FAC01,DST12,1102,LTL,CARE,1161,CC-101
SHP09178,04399809,2025-12-03,2025-12-07,4,L003,FAC01,DST06,1183,LTL,CARC,415,CC-101
SHP09179,36195418,2025-12-03,2025-12-05,2,L060,FAC05,DST19,791,LTL,CARD,465,CC-105
SHP09180,59947274,2025-12-03,2025-12-06,3,L013,FAC02,DST02,798,TL,CARF,15468,CC-102
SHP09181,90321402,2025-12-03,2025-12-08,5,L009,FAC01,DST16,2079,LTL,CARB,837,CC-101
SHP09182,20539199,2025-12-03,2025-12-09,6,L049,FAC04,DST17,1818,LTL,CARC,7486,CC-104
SHP09183,80144856,2025-12-03,2025-12-05,2,L051,FAC04,DST19,195,LTL,CARD,500,CC-104
SHP09184,46243253,2025-12-03,2025-12-07,4,L033,FAC03,DST14,1061,LTL,CARD,1707,CC-103
SHP09185,97593384,2025-12-03,2025-12-05,2,L018,FAC02,DST10,561,LTL,CARB,911,CC-102
SHP09186,54691938,2025-12-03,2025-12-05,2,L039,FAC04,DST03,771,LTL,CARA,416,CC-104
SHP09187,42564514,2025-12-03,2025-12-05,2,L043,FAC04,DST09,753,LTL,CARC,2326,CC-104
SHP09188,74969745,2025-12-03,2025-12-05,2,L060,FAC05,DST19,791,TL,CARF,32812,CC-105
SHP09189,45241285,2025-12-03,2025-12-06,3,L004,FAC01,DST07,477,LTL,CARA,1166,CC-101
SHP09190,81971926,2025-12-03,2025-12-06,3,L016,FAC02,DST08,717,LTL,CARE,1194,CC-102
SHP09191,98299975,2025-12-03,2025-12-08,5,L027,FAC03,DST03,1859,TL,CARH,28261,CC-103
SHP09192,85955188,2025-12-03,2025-12-06,3,L016,FAC02,DST08,717,TL,CARG,25354,CC-102
SHP09193,73427909,2025-12-04,2025-12-07,3,L001,FAC01,DST04,705,LTL,CARA,1033,CC-101
SHP09194,31362611,2025-12-04,2025-12-08,4,L007,FAC01,DST12,1102,TL,CARF,35305,CC-101
SHP09195,96958091,2025-12-04,2025-12-06,2,L001,FAC01,DST04,705,LTL,CARC,1718,CC-101
SHP09196,95510963,2025-12-04,2025-12-09,5,L020,FAC02,DST12,1452,LTL,CARB,852,CC-102
SHP09197,49150185,2025-12-04,2025-12-09,5,L008,FAC01,DST14,1742,LTL,CARE,2850,CC-101
SHP09198,18988945,2025-12-04,2025-12-10,6,L027,FAC03,DST03,1859,LTL,CARA,450,CC-103
SHP09199,64272056,2025-12-04,2025-12-07,3,L023,FAC02,DST18,513,LTL,CARD,714,CC-102
SHP09200,03173056,2025-12-04,2025-12-07,3,L054,FAC05,DST04,624,LTL,CARE,1828,CC-105
SHP09201,43250564,2025-12-04,2025-12-07,3,L045,FAC04,DST11,743,LTL,CARE,898,CC-104
SHP09202,17854087,2025-12-04,2025-12-06,2,L019,FAC02,DST11,811,LTL,CARD,923,CC-102
SHP09203,70602900,2025-12-04,2025-12-10,6,L048,FAC04,DST16,2410,TL,CARG,39386,CC-104
SHP09204,50377294,2025-12-04,2025-12-08,4,L022,FAC02,DST14,1906,TL,CARH,28698,CC-102
SHP09205,63281372,2025-12-04,2025-12-06,2,L042,FAC04,DST08,197,LTL,CARB,1149,CC-104
SHP09206,33181484,2025-12-04,2025-12-08,4,L049,FAC04,DST17,1818,TL,CARF,30112,CC-104
SHP09207,45609456,2025-12-04,2025-12-07,3,L040,FAC04,DST05,1193,TL,CARF,29327,CC-104
SHP09208,91630450,2025-12-04,2025-12-06,2,L043,FAC04,DST09,753,LTL,CARC,5399,CC-104
SHP09209,72134778,2025-12-04,2025-12-05,1,L011,FAC01,DST18,198,TL,CARG,23200,CC-101
SHP09210,34714164,2025-12-04,2025-12-06,2,L015,FAC02,DST07,257,LTL,CARB,2511,CC-102
SHP09211,80561472,2025-12-04,2025-12-08,4,L003,FAC01,DST06,1183,LTL,CARD,622,CC-101
SHP09212,50780815,2025-12-04,2025-12-06,2,L032,FAC03,DST11,545,LTL,CARC,697,CC-103
SHP09213,43883443,2025-12-04,2025-12-05,1,L012,FAC01,DST20,323,TL,CARF,23932,CC-101
SHP09214,54078424,2025-12-04,2025-12-07,3,L040,FAC04,DST05,1193,LTL,CARC,4441,CC-104
SHP09215,66717651,2025-12-04,2025-12-05,1,L041,FAC04,DST07,400,TL,CARH,26282,CC-104
SHP09216,51220608,2025-12-04,2025-12-07,3,L001,FAC01,DST04,705,LTL,CARC,600,CC-101
SHP09217,87108208,2025-12-04,2025-12-09,5,L046,FAC04,DST14,1996,LTL,CARA,2563,CC-104
SHP09218,12766390,2025-12-04,2025-12-05,1,L041,FAC04,DST07,400,TL,CARH,33654,CC-104
SHP09219,91398941,2025-12-04,2025-12-07,3,L040,FAC04,DST05,1193,LTL,CARB,979,CC-104
SHP09220,21022843,2025-12-04,2025-12-07,3,L001,FAC01,DST04,705,LTL,CARA,1738,CC-101
SHP09221,55597287,2025-12-04,2025-12-06,2,L005,FAC01,DST08,284,LTL,CARD,349,CC-101
SHP09222,35474991,2025-12-04,2025-12-06,2,L011,FAC01,DST18,198,LTL,CARE,2489,CC-101
SHP09223,65857629,2025-12-05,2025-12-08,3,L030,FAC03,DST08,1199,LTL,CARD,633,CC-103
SHP09224,27475629,2025-12-05,2025-12-06,1,L005,FAC01,DST08,284,LTL,CARB,398,CC-101
SHP09225,56560587,2025-12-05,2025-12-07,2,L011,FAC01,DST18,198,LTL,CARE,237,CC-101
SHP09226,30950892,2025-12-05,2025-12-11,6,L048,FAC04,DST16,2410,LTL,CARB,128,CC-104
SHP09227,82318542,2025-12-05,2025-12-08,3,L060,FAC05,DST19,791,LTL,CARA,2500,CC-105
SHP09228,68842510,2025-12-05,2025-12-07,2,L052,FAC04,DST20,227,TL,CARF,29553,CC-104
SHP09229,13811308,2025-12-05,2025-12-08,3,L045,FAC04,DST11,743,LTL,CARE,849,CC-104
SHP09230,24612827,2025-12-05,2025-12-07,2,L018,FAC02,DST10,561,LTL,CARE,1968,CC-102
SHP09231,16584869,2025-12-05,2025-12-08,3,L004,FAC01,DST07,477,LTL,CARA,5538,CC-101
SHP09232,45106596,2025-12-05,2025-12-09,4,L036,FAC03,DST19,1283,TL,CARF,29794,CC-103
SHP09233,87571134,2025-12-05,2025-12-07,2,L005,FAC01,DST08,284,LTL,CARD,1316,CC-101
SHP09234,99859367,2025-12-05,2025-12-08,3,L014,FAC02,DST03,1123,TL,CARH,38310,CC-102
SHP09235,47878072,2025-12-05,2025-12-08,3,L001,FAC01,DST04,705,LTL,CARC,813,CC-101
SHP09236,78335100,2025-12-05,2025-12-07,2,L012,FAC01,DST20,323,LTL,CARB,673,CC-101
SHP09237,74303902,2025-12-05,2025-12-07,2,L001,FAC01,DST04,705,LTL,CARC,1750,CC-101
SHP09238,40742482,2025-12-05,2025-12-07,2,L012,FAC01,DST20,323,LTL,CARB,570,CC-101
SHP09239,70461877,2025-12-05,2025-12-06,1,L015,FAC02,DST07,257,LTL,CARD,915,CC-102
SHP09240,70616455,2025-12-05,2025-12-08,3,L036,FAC03,DST19,1283,TL,CARF,19361,CC-103
SHP09241,03859573,2025-12-05,2025-12-09,4,L030,FAC03,DST08,1199,LTL,CARD,2485,CC-103
SHP09242,66717838,2025-12-05,2025-12-09,4,L002,FAC01,DST05,1430,LTL,CARE,1258,CC-101
SHP09243,71192969,2025-12-05,2025-12-10,5,L027,FAC03,DST03,1859,LTL,CARA,3786,CC-103
SHP09244,50471039,2025-12-05,2025-12-07,2,L055,FAC05,DST06,820,LTL,CARD,793,CC-105
SHP09245,26068660,2025-12-05,2025-12-08,3,L026,FAC03,DST02,1557,TL,CARH,19545,CC-103
SHP09246,18157481,2025-12-05,2025-12-07,2,L019,FAC02,DST11,811,LTL,CARD,235,CC-102
SHP09247,39560925,2025-12-05,2025-12-08,3,L001,FAC01,DST04,705,LTL,CARC,566,CC-101
SHP09248,52940403,2025-12-05,2025-12-09,4,L046,FAC04,DST14,1996,TL,CARF,22290,CC-104
SHP09249,15287435,2025-12-05,2025-12-06,1,L006,FAC01,DST10,315,LTL,CARB,1067,CC-101
SHP09250,29949019,2025-12-05,2025-12-06,1,L012,FAC01,DST20,323,LTL,CARC,856,CC-101
SHP09251,05337884,2025-12-05,2025-12-07,2,L005,FAC01,DST08,284,LTL,CARD,812,CC-101
SHP09252,67981842,2025-12-06,2025-12-09,3,L054,FAC05,DST04,624,LTL,CARB,996,CC-105
SHP09253,88854742,2025-12-06,2025-12-08,2,L031,FAC03,DST10,657,LTL,CARA,584,CC-103
SHP09254,18942033,2025-12-06,2025-12-10,4,L020,FAC02,DST12,1452,LTL,CARB,392,CC-102
SHP09255,17386389,2025-12-06,2025-12-08,2,L023,FAC02,DST18,513,LTL,CARD,705,CC-102
SHP09256,84331165,2025-12-06,2025-12-09,3,L039,FAC04,DST03,771,LTL,CARA,1329,CC-104
SHP09257,13641005,2025-12-06,2025-12-09,3,L055,FAC05,DST06,820,LTL,CARE,616,CC-105
SHP09258,51513928,2025-12-06,2025-12-10,4,L007,FAC01,DST12,1102,LTL,CARE,420,CC-101
SHP09259,99087636,2025-12-06,2025-12-09,3,L014,FAC02,DST03,1123,LTL,CARD,1418,CC-102
SHP09260,16667092,2025-12-06,2025-12-07,1,L006,FAC01,DST10,315,LTL,CARE,1016,CC-101
SHP09261,98523193,2025-12-06,2025-12-07,1,L011,FAC01,DST18,198,TL,CARG,20461,CC-101
SHP09262,25320565,2025-12-06,2025-12-13,7,L047,FAC04,DST15,2368,LTL,CARC,1645,CC-104
SHP09263,64072111,2025-12-06,2025-12-11,5,L026,FAC03,DST02,1557,LTL,CARD,1926,CC-103
SHP09264,77164329,2025-12-06,2025-12-09,3,L043,FAC04,DST09,753,LTL,CARE,7008,CC-104
SHP09265,42394983,2025-12-06,2025-12-08,2,L004,FAC01,DST07,477,LTL,CARC,651,CC-101
SHP09266,06686574,2025-12-06,2025-12-07,1,L050,FAC04,DST18,202,LTL,CARD,4278,CC-104
SHP09267,32145913,2025-12-06,2025-12-10,4,L003,FAC01,DST06,1183,LTL,CARD,816,CC-101
SHP09268,64887989,2025-12-06,2025-12-09,3,L043,FAC04,DST09,753,LTL,CARC,1237,CC-104
SHP09269,74999352,2025-12-06,2025-12-10,4,L020,FAC02,DST12,1452,LTL,CARB,1560,CC-102
SHP09270,20853549,2025-12-06,2025-12-11,5,L022,FAC02,DST14,1906,TL,CARH,27001,CC-102
SHP09271,72386859,2025-12-06,2025-12-09,3,L043,FAC04,DST09,753,TL,CARH,20127,CC-104
SHP09272,15747766,2025-12-06,2025-12-07,1,L057,FAC05,DST10,289,TL,CARH,41549,CC-105
SHP09273,40806300,2025-12-06,2025-12-08,2,L050,FAC04,DST18,202,LTL,CARD,2175,CC-104
SHP09274,51519318,2025-12-06,2025-12-08,2,L037,FAC03,DST20,871,LTL,CARE,2669,CC-103
SHP09275,97345546,2025-12-06,2025-12-07,1,L041,FAC04,DST07,400,LTL,CARB,2082,CC-104
SHP09276,95188007,2025-12-06,2025-12-08,2,L032,FAC03,DST11,545,TL,CARH,20069,CC-103
SHP09277,79655460,2025-12-06,2025-12-07,1,L012,FAC01,DST20,323,LTL,CARC,606,CC-101
SHP09278,64301066,2025-12-06,2025-12-07,1,L051,FAC04,DST19,195,LTL,CARD,6671,CC-104
SHP09279,89692429,2025-12-06,2025-12-08,2,L032,FAC03,DST11,545,LTL,CARC,1202,CC-103
SHP09280,31122359,2025-12-06,2025-12-08,2,L024,FAC02,DST19,626,LTL,CARC,771,CC-102
SHP09281,66734561,2025-12-06,2025-12-12,6,L022,FAC02,DST14,1906,LTL,CARE,885,CC-102
SHP09282,24405041,2025-12-06,2025-12-09,3,L036,FAC03,DST19,1283,LTL,CARC,1018,CC-103
SHP09283,55836091,2025-12-07,2025-12-11,4,L017,FAC02,DST09,1090,LTL,CARC,669,CC-102
SHP09284,15395098,2025-12-07,2025-12-10,3,L045,FAC04,DST11,743,TL,CARF,29271,CC-104
SHP09285,33438220,2025-12-07,2025-12-09,2,L006,FAC01,DST10,315,LTL,CARB,1451,CC-101
SHP09286,07662187,2025-12-07,2025-12-09,2,L058,FAC05,DST13,581,LTL,CARA,342,CC-105
SHP09287,04687439,2025-12-07,2025-12-10,3,L030,FAC03,DST08,1199,LTL,CARC,588,CC-103
SHP09288,86057306,2025-12-07,2025-12-10,3,L021,FAC02,DST13,841,LTL,CARD,663,CC-102
SHP09289,05699417,2025-12-07,2025-12-09,2,L041,FAC04,DST07,400,TL,CARH,25382,CC-104
SHP09290,81908406,2025-12-07,2025-12-10,3,L004,FAC01,DST07,477,LTL,CARC,1401,CC-101
SHP09291,04517427,2025-12-07,2025-12-11,4,L026,FAC03,DST02,1557,TL,CARH,25568,CC-103
SHP09292,96056889,2025-12-07,2025-12-09,2,L024,FAC02,DST19,626,LTL,CARC,1107,CC-102
SHP09293,03698744,2025-12-07,2025-12-10,3,L055,FAC05,DST06,820,LTL,CARD,2177,CC-105
SHP09294,81786228,2025-12-07,2025-12-09,2,L012,FAC01,DST20,323,TL,CARF,28141,CC-101
SHP09295,59292664,2025-12-07,2025-12-08,1,L050,FAC04,DST18,202,LTL,CARC,407,CC-104
SHP09296,59434198,2025-12-07,2025-12-10,3,L032,FAC03,DST11,545,LTL,CARD,2180,CC-103
SHP09297,47959952,2025-12-07,2025-12-10,3,L028,FAC03,DST04,1114,LTL,CARC,529,CC-103
SHP09298,50759923,2025-12-07,2025-12-09,2,L041,FAC04,DST07,400,TL,CARH,16511,CC-104
SHP09299,79631777,2025-12-07,2025-12-09,2,L052,FAC04,DST20,227,TL,CARF,36470,CC-104
SHP09300,06978590,2025-12-07,2025-12-09,2,L032,FAC03,DST11,545,TL,CARH,36102,CC-103
SHP09301,19616846,2025-12-07,2025-12-12,5,L010,FAC01,DST17,1508,LTL,CARA,1351,CC-101
SHP09302,16953928,2025-12-07,2025-12-09,2,L055,FAC05,DST06,820,TL,CARF,33901,CC-105
SHP09303,95162484,2025-12-07,2025-12-08,1,L051,FAC04,DST19,195,TL,CARG,16548,CC-104
SHP09304,97856021,2025-12-07,2025-12-11,4,L030,FAC03,DST08,1199,LTL,CARD,1106,CC-103
SHP09305,28923765,2025-12-08,2025-12-11,3,L018,FAC02,DST10,561,LTL,CARB,2485,CC-102
SHP09306,65368650,2025-12-08,2025-12-12,4,L026,FAC03,DST02,1557,LTL,CARA,1264,CC-103
SHP09307,09520250,2025-12-08,2025-12-12,4,L028,FAC03,DST04,1114,LTL,CARC,4060,CC-103
SHP09308,81160241,2025-12-08,2025-12-14,6,L027,FAC03,DST03,1859,LTL,CARA,804,CC-103
SHP09309,49443308,2025-12-08,2025-12-13,5,L022,FAC02,DST14,1906,TL,CARH,37547,CC-102
SHP09310,38411134,2025-12-08,2025-12-13,5,L053,FAC05,DST03,1362,LTL,CARE,2272,CC-105
SHP09311,27790969,2025-12-08,2025-12-10,2,L025,FAC02,DST20,384,LTL,CARA,3335,CC-102
SHP09312,34109694,2025-12-08,2025-12-11,3,L017,FAC02,DST09,1090,LTL,CARE,1266,CC-102
SHP09313,62872409,2025-12-08,2025-12-11,3,L040,FAC04,DST05,1193,LTL,CARC,1640,CC-104
SHP09314,18155919,2025-12-08,2025-12-12,4,L026,FAC03,DST02,1557,LTL,CARA,264,CC-103
SHP09315,10597048,2025-12-08,2025-12-11,3,L003,FAC01,DST06,1183,TL,CARG,22177,CC-101
SHP09316,12717106,2025-12-08,2025-12-14,6,L022,FAC02,DST14,1906,LTL,CARC,272,CC-102
SHP09317,75928317,2025-12-08,2025-12-14,6,L048,FAC04,DST16,2410,LTL,CARB,1127,CC-104
SHP09318,34728765,2025-12-08,2025-12-11,3,L026,FAC03,DST02,1557,TL,CARH,23211,CC-103
SHP09319,57545220,2025-12-08,2025-12-12,4,L030,FAC03,DST08,1199,LTL,CARC,557,CC-103
SHP09320,97984698,2025-12-08,2025-12-11,3,L024,FAC02,DST19,626,LTL,CARD,2257,CC-102
SHP09321,64134645,2025-12-08,2025-12-12,4,L034,FAC03,DST15,1485,LTL,CARA,1960,CC-103
SHP09322,16292632,2025-12-08,2025-12-11,3,L017,FAC02,DST09,1090,LTL,CARC,2100,CC-102
SHP09323,08732997,2025-12-08,2025-12-11,3,L054,FAC05,DST04,624,LTL,CARE,1888,CC-105
SHP09324,62905340,2025-12-08,2025-12-11,3,L034,FAC03,DST15,1485,TL,CARG,16103,CC-103
SHP09325,58226875,2025-12-08,2025-12-12,4,L046,FAC04,DST14,1996,TL,CARF,25305,CC-104
SHP09326,70010037,2025-12-08,2025-12-10,2,L039,FAC04,DST03,771,LTL,CARA,2018,CC-104
SHP09327,24524122,2025-12-08,2025-12-10,2,L042,FAC04,DST08,197,LTL,CARC,2991,CC-104
SHP09328,89048369,2025-12-08,2025-12-11,3,L058,FAC05,DST13,581,LTL,CARA,1927,CC-105
SHP09329,17770628,2025-12-08,2025-12-13,5,L053,FAC05,DST03,1362,LTL,CARE,1862,CC-105
SHP09330,12588139,2025-12-08,2025-12-14,6,L049,FAC04,DST17,1818,LTL,CARA,560,CC-104
SHP09331,73518388,2025-12-08,2025-12-15,7,L047,FAC04,DST15,2368,LTL,CARD,5320,CC-104
SHP09332,85865677,2025-12-09,2025-12-12,3,L039,FAC04,DST03,771,LTL,CARE,649,CC-104
SHP09333,50172209,2025-12-09,2025-12-12,3,L014,FAC02,DST03,1123,LTL,CARD,6063,CC-102
SHP09334,36746761,2025-12-09,2025-12-11,2,L057,FAC05,DST10,289,LTL,CARC,371,CC-105
SHP09335,01515032,2025-12-09,2025-12-13,4,L003,FAC01,DST06,1183,LTL,CARC,1441,CC-101
SHP09336,42433128,2025-12-09,2025-12-10,1,L041,FAC04,DST07,400,LTL,CARB,1702,CC-104
SHP09337,04119989,2025-12-09,2025-12-10,1,L041,FAC04,DST07,400,LTL,CARA,415,CC-104
SHP09338,12647372,2025-12-09,2025-12-13,4,L026,FAC03,DST02,1557,LTL,CARA,1103,CC-103
SHP09339,79251707,2025-12-09,2025-12-11,2,L060,FAC05,DST19,791,LTL,CARA,799,CC-105
SHP09340,78435977,2025-12-09,2025-12-12,3,L021,FAC02,DST13,841,LTL,CARB,1503,CC-102
SHP09341,34239920,2025-12-09,2025-12-12,3,L055,FAC05,DST06,820,LTL,CARE,2143,CC-105
SHP09342,83754514,2025-12-09,2025-12-12,3,L028,FAC03,DST04,1114,LTL,CARC,1835,CC-103
SHP09343,90584491,2025-12-09,2025-12-15,6,L035,FAC03,DST16,2015,LTL,CARD,388,CC-103
SHP09344,73908515,2025-12-09,2025-12-13,4,L008,FAC01,DST14,1742,LTL,CARE,1480,CC-101
SHP09345,64568530,2025-12-09,2025-12-13,4,L033,FAC03,DST14,1061,LTL,CARB,3065,CC-103
SHP09346,96142300,2025-12-09,2025-12-11,2,L004,FAC01,DST07,477,LTL,CARA,2303,CC-101
SHP09347,42288450,2025-12-09,2025-12-10,1,L042,FAC04,DST08,197,TL,CARF,25114,CC-104
SHP09348,23206308,2025-12-09,2025-12-12,3,L040,FAC04,DST05,1193,LTL,CARB,1515,CC-104
SHP09349,14961673,2025-12-09,2025-12-13,4,L003,FAC01,DST06,1183,LTL,CARD,390,CC-101
SHP09350,58245366,2025-12-09,2025-12-11,2,L043,FAC04,DST09,753,LTL,CARE,803,CC-104
SHP09351,14674274,2025-12-09,2025-12-11,2,L054,FAC05,DST04,624,LTL,CARE,580,CC-105
SHP09352,08544307,2025-12-09,2025-12-13,4,L026,FAC03,DST02,1557,LTL,CARA,1261,CC-103
SHP09353,07914046,2025-12-09,2025-12-11,2,L057,FAC05,DST10,289,LTL,CARC,669,CC-105
SHP09354,80670693,2025-12-09,2025-12-10,1,L057,FAC05,DST10,289,TL,CARH,33144,CC-105
SHP09355,07333615,2025-12-09,2025-12-12,3,L031,FAC03,DST10,657,LTL,CARC,344,CC-103
SHP09356,81187784,2025-12-09,2025-12-12,3,L032,FAC03,DST11,545,LTL,CARC,452,CC-103
SHP09357,30063492,2025-12-09,2025-12-10,1,L057,FAC05,DST10,289,LTL,CARC,306,CC-105
SHP09358,19643674,2025-12-09,2025-12-13,4,L003,FAC01,DST06,1183,LTL,CARD,1070,CC-101
SHP09359,40747323,2025-12-09,2025-12-13,4,L053,FAC05,DST03,1362,LTL,CARA,632,CC-105
SHP09360,30364361,2025-12-10,2025-12-15,5,L049,FAC04,DST17,1818,LTL,CARA,690,CC-104
SHP09361,32074092,2025-12-10,2025-12-11,1,L032,FAC03,DST11,545,TL,CARH,25399,CC-103
SHP09362,38976223,2025-12-10,2025-12-14,4,L030,FAC03,DST08,1199,LTL,CARD,3555,CC-103
SHP09363,16197586,2025-12-10,2025-12-17,7,L047,FAC04,DST15,2368,LTL,CARD,505,CC-104
SHP09364,15147689,2025-12-10,2025-12-13,3,L014,FAC02,DST03,1123,LTL,CARA,996,CC-102
SHP09365,33524053,2025-12-10,2025-12-15,5,L053,FAC05,DST03,1362,LTL,CARE,420,CC-105
SHP09366,43818116,2025-12-10,2025-12-14,4,L020,FAC02,DST12,1452,LTL,CARA,1059,CC-102
SHP09367,53514634,2025-12-10,2025-12-12,2,L013,FAC02,DST02,798,LTL,CARB,1715,CC-102
SHP09368,18049954,2025-12-10,2025-12-14,4,L026,FAC03,DST02,1557,TL,CARH,32838,CC-103
SHP09369,60451339,2025-12-10,2025-12-13,3,L045,FAC04,DST11,743,LTL,CARC,601,CC-104
SHP09370,35486257,2025-12-10,2025-12-16,6,L048,FAC04,DST16,2410,TL,CARG,19641,CC-104
SHP09371,49374337,2025-12-10,2025-12-14,4,L028,FAC03,DST04,1114,LTL,CARC,1097,CC-103
SHP09372,44207009,2025-12-10,2025-12-14,4,L033,FAC03,DST14,1061,LTL,CARD,1149,CC-103
SHP09373,25166091,2025-12-10,2025-12-12,2,L031,FAC03,DST10,657,TL,CARF,25934,CC-103
SHP09374,07827667,2025-12-10,2025-12-12,2,L011,FAC01,DST18,198,TL,CARG,15995,CC-101
SHP09375,85678548,2025-12-10,2025-12-13,3,L004,FAC01,DST07,477,LTL,CARC,689,CC-101
SHP09376,67260504,2025-12-10,2025-12-12,2,L001,FAC01,DST04,705,LTL,CARA,349,CC-101
SHP09377,99894522,2025-12-10,2025-12-11,1,L015,FAC02,DST07,257,LTL,CARD,1166,CC-102
SHP09378,90846776,2025-12-10,2025-12-12,2,L051,FAC04,DST19,195,TL,CARG,38771,CC-104
SHP09379,02210170,2025-12-10,2025-12-13,3,L030,FAC03,DST08,1199,TL,CARF,40753,CC-103
SHP09380,10486315,2025-12-10,2025-12-13,3,L017,FAC02,DST09,1090,LTL,CARC,1246,CC-102
SHP09381,31550897,2025-12-10,2025-12-14,4,L008,FAC01,DST14,1742,LTL,CARE,654,CC-101
SHP09382,21507055,2025-12-10,2025-12-12,2,L024,FAC02,DST19,626,LTL,CARC,2001,CC-102
SHP09383,92733271,2025-12-10,2025-12-14,4,L033,FAC03,DST14,1061,LTL,CARD,928,CC-103
SHP09384,28447805,2025-12-10,2025-12-13,3,L060,FAC05,DST19,791,LTL,CARD,1705,CC-105
SHP09385,99270137,2025-12-10,2025-12-12,2,L045,FAC04,DST11,743,LTL,CARE,1212,CC-104
SHP09386,01519311,2025-12-10,2025-12-12,2,L012,FAC01,DST20,323,LTL,CARB,872,CC-101
SHP09387,68907115,2025-12-10,2025-12-12,2,L004,FAC01,DST07,477,LTL,CARA,7500,CC-101
SHP09388,57384055,2025-12-10,2025-12-15,5,L026,FAC03,DST02,1557,LTL,CARA,418,CC-103
SHP09389,81114852,2025-12-10,2025-12-13,3,L037,FAC03,DST20,871,LTL,CARD,825,CC-103
SHP09390,40322044,2025-12-10,2025-12-13,3,L037,FAC03,DST20,871,LTL,CARE,775,CC-103
SHP09391,01350739,2025-12-10,2025-12-11,1,L012,FAC01,DST20,323,LTL,CARB,603,CC-101
SHP09392,98519380,2025-12-10,2025-12-13,3,L045,FAC04,DST11,743,LTL,CARC,4349,CC-104
SHP09393,57668585,2025-12-10,2025-12-12,2,L031,FAC03,DST10,657,LTL,CARC,1766,CC-103
SHP09394,25226886,2025-12-10,2025-12-13,3,L016,FAC02,DST08,717,LTL,CARC,4840,CC-102
SHP09395,37150213,2025-12-10,2025-12-13,3,L014,FAC02,DST03,1123,LTL,CARA,2671,CC-102
SHP09396,49367621,2025-12-10,2025-12-12,2,L042,FAC04,DST08,197,LTL,CARC,767,CC-104
SHP09397,38455006,2025-12-11,2025-12-13,2,L055,FAC05,DST06,820,LTL,CARD,1344,CC-105
SHP09398,09099359,2025-12-11,2025-12-12,1,L044,FAC04,DST10,475,TL,CARG,17557,CC-104
SHP09399,89718213,2025-12-11,2025-12-16,5,L009,FAC01,DST16,2079,LTL,CARE,215,CC-101
SHP09400,22242787,2025-12-11,2025-12-13,2,L021,FAC02,DST13,841,LTL,CARD,411,CC-102
SHP09401,09497635,2025-12-11,2025-12-16,5,L027,FAC03,DST03,1859,LTL,CARA,1091,CC-103
SHP09402,35994129,2025-12-11,2025-12-14,3,L039,FAC04,DST03,771,LTL,CARE,2926,CC-104
SHP09403,92640196,2025-12-11,2025-12-14,3,L058,FAC05,DST13,581,TL,CARG,25444,CC-105
SHP09404,28754392,2025-12-11,2025-12-14,3,L032,FAC03,DST11,545,LTL,CARC,979,CC-103
SHP09405,56556925,2025-12-11,2025-12-13,2,L006,FAC01,DST10,315,LTL,CARE,2153,CC-101
SHP09406,95132768,2025-12-11,2025-12-15,4,L030,FAC03,DST08,1199,LTL,CARC,2359,CC-103
SHP09407,97999928,2025-12-11,2025-12-17,6,L009,FAC01,DST16,2079,LTL,CARE,1475,CC-101
SHP09408,46109780,2025-12-11,2025-12-12,1,L023,FAC02,DST18,513,TL,CARF,33163,CC-102
SHP09409,25551562,2025-12-11,2025-12-12,1,L042,FAC04,DST08,197,LTL,CARC,2596,CC-104
SHP09410,26870939,2025-12-11,2025-12-12,1,L041,FAC04,DST07,400,LTL,CARA,1182,CC-104
SHP09411,07112064,2025-12-11,2025-12-15,4,L026,FAC03,DST02,1557,LTL,CARD,2306,CC-103
SHP09412,24276149,2025-12-11,2025-12-14,3,L016,FAC02,DST08,717,LTL,CARE,1181,CC-102
SHP09413,55838978,2025-12-11,2025-12-14,3,L016,FAC02,DST08,717,LTL,CARC,2299,CC-102
SHP09414,80385290,2025-12-11,2025-12-13,2,L043,FAC04,DST09,753,TL,CARH,40837,CC-104
SHP09415,58847871,2025-12-11,2025-12-13,2,L015,FAC02,DST07,257,LTL,CARB,530,CC-102
SHP09416,91515196,2025-12-11,2025-12-15,4,L007,FAC01,DST12,1102,TL,CARF,26320,CC-101
SHP09417,58910080,2025-12-11,2025-12-14,3,L029,FAC03,DST05,1333,LTL,CARD,343,CC-103
SHP09418,35226304,2025-12-11,2025-12-15,4,L014,FAC02,DST03,1123,LTL,CARD,249,CC-102
SHP09419,26034178,2025-12-11,2025-12-14,3,L019,FAC02,DST11,811,LTL,CARC,1536,CC-102
SHP09420,18390826,2025-12-11,2025-12-14,3,L033,FAC03,DST14,1061,LTL,CARD,1140,CC-103
SHP09421,44360270,2025-12-11,2025-12-15,4,L035,FAC03,DST16,2015,TL,CARF,41842,CC-103
SHP09422,56421983,2025-12-11,2025-12-13,2,L043,FAC04,DST09,753,LTL,CARE,2228,CC-104
SHP09423,70714778,2025-12-11,2025-12-16,5,L026,FAC03,DST02,1557,LTL,CARA,1061,CC-103
SHP09424,79918985,2025-12-11,2025-12-16,5,L049,FAC04,DST17,1818,LTL,CARA,2115,CC-104
SHP09425,44428088,2025-12-11,2025-12-13,2,L021,FAC02,DST13,841,LTL,CARB,1647,CC-102
SHP09426,13945726,2025-12-11,2025-12-13,2,L054,FAC05,DST04,624,LTL,CARB,1871,CC-105
SHP09427,65888372,2025-12-11,2025-12-14,3,L032,FAC03,DST11,545,LTL,CARC,2506,CC-103
SHP09428,72589116,2025-12-11,2025-12-17,6,L047,FAC04,DST15,2368,LTL,CARC,635,CC-104
SHP09429,04624480,2025-12-11,2025-12-13,2,L019,FAC02,DST11,811,LTL,CARD,2305,CC-102
SHP09430,44690935,2025-12-11,2025-12-13,2,L024,FAC02,DST19,626,LTL,CARD,7500,CC-102
SHP09431,37040555,2025-12-11,2025-12-17,6,L047,FAC04,DST15,2368,LTL,CARC,217,CC-104
SHP09432,96144635,2025-12-11,2025-12-15,4,L008,FAC01,DST14,1742,LTL,CARA,1439,CC-101
SHP09433,74557457,2025-12-11,2025-12-14,3,L060,FAC05,DST19,791,LTL,CARA,1291,CC-105
SHP09434,00432428,2025-12-11,2025-12-13,2,L044,FAC04,DST10,475,LTL,CARB,582,CC-104
SHP09435,15517523,2025-12-11,2025-12-12,1,L006,FAC01,DST10,315,TL,CARF,24753,CC-101
SHP09436,75194938,2025-12-11,2025-12-18,7,L048,FAC04,DST16,2410,LTL,CARB,612,CC-104
SHP09437,89844521,2025-12-11,2025-12-16,5,L027,FAC03,DST03,1859,LTL,CARD,6654,CC-103
SHP09438,82012571,2025-12-11,2025-12-16,5,L047,FAC04,DST15,2368,TL,CARF,36859,CC-104
SHP09439,53567132,2025-12-11,2025-12-12,1,L051,FAC04,DST19,195,LTL,CARD,1113,CC-104
SHP09440,56118689,2025-12-12,2025-12-14,2,L058,FAC05,DST13,581,LTL,CARA,1619,CC-105
SHP09441,90123910,2025-12-12,2025-12-17,5,L010,FAC01,DST17,1508,LTL,CARA,2391,CC-101
SHP09442,24623199,2025-12-12,2025-12-15,3,L039,FAC04,DST03,771,LTL,CARE,509,CC-104
SHP09443,94450137,2025-12-12,2025-12-14,2,L004,FAC01,DST07,477,LTL,CARA,777,CC-101
SHP09444,13460723,2025-12-12,2025-12-14,2,L039,FAC04,DST03,771,LTL,CARE,1790,CC-104
SHP09445,13470608,2025-12-12,2025-12-16,4,L020,FAC02,DST12,1452,LTL,CARA,2265,CC-102
SHP09446,68009164,2025-12-12,2025-12-14,2,L055,FAC05,DST06,820,LTL,CARD,1042,CC-105
SHP09447,49195367,2025-12-12,2025-12-14,2,L037,FAC03,DST20,871,TL,CARG,30223,CC-103
SHP09448,98645673,2025-12-12,2025-12-15,3,L039,FAC04,DST03,771,LTL,CARE,951,CC-104
SHP09449,25112385,2025-12-12,2025-12-14,2,L042,FAC04,DST08,197,LTL,CARC,1949,CC-104
SHP09450,03073499,2025-12-12,2025-12-17,5,L027,FAC03,DST03,1859,LTL,CARA,3299,CC-103
SHP09451,62234974,2025-12-12,2025-12-14,2,L019,FAC02,DST11,811,LTL,CARC,391,CC-102
SHP09452,69553028,2025-12-12,2025-12-13,1,L012,FAC01,DST20,323,TL,CARF,35600,CC-101
SHP09453,66074812,2025-12-12,2025-12-15,3,L058,FAC05,DST13,581,LTL,CARA,970,CC-105
SHP09454,80266156,2025-12-12,2025-12-18,6,L027,FAC03,DST03,1859,LTL,CARD,2269,CC-103
SHP09455,02481992,2025-12-12,2025-12-15,3,L004,FAC01,DST07,477,LTL,CARA,5090,CC-101
SHP09456,35821233,2025-12-12,2025-12-13,1,L012,FAC01,DST20,323,TL,CARF,30799,CC-101
SHP09457,39114671,2025-12-12,2025-12-18,6,L059,FAC05,DST16,2236,LTL,CARB,1041,CC-105
SHP09458,83180126,2025-12-12,2025-12-14,2,L041,FAC04,DST07,400,LTL,CARB,252,CC-104
SHP09459,37937997,2025-12-12,2025-12-15,3,L037,FAC03,DST20,871,LTL,CARD,561,CC-103
SHP09460,94395956,2025-12-12,2025-12-15,3,L031,FAC03,DST10,657,LTL,CARA,849,CC-103
SHP09461,81946817,2025-12-12,2025-12-13,1,L011,FAC01,DST18,198,LTL,CARE,7500,CC-101
SHP09462,72441136,2025-12-12,2025-12-15,3,L001,FAC01,DST04,705,TL,CARG,33902,CC-101
SHP09463,83672008,2025-12-12,2025-12-17,5,L046,FAC04,DST14,1996,TL,CARF,37055,CC-104
SHP09464,30599778,2025-12-12,2025-12-16,4,L033,FAC03,DST14,1061,LTL,CARB,2576,CC-103
SHP09465,62293763,2025-12-12,2025-12-19,7,L048,FAC04,DST16,2410,LTL,CARC,439,CC-104
SHP09466,20385690,2025-12-12,2025-12-14,2,L039,FAC04,DST03,771,LTL,CARA,1007,CC-104
SHP09467,84593742,2025-12-12,2025-12-17,5,L046,FAC04,DST14,1996,LTL,CARA,167,CC-104
SHP09468,03494985,2025-12-13,2025-12-18,5,L034,FAC03,DST15,1485,LTL,CARA,2807,CC-103
SHP09469,55927050,2025-12-13,2025-12-14,1,L015,FAC02,DST07,257,TL,CARH,26673,CC-102
SHP09470,81374108,2025-12-13,2025-12-18,5,L059,FAC05,DST16,2236,LTL,CARB,1447,CC-105
SHP09471,35894109,2025-12-13,2025-12-17,4,L008,FAC01,DST14,1742,TL,CARH,22106,CC-101
SHP09472,04926605,2025-12-13,2025-12-18,5,L049,FAC04,DST17,1818,LTL,CARA,989,CC-104
SHP09473,62360594,2025-12-13,2025-12-14,1,L050,FAC04,DST18,202,LTL,CARD,739,CC-104
SHP09474,47267112,2025-12-13,2025-12-15,2,L041,FAC04,DST07,400,LTL,CARB,2221,CC-104
SHP09475,26463938,2025-12-13,2025-12-19,6,L027,FAC03,DST03,1859,LTL,CARD,187,CC-103
SHP09476,82289275,2025-12-13,2025-12-17,4,L033,FAC03,DST14,1061,LTL,CARD,848,CC-103
SHP09477,15023765,2025-12-13,2025-12-16,3,L043,FAC04,DST09,753,LTL,CARE,741,CC-104
SHP09478,57618632,2025-12-13,2025-12-16,3,L021,FAC02,DST13,841,LTL,CARD,737,CC-102
SHP09479,15284507,2025-12-13,2025-12-16,3,L017,FAC02,DST09,1090,LTL,CARE,1626,CC-102
SHP09480,28164764,2025-12-13,2025-12-15,2,L005,FAC01,DST08,284,LTL,CARB,565,CC-101
SHP09481,63523562,2025-12-13,2025-12-15,2,L051,FAC04,DST19,195,LTL,CARB,1042,CC-104
SHP09482,98258615,2025-12-13,2025-12-16,3,L045,FAC04,DST11,743,LTL,CARE,2417,CC-104
SHP09483,68382312,2025-12-13,2025-12-17,4,L007,FAC01,DST12,1102,LTL,CARB,994,CC-101
SHP09484,99780255,2025-12-13,2025-12-18,5,L027,FAC03,DST03,1859,LTL,CARD,1537,CC-103
SHP09485,30970134,2025-12-13,2025-12-15,2,L052,FAC04,DST20,227,TL,CARF,19655,CC-104
SHP09486,03762936,2025-12-13,2025-12-15,2,L051,FAC04,DST19,195,LTL,CARD,1960,CC-104
SHP09487,82570248,2025-12-13,2025-12-19,6,L059,FAC05,DST16,2236,TL,CARH,36367,CC-105
SHP09488,72251360,2025-12-13,2025-12-17,4,L029,FAC03,DST05,1333,LTL,CARA,701,CC-103
SHP09489,66955231,2025-12-13,2025-12-16,3,L023,FAC02,DST18,513,LTL,CARB,346,CC-102
SHP09490,00485481,2025-12-13,2025-12-17,4,L040,FAC04,DST05,1193,LTL,CARB,1322,CC-104
SHP09491,96538839,2025-12-13,2025-12-17,4,L027,FAC03,DST03,1859,TL,CARH,18000,CC-103
SHP09492,86302854,2025-12-13,2025-12-18,5,L022,FAC02,DST14,1906,LTL,CARC,294,CC-102
SHP09493,57581516,2025-12-13,2025-12-15,2,L043,FAC04,DST09,753,TL,CARH,27458,CC-104
SHP09494,68408409,2025-12-13,2025-12-14,1,L057,FAC05,DST10,289,TL,CARH,29077,CC-105
SHP09495,96098643,2025-12-13,2025-12-17,4,L027,FAC03,DST03,1859,TL,CARH,16401,CC-103
SHP09496,81085432,2025-12-13,2025-12-17,4,L008,FAC01,DST14,1742,LTL,CARE,1691,CC-101
SHP09497,00852832,2025-12-13,2025-12-15,2,L056,FAC05,DST07,236,LTL,CARE,1962,CC-105
SHP09498,33391386,2025-12-13,2025-12-16,3,L024,FAC02,DST19,626,LTL,CARD,1881,CC-102
SHP09499,64422262,2025-12-13,2025-12-16,3,L060,FAC05,DST19,791,TL,CARF,36965,CC-105
SHP09500,83179528,2025-12-13,2025-12-14,1,L006,FAC01,DST10,315,LTL,CARB,724,CC-101
SHP09501,22661806,2025-12-14,2025-12-18,4,L028,FAC03,DST04,1114,LTL,CARE,764,CC-103
SHP09502,27883531,2025-12-14,2025-12-17,3,L040,FAC04,DST05,1193,LTL,CARC,211,CC-104
SHP09503,74090544,2025-12-14,2025-12-18,4,L033,FAC03,DST14,1061,LTL,CARD,339,CC-103
SHP09504,50341425,2025-12-14,2025-12-17,3,L018,FAC02,DST10,561,TL,CARH,34863,CC-102
SHP09505,08536555,2025-12-14,2025-12-19,5,L027,FAC03,DST03,1859,TL,CARH,17377,CC-103
SHP09506,93682189,2025-12-14,2025-12-16,2,L006,FAC01,DST10,315,LTL,CARB,814,CC-101
SHP09507,94758118,2025-12-14,2025-12-16,2,L001,FAC01,DST04,705,LTL,CARA,3375,CC-101
SHP09508,19208501,2025-12-14,2025-12-16,2,L018,FAC02,DST10,561,TL,CARH,34702,CC-102
SHP09509,55000897,2025-12-14,2025-12-17,3,L036,FAC03,DST19,1283,LTL,CARC,1328,CC-103
SHP09510,61788335,2025-12-14,2025-12-17,3,L021,FAC02,DST13,841,LTL,CARD,1101,CC-102
SHP09511,60480694,2025-12-14,2025-12-15,1,L006,FAC01,DST10,315,TL,CARF,25256,CC-101
SHP09512,40651343,2025-12-14,2025-12-17,3,L001,FAC01,DST04,705,LTL,CARA,828,CC-101
SHP09513,18012969,2025-12-14,2025-12-19,5,L034,FAC03,DST15,1485,LTL,CARB,1285,CC-103
SHP09514,94950620,2025-12-14,2025-12-15,1,L050,FAC04,DST18,202,LTL,CARD,1418,CC-104
SHP09515,01825307,2025-12-14,2025-12-16,2,L045,FAC04,DST11,743,LTL,CARC,991,CC-104
SHP09516,26839788,2025-12-14,2025-12-16,2,L044,FAC04,DST10,475,LTL,CARB,467,CC-104
SHP09517,39712472,2025-12-14,2025-12-20,6,L022,FAC02,DST14,1906,LTL,CARC,2334,CC-102
SHP09518,01446244,2025-12-14,2025-12-15,1,L025,FAC02,DST20,384,LTL,CARA,5077,CC-102
SHP09519,94220179,2025-12-14,2025-12-16,2,L025,FAC02,DST20,384,LTL,CARB,1340,CC-102
SHP09520,80196868,2025-12-14,2025-12-16,2,L023,FAC02,DST18,513,TL,CARF,38982,CC-102
SHP09521,42171645,2025-12-14,2025-12-20,6,L046,FAC04,DST14,1996,LTL,CARB,6063,CC-104
SHP09522,02435521,2025-12-14,2025-12-18,4,L002,FAC01,DST05,1430,LTL,CARE,344,CC-101
SHP09523,79350610,2025-12-14,2025-12-16,2,L023,FAC02,DST18,513,LTL,CARD,1672,CC-102
SHP09524,00659313,2025-12-14,2025-12-17,3,L037,FAC03,DST20,871,LTL,CARE,3196,CC-103
SHP09525,63463916,2025-12-14,2025-12-20,6,L046,FAC04,DST14,1996,LTL,CARB,2140,CC-104
SHP09526,00909375,2025-12-14,2025-12-21,7,L048,FAC04,DST16,2410,LTL,CARC,352,CC-104
SHP09527,30739510,2025-12-14,2025-12-15,1,L052,FAC04,DST20,227,LTL,CARD,571,CC-104
SHP09528,41911569,2025-12-14,2025-12-16,2,L039,FAC04,DST03,771,LTL,CARE,1625,CC-104
SHP09529,31149413,2025-12-14,2025-12-16,2,L038,FAC04,DST01,571,TL,CARF,15807,CC-104
SHP09530,67762095,2025-12-14,2025-12-17,3,L030,FAC03,DST08,1199,LTL,CARD,1025,CC-103
SHP09531,18597447,2025-12-14,2025-12-18,4,L017,FAC02,DST09,1090,LTL,CARE,442,CC-102
SHP09532,64902359,2025-12-14,2025-12-17,3,L055,FAC05,DST06,820,LTL,CARE,278,CC-105
SHP09533,44858263,2025-12-14,2025-12-20,6,L027,FAC03,DST03,1859,LTL,CARD,2584,CC-103
SHP09534,97991574,2025-12-15,2025-12-18,3,L019,FAC02,DST11,811,LTL,CARC,1423,CC-102
SHP09535,97714417,2025-12-15,2025-12-19,4,L034,FAC03,DST15,1485,LTL,CARB,1242,CC-103
SHP09536,30014059,2025-12-15,2025-12-16,1,L051,FAC04,DST19,195,LTL,CARD,1386,CC-104
SHP09537,26834427,2025-12-15,2025-12-18,3,L004,FAC01,DST07,477,LTL,CARC,1428,CC-101
SHP09538,65089119,2025-12-15,2025-12-18,3,L003,FAC01,DST06,1183,TL,CARG,31128,CC-101
SHP09539,16124899,2025-12-15,2025-12-20,5,L020,FAC02,DST12,1452,LTL,CARB,3933,CC-102
SHP09540,69962781,2025-12-15,2025-12-18,3,L030,FAC03,DST08,1199,LTL,CARD,480,CC-103
SHP09541,82461687,2025-12-15,2025-12-17,2,L045,FAC04,DST11,743,LTL,CARC,3107,CC-104
SHP09542,23210728,2025-12-15,2025-12-18,3,L019,FAC02,DST11,811,LTL,CARC,1694,CC-102
SHP09543,49957967,2025-12-15,2025-12-22,7,L048,FAC04,DST16,2410,LTL,CARB,1762,CC-104
SHP09544,97637077,2025-12-15,2025-12-18,3,L044,FAC04,DST10,475,LTL,CARE,898,CC-104
SHP09545,73305615,2025-12-15,2025-12-20,5,L027,FAC03,DST03,1859,LTL,CARD,1976,CC-103
SHP09546,54198984,2025-12-15,2025-12-17,2,L032,FAC03,DST11,545,TL,CARH,17989,CC-103
SHP09547,78804968,2025-12-15,2025-12-20,5,L009,FAC01,DST16,2079,LTL,CARE,206,CC-101
SHP09548,37058399,2025-12-15,2025-12-20,5,L035,FAC03,DST16,2015,LTL,CARA,1783,CC-103
SHP09549,16193964,2025-12-15,2025-12-17,2,L058,FAC05,DST13,581,LTL,CARA,1059,CC-105
SHP09550,60306865,2025-12-15,2025-12-16,1,L057,FAC05,DST10,289,LTL,CARC,3701,CC-105
SHP09551,59260648,2025-12-15,2025-12-17,2,L015,FAC02,DST07,257,TL,CARH,31653,CC-102
SHP09552,82695588,2025-12-15,2025-12-17,2,L042,FAC04,DST08,197,TL,CARF,22410,CC-104
SHP09553,05597263,2025-12-15,2025-12-16,1,L057,FAC05,DST10,289,LTL,CARE,784,CC-105
SHP09554,19276422,2025-12-15,2025-12-21,6,L049,FAC04,DST17,1818,LTL,CARA,237,CC-104
SHP09555,41531712,2025-12-15,2025-12-21,6,L048,FAC04,DST16,2410,LTL,CARC,303,CC-104
SHP09556,41046642,2025-12-15,2025-12-18,3,L055,FAC05,DST06,820,TL,CARF,21362,CC-105
SHP09557,18607196,2025-12-16,2025-12-19,3,L029,FAC03,DST05,1333,TL,CARG,32304,CC-103
SHP09558,80438210,2025-12-16,2025-12-18,2,L056,FAC05,DST07,236,TL,CARG,17597,CC-105
SHP09559,11126902,2025-12-16,2025-12-20,4,L007,FAC01,DST12,1102,LTL,CARB,984,CC-101
SHP09560,04793402,2025-12-16,2025-12-22,6,L049,FAC04,DST17,1818,LTL,CARA,1349,CC-104
SHP09561,00046873,2025-12-16,2025-12-21,5,L034,FAC03,DST15,1485,LTL,CARB,1709,CC-103
SHP09562,17103820,2025-12-16,2025-12-17,1,L052,FAC04,DST20,227,LTL,CARE,1359,CC-104
SHP09563,71561096,2025-12-16,2025-12-18,2,L019,FAC02,DST11,811,LTL,CARC,1013,CC-102
SHP09564,12723961,2025-12-16,2025-12-19,3,L018,FAC02,DST10,561,TL,CARH,35447,CC-102
SHP09565,50468781,2025-12-16,2025-12-18,2,L013,FAC02,DST02,798,LTL,CARA,1338,CC-102
SHP09566,62062277,2025-12-16,2025-12-18,2,L001,FAC01,DST04,705,LTL,CARA,1303,CC-101
SHP09567,70193931,2025-12-16,2025-12-22,6,L022,FAC02,DST14,1906,LTL,CARE,654,CC-102
SHP09568,53140293,2025-12-16,2025-12-18,2,L051,FAC04,DST19,195,LTL,CARD,2113,CC-104
SHP09569,67378955,2025-12-16,2025-12-20,4,L017,FAC02,DST09,1090,LTL,CARC,2990,CC-102
SHP09570,19164063,2025-12-16,2025-12-20,4,L026,FAC03,DST02,1557,TL,CARH,16028,CC-103
SHP09571,01147409,2025-12-16,2025-12-20,4,L003,FAC01,DST06,1183,LTL,CARC,2006,CC-101
SHP09572,27030622,2025-12-16,2025-12-20,4,L014,FAC02,DST03,1123,LTL,CARD,1831,CC-102
SHP09573,07789578,2025-12-16,2025-12-18,2,L032,FAC03,DST11,545,LTL,CARC,1166,CC-103
SHP09574,90624749,2025-12-16,2025-12-18,2,L055,FAC05,DST06,820,LTL,CARD,850,CC-105
SHP09575,75472755,2025-12-16,2025-12-21,5,L049,FAC04,DST17,1818,LTL,CARC,1960,CC-104
SHP09576,72040077,2025-12-16,2025-12-18,2,L006,FAC01,DST10,315,LTL,CARB,538,CC-101
SHP09577,52528455,2025-12-16,2025-12-19,3,L029,FAC03,DST05,1333,TL,CARG,35222,CC-103
SHP09578,77722945,2025-12-16,2025-12-18,2,L012,FAC01,DST20,323,LTL,CARC,1322,CC-101
SHP09579,34306792,2025-12-16,2025-12-19,3,L014,FAC02,DST03,1123,LTL,CARD,667,CC-102
SHP09580,73747316,2025-12-16,2025-12-19,3,L020,FAC02,DST12,1452,TL,CARG,25079,CC-102
SHP09581,87235962,2025-12-16,2025-12-21,5,L059,FAC05,DST16,2236,LTL,CARB,3856,CC-105
SHP09582,51203617,2025-12-16,2025-12-18,2,L004,FAC01,DST07,477,LTL,CARA,350,CC-101
SHP09583,26368037,2025-12-17,2025-12-21,4,L033,FAC03,DST14,1061,LTL,CARD,213,CC-103
SHP09584,90946665,2025-12-17,2025-12-19,2,L019,FAC02,DST11,811,LTL,CARD,1724,CC-102
SHP09585,91874773,2025-12-17,2025-12-19,2,L005,FAC01,DST08,284,TL,CARG,17560,CC-101
SHP09586,04247480,2025-12-17,2025-12-20,3,L040,FAC04,DST05,1193,LTL,CARB,1856,CC-104
SHP09587,65564937,2025-12-17,2025-12-20,3,L021,FAC02,DST13,841,LTL,CARB,1823,CC-102
SHP09588,15518715,2025-12-17,2025-12-22,5,L049,FAC04,DST17,1818,LTL,CARC,1483,CC-104
SHP09589,04413909,2025-12-17,2025-12-24,7,L047,FAC04,DST15,2368,LTL,CARD,1300,CC-104
SHP09590,90039718,2025-12-17,2025-12-21,4,L033,FAC03,DST14,1061,LTL,CARB,387,CC-103
SHP09591,97907316,2025-12-17,2025-12-19,2,L056,FAC05,DST07,236,TL,CARG,23158,CC-105
SHP09592,72802397,2025-12-17,2025-12-22,5,L022,FAC02,DST14,1906,LTL,CARE,1554,CC-102
SHP09593,34796846,2025-12-17,2025-12-19,2,L032,FAC03,DST11,545,LTL,CARC,1364,CC-103
SHP09594,69408543,2025-12-17,2025-12-20,3,L016,FAC02,DST08,717,LTL,CARE,1418,CC-102
SHP09595,48186262,2025-12-17,2025-12-20,3,L054,FAC05,DST04,624,TL,CARG,24850,CC-105
SHP09596,84320775,2025-12-17,2025-12-23,6,L035,FAC03,DST16,2015,LTL,CARD,1938,CC-103
SHP09597,14749939,2025-12-17,2025-12-20,3,L003,FAC01,DST06,1183,LTL,CARC,749,CC-101
SHP09598,21982374,2025-12-17,2025-12-24,7,L047,FAC04,DST15,2368,LTL,CARD,834,CC-104
SHP09599,12495055,2025-12-17,2025-12-21,4,L029,FAC03,DST05,1333,TL,CARG,25338,CC-103
SHP09600,21817045,2025-12-17,2025-12-20,3,L045,FAC04,DST11,743,LTL,CARC,622,CC-104
SHP09601,21147516,2025-12-17,2025-12-19,2,L031,FAC03,DST10,657,TL,CARF,16665,CC-103
SHP09602,67836701,2025-12-18,2025-12-24,6,L048,FAC04,DST16,2410,LTL,CARB,1168,CC-104
SHP09603,41646192,2025-12-18,2025-12-21,3,L040,FAC04,DST05,1193,LTL,CARB,903,CC-104
SHP09604,14127478,2025-12-18,2025-12-24,6,L059,FAC05,DST16,2236,LTL,CARA,718,CC-105
SHP09605,05208115,2025-12-18,2025-12-21,3,L030,FAC03,DST08,1199,LTL,CARC,844,CC-103
SHP09606,06973964,2025-12-18,2025-12-21,3,L032,FAC03,DST11,545,LTL,CARC,1278,CC-103
SHP09607,22133870,2025-12-18,2025-12-22,4,L008,FAC01,DST14,1742,LTL,CARA,347,CC-101
SHP09608,68775432,2025-12-18,2025-12-23,5,L010,FAC01,DST17,1508,LTL,CARC,665,CC-101
SHP09609,15968142,2025-12-18,2025-12-20,2,L050,FAC04,DST18,202,TL,CARH,30383,CC-104
SHP09610,99155582,2025-12-18,2025-12-19,1,L042,FAC04,DST08,197,LTL,CARC,1023,CC-104
SHP09611,44429164,2025-12-18,2025-12-21,3,L019,FAC02,DST11,811,TL,CARH,24242,CC-102
SHP09612,32183041,2025-12-18,2025-12-22,4,L014,FAC02,DST03,1123,LTL,CARD,4950,CC-102
SHP09613,41163335,2025-12-18,2025-12-22,4,L017,FAC02,DST09,1090,LTL,CARE,884,CC-102
SHP09614,44407177,2025-12-18,2025-12-20,2,L044,FAC04,DST10,475,LTL,CARE,725,CC-104
SHP09615,23779073,2025-12-18,2025-12-20,2,L025,FAC02,DST20,384,LTL,CARB,1871,CC-102
SHP09616,13803876,2025-12-18,2025-12-23,5,L049,FAC04,DST17,1818,LTL,CARC,155,CC-104
SHP09617,17598626,2025-12-18,2025-12-20,2,L045,FAC04,DST11,743,LTL,CARE,1105,CC-104
SHP09618,78239994,2025-12-18,2025-12-20,2,L050,FAC04,DST18,202,LTL,CARD,1876,CC-104
SHP09619,02789524,2025-12-18,2025-12-21,3,L054,FAC05,DST04,624,LTL,CARE,871,CC-105
SHP09620,14118714,2025-12-18,2025-12-20,2,L015,FAC02,DST07,257,TL,CARH,25118,CC-102
SHP09621,66948369,2025-12-18,2025-12-20,2,L041,FAC04,DST07,400,LTL,CARB,2213,CC-104
SHP09622,10756376,2025-12-18,2025-12-21,3,L013,FAC02,DST02,798,LTL,CARB,2576,CC-102
SHP09623,18202907,2025-12-18,2025-12-20,2,L054,FAC05,DST04,624,LTL,CARB,336,CC-105
SHP09624,17042216,2025-12-18,2025-12-19,1,L012,FAC01,DST20,323,LTL,CARC,1176,CC-101
SHP09625,32787256,2025-12-18,2025-12-21,3,L036,FAC03,DST19,1283,TL,CARF,16933,CC-103
SHP09626,99138486,2025-12-19,2025-12-21,2,L045,FAC04,DST11,743,TL,CARF,33582,CC-104
SHP09627,03580024,2025-12-19,2025-12-21,2,L032,FAC03,DST11,545,LTL,CARC,2156,CC-103
SHP09628,14975821,2025-12-19,2025-12-22,3,L014,FAC02,DST03,1123,LTL,CARD,7500,CC-102
SHP09629,20058841,2025-12-19,2025-12-22,3,L058,FAC05,DST13,581,TL,CARG,34060,CC-105
SHP09630,86241594,2025-12-19,2025-12-22,3,L018,FAC02,DST10,561,LTL,CARB,2731,CC-102
SHP09631,14901517,2025-12-19,2025-12-20,1,L057,FAC05,DST10,289,LTL,CARE,1476,CC-105
SHP09632,77517895,2025-12-19,2025-12-22,3,L014,FAC02,DST03,1123,TL,CARH,40591,CC-102
SHP09633,95642686,2025-12-19,2025-12-21,2,L025,FAC02,DST20,384,LTL,CARA,1141,CC-102
SHP09634,57845514,2025-12-19,2025-12-26,7,L048,FAC04,DST16,2410,LTL,CARB,345,CC-104
SHP09635,24207053,2025-12-19,2025-12-22,3,L001,FAC01,DST04,705,LTL,CARA,4728,CC-101
SHP09636,89730444,2025-12-19,2025-12-21,2,L032,FAC03,DST11,545,LTL,CARC,718,CC-103
SHP09637,70156910,2025-12-19,2025-12-20,1,L052,FAC04,DST20,227,LTL,CARE,208,CC-104
SHP09638,44181878,2025-12-19,2025-12-21,2,L057,FAC05,DST10,289,LTL,CARC,945,CC-105
SHP09639,21975385,2025-12-19,2025-12-22,3,L032,FAC03,DST11,545,LTL,CARC,792,CC-103
SHP09640,10824088,2025-12-19,2025-12-20,1,L041,FAC04,DST07,400,LTL,CARA,731,CC-104
SHP09641,73820195,2025-12-19,2025-12-20,1,L011,FAC01,DST18,198,TL,CARG,35340,CC-101
SHP09642,47947053,2025-12-19,2025-12-22,3,L054,FAC05,DST04,624,LTL,CARB,3542,CC-105
SHP09643,38579828,2025-12-19,2025-12-22,3,L058,FAC05,DST13,581,LTL,CARD,902,CC-105
SHP09644,29059947,2025-12-19,2025-12-21,2,L051,FAC04,DST19,195,LTL,CARB,2041,CC-104
SHP09645,96897392,2025-12-19,2025-12-20,1,L012,FAC01,DST20,323,LTL,CARB,853,CC-101
SHP09646,05082323,2025-12-19,2025-12-24,5,L008,FAC01,DST14,1742,LTL,CARA,2531,CC-101
SHP09647,22093808,2025-12-19,2025-12-22,3,L040,FAC04,DST05,1193,LTL,CARC,974,CC-104
SHP09648,03777298,2025-12-19,2025-12-23,4,L026,FAC03,DST02,1557,LTL,CARA,1475,CC-103
SHP09649,91662531,2025-12-19,2025-12-21,2,L015,FAC02,DST07,257,LTL,CARD,5681,CC-102
SHP09650,99197273,2025-12-19,2025-12-24,5,L046,FAC04,DST14,1996,LTL,CARA,1028,CC-104
SHP09651,04772720,2025-12-19,2025-12-22,3,L058,FAC05,DST13,581,LTL,CARA,2564,CC-105
SHP09652,83180360,2025-12-19,2025-12-22,3,L030,FAC03,DST08,1199,LTL,CARD,1101,CC-103
SHP09653,14205902,2025-12-19,2025-12-21,2,L039,FAC04,DST03,771,LTL,CARA,734,CC-104
SHP09654,25702254,2025-12-19,2025-12-22,3,L004,FAC01,DST07,477,LTL,CARC,1170,CC-101
SHP09655,58474843,2025-12-19,2025-12-20,1,L015,FAC02,DST07,257,LTL,CARB,873,CC-102
SHP09656,75005774,2025-12-19,2025-12-24,5,L034,FAC03,DST15,1485,LTL,CARB,630,CC-103
SHP09657,64411464,2025-12-19,2025-12-21,2,L041,FAC04,DST07,400,LTL,CARB,769,CC-104
SHP09658,08933011,2025-12-19,2025-12-22,3,L037,FAC03,DST20,871,LTL,CARD,378,CC-103
SHP09659,85046772,2025-12-19,2025-12-21,2,L001,FAC01,DST04,705,LTL,CARC,850,CC-101
SHP09660,92287252,2025-12-19,2025-12-22,3,L055,FAC05,DST06,820,LTL,CARD,351,CC-105
SHP09661,81303135,2025-12-20,2025-12-22,2,L024,FAC02,DST19,626,TL,CARH,36717,CC-102
SHP09662,56032068,2025-12-20,2025-12-21,1,L042,FAC04,DST08,197,LTL,CARB,2948,CC-104
SHP09663,58824339,2025-12-20,2025-12-26,6,L059,FAC05,DST16,2236,LTL,CARB,1232,CC-105
SHP09664,48758647,2025-12-20,2025-12-25,5,L049,FAC04,DST17,1818,LTL,CARA,914,CC-104
SHP09665,87493083,2025-12-20,2025-12-22,2,L005,FAC01,DST08,284,LTL,CARD,1648,CC-101
SHP09666,83762238,2025-12-20,2025-12-23,3,L018,FAC02,DST10,561,LTL,CARB,477,CC-102
SHP09667,30471841,2025-12-20,2025-12-22,2,L001,FAC01,DST04,705,LTL,CARC,447,CC-101
SHP09668,13220355,2025-12-20,2025-12-22,2,L025,FAC02,DST20,384,LTL,CARA,710,CC-102
SHP09669,58427936,2025-12-20,2025-12-25,5,L020,FAC02,DST12,1452,LTL,CARA,4668,CC-102
SHP09670,60748402,2025-12-20,2025-12-24,4,L007,FAC01,DST12,1102,LTL,CARB,195,CC-101
SHP09671,10185739,2025-12-20,2025-12-21,1,L015,FAC02,DST07,257,LTL,CARB,645,CC-102
SHP09672,68801410,2025-12-20,2025-12-23,3,L043,FAC04,DST09,753,LTL,CARE,1160,CC-104
SHP09673,29154972,2025-12-20,2025-12-21,1,L004,FAC01,DST07,477,TL,CARH,36702,CC-101
SHP09674,66352578,2025-12-20,2025-12-21,1,L052,FAC04,DST20,227,LTL,CARD,7500,CC-104
SHP09675,96054888,2025-12-20,2025-12-24,4,L035,FAC03,DST16,2015,TL,CARF,35881,CC-103
SHP09676,62974687,2025-12-20,2025-12-22,2,L037,FAC03,DST20,871,LTL,CARE,983,CC-103
SHP09677,11097364,2025-12-20,2025-12-22,2,L060,FAC05,DST19,791,TL,CARF,21855,CC-105
SHP09678,53379003,2025-12-20,2025-12-22,2,L032,FAC03,DST11,545,LTL,CARC,1344,CC-103
SHP09679,29693038,2025-12-20,2025-12-27,7,L047,FAC04,DST15,2368,LTL,CARD,2216,CC-104
SHP09680,90372731,2025-12-20,2025-12-22,2,L052,FAC04,DST20,227,LTL,CARD,396,CC-104
SHP09681,83123679,2025-12-20,2025-12-25,5,L046,FAC04,DST14,1996,LTL,CARA,3346,CC-104
SHP09682,12529307,2025-12-20,2025-12-21,1,L050,FAC04,DST18,202,LTL,CARD,773,CC-104
SHP09683,29245566,2025-12-20,2025-12-24,4,L036,FAC03,DST19,1283,LTL,CARD,750,CC-103
SHP09684,90446162,2025-12-20,2025-12-23,3,L039,FAC04,DST03,771,LTL,CARE,907,CC-104
SHP09685,88315302,2025-12-20,2025-12-24,4,L034,FAC03,DST15,1485,TL,CARG,25531,CC-103
SHP09686,99098542,2025-12-20,2025-12-22,2,L056,FAC05,DST07,236,LTL,CARD,230,CC-105
SHP09687,19321500,2025-12-20,2025-12-23,3,L043,FAC04,DST09,753,LTL,CARE,414,CC-104
SHP09688,80824866,2025-12-20,2025-12-22,2,L015,FAC02,DST07,257,LTL,CARB,1073,CC-102
SHP09689,26332083,2025-12-20,2025-12-24,4,L017,FAC02,DST09,1090,LTL,CARC,864,CC-102
SHP09690,84698661,2025-12-20,2025-12-21,1,L015,FAC02,DST07,257,LTL,CARB,1012,CC-102
SHP09691,13527507,2025-12-20,2025-12-23,3,L043,FAC04,DST09,753,LTL,CARC,1030,CC-104
SHP09692,00706144,2025-12-20,2025-12-23,3,L037,FAC03,DST20,871,LTL,CARD,7500,CC-103
SHP09693,62907484,2025-12-21,2025-12-25,4,L026,FAC03,DST02,1557,LTL,CARA,1186,CC-103
SHP09694,99060060,2025-12-21,2025-12-25,4,L030,FAC03,DST08,1199,TL,CARF,32135,CC-103
SHP09695,34370996,2025-12-21,2025-12-24,3,L029,FAC03,DST05,1333,TL,CARG,20300,CC-103
SHP09696,49580669,2025-12-21,2025-12-25,4,L010,FAC01,DST17,1508,LTL,CARA,894,CC-101
SHP09697,79725242,2025-12-21,2025-12-25,4,L007,FAC01,DST12,1102,TL,CARF,19900,CC-101
SHP09698,07852675,2025-12-21,2025-12-26,5,L053,FAC05,DST03,1362,LTL,CARE,905,CC-105
SHP09699,13556759,2025-12-21,2025-12-25,4,L003,FAC01,DST06,1183,LTL,CARC,747,CC-101
SHP09700,46222751,2025-12-21,2025-12-24,3,L029,FAC03,DST05,1333,LTL,CARA,508,CC-103
SHP09701,47699754,2025-12-21,2025-12-23,2,L024,FAC02,DST19,626,LTL,CARC,4628,CC-102
SHP09702,69253772,2025-12-21,2025-12-27,6,L048,FAC04,DST16,2410,LTL,CARC,1059,CC-104
SHP09703,44116034,2025-12-21,2025-12-24,3,L007,FAC01,DST12,1102,LTL,CARE,3413,CC-101
SHP09704,19426065,2025-12-21,2025-12-22,1,L051,FAC04,DST19,195,LTL,CARB,7204,CC-104
SHP09705,97824096,2025-12-21,2025-12-23,2,L015,FAC02,DST07,257,LTL,CARB,1456,CC-102
SHP09706,03403587,2025-12-21,2025-12-23,2,L021,FAC02,DST13,841,TL,CARG,30827,CC-102
SHP09707,73937379,2025-12-21,2025-12-22,1,L056,FAC05,DST07,236,TL,CARG,27709,CC-105
SHP09708,97798961,2025-12-21,2025-12-27,6,L022,FAC02,DST14,1906,LTL,CARE,941,CC-102
SHP09709,69462428,2025-12-21,2025-12-25,4,L034,FAC03,DST15,1485,TL,CARG,30093,CC-103
SHP09710,84613604,2025-12-21,2025-12-23,2,L045,FAC04,DST11,743,LTL,CARC,1877,CC-104
SHP09711,05735000,2025-12-21,2025-12-25,4,L008,FAC01,DST14,1742,LTL,CARE,290,CC-101
SHP09712,97870517,2025-12-21,2025-12-22,1,L044,FAC04,DST10,475,TL,CARG,33506,CC-104
SHP09713,09317393,2025-12-21,2025-12-24,3,L007,FAC01,DST12,1102,LTL,CARE,2793,CC-101
SHP09714,87254051,2025-12-21,2025-12-24,3,L030,FAC03,DST08,1199,LTL,CARC,1075,CC-103
SHP09715,55324888,2025-12-21,2025-12-26,5,L026,FAC03,DST02,1557,LTL,CARA,1350,CC-103
SHP09716,20384669,2025-12-21,2025-12-25,4,L017,FAC02,DST09,1090,LTL,CARC,353,CC-102
SHP09717,52285482,2025-12-21,2025-12-22,1,L056,FAC05,DST07,236,LTL,CARD,147,CC-105
SHP09718,02104700,2025-12-21,2025-12-22,1,L011,FAC01,DST18,198,LTL,CARE,7500,CC-101
SHP09719,02358010,2025-12-21,2025-12-23,2,L042,FAC04,DST08,197,LTL,CARC,178,CC-104
SHP09720,32451824,2025-12-21,2025-12-23,2,L023,FAC02,DST18,513,LTL,CARB,2036,CC-102
SHP09721,36420025,2025-12-21,2025-12-23,2,L054,FAC05,DST04,624,LTL,CARB,1530,CC-105
SHP09722,96089006,2025-12-21,2025-12-25,4,L028,FAC03,DST04,1114,LTL,CARE,489,CC-103
SHP09723,65257380,2025-12-22,2025-12-26,4,L003,FAC01,DST06,1183,TL,CARG,37954,CC-101
SHP09724,39841669,2025-12-22,2025-12-25,3,L018,FAC02,DST10,561,LTL,CARE,150,CC-102
SHP09725,02803844,2025-12-22,2025-12-26,4,L002,FAC01,DST05,1430,LTL,CARB,2361,CC-101
SHP09726,27293767,2025-12-22,2025-12-24,2,L050,FAC04,DST18,202,LTL,CARD,997,CC-104
SHP09727,36717348,2025-12-22,2025-12-26,4,L008,FAC01,DST14,1742,LTL,CARE,2383,CC-101
SHP09728,02957044,2025-12-22,2025-12-24,2,L054,FAC05,DST04,624,LTL,CARB,596,CC-105
SHP09729,91920658,2025-12-22,2025-12-24,2,L031,FAC03,DST10,657,LTL,CARA,484,CC-103
SHP09730,69390849,2025-12-22,2025-12-24,2,L038,FAC04,DST01,571,LTL,CARB,1372,CC-104
SHP09731,77737709,2025-12-22,2025-12-23,1,L015,FAC02,DST07,257,LTL,CARD,1007,CC-102
SHP09732,51349617,2025-12-22,2025-12-25,3,L037,FAC03,DST20,871,LTL,CARD,2521,CC-103
SHP09733,72513845,2025-12-22,2025-12-26,4,L029,FAC03,DST05,1333,LTL,CARA,719,CC-103
SHP09734,38165616,2025-12-22,2025-12-24,2,L060,FAC05,DST19,791,LTL,CARA,617,CC-105
SHP09735,32927941,2025-12-22,2025-12-25,3,L029,FAC03,DST05,1333,TL,CARG,40515,CC-103
SHP09736,87292033,2025-12-22,2025-12-29,7,L047,FAC04,DST15,2368,LTL,CARD,599,CC-104
SHP09737,61372658,2025-12-22,2025-12-24,2,L037,FAC03,DST20,871,TL,CARG,38861,CC-103
SHP09738,90342996,2025-12-22,2025-12-24,2,L055,FAC05,DST06,820,LTL,CARD,3318,CC-105
SHP09739,33913866,2025-12-22,2025-12-24,2,L056,FAC05,DST07,236,TL,CARG,33650,CC-105
SHP09740,95690236,2025-12-22,2025-12-27,5,L010,FAC01,DST17,1508,LTL,CARA,873,CC-101
SHP09741,27865350,2025-12-22,2025-12-27,5,L020,FAC02,DST12,1452,LTL,CARB,1495,CC-102
SHP09742,23889527,2025-12-22,2025-12-28,6,L059,FAC05,DST16,2236,LTL,CARA,1965,CC-105
SHP09743,99729018,2025-12-22,2025-12-24,2,L024,FAC02,DST19,626,LTL,CARC,537,CC-102
SHP09744,53420171,2025-12-23,2025-12-24,1,L006,FAC01,DST10,315,LTL,CARE,1192,CC-101
SHP09745,73643637,2025-12-23,2025-12-25,2,L043,FAC04,DST09,753,LTL,CARE,2072,CC-104
SHP09746,85884878,2025-12-23,2025-12-26,3,L054,FAC05,DST04,624,LTL,CARB,438,CC-105
SHP09747,58499953,2025-12-23,2025-12-26,3,L058,FAC05,DST13,581,LTL,CARD,1630,CC-105
SHP09748,99193842,2025-12-23,2025-12-25,2,L031,FAC03,DST10,657,LTL,CARA,775,CC-103
SHP09749,12775533,2025-12-23,2025-12-25,2,L060,FAC05,DST19,791,LTL,CARA,814,CC-105
SHP09750,73861027,2025-12-23,2025-12-28,5,L047,FAC04,DST15,2368,TL,CARF,26037,CC-104
SHP09751,68976168,2025-12-23,2025-12-25,2,L038,FAC04,DST01,571,LTL,CARB,1696,CC-104
SHP09752,95980525,2025-12-23,2025-12-26,3,L007,FAC01,DST12,1102,LTL,CARB,683,CC-101
SHP09753,27148387,2025-12-23,2025-12-26,3,L029,FAC03,DST05,1333,TL,CARG,33140,CC-103
SHP09754,38925110,2025-12-23,2025-12-26,3,L060,FAC05,DST19,791,LTL,CARD,1473,CC-105
SHP09755,77324944,2025-12-23,2025-12-25,2,L012,FAC01,DST20,323,LTL,CARB,2768,CC-101
SHP09756,88144151,2025-12-23,2025-12-28,5,L049,FAC04,DST17,1818,LTL,CARA,2204,CC-104
SHP09757,75408333,2025-12-23,2025-12-25,2,L037,FAC03,DST20,871,LTL,CARD,1184,CC-103
SHP09758,11589712,2025-12-23,2025-12-24,1,L041,FAC04,DST07,400,TL,CARH,26612,CC-104
SHP09759,96161539,2025-12-23,2025-12-26,3,L033,FAC03,DST14,1061,LTL,CARB,3700,CC-103
SHP09760,61209545,2025-12-23,2025-12-25,2,L023,FAC02,DST18,513,LTL,CARB,569,CC-102
SHP09761,81411038,2025-12-23,2025-12-25,2,L016,FAC02,DST08,717,LTL,CARE,252,CC-102
SHP09762,89709495,2025-12-23,2025-12-28,5,L059,FAC05,DST16,2236,LTL,CARB,1576,CC-105
SHP09763,59933197,2025-12-23,2025-12-25,2,L013,FAC02,DST02,798,LTL,CARB,422,CC-102
SHP09764,47524849,2025-12-23,2025-12-25,2,L019,FAC02,DST11,811,LTL,CARD,737,CC-102
SHP09765,20065121,2025-12-23,2025-12-25,2,L018,FAC02,DST10,561,LTL,CARB,769,CC-102
SHP09766,10940692,2025-12-23,2025-12-26,3,L038,FAC04,DST01,571,LTL,CARD,1287,CC-104
SHP09767,32389803,2025-12-23,2025-12-27,4,L014,FAC02,DST03,1123,LTL,CARA,3170,CC-102
SHP09768,95190953,2025-12-23,2025-12-26,3,L043,FAC04,DST09,753,LTL,CARC,3169,CC-104
SHP09769,16829582,2025-12-24,2025-12-27,3,L044,FAC04,DST10,475,LTL,CARE,1249,CC-104
SHP09770,16949769,2025-12-24,2025-12-27,3,L007,FAC01,DST12,1102,TL,CARF,36833,CC-101
SHP09771,01429006,2025-12-24,2025-12-28,4,L049,FAC04,DST17,1818,TL,CARF,35760,CC-104
SHP09772,79858369,2025-12-24,2025-12-30,6,L049,FAC04,DST17,1818,LTL,CARA,706,CC-104
SHP09773,62111595,2025-12-24,2025-12-28,4,L020,FAC02,DST12,1452,LTL,CARA,829,CC-102
SHP09774,38526559,2025-12-24,2025-12-28,4,L033,FAC03,DST14,1061,LTL,CARB,287,CC-103
SHP09775,51774832,2025-12-24,2025-12-27,3,L054,FAC05,DST04,624,TL,CARG,41140,CC-105
SHP09776,90157366,2025-12-24,2025-12-25,1,L044,FAC04,DST10,475,TL,CARG,24948,CC-104
SHP09777,96714262,2025-12-24,2025-12-25,1,L050,FAC04,DST18,202,TL,CARH,15799,CC-104
SHP09778,11023920,2025-12-24,2025-12-26,2,L015,FAC02,DST07,257,LTL,CARB,1694,CC-102
SHP09779,55845402,2025-12-24,2025-12-27,3,L007,FAC01,DST12,1102,LTL,CARE,2009,CC-101
SHP09780,84066932,2025-12-24,2025-12-27,3,L038,FAC04,DST01,571,LTL,CARD,1477,CC-104
SHP09781,75883112,2025-12-24,2025-12-27,3,L060,FAC05,DST19,791,LTL,CARD,2982,CC-105
SHP09782,22520491,2025-12-24,2025-12-27,3,L038,FAC04,DST01,571,TL,CARF,23979,CC-104
SHP09783,26498807,2025-12-24,2025-12-25,1,L004,FAC01,DST07,477,TL,CARH,39532,CC-101
SHP09784,57092680,2025-12-24,2025-12-28,4,L002,FAC01,DST05,1430,TL,CARF,27122,CC-101
SHP09785,23582435,2025-12-24,2025-12-26,2,L054,FAC05,DST04,624,LTL,CARB,1898,CC-105
SHP09786,03024325,2025-12-24,2025-12-25,1,L042,FAC04,DST08,197,LTL,CARB,491,CC-104
SHP09787,65816811,2025-12-24,2025-12-29,5,L009,FAC01,DST16,2079,TL,CARG,23712,CC-101
SHP09788,52115747,2025-12-24,2025-12-28,4,L026,FAC03,DST02,1557,TL,CARH,19234,CC-103
SHP09789,00064869,2025-12-24,2025-12-27,3,L039,FAC04,DST03,771,LTL,CARE,922,CC-104
SHP09790,00022946,2025-12-24,2025-12-26,2,L004,FAC01,DST07,477,LTL,CARA,4960,CC-101
SHP09791,67761376,2025-12-24,2025-12-26,2,L025,FAC02,DST20,384,LTL,CARA,310,CC-102
SHP09792,73134279,2025-12-24,2025-12-25,1,L011,FAC01,DST18,198,LTL,CARE,2886,CC-101
SHP09793,63129705,2025-12-24,2025-12-27,3,L028,FAC03,DST04,1114,TL,CARG,28409,CC-103
SHP09794,36539051,2025-12-24,2025-12-27,3,L024,FAC02,DST19,626,LTL,CARD,622,CC-102
SHP09795,93532977,2025-12-24,2025-12-26,2,L051,FAC04,DST19,195,LTL,CARD,201,CC-104
SHP09796,01085879,2025-12-24,2025-12-28,4,L002,FAC01,DST05,1430,TL,CARF,18561,CC-101
SHP09797,12666726,2025-12-24,2025-12-28,4,L034,FAC03,DST15,1485,LTL,CARA,1246,CC-103
SHP09798,97183381,2025-12-24,2025-12-26,2,L019,FAC02,DST11,811,LTL,CARD,1084,CC-102
SHP09799,60996318,2025-12-24,2025-12-27,3,L030,FAC03,DST08,1199,LTL,CARD,560,CC-103
SHP09800,19063435,2025-12-24,2025-12-27,3,L060,FAC05,DST19,791,LTL,CARA,502,CC-105
SHP09801,09099264,2025-12-24,2025-12-26,2,L004,FAC01,DST07,477,LTL,CARC,1580,CC-101
SHP09802,67459696,2025-12-24,2025-12-25,1,L057,FAC05,DST10,289,LTL,CARE,572,CC-105
SHP09803,48167272,2025-12-24,2025-12-31,7,L048,FAC04,DST16,2410,LTL,CARB,383,CC-104
SHP09804,43755857,2025-12-24,2025-12-27,3,L033,FAC03,DST14,1061,LTL,CARB,1671,CC-103
SHP09805,32228308,2025-12-24,2025-12-26,2,L011,FAC01,DST18,198,TL,CARG,24399,CC-101
SHP09806,54952766,2025-12-24,2025-12-26,2,L039,FAC04,DST03,771,LTL,CARE,360,CC-104
SHP09807,35119152,2025-12-25,2025-12-26,1,L042,FAC04,DST08,197,LTL,CARC,3340,CC-104
SHP09808,37290371,2025-12-25,2025-12-28,3,L023,FAC02,DST18,513,LTL,CARD,3868,CC-102
SHP09809,39659966,2025-12-25,2025-12-26,1,L041,FAC04,DST07,400,LTL,CARB,1131,CC-104
SHP09810,89824689,2025-12-25,2025-12-27,2,L006,FAC01,DST10,315,LTL,CARE,427,CC-101
SHP09811,41774042,2025-12-25,2025-12-29,4,L027,FAC03,DST03,1859,TL,CARH,34614,CC-103
SHP09812,58502919,2025-12-25,2025-12-28,3,L032,FAC03,DST11,545,LTL,CARD,2665,CC-103
SHP09813,73670946,2025-12-25,2025-12-28,3,L019,FAC02,DST11,811,TL,CARH,26526,CC-102
SHP09814,89169126,2025-12-25,2025-12-28,3,L020,FAC02,DST12,1452,TL,CARG,15210,CC-102
SHP09815,86665921,2025-12-25,2025-12-28,3,L054,FAC05,DST04,624,LTL,CARB,698,CC-105
SHP09816,52195028,2025-12-25,2025-12-30,5,L046,FAC04,DST14,1996,LTL,CARB,3733,CC-104
SHP09817,83461750,2025-12-25,2025-12-26,1,L056,FAC05,DST07,236,LTL,CARD,4182,CC-105
SHP09818,43445500,2025-12-25,2025-12-28,3,L014,FAC02,DST03,1123,LTL,CARD,1132,CC-102
SHP09819,04279250,2025-12-25,2025-12-31,6,L047,FAC04,DST15,2368,LTL,CARC,1813,CC-104
SHP09820,29897333,2025-12-25,2025-12-30,5,L027,FAC03,DST03,1859,LTL,CARD,1743,CC-103
SHP09821,58502420,2025-12-25,2025-12-30,5,L002,FAC01,DST05,1430,LTL,CARB,870,CC-101
SHP09822,98446614,2025-12-25,2025-12-27,2,L019,FAC02,DST11,811,LTL,CARC,2655,CC-102
SHP09823,34958253,2025-12-25,2025-12-30,5,L002,FAC01,DST05,1430,LTL,CARE,1111,CC-101
SHP09824,98378385,2025-12-25,2025-12-29,4,L026,FAC03,DST02,1557,TL,CARH,29350,CC-103
SHP09825,82859235,2025-12-25,2025-12-27,2,L024,FAC02,DST19,626,LTL,CARC,358,CC-102
SHP09826,83075749,2025-12-25,2025-12-26,1,L041,FAC04,DST07,400,LTL,CARB,2364,CC-104
SHP09827,49736577,2025-12-25,2025-12-29,4,L009,FAC01,DST16,2079,TL,CARG,31549,CC-101
SHP09828,05414160,2025-12-26,2025-12-27,1,L011,FAC01,DST18,198,TL,CARG,38880,CC-101
SHP09829,95549828,2025-12-26,2025-12-30,4,L040,FAC04,DST05,1193,LTL,CARC,1619,CC-104
SHP09830,71086527,2025-12-26,2025-12-28,2,L011,FAC01,DST18,198,LTL,CARE,1707,CC-101
SHP09831,60941110,2025-12-26,2025-12-31,5,L009,FAC01,DST16,2079,LTL,CARE,1087,CC-101
SHP09832,98290115,2025-12-26,2026-01-01,6,L046,FAC04,DST14,1996,LTL,CARA,2290,CC-104
SHP09833,12261626,2025-12-26,2025-12-29,3,L040,FAC04,DST05,1193,LTL,CARC,5609,CC-104
SHP09834,12857642,2025-12-26,2025-12-28,2,L011,FAC01,DST18,198,LTL,CARE,3826,CC-101
SHP09835,39651551,2025-12-26,2025-12-30,4,L022,FAC02,DST14,1906,TL,CARH,38264,CC-102
SHP09836,59701563,2025-12-26,2025-12-30,4,L008,FAC01,DST14,1742,LTL,CARA,3083,CC-101
SHP09837,16175045,2025-12-26,2025-12-28,2,L056,FAC05,DST07,236,LTL,CARD,1358,CC-105
SHP09838,63660580,2025-12-26,2025-12-29,3,L058,FAC05,DST13,581,LTL,CARD,1730,CC-105
SHP09839,24150675,2025-12-26,2025-12-29,3,L054,FAC05,DST04,624,LTL,CARE,5816,CC-105
SHP09840,70877738,2025-12-26,2025-12-30,4,L014,FAC02,DST03,1123,LTL,CARA,666,CC-102
SHP09841,29112962,2025-12-26,2025-12-27,1,L056,FAC05,DST07,236,TL,CARG,39868,CC-105
SHP09842,31471073,2025-12-26,2025-12-30,4,L028,FAC03,DST04,1114,LTL,CARC,2861,CC-103
SHP09843,06971146,2025-12-26,2025-12-28,2,L051,FAC04,DST19,195,LTL,CARD,3002,CC-104
SHP09844,85222039,2025-12-26,2025-12-29,3,L037,FAC03,DST20,871,LTL,CARD,395,CC-103
SHP09845,80825084,2025-12-26,2025-12-30,4,L053,FAC05,DST03,1362,LTL,CARE,1468,CC-105
SHP09846,44538427,2025-12-26,2025-12-28,2,L019,FAC02,DST11,811,LTL,CARD,943,CC-102
SHP09847,18512373,2025-12-26,2025-12-29,3,L043,FAC04,DST09,753,LTL,CARC,340,CC-104
SHP09848,31923614,2025-12-26,2025-12-30,4,L030,FAC03,DST08,1199,LTL,CARC,448,CC-103
SHP09849,23540638,2025-12-26,2025-12-29,3,L033,FAC03,DST14,1061,LTL,CARD,1313,CC-103
SHP09850,29913327,2025-12-26,2025-12-28,2,L001,FAC01,DST04,705,LTL,CARA,2070,CC-101
SHP09851,70739333,2025-12-26,2025-12-30,4,L030,FAC03,DST08,1199,TL,CARF,21427,CC-103
SHP09852,86274298,2025-12-26,2025-12-30,4,L036,FAC03,DST19,1283,LTL,CARD,1507,CC-103
SHP09853,20519922,2025-12-26,2025-12-29,3,L017,FAC02,DST09,1090,LTL,CARE,350,CC-102
SHP09854,93887382,2025-12-26,2026-01-02,7,L048,FAC04,DST16,2410,LTL,CARC,955,CC-104
SHP09855,29230692,2025-12-26,2025-12-29,3,L038,FAC04,DST01,571,TL,CARF,23559,CC-104
SHP09856,41738130,2025-12-26,2025-12-30,4,L014,FAC02,DST03,1123,LTL,CARA,487,CC-102
SHP09857,06407218,2025-12-26,2025-12-29,3,L023,FAC02,DST18,513,LTL,CARB,400,CC-102
SHP09858,76503687,2025-12-26,2025-12-28,2,L060,FAC05,DST19,791,LTL,CARD,2671,CC-105
SHP09859,10137585,2025-12-26,2025-12-28,2,L051,FAC04,DST19,195,LTL,CARD,5917,CC-104
SHP09860,37750574,2025-12-26,2025-12-27,1,L052,FAC04,DST20,227,LTL,CARD,965,CC-104
SHP09861,46302866,2025-12-26,2025-12-29,3,L017,FAC02,DST09,1090,LTL,CARE,1339,CC-102
SHP09862,31391280,2025-12-26,2025-12-29,3,L040,FAC04,DST05,1193,LTL,CARC,5377,CC-104
SHP09863,76833358,2025-12-27,2025-12-30,3,L023,FAC02,DST18,513,LTL,CARD,1008,CC-102
SHP09864,75743215,2025-12-27,2025-12-31,4,L008,FAC01,DST14,1742,LTL,CARA,1104,CC-101
SHP09865,88083539,2025-12-27,2025-12-30,3,L014,FAC02,DST03,1123,LTL,CARA,498,CC-102
SHP09866,18817478,2025-12-27,2026-01-03,7,L047,FAC04,DST15,2368,LTL,CARD,414,CC-104
SHP09867,93064957,2025-12-27,2025-12-28,1,L042,FAC04,DST08,197,LTL,CARB,946,CC-104
SHP09868,21617178,2025-12-27,2025-12-31,4,L003,FAC01,DST06,1183,TL,CARG,26215,CC-101
SHP09869,60232485,2025-12-27,2025-12-29,2,L031,FAC03,DST10,657,LTL,CARA,2717,CC-103
SHP09870,34461895,2025-12-27,2025-12-28,1,L006,FAC01,DST10,315,LTL,CARB,596,CC-101
SHP09871,59658413,2025-12-27,2025-12-30,3,L030,FAC03,DST08,1199,LTL,CARD,1210,CC-103
SHP09872,76809355,2025-12-27,2025-12-31,4,L034,FAC03,DST15,1485,LTL,CARA,745,CC-103
SHP09873,09849497,2025-12-27,2025-12-30,3,L018,FAC02,DST10,561,TL,CARH,22511,CC-102
SHP09874,17139188,2025-12-27,2025-12-30,3,L018,FAC02,DST10,561,TL,CARH,38514,CC-102
SHP09875,10123330,2025-12-27,2026-01-01,5,L022,FAC02,DST14,1906,LTL,CARE,736,CC-102
SHP09876,58292978,2025-12-27,2025-12-29,2,L018,FAC02,DST10,561,LTL,CARB,1051,CC-102
SHP09877,56573654,2025-12-27,2025-12-29,2,L051,FAC04,DST19,195,LTL,CARD,2838,CC-104
SHP09878,12110690,2025-12-27,2025-12-30,3,L053,FAC05,DST03,1362,TL,CARG,18372,CC-105
SHP09879,93705551,2025-12-27,2025-12-31,4,L014,FAC02,DST03,1123,TL,CARH,16054,CC-102
SHP09880,29085314,2025-12-27,2026-01-01,5,L002,FAC01,DST05,1430,LTL,CARB,939,CC-101
SHP09881,65680707,2025-12-27,2025-12-31,4,L003,FAC01,DST06,1183,TL,CARG,28590,CC-101
SHP09882,97929006,2025-12-27,2025-12-29,2,L052,FAC04,DST20,227,LTL,CARD,2084,CC-104
SHP09883,73419791,2025-12-27,2025-12-30,3,L055,FAC05,DST06,820,LTL,CARD,3032,CC-105
SHP09884,94327175,2025-12-27,2025-12-28,1,L011,FAC01,DST18,198,LTL,CARE,651,CC-101
SHP09885,87021822,2025-12-28,2025-12-30,2,L052,FAC04,DST20,227,LTL,CARD,1742,CC-104
SHP09886,80750147,2025-12-28,2025-12-29,1,L056,FAC05,DST07,236,TL,CARG,37970,CC-105
SHP09887,75086400,2025-12-28,2026-01-02,5,L034,FAC03,DST15,1485,LTL,CARA,311,CC-103
SHP09888,02601690,2025-12-28,2025-12-31,3,L001,FAC01,DST04,705,LTL,CARC,1437,CC-101
SHP09889,57624529,2025-12-28,2026-01-01,4,L026,FAC03,DST02,1557,LTL,CARA,4116,CC-103
SHP09890,30559449,2025-12-28,2026-01-03,6,L009,FAC01,DST16,2079,LTL,CARB,292,CC-101
SHP09891,24486987,2025-12-28,2025-12-30,2,L045,FAC04,DST11,743,LTL,CARE,3629,CC-104
SHP09892,18749053,2025-12-28,2025-12-30,2,L015,FAC02,DST07,257,LTL,CARD,967,CC-102
SHP09893,14023128,2025-12-28,2025-12-30,2,L001,FAC01,DST04,705,LTL,CARA,737,CC-101
SHP09894,65624471,2025-12-28,2026-01-02,5,L046,FAC04,DST14,1996,LTL,CARA,899,CC-104
SHP09895,20910034,2025-12-28,2025-12-31,3,L037,FAC03,DST20,871,LTL,CARE,1182,CC-103
SHP09896,98280304,2025-12-28,2026-01-03,6,L046,FAC04,DST14,1996,LTL,CARA,936,CC-104
SHP09897,73140716,2025-12-28,2025-12-30,2,L019,FAC02,DST11,811,LTL,CARC,5783,CC-102
SHP09898,15299624,2025-12-28,2026-01-01,4,L002,FAC01,DST05,1430,LTL,CARE,903,CC-101
SHP09899,17186318,2025-12-28,2025-12-29,1,L015,FAC02,DST07,257,LTL,CARD,823,CC-102
SHP09900,31264168,2025-12-28,2026-01-01,4,L014,FAC02,DST03,1123,LTL,CARD,1268,CC-102
SHP09901,89983449,2025-12-28,2025-12-30,2,L052,FAC04,DST20,227,LTL,CARE,5021,CC-104
SHP09902,97211598,2025-12-28,2026-01-03,6,L027,FAC03,DST03,1859,LTL,CARD,1897,CC-103
SHP09903,17317268,2025-12-28,2025-12-30,2,L041,FAC04,DST07,400,LTL,CARA,559,CC-104
SHP09904,39322564,2025-12-28,2025-12-30,2,L005,FAC01,DST08,284,LTL,CARD,3191,CC-101
SHP09905,10337792,2025-12-28,2026-01-03,6,L049,FAC04,DST17,1818,LTL,CARC,2012,CC-104
SHP09906,52914779,2025-12-28,2026-01-03,6,L046,FAC04,DST14,1996,LTL,CARB,734,CC-104
SHP09907,41674366,2025-12-28,2025-12-31,3,L018,FAC02,DST10,561,TL,CARH,23379,CC-102
SHP09908,55538994,2025-12-28,2025-12-31,3,L016,FAC02,DST08,717,LTL,CARE,204,CC-102
SHP09909,53253505,2025-12-28,2026-01-01,4,L008,FAC01,DST14,1742,LTL,CARE,530,CC-101
SHP09910,23827013,2025-12-28,2025-12-30,2,L018,FAC02,DST10,561,LTL,CARB,2377,CC-102
SHP09911,12657493,2025-12-28,2026-01-03,6,L047,FAC04,DST15,2368,TL,CARF,21286,CC-104
SHP09912,40719706,2025-12-29,2026-01-01,3,L058,FAC05,DST13,581,LTL,CARA,3989,CC-105
SHP09913,34297652,2025-12-29,2026-01-03,5,L035,FAC03,DST16,2015,LTL,CARA,685,CC-103
SHP09914,36093251,2025-12-29,2025-12-31,2,L037,FAC03,DST20,871,LTL,CARE,1336,CC-103
SHP09915,74456488,2025-12-29,2026-01-01,3,L040,FAC04,DST05,1193,LTL,CARC,911,CC-104
SHP09916,49513801,2025-12-29,2026-01-04,6,L027,FAC03,DST03,1859,LTL,CARA,2001,CC-103
SHP09917,13121565,2025-12-29,2026-01-02,4,L008,FAC01,DST14,1742,LTL,CARE,1417,CC-101
SHP09918,07790621,2025-12-29,2026-01-04,6,L047,FAC04,DST15,2368,LTL,CARC,521,CC-104
SHP09919,44526580,2025-12-29,2026-01-02,4,L009,FAC01,DST16,2079,TL,CARG,39709,CC-101
SHP09920,61313611,2025-12-29,2026-01-01,3,L013,FAC02,DST02,798,LTL,CARA,1392,CC-102
SHP09921,05790929,2025-12-29,2026-01-02,4,L034,FAC03,DST15,1485,LTL,CARA,3072,CC-103
SHP09922,65192684,2025-12-29,2026-01-03,5,L046,FAC04,DST14,1996,LTL,CARB,434,CC-104
SHP09923,84045166,2025-12-29,2026-01-05,7,L048,FAC04,DST16,2410,LTL,CARC,467,CC-104
SHP09924,00446470,2025-12-29,2026-01-02,4,L010,FAC01,DST17,1508,LTL,CARA,2671,CC-101
SHP09925,74454097,2025-12-29,2026-01-02,4,L008,FAC01,DST14,1742,LTL,CARA,1419,CC-101
SHP09926,26180532,2025-12-29,2025-12-31,2,L031,FAC03,DST10,657,LTL,CARC,2773,CC-103
SHP09927,75909845,2025-12-29,2025-12-31,2,L043,FAC04,DST09,753,TL,CARH,32656,CC-104
SHP09928,95922256,2025-12-29,2025-12-30,1,L012,FAC01,DST20,323,LTL,CARC,1903,CC-101
SHP09929,37825815,2025-12-29,2025-12-31,2,L016,FAC02,DST08,717,LTL,CARE,664,CC-102
SHP09930,89851477,2025-12-29,2026-01-02,4,L029,FAC03,DST05,1333,TL,CARG,22893,CC-103
SHP09931,69407960,2025-12-29,2025-12-30,1,L041,FAC04,DST07,400,LTL,CARA,4820,CC-104
SHP09932,44731748,2025-12-29,2025-12-31,2,L012,FAC01,DST20,323,LTL,CARC,845,CC-101
SHP09933,69965607,2025-12-29,2026-01-03,5,L059,FAC05,DST16,2236,LTL,CARB,1439,CC-105
SHP09934,09435966,2025-12-29,2025-12-31,2,L037,FAC03,DST20,871,LTL,CARE,5570,CC-103
SHP09935,41875878,2025-12-29,2026-01-02,4,L028,FAC03,DST04,1114,LTL,CARE,4065,CC-103
SHP09936,92699873,2025-12-29,2026-01-01,3,L026,FAC03,DST02,1557,TL,CARH,17591,CC-103
SHP09937,65863014,2025-12-29,2026-01-01,3,L023,FAC02,DST18,513,LTL,CARD,1374,CC-102
SHP09938,51456650,2025-12-29,2026-01-02,4,L020,FAC02,DST12,1452,LTL,CARB,3768,CC-102
SHP09939,60894277,2025-12-29,2026-01-01,3,L017,FAC02,DST09,1090,LTL,CARE,2149,CC-102
SHP09940,49943396,2025-12-29,2026-01-02,4,L030,FAC03,DST08,1199,LTL,CARD,1852,CC-103
SHP09941,00692801,2025-12-29,2025-12-30,1,L051,FAC04,DST19,195,LTL,CARB,607,CC-104
SHP09942,20346623,2025-12-29,2025-12-31,2,L039,FAC04,DST03,771,LTL,CARA,756,CC-104
SHP09943,74854961,2025-12-29,2025-12-30,1,L042,FAC04,DST08,197,LTL,CARC,822,CC-104
SHP09944,46968783,2025-12-29,2026-01-03,5,L020,FAC02,DST12,1452,LTL,CARA,2236,CC-102
SHP09945,27208693,2025-12-30,2026-01-02,3,L023,FAC02,DST18,513,LTL,CARB,269,CC-102
SHP09946,00767459,2025-12-30,2026-01-03,4,L010,FAC01,DST17,1508,TL,CARG,25022,CC-101
SHP09947,50876227,2025-12-30,2025-12-31,1,L052,FAC04,DST20,227,LTL,CARE,630,CC-104
SHP09948,62482704,2025-12-30,2026-01-01,2,L018,FAC02,DST10,561,TL,CARH,20036,CC-102
SHP09949,36496807,2025-12-30,2026-01-02,3,L034,FAC03,DST15,1485,TL,CARG,33376,CC-103
SHP09950,93966125,2025-12-30,2026-01-01,2,L058,FAC05,DST13,581,LTL,CARD,499,CC-105
SHP09951,84735363,2025-12-30,2026-01-01,2,L001,FAC01,DST04,705,LTL,CARA,5696,CC-101
SHP09952,93666022,2025-12-30,2026-01-01,2,L051,FAC04,DST19,195,TL,CARG,38597,CC-104
SHP09953,64794031,2025-12-30,2026-01-01,2,L042,FAC04,DST08,197,LTL,CARB,2507,CC-104
SHP09954,21366746,2025-12-30,2025-12-31,1,L041,FAC04,DST07,400,TL,CARH,28759,CC-104
SHP09955,58657335,2025-12-30,2026-01-01,2,L037,FAC03,DST20,871,LTL,CARE,1192,CC-103
SHP09956,45872868,2025-12-30,2025-12-31,1,L050,FAC04,DST18,202,LTL,CARC,5504,CC-104
SHP09957,16329178,2025-12-30,2026-01-02,3,L013,FAC02,DST02,798,LTL,CARB,3449,CC-102
SHP09958,79319084,2025-12-30,2026-01-01,2,L011,FAC01,DST18,198,LTL,CARD,2039,CC-101
SHP09959,09239125,2025-12-30,2026-01-02,3,L014,FAC02,DST03,1123,LTL,CARD,1041,CC-102
SHP09960,29009286,2025-12-30,2026-01-01,2,L055,FAC05,DST06,820,TL,CARF,36552,CC-105
SHP09961,90791532,2025-12-30,2025-12-31,1,L006,FAC01,DST10,315,LTL,CARE,362,CC-101
SHP09962,14960648,2025-12-30,2026-01-03,4,L007,FAC01,DST12,1102,LTL,CARB,1196,CC-101
SHP09963,12043276,2025-12-30,2026-01-01,2,L056,FAC05,DST07,236,LTL,CARE,1200,CC-105
SHP09964,85996194,2025-12-30,2026-01-03,4,L033,FAC03,DST14,1061,LTL,CARD,739,CC-103
SHP09965,77262483,2025-12-30,2026-01-03,4,L007,FAC01,DST12,1102,LTL,CARB,2692,CC-101
SHP09966,16206560,2025-12-30,2026-01-06,7,L047,FAC04,DST15,2368,LTL,CARC,1059,CC-104
SHP09967,65799688,2025-12-30,2026-01-02,3,L021,FAC02,DST13,841,LTL,CARB,2162,CC-102
SHP09968,94861826,2025-12-31,2026-01-05,5,L046,FAC04,DST14,1996,LTL,CARB,590,CC-104
SHP09969,72374952,2025-12-31,2026-01-01,1,L006,FAC01,DST10,315,TL,CARF,28856,CC-101
SHP09970,25867224,2025-12-31,2026-01-01,1,L011,FAC01,DST18,198,LTL,CARD,1157,CC-101
SHP09971,69927928,2025-12-31,2026-01-02,2,L054,FAC05,DST04,624,LTL,CARE,2962,CC-105
SHP09972,73054470,2025-12-31,2026-01-05,5,L053,FAC05,DST03,1362,LTL,CARA,880,CC-105
SHP09973,16810415,2025-12-31,2026-01-03,3,L024,FAC02,DST19,626,LTL,CARC,397,CC-102
SHP09974,00440059,2025-12-31,2026-01-02,2,L023,FAC02,DST18,513,LTL,CARB,220,CC-102
SHP09975,40526100,2025-12-31,2026-01-03,3,L016,FAC02,DST08,717,LTL,CARE,726,CC-102
SHP09976,48939934,2025-12-31,2026-01-02,2,L018,FAC02,DST10,561,LTL,CARE,1016,CC-102
SHP09977,23296707,2025-12-31,2026-01-05,5,L009,FAC01,DST16,2079,LTL,CARE,369,CC-101
SHP09978,26830772,2025-12-31,2026-01-04,4,L009,FAC01,DST16,2079,TL,CARG,29623,CC-101
SHP09979,29060486,2025-12-31,2026-01-03,3,L036,FAC03,DST19,1283,LTL,CARC,819,CC-103
SHP09980,34548642,2025-12-31,2026-01-02,2,L056,FAC05,DST07,236,LTL,CARD,1977,CC-105
SHP09981,68147989,2025-12-31,2026-01-07,7,L047,FAC04,DST15,2368,LTL,CARD,383,CC-104
SHP09982,69700276,2025-12-31,2026-01-03,3,L003,FAC01,DST06,1183,LTL,CARD,535,CC-101
SHP09983,55537275,2025-12-31,2026-01-04,4,L028,FAC03,DST04,1114,LTL,CARC,825,CC-103
SHP09984,26856541,2025-12-31,2026-01-04,4,L022,FAC02,DST14,1906,TL,CARH,18468,CC-102
SHP09985,79803410,2025-12-31,2026-01-02,2,L013,FAC02,DST02,798,TL,CARF,39600,CC-102
SHP09986,12825372,2025-12-31,2026-01-01,1,L006,FAC01,DST10,315,LTL,CARB,761,CC-101
SHP09987,61886326,2025-12-31,2026-01-06,6,L035,FAC03,DST16,2015,LTL,CARD,583,CC-103
SHP09988,73558841,2025-12-31,2026-01-03,3,L019,FAC02,DST11,811,LTL,CARC,487,CC-102
SHP09989,37340880,2025-12-31,2026-01-06,6,L048,FAC04,DST16,2410,LTL,CARC,226,CC-104
SHP09990,07300226,2025-12-31,2026-01-06,6,L027,FAC03,DST03,1859,LTL,CARD,1682,CC-103
SHP09991,25610569,2025-12-31,2026-01-05,5,L026,FAC03,DST02,1557,LTL,CARD,916,CC-103
SHP09992,97906754,2025-12-31,2026-01-02,2,L045,FAC04,DST11,743,LTL,CARC,728,CC-104
SHP09993,36646965,2025-12-31,2026-01-03,3,L031,FAC03,DST10,657,LTL,CARA,421,CC-103
SHP09994,80257218,2025-12-31,2026-01-05,5,L027,FAC03,DST03,1859,LTL,CARA,1096,CC-103
SHP09995,63820121,2025-12-31,2026-01-02,2,L038,FAC04,DST01,571,LTL,CARB,233,CC-104
SHP09996,41205181,2025-12-31,2026-01-04,4,L002,FAC01,DST05,1430,LTL,CARB,1308,CC-101
SHP09997,08190221,2025-12-31,2026-01-05,5,L035,FAC03,DST16,2015,TL,CARF,20962,CC-103
SHP09998,44561322,2025-12-31,2026-01-05,5,L059,FAC05,DST16,2236,LTL,CARA,5892,CC-105
SHP09999,16300981,2025-12-31,2026-01-04,4,L040,FAC04,DST05,1193,TL,CARF,25488,CC-104
SHP10000,88911772,2025-12-31,2026-01-02,2,L054,FAC05,DST04,624,LTL,CARB,945,CC-105
